region_id,split,current_label,future_label,z0_base,origin_only,destination_only,undirected,degree_rewired,shuffled_od,depth_01,depth_02,depth_04,depth_08,depth_16,depth_32,pooling_mean,pooling_max
0,validation,4.088500023,3.747000000,0.033113766,0.023286367,0.011918833,0.032406021,0.200629666,0.035205171,0.067483559,0.047925550,0.034622461,0.023291629,0.015003323,0.010356077,0.000722457,0.032391310
1,train,21.603000641,18.228000000,0.231431872,0.130493820,0.120612338,0.220752999,0.428987443,0.248027503,0.410736978,0.353947163,0.270354182,0.172901616,0.109152846,0.071498454,0.014351026,0.217080876
2,train,60.644001007,55.670000000,0.325414956,0.173264742,0.173228025,0.325539112,0.414572358,0.342826992,0.611802459,0.492302924,0.338663191,0.238352895,0.163561195,0.107806772,0.009197574,0.316217333
3,train,14.397999763,14.656500000,0.125566840,0.065516949,0.067510180,0.121224642,0.367435545,0.132191673,0.221872464,0.183994621,0.139600843,0.101610690,0.065968521,0.040353876,0.005213684,0.120353147
4,train,0.000000000,0.221500000,0.000000000,0.000000000,0.000000000,0.000000000,0.338655770,0.000000000,0.000000000,0.000000000,0.000000000,0.000000000,0.000000000,0.000000000,0.000000000,0.000000000
5,validation,45.495998383,40.418000000,0.381175041,0.221860349,0.201328322,0.383993536,0.442562968,0.393113375,0.713674724,0.607181013,0.452980876,0.286962003,0.140973344,0.085278183,0.009728080,0.371446967
6,holdout,42.771999359,42.725500000,0.391757190,0.227023304,0.193042353,0.335566014,0.435909718,0.407533944,0.674801826,0.589452267,0.408588171,0.294847369,0.202889502,0.179963812,0.013980954,0.377776265
7,train,4.517499924,5.299000000,0.047523439,0.018267158,0.034276288,0.044119395,0.359092653,0.052543446,0.092542194,0.075755298,0.050181869,0.034468692,0.019692045,0.012500518,0.000859434,0.046664000
8,train,2.963500023,0.810000000,0.014712410,0.008920886,0.008022675,0.014671765,0.358155429,0.016943559,0.031556897,0.025598317,0.014953168,0.008211365,0.005085723,0.002868972,0.000284079,0.014428330
9,train,54.757499695,48.149000000,0.304126084,0.168216124,0.155504793,0.297281295,0.433735609,0.321845144,0.585433066,0.449189693,0.312019944,0.222485453,0.163912967,0.091715440,0.008704392,0.295421720
10,validation,3.373500109,2.945000000,0.040050354,0.009972335,0.032961503,0.036282774,0.368923128,0.042933833,0.083761908,0.061934091,0.043417715,0.030216983,0.014283349,0.006688075,0.000381204,0.039669149
11,train,-4.431499958,-5.720500000,0.099892415,0.053724255,0.055052675,0.100356393,0.375836253,0.108776934,0.187244534,0.142437309,0.101579890,0.074994922,0.055102237,0.037995573,0.003844119,0.096048295
12,train,5.394999981,3.421500000,0.053010087,0.020328486,0.034221694,0.052375298,0.347730964,0.054549675,0.103092663,0.077580258,0.056309599,0.038327117,0.026255691,0.016495189,0.001147547,0.051862542
13,validation,0.075000003,0.505500000,0.003516963,0.002096446,0.001509000,0.003515885,0.366926104,0.003605447,0.006330169,0.004755584,0.003477015,0.002530493,0.002079337,0.001929179,0.000034153,0.003482810
14,train,0.497000009,0.173000000,0.000000114,0.000000000,0.000000114,0.000000094,0.256195754,0.000000114,0.000000000,0.000000000,0.000000000,0.000000000,0.000000009,0.000000675,0.000000002,0.000000112
15,holdout,4.415999889,2.886500000,0.033283375,0.016976228,0.017857630,0.032338005,0.351763129,0.034053605,0.069390781,0.049690843,0.034918055,0.022766529,0.015740857,0.007193190,0.000547031,0.032736342
16,train,1.532999992,0.334000000,0.020687697,0.009835723,0.010920878,0.020438109,0.191878483,0.020756599,0.043499552,0.032937981,0.021936897,0.013239640,0.007697099,0.004815004,0.000364019,0.020323677
17,holdout,0.411000013,0.411000000,0.000411150,0.000003797,0.000409063,0.000411513,0.280237913,0.000412861,0.000674197,0.000674635,0.000514035,0.000310258,0.000174284,0.000119491,0.000002399,0.000408752
18,train,0.902499974,0.583500000,0.007729429,0.004337292,0.005574600,0.007259380,0.282609493,0.009911892,0.015073854,0.012779971,0.009542735,0.006244932,0.001990234,0.000744846,0.000092658,0.007636772
19,train,1.576500058,0.940000000,0.012746022,0.006261925,0.006807433,0.012657315,0.284476757,0.013069358,0.022384800,0.017537545,0.013660239,0.010273183,0.007464662,0.005155698,0.000193782,0.012552238
20,train,1.111999989,0.943500000,0.008284418,0.005163713,0.005677348,0.007380686,0.265597492,0.010841062,0.015073854,0.012779971,0.009549780,0.006494621,0.003777252,0.002031029,0.000119726,0.008164692
21,train,9.421999931,5.618000000,0.058096554,0.033452429,0.031299442,0.057687487,0.217547968,0.064262681,0.122278437,0.093643263,0.057745378,0.038024332,0.023023641,0.013864244,0.001729621,0.056366928
22,train,3.924000025,2.806500000,0.100708067,0.063709967,0.041927066,0.091249585,0.317118227,0.103066683,0.176369116,0.149837822,0.113457367,0.076994732,0.057489842,0.030099500,0.002930731,0.097777337
23,train,23.585500717,21.100500000,0.135828659,0.099711262,0.059744075,0.148330912,0.409658760,0.159327552,0.258207351,0.205365628,0.133747891,0.100021906,0.068499595,0.049129520,0.002533854,0.133294791
24,validation,0.242500007,0.231500000,0.005622364,0.002035535,0.004727071,0.005684949,0.389778197,0.006762606,0.013505751,0.008730421,0.005549174,0.003410918,0.001672494,0.000865425,0.000069349,0.005553016
25,train,11.338000298,12.433500000,0.082437553,0.051085271,0.038189165,0.082295746,0.280921131,0.088434137,0.168704867,0.127993152,0.087547719,0.056399584,0.034774706,0.019205242,0.001821123,0.080616429
26,holdout,1.328500032,0.354500000,0.009327585,0.006247945,0.004825947,0.010326236,0.220917031,0.011073891,0.023488441,0.014113689,0.009021057,0.005476483,0.002474626,0.001391216,0.000108828,0.009218758
27,holdout,14.006999969,13.742000000,0.129060715,0.082582444,0.065913148,0.129123673,0.401116371,0.144055530,0.264204800,0.192785174,0.130345836,0.086705029,0.059303053,0.041020330,0.005214582,0.123846129
28,train,1.653499961,0.603000000,0.022948360,0.010175612,0.013898089,0.022724444,0.192339987,0.024024738,0.043639503,0.034390438,0.024046896,0.016131116,0.011226465,0.008255734,0.000685579,0.022262782
29,train,0.463000000,0.278500000,0.000437163,0.000160684,0.000314357,0.000386899,0.317263663,0.000475041,0.000000000,0.000203212,0.000508461,0.000866177,0.000593065,0.000452061,0.000004030,0.000433133
30,holdout,3.184499979,1.551500000,0.015771687,0.008866329,0.007134318,0.016145369,0.242837518,0.015991589,0.035860002,0.022618812,0.016686641,0.010757641,0.005799172,0.002907850,0.000243086,0.015528601
31,train,0.815500021,0.796500000,0.012177178,0.009081091,0.004714661,0.012195214,0.249533206,0.013795752,0.022879556,0.017591422,0.013097249,0.009404265,0.006327330,0.003763249,0.000161854,0.012015324
32,train,1.157999992,0.263500000,0.011356838,0.005351298,0.010652792,0.009963851,0.238473043,0.016004089,0.021551916,0.021552002,0.012684383,0.006807990,0.003452836,0.002091902,0.000172489,0.011184349
33,holdout,21.334999084,16.560000000,0.206624106,0.112514518,0.115700580,0.198987961,0.448568732,0.223319426,0.385960728,0.309422612,0.228004217,0.151130930,0.100556299,0.064669825,0.011479692,0.195144430
34,train,1.615000010,1.487500000,0.029156424,0.016697036,0.013767583,0.028651902,0.188534454,0.030130200,0.053406004,0.042177834,0.030758025,0.021882186,0.015611528,0.011102985,0.000830951,0.028325474
35,train,2.415999889,1.479000000,0.033430822,0.015797809,0.018891072,0.033030443,0.339532316,0.034688860,0.062126048,0.049315326,0.036294077,0.025219906,0.016583573,0.011045995,0.000546009,0.032884810
36,validation,6.748499870,4.829500000,0.059342563,0.039184965,0.024637625,0.057519712,0.341976076,0.063820362,0.117652550,0.087381802,0.063530445,0.046430081,0.026577057,0.014483454,0.001215830,0.058126740
37,validation,9.166500092,9.865000000,0.101213410,0.062419772,0.048693638,0.098559901,0.308111221,0.105096377,0.196511239,0.153156221,0.113763668,0.074194670,0.042478368,0.027176214,0.001758855,0.099454544
38,train,33.422000885,36.532000000,0.455690503,0.255296260,0.263816148,0.436553299,0.388524354,0.482788622,0.872630894,0.682619810,0.491167426,0.354931146,0.197241157,0.135552600,0.018379552,0.437310964
39,validation,5.899000168,4.224500000,0.055536069,0.037716080,0.022179259,0.053244907,0.308354110,0.059866179,0.104860090,0.082801312,0.061480865,0.044346388,0.025003925,0.014723818,0.001068487,0.054467585
40,holdout,42.223499298,45.766500000,0.431185603,0.244253188,0.241373226,0.408999652,0.358271986,0.455443263,0.823178411,0.649797797,0.478722811,0.345912129,0.174212515,0.115289673,0.014302495,0.416883111
41,validation,0.030500000,0.200500000,0.000000000,0.000000000,0.000000000,0.000000000,0.231307730,0.000000000,0.000000000,0.000000000,0.000000000,0.000000000,0.000000000,0.000000000,0.000000000,0.000000000
42,holdout,0.299499989,0.212500000,0.007733033,0.004014635,0.003722472,0.007268240,0.328742266,0.007737107,0.014617804,0.011239597,0.008945559,0.006344178,0.003332732,0.001918324,0.000116301,0.007616732
43,train,13.596500397,13.238500000,0.122134924,0.073644638,0.056171741,0.118051916,0.333325326,0.125298798,0.210430965,0.180787459,0.140192777,0.098686971,0.062266260,0.040445078,0.003545099,0.118589811
44,train,0.123499997,0.657000000,0.004289135,0.002429178,0.002307612,0.004905670,0.214456618,0.004736790,0.012397379,0.007490871,0.003987548,0.001136931,0.000464011,0.000258071,0.000030179,0.004258956
45,train,0.235499993,0.226500000,0.002811885,0.001702089,0.001440196,0.002765486,0.287273526,0.003142284,0.005090014,0.003806181,0.003002084,0.002479465,0.001634920,0.000858649,0.000052626,0.002759260
46,train,0.580999970,0.000000000,0.001868093,0.001568588,0.000459675,0.001716434,0.389888793,0.002028263,0.002638290,0.001935698,0.001642608,0.002365349,0.001580850,0.001045761,0.000038501,0.001829592
47,validation,64.051498413,65.786500000,0.373877436,0.216845155,0.188866407,0.320964336,0.326980859,0.387739509,0.604696333,0.533372402,0.421051741,0.331445038,0.224937677,0.127761349,0.019079318,0.354798108
48,holdout,0.453500003,0.233000000,0.006388663,0.003742907,0.003043635,0.006269501,0.244227871,0.006786542,0.013075007,0.008655512,0.006598201,0.004706115,0.003219619,0.002077520,0.000143815,0.006244848
49,train,16.496500015,14.133000000,0.147023365,0.094937652,0.062247191,0.148094386,0.346384615,0.149039999,0.306805879,0.220881775,0.149394199,0.101574987,0.064802736,0.038680661,0.002160438,0.144862935
50,train,0.000000000,0.239000000,0.001580349,0.000562424,0.001284945,0.001553581,0.305661082,0.001847368,0.002993868,0.002273730,0.001685182,0.001194042,0.000830202,0.000505071,0.000032699,0.001547650
51,train,30.138999939,33.637000000,0.411771864,0.239006594,0.200407848,0.393129289,0.373616725,0.424887925,0.779015660,0.596124232,0.461320847,0.313613206,0.193547070,0.127010390,0.016679535,0.395092428
52,train,0.184000000,0.362000000,0.012947126,0.006206006,0.006862919,0.012599485,0.256610602,0.013068925,0.027394343,0.020610822,0.013347378,0.008272687,0.005047566,0.003009956,0.000108861,0.012838264
53,holdout,54.979000092,56.114500000,0.325612783,0.174598068,0.167383984,0.326209515,0.340776592,0.338985115,0.602982879,0.470782340,0.352134109,0.252566069,0.169104442,0.106106669,0.009182790,0.316429973
54,train,0.300999999,0.000000000,0.002613529,0.001986767,0.001578738,0.003066842,0.380396366,0.003565505,0.006191776,0.003732373,0.003329169,0.001473254,0.000587604,0.000366997,0.000057839,0.002555690
55,holdout,13.928500175,13.588500000,0.159449846,0.093248256,0.078339592,0.158838958,0.388282478,0.166508079,0.320650607,0.232298151,0.163251817,0.111458167,0.077354632,0.051685687,0.005084361,0.154365495
56,train,0.380499989,0.000000000,0.000296709,0.000000000,0.000296709,0.000040213,0.326265901,0.000296709,0.000000000,0.000000000,0.000000000,0.001092247,0.000612653,0.000075356,0.000001613,0.000295096
57,train,1.259500027,0.006500000,0.023390237,0.010869401,0.013212853,0.023028810,0.277476996,0.024082253,0.043929659,0.035016708,0.025700647,0.018030016,0.011243928,0.006420469,0.000459729,0.022930512
58,train,0.000000000,0.202500000,0.000023399,0.000023398,0.000000054,0.000037494,0.288345098,0.000023453,0.000000000,0.000000000,0.000000000,0.000078433,0.000048251,0.000013709,0.000000184,0.000023214
59,validation,50.636501312,51.831500000,0.470874161,0.270065188,0.227471322,0.447444767,0.436639369,0.478241056,0.856985569,0.675971985,0.506686807,0.361313969,0.264304161,0.159982398,0.015358967,0.455515206
60,train,5.792500019,5.418000000,0.046050508,0.029252576,0.021011323,0.041834481,0.192272246,0.047397636,0.097701348,0.073059037,0.051622238,0.035590220,0.014128207,0.004202002,0.000446636,0.045603875
61,train,0.000000000,0.235000000,0.000000000,0.000000000,0.000000000,0.000000000,0.302837312,0.000000000,0.000000000,0.000000000,0.000000000,0.000000000,0.000000000,0.000000000,0.000000000,0.000000000
62,holdout,13.038499832,11.133000000,0.083643563,0.047343269,0.042620070,0.084353745,0.214805558,0.082914561,0.183318853,0.128833398,0.084553652,0.052288990,0.032118469,0.020748053,0.001209990,0.082433581
63,holdout,56.572498322,64.892500000,0.480010569,0.284184456,0.233563855,0.472686261,0.420796514,0.481381118,0.957170904,0.715082526,0.489433587,0.335026413,0.232381493,0.150968477,0.014755593,0.465254962
64,train,31.314500809,29.786500000,0.221589714,0.134467483,0.111223400,0.228701651,0.353266507,0.240759328,0.445142746,0.338393658,0.238487720,0.157013655,0.096287847,0.054212578,0.005896516,0.215693191
65,train,0.982500017,0.313000000,0.000395883,0.000000000,0.000395883,0.000395883,0.262564510,0.000395883,0.000000000,0.000315129,0.000551821,0.000614004,0.000525877,0.000368468,0.000001732,0.000394151
66,train,5.661499977,5.642000000,0.046179608,0.027704865,0.023477841,0.045607395,0.267133355,0.048392374,0.100517131,0.079695232,0.051164739,0.025390726,0.012790143,0.007519664,0.001557029,0.044622581
67,train,12.531000137,9.202000000,0.150086418,0.074424848,0.094129160,0.147371337,0.289128095,0.167278349,0.285842597,0.218132198,0.164207697,0.111695245,0.075206667,0.045434091,0.003954523,0.146131873
68,train,54.714000702,52.159000000,0.350403756,0.219953462,0.158220440,0.327650636,0.494728595,0.367458463,0.625771344,0.526980579,0.386977524,0.262879521,0.195100069,0.104713582,0.018148718,0.332255065
69,train,40.156501770,42.396500000,0.256657720,0.130438074,0.148535520,0.256706387,0.335377455,0.261904329,0.516746640,0.385386229,0.272859991,0.185655832,0.111445636,0.067851961,0.008959476,0.247698247
70,validation,4.840000153,5.351000000,0.040830061,0.015670791,0.026976526,0.037101515,0.323636681,0.042647313,0.079195440,0.066041075,0.044736058,0.028190525,0.017160306,0.009656944,0.000792254,0.040037803
71,holdout,3.434999943,2.944000000,0.059355583,0.038309004,0.028117552,0.056989938,0.277851284,0.065515704,0.114311337,0.090203539,0.065346152,0.046360753,0.026693424,0.013218254,0.001176100,0.058179487
72,train,9.470000267,8.478500000,0.063407406,0.037960678,0.037251413,0.067756042,0.305060625,0.073259041,0.143471375,0.097210847,0.063812897,0.039750770,0.023252478,0.012946061,0.001127884,0.062279522
73,train,2.197000027,1.211000000,0.016201869,0.010135774,0.007154325,0.016299261,0.214889601,0.017290100,0.034950294,0.026221475,0.016336495,0.009710765,0.006313367,0.003678816,0.000247071,0.015954798
74,holdout,3.706000090,2.864000000,0.105318926,0.061847556,0.056692094,0.094711527,0.304721445,0.115445510,0.187246248,0.156623065,0.120029025,0.077528015,0.055098981,0.035388179,0.001621585,0.103697337
75,validation,0.257499993,0.179500000,0.002834213,0.001139303,0.002275931,0.003146702,0.313532203,0.003415233,0.006638943,0.003947996,0.002934866,0.001624802,0.001121401,0.000737269,0.000042406,0.002791808
76,train,2.252500057,2.109000000,0.037056331,0.019673975,0.017971713,0.036075398,0.208662987,0.037645694,0.079117902,0.054526210,0.038936995,0.024600470,0.015124541,0.010031871,0.000722936,0.036333401
77,train,4.569499969,4.069500000,0.051318686,0.038602930,0.014867489,0.051927779,0.237964794,0.053470235,0.096155390,0.072946310,0.053252183,0.038701650,0.027724843,0.019131728,0.000799272,0.050519411
78,train,0.754999995,0.002500000,0.007725765,0.005272137,0.002896259,0.005802340,0.275918812,0.008168396,0.015306067,0.015102201,0.008741758,0.004295063,0.001902126,0.001007372,0.000077269,0.007648495
79,validation,0.000000000,0.229000000,0.000000460,0.000000000,0.000000460,0.000000212,0.209619775,0.000000460,0.000000000,0.000000000,0.000000000,0.000000000,0.000000000,0.000002761,0.000000003,0.000000458
80,train,4.907999992,3.029500000,0.043671004,0.021690797,0.024875907,0.043456636,0.261638731,0.046428286,0.086157210,0.065616094,0.047089983,0.031877734,0.019358477,0.011926498,0.000659910,0.043011095
81,train,1.810999990,0.576000000,0.013330415,0.008140053,0.005206485,0.012860596,0.303604603,0.013346538,0.024556488,0.019030474,0.014444055,0.010802953,0.007026310,0.004122212,0.000185198,0.013145217
82,train,1.481500030,-0.107000000,0.011311245,0.006393177,0.006510096,0.011627086,0.255063385,0.012903273,0.026061777,0.019266952,0.012937054,0.005739343,0.002474170,0.001388177,0.000220306,0.011090940
83,holdout,15.100000381,13.383000000,0.141207829,0.069757961,0.080313988,0.136261165,0.305780411,0.148269624,0.243798450,0.217073292,0.152224392,0.107838482,0.073655121,0.052657321,0.003902634,0.137305230
84,train,77.295997620,75.986500000,0.443379343,0.276330292,0.219786614,0.441962630,0.411927521,0.456657231,0.890148282,0.625376642,0.442590147,0.340744495,0.217096716,0.144319803,0.019297365,0.424081981
85,train,0.837000012,-0.282500000,0.020897724,0.010357805,0.012058655,0.020520702,0.254683584,0.022416459,0.037877053,0.030709803,0.023763930,0.016625397,0.010378581,0.006031577,0.000480994,0.020416731
86,validation,17.416999817,15.193000000,0.227815449,0.122276194,0.131335407,0.216468826,0.263991088,0.245010242,0.414012790,0.338716090,0.256601095,0.191653371,0.102052838,0.063856475,0.007833375,0.219982088
87,train,10.772500038,10.767500000,0.099086560,0.053999353,0.052794434,0.084920555,0.243813723,0.104239047,0.165180027,0.146324396,0.111518256,0.081791744,0.057188325,0.032516681,0.001825301,0.097261265
88,holdout,1.110000014,0.768500000,0.017172087,0.010468994,0.007522900,0.016797550,0.327375829,0.017991893,0.031027632,0.025700755,0.018681275,0.012847435,0.008724881,0.006050545,0.000467881,0.016704207
89,train,0.460500002,0.228000000,0.004974864,0.002774379,0.002566762,0.005182276,0.218493804,0.005341141,0.010211091,0.007449215,0.005303004,0.003565952,0.002157241,0.001162679,0.000101066,0.004873798
90,train,0.115500003,0.313500000,0.000000175,0.000000000,0.000000175,0.000000175,0.226382330,0.000000175,0.000000000,0.000000000,0.000000000,0.000000000,0.000000017,0.000001031,0.000000001,0.000000173
91,train,2.070499897,1.506500000,0.036551930,0.018621314,0.019187991,0.036232803,0.344110131,0.037809279,0.069320388,0.054268867,0.039437935,0.027207509,0.017608048,0.011468846,0.000560822,0.035991110
92,train,1.846500039,1.166000000,0.030388350,0.017160453,0.014726306,0.029394725,0.263256222,0.031886753,0.060160358,0.047793448,0.034068029,0.021844225,0.011762517,0.006701511,0.000836463,0.029551892
93,train,1.590999961,0.343000000,0.009784892,0.005820319,0.004205477,0.009664309,0.299363166,0.010025796,0.018858904,0.015602998,0.011385809,0.006559196,0.003986253,0.002316187,0.000130138,0.009654753
94,train,-0.529500008,-1.513000000,0.073927656,0.038587715,0.039400995,0.074088104,0.369927317,0.077988714,0.128732786,0.096916921,0.072231464,0.061383769,0.049212918,0.035088066,0.002741321,0.071186334
95,train,0.000000000,0.234000000,0.000000000,0.000000000,0.000000000,0.000000000,0.226245910,0.000000000,0.000000000,0.000000000,0.000000000,0.000000000,0.000000000,0.000000000,0.000000000,0.000000000
96,train,43.460498810,53.442000000,0.474745005,0.247924313,0.264480889,0.443960696,0.396333665,0.490705580,0.872780144,0.688525319,0.490640879,0.372629702,0.242684305,0.181209892,0.021517931,0.453227073
97,train,0.519999981,0.267500000,0.000900220,0.000100952,0.000799268,0.000818128,0.229539454,0.000900220,0.001629279,0.001156429,0.000870506,0.000817552,0.000584933,0.000342623,0.000008165,0.000892056
98,train,0.260500014,0.229000000,0.004495205,0.001129009,0.003626473,0.004631314,0.388313413,0.004755482,0.011816698,0.007061102,0.003987272,0.002249176,0.001194898,0.000662086,0.000037275,0.004457931
99,train,0.040500000,0.000000000,0.000000000,0.000000000,0.000000000,0.000000000,0.255050987,0.000000000,0.000000000,0.000000000,0.000000000,0.000000000,0.000000000,0.000000000,0.000000000,0.000000000
100,train,42.782501221,41.664000000,0.153019145,0.089397267,0.069146998,0.152023643,0.306862026,0.151414171,0.214017987,0.204020828,0.190272838,0.138834760,0.099063627,0.071904823,0.001564885,0.151454270
101,validation,0.231000006,0.228500000,0.005048735,0.002034393,0.003924084,0.005121200,0.343462318,0.005958477,0.011995043,0.007695506,0.005012359,0.003222571,0.001585072,0.000781860,0.000056701,0.004992034
102,validation,1.790500045,1.596500000,0.013563260,0.009605380,0.007199197,0.012840019,0.301634371,0.016790029,0.025032051,0.020797279,0.015217233,0.009933904,0.006278235,0.004120865,0.000337257,0.013226004
103,train,0.232500002,0.000000000,0.002892502,0.002242286,0.002266607,0.003249663,0.395306438,0.004508893,0.006200123,0.003741243,0.003337207,0.001826684,0.001311489,0.000938265,0.000069729,0.002822773
104,train,0.725499988,0.523000000,0.006612477,0.004583606,0.003243731,0.006309415,0.250940770,0.007827337,0.011103710,0.010414851,0.008286707,0.004985360,0.003041280,0.001842950,0.000060670,0.006551806
105,validation,31.611499786,31.480000000,0.183484942,0.090168469,0.108605109,0.177527145,0.359507591,0.195533693,0.372287720,0.271069169,0.195574597,0.137982398,0.081577279,0.042418443,0.003368557,0.180116385
106,train,0.586499989,0.014500000,0.001659253,0.000000000,0.001659253,0.001155201,0.314118445,0.001659253,0.002498603,0.002498603,0.001879421,0.001378975,0.000992021,0.000707893,0.000012636,0.001646617
107,train,0.958000004,0.289000000,0.000000071,0.000000000,0.000000071,0.000000071,0.194779471,0.000000071,0.000000000,0.000000000,0.000000000,0.000000000,0.000000000,0.000000427,0.000000000,0.000000071
108,holdout,0.000000000,0.234500000,0.000000050,0.000000033,0.000000016,0.000000001,0.226767480,0.000000050,0.000000000,0.000000000,0.000000000,0.000000000,0.000000000,0.000000297,0.000000000,0.000000049
109,validation,19.479499817,20.080000000,0.114048846,0.063411430,0.061231945,0.109911285,0.375127226,0.123922259,0.221858725,0.166307554,0.121867068,0.085506581,0.053056572,0.035696596,0.004245825,0.109803043
110,train,4.624499798,2.205000000,0.021682765,0.009657470,0.012907919,0.020131860,0.223613143,0.022563443,0.042030208,0.031912204,0.022765357,0.016949201,0.011928052,0.004511579,0.000376822,0.021305945
111,train,0.159999996,0.297000000,0.000016421,0.000000001,0.000016421,0.000016268,0.214837223,0.000016422,0.000000000,0.000000000,0.000000000,0.000012348,0.000038050,0.000048126,0.000000112,0.000016309
112,train,7.034999847,5.802000000,0.052009486,0.030601867,0.027569031,0.050613347,0.246642917,0.058170617,0.100464210,0.076844543,0.054900061,0.037238918,0.025238790,0.017370388,0.001532289,0.050477196
113,train,16.306499481,15.404000000,0.115898430,0.056618091,0.064229272,0.115865171,0.352982461,0.119211987,0.250927746,0.175255060,0.115859404,0.073242307,0.047000587,0.033105437,0.001544088,0.114354342
114,validation,35.944000244,34.197000000,0.409425795,0.242309347,0.197381586,0.353526890,0.443295240,0.423816413,0.705122471,0.622980893,0.455942959,0.329331845,0.223331258,0.119844995,0.018565794,0.390859991
115,holdout,1.873499990,1.501000000,0.016268242,0.007714035,0.010123190,0.016261732,0.256909013,0.017837225,0.032704197,0.024173761,0.016952101,0.011384679,0.007509538,0.004885183,0.000247882,0.016020359
116,train,47.997501373,50.033000000,0.254657120,0.150811926,0.124836624,0.256345958,0.457649678,0.268286586,0.534438550,0.397820830,0.276332617,0.161462918,0.091197841,0.066689961,0.005586812,0.249070287
117,holdout,15.607000351,13.370500000,0.176854730,0.112458639,0.089714088,0.173975796,0.399940073,0.192767546,0.357265949,0.271284670,0.183394074,0.116349749,0.077416800,0.055417109,0.003768760,0.173085973
118,train,0.133000001,0.237500000,0.002692891,0.001234572,0.001458760,0.002697140,0.332045585,0.002693332,0.006441528,0.004283032,0.002549143,0.001449969,0.000944117,0.000489557,0.000022587,0.002670304
119,train,0.020500001,0.164500000,0.002854939,0.002109780,0.001527701,0.003000708,0.383762360,0.003637481,0.006275061,0.004133151,0.003234769,0.002046405,0.000973171,0.000467073,0.000034540,0.002820398
120,train,33.016998291,32.687500000,0.276648730,0.143965751,0.143488333,0.266503692,0.350017816,0.280824512,0.504449427,0.429810524,0.328945458,0.204675332,0.116152927,0.075858518,0.004288434,0.272360325
121,validation,1.139500022,1.002000000,0.003463126,0.003433654,0.000093013,0.002838839,0.186464190,0.003526667,0.003079606,0.004816514,0.005398690,0.003776190,0.002651389,0.001056369,0.000029668,0.003433459
122,train,0.479999989,0.043000000,0.001364899,0.000000000,0.001364899,0.001123593,0.269501209,0.001364899,0.002122617,0.002122617,0.001594027,0.001164548,0.000838688,0.000346897,0.000007695,0.001357204
123,validation,0.927500010,1.057000000,0.010571002,0.008096814,0.004127870,0.010855224,0.301044494,0.012224684,0.019424601,0.015321955,0.011643847,0.007947166,0.005138244,0.003950201,0.000283972,0.010287030
124,train,23.380500793,24.263000000,0.208075374,0.124066144,0.116412744,0.193564773,0.310483754,0.230798393,0.363364846,0.293341577,0.239082143,0.167468980,0.116658062,0.068536535,0.005024247,0.203051105
125,train,0.001000000,0.295000000,0.000040431,0.000000147,0.000040430,0.000025821,0.250551045,0.000040577,0.000000000,0.000000000,0.000000000,0.000022866,0.000084705,0.000135013,0.000000256,0.000040175
126,holdout,0.752499998,0.689000000,0.005717967,0.003956566,0.003003164,0.006648571,0.231587142,0.006959729,0.015885884,0.009576672,0.005180666,0.001985865,0.001025943,0.000652765,0.000059676,0.005658290
127,validation,0.029999999,0.013500000,0.000000000,0.000000000,0.000000000,0.000000000,0.328275174,0.000000000,0.000000000,0.000000000,0.000000000,0.000000000,0.000000000,0.000000000,0.000000000,0.000000000
128,train,21.906999588,20.681500000,0.283991069,0.163972467,0.133569598,0.277297080,0.330251604,0.293658257,0.527743042,0.405975103,0.309073806,0.216293320,0.147688568,0.097172596,0.009046410,0.274944663
129,train,6.735000134,4.499000000,0.066106342,0.035172332,0.032376751,0.066355541,0.285136342,0.067242160,0.131954253,0.097610101,0.068656184,0.045421179,0.031774689,0.021221662,0.001346937,0.064759418
130,holdout,0.236499995,0.230000000,0.004748378,0.002781223,0.003291809,0.004904725,0.301640123,0.006073031,0.010562619,0.007028054,0.005239804,0.002968900,0.001569311,0.001121580,0.000060181,0.004688198
131,holdout,44.068000793,36.636500000,0.398260146,0.223708227,0.218745470,0.383852601,0.387901515,0.412289888,0.686192214,0.597622156,0.424460888,0.317879647,0.229021341,0.134384781,0.015458609,0.382801563
132,train,4.961500168,3.697000000,0.043674633,0.027870478,0.019901693,0.042627554,0.252696484,0.047772132,0.085739955,0.066253521,0.046233825,0.031675596,0.020736851,0.011408019,0.000815285,0.042859346
133,train,0.000000000,0.233000000,0.000000000,0.000000000,0.000000000,0.000000000,0.270305455,0.000000000,0.000000000,0.000000000,0.000000000,0.000000000,0.000000000,0.000000000,0.000000000,0.000000000
134,train,0.370999992,0.124500000,0.000799426,0.000000162,0.000799265,0.000713038,0.200363979,0.000799426,0.001629279,0.001156429,0.000774393,0.000626139,0.000395665,0.000214652,0.000007682,0.000791745
135,train,33.689998627,38.554000000,0.292304784,0.144362852,0.174851283,0.285163343,0.336972564,0.287247837,0.573451221,0.451207757,0.325773627,0.216080934,0.120752566,0.066562682,0.008346118,0.283958644
136,train,-0.866500020,0.408500000,0.009371010,0.006200741,0.005246296,0.009937271,0.269941092,0.011447036,0.020025793,0.015341699,0.010306655,0.006483844,0.002831138,0.001236931,0.000235579,0.009135432
137,holdout,5.022500038,2.857000000,0.022164250,0.010805510,0.011968327,0.021848146,0.321543485,0.022773301,0.044123832,0.036301866,0.024031941,0.013898471,0.009224243,0.005405148,0.000415145,0.021749107
138,holdout,0.772499979,0.536000000,0.001216746,0.001192692,0.000088609,0.000504590,0.234819621,0.001281301,0.000000000,0.000000000,0.000680124,0.003052327,0.002537748,0.001030277,0.000013024,0.001203722
139,validation,10.406499863,6.952500000,0.088430807,0.051333662,0.038340308,0.088548675,0.262820631,0.087797299,0.177854940,0.132858872,0.094071627,0.062514052,0.038385741,0.024899600,0.001182881,0.087247930
140,train,0.230499998,0.000000000,0.003240741,0.001851607,0.001654266,0.003239856,0.284623384,0.003505874,0.006163997,0.004632000,0.003387052,0.002436096,0.001694360,0.001130941,0.000038490,0.003202251
141,train,24.642999649,24.121000000,0.203301966,0.119923241,0.101819813,0.201089501,0.322110415,0.221270993,0.392672569,0.302214146,0.207821280,0.145880997,0.098676167,0.072546750,0.005531487,0.197770476
142,train,0.081000000,0.235000000,0.003686953,0.002291387,0.001395596,0.003753065,0.343502343,0.003686983,0.008595942,0.005841053,0.003625063,0.002084508,0.001226121,0.000749030,0.000029740,0.003657213
143,holdout,21.141500473,20.315000000,0.226080075,0.134614706,0.118775077,0.202368006,0.256746739,0.244496837,0.396894157,0.332504034,0.269123137,0.195240736,0.099274009,0.063444339,0.010500344,0.215579733
144,validation,0.953000009,0.164000000,0.011929546,0.008158369,0.006846048,0.011148462,0.372902423,0.015004417,0.025034901,0.018743291,0.012083800,0.008730464,0.004262297,0.002722524,0.000225668,0.011703879
145,train,26.759500504,27.162000000,0.197471097,0.109321266,0.112351917,0.186488181,0.318948001,0.210190445,0.350361764,0.294399530,0.239759505,0.154849470,0.088641375,0.056815017,0.004770129,0.192700997
146,train,1.447999954,1.363500000,0.015504458,0.007603800,0.009364692,0.015501787,0.264209598,0.016968492,0.028605880,0.022956502,0.016929151,0.012029374,0.007703484,0.004802361,0.000227039,0.015277419
147,train,16.927000046,15.985000000,0.101974867,0.055393629,0.053555455,0.102246478,0.339138180,0.108905032,0.213761806,0.153060988,0.103957199,0.068240829,0.043712359,0.029115938,0.001574259,0.100400589
148,train,4.987500191,3.761000000,0.066186063,0.048212871,0.024913469,0.066693917,0.301057220,0.073101699,0.123741627,0.095705360,0.072043195,0.050563596,0.033053044,0.022009538,0.001072434,0.065113626
149,train,52.110000610,56.840000000,0.311011314,0.223369539,0.128882930,0.299969673,0.315380216,0.338896483,0.560789883,0.424522817,0.329956859,0.263038874,0.189415857,0.098343559,0.007432178,0.303579152
150,train,3.184999943,1.035000000,0.016515186,0.011129855,0.007822255,0.016737008,0.333420694,0.018952008,0.035227884,0.027026143,0.017543986,0.010874499,0.005902128,0.002516466,0.000289601,0.016225584
151,holdout,1.649000049,1.617500000,0.024118744,0.014016297,0.013537180,0.023295915,0.273118705,0.027553475,0.043002300,0.033972248,0.025293544,0.018783722,0.013827156,0.009833490,0.000533098,0.023585645
152,train,24.377500534,27.086000000,0.139047906,0.081816383,0.066672139,0.127724469,0.280811369,0.144702315,0.258715957,0.205535129,0.166014507,0.109491564,0.057392586,0.037137687,0.002821999,0.136225909
153,train,40.691501617,46.319500000,0.481425345,0.293200403,0.281622022,0.480574727,0.373845518,0.549283862,0.893998027,0.706833482,0.526662588,0.338521719,0.253872484,0.168663740,0.018470284,0.462955058
154,train,48.665500641,49.450500000,0.296914876,0.154293776,0.162629977,0.296863139,0.289833307,0.291867375,0.539923310,0.405362427,0.306204140,0.234941915,0.173738301,0.121319279,0.003212750,0.293702155
155,train,46.081001282,47.928000000,0.248375505,0.143204272,0.125226215,0.244429097,0.434561819,0.263436645,0.488958836,0.378595203,0.272802234,0.172059491,0.104910113,0.072927125,0.005973875,0.242401645
156,train,1.605499983,0.579000000,0.059784282,0.035125680,0.033797938,0.059815653,0.277039975,0.068923622,0.119777933,0.089099661,0.064563721,0.043675236,0.026809212,0.014779918,0.000992065,0.058792222
157,validation,69.884002686,64.306500000,0.424570203,0.253563285,0.218858391,0.385544181,0.481209844,0.430758268,0.745431185,0.649222851,0.464658976,0.327274233,0.227021828,0.133812025,0.012992809,0.411577374
158,train,1.678500056,0.936000000,0.054448698,0.026391663,0.031349767,0.054611422,0.327463955,0.056433324,0.114738122,0.085010096,0.057070144,0.034570225,0.021520324,0.013783268,0.001107716,0.053340979
159,train,0.223499998,0.209500000,0.002399929,0.001083823,0.001349467,0.002435331,0.247911766,0.002433289,0.006168489,0.003865868,0.002143949,0.001166223,0.000680966,0.000374077,0.000040969,0.002358960
160,train,0.003500000,0.234500000,0.004516199,0.002205132,0.002351222,0.004494489,0.274065346,0.004556354,0.009866274,0.006910786,0.004527317,0.002838918,0.001864438,0.001089463,0.000103034,0.004413166
161,train,1.867499948,1.932500000,0.026232073,0.014281720,0.013485397,0.026082302,0.291191190,0.027767118,0.049935456,0.037122510,0.026816832,0.019494344,0.014033391,0.009989906,0.000534295,0.025697779
162,validation,0.003000000,0.016500000,0.000000000,0.000000000,0.000000000,0.000000000,0.272750467,0.000000000,0.000000000,0.000000000,0.000000000,0.000000000,0.000000000,0.000000000,0.000000000,0.000000000
163,train,0.041000001,0.235500000,0.002537703,0.002382996,0.001046734,0.002579181,0.369894922,0.003429729,0.005147517,0.003867422,0.002801347,0.001834588,0.001054052,0.000521292,0.000030370,0.002507333
164,train,2.785500050,2.023500000,0.017168270,0.009661250,0.007924794,0.016632596,0.243597984,0.017585272,0.033550065,0.024873786,0.016876535,0.011309801,0.007965773,0.008433660,0.000206826,0.016961444
165,train,0.000000000,0.238500000,0.000000152,0.000000152,0.000000004,0.000000068,0.234038308,0.000000156,0.000000000,0.000000000,0.000000000,0.000000000,0.000000000,0.000000912,0.000000001,0.000000151
166,train,4.672500134,3.831000000,0.046972245,0.025609765,0.022067159,0.047100481,0.278703809,0.047322623,0.096530549,0.070417620,0.048091628,0.032140978,0.021393826,0.013258819,0.001143381,0.045828857
167,validation,1.006000042,0.522500000,0.006551733,0.003891608,0.002686814,0.006551631,0.249431774,0.006578422,0.013364802,0.009752728,0.006811003,0.004553398,0.002972107,0.001856361,0.000050426,0.006501308
168,validation,0.759999990,0.380500000,0.000563162,0.000225466,0.000337696,0.000676306,0.224152490,0.000563162,0.000000000,0.000395524,0.000686355,0.000802744,0.001062493,0.000431855,0.000002956,0.000560206
169,train,0.221499994,0.221500000,0.001068153,0.000315654,0.001039632,0.001154649,0.262620568,0.001355286,0.002452554,0.001381088,0.001096207,0.000824180,0.000373756,0.000281132,0.000011158,0.001056995
170,train,2.470499992,1.011000000,0.031006677,0.017591896,0.013652965,0.028823299,0.286013484,0.031244861,0.061830264,0.051376183,0.034505971,0.020764628,0.011058674,0.006504346,0.000828107,0.030178571
171,train,0.736500025,-0.491500000,0.011448290,0.006528107,0.006529431,0.011658017,0.305066496,0.013057536,0.026094034,0.019290544,0.012967676,0.006121441,0.002734943,0.001481104,0.000261360,0.011186929
172,validation,50.700000763,44.765500000,0.276110351,0.155102149,0.143244267,0.275959402,0.437224030,0.295888513,0.535546124,0.415891737,0.291154534,0.202143401,0.132557303,0.079369046,0.008695740,0.267414629
173,train,0.000000000,0.231500000,0.000000000,0.000000000,0.000000000,0.000000000,0.283753723,0.000000000,0.000000000,0.000000000,0.000000000,0.000000000,0.000000000,0.000000000,0.000000000,0.000000000
174,holdout,4.584499836,2.433500000,0.021223396,0.010431216,0.011856326,0.020898074,0.297173470,0.022287536,0.041797917,0.034478314,0.023135336,0.013625880,0.009115018,0.005187904,0.000353322,0.020870076
175,train,-2.092499971,-2.628500000,0.093757637,0.054663040,0.045824952,0.094152272,0.363333374,0.100487985,0.178875744,0.134968162,0.098808542,0.070667297,0.049190093,0.030035960,0.003161490,0.090596139
176,train,47.841499329,54.195500000,0.427268744,0.224045888,0.251756400,0.404148966,0.362422645,0.444256216,0.815965056,0.647156835,0.459419727,0.339053035,0.179224133,0.122793615,0.018323608,0.408945084
177,train,1.370499969,0.513000000,0.014110191,0.006149000,0.008991992,0.014385364,0.329528093,0.015140994,0.039870739,0.022545092,0.011741019,0.006060115,0.002445378,0.001998804,0.000194375,0.013915816
178,validation,2.086999893,0.683500000,0.010039954,0.006356680,0.004743015,0.010022967,0.225380138,0.011099656,0.017509980,0.015492290,0.011292889,0.007893888,0.005007033,0.003043646,0.000133330,0.009906625
179,validation,0.262499988,0.568000000,0.002731892,0.002613915,0.001186222,0.002571182,0.279030561,0.003800137,0.005148605,0.005145574,0.003182309,0.001813169,0.000792839,0.000308856,0.000028221,0.002703671
180,validation,3.986000061,2.800500000,0.012598339,0.009554712,0.005902706,0.012983179,0.228583515,0.015457417,0.025239388,0.019103484,0.013599589,0.008800390,0.005442080,0.003405098,0.000216541,0.012381798
181,train,0.225999996,0.232500000,0.003296915,0.002488577,0.001529513,0.003954843,0.263957262,0.004018090,0.008702714,0.006154886,0.003088487,0.001125496,0.000472860,0.000237045,0.000030101,0.003266814
182,train,16.710500717,16.742500000,0.145172462,0.084296137,0.072742432,0.142787367,0.338235021,0.147220790,0.253896773,0.222765684,0.170319185,0.113984607,0.066055492,0.044013053,0.004086503,0.141085953
183,train,0.286500007,1.400000000,0.011859043,0.008178147,0.004569015,0.011853987,0.261230409,0.012747163,0.027850216,0.018780652,0.011519230,0.006717112,0.003854826,0.002432209,0.000127475,0.011731566
184,train,0.693499982,0.195000000,0.062672913,0.047734596,0.026383037,0.059533171,0.267575890,0.074115910,0.117023237,0.087429948,0.063913554,0.050077721,0.034961686,0.022631317,0.001997211,0.060675699
185,validation,8.400500298,5.850000000,0.102315649,0.066716045,0.046053302,0.102146186,0.288214087,0.112742603,0.189160839,0.146975338,0.113665134,0.078630947,0.053476214,0.031985357,0.002654933,0.099660710
186,train,0.527499974,0.000000000,0.005674525,0.002058032,0.004834646,0.005753044,0.403246820,0.006892677,0.012562887,0.010095526,0.006486012,0.002412721,0.001458849,0.001031157,0.000070164,0.005604362
187,train,30.944999695,24.654500000,0.197018206,0.113455534,0.099685900,0.185612157,0.382748067,0.209293604,0.359891772,0.294157624,0.212604523,0.148894474,0.099903509,0.066657238,0.009210943,0.187807247
188,holdout,57.117000580,51.200500000,0.350544006,0.192321718,0.183208033,0.342823923,0.357856095,0.371511191,0.633052707,0.522958875,0.391110748,0.258909494,0.183616370,0.113615595,0.010425483,0.340118527
189,train,22.506500244,21.640000000,0.163564622,0.078191146,0.105421901,0.157842144,0.346073747,0.172536477,0.314900577,0.236433506,0.170081586,0.124235556,0.090940699,0.044795677,0.004675491,0.158889085
190,train,9.524499893,7.920500000,0.062256008,0.040498555,0.026112800,0.059776753,0.262183309,0.066168748,0.110152289,0.087000698,0.069811404,0.054484893,0.033461019,0.018625690,0.001238095,0.061017912
191,validation,0.000000000,0.021500000,0.000000000,0.000000000,0.000000000,0.000000000,0.272423118,0.000000000,0.000000000,0.000000000,0.000000000,0.000000000,0.000000000,0.000000000,0.000000000,0.000000000
192,train,3.172499895,2.085000000,0.035830762,0.021444777,0.015947079,0.035842668,0.266797453,0.037391856,0.066782057,0.052030332,0.040077396,0.028959701,0.017594874,0.009540223,0.000673395,0.035157371
193,train,0.000000000,0.240000000,0.002572097,0.002544670,0.001185837,0.002710723,0.312288672,0.003730507,0.006219085,0.004159668,0.002486457,0.001365555,0.000742623,0.000459192,0.000041849,0.002530247
194,train,0.000000000,0.235000000,0.000000000,0.000000000,0.000000000,0.000000000,0.282892615,0.000000000,0.000000000,0.000000000,0.000000000,0.000000000,0.000000000,0.000000000,0.000000000,0.000000000
195,train,0.585500002,0.504500000,0.006532372,0.004364795,0.004437104,0.006096871,0.335989773,0.008801899,0.010628443,0.009760230,0.007732006,0.005794738,0.003295269,0.001983546,0.000135958,0.006396415
196,train,0.000000000,0.236500000,0.001047113,0.001047113,0.000000055,0.001047408,0.171580061,0.001047167,0.002150225,0.001554027,0.001072995,0.000725723,0.000478838,0.000300867,0.000005034,0.001042078
197,train,60.474498749,62.218500000,0.446374893,0.298225880,0.216479927,0.410183936,0.377427936,0.493562102,0.805707574,0.694970548,0.476451278,0.323619455,0.245719612,0.131780729,0.017099176,0.429275692
198,train,0.506500006,0.237500000,0.005158066,0.002772742,0.002758858,0.005195501,0.223546550,0.005531601,0.010211091,0.007603379,0.005571697,0.003857323,0.002386598,0.001318303,0.000100575,0.005057490
199,train,1.739500046,2.093000000,0.015450813,0.007596193,0.009306988,0.016147127,0.243442506,0.016896749,0.033221159,0.023363238,0.016238220,0.010690406,0.005491360,0.003700492,0.000265515,0.015185298
200,validation,0.242500007,0.013000000,0.002895346,0.001506697,0.001449315,0.002943856,0.250311971,0.002956012,0.005965710,0.004191467,0.002898343,0.002018248,0.001379409,0.000918899,0.000037168,0.002858178
201,train,27.662500381,28.251000000,0.187868595,0.092132539,0.118561767,0.178014323,0.355924010,0.198494673,0.328145921,0.269057184,0.201479882,0.152049810,0.115330867,0.061147809,0.005267226,0.182601362
202,train,62.507499695,69.865000000,0.432395160,0.255667925,0.205387622,0.432621837,0.365096271,0.441993326,0.791518986,0.606732786,0.458065271,0.340801209,0.240913600,0.156338975,0.013493218,0.418901920
203,validation,4.333499908,4.090500000,0.041881237,0.029626656,0.014880349,0.041533925,0.233272284,0.044506941,0.086589597,0.063570142,0.043823887,0.027876342,0.017323935,0.012103514,0.000808238,0.041072998
204,holdout,0.254999995,0.007500000,0.000014867,0.000000000,0.000014867,0.000007223,0.322814614,0.000014867,0.000000000,0.000000000,0.000000000,0.000004605,0.000024002,0.000060597,0.000000220,0.000014648
205,train,18.572500229,17.313000000,0.104608946,0.059421092,0.052642848,0.101711668,0.325562924,0.111768909,0.209199741,0.151015610,0.102911718,0.073719189,0.059017435,0.031789906,0.001423720,0.103185222
206,holdout,0.041499998,0.111500000,0.002536438,0.002534178,0.000301038,0.002370094,0.337931246,0.002835216,0.004511068,0.004512805,0.003388757,0.001245368,0.000905928,0.000654704,0.000020244,0.002516195
207,train,10.432999611,10.088000000,0.061063420,0.036111046,0.036698125,0.060942426,0.277814507,0.068465494,0.127172112,0.092410021,0.064290285,0.042635709,0.026215591,0.013656832,0.000930802,0.060132630
208,train,61.607498169,67.805000000,0.491148889,0.302884132,0.241581470,0.492303669,0.405409157,0.509543836,0.927643239,0.700995326,0.519642651,0.374854714,0.257869482,0.165887654,0.014328904,0.476819962
209,train,0.126000002,0.000000000,0.000000000,0.000000000,0.000000000,0.000000000,0.246977419,0.000000000,0.000000000,0.000000000,0.000000000,0.000000000,0.000000000,0.000000000,0.000000000,0.000000000
210,train,0.000000000,0.237500000,0.001057419,0.001057415,0.000000708,0.001055594,0.172371775,0.001058123,0.002154414,0.001559263,0.001078951,0.000732018,0.000490003,0.000329864,0.000010489,0.001046930
211,holdout,51.972499847,46.031500000,0.322475314,0.184503451,0.164646864,0.323986053,0.390399784,0.347220451,0.614471376,0.464867771,0.334210575,0.236671612,0.171818733,0.112811729,0.011695194,0.310780138
212,train,1.497499943,1.185500000,0.010021097,0.006539350,0.006342699,0.009679576,0.307185650,0.012882048,0.021777939,0.015395535,0.011391294,0.006904993,0.002727304,0.001929515,0.000168905,0.009852191
213,train,-3.533999920,-4.615500000,0.091729015,0.049700961,0.049257264,0.092164271,0.288681388,0.098958224,0.169237435,0.127975047,0.093104377,0.070156485,0.053051624,0.036849100,0.003553182,0.088175833
214,train,13.877499580,11.693500000,0.118847519,0.064674154,0.061275311,0.106627636,0.376741946,0.124911465,0.233000502,0.179799914,0.125087947,0.087289833,0.054171167,0.033735763,0.004308787,0.114538744
215,validation,25.034500122,24.765500000,0.506210029,0.296040267,0.257724434,0.468577474,0.483023822,0.535407186,0.956126809,0.770440042,0.542258143,0.374201208,0.251483232,0.142750174,0.026549816,0.479660153
216,validation,0.078000002,0.232000000,0.002539498,0.002498843,0.001041740,0.002583409,0.408535093,0.003540583,0.005148913,0.003868876,0.002803174,0.001837524,0.001055358,0.000523141,0.000031806,0.002507692
217,train,77.646499634,76.064500000,0.517045677,0.326523364,0.297933996,0.481786728,0.517907500,0.548030853,0.977092743,0.785624981,0.542427003,0.385253400,0.251001090,0.160874501,0.024177777,0.492867857
218,holdout,30.416500092,33.199000000,0.233067676,0.115541309,0.140918866,0.233762547,0.325453073,0.247818068,0.496618152,0.351323158,0.229343683,0.155429468,0.102620773,0.063070826,0.007850376,0.225217298
219,validation,4.986999989,2.297000000,0.048346125,0.025615262,0.027293889,0.048879746,0.254293263,0.052842509,0.099777892,0.072474822,0.050665662,0.032441266,0.020821419,0.013895665,0.001929048,0.046417076
220,train,0.000000000,0.240500000,0.002572123,0.002544666,0.001185867,0.002710707,0.346418530,0.003730533,0.006219085,0.004159668,0.002486457,0.001365509,0.000742563,0.000459455,0.000041876,0.002530247
221,train,0.363499999,0.000000000,0.002691744,0.002003469,0.001591642,0.003103462,0.366743326,0.003595111,0.006199312,0.003736942,0.003329508,0.001729798,0.000767646,0.000387257,0.000060825,0.002630919
222,train,0.517499983,-0.125500000,0.008572354,0.005693824,0.003873243,0.009041185,0.235826775,0.009567067,0.018110072,0.015202994,0.010078121,0.004581689,0.002238811,0.001222436,0.000138948,0.008433406
223,holdout,33.239498138,28.757000000,0.169151515,0.103030913,0.089385636,0.157930568,0.332612395,0.192192361,0.306815088,0.253231555,0.187069222,0.144783154,0.080115810,0.042894274,0.002704584,0.166446954
224,holdout,20.565999985,20.970000000,0.205266371,0.117893055,0.117983736,0.200151354,0.369894445,0.220396236,0.399401784,0.307767570,0.225063652,0.147976995,0.091386534,0.060001552,0.006099044,0.199167326
225,train,35.034000397,41.754500000,0.429091960,0.230206698,0.242319643,0.425833821,0.382087052,0.453185558,0.841161311,0.654742897,0.455048203,0.286822438,0.197579563,0.139197320,0.014419108,0.414672881
226,train,2.058500051,1.565500000,0.026141308,0.013626802,0.012709045,0.025591359,0.338466346,0.026335845,0.055672426,0.041509073,0.026228674,0.016528547,0.010454291,0.006454850,0.000502535,0.025638774
227,holdout,0.680999994,0.627500000,0.005625055,0.003788601,0.003056793,0.006527493,0.205794334,0.006845395,0.015880918,0.009569221,0.004674399,0.002115393,0.000950504,0.000559895,0.000054809,0.005570246
228,train,1.621000051,0.601500000,0.053603411,0.033204861,0.025371326,0.054374740,0.206526712,0.058576189,0.117029883,0.071623482,0.046554267,0.035887148,0.028594386,0.021931291,0.001610688,0.051992722
229,train,0.455500007,0.475500000,0.015994983,0.009088336,0.007175962,0.014358327,0.208076209,0.016264297,0.031689428,0.023461688,0.017960202,0.011566023,0.006604048,0.004688509,0.000141458,0.015853524
230,holdout,0.000000000,0.234000000,0.001216569,0.000000558,0.001216565,0.001228354,0.192637593,0.001217123,0.002984185,0.001992200,0.001196779,0.000658947,0.000321909,0.000145394,0.000009387,0.001207182
231,train,22.527500153,20.735000000,0.187138811,0.106221370,0.093974873,0.179899022,0.393449634,0.197173849,0.347055644,0.276497155,0.207604021,0.142434239,0.091678061,0.057563700,0.006291635,0.180847183
232,holdout,0.000000000,0.237000000,0.001218263,0.000080624,0.001216894,0.001234229,0.224767387,0.001297518,0.002984185,0.001992200,0.001197139,0.000660086,0.000323790,0.000152177,0.000010387,0.001207876
233,train,7.813499928,5.366500000,0.052686933,0.032189272,0.028091235,0.050786659,0.334441900,0.060280494,0.105751418,0.077867158,0.055146463,0.038076773,0.024682358,0.014597418,0.001162930,0.051524006
234,holdout,30.849500656,32.511500000,0.145355344,0.071403354,0.090404436,0.147246778,0.370813489,0.161641806,0.267132372,0.221988112,0.157385767,0.105154902,0.072772928,0.047698006,0.002768078,0.142587274
235,train,0.032000002,0.090500000,0.002174765,0.001340622,0.001541884,0.002175069,0.363262415,0.002882507,0.005263445,0.003416376,0.002013810,0.001247534,0.000691956,0.000415470,0.000043498,0.002131267
236,train,21.082500458,20.363500000,0.144067660,0.066038281,0.093517110,0.146366641,0.298939288,0.154014558,0.291334927,0.216449782,0.154998302,0.101413846,0.062547341,0.037661754,0.002452088,0.141615570
237,validation,0.000000000,0.100000000,0.000000000,0.000000000,0.000000000,0.000000000,0.215027347,0.000000000,0.000000000,0.000000000,0.000000000,0.000000000,0.000000000,0.000000000,0.000000000,0.000000000
238,train,13.255000114,11.524500000,0.117994584,0.064673260,0.060531594,0.106896184,0.392425656,0.124330342,0.233213991,0.179945350,0.125227243,0.087472960,0.051008113,0.031099807,0.004158468,0.113836117
239,validation,10.029999733,8.313000000,0.112439118,0.054700691,0.069352999,0.104668513,0.349921763,0.123980559,0.205941483,0.160778627,0.125440791,0.087568983,0.059542466,0.035362359,0.002564718,0.109874398
240,holdout,3.536499977,2.791000000,0.092307508,0.053697657,0.049066085,0.090823799,0.279139847,0.101292595,0.186704695,0.131095231,0.085603431,0.065852962,0.051564883,0.033023808,0.001139689,0.091167822
241,train,0.377499998,0.618000000,0.013195490,0.005768447,0.008524043,0.013584446,0.306252688,0.014292464,0.028405081,0.020347275,0.013772137,0.008740204,0.005086737,0.002821498,0.000171661,0.013023828
242,train,1.006500006,0.760000000,0.015231188,0.008625994,0.008587413,0.015376149,0.267523050,0.017213408,0.032134380,0.022826333,0.016867818,0.011547780,0.005151853,0.002858969,0.000208748,0.015022440
243,validation,19.124000549,19.892000000,0.183219224,0.102433071,0.097643659,0.181264877,0.268005043,0.196996540,0.347221047,0.268998146,0.190067381,0.137892872,0.091035888,0.064099923,0.005955798,0.177263409
244,train,0.627499998,0.334000000,0.001157755,0.001155272,0.000005588,0.001136268,0.281903565,0.001160860,0.002933430,0.001896045,0.001064281,0.000503516,0.000249447,0.000299812,0.000006163,0.001151592
245,validation,0.087499999,0.805500000,0.007485596,0.004260199,0.003403299,0.007719337,0.261829674,0.007663498,0.018066123,0.012073807,0.007256431,0.003876879,0.001998177,0.001642159,0.000093668,0.007391928
246,train,1.179000020,0.442500000,0.015170992,0.010526774,0.008259435,0.013485727,0.279022396,0.018786211,0.030603578,0.022518938,0.014024958,0.009302179,0.008360073,0.006216222,0.000208518,0.014962475
247,train,61.433998108,59.137500000,0.504342616,0.303786010,0.241677135,0.493290454,0.438713193,0.510092974,1.009326339,0.719106197,0.520213008,0.386033624,0.238729790,0.152646735,0.023762135,0.480580449
248,train,9.602000237,4.545500000,0.113700718,0.075646684,0.054487575,0.105780698,0.365786940,0.129544631,0.228448898,0.164605483,0.123683736,0.091708452,0.045065891,0.028691927,0.003288154,0.110412568
249,holdout,0.808000028,0.243500000,0.015848994,0.009309854,0.007118185,0.016728556,0.283956230,0.016428038,0.034858085,0.024513392,0.016206168,0.010245783,0.006052978,0.003217550,0.000233881,0.015615113
250,train,56.652999878,57.327500000,0.438495457,0.283524185,0.218418524,0.411148489,0.448057979,0.482348979,0.785288870,0.673926771,0.473245859,0.325359732,0.242246270,0.130905136,0.017266283,0.421229213
251,train,23.862499237,20.248500000,0.164811805,0.117825255,0.076284975,0.164349422,0.326440930,0.194002926,0.293509305,0.234976232,0.177330703,0.145693436,0.085028835,0.052332211,0.003967713,0.160844088
252,validation,0.000000000,0.227000000,0.000000099,0.000000000,0.000000099,0.000000010,0.206021920,0.000000099,0.000000000,0.000000000,0.000000000,0.000000000,0.000000000,0.000000596,0.000000000,0.000000099
253,train,0.270500004,0.226500000,0.003260748,0.001807764,0.001809965,0.003250985,0.266950220,0.003617729,0.005701569,0.004422639,0.003600860,0.002823432,0.001936767,0.001079223,0.000059908,0.003200840
254,train,44.992000580,43.649500000,0.494514942,0.362899214,0.233156875,0.450074762,0.444395989,0.566068411,0.868133724,0.696164072,0.543530285,0.389636546,0.274350703,0.195274606,0.018465299,0.476049662
255,holdout,15.835000038,13.280000000,0.179130554,0.104190029,0.094632678,0.172106534,0.325652421,0.196109563,0.342511356,0.261743009,0.192129761,0.140304193,0.084097221,0.053997718,0.006414291,0.172716245
256,train,1.148000002,1.333000000,0.012955477,0.007240355,0.008511366,0.012985358,0.349207461,0.015740663,0.025135215,0.018764144,0.013568236,0.009510043,0.006429477,0.004325742,0.000190485,0.012764991
257,train,6.171999931,4.126000000,0.043844402,0.025835808,0.022868086,0.044322569,0.249108672,0.048702788,0.079234257,0.064256452,0.049772650,0.035784338,0.021779884,0.012238869,0.001091448,0.042752959
258,train,28.311000824,30.897000000,0.190580934,0.116189718,0.090285778,0.183392227,0.299640805,0.201024681,0.369729728,0.275966316,0.225184083,0.141101152,0.079517215,0.051987067,0.005303100,0.185277820
259,train,7.912000179,6.428500000,0.054664593,0.036144070,0.024012655,0.051526535,0.315837920,0.060146321,0.108474642,0.080242388,0.065044813,0.039622806,0.021343598,0.013259353,0.000854323,0.053810280
260,train,1.545500040,1.073500000,0.014048455,0.007629152,0.006824029,0.013984955,0.361063659,0.014133479,0.026525820,0.019842394,0.014497451,0.010378509,0.007530582,0.005515973,0.000196452,0.013852002
261,holdout,10.816499710,12.430000000,0.110647552,0.068682224,0.050707955,0.110768244,0.335631609,0.113228582,0.197903380,0.163173571,0.127136454,0.087331861,0.054596718,0.033743367,0.001896317,0.108751237
262,train,15.993000031,16.041000000,0.232239246,0.127693817,0.131233603,0.216591805,0.328651339,0.248753637,0.409547001,0.332214206,0.266074538,0.202154428,0.113227263,0.070217900,0.009684285,0.222554952
263,train,0.230000004,0.230000000,0.000900152,0.000079008,0.000859000,0.001030475,0.286307186,0.000938008,0.002150924,0.001078080,0.000899248,0.000557373,0.000419352,0.000295938,0.000007126,0.000893027
264,train,3.007499933,1.658000000,0.038402565,0.020066582,0.019053826,0.036957234,0.234426916,0.039120410,0.084425434,0.060209796,0.039725907,0.024079019,0.013824712,0.008150527,0.000722454,0.037680104
265,train,16.298000336,18.046500000,0.227205336,0.140962645,0.099606276,0.220656663,0.313548118,0.240428835,0.414894909,0.320831060,0.241581827,0.172334760,0.119044729,0.094544701,0.007900067,0.219305277
266,train,0.782999992,0.473000000,0.014856008,0.008115397,0.008510144,0.015062891,0.292226881,0.016625540,0.032134809,0.022625253,0.016463460,0.010947459,0.004657812,0.002307253,0.000211639,0.014644369
267,train,0.617999971,0.289000000,0.009988206,0.006514803,0.005839803,0.009546859,0.320222288,0.012354607,0.020109260,0.015779607,0.010972586,0.007116617,0.003758108,0.002193059,0.000182631,0.009805576
268,train,0.300500005,0.310000000,0.005721693,0.005421334,0.003841206,0.005379308,0.274006397,0.009262539,0.010430501,0.009690593,0.006283681,0.004156659,0.002281976,0.001486750,0.000109894,0.005611800
269,train,12.035499573,10.839500000,0.115129054,0.065797068,0.058667205,0.102931626,0.324209541,0.123539895,0.231063336,0.180821687,0.121148556,0.083647564,0.048044883,0.026048239,0.003233092,0.111895949
270,train,0.000000000,0.229500000,0.000000000,0.000000000,0.000000000,0.000000000,0.329101443,0.000000000,0.000000000,0.000000000,0.000000000,0.000000000,0.000000000,0.000000000,0.000000000,0.000000000
271,train,1.184499979,0.215500000,0.007707058,0.004769015,0.002965042,0.006839437,0.296464741,0.007734057,0.015108181,0.015107030,0.008742174,0.003983658,0.002080933,0.001220374,0.000079221,0.007627837
272,train,7.800499916,7.523000000,0.075596444,0.039966322,0.040214211,0.075398274,0.276384979,0.080005005,0.155425429,0.110853404,0.076553971,0.051523041,0.035064541,0.024158254,0.001687305,0.073909134
273,holdout,3.069499969,1.524500000,0.049754322,0.037450772,0.017452030,0.047247037,0.316938668,0.054902770,0.092236511,0.073205374,0.054657694,0.042164102,0.024652584,0.011609653,0.000704680,0.049049642
274,train,0.017500000,0.019500000,0.003561560,0.002700515,0.002520130,0.003841104,0.286521107,0.005220645,0.008181286,0.005480415,0.003494968,0.001787414,0.001370089,0.001055188,0.000077577,0.003483983
275,train,0.000000000,0.030500000,0.000000000,0.000000000,0.000000000,0.000000000,0.236505508,0.000000000,0.000000000,0.000000000,0.000000000,0.000000000,0.000000000,0.000000000,0.000000000,0.000000000
276,validation,0.177499995,0.409000000,0.003035928,0.001658626,0.001377528,0.003035631,0.218596414,0.003036154,0.007723110,0.004997625,0.002836226,0.001495593,0.000751887,0.000411127,0.000026867,0.003009061
277,train,14.895999908,14.124500000,0.115253329,0.059684910,0.067141227,0.110865101,0.365353912,0.125848800,0.211657122,0.169890344,0.125515550,0.090651460,0.057674434,0.036130998,0.004404722,0.110848613
278,holdout,0.221000001,0.235500000,0.006178980,0.003173610,0.004344841,0.007006528,0.263721108,0.007518451,0.015933705,0.009781990,0.006351518,0.002861690,0.001270879,0.000874093,0.000150485,0.006028494
279,train,1.851500034,1.136000000,0.027777953,0.016992494,0.012426324,0.026197009,0.299295962,0.029418819,0.058042757,0.042568855,0.029491805,0.019942351,0.010536038,0.006085886,0.000344290,0.027433662
280,train,0.304500014,0.220500000,0.000000000,0.000000000,0.000000000,0.000000000,0.343223780,0.000000000,0.000000000,0.000000000,0.000000000,0.000000000,0.000000000,0.000000000,0.000000000,0.000000000
281,validation,1.593999982,0.896000000,0.007675091,0.004776915,0.003591950,0.007214483,0.237032160,0.008368864,0.013873365,0.011296560,0.008635989,0.005456938,0.004005182,0.002782514,0.000081957,0.007593134
282,validation,1.723999977,0.700500000,0.007539252,0.004022749,0.003659527,0.007677856,0.380349785,0.007682275,0.014870053,0.011165798,0.008144305,0.005764545,0.003632004,0.001658806,0.000067803,0.007471449
283,holdout,9.647500038,8.811500000,0.104785219,0.058201082,0.049000598,0.104699761,0.243274957,0.107118964,0.218873307,0.157546252,0.107091755,0.072837353,0.044360995,0.028001687,0.001290802,0.103494421
284,holdout,0.830999970,0.236000000,0.006292894,0.003504539,0.003692455,0.006558438,0.200090930,0.007196994,0.014119670,0.009933084,0.006184731,0.003560834,0.002372834,0.001586213,0.000096836,0.006196058
285,validation,24.964500427,25.281500000,0.129781276,0.070391066,0.072622791,0.129835263,0.316072613,0.142942429,0.254603148,0.189435825,0.136758566,0.093435228,0.060174141,0.044280682,0.001885082,0.127896190
286,train,0.257999986,0.000000000,0.002759105,0.002235813,0.001665043,0.003234472,0.361357510,0.003900856,0.006184777,0.003582129,0.002732462,0.001806406,0.001306452,0.000942403,0.000055906,0.002703199
287,holdout,3.063499928,2.350000000,0.053287864,0.032849170,0.027768824,0.054135658,0.256582022,0.059367217,0.114207096,0.082350880,0.053694259,0.033712763,0.021277741,0.014484426,0.001936504,0.051351357
288,train,12.107500076,11.905000000,0.104529306,0.051194347,0.069133833,0.101299897,0.386154979,0.118162252,0.195222124,0.157883123,0.120231748,0.077146828,0.048085332,0.028606651,0.002405212,0.102124095
289,validation,0.247999996,0.000500000,0.002556722,0.001445948,0.001378653,0.002580693,0.249656543,0.002824602,0.004786735,0.003594698,0.002623662,0.001893966,0.001424278,0.001016992,0.000026376,0.002530346
290,train,0.211500004,0.000000000,0.000000000,0.000000000,0.000000000,0.000000000,0.235023022,0.000000000,0.000000000,0.000000000,0.000000000,0.000000000,0.000000000,0.000000000,0.000000000,0.000000000
291,validation,2.503499985,2.078000000,0.016344167,0.005786820,0.011645637,0.017162241,0.278150290,0.017432459,0.032946862,0.024479523,0.017018223,0.011098898,0.007667874,0.004853612,0.000158385,0.016185781
292,train,1.151999950,0.149500000,0.008564869,0.007166380,0.004875763,0.007753730,0.345141649,0.012042143,0.015929442,0.014104855,0.010473360,0.006190823,0.003119325,0.001571406,0.000142321,0.008422548
293,train,43.772998810,51.459500000,0.411914140,0.223086268,0.235646844,0.394639939,0.390806943,0.434387267,0.830449581,0.631084085,0.440133005,0.312548190,0.154078320,0.103191942,0.018471688,0.393442571
294,train,20.317499161,16.164000000,0.148835734,0.081798434,0.082390368,0.147409722,0.398481488,0.162923768,0.299911112,0.220303848,0.153046861,0.103906259,0.071646228,0.044200104,0.002996513,0.145839229
295,train,0.187500000,0.216000000,0.003404646,0.002283217,0.001829170,0.003473090,0.257679909,0.004112387,0.007679326,0.005378504,0.003462092,0.002188447,0.001167761,0.000551744,0.000065999,0.003338647
296,validation,0.000000000,0.019500000,0.000000000,0.000000000,0.000000000,0.000000000,0.263309717,0.000000000,0.000000000,0.000000000,0.000000000,0.000000000,0.000000000,0.000000000,0.000000000,0.000000000
297,holdout,67.885498047,69.734000000,0.420871794,0.252954662,0.203941897,0.411110878,0.350211948,0.433622926,0.808494568,0.638952434,0.464348286,0.311069846,0.178369135,0.123996183,0.016864162,0.404007584
298,train,0.232500002,0.374000000,0.014555252,0.008482818,0.006489929,0.014776298,0.223500878,0.014972747,0.035113286,0.023761978,0.014575713,0.007867180,0.003806188,0.002207160,0.000189909,0.014365343
299,train,6.431499958,4.138500000,0.024678862,0.013556035,0.011836320,0.027253576,0.343706995,0.025392354,0.061589755,0.033720892,0.019502621,0.014191885,0.010692803,0.008375213,0.000270534,0.024408329
300,train,7.758999825,6.824000000,0.084723003,0.046904542,0.045927271,0.084095523,0.303442240,0.090595484,0.172544971,0.129215837,0.091072544,0.056542773,0.035270616,0.023691230,0.001887657,0.082835332
301,holdout,0.000000000,0.232500000,0.001216579,0.000001120,0.001216565,0.001228364,0.178095058,0.001217685,0.002984185,0.001992200,0.001196779,0.000658947,0.000321912,0.000145452,0.000009397,0.001207182
302,validation,0.382499993,0.239000000,0.003778024,0.001773712,0.002780777,0.003665477,0.280252129,0.004554489,0.007843366,0.005868471,0.004041305,0.002295734,0.001505161,0.001114107,0.000088601,0.003689423
303,train,0.020000000,0.000000000,0.000000000,0.000000000,0.000000000,0.000004727,0.227743357,0.000000000,0.000000000,0.000000000,0.000000000,0.000000000,0.000000000,0.000000000,0.000000000,0.000000000
304,validation,1.766999960,1.551500000,0.013478516,0.010061008,0.005633029,0.013745161,0.328987390,0.015693778,0.028143737,0.020066099,0.013507012,0.009287786,0.006011324,0.003855130,0.000220651,0.013257865
305,train,84.047996521,80.255500000,0.530672133,0.339350015,0.299498439,0.480483830,0.547579706,0.559868813,0.991688490,0.804888427,0.555614710,0.412789494,0.255925715,0.163125873,0.024138760,0.506533325
306,train,0.430500001,0.034000000,0.001364899,0.000000000,0.001364899,0.001123600,0.278337747,0.001364899,0.002122617,0.002122617,0.001594027,0.001164548,0.000838688,0.000346897,0.000007695,0.001357204
307,train,15.435999870,13.179500000,0.170652226,0.095445022,0.094708025,0.162247643,0.389981180,0.188366145,0.333463222,0.258998096,0.180462152,0.128236100,0.075540483,0.047213197,0.005698869,0.164953336
308,train,0.159999996,0.231000000,0.002908910,0.002210058,0.001455571,0.002905764,0.343058646,0.003665629,0.006058581,0.004326943,0.003152629,0.002331425,0.001078687,0.000505192,0.000045938,0.002862972
309,train,0.234999999,0.228500000,0.004159013,0.000569858,0.003648118,0.004327501,0.319154024,0.004217976,0.009623097,0.006389933,0.004169324,0.002655173,0.001373921,0.000742626,0.000034168,0.004124844
310,train,0.000000000,0.236000000,0.002941391,0.001702580,0.001384462,0.003122295,0.284957826,0.003087042,0.007176926,0.004796637,0.002863886,0.001561053,0.000803527,0.000446317,0.000033196,0.002908195
311,train,27.804500580,31.065500000,0.291819274,0.188212603,0.150162637,0.287619650,0.358711511,0.328974962,0.571373820,0.435655475,0.310830027,0.206716791,0.134830445,0.091508955,0.009581475,0.282237828
312,train,0.000000000,0.237500000,0.001998212,0.001350135,0.001292241,0.001698700,0.373616278,0.002642376,0.004076485,0.003088958,0.002126880,0.001345910,0.000839155,0.000511883,0.000043962,0.001954250
313,train,0.233500004,0.226500000,0.003435961,0.000902419,0.002548711,0.003586030,0.386407793,0.003451130,0.009349152,0.005364170,0.002910189,0.001601059,0.000846745,0.000544448,0.000034215,0.003401746
314,train,50.016998291,55.221000000,0.423738867,0.229988948,0.238094747,0.442553937,0.336481988,0.445318878,0.805310428,0.595667303,0.466701925,0.314926922,0.212542087,0.147284731,0.014558493,0.409180403
315,train,0.171000004,0.210500000,0.005712807,0.005229061,0.000631109,0.005273368,0.335292190,0.005860170,0.011255093,0.009671782,0.007130562,0.004071138,0.001522145,0.000626123,0.000042137,0.005670670
316,train,1.425999999,0.755000000,0.006840939,0.005069964,0.004494358,0.006850657,0.312257022,0.009564321,0.013495950,0.009828421,0.007032134,0.004918190,0.003383954,0.002386986,0.000089007,0.006751932
317,train,1.279500008,0.171000000,0.022591561,0.010825168,0.012176274,0.022224478,0.289867073,0.023001444,0.042881414,0.033271752,0.024353614,0.017508226,0.011100374,0.006433986,0.000384184,0.022207379
318,train,4.328000069,2.603000000,0.026179669,0.014643634,0.013479325,0.026344830,0.253292590,0.028122962,0.050265357,0.037155010,0.028137427,0.019294526,0.012689005,0.009536665,0.000347639,0.025832027
319,train,6.751999855,4.930500000,0.089573756,0.053020760,0.041299604,0.080638543,0.268134117,0.091750026,0.158901572,0.133785546,0.101729169,0.068415180,0.050244756,0.024366351,0.002684608,0.086889148
320,train,0.666000009,0.220500000,0.009898399,0.007350525,0.006798982,0.009228793,0.258838147,0.014149508,0.018747726,0.014801937,0.010772332,0.007930725,0.004458534,0.002679138,0.000244570,0.009653829
321,holdout,16.613000870,14.283500000,0.214465648,0.140495792,0.099184148,0.212424770,0.391236007,0.227224559,0.392202705,0.315187156,0.233333170,0.162495434,0.110867240,0.072708234,0.005453664,0.209012002
322,train,2.640500069,1.801500000,0.025372840,0.011149690,0.014743294,0.024683373,0.211507499,0.025892984,0.050356880,0.038741767,0.026555551,0.016913239,0.012377903,0.007291698,0.000291813,0.025081029
323,holdout,76.571998596,79.301000000,0.495366573,0.308379382,0.234748736,0.499289989,0.385781258,0.498509377,0.969440460,0.740370929,0.515953004,0.359720111,0.236074805,0.150639981,0.015487078,0.479879498
324,train,54.745998383,50.356500000,0.432278425,0.247815341,0.256902277,0.433181673,0.401807010,0.469319761,0.788949728,0.666545153,0.464799106,0.328000039,0.218079299,0.127297640,0.019982310,0.412296206
325,train,17.549999237,18.662500000,0.090172477,0.054193765,0.043163415,0.093695000,0.283545196,0.095416717,0.203838184,0.132009268,0.089646876,0.058588676,0.035418682,0.021533163,0.001228978,0.088943511
326,validation,24.761999130,20.875500000,0.163596198,0.107283354,0.083153412,0.164895296,0.384493172,0.189823955,0.321160853,0.240879819,0.174610779,0.125604853,0.070308127,0.049012575,0.003398639,0.160197541
327,holdout,-0.229499996,0.013500000,0.005345901,0.001981980,0.003415570,0.005348641,0.277393490,0.005397550,0.010408379,0.007822573,0.005711948,0.004037671,0.002624641,0.001470188,0.000069523,0.005276377
328,train,1.769000053,0.996500000,0.027915210,0.017187398,0.012515844,0.026749622,0.283278108,0.029703243,0.058060855,0.042577069,0.029544484,0.020256121,0.011072653,0.005980073,0.000373586,0.027541624
329,train,42.806499481,41.524000000,0.250554472,0.142866299,0.128756478,0.243946552,0.382237345,0.265177757,0.474153668,0.386973411,0.279410034,0.179108188,0.111130714,0.072550736,0.005825779,0.244728684
330,train,3.828999996,2.692500000,0.021665037,0.014488209,0.007384188,0.017615562,0.305211604,0.021825653,0.032785431,0.032785431,0.024618085,0.016044594,0.011841505,0.011915188,0.000139008,0.021526029
331,train,0.000000000,0.233000000,0.000003534,0.000003532,0.000000377,0.000002991,0.182113156,0.000003909,0.000000000,0.000000000,0.000000000,0.000000011,0.000002194,0.000018997,0.000000030,0.000003504
332,train,19.975999832,19.770000000,0.230581924,0.134381995,0.103994407,0.230155841,0.303486317,0.235963985,0.437849104,0.332733601,0.241677165,0.162771493,0.112981439,0.095478661,0.010913452,0.219668448
333,train,24.593000412,26.476500000,0.176473647,0.102041215,0.093197227,0.172221899,0.356214017,0.188931659,0.347592324,0.267864347,0.200078696,0.132642478,0.068964630,0.041699402,0.004994017,0.171479642
334,train,32.283500671,43.036500000,0.413850158,0.243529543,0.229275063,0.413121223,0.395163566,0.453795016,0.806539774,0.632531881,0.437976360,0.278837860,0.192297369,0.134917960,0.014812888,0.399037302
335,train,1.843500018,2.014000000,0.026615568,0.018970726,0.013748209,0.027109524,0.289669722,0.032718938,0.049959488,0.038347401,0.027801493,0.019531131,0.014062714,0.009991182,0.000563240,0.026052330
336,train,1.895499945,1.364500000,0.033849452,0.017696384,0.016741425,0.032899659,0.267394155,0.034437809,0.068698198,0.053086650,0.037711240,0.023902332,0.012523746,0.007174552,0.000803807,0.033045646
337,train,0.303000003,-0.621500000,0.011208424,0.006280633,0.006355585,0.011227910,0.301804215,0.012636218,0.024139877,0.019710466,0.013200676,0.005987613,0.002802732,0.001409175,0.000251403,0.010957021
338,holdout,22.200000763,20.477000000,0.110948272,0.055252995,0.073135659,0.099277675,0.296550840,0.128192440,0.201317444,0.171429679,0.119967259,0.081427388,0.056361325,0.035186607,0.000993804,0.109954476
339,train,0.674499989,1.669500000,0.013652484,0.009770082,0.003931262,0.013600954,0.337269753,0.013701345,0.029601214,0.020532520,0.013621286,0.008845629,0.005619323,0.003694929,0.000137073,0.013515412
340,holdout,12.038999557,11.290000000,0.123201795,0.071176380,0.061206389,0.123405904,0.302300960,0.128994301,0.250011444,0.191421047,0.135388285,0.088557005,0.046422102,0.027410859,0.001992974,0.121208802
341,holdout,40.133998871,40.447500000,0.325537384,0.193890765,0.154110119,0.329213798,0.345028341,0.336449355,0.632444501,0.492488444,0.361669123,0.240340561,0.148070469,0.078211404,0.008713864,0.316823542
342,train,6.856500149,4.555500000,0.073201977,0.038999058,0.039158501,0.073832929,0.315453500,0.072632365,0.158411473,0.113619238,0.076162517,0.046913467,0.027505931,0.016599257,0.001486336,0.071715653
343,holdout,0.461499989,0.234500000,0.005789311,0.001653449,0.005397729,0.006498839,0.302171439,0.007051178,0.012652436,0.008546868,0.006122299,0.003563668,0.002210847,0.001639747,0.000059630,0.005729681
344,train,70.456497192,77.661000000,0.359086186,0.199202836,0.168262005,0.357478499,0.358087242,0.363285035,0.691974401,0.533035219,0.383641899,0.262227416,0.162561983,0.121075869,0.010929641,0.348156482
345,validation,21.336500168,23.100500000,0.109110802,0.054684855,0.064741284,0.113219872,0.233763516,0.115666777,0.222300828,0.157448739,0.108141251,0.078777164,0.054560296,0.033436574,0.001400147,0.107710660
346,train,0.000000000,0.012000000,0.000000000,0.000000000,0.000000000,0.000000000,0.264800161,0.000000000,0.000000000,0.000000000,0.000000000,0.000000000,0.000000000,0.000000000,0.000000000,0.000000000
347,validation,1.669499993,0.633500000,0.007405045,0.006442558,0.003367385,0.007633301,0.324635744,0.009809943,0.015167709,0.010678953,0.007553211,0.005723327,0.003509479,0.001797584,0.000100696,0.007304348
348,holdout,3.464999914,1.903500000,0.009373490,0.006295499,0.003766361,0.009587410,0.243385732,0.010061860,0.018083967,0.013087875,0.009368548,0.006824472,0.005083250,0.003792824,0.000157412,0.009216078
349,train,0.897000015,0.781000000,0.019888869,0.009684510,0.011560562,0.019907176,0.309156626,0.021245070,0.036789119,0.030841595,0.022622790,0.014898336,0.009079756,0.005101593,0.000338733,0.019550132
350,holdout,3.368499994,1.452000000,0.017599622,0.008586178,0.011002912,0.016896784,0.209137633,0.019576930,0.031450041,0.023651041,0.017982390,0.014375137,0.010792963,0.007346153,0.000293955,0.017305665
351,validation,-3.387000084,-3.098000000,0.091077454,0.047245469,0.048613656,0.091362014,0.349960089,0.095859133,0.175040677,0.131861433,0.095588349,0.067058533,0.046935521,0.029980218,0.002973107,0.088104352
352,train,6.919000149,4.111500000,0.052438494,0.024550300,0.032350957,0.053612500,0.340459615,0.056877647,0.110728286,0.080117315,0.053624384,0.033380795,0.022460273,0.014319919,0.001316948,0.051121544
353,train,4.263000011,3.856500000,0.028550168,0.017385719,0.012020431,0.028535610,0.245417148,0.029372370,0.061905984,0.043140944,0.028016552,0.018169140,0.011495113,0.008573286,0.000415270,0.028134897
354,train,1.577999949,0.776000000,0.020418679,0.009723134,0.010789996,0.020337008,0.308424443,0.020513130,0.043415625,0.032245472,0.021653147,0.012951671,0.007492051,0.004754111,0.000297153,0.020121526
355,train,43.605998993,38.352000000,0.474032134,0.308875710,0.246940792,0.472760618,0.419138104,0.524633169,0.913891971,0.739695966,0.525890827,0.315769821,0.223216251,0.125727683,0.020460803,0.453571260
356,train,4.153500080,3.325500000,0.031118300,0.014241442,0.019233271,0.033769887,0.306503475,0.032959349,0.066752382,0.046102222,0.033298519,0.021327144,0.012214610,0.007014919,0.000413971,0.030704327
357,train,0.371499985,0.001500000,0.000049882,0.000000000,0.000049882,0.000000035,0.316333324,0.000049882,0.000000000,0.000000000,0.000000000,0.000000000,0.000000517,0.000298776,0.000000479,0.000049403
358,train,1.004500031,-0.360500000,0.007462420,0.003421468,0.004837412,0.008984815,0.256600887,0.008258880,0.017787879,0.011008279,0.008023337,0.004786928,0.002144655,0.001023435,0.000181170,0.007281249
359,validation,40.826499939,48.213500000,0.447473764,0.274397165,0.248220026,0.427549720,0.384721071,0.483814776,0.802632987,0.655418694,0.492863417,0.334855407,0.240698650,0.158373460,0.019842256,0.427631497
360,train,0.938499987,0.103500000,0.012636437,0.007485510,0.007091462,0.013364556,0.244617924,0.014576972,0.029287323,0.022488017,0.013710714,0.006563321,0.002736034,0.001033204,0.000158505,0.012477932
361,train,1.468500018,0.314500000,0.000000000,0.000000000,0.000000000,0.000000045,0.322747737,0.000000000,0.000000000,0.000000000,0.000000000,0.000000000,0.000000000,0.000000002,0.000000000,0.000000000
362,validation,0.435499996,0.000000000,0.000000000,0.000000000,0.000000000,0.000000000,0.186091557,0.000000000,0.000000000,0.000000000,0.000000000,0.000000000,0.000000000,0.000000000,0.000000000,0.000000000
363,train,21.471500397,18.102000000,0.151967183,0.083816260,0.086703189,0.148697779,0.350839525,0.169330925,0.292767078,0.234205335,0.161794260,0.103567831,0.069396488,0.050072070,0.003450917,0.148516268
364,train,29.430999756,36.193000000,0.434179187,0.249020070,0.226155177,0.439308226,0.387391686,0.457623005,0.843367577,0.666054249,0.473724306,0.309338391,0.190437317,0.122152999,0.016084621,0.418094605
365,train,0.741999984,0.442000000,0.002686210,0.002347118,0.000827854,0.001906634,0.264872491,0.003174972,0.002935335,0.002306871,0.004575068,0.003972845,0.001594392,0.000732748,0.000025727,0.002660483
366,train,6.714000225,6.247000000,0.049308173,0.031710345,0.023647226,0.046583317,0.199959740,0.052735180,0.099741369,0.074975654,0.055141632,0.040731177,0.018355075,0.006904099,0.000564822,0.048743345
367,train,16.982500076,15.757000000,0.139146984,0.080306858,0.068487063,0.137111649,0.278153688,0.142410979,0.274075031,0.210979685,0.151853070,0.103377201,0.056470562,0.038126323,0.002477083,0.136669889
368,train,0.172499999,0.079000000,0.002437864,0.001328913,0.001809467,0.002467115,0.223146230,0.003138380,0.006182886,0.003880376,0.002208926,0.001295699,0.000684758,0.000374539,0.000054323,0.002383542
369,train,8.069000244,6.331500000,0.053629398,0.032695904,0.027818585,0.055773582,0.246031970,0.059893832,0.120899990,0.083851844,0.049709253,0.033332985,0.020937145,0.013045194,0.001338303,0.052291106
370,train,5.221499920,4.420500000,0.022939907,0.009848212,0.015374892,0.021388985,0.210931450,0.025221542,0.043971717,0.033971459,0.024441784,0.017904717,0.010397727,0.006952039,0.000455857,0.022484053
371,train,0.088000000,1.006000000,0.013992619,0.008205946,0.005949311,0.014215989,0.239502043,0.014155257,0.034356263,0.022955753,0.013767202,0.007273185,0.003464469,0.002138841,0.000165693,0.013826927
372,train,0.421000004,0.258500000,0.000002307,0.000000591,0.000001716,0.000000219,0.287765920,0.000002307,0.000000000,0.000000000,0.000000000,0.000000000,0.000000383,0.000013459,0.000000008,0.000002299
373,train,3.153000116,2.502000000,0.058142066,0.028937876,0.032477628,0.058378138,0.319224447,0.058688495,0.120541066,0.089877628,0.061129455,0.037682224,0.023987554,0.015634488,0.001262497,0.056879569
374,train,5.393499851,3.757000000,0.086759627,0.059638754,0.028209526,0.084574096,0.307489961,0.086753607,0.153675035,0.119168028,0.095282450,0.072196886,0.050695859,0.029539473,0.001883163,0.084876455
375,train,0.382499993,0.000000000,0.002375965,0.002001866,0.000962900,0.002973068,0.341532588,0.002964766,0.006177009,0.003234328,0.002337579,0.001159597,0.000800319,0.000546961,0.000046992,0.002328973
376,validation,2.154500008,0.450500000,0.077185392,0.047620311,0.048445940,0.077423856,0.348422050,0.096066244,0.140105471,0.102105312,0.074176945,0.062934630,0.049406461,0.034383543,0.001629960,0.075555436
377,train,5.697999954,5.955000000,0.022691652,0.017024856,0.007398220,0.016311835,0.242049381,0.023930887,0.024798460,0.022201333,0.036855731,0.032054096,0.014094852,0.006145425,0.000271652,0.022419998
378,train,8.416999817,8.279500000,0.099338375,0.058548462,0.047420334,0.096138380,0.246934667,0.105254531,0.189256161,0.151320979,0.106373526,0.072316274,0.047162645,0.029600710,0.002380990,0.096957400
379,train,0.293000013,0.262000000,0.000000000,0.000000000,0.000000000,0.000000000,0.327588886,0.000000000,0.000000000,0.000000000,0.000000000,0.000000000,0.000000000,0.000000000,0.000000000,0.000000000
380,train,11.470000267,12.338000000,0.036729403,0.023504684,0.015458742,0.031767674,0.229096234,0.038501009,0.058416221,0.042430393,0.027896859,0.021939373,0.039731421,0.029962126,0.000437166,0.036292236
381,train,0.922999978,-0.118000000,0.000965949,0.000754988,0.000263315,0.001223743,0.206095010,0.001018303,0.001383857,0.001181107,0.001433290,0.001038787,0.000483634,0.000275017,0.000016806,0.000949143
382,train,0.000000000,0.232500000,0.000000000,0.000000000,0.000000000,0.000000000,0.263853818,0.000000000,0.000000000,0.000000000,0.000000000,0.000000000,0.000000000,0.000000000,0.000000000,0.000000000
383,holdout,0.000000000,0.243500000,0.000000000,0.000000000,0.000000000,0.000000000,0.301138133,0.000000000,0.000000000,0.000000000,0.000000000,0.000000000,0.000000000,0.000000000,0.000000000,0.000000000
384,holdout,0.981500030,0.244500000,0.003434566,0.001574857,0.002438394,0.004226936,0.231389627,0.004013251,0.007639094,0.005485629,0.003121275,0.001846812,0.001442365,0.001072224,0.000042661,0.003391905
385,holdout,35.158500671,43.094000000,0.416098058,0.261030674,0.225110188,0.399285167,0.475823641,0.457387000,0.794094205,0.596908987,0.437236816,0.288368791,0.223934799,0.156044826,0.013269734,0.402828306
386,holdout,2.693500042,-0.052000000,0.018459300,0.012597596,0.008219061,0.019012218,0.254535526,0.020816628,0.041720815,0.029646005,0.019218517,0.011703528,0.005946956,0.002519969,0.000399574,0.018059725
387,train,7.278500080,4.658500000,0.062007997,0.032901105,0.033992819,0.061389510,0.332755089,0.066287130,0.111224525,0.091481842,0.069648638,0.045661204,0.032689251,0.021342527,0.001113195,0.060894798
388,holdout,17.224500656,14.932000000,0.107464552,0.061764818,0.047560811,0.104561597,0.327678442,0.109029338,0.217310354,0.151183948,0.102719076,0.091262832,0.050018273,0.032292850,0.002910586,0.104553975
389,train,5.087500095,3.947500000,0.057063013,0.029983070,0.033112150,0.057790481,0.311952025,0.059778783,0.127072632,0.088442571,0.057311203,0.034122739,0.021093048,0.014335892,0.001175204,0.055887811
390,train,0.427500010,0.000000000,0.000204278,0.000000000,0.000204278,0.000021672,0.301298440,0.000204278,0.000000000,0.000000000,0.000000000,0.000545677,0.000611999,0.000067991,0.000001113,0.000203165
391,validation,3.955499887,2.748000000,0.015308315,0.011985466,0.006943029,0.015633633,0.204184055,0.018928494,0.031123813,0.022393968,0.015095383,0.010814692,0.007376058,0.005045970,0.000279115,0.015029200
392,train,21.862499237,23.088000000,0.191303521,0.121756829,0.097678579,0.181712836,0.315703660,0.212530911,0.362916172,0.282302946,0.220961750,0.151435927,0.081438385,0.048765928,0.006167715,0.185135812
393,train,0.081500001,0.294000000,0.006165859,0.003227779,0.004359308,0.006181024,0.251208663,0.007587087,0.013423800,0.008566284,0.006006902,0.004732023,0.002790690,0.001475452,0.000134810,0.006031048
394,train,1.727499962,0.524500000,0.012394520,0.008059743,0.004541384,0.012362348,0.304570228,0.012601126,0.024560055,0.018058596,0.012802142,0.009011375,0.006219520,0.003715426,0.000165371,0.012229147
395,train,68.957000732,70.081000000,0.445722163,0.279229224,0.211186990,0.433596164,0.355915338,0.455938935,0.793904245,0.592605472,0.469056159,0.378169239,0.278686166,0.161911488,0.012582584,0.433139563
396,holdout,61.785999298,68.129500000,0.395918041,0.235857546,0.202965826,0.396310985,0.331918061,0.406836748,0.762904286,0.573757946,0.404830337,0.289896607,0.203840747,0.140278235,0.012011141,0.383906931
397,train,2.292500019,2.158500000,0.012908349,0.006129699,0.007902681,0.013668486,0.260597259,0.014031138,0.027211111,0.020004155,0.013634769,0.009379595,0.004655221,0.002565240,0.000193756,0.012714593
398,train,0.082999997,1.133500000,0.012003028,0.007783907,0.005420885,0.012149093,0.236184821,0.013204792,0.029952379,0.019293174,0.011140216,0.006361670,0.003262416,0.002008314,0.000102564,0.011900466
399,validation,28.964500427,28.958000000,0.175577417,0.083241068,0.109313987,0.174689591,0.356106579,0.189460084,0.372657657,0.265029877,0.178229108,0.124688245,0.074864537,0.037995130,0.002282609,0.173294812
400,validation,0.368000001,0.180500000,0.000539177,0.000041274,0.000529124,0.000132905,0.247375250,0.000570398,0.000000000,0.000135553,0.000230244,0.000216651,0.000275258,0.002377355,0.000006865,0.000532312
401,train,14.855500221,14.018000000,0.119632214,0.061188921,0.060730271,0.118482932,0.325384140,0.119398922,0.204877213,0.171787173,0.132395655,0.095881984,0.065711945,0.047139242,0.003424372,0.116207838
402,holdout,-0.150000006,0.132000000,0.003294487,0.002537254,0.001660771,0.003388938,0.320541531,0.004198026,0.007938974,0.005305281,0.003408863,0.001565793,0.000923901,0.000624109,0.000038769,0.003255718
403,train,8.390000343,8.935000000,0.043410331,0.017923223,0.027011501,0.041605800,0.339141399,0.044934724,0.084924534,0.068679295,0.045270532,0.029890781,0.019391650,0.012305179,0.000734769,0.042675562
404,train,7.528500080,6.402000000,0.064216606,0.039293200,0.027940325,0.059555314,0.252593309,0.065649264,0.121784121,0.097783707,0.070105202,0.046485994,0.030748589,0.018392026,0.000638919,0.063577689
405,train,60.758499146,66.939000000,0.440949202,0.265226930,0.223282725,0.439413011,0.363587469,0.460015446,0.798857450,0.627664804,0.469480932,0.346463144,0.244062215,0.159166768,0.013968747,0.426980555
406,train,0.612999976,0.263000000,0.003528581,0.001441904,0.002290830,0.002707778,0.271087140,0.003732734,0.005092085,0.003504450,0.002279592,0.003247170,0.004163235,0.002884957,0.000029608,0.003498974
407,train,49.767501831,41.749500000,0.423534453,0.245702624,0.246365353,0.402650535,0.439385414,0.462186903,0.772439003,0.664200425,0.439920545,0.314120770,0.222310930,0.128214747,0.020311313,0.403223097
408,validation,0.000000000,0.234000000,0.000000000,0.000000000,0.000000000,0.000000000,0.259701103,0.000000000,0.000000000,0.000000000,0.000000000,0.000000000,0.000000000,0.000000000,0.000000000,0.000000000
409,train,0.715499997,0.220500000,0.000000000,0.000000000,0.000000000,0.000000008,0.225440174,0.000000000,0.000000000,0.000000000,0.000000000,0.000000000,0.000000000,0.000000000,0.000000000,0.000000000
410,train,1.236500025,-0.160500000,0.008417249,0.003466720,0.005701292,0.009325188,0.286181748,0.009168013,0.022188857,0.012940576,0.007837919,0.004467031,0.002035036,0.001034073,0.000170242,0.008247007
411,holdout,0.935500026,0.237500000,0.007061304,0.003590949,0.003899349,0.007282154,0.189043924,0.007490298,0.015535176,0.010806491,0.006684300,0.004316267,0.002985656,0.002039931,0.000148428,0.006912876
412,holdout,3.549499989,3.386500000,0.033903994,0.023502484,0.017418275,0.032286469,0.298648626,0.039573122,0.074369043,0.058524691,0.038824823,0.018078351,0.008628096,0.004998964,0.000633016,0.033270977
413,train,0.344000012,0.514000000,0.005682958,0.002847214,0.004108091,0.005899938,0.265704870,0.006955306,0.012257436,0.007853677,0.005496233,0.003749421,0.002764068,0.001976911,0.000122963,0.005559995
414,train,0.546999991,0.428000000,0.014103685,0.007233493,0.009171052,0.014213494,0.247851774,0.016404545,0.030780718,0.021401832,0.014141921,0.009123596,0.005318000,0.003856031,0.000312243,0.013791439
415,train,4.758999825,5.422500000,0.042765472,0.015871441,0.029877299,0.039546899,0.312161088,0.045748740,0.086373024,0.070755564,0.045478318,0.028809635,0.015706906,0.009469386,0.000917841,0.041847631
416,train,2.454999924,1.379500000,0.031001631,0.018542837,0.013915861,0.028770216,0.267463148,0.032458700,0.063015491,0.046479423,0.034643840,0.022986446,0.012190317,0.006694263,0.000621888,0.030379742
417,train,0.097000003,0.238500000,0.002694817,0.001237497,0.001459111,0.002699408,0.316796690,0.002696608,0.006441528,0.004283032,0.002549466,0.001450609,0.000944798,0.000499470,0.000022973,0.002671844
418,train,56.243000031,63.688000000,0.391990662,0.232892558,0.178468138,0.389582485,0.352208793,0.401713312,0.733797729,0.569758832,0.411737382,0.294995219,0.205919474,0.135735273,0.015187509,0.376803130
419,holdout,38.798000336,35.403000000,0.369842023,0.200192973,0.197251901,0.347290576,0.361375302,0.380562246,0.645189166,0.528353393,0.400955647,0.301570952,0.218551666,0.124431133,0.012334788,0.357507199
420,train,0.472999990,0.087000000,0.000000008,0.000000000,0.000000008,0.000000000,0.234267384,0.000000008,0.000000000,0.000000000,0.000000000,0.000000000,0.000000000,0.000000049,0.000000000,0.000000008
421,train,0.000000000,0.243500000,0.000000646,0.000000646,0.000000000,0.000000281,0.264279425,0.000000646,0.000000000,0.000000000,0.000000000,0.000000000,0.000000222,0.000003656,0.000000003,0.000000643
422,train,1.244500041,0.736500000,0.008019099,0.005141712,0.003894429,0.008465436,0.285982370,0.009036141,0.017753057,0.012866602,0.008379580,0.005952918,0.002141326,0.001021108,0.000168290,0.007850809
423,validation,72.930000305,73.946000000,0.431488812,0.251595765,0.204497874,0.415344357,0.385455877,0.432047546,0.813032806,0.641094506,0.458196133,0.338669837,0.202666104,0.135273471,0.016699459,0.414789379
424,validation,0.744000018,0.259500000,0.001335395,0.000007474,0.001327921,0.001162980,0.239531115,0.001335395,0.002498603,0.002498603,0.001873345,0.000547891,0.000505793,0.000088136,0.000005283,0.001330113
425,train,6.783500195,5.265500000,0.056551065,0.031511530,0.032416373,0.055692632,0.329710186,0.063822553,0.105162054,0.085570909,0.062931366,0.043641772,0.026895400,0.015104906,0.001259633,0.055291437
426,train,0.666999996,0.014500000,0.001554033,0.000000000,0.001554033,0.001155195,0.235450193,0.001554033,0.002498603,0.002498603,0.001879421,0.001378975,0.000991000,0.000077595,0.000011061,0.001542972
427,train,10.996000290,9.520000000,0.089663647,0.054745376,0.043829948,0.091030046,0.297742188,0.098534569,0.182432160,0.136608213,0.094289899,0.059075221,0.038941901,0.026634440,0.002259913,0.087403737
428,train,0.911000013,0.282500000,0.003649241,0.001367390,0.002560908,0.002707645,0.253347158,0.003928299,0.005093482,0.003507937,0.002728097,0.004130832,0.003678745,0.002756351,0.000036183,0.003613058
429,validation,0.472499996,0.069500000,0.005811760,0.004892302,0.001357772,0.006019234,0.289592445,0.006250074,0.012115804,0.010283671,0.007298596,0.002934544,0.001442028,0.000795916,0.000064068,0.005747692
430,train,27.049999237,26.982000000,0.216637611,0.119722500,0.104430653,0.206244305,0.264038473,0.220852673,0.379086047,0.335820764,0.264493793,0.164485350,0.094741099,0.061198652,0.009130386,0.207507223
431,train,5.234499931,2.905500000,0.014297781,0.009175507,0.007778010,0.013165901,0.234811381,0.016953519,0.023641791,0.021190003,0.015389669,0.010169555,0.008649569,0.006746090,0.000346953,0.013950828
432,train,0.086999997,0.249000000,0.004583072,0.002281650,0.002415083,0.004916811,0.299448073,0.004696733,0.009890822,0.006940266,0.004629688,0.002971268,0.001925321,0.001141069,0.000138427,0.004444646
433,holdout,9.121999741,9.494000000,0.061994713,0.036339723,0.030113544,0.061319470,0.266444713,0.062914558,0.133433998,0.099570736,0.065673463,0.039692257,0.021200396,0.012397415,0.001442523,0.060552191
434,train,0.000000000,0.241500000,0.002561076,0.002542853,0.000130964,0.002699938,0.317051947,0.002673817,0.006209402,0.004149662,0.002476525,0.001355989,0.000731049,0.000443829,0.000030829,0.002530247
435,train,0.721000016,0.097500000,0.009894279,0.006498955,0.004896546,0.010526983,0.252990663,0.011395500,0.022704393,0.016459994,0.011127301,0.005335383,0.002542009,0.001196590,0.000124739,0.009769540
436,validation,73.080497742,77.531000000,0.398505598,0.229224533,0.184637323,0.399667680,0.358117104,0.399463922,0.781644762,0.583239317,0.406718045,0.319039494,0.176334903,0.124056995,0.013947502,0.384558082
437,train,1.143000007,0.866500000,0.007850561,0.004425764,0.005646888,0.007278981,0.284885794,0.010072652,0.015073854,0.012779971,0.009548455,0.006264238,0.002134803,0.001302049,0.000108074,0.007742488
438,train,4.158500195,2.962500000,0.056088615,0.032399554,0.029898573,0.053132694,0.289087176,0.060955830,0.109616563,0.075161584,0.063544929,0.047479108,0.025489377,0.015240129,0.000914083,0.055174533
439,train,0.000000000,0.062500000,0.000000000,0.000000000,0.000000000,0.000000000,0.226338327,0.000000000,0.000000000,0.000000000,0.000000000,0.000000000,0.000000000,0.000000000,0.000000000,0.000000000
440,holdout,0.381500006,0.070000000,0.001332798,0.000000401,0.001332790,0.001194174,0.243209660,0.001333191,0.002443293,0.001835441,0.001342271,0.000965300,0.000820103,0.000590379,0.000011674,0.001321124
441,train,0.415499985,0.240500000,0.008891737,0.006456207,0.003536084,0.008676769,0.217571497,0.009992292,0.017533302,0.014170643,0.010392674,0.006470755,0.002982011,0.001801033,0.000158890,0.008732846
442,train,0.000000000,0.073000000,0.000000000,0.000000000,0.000000000,0.000000000,0.242591351,0.000000000,0.000000000,0.000000000,0.000000000,0.000000000,0.000000000,0.000000000,0.000000000,0.000000000
443,validation,31.335500717,33.732000000,0.248176306,0.123755306,0.150843054,0.248668969,0.345964164,0.252866149,0.476265043,0.359922588,0.274101466,0.191820741,0.112964772,0.073983222,0.007161551,0.241014764
444,train,12.112500191,12.310000000,0.077548184,0.042620108,0.040490057,0.079078354,0.291497648,0.081445530,0.159583449,0.114092946,0.079297893,0.052783389,0.035296880,0.024234541,0.001551747,0.075996436
445,train,0.887000024,0.614500000,0.014921028,0.008345683,0.008575628,0.015083311,0.264460057,0.016921310,0.032134380,0.022627860,0.016523046,0.011159540,0.004730272,0.002351065,0.000213719,0.014707308
446,train,9.270999908,5.747000000,0.097246684,0.057227261,0.050541557,0.099990323,0.361995310,0.107765973,0.215994313,0.148771152,0.093136340,0.056906801,0.040630724,0.028040757,0.002093345,0.095153347
447,train,0.028000001,0.212500000,0.002705764,0.002258473,0.001253647,0.002563362,0.400775790,0.003512119,0.005145422,0.003867356,0.003603683,0.002228285,0.000974841,0.000414998,0.000032894,0.002672871
448,train,4.119999886,3.398500000,0.021813767,0.009319310,0.013669331,0.022578197,0.193159640,0.022507753,0.055904455,0.031052746,0.020494452,0.012675900,0.006528242,0.004226799,0.000293980,0.021519788
449,train,0.000000000,0.223500000,0.000000343,0.000000343,0.000000000,0.000000131,0.271541208,0.000000343,0.000000000,0.000000000,0.000000000,0.000000000,0.000000033,0.000002028,0.000000002,0.000000342
450,train,57.971500397,59.969000000,0.293157637,0.153358474,0.153941318,0.288178921,0.347056121,0.303816557,0.532230794,0.419254005,0.337241292,0.231604263,0.146301776,0.092313789,0.006368241,0.286789417
451,train,0.025500000,0.227000000,0.004637050,0.002649283,0.002598531,0.004635449,0.279367507,0.005247815,0.011742588,0.006788760,0.004069745,0.002582230,0.001697219,0.000941762,0.000074625,0.004562425
452,train,17.125999451,16.666500000,0.095469490,0.054531280,0.049902819,0.103130803,0.254556417,0.102481298,0.216096357,0.144305408,0.094801426,0.060334262,0.036335904,0.020943649,0.001660191,0.093809322
453,train,3.269000053,2.630500000,0.060688190,0.039554060,0.027729278,0.060909212,0.252440184,0.067255519,0.120798491,0.089605160,0.063150257,0.043839879,0.028742792,0.017992564,0.001240800,0.059447389
454,train,1.603999972,0.935500000,0.012520505,0.008202844,0.006368467,0.014399498,0.251498491,0.014571309,0.036374219,0.018352803,0.011227262,0.006347911,0.001673216,0.001147621,0.000187551,0.012332955
455,holdout,74.102500916,76.018000000,0.512495637,0.323797405,0.273407906,0.501871645,0.453323036,0.526849031,0.971656501,0.770565748,0.547765613,0.373737782,0.244300708,0.166946858,0.020844491,0.491651058
456,train,0.323000014,0.567000000,0.014981511,0.008685661,0.006594946,0.015162917,0.310875684,0.015280605,0.035104737,0.023779195,0.014910634,0.008477559,0.004625409,0.002991523,0.000199537,0.014781974
457,train,8.962499619,6.855500000,0.079486407,0.042767055,0.037386395,0.079084858,0.270653993,0.079162344,0.156528041,0.116569549,0.083756313,0.058763176,0.036856107,0.024445249,0.001139394,0.078347005
458,holdout,17.807500839,14.934500000,0.112651043,0.056889310,0.062543854,0.107119620,0.305857092,0.119433112,0.203493178,0.158465132,0.123573869,0.087085664,0.061197776,0.042090584,0.002114441,0.110536590
459,train,10.083499908,10.062000000,0.090702072,0.048449881,0.049235221,0.090679951,0.311701298,0.097402260,0.171311527,0.128553957,0.093138963,0.070270166,0.049059629,0.031878162,0.002594523,0.088107541
460,train,0.694999993,0.582000000,0.005924582,0.003912882,0.002022229,0.005924601,0.325025022,0.005935111,0.012777077,0.009001614,0.005964474,0.003827920,0.002454488,0.001521920,0.000063121,0.005861462
461,train,1.478999972,0.833000000,0.010540726,0.006741151,0.006365557,0.010946892,0.306328118,0.013106708,0.025882196,0.015464088,0.011438757,0.006968189,0.002447078,0.001044048,0.000205022,0.010335703
462,train,50.559501648,52.488500000,0.231664225,0.129165441,0.116001189,0.223567650,0.418170631,0.242600694,0.456349909,0.357963830,0.259902745,0.154940709,0.091757946,0.069070175,0.005581872,0.226082355
463,train,1.226500034,0.663500000,0.010193503,0.006710660,0.005827595,0.010905523,0.296767980,0.012538254,0.025882196,0.015452655,0.010573674,0.006198841,0.002183694,0.000869952,0.000199894,0.009993608
464,train,0.008000000,0.231500000,0.001108676,0.001108351,0.000033560,0.001071281,0.199975148,0.001141911,0.002154414,0.001559263,0.001078951,0.000747557,0.000673064,0.000438806,0.000011462,0.001097214
465,train,2.394500017,1.719500000,0.014498728,0.009363579,0.005357577,0.014238250,0.223460317,0.014720953,0.029465392,0.020495560,0.013369084,0.011026563,0.006927727,0.005708047,0.000143569,0.014355161
466,validation,1.983000040,0.669500000,0.008594280,0.005249593,0.003444623,0.008470571,0.223751992,0.008692591,0.014394074,0.013006514,0.009764638,0.007028673,0.004503503,0.002868276,0.000140022,0.008454257
467,train,0.298000008,0.000000000,0.002373034,0.002030748,0.000950854,0.002932648,0.345778584,0.002981601,0.006180836,0.003348214,0.002338959,0.001159535,0.000711565,0.000499093,0.000050843,0.002322191
468,validation,5.806000233,4.857500000,0.062226873,0.041539915,0.029310297,0.056607496,0.250546366,0.070842542,0.117061369,0.104457609,0.066020809,0.041963719,0.023834506,0.020023206,0.000947043,0.061279826
469,train,0.358000010,0.308000000,0.010558385,0.003828513,0.006763201,0.010401613,0.299583822,0.010591715,0.020273244,0.016173761,0.011528995,0.007668393,0.004586976,0.003118945,0.000196362,0.010362023
470,train,2.211499929,0.417000000,0.015062282,0.008877896,0.007972715,0.016261743,0.324880242,0.016850611,0.035959452,0.026691079,0.014514660,0.006332640,0.004359121,0.002516744,0.000177925,0.014884357
471,train,0.225999996,0.229000000,0.001759830,0.001032786,0.001155593,0.001768018,0.266570270,0.002188379,0.002918619,0.002921715,0.002266516,0.001520645,0.000624080,0.000307404,0.000011964,0.001747866
472,train,25.073499680,26.797500000,0.213382870,0.115515001,0.121792622,0.208457202,0.346007735,0.227532640,0.434183478,0.316399544,0.221290141,0.146093979,0.097933702,0.064396091,0.007999931,0.205382884
473,train,64.580001831,75.450500000,0.447742730,0.268737406,0.207850799,0.446230054,0.418611467,0.457484543,0.840013564,0.657435358,0.487690449,0.326962084,0.224618703,0.149736688,0.011864395,0.435878456
474,train,77.630996704,73.839500000,0.540103555,0.349839509,0.307960242,0.499074966,0.550664008,0.579560518,1.028508902,0.833779812,0.560117602,0.417307585,0.247738004,0.153169453,0.026448144,0.513655424
475,train,1.416000009,0.457000000,0.001313821,0.000012288,0.001301533,0.001313821,0.199120045,0.001313821,0.002525943,0.001896710,0.001378918,0.000951049,0.000634143,0.000496163,0.000009597,0.001304224
476,train,21.351499557,23.795500000,0.337550521,0.198263481,0.155998230,0.321415305,0.364290118,0.346572369,0.642692626,0.494951785,0.371640772,0.246224418,0.154379651,0.115413949,0.016014336,0.321536183
477,train,1.338000059,1.108500000,0.012079339,0.008305190,0.006774450,0.011567984,0.284566700,0.015079640,0.022641130,0.018154047,0.013499374,0.008798735,0.005710057,0.003672691,0.000180996,0.011898343
478,train,0.242500007,0.000000000,0.000224732,0.000103749,0.000120983,0.000222230,0.292902648,0.000224732,0.000000000,0.000000000,0.000037252,0.000264992,0.000495261,0.000550888,0.000001347,0.000223386
479,train,17.878499985,14.608500000,0.137762606,0.070644610,0.086424246,0.137587398,0.344164729,0.155792326,0.263663471,0.198069274,0.141950771,0.101397924,0.074922875,0.046571337,0.003350424,0.134412199
480,train,0.194499999,0.000000000,0.000000000,0.000000000,0.000000000,0.000000000,0.242295653,0.000000000,0.000000000,0.000000000,0.000000000,0.000000000,0.000000000,0.000000000,0.000000000,0.000000000
481,validation,0.532500029,0.121500000,0.000000000,0.000000000,0.000000000,0.000000000,0.241394252,0.000000000,0.000000000,0.000000000,0.000000000,0.000000000,0.000000000,0.000000000,0.000000000,0.000000000
482,train,10.477499962,11.305000000,0.136425927,0.080531910,0.061539885,0.128062993,0.255753875,0.140541360,0.244212478,0.192302421,0.144243538,0.106991254,0.077597894,0.053207964,0.003192433,0.133233488
483,train,8.387999535,10.967000000,0.088995405,0.057553202,0.039506804,0.089416549,0.326724708,0.096660800,0.164940655,0.137205705,0.098965883,0.068486631,0.040986717,0.023386827,0.001989220,0.087006189
484,validation,14.140500069,14.192000000,0.155968040,0.083801717,0.084985204,0.149273098,0.289652586,0.166634351,0.278269202,0.215949491,0.169474944,0.126684010,0.084144749,0.061285824,0.004370361,0.151597679
485,train,79.921997070,84.030000000,0.366739213,0.194885671,0.176332429,0.366338849,0.330940604,0.365854621,0.689165473,0.540228248,0.387983739,0.277719796,0.184887007,0.120450653,0.011036511,0.355702698
486,train,0.001500000,0.118500000,0.001892890,0.000875565,0.001486379,0.001990681,0.344900727,0.002361944,0.004778621,0.002633784,0.001982939,0.001180400,0.000487727,0.000293865,0.000021503,0.001871387
487,train,0.907999992,0.030000000,0.010818198,0.004848600,0.007047857,0.009553274,0.309339106,0.011896458,0.021504819,0.021506475,0.012644747,0.005468486,0.002515972,0.001268688,0.000140815,0.010677382
488,train,2.775500059,1.686500000,0.027074207,0.014539861,0.012872325,0.026731266,0.266540438,0.027412185,0.054042950,0.040005818,0.028502921,0.019371100,0.012582451,0.007939992,0.000516163,0.026558043
489,validation,0.861000001,0.640500000,0.002230174,0.001429398,0.000800779,0.002046996,0.230170086,0.002230176,0.004708885,0.003276561,0.002115252,0.001388948,0.000850756,0.001040643,0.000018393,0.002211782
490,train,0.109999999,0.232000000,0.002530059,0.002195116,0.001076801,0.002708373,0.380308032,0.003271917,0.005155196,0.003875858,0.002836772,0.001883886,0.001002093,0.000426550,0.000039587,0.002490473
491,train,0.584999979,0.000000000,0.004443493,0.001684573,0.003593669,0.004747419,0.409097135,0.005278243,0.010171487,0.006327672,0.003885283,0.002956260,0.002159365,0.001160887,0.000057514,0.004385978
492,train,60.780498505,63.149500000,0.467325807,0.257514238,0.269980073,0.444096118,0.393495142,0.482913464,0.891863108,0.691985548,0.497798383,0.366895348,0.220866024,0.134545863,0.017848585,0.449477196
493,train,0.000000000,0.228000000,0.000000000,0.000000000,0.000000000,0.000000000,0.312540561,0.000000000,0.000000000,0.000000000,0.000000000,0.000000000,0.000000000,0.000000000,0.000000000,0.000000000
494,train,2.000499964,2.061000000,0.025382906,0.013041736,0.012415697,0.024816228,0.343081206,0.025457431,0.049788784,0.037223581,0.026896961,0.018415798,0.012227494,0.007744827,0.000462196,0.024920711
495,train,0.462500006,0.007500000,0.001609104,0.000000000,0.001609104,0.001155191,0.274611890,0.001609104,0.002498603,0.002498603,0.001879421,0.001378975,0.000992000,0.000407019,0.000011493,0.001597611
496,train,6.318999767,4.578500000,0.050358221,0.028428532,0.029855208,0.048775662,0.322034895,0.058282919,0.093600318,0.075363040,0.055392694,0.038596194,0.024979889,0.014217199,0.001037523,0.049320705
497,train,7.306499958,3.857500000,0.057176728,0.026757831,0.033960424,0.056801543,0.303824425,0.057959247,0.115761682,0.088085093,0.060729995,0.037490550,0.025295803,0.015697185,0.001514134,0.055662591
498,validation,0.270500004,0.000000000,0.003283441,0.002301054,0.001660539,0.003524771,0.321347147,0.003961593,0.006208467,0.004674036,0.003428566,0.002472617,0.001729840,0.001187121,0.000074753,0.003208688
499,holdout,0.941999972,0.606000000,0.007035503,0.002410563,0.005101236,0.006867545,0.210941851,0.007511799,0.014728894,0.012071796,0.008480167,0.003788952,0.001904290,0.001238921,0.000087959,0.006947544
500,train,1.100000024,0.817500000,0.007624128,0.004656004,0.005093451,0.007455019,0.290138036,0.009749455,0.015073854,0.013033587,0.009110444,0.005603531,0.002125560,0.000797794,0.000099816,0.007524313
501,train,0.222499996,0.127000000,0.002416477,0.001324382,0.001327736,0.002453068,0.219902784,0.002652118,0.006168489,0.003867223,0.002143361,0.001277933,0.000673673,0.000368183,0.000041222,0.002375255
502,train,6.397500038,4.355500000,0.076788113,0.048902981,0.037334856,0.070564866,0.347979873,0.085686490,0.144942522,0.102749385,0.077632345,0.080194294,0.034724683,0.020485410,0.001474428,0.075313680
503,holdout,0.000000000,0.237000000,0.000001117,0.000000801,0.000000316,0.000000263,0.192255408,0.000001117,0.000000000,0.000000000,0.000000000,0.000000000,0.000000061,0.000006639,0.000000006,0.000001110
504,train,25.201499939,31.204000000,0.438231468,0.236585051,0.251413107,0.443468601,0.390648574,0.468249261,0.861210525,0.670053303,0.462927729,0.295578599,0.198861182,0.140757427,0.016303971,0.421927512
505,train,14.828000069,14.083500000,0.123021811,0.067352250,0.065349311,0.110039853,0.435062617,0.131082907,0.236189991,0.187589869,0.133374050,0.093519688,0.054226302,0.033231016,0.003906789,0.119115025
506,validation,14.397999763,12.303500000,0.116747364,0.058747016,0.066104695,0.112033427,0.191024199,0.124728069,0.203929335,0.162213534,0.129922271,0.094184428,0.067987233,0.042247389,0.002756156,0.113991223
507,train,0.439000010,0.026500000,0.000000000,0.000000000,0.000000000,0.000000000,0.283396572,0.000000000,0.000000000,0.000000000,0.000000000,0.000000000,0.000000000,0.000000000,0.000000000,0.000000000
508,train,1.184499979,1.229000000,0.008748549,0.004172687,0.004671680,0.008951723,0.308769375,0.008844368,0.016214669,0.012681241,0.009742606,0.007035192,0.004414568,0.002403013,0.000090392,0.008658157
509,train,1.559000015,1.010000000,0.025650902,0.013194182,0.012560503,0.025144106,0.359299421,0.025754683,0.055564955,0.041407362,0.025894951,0.015827211,0.009588826,0.005622093,0.000396492,0.025254410
510,train,18.035499573,15.926500000,0.218672454,0.132483825,0.110058025,0.205144763,0.295257717,0.233807996,0.423797697,0.315194607,0.234352246,0.159838870,0.111468203,0.067383260,0.003491491,0.215180993
511,train,51.063999176,45.216500000,0.425819308,0.239442289,0.254072368,0.413683176,0.448532999,0.465392619,0.783318579,0.665706813,0.461468548,0.299736083,0.219204575,0.125481144,0.018184403,0.407634944
512,train,7.969500065,6.213000000,0.060275473,0.028011885,0.035945024,0.058620825,0.291446686,0.063956909,0.128968999,0.095620811,0.065748684,0.041555230,0.019022988,0.010736106,0.000859430,0.059416041
513,train,9.132499695,8.841000000,0.106376335,0.065182097,0.049600210,0.100179181,0.258126795,0.114071585,0.202650979,0.165209815,0.117153503,0.077392772,0.049194023,0.026656926,0.001755269,0.104621068
514,train,2.676000118,2.307000000,0.011229045,0.007959150,0.004814103,0.010661157,0.261536658,0.012773199,0.022580110,0.017118143,0.012554687,0.008329409,0.004429857,0.002362069,0.000153291,0.011075754
515,validation,4.730999947,3.379000000,0.045188319,0.030868534,0.019652033,0.042066112,0.340301394,0.050520003,0.085908778,0.067827038,0.050025746,0.038005795,0.019791303,0.009571230,0.000690499,0.044497818
516,train,1.021999955,0.122000000,0.011318263,0.004840320,0.007994769,0.009619915,0.284705311,0.012835087,0.021528060,0.021543428,0.014377898,0.006635529,0.002405752,0.001418907,0.000174051,0.011144212
517,train,1.323500037,1.237500000,0.010017477,0.006465675,0.004972093,0.011087255,0.301651269,0.011437761,0.025595047,0.015272861,0.009627903,0.006450078,0.002024073,0.001134892,0.000191639,0.009825837
518,holdout,0.704500020,0.442500000,0.000972631,0.000972139,0.000002082,0.000359323,0.207681835,0.000974221,0.000000000,0.000000000,0.000096109,0.002555143,0.002330271,0.000854263,0.000007948,0.000964683
519,validation,17.701499939,18.172500000,0.215728462,0.129280731,0.107027754,0.207815990,0.389796019,0.235970005,0.383837163,0.325122654,0.235369861,0.158731759,0.102055013,0.089254461,0.005969035,0.209759444
520,train,83.438499451,84.154000000,0.475850284,0.310772955,0.225932389,0.487062603,0.378994256,0.482481569,0.955062926,0.692547441,0.493834853,0.345782846,0.224436715,0.143436551,0.014870711,0.460979611
521,train,0.391499996,0.000000000,0.002648917,0.002018848,0.001551592,0.003053391,0.429366767,0.003570439,0.006191052,0.003729547,0.003321607,0.001465068,0.000703976,0.000482248,0.000054254,0.002594663
522,train,0.252499998,0.227500000,0.003130485,0.001311039,0.002014029,0.002978654,0.318294466,0.003325068,0.005997859,0.004578562,0.003388942,0.002289620,0.001606435,0.000921494,0.000025433,0.003105053
523,train,5.918499947,4.527000000,0.051074091,0.032265138,0.025070639,0.050396487,0.253520221,0.054633029,0.112971961,0.086121015,0.055857595,0.028657673,0.014028452,0.008807843,0.001404355,0.049669735
524,train,0.160500005,0.222000000,0.003888138,0.002717239,0.001830108,0.003960218,0.330244482,0.004547347,0.009179479,0.006131796,0.003838684,0.002355524,0.001253461,0.000569881,0.000072732,0.003815406
525,holdout,0.000000000,0.236000000,0.001216509,0.000000033,0.001216476,0.001228328,0.197554201,0.001216509,0.002984185,0.001992200,0.001196779,0.000658947,0.000321903,0.000145040,0.000009294,0.001207215
526,train,0.842000008,0.891000000,0.013468018,0.008353469,0.006228742,0.013448952,0.312593579,0.014582211,0.026530957,0.019562850,0.013992459,0.009641912,0.006574130,0.004505794,0.000197740,0.013270278
527,train,6.977499962,5.818500000,0.075088233,0.042043407,0.045818482,0.079600237,0.254741192,0.085177697,0.164446741,0.114088222,0.078445464,0.047219709,0.028926058,0.017403202,0.001659857,0.073428378
528,train,21.584999084,21.329000000,0.154043570,0.072552197,0.101218462,0.148146942,0.335301906,0.164873347,0.297239304,0.222360820,0.160741463,0.116721652,0.086599238,0.040598907,0.003607502,0.150436059
529,train,0.000500000,0.230000000,0.003316925,0.001986204,0.001331222,0.003300346,0.293425113,0.003317426,0.007175448,0.004796843,0.002938524,0.002360650,0.001651537,0.000978550,0.000044259,0.003272666
530,train,37.822498322,42.833000000,0.278797001,0.139685631,0.159038365,0.271897614,0.343243927,0.276469767,0.555820882,0.417152613,0.304708749,0.211997733,0.120421655,0.062680490,0.008143280,0.270653754
531,train,0.237000003,0.230500000,0.003666636,0.001732340,0.002887807,0.003562487,0.369024277,0.004620147,0.006602169,0.005625127,0.004180519,0.002872913,0.001779749,0.000939338,0.000029783,0.003636853
532,train,0.236499995,0.000000000,0.002500874,0.001122299,0.001378575,0.002672659,0.259311050,0.002500874,0.004776527,0.003588089,0.002623220,0.001883571,0.001293232,0.000840602,0.000020739,0.002480135
533,holdout,54.215999603,54.938500000,0.418699265,0.259824395,0.209467247,0.383697450,0.480937779,0.450130254,0.779794276,0.619518578,0.387608945,0.280206949,0.265015930,0.180051118,0.012381272,0.406318069
534,train,16.722000122,17.629000000,0.125463039,0.063466638,0.075334728,0.122462220,0.281763703,0.136325657,0.241035014,0.198924944,0.132747948,0.094240747,0.052677698,0.033151828,0.004001109,0.121461928
535,validation,0.463499993,0.030000000,0.000000000,0.000000000,0.000000000,0.000000000,0.186030477,0.000000000,0.000000000,0.000000000,0.000000000,0.000000000,0.000000000,0.000000000,0.000000000,0.000000000
536,validation,51.898498535,51.533000000,0.357617825,0.193268985,0.187940925,0.349950135,0.477284402,0.367980957,0.719428420,0.523713350,0.370043397,0.250419378,0.167962119,0.114140101,0.005635115,0.351982683
537,holdout,14.578499794,14.382500000,0.102743722,0.062159486,0.055319730,0.099903233,0.348658830,0.115402870,0.186445028,0.141900629,0.116809495,0.080840051,0.053930499,0.036536656,0.003459428,0.099284299
538,holdout,5.193500042,2.781500000,0.072271645,0.039618470,0.045143861,0.075687744,0.250148714,0.082449131,0.154563814,0.108885325,0.076759160,0.046132389,0.028286085,0.019003084,0.002116890,0.070154756
539,train,22.619499207,23.200000000,0.234858200,0.135375783,0.122451358,0.209661335,0.350643426,0.251496494,0.404835403,0.348767668,0.278511971,0.202831164,0.106908455,0.067294404,0.010776628,0.224081546
540,validation,0.000000000,0.239500000,0.001216549,0.000000000,0.001216549,0.001228348,0.176494524,0.001216549,0.002984185,0.001992200,0.001196779,0.000658947,0.000321908,0.000145273,0.000009367,0.001207182
541,train,0.912500024,-0.158000000,0.000923623,0.000680083,0.000792304,0.000672314,0.243641675,0.001472387,0.001183601,0.001184984,0.000994299,0.000869530,0.000758352,0.000550974,0.000022321,0.000901302
542,train,5.344999790,3.907000000,0.044555236,0.026182735,0.023544740,0.045049917,0.243328139,0.049727429,0.081183210,0.065701634,0.050855987,0.036008313,0.021704677,0.011877570,0.001130715,0.043424521
543,validation,0.328500003,0.245500000,0.004107331,0.001984250,0.003179783,0.003862834,0.256697088,0.005164033,0.007850828,0.006089124,0.004425682,0.002780559,0.002176729,0.001321063,0.000106437,0.004000894
544,train,0.614000022,0.259000000,0.010495762,0.004040788,0.006455328,0.009907680,0.299615026,0.010496115,0.020272566,0.016899079,0.012047376,0.007266782,0.004084185,0.002404582,0.000191755,0.010304007
545,holdout,8.091500282,7.442000000,0.096678510,0.053363118,0.045340136,0.098256908,0.246632248,0.098642230,0.206332773,0.152065083,0.101949908,0.063257992,0.035196010,0.021269364,0.000782184,0.095896341
546,validation,17.692499161,15.291500000,0.182577223,0.099574231,0.103007473,0.177130297,0.342339903,0.199589610,0.356868774,0.268364012,0.192751437,0.136609107,0.086254105,0.054615892,0.006777530,0.175799698
547,train,4.630499840,4.070500000,0.047601972,0.028666640,0.023654552,0.045264099,0.307635784,0.050047971,0.099817306,0.079581715,0.052275378,0.026779262,0.014155768,0.013002411,0.001872190,0.045729786
548,train,5.903500080,2.601500000,0.016071603,0.009653978,0.007909762,0.016141789,0.257110953,0.017563744,0.027552204,0.023670964,0.018078530,0.013576373,0.008198175,0.005353363,0.000353383,0.015718220
549,validation,12.416500092,14.461500000,0.091035172,0.052608583,0.046036102,0.089459568,0.187606573,0.097980648,0.183509961,0.144506797,0.098522238,0.062326271,0.037532821,0.019812919,0.002138496,0.088896684
550,holdout,0.828499973,0.189000000,0.007500577,0.006917900,0.004275770,0.007080666,0.322786212,0.011193670,0.013483053,0.012414124,0.008224051,0.004924240,0.003303689,0.002654306,0.000159333,0.007341244
551,train,39.373001099,34.651500000,0.294529617,0.188272804,0.154540330,0.300916314,0.394561738,0.323921412,0.550983310,0.463296562,0.346068949,0.232010409,0.105770335,0.069047987,0.003970779,0.290558845
552,validation,0.038500000,0.000000000,0.000000000,0.000000000,0.000000000,0.000000000,0.241826355,0.000000000,0.000000000,0.000000000,0.000000000,0.000000000,0.000000000,0.000000000,0.000000000,0.000000000
553,train,0.865999997,0.094500000,0.006349841,0.005166886,0.004529278,0.006457197,0.303310335,0.009696164,0.013370548,0.010954282,0.007542823,0.003617601,0.001613053,0.001000737,0.000105940,0.006243901
554,train,3.833499908,2.443000000,0.046031971,0.031896248,0.017075477,0.044326894,0.281893343,0.048932891,0.083996825,0.068920039,0.051077213,0.040286332,0.020621112,0.011290315,0.000651802,0.045380171
555,train,76.620498657,80.608000000,0.466615915,0.316785753,0.201351315,0.456046402,0.347431332,0.473727942,0.877703309,0.645509958,0.489598870,0.376254469,0.265658379,0.144970417,0.014134413,0.452481508
556,holdout,0.329499990,0.020000000,0.001289039,0.000000000,0.001289039,0.001191794,0.284982383,0.001289039,0.002443293,0.001835441,0.001342271,0.000965300,0.000668831,0.000479100,0.000011232,0.001277807
557,holdout,2.009500027,1.763500000,0.047088370,0.027529823,0.023943966,0.047073148,0.344983220,0.051473789,0.097739041,0.067295492,0.044351481,0.031872544,0.023443896,0.017827744,0.001238390,0.045849979
558,holdout,-0.956499994,-1.057500000,0.048296332,0.027458753,0.023080869,0.046431307,0.283693671,0.050539624,0.090957597,0.067943573,0.049338035,0.037425458,0.025662668,0.018450676,0.001765036,0.046531301
559,train,1.187000036,0.176500000,0.011727439,0.007178409,0.004879403,0.010972112,0.379022509,0.012057812,0.022287745,0.020466635,0.014719947,0.007968997,0.003126830,0.001794476,0.000154972,0.011572466
560,train,0.344999999,0.212000000,0.003356426,0.001962181,0.001473711,0.003058729,0.350747347,0.003435892,0.005542053,0.005228541,0.004502451,0.002247292,0.001683538,0.000934684,0.000020950,0.003335477
561,train,1.592499971,0.574000000,0.001296755,0.000000000,0.001296755,0.001296755,0.189783514,0.001296755,0.002525943,0.001896710,0.001378918,0.000950980,0.000624731,0.000403249,0.000009291,0.001287464
562,holdout,1.397500038,0.432000000,0.006641979,0.006317982,0.001575106,0.006602640,0.277871668,0.007893086,0.013663501,0.010021579,0.006934642,0.005205123,0.002550594,0.001476438,0.000079718,0.006562260
563,train,3.148000002,1.967000000,0.032352507,0.019152293,0.014974566,0.031436808,0.229964241,0.034126859,0.069280498,0.046733797,0.031418201,0.020906260,0.016154718,0.009621564,0.000600981,0.031751525
564,train,3.816499949,3.506500000,0.046217058,0.027448704,0.021794494,0.046456456,0.221472800,0.049241487,0.078989774,0.064759254,0.051857460,0.038942818,0.026234742,0.016518284,0.000749949,0.045467112
565,train,0.838500023,0.279000000,0.000004736,0.000000000,0.000004736,0.000004734,0.251498133,0.000004736,0.000000000,0.000000000,0.000000000,0.000000000,0.000002635,0.000025783,0.000000027,0.000004709
566,train,39.943000793,39.207000000,0.195423961,0.101666480,0.106244653,0.178829968,0.418948144,0.207423538,0.353528738,0.290897369,0.230084628,0.141513497,0.091181517,0.065337926,0.003908210,0.191515729
567,train,13.360500336,14.879500000,0.142914400,0.088088311,0.066786893,0.138936341,0.307003051,0.146760225,0.268732429,0.219020024,0.160886586,0.105522685,0.062435515,0.040889055,0.004353156,0.138561234
568,train,2.845999956,1.653000000,0.032772709,0.017605538,0.015934428,0.031571843,0.236012876,0.033539210,0.069255963,0.055108838,0.032661665,0.019539170,0.012033335,0.008037260,0.000817789,0.031954918
569,train,1.457499981,0.733500000,0.015731931,0.006330038,0.009948930,0.015748736,0.220670134,0.016278967,0.032474436,0.022222340,0.015506387,0.011291971,0.007540023,0.005356424,0.000242494,0.015489435
570,train,0.623000026,0.267000000,0.008000270,0.006040121,0.004949191,0.007853949,0.355743051,0.010989311,0.015223539,0.013321385,0.009015322,0.006089576,0.002673825,0.001677981,0.000161573,0.007838698
571,train,63.847499847,60.761500000,0.486264557,0.314853787,0.239904284,0.449264228,0.479911923,0.529698014,0.881372690,0.731353521,0.524694443,0.381930321,0.268188387,0.130047992,0.023692373,0.462572187
572,train,3.884999990,3.566000000,0.020986533,0.009457643,0.013355661,0.022635287,0.187051639,0.022137113,0.054149620,0.030412052,0.019114111,0.011907337,0.006200775,0.004135295,0.000316838,0.020669695
573,train,5.887000084,6.138000000,0.031388860,0.024036352,0.009863976,0.025588099,0.276827872,0.033251811,0.044280719,0.044754077,0.040857498,0.035762694,0.014747988,0.007930184,0.000331396,0.031057464
574,train,4.759500027,2.968000000,0.052928485,0.020916281,0.033742871,0.052040391,0.324677229,0.054633200,0.102689438,0.076952972,0.055607006,0.038605645,0.026823331,0.016892487,0.001200305,0.051728182
575,train,0.055000000,0.232000000,0.005124708,0.002705180,0.002687600,0.005412665,0.302561104,0.005392781,0.012203062,0.007813136,0.004696403,0.003091458,0.001872789,0.001071398,0.000088833,0.005035874
576,train,64.352996826,72.141000000,0.386830688,0.227792621,0.171801433,0.384748280,0.397804439,0.394019008,0.728628874,0.560436189,0.398637623,0.288650930,0.206855178,0.137775496,0.012571900,0.374258816
577,train,0.048000000,0.153000000,0.002346006,0.001508769,0.001544978,0.002402026,0.361620754,0.003053747,0.005273916,0.003422659,0.002265249,0.001670695,0.000964183,0.000479329,0.000051707,0.002294299
578,train,4.716499805,4.001000000,0.075076215,0.048423070,0.027954601,0.072218329,0.258463800,0.076318912,0.138890177,0.109063312,0.082350627,0.059956163,0.037885338,0.022311622,0.002004470,0.073071741
579,train,5.642000198,5.794500000,0.047996309,0.031907741,0.021524543,0.044624198,0.238015234,0.051060319,0.103979863,0.074438483,0.051072810,0.036080204,0.014150994,0.008255483,0.000498245,0.047498062
580,train,-0.109999999,0.130000000,0.003779807,0.002762521,0.001986648,0.004174147,0.333114535,0.004749168,0.010367251,0.005491095,0.003508369,0.001803863,0.000869576,0.000638689,0.000093553,0.003686254
581,holdout,24.881500244,26.149000000,0.209692657,0.117496796,0.123800144,0.208312765,0.351850182,0.227797315,0.412016630,0.302221775,0.218212858,0.152542010,0.103391379,0.069771118,0.007456924,0.202235699
582,holdout,14.133500099,10.466500000,0.083139367,0.042048767,0.046944834,0.081582539,0.298405707,0.084964164,0.170785621,0.121250242,0.082378000,0.058224332,0.041488968,0.024709035,0.001638143,0.081501231
583,train,1.384999990,0.883500000,0.020853534,0.009872386,0.011763113,0.020720815,0.268998176,0.021584403,0.040299982,0.031805158,0.022082619,0.014604448,0.009693154,0.006635830,0.000429810,0.020423722
584,train,0.094499998,0.260000000,0.014217723,0.006903111,0.007914237,0.015311290,0.267954230,0.014817348,0.029721187,0.021466127,0.014853297,0.009634466,0.005958412,0.003672853,0.000179019,0.014038704
585,train,10.656000137,11.018500000,0.080729619,0.046031900,0.041995928,0.060806684,0.242118090,0.085453369,0.129777998,0.113022670,0.087107442,0.068537608,0.055339806,0.030592205,0.001606402,0.079123221
586,train,5.320499897,3.595000000,0.044403918,0.030024549,0.018958155,0.042648062,0.240223497,0.048982706,0.085981391,0.073368452,0.050220262,0.028626420,0.017012460,0.011214510,0.000876443,0.043527476
587,train,22.706499100,20.829500000,0.170744061,0.080051795,0.103274576,0.158443853,0.351196080,0.180626571,0.320135057,0.256062984,0.174049497,0.119263992,0.084435441,0.070517533,0.004368095,0.166375980
588,train,-3.507499933,-4.813000000,0.091356359,0.049331222,0.051249914,0.091770478,0.395889878,0.100581124,0.169255242,0.127707571,0.092599504,0.069549046,0.052510474,0.036516290,0.003523232,0.087833121
589,train,16.056499481,13.207500000,0.119058304,0.065804340,0.056435324,0.120122939,0.326981276,0.116973087,0.249071538,0.180452898,0.121812105,0.081510723,0.050608426,0.030894056,0.001750985,0.117307320
590,validation,2.598500013,2.502000000,0.049910638,0.029014833,0.029491777,0.051884290,0.300258189,0.058506612,0.117688827,0.077283949,0.043734416,0.030190244,0.018765729,0.011800679,0.000867081,0.049043559
591,validation,1.935999990,1.467500000,0.018186048,0.012283333,0.008893025,0.018532922,0.391988218,0.020782124,0.039336935,0.026336715,0.018550504,0.013969809,0.006891049,0.004031282,0.000255582,0.017930467
592,validation,1.182999969,0.106500000,0.004603175,0.002111280,0.002852093,0.004817681,0.304862440,0.004963373,0.009701888,0.007917134,0.004730862,0.002558404,0.001814252,0.000896512,0.000046542,0.004556634
593,train,1.568500042,1.148500000,0.014712499,0.007635629,0.007260539,0.014658014,0.287776798,0.014896167,0.024585370,0.022832960,0.017674495,0.011917494,0.007259922,0.004004746,0.000201637,0.014510863
594,train,0.015000000,0.242500000,0.005639573,0.003600209,0.002390073,0.005284701,0.256761998,0.005990282,0.010869814,0.008817658,0.006503858,0.003850035,0.002446057,0.001350010,0.000075020,0.005564553
595,train,1.399000049,0.228500000,0.011284851,0.006869830,0.006545113,0.010936422,0.336825460,0.013414941,0.022365293,0.018165447,0.012818630,0.007511758,0.004403287,0.002444691,0.000143866,0.011140985
596,train,1.518000007,0.626500000,0.008646517,0.005498682,0.003696725,0.008790810,0.337055564,0.009195407,0.017371841,0.013049442,0.009488143,0.006475415,0.003838538,0.001655723,0.000099176,0.008547341
597,validation,3.215500116,1.562500000,0.000384347,0.000182548,0.000226545,0.000372514,0.271915138,0.000409093,0.000000000,0.000000000,0.000066064,0.000459548,0.000874360,0.000906111,0.000002837,0.000381511
598,holdout,1.189000010,0.292000000,0.008637278,0.004962787,0.003752114,0.008629255,0.339482248,0.008714901,0.017516512,0.013860792,0.009454809,0.005945199,0.003471388,0.001574970,0.000084039,0.008553240
599,train,42.405998230,42.079500000,0.303822637,0.177980632,0.154962182,0.314026058,0.354979694,0.298247218,0.621095955,0.468104362,0.323485762,0.206960246,0.122612849,0.080676548,0.002577601,0.301245034
600,validation,1.726500034,0.696500000,0.007935635,0.004571354,0.003878304,0.008114976,0.265536010,0.008449659,0.014855587,0.011560351,0.008804820,0.006520760,0.003793687,0.002078602,0.000054408,0.007881227
601,train,0.000000000,0.000500000,0.000000000,0.000000000,0.000000000,0.000000000,0.282320380,0.000000000,0.000000000,0.000000000,0.000000000,0.000000000,0.000000000,0.000000000,0.000000000,0.000000000
602,train,2.643500090,2.012500000,0.030469617,0.020551490,0.018260131,0.032835320,0.296620131,0.038811617,0.081178293,0.045316793,0.022951387,0.014989682,0.010554367,0.007827161,0.000499796,0.029969821
603,train,-0.324499995,0.138000000,0.004568140,0.002726134,0.002783600,0.005085237,0.310176253,0.005509735,0.012946865,0.006791083,0.004090821,0.002064301,0.000979370,0.000536399,0.000110201,0.004457939
604,train,17.204500198,19.150000000,0.136348039,0.078493811,0.073828518,0.127319679,0.347784996,0.151195318,0.256426632,0.205643862,0.153471917,0.104575686,0.059304342,0.038665872,0.005589772,0.130758286
605,holdout,0.428999990,0.411500000,0.000901469,0.000010586,0.000901412,0.000901265,0.229257613,0.000911998,0.002210159,0.001474456,0.000884326,0.000481207,0.000235760,0.000122906,0.000004195,0.000897274
606,train,0.717000008,0.527000000,0.008030972,0.006500894,0.001579450,0.008036382,0.269678086,0.008080344,0.017719820,0.012313037,0.007985150,0.005059632,0.003230325,0.001877874,0.000090189,0.007940785
607,train,34.298000336,43.737500000,0.484205693,0.277151555,0.295055300,0.481279373,0.400858819,0.544328511,0.916354060,0.713933110,0.528076231,0.347368062,0.241246074,0.158256188,0.015258612,0.468947053
608,train,30.651500702,30.571500000,0.213082194,0.114391729,0.105905771,0.200075716,0.249035090,0.218203858,0.347688287,0.322183281,0.263721824,0.170821473,0.104710117,0.069368169,0.007164377,0.205917805
609,train,1.708999991,0.724500000,0.008644016,0.005128179,0.003669685,0.008785102,0.333118618,0.008797863,0.017361445,0.013038273,0.009476941,0.006463513,0.003822132,0.001701784,0.000087969,0.008556047
610,holdout,0.799499989,0.149500000,0.000000000,0.000000000,0.000000000,0.000000093,0.298207372,0.000000000,0.000000000,0.000000000,0.000000000,0.000000000,0.000000000,0.000000000,0.000000000,0.000000000
611,holdout,3.574500084,3.327500000,0.100248456,0.068751439,0.046579033,0.097589418,0.312785894,0.113924190,0.203143939,0.145150349,0.101325169,0.075422950,0.047681183,0.028767200,0.001181307,0.099067159
612,train,0.230000004,0.713500000,0.004396388,0.002611416,0.002197304,0.005122609,0.278104186,0.004808720,0.012397379,0.007485040,0.003581623,0.001456502,0.000918192,0.000539590,0.000034504,0.004361883
613,validation,0.308999985,0.000000000,0.002834484,0.002282304,0.001655895,0.003280309,0.299136430,0.003938198,0.006194070,0.003702389,0.002734761,0.001841350,0.001471376,0.001062959,0.000057730,0.002776754
614,train,0.039500002,0.230500000,0.004910163,0.002710664,0.002367968,0.005271980,0.329899967,0.005078632,0.011757642,0.007594538,0.004603455,0.003054113,0.001550147,0.000901086,0.000090529,0.004819635
615,train,3.674499989,3.371500000,0.071780257,0.045703970,0.028009642,0.067620851,0.272294462,0.073654942,0.128631085,0.106126845,0.081488989,0.059028253,0.034743056,0.020663328,0.001538993,0.070241280
616,train,74.263496399,75.898000000,0.490453601,0.294388235,0.246396855,0.484682441,0.495839357,0.504967093,0.952747107,0.732004642,0.511633992,0.350958616,0.235261351,0.160115883,0.020386761,0.470066845
617,train,3.107000113,1.695000000,0.058415025,0.033837561,0.035606895,0.058662236,0.296022058,0.069444455,0.105472617,0.080346927,0.062182255,0.047570717,0.033485096,0.021432543,0.001754059,0.056660976
618,validation,42.880001068,50.407500000,0.448591560,0.262657374,0.249679416,0.431012690,0.384596378,0.487001240,0.818374753,0.662835360,0.492930710,0.337476909,0.233096838,0.146834597,0.019320816,0.429270744
619,holdout,0.000000000,0.248500000,0.001777803,0.000000079,0.001777802,0.001776688,0.270318985,0.001777881,0.002986121,0.002243222,0.001662688,0.001466630,0.001309139,0.000999015,0.000012561,0.001765242
620,train,7.002999783,4.661000000,0.043296926,0.029462621,0.017110363,0.043278355,0.403285384,0.046572987,0.100114517,0.065593898,0.043770745,0.024781989,0.015178354,0.010342060,0.000759134,0.042537794
621,train,16.177999496,14.088000000,0.228995651,0.133690417,0.124484457,0.202438146,0.335693538,0.249597445,0.399446517,0.342335999,0.267855525,0.192019492,0.103755057,0.068561077,0.013076769,0.215918824
622,train,0.035500001,0.030500000,0.003587600,0.002712938,0.002533747,0.003867692,0.283210397,0.005246685,0.008196272,0.005499674,0.003517840,0.001814961,0.001403968,0.001092887,0.000103617,0.003483983
623,holdout,20.936000824,22.117500000,0.128581598,0.061987948,0.074374393,0.133663505,0.203357786,0.135045975,0.262832314,0.181192204,0.124726623,0.093140349,0.064649150,0.044948939,0.001872925,0.126708657
624,train,0.000000000,0.227500000,0.000114640,0.000114638,0.000000377,0.000324237,0.293541074,0.000115015,0.000000000,0.000000000,0.000268735,0.000295374,0.000092427,0.000031306,0.000000764,0.000113877
625,holdout,6.144499779,6.850500000,0.058447927,0.032176230,0.029730594,0.061573535,0.264934182,0.059272058,0.133478686,0.097288802,0.058356375,0.032835770,0.018172109,0.010555821,0.001113416,0.057334516
626,train,4.687500000,4.873000000,0.026213044,0.016609816,0.013316635,0.025375191,0.281729221,0.029079556,0.048275188,0.035652675,0.030239441,0.021531217,0.013189534,0.008390212,0.000301510,0.025911536
627,validation,0.930000007,0.748500000,0.002089306,0.001998897,0.000090415,0.001485969,0.204927027,0.002089312,0.003079606,0.002120133,0.001366293,0.002107222,0.002759997,0.001102585,0.000017260,0.002072046
628,train,0.964500010,0.601000000,0.010343788,0.006808221,0.004878727,0.011471597,0.294357121,0.011686949,0.025623295,0.016148031,0.010953731,0.005818168,0.002356473,0.001163031,0.000195337,0.010148452
629,train,15.118499756,14.445500000,0.132149190,0.073173478,0.074219562,0.127337426,0.408681780,0.146032348,0.256510437,0.200558439,0.144694373,0.092286959,0.059608735,0.039236199,0.005271887,0.126877293
630,holdout,3.490999937,3.134500000,0.023197198,0.009691655,0.015947152,0.021384554,0.278856128,0.025638804,0.044559814,0.034512650,0.025201716,0.018078225,0.010280444,0.006550333,0.000384533,0.022812663
631,train,0.109499998,0.233000000,0.001567368,0.000083394,0.001551538,0.001533274,0.289611191,0.001634933,0.003457343,0.002290025,0.001354695,0.000863893,0.000851806,0.000586445,0.000015471,0.001551897
632,train,20.549999237,20.835500000,0.227698281,0.141938820,0.102687851,0.218826041,0.342873663,0.240634888,0.435826421,0.330199599,0.246842757,0.164602518,0.108316258,0.080402091,0.008256763,0.219441518
633,train,0.798500001,0.053000000,0.010185357,0.006604218,0.004952908,0.011573693,0.314449251,0.011557126,0.026966034,0.015973121,0.009577246,0.005317083,0.002226755,0.001051908,0.000228254,0.009957104
634,train,7.391499996,5.763000000,0.055791311,0.035868738,0.024445074,0.052387305,0.379624277,0.060313806,0.111984149,0.083190195,0.067284040,0.040411800,0.020354489,0.011523178,0.000765291,0.055026013
635,train,0.135499999,0.000000000,0.000000000,0.000000000,0.000000000,0.000000000,0.237145856,0.000000000,0.000000000,0.000000000,0.000000000,0.000000000,0.000000000,0.000000000,0.000000000,0.000000000
636,validation,1.934999943,0.063500000,0.071872145,0.039172824,0.047475133,0.071000777,0.327034980,0.086647950,0.121436916,0.098621249,0.069804177,0.059685528,0.047745403,0.033939563,0.001448458,0.070423678
637,train,0.323500007,0.000000000,0.002349602,0.001999139,0.000975734,0.002963113,0.378744572,0.002974873,0.006173304,0.003229924,0.002332976,0.001154792,0.000752650,0.000453969,0.000044397,0.002305206
638,validation,71.993499756,69.612500000,0.471706718,0.277881026,0.250561506,0.448539883,0.516611695,0.483470321,0.837099433,0.724211574,0.516065836,0.343910694,0.278799683,0.130153194,0.017771108,0.453935623
639,train,45.945499420,57.361500000,0.437349588,0.263207972,0.217482761,0.424888760,0.370282173,0.458374709,0.801198959,0.620677769,0.438978583,0.334761202,0.249268174,0.179212809,0.018049205,0.419300407
640,train,16.768999100,16.515000000,0.148176044,0.084012300,0.078482464,0.140946776,0.384188712,0.161049604,0.274105608,0.220026359,0.164269298,0.117594808,0.070409916,0.042650260,0.006074216,0.142101824
641,validation,0.043499999,0.000000000,0.000000000,0.000000000,0.000000000,0.000000000,0.308556885,0.000000000,0.000000000,0.000000000,0.000000000,0.000000000,0.000000000,0.000000000,0.000000000,0.000000000
642,train,42.669498444,51.545000000,0.488436818,0.282061040,0.250654846,0.479823321,0.361126542,0.517683566,0.870616436,0.693774521,0.516590059,0.372145355,0.282784134,0.194710255,0.018916540,0.469520211
643,train,1.907500029,0.471000000,0.013394165,0.008313792,0.005177416,0.012933185,0.276810676,0.013491207,0.024542430,0.019014459,0.014959952,0.010856953,0.007017218,0.003973974,0.000174209,0.013219954
644,validation,0.550000012,0.047500000,0.000104699,0.000000000,0.000104699,0.000001613,0.274600655,0.000104699,0.000000000,0.000000000,0.000000000,0.000000000,0.000282705,0.000345488,0.000000722,0.000103977
645,train,10.506500244,6.588500000,0.108780287,0.069874465,0.053809036,0.100019604,0.282310426,0.123081915,0.215113580,0.155163705,0.117817909,0.088424824,0.045200903,0.030960707,0.003631125,0.105149157
646,train,11.200499535,10.518000000,0.074068546,0.039331622,0.043611255,0.078204565,0.295152307,0.080941834,0.149042085,0.119396977,0.090841934,0.042585414,0.029248122,0.013296676,0.001621365,0.072447173
647,train,0.793500006,0.476500000,0.003115020,0.003030117,0.000236991,0.002416496,0.260417044,0.003267108,0.002935335,0.004473626,0.005200878,0.003814395,0.001543577,0.000722307,0.000028785,0.003086234
648,holdout,62.242500305,68.401500000,0.462267667,0.283794850,0.203318924,0.452892035,0.399478078,0.458981097,0.909620047,0.672607064,0.482943177,0.333750993,0.228867054,0.145817429,0.012931335,0.449336350
649,train,73.845001221,72.797500000,0.473691463,0.297053337,0.227009639,0.416234910,0.476663023,0.491700977,0.820857823,0.700271368,0.530518949,0.391556621,0.256880343,0.142063573,0.022302516,0.451388925
650,train,69.258003235,73.414500000,0.350466192,0.214747280,0.171596110,0.331212640,0.416258186,0.373814106,0.628842950,0.511436820,0.374533027,0.291775465,0.187844962,0.108363993,0.011846783,0.338619411
651,train,61.606498718,58.563000000,0.450916439,0.271120727,0.249352917,0.431716114,0.476290435,0.483800203,0.782039881,0.691983402,0.485175103,0.325032294,0.239948735,0.181319147,0.021863535,0.429052919
652,train,-0.717000008,0.331500000,0.011346230,0.007383457,0.005364115,0.012339024,0.255269229,0.012747573,0.026367672,0.018524924,0.011876516,0.007099293,0.003010481,0.001198491,0.000212299,0.011133932
653,validation,1.036000013,-0.042500000,0.003238932,0.000775294,0.002832894,0.003583454,0.218867034,0.003608188,0.007220929,0.006052063,0.003419538,0.001364174,0.001065723,0.000311161,0.000028025,0.003210907
654,train,6.082499981,4.148000000,0.047653284,0.029004401,0.024518756,0.047077838,0.249876916,0.052724294,0.104246706,0.076863170,0.051564906,0.028671166,0.015000465,0.009573275,0.001264885,0.046388395
655,train,-1.519500017,-3.505500000,0.076396562,0.043649867,0.046055231,0.076636873,0.331469238,0.089705095,0.131602988,0.099410102,0.077308357,0.063311331,0.050685633,0.036060952,0.003429742,0.072966821
656,train,0.397000015,1.410000000,0.012577272,0.008887094,0.004183196,0.012500770,0.246259689,0.013070290,0.027852833,0.019220624,0.012288277,0.007608416,0.005069431,0.003424053,0.000136121,0.012441151
657,train,0.861000001,0.431000000,0.003552056,0.002795283,0.001618182,0.003609277,0.338113934,0.004413465,0.007719737,0.003983784,0.002703374,0.003373467,0.002205219,0.001326752,0.000083621,0.003468434
658,train,31.062000275,30.020000000,0.137167856,0.089966394,0.062648289,0.133184835,0.314622462,0.150794491,0.250803828,0.195069328,0.147435397,0.110052593,0.075254716,0.044391252,0.002711556,0.134456307
659,train,2.259500027,0.805000000,0.031219458,0.018665479,0.013483077,0.029998852,0.277827591,0.032148559,0.064192943,0.049765885,0.034196056,0.021622479,0.011219597,0.006319795,0.000785947,0.030433515
660,holdout,1.202499986,0.854000000,0.022454090,0.013435604,0.011614267,0.021685068,0.326181442,0.025049867,0.040831178,0.032691889,0.024339560,0.017358344,0.011410293,0.008093276,0.000312603,0.022141486
661,validation,11.000499725,7.172500000,0.060988951,0.029609490,0.032639202,0.060613263,0.255758226,0.061777003,0.131404251,0.091993526,0.062349629,0.039296463,0.024279431,0.016610429,0.001428205,0.059560750
662,validation,0.090999998,0.479500000,0.007211843,0.004054116,0.003465492,0.007480145,0.265539467,0.007519607,0.018072849,0.012081556,0.007216210,0.003564810,0.001504656,0.000830975,0.000096170,0.007115672
663,train,16.298500061,15.971000000,0.205338642,0.125628173,0.107517071,0.198039949,0.341429800,0.225759730,0.404080957,0.303711683,0.230307013,0.156039625,0.085586473,0.052306078,0.007898506,0.197440147
664,holdout,5.676499844,5.105000000,0.047483653,0.025956513,0.025233699,0.047703031,0.228218004,0.051188435,0.097938344,0.072028592,0.048325591,0.032695252,0.021919101,0.011995048,0.000842595,0.046641059
665,train,0.331999987,0.000000000,0.002416843,0.002056756,0.001190111,0.003046335,0.356952876,0.003246868,0.006180836,0.003347691,0.002337989,0.001168587,0.000762290,0.000703660,0.000053517,0.002363326
666,validation,13.258000374,12.088500000,0.084886245,0.046749186,0.047532972,0.083050154,0.365214795,0.093833029,0.159335300,0.117911384,0.087298833,0.067358159,0.045029424,0.032384340,0.001402991,0.083483256
667,holdout,20.707500458,22.346000000,0.142400309,0.068804391,0.084528685,0.142959237,0.208099574,0.149246827,0.279196560,0.210005552,0.151484266,0.101553202,0.065880626,0.046281539,0.002788888,0.139611408
668,holdout,15.543000221,15.827500000,0.122462995,0.062282667,0.070666961,0.124807417,0.274077713,0.131281942,0.247379094,0.186059594,0.129009843,0.081789553,0.054765493,0.035774413,0.003634392,0.118828595
669,train,8.803999901,5.404500000,0.110859230,0.076616496,0.052213877,0.102741890,0.365245342,0.128187418,0.219524950,0.161254302,0.122072719,0.090702988,0.043118212,0.028482160,0.003475854,0.107383355
670,train,8.126999855,6.593000000,0.104384609,0.064335063,0.049250092,0.098170832,0.238142848,0.112851091,0.192814186,0.158471778,0.113734752,0.079125576,0.050442934,0.031718381,0.001961805,0.102422804
671,train,72.279998779,73.763000000,0.496090770,0.318856984,0.245595694,0.482649863,0.453187287,0.515507758,0.973657012,0.749122262,0.542798579,0.353177816,0.216120467,0.141668499,0.018151827,0.477938920
672,holdout,1.345999956,0.563500000,0.013084507,0.007437847,0.008419529,0.013176229,0.244223505,0.015857376,0.025102964,0.018084792,0.013963750,0.010439927,0.006734682,0.004180922,0.000279107,0.012805399
673,train,18.975000381,15.782500000,0.323596150,0.172838852,0.209368050,0.343490154,0.399745494,0.365819931,0.659494817,0.495736122,0.356802791,0.213997066,0.140586704,0.074959412,0.005816645,0.317779511
674,train,2.263000011,1.715000000,0.032728691,0.018715646,0.014943131,0.031067420,0.262900025,0.033643134,0.067366809,0.050885990,0.035067923,0.022048231,0.012255487,0.008747690,0.000939049,0.031789642
675,validation,0.509000003,0.084500000,0.000000000,0.000000000,0.000000000,0.000000000,0.193702593,0.000000000,0.000000000,0.000000000,0.000000000,0.000000000,0.000000000,0.000000000,0.000000000,0.000000000
676,train,0.000000000,0.235000000,0.000000000,0.000000000,0.000000000,0.000000000,0.324413389,0.000000000,0.000000000,0.000000000,0.000000000,0.000000000,0.000000000,0.000000000,0.000000000,0.000000000
677,validation,11.025500298,9.888500000,0.070826486,0.042078327,0.037700906,0.070484675,0.324707896,0.076599762,0.146500602,0.114516318,0.078832217,0.044428293,0.026989440,0.013692040,0.001754438,0.069072053
678,train,6.579999924,4.577000000,0.045350436,0.030713907,0.018516084,0.045133643,0.365325093,0.049229987,0.102248088,0.067642808,0.045171939,0.026972406,0.017544778,0.012522616,0.000847665,0.044502772
679,holdout,24.211999893,20.632000000,0.210151449,0.120131209,0.125362769,0.207445279,0.361042708,0.242318377,0.406941056,0.314026594,0.226626068,0.135765597,0.104503937,0.073045507,0.003697457,0.206453994
680,train,58.422000885,60.288500000,0.466967732,0.256532133,0.240080178,0.436285257,0.370415360,0.471625209,0.777840972,0.646871746,0.517208099,0.383907497,0.286395431,0.189582720,0.016633028,0.450334728
681,train,21.322999954,21.805000000,0.195929885,0.111733243,0.103754640,0.187398106,0.325606167,0.211737022,0.368342906,0.279624045,0.205392301,0.145678401,0.101635255,0.074906215,0.006174061,0.189755797
682,validation,23.864500046,23.401000000,0.186070308,0.103177294,0.105259508,0.187936366,0.373095930,0.204197153,0.369464368,0.292864889,0.197715297,0.127940193,0.080160640,0.048276342,0.006395935,0.179674372
683,train,58.754501343,61.326000000,0.455359250,0.242388621,0.224371508,0.463233203,0.393247694,0.450765073,0.908097386,0.675893188,0.482763916,0.327578396,0.204085782,0.133736685,0.013634235,0.441725075
684,train,0.369500011,0.231500000,0.006054525,0.002766447,0.003654356,0.006086413,0.250483274,0.006420802,0.012680102,0.009145963,0.006381107,0.004227903,0.002598702,0.001293374,0.000099353,0.005955172
685,train,32.928001404,31.643000000,0.236595929,0.140504554,0.116137788,0.217740402,0.325145781,0.249570414,0.432948023,0.363767564,0.274551719,0.170842364,0.109330758,0.068134949,0.006957393,0.229638487
686,train,0.666999996,0.293500000,0.004468665,0.002482693,0.002988983,0.004626050,0.342475593,0.005471676,0.010201914,0.006470630,0.004687376,0.002801932,0.001614889,0.001035247,0.000139549,0.004329117
687,train,1.452999949,0.468500000,0.022938304,0.010114088,0.013903320,0.022742948,0.187153280,0.023968443,0.043691702,0.034443051,0.024087667,0.016149325,0.011012758,0.008245319,0.000702310,0.022235995
688,holdout,19.140499115,19.358000000,0.188079789,0.108091444,0.105314769,0.180148035,0.390105516,0.198653370,0.370258272,0.283248901,0.203440994,0.132544234,0.082697012,0.056289218,0.005250202,0.182829589
689,train,2.674000025,1.222000000,0.057414606,0.029175088,0.029762069,0.058126472,0.296951979,0.058921374,0.109040119,0.081921577,0.061554100,0.045913700,0.030022886,0.016035236,0.001243037,0.056171570
690,train,11.617500305,7.879500000,0.126694828,0.078688465,0.055106960,0.128646776,0.251278937,0.132869467,0.261668473,0.189634398,0.126552239,0.084373645,0.058511771,0.039428361,0.004264297,0.122430533
691,train,3.921000004,2.042000000,0.033117343,0.018050142,0.017730525,0.033436432,0.261711061,0.035780668,0.065015189,0.050840668,0.036692526,0.023569277,0.013721723,0.008864662,0.000417784,0.032699559
692,train,2.942500114,4.036500000,0.043528184,0.016819535,0.030003181,0.042163011,0.317304373,0.046822719,0.091746710,0.071070336,0.044003755,0.026677694,0.017158350,0.010512247,0.000611056,0.042917125
693,train,0.739000022,0.307500000,0.007976483,0.006031723,0.005069903,0.007753888,0.305135816,0.011101626,0.015237750,0.013337714,0.009030968,0.006094633,0.002663603,0.001494230,0.000174140,0.007802343
694,train,21.441999435,19.776500000,0.242125854,0.137277558,0.126842111,0.225441605,0.351439297,0.257114828,0.424511075,0.363250732,0.283652723,0.198634923,0.110655189,0.072050370,0.014578338,0.227547526
695,train,3.026999950,1.972500000,0.030815640,0.012698807,0.019733671,0.028766919,0.227159649,0.032432474,0.054392412,0.043744620,0.034205139,0.024534360,0.016704926,0.011312393,0.000498677,0.030316964
696,validation,1.372499943,0.843000000,0.008519195,0.003352404,0.006447352,0.008687117,0.228054985,0.009799755,0.017137276,0.013554752,0.010250958,0.005332582,0.003040304,0.001799297,0.000079062,0.008440133
697,train,0.128000006,0.476000000,0.015423279,0.008525112,0.007873866,0.016002212,0.307105869,0.016398977,0.034820080,0.023756970,0.015159872,0.009432508,0.005750177,0.003620069,0.000182419,0.015240861
698,train,54.529998779,57.459000000,0.499343783,0.266263783,0.301791191,0.480064929,0.375872582,0.519385695,0.925083697,0.736237645,0.556912065,0.408565551,0.222538397,0.146725014,0.018021099,0.481322646
699,validation,0.000000000,0.234500000,0.000008235,0.000000000,0.000008235,0.000034125,0.236556068,0.000008235,0.000000000,0.000000000,0.000000000,0.000000328,0.000008635,0.000040446,0.000000100,0.000008135
700,train,1.695500016,1.080500000,0.026233694,0.013699983,0.012701050,0.025680911,0.356392562,0.026401032,0.055631712,0.041465748,0.026247825,0.017003883,0.010671764,0.006381222,0.000442177,0.025791517
701,train,14.755000114,15.327000000,0.114285558,0.062730335,0.058332060,0.113499776,0.282178909,0.118261822,0.238657594,0.175790742,0.120886177,0.078108072,0.046905335,0.025365384,0.001992586,0.112292960
702,validation,0.011500000,0.202500000,0.000000000,0.000000000,0.000000000,0.000000000,0.290058196,0.000000000,0.000000000,0.000000000,0.000000000,0.000000000,0.000000000,0.000000000,0.000000000,0.000000000
703,validation,3.618499994,2.038000000,0.014262489,0.005985454,0.009614356,0.014341746,0.249304891,0.015599811,0.028350865,0.024150770,0.016298354,0.008310700,0.005488223,0.002976019,0.000134072,0.014128415
704,holdout,4.662000179,2.509500000,0.020564212,0.009561010,0.011611611,0.020293765,0.322865665,0.021172110,0.040833380,0.033815429,0.022398433,0.012936751,0.008565779,0.004835480,0.000342437,0.020221774
705,holdout,3.530999899,1.434000000,0.021803744,0.010568710,0.012220161,0.020422520,0.322005540,0.022787338,0.043385297,0.033929944,0.022460241,0.015376588,0.011329073,0.004341316,0.000308937,0.021494808
706,train,2.592000008,0.781000000,0.023997299,0.014332023,0.013377857,0.023962066,0.248943359,0.027706388,0.051193763,0.036249276,0.024226625,0.015816960,0.010084148,0.006413017,0.000359430,0.023637868
707,validation,3.064500093,1.654500000,0.021803135,0.011280714,0.010662564,0.021790989,0.270914346,0.021940261,0.045174148,0.034604114,0.023670878,0.014067573,0.007919279,0.005382804,0.000180996,0.021622138
708,holdout,0.022000000,-0.134000000,0.018636649,0.010618175,0.008082168,0.018639088,0.225313723,0.018700343,0.037941698,0.027424075,0.018952193,0.012918323,0.008831503,0.005752106,0.000347981,0.018288670
709,train,2.782999992,1.782000000,0.040770624,0.022063129,0.021505263,0.041149445,0.293869495,0.043384090,0.078189641,0.058514573,0.042426083,0.030181300,0.021165729,0.014146419,0.000872055,0.039898571
710,validation,0.234500006,0.168000000,0.003007222,0.002096095,0.001378024,0.003066791,0.253570020,0.003474119,0.006047086,0.004395660,0.003131803,0.002191584,0.001438894,0.000838303,0.000064801,0.002942421
711,train,8.411999702,5.447500000,0.090946764,0.056777056,0.044025056,0.081940316,0.265629530,0.100145735,0.160943955,0.122003689,0.109659329,0.085795820,0.041358709,0.025919063,0.001995016,0.088951744
712,holdout,13.375499725,15.531500000,0.086129732,0.062663406,0.039853275,0.083051786,0.322096407,0.095428281,0.148985401,0.117789887,0.098154023,0.071245559,0.048472174,0.032131340,0.001274533,0.084855199
713,train,0.132499993,0.208500000,0.003285487,0.002790688,0.001741327,0.003888791,0.352328151,0.004532014,0.007899275,0.005157233,0.003127904,0.001721848,0.001092243,0.000714416,0.000025853,0.003259633
714,train,1.047000051,0.123000000,0.010934526,0.006244756,0.005506532,0.009578887,0.365851223,0.011751287,0.018988607,0.019015197,0.014967031,0.007748822,0.003018474,0.001869021,0.000228435,0.010706090
715,holdout,0.229499996,0.093000000,0.002424398,0.001289303,0.001358120,0.002679687,0.253805250,0.002647423,0.005488237,0.003654680,0.002322521,0.001465641,0.000972328,0.000642985,0.000035559,0.002388840
716,train,51.921001434,53.590000000,0.538434267,0.320205092,0.278142482,0.496109784,0.409180760,0.557813466,0.976678014,0.786043704,0.576747894,0.443580121,0.291653961,0.155901730,0.027414320,0.511019945
717,train,82.197502136,79.017000000,0.522561073,0.332389176,0.280345798,0.478244454,0.563320816,0.553224325,0.956705749,0.781418204,0.556664348,0.398450851,0.253533602,0.188593552,0.023165010,0.499396086
718,validation,0.011000000,0.220000000,0.000000000,0.000000000,0.000000000,0.000000000,0.216606975,0.000000000,0.000000000,0.000000000,0.000000000,0.000000000,0.000000000,0.000000000,0.000000000,0.000000000
719,validation,2.596499920,2.697500000,0.020766424,0.013285065,0.009566227,0.020964740,0.201704651,0.022587538,0.049275178,0.030681912,0.019596916,0.013810773,0.007441612,0.003792137,0.000365468,0.020400954
720,train,0.306499988,0.229500000,0.004744180,0.000210142,0.004671395,0.004781348,0.376501441,0.004881537,0.011333674,0.007183202,0.004587242,0.002978926,0.001560728,0.000821304,0.000043716,0.004700464
721,train,0.295500010,0.270000000,0.011186760,0.003756891,0.007440459,0.011144725,0.234504357,0.011197349,0.022395615,0.017504105,0.012226282,0.007916977,0.004323311,0.002754270,0.000207094,0.010979667
722,train,0.941500008,0.044500000,0.007805435,0.005327802,0.002928317,0.006935733,0.269990176,0.008256120,0.015331807,0.015129282,0.008767528,0.004441819,0.002061135,0.001101033,0.000099966,0.007705467
723,holdout,2.299499989,2.407000000,0.034948155,0.020220082,0.015332170,0.034263339,0.271844536,0.035551801,0.075377554,0.051234044,0.033522561,0.022475623,0.016170222,0.010908936,0.000755455,0.034192704
724,train,9.340999603,6.494500000,0.062528558,0.039002072,0.031363904,0.060293313,0.232023492,0.069491364,0.139918804,0.099232927,0.066130638,0.035327606,0.021174790,0.013386566,0.001602890,0.060925666
725,train,1.286999941,-0.010000000,0.023381699,0.010879914,0.013193874,0.023019617,0.243324175,0.024073787,0.043929659,0.035021696,0.025714666,0.018035635,0.011213196,0.006375344,0.000479106,0.022902595
726,train,2.345499992,1.771500000,0.021681229,0.014431440,0.014086659,0.022094093,0.288028955,0.028518099,0.042941164,0.031892486,0.022369118,0.014992443,0.010568876,0.007323288,0.000501513,0.021179715
727,holdout,0.098999999,0.234000000,0.000000086,0.000000000,0.000000086,0.000000069,0.218021452,0.000000086,0.000000000,0.000000000,0.000000000,0.000000000,0.000000006,0.000000510,0.000000000,0.000000086
728,holdout,1.087499976,-0.015500000,0.004533007,0.001994947,0.002923014,0.004731725,0.222524837,0.004917961,0.009873509,0.008704927,0.004757476,0.001713890,0.001370680,0.000777557,0.000056684,0.004476323
729,train,65.800003052,67.941500000,0.309880048,0.186217725,0.152737647,0.269731462,0.406177431,0.329656363,0.506484032,0.438329250,0.338498920,0.281439036,0.178716734,0.115812279,0.009428225,0.300451845
730,validation,24.884000778,21.023000000,0.376842916,0.201419681,0.196852326,0.361939520,0.380744338,0.381652594,0.656539381,0.548002541,0.423470378,0.303340256,0.198683709,0.131021380,0.012458544,0.364384353
731,train,48.320499420,45.912500000,0.448170871,0.273314148,0.232757449,0.428410351,0.541848004,0.477776319,0.785186052,0.684198260,0.528642774,0.344066858,0.225348249,0.121582955,0.023527730,0.424643129
732,train,0.001000000,0.000000000,0.000000000,0.000000000,0.000000000,0.000000000,0.269880652,0.000000000,0.000000000,0.000000000,0.000000000,0.000000000,0.000000000,0.000000000,0.000000000,0.000000000
733,train,9.494999886,8.674500000,0.090441599,0.050684202,0.046100207,0.090341419,0.301723093,0.096203789,0.186988622,0.133955926,0.092864655,0.061692283,0.040354788,0.026793335,0.002215635,0.088225961
734,train,1.703500032,1.581000000,0.024294153,0.012024296,0.013466466,0.024220672,0.326382309,0.025490763,0.045065373,0.034187585,0.025736783,0.018677402,0.012737904,0.009359868,0.000346654,0.023947500
735,train,17.954500198,16.522000000,0.194526657,0.107451275,0.107553840,0.194502622,0.314014137,0.208664656,0.402359247,0.262995273,0.188364834,0.139125153,0.106738932,0.067576542,0.002571673,0.191955000
736,train,3.818500042,3.347000000,0.022955179,0.010214985,0.013786429,0.024685718,0.194245875,0.023520596,0.059093568,0.033640020,0.021179410,0.013406817,0.006334862,0.004076400,0.000297624,0.022657558
737,train,9.402000427,5.596000000,0.064608812,0.028532140,0.039487317,0.064538777,0.275239140,0.065206386,0.136603311,0.096173376,0.064237997,0.041221108,0.028926445,0.020490687,0.001526983,0.063081846
738,validation,18.261499405,15.866500000,0.176374391,0.096591920,0.099208847,0.171501949,0.319142461,0.192547575,0.338827699,0.256744683,0.186111808,0.134225950,0.086912490,0.055423506,0.006626745,0.169747636
739,train,16.753499985,15.456000000,0.100198880,0.046709262,0.056999534,0.100668266,0.351641685,0.101915248,0.222835511,0.153409973,0.098104954,0.059901059,0.039703831,0.027237967,0.001312613,0.098886281
740,train,0.003000000,0.232000000,0.001127350,0.001127173,0.000012312,0.001147233,0.208322018,0.001139486,0.002154414,0.001559263,0.001161738,0.000871609,0.000592660,0.000424419,0.000011184,0.001116166
741,train,10.566499710,9.203500000,0.076260291,0.038706958,0.045365278,0.076030776,0.291640043,0.083673693,0.160871878,0.117000341,0.075053349,0.049131721,0.033515520,0.021988923,0.001729904,0.074530385
742,train,49.975498199,59.615000000,0.513250351,0.296416581,0.270136267,0.506293118,0.405433297,0.545030594,0.954949856,0.732625365,0.537498951,0.380882204,0.282605797,0.190939933,0.019306595,0.493943810
743,train,1.129500031,0.357500000,0.009137131,0.003850584,0.005377769,0.008810313,0.290990353,0.009228322,0.017288290,0.015275986,0.009921969,0.006070051,0.003940324,0.002326171,0.000166873,0.008970260
744,train,5.096000195,4.522500000,0.043703761,0.026625644,0.022844337,0.042140555,0.273651153,0.046995450,0.092313260,0.075920656,0.048841253,0.024917822,0.013138054,0.007091485,0.001531543,0.042172216
745,train,49.098499298,51.451000000,0.573153615,0.316860795,0.347444922,0.553367674,0.415276468,0.582972169,1.086967707,0.851215959,0.633826792,0.456554174,0.250547886,0.159809127,0.020525768,0.552627921
746,holdout,0.000000000,0.244500000,0.000000000,0.000000000,0.000000000,0.000000000,0.274441332,0.000000000,0.000000000,0.000000000,0.000000000,0.000000000,0.000000000,0.000000000,0.000000000,0.000000000
747,train,27.226499557,27.581000000,0.222331494,0.129409924,0.106887646,0.212741479,0.283764452,0.230891436,0.379076898,0.342149675,0.271264941,0.171878636,0.102282152,0.067336798,0.009744318,0.212587193
748,train,5.845499992,4.591500000,0.074964225,0.045942191,0.030862805,0.068701603,0.290320188,0.074967816,0.122979105,0.108243823,0.094020285,0.059624914,0.041350089,0.023567131,0.001427497,0.073536724
749,holdout,0.667500019,0.573000000,0.008294949,0.004795732,0.005439986,0.008312097,0.260186017,0.010232592,0.016661368,0.011606531,0.008474736,0.005989380,0.004188568,0.002849108,0.000069647,0.008225301
750,validation,0.000000000,0.234000000,0.000000000,0.000000000,0.000000000,0.000000000,0.268719822,0.000000000,0.000000000,0.000000000,0.000000000,0.000000000,0.000000000,0.000000000,0.000000000,0.000000000
751,train,0.216000006,0.231000000,0.001227030,0.000142597,0.001099343,0.001221787,0.310483098,0.001241940,0.002551422,0.001704122,0.001067477,0.000981451,0.000681469,0.000376241,0.000011894,0.001215136
752,train,2.108500004,0.621500000,0.009764617,0.005247504,0.005757235,0.009289477,0.337161005,0.011004737,0.018963207,0.015234163,0.011309594,0.006595038,0.004054633,0.002431061,0.000110205,0.009654412
753,train,0.001500000,-0.015000000,0.002998760,0.001716271,0.002270394,0.003384185,0.278509408,0.003986664,0.007207950,0.004826497,0.002891651,0.001587031,0.000905117,0.000574315,0.000059821,0.002938939
754,validation,40.352500916,42.076500000,0.370187134,0.172599018,0.239322290,0.338513374,0.391246170,0.381286263,0.630614161,0.544448137,0.423276126,0.336498827,0.169462547,0.116823032,0.010782829,0.359404296
755,train,3.822000027,2.450500000,0.023984766,0.012135997,0.012403714,0.024833690,0.374856204,0.024263781,0.053267889,0.033740327,0.023901328,0.016658571,0.010416446,0.005924028,0.000286462,0.023698304
756,train,6.384500027,4.217000000,0.045493942,0.018020948,0.029715162,0.044939168,0.292854965,0.047733534,0.087826513,0.066641860,0.048005637,0.034159444,0.022840025,0.013490159,0.000832882,0.044661060
757,train,0.782999992,-0.205500000,0.011083053,0.006371524,0.006283852,0.011187389,0.304157495,0.012655376,0.024098493,0.019250179,0.012940681,0.006105402,0.002679726,0.001423841,0.000235753,0.010847301
758,train,0.594500005,0.182500000,0.013668313,0.007143211,0.008636178,0.013734364,0.290199369,0.015779303,0.028521977,0.022097418,0.014188659,0.008973511,0.005179567,0.003048741,0.000278991,0.013389321
759,train,0.000000000,0.241500000,0.002627862,0.002544594,0.001292755,0.002742670,0.331135660,0.003837348,0.006238450,0.004180001,0.002524426,0.001434744,0.000857524,0.000532023,0.000064163,0.002563698
760,train,0.212500006,0.551500000,0.014582366,0.008495864,0.006290246,0.014787233,0.249570012,0.014786108,0.035106745,0.023759054,0.014582917,0.007889820,0.003858782,0.002296867,0.000206482,0.014375884
761,train,0.801999986,0.526000000,0.001166997,0.001157992,0.001155333,0.001166619,0.302529752,0.002313325,0.002221640,0.001670894,0.001222911,0.000878592,0.000601459,0.000406486,0.000017191,0.001149806
762,train,75.420501709,77.185000000,0.512333453,0.312936366,0.277829319,0.499479592,0.505041838,0.525677681,1.004338741,0.761567652,0.536444902,0.374950647,0.245207310,0.151491374,0.021156484,0.491176963
763,train,0.092500001,0.227500000,0.004467188,0.002538622,0.003365665,0.004753169,0.261557996,0.005904287,0.011720059,0.006543332,0.003567579,0.002244306,0.001669394,0.001058457,0.000070745,0.004396443
764,train,1.160500050,0.952500000,0.015855363,0.007988757,0.008009376,0.015752876,0.301115453,0.015998136,0.027936751,0.024663514,0.018629173,0.012290145,0.007521234,0.004091360,0.000234837,0.015620527
765,train,7.355500221,6.451000000,0.047535054,0.028387558,0.025790941,0.049790468,0.269052953,0.053673655,0.111295998,0.070144355,0.048044309,0.029693032,0.016025770,0.010006901,0.001202247,0.046332814
766,train,1.570000052,0.995000000,0.008082486,0.005193096,0.003874160,0.008551107,0.257514060,0.009067256,0.017753057,0.012864603,0.008486259,0.006119915,0.002213110,0.001057966,0.000163256,0.007919230
767,train,8.411000252,6.954500000,0.047985796,0.032644652,0.019104885,0.049945161,0.326469958,0.051705774,0.110162795,0.071404316,0.046014570,0.027409740,0.019164521,0.013758816,0.000839363,0.047146432
768,train,9.340499878,4.770500000,0.134966373,0.087796584,0.055684917,0.126347393,0.328087091,0.142384380,0.269861042,0.196825489,0.146482602,0.107307605,0.054706711,0.034614716,0.004418978,0.130547389
769,train,-1.068500042,-1.607500000,0.086318731,0.052268468,0.041766718,0.086235330,0.324530303,0.094035186,0.163972080,0.124509126,0.090816826,0.063689008,0.044740431,0.030184908,0.002652432,0.083666295
770,train,24.333999634,21.115500000,0.157789305,0.113672778,0.071693055,0.160116717,0.416629881,0.185274631,0.285258412,0.228525504,0.170474336,0.131293640,0.079946093,0.051237825,0.003415190,0.154374108
771,holdout,4.619500160,2.944000000,0.015768312,0.011600557,0.009661414,0.015399273,0.230037093,0.021261973,0.031986691,0.024323067,0.016360072,0.009919101,0.006696642,0.005324292,0.000390396,0.015377915
772,train,1.751999974,0.823000000,0.057729762,0.034002457,0.032800209,0.057738371,0.258705765,0.066802658,0.114740998,0.086302511,0.062586099,0.042415589,0.026033921,0.014299434,0.000744340,0.056985427
773,holdout,0.021500001,0.281000000,0.000773445,0.000708043,0.000411439,0.000617644,0.320699453,0.001119483,0.000000000,0.000765436,0.001584291,0.001407494,0.000545184,0.000338265,0.000007750,0.000765696
774,train,0.286000013,0.659000000,0.014510710,0.008461026,0.006278100,0.014747966,0.243447155,0.014739126,0.035082906,0.023732902,0.014553669,0.007858709,0.003665291,0.002170777,0.000180525,0.014330185
775,train,20.252500534,22.302500000,0.323607832,0.194243744,0.137691036,0.304611713,0.328988433,0.326332927,0.583720922,0.481833875,0.361918360,0.241928101,0.153642759,0.118602641,0.015520082,0.308087707
776,train,3.013000011,0.795000000,0.014161340,0.008733930,0.007684713,0.014384337,0.367530435,0.016418643,0.031564701,0.025605433,0.014958419,0.007381715,0.003849447,0.001608313,0.000284881,0.013876457
777,train,16.184499741,14.456500000,0.149009958,0.080820173,0.080616713,0.145425037,0.371947706,0.156752333,0.301378757,0.223622665,0.150559992,0.099784046,0.066695526,0.052018818,0.004168129,0.144841820
778,train,0.750000000,0.032000000,0.001553046,0.000000000,0.001553046,0.001155164,0.283681303,0.001553046,0.002498603,0.002498603,0.001879421,0.001378975,0.000987821,0.000074852,0.000010294,0.001542752
779,train,4.442999840,4.167500000,0.045291949,0.027908558,0.022118220,0.044530444,0.254310071,0.047374774,0.099463761,0.076603547,0.049809970,0.025019733,0.013383629,0.007471037,0.001469427,0.043822523
780,holdout,0.342500001,0.053500000,0.001285748,0.000000000,0.001285748,0.001190392,0.297552943,0.001285748,0.002443293,0.001834847,0.001340909,0.000963287,0.000666333,0.000465817,0.000009704,0.001276044
781,train,-0.179499999,-0.191000000,0.003472395,0.002721829,0.002314605,0.003817749,0.317444086,0.005036434,0.008205215,0.005506177,0.003524007,0.001821098,0.001084799,0.000693076,0.000109610,0.003362786
782,train,60.905998230,56.097000000,0.513644576,0.310808569,0.278878987,0.487919867,0.530126989,0.547620475,0.914096594,0.820865750,0.533417940,0.353241175,0.285350621,0.174895287,0.026105754,0.487538815
783,train,0.498499990,0.005500000,0.000039873,0.000000000,0.000039873,0.000000683,0.228633747,0.000039873,0.000000000,0.000000000,0.000000000,0.000000000,0.000122916,0.000116325,0.000000279,0.000039594
784,train,6.811999798,4.749500000,0.038725913,0.025971355,0.015584324,0.038322676,0.397599548,0.041555673,0.080455206,0.063359626,0.042717986,0.023672076,0.013382270,0.008768293,0.000647289,0.038078625
785,train,59.604999542,68.568000000,0.422214270,0.243383169,0.191983193,0.423790634,0.373304158,0.429897249,0.795840859,0.609315336,0.453549147,0.322108805,0.212861940,0.139609382,0.015130297,0.407083929
786,train,82.142997742,79.091500000,0.535449207,0.347177327,0.305718184,0.498456776,0.577069223,0.569725633,0.982394278,0.795665801,0.565989077,0.404126972,0.275354743,0.189164251,0.023344778,0.512104452
787,train,0.521000028,0.102000000,0.000274738,0.000000000,0.000274738,0.000035007,0.257466614,0.000274738,0.000000000,0.000000000,0.000000000,0.000463709,0.000837821,0.000346897,0.000002243,0.000272495
788,validation,0.255499989,0.236500000,0.003230683,0.001202955,0.002227824,0.003209468,0.347914279,0.003430779,0.006648093,0.004896706,0.003455498,0.002267586,0.001369162,0.000747050,0.000049302,0.003181380
789,holdout,55.494499207,55.668500000,0.407952666,0.254897177,0.204574510,0.356408805,0.367774099,0.442435890,0.669300914,0.576561987,0.402353942,0.326232642,0.291326404,0.181939974,0.013179652,0.394773006
790,holdout,0.597000003,0.360000000,0.001839213,0.000000504,0.001838708,0.001838964,0.290931493,0.001839213,0.004733645,0.003054117,0.001719606,0.000879245,0.000428431,0.000220231,0.000011067,0.001828146
791,validation,33.381000519,29.449000000,0.222453386,0.119414531,0.120401382,0.213695735,0.381232232,0.235145241,0.401058733,0.343203187,0.265538990,0.165250838,0.098458037,0.061210461,0.008652141,0.213801265
792,holdout,-0.337500006,0.061000000,0.004931455,0.002136531,0.002941572,0.005322630,0.286014438,0.005078103,0.012953328,0.007853149,0.004499335,0.002244945,0.001233174,0.000804802,0.000107010,0.004824445
793,holdout,28.306499481,28.510500000,0.224404991,0.112759523,0.138181433,0.222946107,0.332145512,0.243656501,0.461932868,0.344145775,0.221452549,0.153681576,0.102316529,0.062900700,0.007691080,0.216713905
794,train,34.144001007,40.372500000,0.274262637,0.134633228,0.166573241,0.261432976,0.348383844,0.276450574,0.509204149,0.408699423,0.307224274,0.221857414,0.129285783,0.069304585,0.006882265,0.267380327
795,train,26.889499664,28.725500000,0.221393809,0.127321601,0.116897635,0.218493775,0.367293060,0.234032780,0.444914937,0.331647933,0.229642436,0.155644059,0.100010760,0.066502519,0.008813210,0.212580591
796,train,14.223999977,13.806500000,0.142057627,0.082540154,0.069426462,0.141116142,0.331983685,0.142197415,0.249752238,0.216366515,0.164672971,0.113058135,0.065369487,0.043126274,0.004073702,0.137983888
797,holdout,1.210999966,0.874000000,0.018311715,0.011572394,0.007323806,0.017623503,0.298258454,0.018896200,0.030963944,0.026430847,0.020217814,0.015184823,0.010333727,0.006739140,0.000432389,0.017879328
798,train,4.939499855,4.053500000,0.038821552,0.022396013,0.022028204,0.039598569,0.275441408,0.044424150,0.071624890,0.057060573,0.042814758,0.030582486,0.019169888,0.011676690,0.001243601,0.037577949
799,validation,1.100499988,0.619000000,0.011992113,0.007314352,0.005871852,0.012001269,0.339873403,0.013186205,0.020717470,0.017380020,0.013822543,0.010118062,0.006362909,0.003551668,0.000138578,0.011853535
800,train,0.108000003,0.233000000,0.003700122,0.002288489,0.001411638,0.003750934,0.341250390,0.003700127,0.008595942,0.005841074,0.003624601,0.002120006,0.001261653,0.000757458,0.000028086,0.003672037
801,validation,0.082000002,0.647000000,0.007270961,0.004111726,0.003494274,0.007522127,0.256949067,0.007606000,0.018090229,0.012095906,0.007229546,0.003583145,0.001632498,0.000994435,0.000106476,0.007164485
802,train,0.935500026,-0.255500000,0.054155245,0.033349730,0.025791209,0.056119263,0.281834036,0.059140943,0.119763538,0.072665684,0.046880417,0.036104240,0.027499013,0.022018570,0.001911748,0.052243497
803,train,14.482000351,15.836000000,0.137384564,0.067622744,0.081743971,0.130355135,0.295828760,0.145936489,0.271448940,0.217637777,0.143968165,0.097040683,0.056975700,0.037236076,0.004483580,0.132900983
804,train,0.214000002,0.000000000,0.000000000,0.000000000,0.000000000,0.000000000,0.247913033,0.000000000,0.000000000,0.000000000,0.000000000,0.000000000,0.000000000,0.000000000,0.000000000,0.000000000
805,train,10.095999718,8.158000000,0.088793606,0.051910456,0.046816699,0.089118078,0.347540498,0.098569818,0.192599952,0.135717869,0.089880325,0.055923820,0.034906369,0.023733232,0.001082739,0.087710865
806,train,6.974500179,4.528000000,0.045992751,0.020447468,0.029283706,0.045756530,0.299516171,0.049713153,0.088201709,0.067668460,0.049387041,0.034135330,0.022862878,0.013701094,0.000932732,0.045060024
807,train,3.436000109,2.332500000,0.045786727,0.035892367,0.015214562,0.039010666,0.252132028,0.051106930,0.073149763,0.070992976,0.057484955,0.043977756,0.019695792,0.009419114,0.000562887,0.045223840
808,train,5.199999809,5.229500000,0.039515764,0.023688443,0.018685952,0.041948836,0.171664894,0.040975023,0.094753824,0.066290930,0.035159357,0.018520847,0.015913676,0.006455935,0.000341122,0.039174642
809,train,0.381500006,0.246500000,0.004133776,0.002005167,0.003094762,0.004219421,0.329503059,0.005099930,0.008545262,0.005928411,0.004287090,0.002740551,0.002080744,0.001220597,0.000155311,0.003978465
810,train,5.220499992,3.695000000,0.035510480,0.022429161,0.017602524,0.032604538,0.329522550,0.039198168,0.073049098,0.057405848,0.041100066,0.022064691,0.012389209,0.007053988,0.000938556,0.034571927
811,train,2.929500103,3.107000000,0.043104056,0.016319813,0.029862236,0.040970102,0.312563002,0.046182044,0.091791391,0.071092643,0.046972711,0.028105639,0.013034188,0.007627750,0.000611320,0.042492732
812,validation,-0.156000003,0.798500000,0.004436781,0.002511821,0.002379989,0.004946729,0.245899394,0.004891810,0.012414057,0.007506623,0.004007885,0.001464241,0.000762342,0.000465533,0.000049878,0.004386903
813,train,70.487998962,72.410500000,0.478958696,0.298374832,0.238526970,0.442658544,0.450120717,0.498623997,0.882770717,0.709707618,0.491255552,0.407134145,0.239486217,0.143398136,0.023006504,0.455952227
814,train,2.029000044,1.098500000,0.014612111,0.009915674,0.006790857,0.015480094,0.234271348,0.016706528,0.033661321,0.022625325,0.013911335,0.008441748,0.005642661,0.003390275,0.000188240,0.014423870
815,train,1.487499952,0.689000000,0.023547785,0.014330972,0.009734889,0.023646805,0.221688807,0.024065861,0.051476818,0.036318492,0.024346130,0.015551741,0.008496719,0.005096804,0.000296106,0.023251679
816,train,0.750500023,0.011000000,0.009230142,0.005371988,0.005453756,0.008575845,0.409294158,0.010825744,0.016889121,0.016905226,0.012059519,0.005540715,0.002437272,0.001549005,0.000176493,0.009053649
817,holdout,4.499499798,3.670000000,0.034997389,0.023324076,0.016134869,0.032361161,0.372681051,0.038023561,0.073789470,0.057304952,0.039347574,0.021761669,0.011608315,0.006172357,0.000712520,0.034284867
818,train,1.504999995,-0.163000000,0.008058110,0.003475888,0.005591448,0.008902980,0.291555703,0.009067337,0.021672580,0.012240269,0.007667955,0.003771423,0.001856464,0.001139961,0.000138467,0.007919643
819,train,3.666500092,2.205000000,0.020259472,0.012779545,0.009482466,0.020198379,0.347145438,0.022262009,0.042282268,0.029116996,0.019137941,0.014131846,0.009928987,0.006958787,0.000325181,0.019934293
820,train,37.486000061,38.641500000,0.239685118,0.116845556,0.142401814,0.236177936,0.315377504,0.243021384,0.479655176,0.363374174,0.252507538,0.173993230,0.105861582,0.062719010,0.007678302,0.232006818
821,validation,1.410500050,0.804500000,0.017006714,0.007796892,0.009504569,0.017262215,0.242369428,0.017301463,0.033768591,0.025594112,0.019295786,0.012384896,0.007216425,0.003780470,0.000289723,0.016716991
822,train,53.919498444,48.989500000,0.399970472,0.224541962,0.226997897,0.390657932,0.459456772,0.421653479,0.690384090,0.613786578,0.434499264,0.293914735,0.236594245,0.130643800,0.015695352,0.384275138
823,train,0.735499978,0.684000000,0.007354897,0.003794642,0.004892359,0.007251480,0.248809844,0.008687002,0.013770409,0.010997971,0.007951812,0.005187579,0.004005828,0.002215778,0.000130242,0.007224654
824,holdout,43.178501129,45.239000000,0.394017041,0.206157207,0.226618305,0.375438213,0.344222546,0.412291199,0.737127483,0.598064065,0.441535652,0.322933108,0.159222990,0.105219223,0.013599568,0.380417526
825,train,10.376999855,9.061500000,0.059543684,0.028381135,0.034911007,0.058062635,0.334253967,0.063292138,0.127874374,0.094164923,0.064320557,0.040225338,0.020121362,0.010555542,0.000873350,0.058670338
826,train,0.183500007,0.000000000,0.000000000,0.000000000,0.000000000,0.000000000,0.236143947,0.000000000,0.000000000,0.000000000,0.000000000,0.000000000,0.000000000,0.000000000,0.000000000,0.000000000
827,train,0.485500008,0.224000000,0.006135519,0.002501365,0.003642098,0.006321074,0.269131690,0.006143462,0.012850122,0.009143608,0.006415402,0.004392791,0.002659198,0.001351993,0.000078759,0.006056760
828,train,61.580501556,57.301500000,0.461001158,0.274550438,0.256584138,0.433254510,0.488991827,0.492681563,0.793101072,0.722136199,0.501575470,0.350010782,0.228149354,0.171033636,0.023010008,0.437991142
829,validation,3.213000059,1.649500000,0.041084737,0.015172341,0.026346393,0.040752236,0.342563003,0.041509580,0.077613056,0.058980867,0.043274157,0.030775269,0.021381671,0.014483387,0.000744476,0.040340260
830,train,6.305500031,2.761000000,0.056305896,0.027230015,0.033622082,0.057028156,0.349953979,0.059900485,0.112692758,0.083729215,0.059238710,0.039467238,0.026659809,0.016047619,0.001509276,0.054796621
831,train,0.325500011,0.230000000,0.004368950,0.000104792,0.004311210,0.004306267,0.365136236,0.004416002,0.009755545,0.006522667,0.004452057,0.003042764,0.001603148,0.000837516,0.000036257,0.004332692
832,validation,0.609499991,-1.195000000,0.070191450,0.036684059,0.036070615,0.070379548,0.342731327,0.072754681,0.122109480,0.092118114,0.067615636,0.059502300,0.046582993,0.033220176,0.001659723,0.068531729
833,validation,0.567499995,0.353500000,0.003652328,0.001039833,0.002615542,0.003558896,0.283154279,0.003655375,0.007487289,0.005733263,0.003971059,0.002473823,0.001441447,0.000807089,0.000034093,0.003618235
834,train,8.155500412,6.486500000,0.056030352,0.031633496,0.030046638,0.056593277,0.273932546,0.061496731,0.117632538,0.082068987,0.055078141,0.035693966,0.026375152,0.019333320,0.001272794,0.054757562
835,train,0.094499998,0.266000000,0.004659634,0.002273702,0.002447895,0.004755832,0.303370655,0.004721596,0.010413623,0.006950156,0.004580683,0.002961301,0.001918431,0.001133607,0.000141368,0.004518266
836,train,0.614000022,0.248000000,0.009872332,0.007339199,0.006782270,0.009218037,0.230147615,0.014121469,0.018749820,0.014798297,0.010760368,0.007911926,0.004374431,0.002639152,0.000228549,0.009643783
837,train,0.094999999,1.022000000,0.002426589,0.000858237,0.001751855,0.002678812,0.261573702,0.002610092,0.007222664,0.003618883,0.001594902,0.001049194,0.000472115,0.000601776,0.000016298,0.002410291
838,train,6.898499966,7.104500000,0.049135625,0.019194841,0.035967764,0.046596080,0.379995823,0.055162605,0.098570324,0.077262960,0.050884575,0.034672048,0.020295423,0.013128386,0.000945685,0.048189934
839,train,0.417499989,0.517500000,0.008038696,0.006506891,0.001581112,0.008044147,0.213149846,0.008088003,0.017726280,0.012320422,0.007993978,0.005068929,0.003238397,0.001884175,0.000097969,0.007940728
840,train,-0.108499996,0.126000000,0.004061399,0.002722126,0.002178880,0.004378293,0.343004674,0.004901006,0.010389405,0.006572932,0.003935246,0.001943078,0.000869210,0.000658523,0.000106452,0.003954947
841,train,6.544000149,3.644000000,0.043308903,0.029031482,0.018632563,0.041754834,0.317317098,0.047664043,0.080604792,0.067671210,0.047434878,0.029983349,0.019989586,0.014169575,0.000923342,0.042385556
842,holdout,14.507499695,15.116500000,0.115064830,0.062234119,0.060472500,0.110755228,0.312497586,0.120651998,0.231049150,0.178014636,0.131004766,0.073108867,0.045670681,0.031540856,0.003161075,0.111903742
843,train,8.654500008,6.868500000,0.116391271,0.074394308,0.061816834,0.110066302,0.303162158,0.135412663,0.217279509,0.175006226,0.120846443,0.089167573,0.055700161,0.040347658,0.002211515,0.114179753
844,train,4.061500072,2.558000000,0.031321332,0.015610813,0.016120465,0.031528994,0.353713155,0.031048739,0.068607487,0.045768984,0.032363266,0.021473406,0.012937848,0.006777017,0.000455205,0.030866131
845,train,43.985500336,47.732500000,0.498097181,0.297483504,0.256550223,0.490035266,0.496661931,0.537829757,0.965177298,0.725499153,0.525756657,0.369295061,0.256129980,0.146724805,0.013214973,0.484882176
846,train,48.790000916,44.469500000,0.402463496,0.220292091,0.235801756,0.390078485,0.473481089,0.428075373,0.698291421,0.612226963,0.437580526,0.331456870,0.222076729,0.113148093,0.015951702,0.386511743
847,train,0.509999990,0.014000000,0.001658997,0.000000000,0.001658997,0.001159245,0.304703027,0.001658997,0.002498603,0.002498603,0.001879421,0.001378975,0.000991020,0.000707358,0.000012380,0.001646617
848,train,5.620500088,4.322500000,0.067558385,0.034620579,0.038728788,0.070590757,0.305043519,0.072835229,0.152204588,0.102618746,0.062908970,0.040490154,0.029191189,0.017936666,0.001307480,0.066250905
849,train,0.203500003,0.217500000,0.002464157,0.001347437,0.001824461,0.002495312,0.263651729,0.003171898,0.006177782,0.003879924,0.002211201,0.001330874,0.000743037,0.000442121,0.000054270,0.002409887
850,train,4.755000114,4.032500000,0.022533610,0.009587363,0.015364493,0.020609159,0.203671634,0.024951858,0.043964595,0.033959083,0.024193598,0.016739653,0.009815136,0.006529590,0.000432884,0.022100724
851,train,0.621500015,0.186500000,0.008530334,0.004825153,0.004255068,0.009456903,0.284801960,0.009080222,0.025454037,0.012780379,0.006916030,0.003403040,0.001860593,0.000767926,0.000110350,0.008419985
852,train,0.756500006,0.448000000,0.001135583,0.000146077,0.001008899,0.001131746,0.258106112,0.001154975,0.002699416,0.001689544,0.001009808,0.000649462,0.000437066,0.000328201,0.000009996,0.001125586
853,train,1.483999968,0.901000000,0.019615395,0.010251951,0.009488534,0.019335967,0.231774583,0.019740487,0.041840646,0.031462129,0.020548800,0.012142049,0.007058986,0.004639752,0.000289049,0.019326342
854,train,1.875000000,0.801500000,0.007494471,0.003984142,0.003689975,0.007673709,0.342794567,0.007674117,0.014885038,0.011177788,0.008173390,0.005666375,0.003371062,0.001693168,0.000080429,0.007414042
855,train,3.403000116,1.807500000,0.026110524,0.016240586,0.015889369,0.028615298,0.199262828,0.032129951,0.054876447,0.038157601,0.027074307,0.018517286,0.012184205,0.005853309,0.000390615,0.025719907
856,validation,13.185999870,10.818000000,0.112432502,0.057233382,0.061896827,0.107917689,0.262370855,0.119128704,0.203929335,0.158922538,0.124099582,0.087768190,0.062024396,0.037851024,0.002659355,0.109773144
857,holdout,43.662998199,45.979500000,0.442179471,0.291191369,0.215090767,0.394900560,0.453374267,0.482603043,0.756704092,0.624292433,0.473416567,0.345990300,0.268404037,0.184269771,0.015632318,0.426547229
858,train,0.750500023,0.231500000,0.000000000,0.000000000,0.000000000,0.000000000,0.265195608,0.000000000,0.000000000,0.000000000,0.000000000,0.000000000,0.000000000,0.000000000,0.000000000,0.000000000
859,train,57.229000092,54.629000000,0.463918537,0.275370359,0.266622931,0.437849790,0.506725013,0.503709614,0.795709610,0.716582537,0.507036507,0.375930399,0.243996143,0.144256145,0.022789184,0.441129327
860,train,7.664500237,7.721000000,0.052697901,0.024157943,0.034146510,0.050623868,0.363233000,0.058304444,0.103582099,0.086093679,0.058851458,0.038299195,0.019034669,0.010326307,0.000770248,0.051927660
861,train,25.058000565,21.562000000,0.224788561,0.130509868,0.111672990,0.211372599,0.376655757,0.236848414,0.388126791,0.342698693,0.268939734,0.175206006,0.103872932,0.069887020,0.014032916,0.210755616
862,train,22.165000916,19.994500000,0.279467374,0.137653917,0.197182789,0.273991615,0.300873905,0.325071603,0.514490843,0.441844076,0.337115943,0.187907472,0.124459758,0.070986167,0.004142303,0.275325090
863,train,-0.145500004,0.047500000,0.004633753,0.002245564,0.002433545,0.004633488,0.266622126,0.004679109,0.010431745,0.006964957,0.004574960,0.002875346,0.001832669,0.001122841,0.000152229,0.004481525
864,train,0.125499994,0.887500000,0.002511708,0.001176705,0.001469641,0.002884142,0.259998620,0.002646345,0.007219351,0.003612257,0.001372977,0.001109454,0.000962962,0.000793250,0.000010558,0.002501151
865,validation,2.397500038,2.405000000,0.021206999,0.013033816,0.010150733,0.021906212,0.235670418,0.022921832,0.052227017,0.032178640,0.019796656,0.012157985,0.006972962,0.003908735,0.000381322,0.020825677
866,holdout,-0.356500000,0.962000000,0.046000302,0.026293607,0.021470126,0.045188621,0.303911835,0.047763735,0.089201778,0.064551532,0.044793963,0.033242036,0.025618801,0.018593689,0.001197701,0.044802599
867,validation,0.222499996,0.601000000,0.005034698,0.003905569,0.002339377,0.005810556,0.269347131,0.006244947,0.013808066,0.008992730,0.004274195,0.001841472,0.000821685,0.000470039,0.000052754,0.004981944
868,holdout,0.000000000,0.106500000,0.000000000,0.000000000,0.000000000,0.000000000,0.228557751,0.000000000,0.000000000,0.000000000,0.000000000,0.000000000,0.000000000,0.000000000,0.000000000,0.000000000
869,train,0.446500003,0.328000000,0.000000015,0.000000004,0.000000011,0.000000010,0.330105126,0.000000015,0.000000000,0.000000000,0.000000000,0.000000000,0.000000000,0.000000092,0.000000000,0.000000015
870,train,-1.601500034,-3.038000000,0.090978324,0.050644755,0.045094192,0.091421597,0.367637634,0.095738940,0.176728815,0.129169062,0.093566999,0.068576202,0.048006985,0.029821815,0.003284362,0.087693952
871,train,0.131999999,0.747500000,0.004471722,0.002574568,0.002385653,0.004982344,0.253511578,0.004960221,0.012397379,0.007490871,0.004077422,0.001705154,0.000721754,0.000437748,0.000038709,0.004433013
872,validation,11.822999954,12.946500000,0.115839407,0.066233777,0.056545168,0.113426827,0.319683701,0.122738406,0.215459198,0.169582158,0.125401139,0.089313507,0.059129409,0.036151018,0.004153798,0.111685604
873,holdout,1.830000043,1.735000000,0.031889100,0.017115695,0.015343480,0.031502098,0.286242306,0.032459173,0.070012666,0.048099279,0.031488832,0.022018021,0.012079753,0.007636041,0.000732119,0.031156980
874,train,6.314499855,3.865500000,0.028892064,0.019439705,0.011431983,0.031529687,0.336162955,0.030871687,0.069251411,0.043951049,0.026759492,0.017472625,0.009665677,0.006252131,0.000358744,0.028533321
875,holdout,0.240500003,0.110000000,0.018833183,0.010621919,0.008274956,0.018833268,0.265587598,0.018896874,0.037941698,0.027424075,0.018983670,0.013143311,0.009263356,0.006242978,0.000355319,0.018477865
876,validation,11.737000465,11.470500000,0.072079405,0.046207607,0.036209822,0.070573360,0.352370739,0.079648703,0.146336570,0.112591013,0.079173490,0.045984041,0.031264018,0.017127302,0.001840019,0.070239387
877,holdout,0.000000000,0.236500000,0.000020956,0.000020938,0.000000044,0.000024676,0.267248094,0.000020982,0.000000000,0.000000000,0.000000000,0.000006626,0.000043406,0.000075703,0.000000306,0.000020650
878,train,28.608499527,27.238000000,0.253447324,0.153214753,0.116912663,0.243344039,0.388568223,0.262923092,0.486808926,0.384476960,0.291316152,0.180769071,0.107235849,0.070077106,0.007887853,0.245559484
879,train,7.073999882,7.342000000,0.068714969,0.039964154,0.035426412,0.063438483,0.303426564,0.075390071,0.128438979,0.108365662,0.080134176,0.055666801,0.026706837,0.012977337,0.001088083,0.067626886
880,train,22.704000473,22.186000000,0.213023961,0.131176293,0.098061614,0.203210279,0.317304999,0.228676572,0.380635232,0.305773556,0.232797295,0.158461735,0.110960670,0.089515194,0.005625769,0.207398161
881,validation,6.537000179,4.654500000,0.058584884,0.038989216,0.024012713,0.057206977,0.340328813,0.063000195,0.117652550,0.087379754,0.062216647,0.045112215,0.025497450,0.013650627,0.001166199,0.057418674
882,train,10.078000069,10.003000000,0.119673140,0.067064822,0.065953299,0.116973259,0.466686308,0.129492566,0.255655885,0.187349752,0.127316415,0.079464898,0.044073492,0.024178397,0.002658282,0.117014855
883,train,-0.267500013,-0.690000000,0.083831906,0.047150142,0.040346537,0.083767258,0.329846174,0.087496676,0.162084535,0.122745827,0.087873682,0.061114207,0.041606247,0.027566936,0.002136698,0.081695206
884,train,10.595000267,6.233000000,0.114080168,0.075925067,0.054753091,0.105995059,0.349654824,0.130077481,0.228507623,0.164713144,0.123868152,0.092037544,0.045763027,0.029591532,0.003490172,0.110590003
885,holdout,17.330499649,18.552000000,0.113641299,0.060949072,0.058798783,0.111335725,0.248565421,0.118046530,0.218602747,0.171969607,0.117961161,0.080165878,0.051179212,0.041969247,0.001928818,0.111712486
886,train,13.677499771,12.470000000,0.070040509,0.036973052,0.037912540,0.066631809,0.317291617,0.074885584,0.160035089,0.106486097,0.069979183,0.042960528,0.020745046,0.020037096,0.000799245,0.069241263
887,train,27.957500458,30.161000000,0.234403178,0.132436395,0.127482191,0.231269136,0.382195354,0.245631263,0.471117705,0.349052995,0.243547291,0.167446986,0.105163895,0.070090063,0.008542166,0.225861013
888,train,29.033500671,26.934000000,0.222127631,0.119515151,0.113442510,0.212200806,0.273632348,0.229731068,0.394573390,0.346453488,0.270408720,0.165802419,0.094732977,0.060794748,0.009644076,0.212483555
889,train,58.280498505,58.058000000,0.466721028,0.307711661,0.228926003,0.426988810,0.417935342,0.514893234,0.841574430,0.706191063,0.489858210,0.345649332,0.275714755,0.141338423,0.020715997,0.446004987
890,train,3.857000113,1.894000000,0.020390099,0.009590437,0.013960549,0.018746698,0.244574070,0.023550930,0.039849080,0.026970951,0.019016318,0.017860450,0.013001734,0.005642056,0.000264074,0.020126024
891,validation,4.199500084,2.611000000,0.012258959,0.008570102,0.005380528,0.012562715,0.279625386,0.013950628,0.022628790,0.017978208,0.013083491,0.009109654,0.006285241,0.004468374,0.000162554,0.012096406
892,validation,0.111500002,0.204000000,0.000000241,0.000000011,0.000000230,0.000000241,0.192017958,0.000000241,0.000000000,0.000000000,0.000000000,0.000000000,0.000000053,0.000001392,0.000000002,0.000000239
893,train,0.027500000,0.293000000,0.003544498,0.002696332,0.001795497,0.003825880,0.317142040,0.004491829,0.008160108,0.005463009,0.003478364,0.001768483,0.001352519,0.001044501,0.000060514,0.003483983
894,train,41.940498352,51.767500000,0.481578380,0.277977526,0.249151215,0.470674634,0.358756125,0.511112452,0.854802251,0.682375431,0.508388638,0.369113207,0.281410038,0.193380713,0.018810743,0.462767601
895,train,0.001000000,0.235500000,0.000977811,0.000004266,0.000977779,0.001029367,0.293465734,0.000982044,0.001756946,0.001437343,0.001039656,0.000752705,0.000584494,0.000295719,0.000007391,0.000970420
896,train,1.700500011,1.617000000,0.014702336,0.006227795,0.008587187,0.014730194,0.321606606,0.014689909,0.028268328,0.021105403,0.015381678,0.010704202,0.007379831,0.005374569,0.000164794,0.014537541
897,train,2.165999889,1.488500000,0.017071294,0.007486938,0.010338552,0.016666723,0.248796910,0.017825490,0.033819512,0.025323749,0.018085940,0.011691077,0.006940479,0.006567008,0.000172557,0.016898738
898,train,2.921999931,0.807500000,0.016501749,0.011095773,0.007824825,0.016887480,0.356381595,0.018920600,0.035271667,0.027052674,0.017550081,0.010865856,0.005825685,0.002444523,0.000290541,0.016211208
899,train,0.000000000,0.243500000,0.000001813,0.000001812,0.000000000,0.000001618,0.241378024,0.000001813,0.000000000,0.000000000,0.000000000,0.000000000,0.000000546,0.000010330,0.000000015,0.000001797
900,train,8.215499878,5.575500000,0.067263417,0.038484957,0.035270032,0.070325390,0.291567862,0.070396625,0.149444446,0.104919329,0.069454893,0.041362483,0.023564208,0.014835082,0.001220410,0.066043004
901,train,56.486000061,52.459500000,0.430581093,0.247327194,0.252261430,0.409819037,0.461704403,0.465072155,0.735709012,0.645014346,0.466246128,0.349047601,0.241739273,0.145730183,0.019599514,0.410981625
902,validation,0.985000014,0.187000000,0.013432904,0.008237666,0.007556036,0.012813675,0.291627824,0.015793700,0.028093701,0.021011624,0.014094261,0.009659844,0.004539437,0.003198557,0.000285773,0.013147132
903,validation,49.055999756,44.407000000,0.399984211,0.237719789,0.215903565,0.371627420,0.421601981,0.423362881,0.729610264,0.627298474,0.438949734,0.311469555,0.177102089,0.115474798,0.010895735,0.389088422
904,validation,1.160500050,-0.047500000,0.008072496,0.004889671,0.005152700,0.008658728,0.235178769,0.010042370,0.017129181,0.010740712,0.008553503,0.005939945,0.003789577,0.002282062,0.000102326,0.007970171
905,validation,2.419500113,0.455000000,0.007781828,0.003358363,0.005407064,0.008867124,0.237732530,0.008765428,0.021635652,0.012200651,0.006983693,0.003086891,0.001645721,0.001138357,0.000102188,0.007679638
906,train,0.878000021,0.251500000,0.005240043,0.003385210,0.002861738,0.005486216,0.187430620,0.006246948,0.011795674,0.007118775,0.004630530,0.003802031,0.002507092,0.001586158,0.000148129,0.005091914
907,train,1.349499941,0.064500000,0.023421302,0.010909403,0.013203849,0.023059633,0.300361425,0.024113251,0.043943878,0.035040170,0.025735382,0.018057026,0.011259781,0.006491583,0.000500129,0.022921178
908,train,1.729500055,0.352500000,0.008731802,0.006662343,0.003791040,0.009356608,0.259346694,0.010453383,0.019590855,0.011515401,0.007693800,0.006348976,0.004592943,0.002648836,0.000114178,0.008617623
909,train,1.410500050,1.191500000,0.019006943,0.008364382,0.010876010,0.019117614,0.291798204,0.019240392,0.034105208,0.029447023,0.021993537,0.014538675,0.008869182,0.005088016,0.000267855,0.018739084
910,train,-0.082000002,0.132000000,0.004571757,0.002724084,0.002794679,0.005077327,0.317350209,0.005518763,0.012940208,0.006783621,0.004083809,0.002058720,0.000977138,0.000587042,0.000105288,0.004466468
911,train,1.758499980,0.579500000,0.012391892,0.007893331,0.004543179,0.012413285,0.315665871,0.012436511,0.024560055,0.018052889,0.012787823,0.008982258,0.006223111,0.003745217,0.000160861,0.012231031
912,train,2.821000099,1.381500000,0.056015998,0.032319505,0.030064814,0.056635354,0.320002943,0.062384319,0.109873809,0.070820935,0.051002376,0.043392703,0.034523346,0.026482819,0.001556918,0.054459080
913,holdout,3.976999998,3.613500000,0.031520840,0.022439551,0.014734179,0.029155679,0.365550965,0.036006760,0.067433111,0.050850090,0.034835532,0.019439137,0.010328308,0.006238849,0.000639749,0.030881090
914,train,0.784500003,0.448500000,0.006564524,0.004569214,0.004213404,0.006716472,0.338764071,0.008782619,0.012700750,0.009578414,0.006741803,0.005423723,0.003110597,0.001831863,0.000121694,0.006442832
915,holdout,63.877498627,70.381000000,0.549595118,0.340002716,0.259833843,0.544276297,0.419547617,0.560236216,1.080617070,0.814291239,0.569152355,0.397278726,0.272116363,0.164114714,0.014016110,0.535578966
916,train,12.680500031,12.888000000,0.050727475,0.026173769,0.027423525,0.045462068,0.240158901,0.051566999,0.094166249,0.068637401,0.061866492,0.025729885,0.038907804,0.015056994,0.000620692,0.050106782
917,train,0.000000000,0.239000000,0.000000000,0.000000000,0.000000000,0.000000000,0.259335250,0.000000000,0.000000000,0.000000000,0.000000000,0.000000000,0.000000000,0.000000000,0.000000000,0.000000000
918,train,0.000000000,0.231500000,0.000000000,0.000000000,0.000000000,0.000000000,0.269273758,0.000000000,0.000000000,0.000000000,0.000000000,0.000000000,0.000000000,0.000000000,0.000000000,0.000000000
919,train,74.372497559,79.072000000,0.448109269,0.290926844,0.201178178,0.433406353,0.353000760,0.446820736,0.865503013,0.680285215,0.500969172,0.318018258,0.193499073,0.130380645,0.012586197,0.435523063
920,train,9.637000084,8.726500000,0.116618089,0.077793494,0.059011012,0.108641796,0.274578720,0.135977730,0.217291355,0.181413949,0.128880307,0.084524803,0.052982792,0.034615334,0.002585131,0.114032961
921,train,8.396499634,6.568000000,0.061914105,0.030265888,0.035137672,0.060916234,0.287057370,0.065403566,0.136343986,0.099442214,0.067103736,0.039071556,0.018468497,0.011054606,0.000895469,0.061018631
922,train,0.343499988,0.321000000,0.000000000,0.000000000,0.000000000,0.000000000,0.295451313,0.000000000,0.000000000,0.000000000,0.000000000,0.000000000,0.000000000,0.000000001,0.000000000,0.000000000
923,train,0.685000002,-0.029500000,0.008765857,0.005507451,0.004211117,0.008979209,0.251658678,0.009718568,0.017875005,0.015161517,0.010031219,0.004744073,0.002908634,0.001874694,0.000110258,0.008655599
924,holdout,0.941500008,0.624500000,0.017348150,0.010638713,0.007529420,0.016820006,0.344746292,0.018168133,0.031027632,0.025700755,0.018681798,0.012863001,0.009410417,0.006405298,0.000480390,0.016867761
925,validation,0.049500000,0.110500000,0.000000000,0.000000000,0.000000000,0.000000000,0.250853598,0.000000000,0.000000000,0.000000000,0.000000000,0.000000000,0.000000000,0.000000000,0.000000000,0.000000000
926,train,0.742999971,0.290000000,0.008407113,0.004687251,0.004338465,0.009462439,0.280774057,0.009025715,0.025446892,0.012779348,0.006921187,0.003405067,0.001216837,0.000673349,0.000111637,0.008295476
927,train,36.326499939,30.871000000,0.199252725,0.100198939,0.117515974,0.191804215,0.419211090,0.211710110,0.357144982,0.282820016,0.214234114,0.153635368,0.111798279,0.075883567,0.004207399,0.195045322
928,train,20.261499405,20.473500000,0.177055448,0.102461576,0.100358173,0.162585944,0.322355330,0.195806593,0.312157720,0.268586516,0.215754524,0.142486557,0.077677779,0.045669544,0.004940532,0.172114909
929,train,5.811999798,3.063000000,0.048093002,0.030030428,0.024745854,0.048586316,0.276824802,0.054775957,0.091708966,0.070937067,0.053643331,0.037272111,0.022401042,0.012595461,0.001431072,0.046661925
930,train,0.749000013,0.320500000,0.003427380,0.002456159,0.001872484,0.003725501,0.348091871,0.004328642,0.007736626,0.004001641,0.003428544,0.002756218,0.001565514,0.001075741,0.000105407,0.003321973
931,validation,0.141499996,0.085000000,0.000000000,0.000000000,0.000000000,0.000000000,0.249910653,0.000000000,0.000000000,0.000000000,0.000000000,0.000000000,0.000000000,0.000000000,0.000000000,0.000000000
932,train,0.231999993,0.232500000,0.003557367,0.002870071,0.001521216,0.003954377,0.255283237,0.004391287,0.008694435,0.006153238,0.004175509,0.001618033,0.000465105,0.000237881,0.000033876,0.003523491
933,train,5.278500080,4.519000000,0.093371369,0.055916451,0.039885085,0.082132384,0.307797968,0.093288057,0.157572672,0.142076373,0.110122733,0.073847964,0.050844155,0.025764296,0.002361006,0.091010362
934,train,6.670000076,4.724000000,0.043687820,0.022720361,0.025788024,0.047222763,0.305350095,0.047361325,0.103941895,0.062871970,0.043620225,0.028112262,0.015353233,0.008227360,0.000760638,0.042927183
935,train,38.370498657,43.797000000,0.398960054,0.221442312,0.215373218,0.375894994,0.377706110,0.420433313,0.779156566,0.588282585,0.429055333,0.321447074,0.164370835,0.111447901,0.018232821,0.380727232
936,holdout,2.163000107,1.684000000,0.036203004,0.019491339,0.017455533,0.034739483,0.320726126,0.036946870,0.076798744,0.056593195,0.037622035,0.023472408,0.014084189,0.008647409,0.000863728,0.035339274
937,train,0.046000000,0.245000000,0.004531949,0.002216922,0.002366718,0.004855128,0.309970409,0.004583640,0.009849869,0.006895216,0.004581595,0.002921928,0.001831392,0.001111698,0.000095614,0.004436336
938,train,8.511500359,7.199000000,0.059488181,0.028220542,0.034706946,0.057416715,0.330941141,0.062927485,0.127890095,0.094150528,0.064063020,0.040501133,0.019833995,0.010490300,0.000840337,0.058647841
939,train,0.001500000,0.294000000,0.001167781,0.000000194,0.001167780,0.001164503,0.214310393,0.001167974,0.001490156,0.001490882,0.001305445,0.001076956,0.000906697,0.000736548,0.000004666,0.001163115
940,validation,4.260499954,3.346000000,0.040687278,0.023419442,0.022553133,0.040547729,0.300365984,0.044019803,0.090374999,0.068091273,0.042420458,0.021856837,0.013972953,0.007407117,0.000934080,0.039753191
941,train,62.481498718,59.129500000,0.523841321,0.323800713,0.265708387,0.498459816,0.461577028,0.545672774,1.023316503,0.801856339,0.548459888,0.385205030,0.241180405,0.143029228,0.025765391,0.498075902
942,train,0.437500000,0.005000000,0.001585474,0.000000000,0.001585474,0.001155168,0.250296712,0.001585474,0.002498603,0.002498603,0.001879421,0.001378975,0.000991917,0.000265323,0.000011348,0.001574126
943,train,1.079499960,0.212500000,0.009512921,0.004105492,0.007878586,0.008664211,0.271674275,0.011984077,0.018938925,0.016463481,0.012087170,0.005580671,0.002545747,0.001461526,0.000212510,0.009300411
944,train,65.331001282,66.653500000,0.504919410,0.307934970,0.242889389,0.495530993,0.420279443,0.517629743,0.946105361,0.731668711,0.526720881,0.389617801,0.265581816,0.169821978,0.025944190,0.478975177
945,train,1.311499953,0.733000000,0.009410329,0.006259690,0.004532102,0.010209330,0.277337849,0.010791793,0.025820421,0.013441438,0.009137681,0.005065597,0.002117764,0.000879072,0.000154551,0.009255779
946,train,1.373499990,0.345500000,0.004276245,0.002496761,0.002029503,0.004352931,0.232220367,0.004526265,0.011673099,0.005853510,0.003350698,0.002068070,0.001695698,0.001016392,0.000045988,0.004230257
947,validation,2.071000099,1.468500000,0.008026531,0.004798844,0.003486960,0.008042309,0.318636030,0.008275325,0.015078628,0.011172449,0.008003093,0.005642689,0.004430383,0.003831946,0.000064158,0.007962373
948,holdout,0.351500005,0.322000000,0.004058015,0.001249431,0.003047882,0.004085945,0.310771495,0.004297313,0.009195825,0.006170135,0.004115772,0.002578760,0.001447816,0.000839784,0.000048055,0.004009960
949,train,8.509499550,9.821500000,0.093251407,0.051756430,0.046255153,0.085896298,0.338023484,0.098011583,0.160671458,0.138138369,0.110351004,0.078543857,0.044544291,0.027259409,0.001415507,0.091835901
950,validation,1.583999991,1.282000000,0.012748659,0.005072525,0.008650770,0.012924867,0.267601758,0.013723296,0.028073773,0.019608796,0.013551166,0.008115224,0.004535285,0.002607715,0.000137335,0.012611324
951,train,1.296499968,0.402500000,0.006367941,0.004195705,0.005529892,0.006138928,0.203472197,0.009725596,0.010698003,0.010415251,0.007178246,0.004561397,0.003398499,0.001956247,0.000127192,0.006240748
952,train,4.277999878,2.632000000,0.041768849,0.021380013,0.022063896,0.041599669,0.253809959,0.043308236,0.086135402,0.062850967,0.042809557,0.029071631,0.018452821,0.011292676,0.000532462,0.041236382
953,holdout,2.424000025,1.821000000,0.024909137,0.013816810,0.013194622,0.024496291,0.316216946,0.027011432,0.050576452,0.035955049,0.026712883,0.018004414,0.010795456,0.007410557,0.000334834,0.024574302
954,train,0.000000000,0.221500000,0.000000000,0.000000000,0.000000000,0.000000000,0.279473871,0.000000000,0.000000000,0.000000000,0.000000000,0.000000000,0.000000000,0.000000000,0.000000000,0.000000000
955,train,-4.973999977,-4.105500000,0.092414461,0.049014464,0.048988283,0.093230188,0.399390101,0.098002739,0.182720318,0.132957816,0.095320098,0.066282600,0.045690425,0.031515423,0.003416823,0.088997625
956,holdout,1.598999977,1.376000000,0.009532655,0.005075353,0.004463965,0.009532589,0.283229470,0.009539318,0.018223666,0.013490271,0.009686497,0.007012189,0.005103580,0.003679727,0.000143292,0.009389362
957,train,0.231500000,0.231500000,0.003384318,0.002035700,0.001464307,0.003682305,0.203806937,0.003500007,0.007689724,0.005454786,0.003596321,0.001981981,0.000946756,0.000636340,0.000033176,0.003351142
958,train,1.060500026,0.184000000,0.011367124,0.006090744,0.007858200,0.010091901,0.311147004,0.013948943,0.021548707,0.019082785,0.015016692,0.007770918,0.003028982,0.001754657,0.000267080,0.011100044
959,train,9.923500061,10.230500000,0.095121436,0.054010257,0.047092184,0.094942026,0.294487327,0.100866489,0.198951513,0.141916960,0.098338954,0.065464392,0.041640483,0.024416255,0.002048777,0.093072653
960,train,0.699000001,0.544500000,0.004706149,0.002755994,0.001950348,0.004705695,0.312622726,0.004706343,0.008742797,0.007066119,0.005176823,0.003600544,0.002274771,0.001375838,0.000029205,0.004676945
961,train,0.238499999,0.002500000,0.000873024,0.000001280,0.000872947,0.000951430,0.299842238,0.000874227,0.002154414,0.001439679,0.000856861,0.000460463,0.000219346,0.000107379,0.000009386,0.000863638
962,holdout,0.000000000,0.232500000,0.000020972,0.000020954,0.000000044,0.000024687,0.284976006,0.000020998,0.000000000,0.000000000,0.000000000,0.000006626,0.000043422,0.000075782,0.000000322,0.000020650
963,holdout,59.332500458,58.232000000,0.335748702,0.188834459,0.173287854,0.337621897,0.329848140,0.357400239,0.630177140,0.489583045,0.362287223,0.255568385,0.170178473,0.106698036,0.009299052,0.326449633
964,train,39.162498474,37.170500000,0.161145091,0.082749747,0.091077745,0.143282548,0.424017817,0.168146908,0.219875127,0.199042439,0.201518759,0.138710648,0.117926009,0.089797482,0.002202148,0.158942938
965,train,10.099499702,9.136000000,0.056375682,0.034038547,0.033242140,0.061859939,0.277728587,0.065284766,0.130129158,0.081923842,0.053870119,0.036135692,0.022525378,0.013669919,0.000923063,0.055452619
966,validation,0.001500000,0.234000000,0.000000000,0.000000000,0.000000000,0.000000000,0.233325139,0.000000000,0.000000000,0.000000000,0.000000000,0.000000000,0.000000000,0.000000000,0.000000000,0.000000000
967,holdout,-0.052499998,0.283000000,0.004927055,0.002114063,0.002981047,0.005290826,0.261994153,0.005095109,0.012940314,0.007846674,0.004498617,0.002388755,0.001093149,0.000794820,0.000109202,0.004817854
968,train,3.037499905,1.519000000,0.019079870,0.009139679,0.013119033,0.016651355,0.248397127,0.022258684,0.039849080,0.025639467,0.015290096,0.016356645,0.012245276,0.005098644,0.000210018,0.018869849
969,validation,11.586000443,12.958500000,0.086246923,0.050369486,0.045780633,0.085756391,0.271983206,0.094642252,0.175334632,0.134038702,0.091804497,0.060742639,0.036157053,0.019404016,0.002006614,0.084240317
970,holdout,12.880000114,10.431500000,0.105405174,0.063015014,0.054221977,0.095304549,0.260785937,0.116501212,0.210424244,0.160881400,0.109583393,0.078440927,0.046131127,0.026969969,0.003308434,0.102096766
971,train,0.238000005,0.000000000,0.000866591,0.000000457,0.000866544,0.000949808,0.289638638,0.000867001,0.002153018,0.001437701,0.000854263,0.000456975,0.000201687,0.000095905,0.000006582,0.000860010
972,holdout,4.877999783,3.635000000,0.060730278,0.037968758,0.031991921,0.059430540,0.276784718,0.068500362,0.126557559,0.088282533,0.061746147,0.047173854,0.026276702,0.014344844,0.001272658,0.059457611
973,validation,5.959499836,3.875500000,0.023701126,0.015006986,0.012399132,0.023356946,0.273331970,0.027406115,0.046426360,0.033827845,0.023645103,0.015877519,0.012709375,0.009720554,0.000472521,0.023228606
974,train,0.498499990,0.028500000,0.001633249,0.000000000,0.001633249,0.001155196,0.203656569,0.001633249,0.002498603,0.002498603,0.001879421,0.001378975,0.000992018,0.000551871,0.000011674,0.001621575
975,train,5.013500214,2.966000000,0.094455525,0.056608096,0.039976381,0.084878236,0.292847157,0.094202429,0.159875885,0.143611282,0.112762988,0.074155219,0.048103616,0.028224174,0.002299140,0.092156395
976,train,1.217499971,0.689500000,0.014675267,0.008349770,0.008318964,0.015049654,0.260835290,0.016668733,0.032129172,0.022223148,0.015904749,0.010784494,0.004680545,0.002329496,0.000208369,0.014466899
977,train,13.490500450,10.359500000,0.153074637,0.091183037,0.062757276,0.153213665,0.266138405,0.149645075,0.319258243,0.228024244,0.154609084,0.103902720,0.068912975,0.043740459,0.004830281,0.148244351
978,validation,13.567999840,9.468000000,0.110224463,0.066212244,0.046223659,0.110636570,0.235783160,0.110412516,0.231419340,0.165266976,0.114153489,0.075121045,0.046296850,0.029089119,0.002188186,0.108036295
979,train,45.368000031,41.247000000,0.278674364,0.159528404,0.125800520,0.278427035,0.309004039,0.283178329,0.517422557,0.412727177,0.304782391,0.213424832,0.138825461,0.084863752,0.013287051,0.265387326
980,validation,2.163000107,1.011000000,0.027650690,0.015564218,0.013583718,0.027535189,0.246960282,0.029147936,0.056469470,0.040906996,0.028459832,0.019406330,0.012674916,0.007986598,0.000434476,0.027216217
981,train,0.000000000,0.236000000,0.000000668,0.000000668,0.000000054,0.000000446,0.194094300,0.000000722,0.000000000,0.000000000,0.000000000,0.000000000,0.000000008,0.000004000,0.000000003,0.000000665
982,validation,47.347499847,41.990000000,0.235081673,0.148796439,0.107965760,0.241167769,0.380522758,0.251906693,0.432411551,0.345061928,0.257243693,0.181535959,0.118094631,0.076142348,0.003615250,0.231466413
983,holdout,0.000000000,0.250500000,0.000000110,0.000000000,0.000000110,0.000000072,0.284573346,0.000000110,0.000000000,0.000000000,0.000000000,0.000000000,0.000000001,0.000000661,0.000000000,0.000000110
984,holdout,9.300999641,11.451500000,0.122622401,0.072145104,0.058068603,0.121620998,0.359463930,0.123807274,0.223444492,0.182055369,0.139249325,0.096248046,0.059385348,0.035351761,0.002304233,0.120318159
985,holdout,64.680999756,68.080000000,0.418180913,0.261636972,0.189927623,0.412805319,0.470236391,0.416011244,0.839943409,0.619327307,0.447421312,0.294936746,0.179689273,0.127767384,0.012463761,0.405717164
986,validation,0.425999999,0.230000000,0.006949715,0.003450698,0.005422799,0.006985599,0.271057308,0.008873497,0.013581762,0.009486398,0.007134581,0.005228302,0.003769529,0.002497721,0.000058417,0.006891299
987,train,57.965499878,55.010500000,0.362158746,0.204706073,0.192503169,0.356945276,0.439828634,0.390930772,0.650457442,0.549557269,0.398190796,0.268471897,0.195306674,0.110968627,0.012865877,0.349292904
988,train,2.890000105,1.217500000,0.023505682,0.013381843,0.013097978,0.022871632,0.301595658,0.026467133,0.048607893,0.034417551,0.023017138,0.016250469,0.011295726,0.007445323,0.000367994,0.023137687
989,holdout,14.334500313,13.124500000,0.130433053,0.074858509,0.061706692,0.130017757,0.266479641,0.132018387,0.252924681,0.185282081,0.131685406,0.093272813,0.070888385,0.048544914,0.002495055,0.127937987
990,train,82.805000305,80.888500000,0.508334935,0.315142751,0.281265020,0.475105584,0.452512026,0.532304764,0.876716733,0.731606185,0.550725818,0.414106607,0.285496950,0.191357166,0.022320427,0.486014545
991,holdout,29.295000076,29.637000000,0.277615428,0.180695757,0.142581627,0.277352333,0.371679515,0.306228966,0.536541343,0.403070420,0.297551364,0.208411559,0.132060125,0.088057660,0.010358201,0.267257243
992,train,32.733501434,32.373500000,0.328423202,0.190652907,0.167152882,0.309012920,0.292993009,0.336196542,0.605579257,0.488182932,0.364145935,0.250333071,0.155197233,0.107100435,0.009812551,0.318610579
993,train,0.016000001,0.237000000,0.001474391,0.000002805,0.001474357,0.001459720,0.315957636,0.001477163,0.003457343,0.002290025,0.001354695,0.000812687,0.000598759,0.000332838,0.000012313,0.001462079
994,train,1.479500055,0.589500000,0.014522337,0.010629421,0.007465981,0.013537384,0.264699340,0.018095400,0.030603578,0.022516847,0.014227086,0.009173493,0.006136595,0.004476422,0.000203829,0.014318509
995,train,5.492499828,3.632000000,0.035018794,0.029003901,0.010287642,0.028607914,0.233046308,0.039291546,0.064412303,0.058655623,0.040760420,0.023382511,0.013729305,0.009172630,0.000593494,0.034425303
996,validation,15.118000031,17.111500000,0.159769103,0.087536253,0.085678548,0.153557628,0.264075428,0.170137748,0.284396678,0.227636889,0.171324685,0.128642216,0.087024331,0.059589855,0.004931984,0.154837132
997,train,9.535499573,6.224000000,0.068397090,0.035967052,0.038776983,0.069042429,0.282350421,0.071394965,0.144482657,0.104270831,0.071371324,0.045128509,0.027602963,0.017526288,0.001286840,0.067110255
998,train,15.880499840,12.559000000,0.154185086,0.090155251,0.083423607,0.143135875,0.407996178,0.170357287,0.289034486,0.232742533,0.165130734,0.120049700,0.072466791,0.045686297,0.005745210,0.148439899
999,train,0.291999996,-0.652500000,0.008092662,0.004214121,0.004674952,0.009056848,0.317960739,0.008889074,0.021178603,0.012438107,0.007572037,0.004283670,0.002071721,0.001011833,0.000177044,0.007915618
1000,train,0.449000001,0.016500000,0.000000000,0.000000000,0.000000000,0.000000000,0.266552687,0.000000000,0.000000000,0.000000000,0.000000000,0.000000000,0.000000000,0.000000000,0.000000000,0.000000000
1001,holdout,16.783500671,15.156500000,0.138598144,0.086782232,0.058499418,0.138561219,0.311720133,0.141239509,0.283508986,0.204135150,0.140373200,0.094191574,0.063290261,0.046089731,0.002499086,0.136099070
1002,train,1.912500024,0.889000000,0.019519102,0.009816435,0.009827270,0.019256771,0.203532964,0.019643703,0.041318759,0.031076992,0.020361844,0.012086495,0.007343231,0.004927300,0.000304035,0.019215066
1003,train,1.030500054,0.647000000,0.007071225,0.005228787,0.002197945,0.007076620,0.266712189,0.007426733,0.013490823,0.009577157,0.006919391,0.005224219,0.004156796,0.003058966,0.000084519,0.006986707
1004,holdout,0.184499994,0.241500000,0.000008674,0.000000745,0.000007928,0.000008675,0.293429971,0.000008674,0.000000000,0.000000000,0.000000000,0.000001742,0.000015460,0.000034838,0.000000069,0.000008604
1005,validation,5.331999779,4.827000000,0.043659285,0.020394471,0.024620138,0.041356534,0.255284846,0.045012657,0.079785116,0.066784449,0.048646301,0.033386908,0.019411294,0.013941618,0.000571817,0.043087460
1006,train,1.422999978,0.817500000,0.025822811,0.014624136,0.012877136,0.023263644,0.249425635,0.027501276,0.054943621,0.042591177,0.029365873,0.014802944,0.007745313,0.005487951,0.000440714,0.025382098
1007,train,0.000000000,0.239000000,0.000000002,0.000000002,0.000000000,0.000000000,0.272255778,0.000000002,0.000000000,0.000000000,0.000000000,0.000000000,0.000000000,0.000000009,0.000000000,0.000000001
1008,validation,2.301000118,1.033500000,0.000027812,0.000000000,0.000027812,0.000027808,0.222418338,0.000027812,0.000000000,0.000000000,0.000000000,0.000006158,0.000050620,0.000110093,0.000000187,0.000027625
1009,train,3.382499933,1.946500000,0.026033705,0.016220970,0.015831959,0.028561026,0.196684271,0.032052711,0.054876447,0.038145136,0.027050802,0.018451275,0.011966377,0.005712163,0.000369304,0.025664397
1010,train,0.400999993,0.156000000,0.000000307,0.000000022,0.000000286,0.000000315,0.284962982,0.000000307,0.000000000,0.000000000,0.000000000,0.000000000,0.000000018,0.000001827,0.000000003,0.000000305
1011,train,0.122000001,0.230500000,0.004465377,0.002527382,0.003366376,0.004751538,0.236859336,0.005893758,0.011720059,0.006543067,0.003566314,0.002243357,0.001666420,0.001053046,0.000068935,0.004396443
1012,train,5.592500210,3.394000000,0.045804806,0.021028152,0.029266406,0.046567168,0.226778448,0.050286431,0.096427448,0.070072994,0.047588848,0.030828297,0.018438822,0.011472409,0.000703240,0.045101568
1013,train,8.779000282,8.516500000,0.059441429,0.028657107,0.035596170,0.057049163,0.300004870,0.061961528,0.120010905,0.093842104,0.063200749,0.040317751,0.026076211,0.013200805,0.001359080,0.058082346
1014,train,35.876499176,38.174500000,0.243608817,0.118089929,0.149217606,0.239471987,0.335663408,0.243819475,0.487960577,0.369248867,0.256803691,0.175423965,0.107441530,0.064774223,0.007387334,0.236221462
1015,validation,0.057000000,0.690000000,0.003380939,0.001313205,0.002356509,0.003761637,0.228398621,0.003669715,0.009837026,0.005254799,0.003074186,0.001278166,0.000510568,0.000330889,0.000030561,0.003350378
1016,validation,2.583499908,1.352000000,0.021265995,0.009905839,0.011864140,0.020435326,0.255638540,0.021769978,0.043376077,0.032205101,0.021656131,0.012972495,0.011425010,0.005961146,0.000258796,0.021007199
1017,train,9.314499855,7.300000000,0.054394078,0.036295917,0.024534337,0.051728282,0.282763302,0.060801189,0.099955752,0.082496308,0.061762262,0.044654932,0.024795569,0.012699671,0.001109335,0.053284753
1018,holdout,3.226999998,2.642000000,0.047818001,0.027359068,0.023651624,0.046386275,0.256197125,0.049853608,0.090586886,0.071887195,0.051817909,0.034896228,0.022449048,0.015270740,0.001588201,0.046229802
1019,validation,0.300500005,0.000000000,0.002946591,0.002414318,0.001655217,0.003307763,0.319530129,0.004069535,0.006192674,0.003702855,0.002832273,0.002284660,0.001604279,0.001062806,0.000062198,0.002884394
1020,train,0.017500000,0.245500000,0.004513060,0.002847432,0.002535432,0.004500693,0.283302516,0.005382864,0.009894649,0.006932651,0.004543739,0.002839705,0.001775280,0.001092334,0.000121942,0.004391118
1021,validation,1.385499954,1.080500000,0.013799823,0.006034695,0.008940076,0.014325910,0.304278016,0.014974771,0.030543335,0.021292668,0.014898519,0.008700374,0.004896529,0.002467522,0.000157568,0.013642256
1022,train,0.718500018,0.390000000,0.011525035,0.006371900,0.007381891,0.011700673,0.310094178,0.013753790,0.023964919,0.019186873,0.012554724,0.006929870,0.004213953,0.002299863,0.000182000,0.011343034
1023,validation,0.264999986,0.113500000,0.004591760,0.002848772,0.002201959,0.004676762,0.218318015,0.005050732,0.008597292,0.006945177,0.005202314,0.003568091,0.002134984,0.001102702,0.000066735,0.004525025
1024,holdout,-0.211500004,0.025000000,0.005354715,0.001964836,0.003418390,0.005357330,0.259336054,0.005383226,0.010412016,0.007829340,0.005723123,0.004051432,0.002635344,0.001477030,0.000078338,0.005276377
1025,validation,26.066999435,22.722000000,0.188207150,0.092828296,0.113572307,0.175283000,0.372190207,0.202695891,0.339413375,0.273885161,0.204733849,0.135666266,0.099520743,0.076023556,0.002706541,0.185500622
1026,validation,0.000000000,0.231000000,0.000000000,0.000000000,0.000000000,0.000000000,0.265782773,0.000000000,0.000000000,0.000000000,0.000000000,0.000000000,0.000000000,0.000000000,0.000000000,0.000000000
1027,train,5.077499866,3.363000000,0.032177724,0.016458720,0.016402684,0.032424040,0.347927719,0.032075059,0.068614744,0.046413723,0.033368167,0.022931192,0.014176950,0.007561556,0.000474221,0.031703502
1028,train,0.709500015,0.080500000,0.006299201,0.005107149,0.003284625,0.006606776,0.307483613,0.008391774,0.013357678,0.010938195,0.007729063,0.003392283,0.001498303,0.000879682,0.000086040,0.006213161
1029,train,56.088001251,48.110500000,0.296349287,0.171568245,0.147546858,0.300046891,0.399335116,0.315610528,0.565007210,0.451156735,0.312616616,0.213326991,0.145475462,0.090512656,0.011122450,0.285226822
1030,train,0.954500020,0.443500000,0.008099349,0.005171186,0.003896960,0.008480708,0.284947574,0.009068146,0.017753057,0.012866602,0.008380818,0.006160726,0.002347487,0.001087405,0.000169930,0.007929419
1031,train,0.231999993,0.232500000,0.003579092,0.002871647,0.001588101,0.003961965,0.252793282,0.004459748,0.008694435,0.006152824,0.004174612,0.001620518,0.000522127,0.000310038,0.000035367,0.003543725
1032,holdout,35.472999573,32.734500000,0.205331758,0.107801273,0.122040808,0.195232511,0.392912328,0.229740709,0.412074089,0.309481859,0.223413453,0.156984955,0.085823245,0.044212848,0.004834896,0.200496837
1033,holdout,18.264499664,15.495500000,0.138726190,0.065314949,0.087087952,0.133317381,0.294100076,0.151126876,0.260102957,0.197381109,0.149846822,0.106706232,0.073635846,0.044684093,0.003116572,0.135609627
1034,train,0.405499995,0.000000000,0.000000100,0.000000000,0.000000100,0.000000000,0.231190071,0.000000100,0.000000000,0.000000000,0.000000000,0.000000000,0.000000000,0.000000599,0.000000000,0.000000100
1035,holdout,3.800499916,2.661500000,0.035340399,0.024202056,0.015582979,0.033193119,0.336912572,0.037925329,0.076028541,0.058068197,0.038876906,0.021182427,0.011154929,0.006731385,0.000857985,0.034482412
1036,train,13.147000313,12.572000000,0.121931791,0.065051749,0.066218734,0.111729324,0.438334405,0.128970563,0.242141694,0.185988247,0.131834254,0.089433633,0.051944736,0.030248113,0.003126963,0.118804812
1037,holdout,1.767500043,0.858000000,0.020631796,0.009579240,0.011096039,0.020503258,0.206434444,0.020675279,0.041153975,0.033339545,0.022713853,0.013750435,0.007680070,0.005152889,0.000266072,0.020365722
1038,train,30.943000793,35.299000000,0.430876464,0.246039391,0.240537003,0.415301174,0.382438242,0.466642439,0.839876533,0.663360834,0.470204681,0.293612301,0.191588879,0.126615569,0.016591299,0.414285183
1039,train,20.907499313,22.963000000,0.247528136,0.140903428,0.119975269,0.232037425,0.339400768,0.254072785,0.431257308,0.370278776,0.294330418,0.210719675,0.110848591,0.067734018,0.012054155,0.235473990
1040,train,46.942501068,46.472500000,0.251372635,0.158499569,0.117200553,0.246700063,0.433423907,0.270009220,0.487336844,0.383367717,0.283742994,0.173965782,0.105446570,0.074375756,0.005777446,0.245595187
1041,train,76.844497681,75.013500000,0.506165922,0.318997085,0.281414032,0.467487544,0.493099570,0.534917533,0.918669939,0.746559560,0.522833109,0.395817906,0.268029094,0.185086042,0.023179118,0.482986838
1042,validation,43.847499847,39.581000000,0.266533613,0.140942737,0.137499526,0.263693184,0.381455958,0.277208328,0.502974212,0.401537538,0.291866601,0.195046067,0.131514639,0.076262631,0.010064838,0.256468773
1043,train,0.000000000,0.239500000,0.000000000,0.000000000,0.000000000,0.000000000,0.282074124,0.000000000,0.000000000,0.000000000,0.000000000,0.000000000,0.000000000,0.000000000,0.000000000,0.000000000
1044,train,15.937000275,17.516000000,0.106537171,0.054424971,0.066097975,0.110473476,0.383861303,0.118058898,0.205551863,0.156276450,0.114632361,0.079937771,0.052184440,0.030640153,0.002754245,0.103782922
1045,train,0.208000004,0.242500000,0.000000000,0.000000000,0.000000000,0.000000000,0.295672953,0.000000000,0.000000000,0.000000000,0.000000000,0.000000000,0.000000000,0.000000000,0.000000000,0.000000000
1046,train,7.287499905,4.556500000,0.053944554,0.032808676,0.028507315,0.052278005,0.339511335,0.061314460,0.107260384,0.079423569,0.058081996,0.039318357,0.024861762,0.014721275,0.001251769,0.052692790
1047,train,52.943500519,54.894500000,0.232856393,0.129596695,0.119452931,0.230817884,0.344361722,0.243380100,0.455453515,0.356335312,0.251257598,0.160511345,0.103239059,0.070341751,0.005569149,0.227287292
1048,train,2.898999929,2.022500000,0.065752566,0.036895033,0.034008455,0.065752946,0.303636253,0.070903443,0.119499117,0.093328819,0.072403446,0.053661305,0.035463344,0.020159321,0.001628543,0.064124018
1049,validation,4.561999798,3.037000000,0.022895904,0.014272663,0.013063761,0.023035895,0.253858566,0.027336426,0.046805397,0.033820510,0.023304967,0.015613484,0.010363269,0.007467781,0.000524052,0.022371847
1050,validation,1.635499954,1.288500000,0.019440586,0.010798706,0.009849107,0.019679021,0.257109463,0.020647809,0.042281106,0.029546577,0.020007402,0.013420317,0.007055536,0.004332591,0.000228997,0.019211588
1051,train,1.322999954,0.225000000,0.000000443,0.000000000,0.000000443,0.000071782,0.280962646,0.000000443,0.000000000,0.000000000,0.000000000,0.000000000,0.000000000,0.000002658,0.000000001,0.000000442
1052,train,9.832500458,6.041000000,0.108358920,0.070585273,0.052061461,0.102826878,0.323159397,0.122513816,0.220531195,0.157867134,0.118893936,0.080787726,0.043841340,0.028232131,0.002714178,0.105644733
1053,train,1.047999978,0.124500000,0.006745071,0.005448587,0.004773211,0.006780339,0.275020361,0.010221799,0.013362171,0.011267883,0.008071694,0.004216591,0.002430306,0.001121781,0.000117360,0.006627711
1054,train,4.076000214,3.927000000,0.030112406,0.019884041,0.011992948,0.029681731,0.213561222,0.031870447,0.063451700,0.045060199,0.030085947,0.019642424,0.013496381,0.008937783,0.000469957,0.029642448
1055,train,0.000000000,0.234000000,0.001074345,0.001074187,0.000018068,0.001063608,0.189549312,0.001092255,0.002154414,0.001559263,0.001078951,0.000746039,0.000538412,0.000368991,0.000011120,0.001063226
1056,validation,0.592000008,0.479000000,0.001053189,0.000310023,0.001049428,0.001054068,0.236375928,0.001359451,0.002213747,0.001479658,0.000975169,0.000763007,0.000533727,0.000353829,0.000011175,0.001042015
1057,train,17.417999268,18.435000000,0.093423076,0.053762507,0.047299325,0.097366422,0.278210372,0.099559598,0.209535733,0.137694836,0.093352258,0.061062586,0.037646402,0.021246703,0.001216444,0.092206642
1058,validation,0.686999977,0.220000000,0.024323612,0.010870165,0.013836433,0.023975018,0.274606138,0.024706600,0.047947466,0.036269426,0.025742307,0.018075097,0.011355135,0.006552218,0.000465368,0.023858244
1059,train,0.433499992,0.565500000,0.008055128,0.006517641,0.001607735,0.008060685,0.240837991,0.008125377,0.017726280,0.012320092,0.007992162,0.005066264,0.003259908,0.001966063,0.000095949,0.007959180
1060,train,41.913501740,50.473000000,0.425037056,0.238064975,0.226363927,0.420249373,0.379410475,0.443106830,0.818184137,0.615624905,0.455757439,0.325713545,0.207808018,0.127134159,0.013114592,0.411922425
1061,train,39.729499817,43.145500000,0.448084146,0.237064630,0.259254307,0.452421010,0.378314853,0.475805283,0.877595365,0.676596880,0.475694269,0.307986021,0.209127799,0.141504675,0.015851110,0.432233036
1062,train,0.172000006,0.765000000,0.006858835,0.004755409,0.002622197,0.007444269,0.254134983,0.007377605,0.016518587,0.011613470,0.007847899,0.003134024,0.001285810,0.000753218,0.000064916,0.006793918
1063,train,9.272500038,7.169500000,0.052262504,0.035597038,0.023252713,0.049888648,0.302968681,0.058600236,0.094806023,0.075487971,0.058773410,0.045449775,0.025494812,0.013562994,0.001076520,0.051185980
1064,train,8.050499916,7.701000000,0.073553808,0.039041243,0.040687665,0.073648237,0.292656273,0.079381175,0.152239338,0.107015938,0.073720925,0.051278006,0.033879284,0.023189353,0.001900048,0.071653761
1065,holdout,1.027500033,0.691500000,0.021451974,0.012768336,0.011103524,0.021041468,0.349135190,0.023871861,0.040831178,0.032662347,0.023363786,0.014953746,0.010002350,0.006898432,0.000251553,0.021200420
1066,holdout,9.991499901,9.812000000,0.048950586,0.027022051,0.025487527,0.054402273,0.233242214,0.051626544,0.108738817,0.074438170,0.047805514,0.033042870,0.017934663,0.011743463,0.000969039,0.047981549
1067,holdout,55.409999847,51.308000000,0.346259117,0.188538924,0.181053564,0.339155078,0.421524167,0.364842027,0.628745735,0.521105230,0.391398668,0.248862416,0.175087899,0.112355016,0.009547716,0.336711466
1068,holdout,0.713500023,0.766500000,0.007515956,0.006244133,0.002711930,0.008315110,0.246427372,0.008956064,0.019259304,0.012515252,0.006725999,0.004500105,0.001464772,0.000630304,0.000074723,0.007441233
1069,train,0.000000000,0.231000000,0.000000000,0.000000000,0.000000000,0.000000000,0.329196244,0.000000000,0.000000000,0.000000000,0.000000000,0.000000000,0.000000000,0.000000001,0.000000000,0.000000000
1070,train,0.254000008,0.230500000,0.003566729,0.000167357,0.003450666,0.003550616,0.345403254,0.003618023,0.008182527,0.004947349,0.003321508,0.002641784,0.001481340,0.000825867,0.000032100,0.003534629
1071,validation,1.074000001,-0.014000000,0.004488278,0.002026002,0.002832997,0.004768501,0.200044751,0.004858999,0.009700421,0.007914510,0.004726578,0.002373900,0.001596820,0.000617441,0.000040227,0.004448052
1072,holdout,0.456499994,0.446000000,0.000055300,0.000030220,0.000051653,0.000051748,0.252543926,0.000081873,0.000000000,0.000000000,0.000046026,0.000090129,0.000094951,0.000100694,0.000000747,0.000054553
1073,train,0.490999997,0.061500000,0.001363775,0.000000000,0.001363775,0.000792824,0.255278677,0.001363775,0.002118487,0.002120552,0.001593511,0.001164516,0.000838688,0.000346897,0.000006571,0.001357204
1074,train,2.184000015,1.497500000,0.020670012,0.014356043,0.008581600,0.020331016,0.257739902,0.022937644,0.040900059,0.030730974,0.020708542,0.013546276,0.010496370,0.007637844,0.000451050,0.020218961
1075,train,6.571000099,4.842500000,0.048516057,0.024765816,0.028742086,0.051885203,0.306994200,0.052264802,0.110705681,0.071811430,0.048619606,0.031105623,0.018066034,0.010787928,0.000992064,0.047523990
1076,train,0.616999984,0.285500000,0.007535922,0.005537781,0.003971783,0.007264365,0.293322384,0.009509563,0.012405944,0.011557859,0.009665307,0.006240482,0.002950941,0.002394996,0.000127357,0.007408564
1077,train,1.140499949,0.351000000,0.021042604,0.009881258,0.012620104,0.020940896,0.259714454,0.022468910,0.040898167,0.031862430,0.022132136,0.014586657,0.009901281,0.006874944,0.000471613,0.020570992
1078,validation,0.224000007,0.074500000,0.000000003,0.000000000,0.000000003,0.000000009,0.288434386,0.000000003,0.000000000,0.000000000,0.000000000,0.000000000,0.000000000,0.000000017,0.000000000,0.000000003
1079,holdout,7.051000118,6.163500000,0.049692497,0.028075673,0.026772879,0.047849234,0.294940263,0.052316803,0.103528321,0.081595123,0.055400528,0.031176958,0.016873183,0.009580872,0.001691885,0.048000611
1080,train,1.266499996,1.492500000,0.014940110,0.009141708,0.008580797,0.014961031,0.328722179,0.017681899,0.028907040,0.021592220,0.015614305,0.010922528,0.007509597,0.005094973,0.000200627,0.014739485
1081,holdout,2.210500002,2.023500000,0.047577754,0.027962424,0.024977569,0.048205748,0.319604039,0.052939992,0.097664595,0.067229405,0.044724233,0.034191191,0.023791630,0.017865431,0.001220587,0.046357162
1082,train,0.000000000,0.219500000,0.000000000,0.000000000,0.000000000,0.000000000,0.329255819,0.000000000,0.000000000,0.000000000,0.000000000,0.000000000,0.000000000,0.000000000,0.000000000,0.000000000
1083,train,0.498499990,0.145000000,0.000000465,0.000000000,0.000000465,0.000000066,0.247126132,0.000000465,0.000000000,0.000000000,0.000000000,0.000000000,0.000000104,0.000002688,0.000000004,0.000000462
1084,train,20.670000076,22.226000000,0.222705081,0.126470849,0.116651952,0.219804525,0.366529554,0.234276608,0.446186602,0.334604234,0.234602153,0.153544053,0.101376154,0.065917261,0.009094059,0.213611022
1085,holdout,11.798999786,10.390000000,0.109646574,0.066386685,0.054663900,0.102077343,0.297903061,0.120311849,0.225153133,0.175210401,0.117719337,0.078321025,0.039169371,0.022306208,0.002991274,0.106655307
1086,train,0.028000001,0.125000000,0.002211754,0.001377111,0.001542385,0.002280109,0.370588094,0.002919496,0.005269728,0.003420565,0.002015782,0.001309881,0.000806179,0.000448390,0.000047550,0.002164205
1087,train,1.302000046,1.099500000,0.005078878,0.002989716,0.003182465,0.006051034,0.329328299,0.006171924,0.013099054,0.008495378,0.004696748,0.002610927,0.000805505,0.000765657,0.000036137,0.005042741
1088,holdout,7.976500034,7.430500000,0.051868442,0.026738672,0.029242942,0.050159756,0.289184421,0.054206904,0.104576930,0.083682887,0.055463172,0.033589225,0.018897144,0.015001278,0.001716170,0.050152268
1089,train,3.578999996,2.596000000,0.029015008,0.016600523,0.013910898,0.028724939,0.228766173,0.030511420,0.064928487,0.043626864,0.028080735,0.018285871,0.011925389,0.007242697,0.000511408,0.028503599
1090,holdout,0.342000008,0.336500000,0.004110094,0.001219574,0.003072803,0.004086985,0.319589555,0.004292378,0.009195825,0.006169626,0.004116187,0.002771222,0.001528074,0.000879627,0.000046536,0.004063558
1091,train,9.041000366,8.685500000,0.088738501,0.051084004,0.041645870,0.077851534,0.262431681,0.090160035,0.158338606,0.131933376,0.098418169,0.064138636,0.046899058,0.032703150,0.002199990,0.086538509
1092,validation,0.342999995,0.401000000,0.003040777,0.001661957,0.001379345,0.003039657,0.199302942,0.003041302,0.007723110,0.004997625,0.002837915,0.001500615,0.000760207,0.000425188,0.000030990,0.003009786
1093,train,1.315999985,0.413500000,0.000000965,0.000000000,0.000000965,0.000000965,0.250865638,0.000000965,0.000000000,0.000000000,0.000000000,0.000000000,0.000000107,0.000005681,0.000000005,0.000000959
1094,train,52.521999359,49.115000000,0.358758390,0.214735657,0.178552121,0.338506311,0.504641354,0.380677283,0.641957104,0.549644113,0.403240949,0.258068055,0.192606777,0.107033379,0.017226543,0.341531873
1095,train,0.606999993,0.237500000,0.009823967,0.007331135,0.006761242,0.009207761,0.223399326,0.014092378,0.018747726,0.014802285,0.010770150,0.007905550,0.004118558,0.002599532,0.000232814,0.009591154
1096,train,23.194999695,23.720500000,0.177220404,0.109249718,0.091266528,0.172451675,0.363310248,0.193874896,0.346591234,0.265813231,0.201183632,0.132042244,0.072368674,0.045323417,0.005554242,0.171666175
1097,train,0.947000027,0.082500000,0.004067022,0.000104000,0.004064076,0.004153984,0.244134754,0.004168076,0.009744936,0.006897520,0.004003468,0.002136748,0.001058383,0.000561081,0.000041198,0.004025824
1098,train,0.878499985,0.068000000,0.000683893,0.000000000,0.000683893,0.001151407,0.273334861,0.000683893,0.002493742,0.001246871,0.000311718,0.000019482,0.000001545,0.000029997,0.000001368,0.000682525
1099,holdout,42.930999756,38.482500000,0.333038211,0.184791178,0.188014939,0.328520238,0.346063256,0.348629773,0.601879120,0.535140693,0.410237312,0.248935252,0.116143696,0.085893162,0.006514517,0.326523691
1100,holdout,1.664000034,1.018500000,0.012927108,0.007871430,0.007044472,0.014578045,0.218768194,0.014915344,0.023095999,0.018349096,0.013804985,0.010199758,0.007439701,0.004673109,0.000331994,0.012595112
1101,train,0.003500000,0.000000000,0.000000000,0.000000000,0.000000000,0.000000000,0.260233939,0.000000000,0.000000000,0.000000000,0.000000000,0.000000000,0.000000000,0.000000000,0.000000000,0.000000000
1102,holdout,1.760499954,1.242000000,0.012489026,0.008391726,0.007148216,0.012290455,0.322131515,0.015536152,0.024299806,0.018232211,0.013587099,0.008902774,0.005917342,0.003994925,0.000274198,0.012214828
1103,train,37.172500610,38.489000000,0.286475748,0.153396934,0.167827666,0.285288781,0.308831036,0.300569713,0.543736875,0.428603977,0.310142577,0.213705271,0.134307519,0.088358104,0.010069530,0.276406229
1104,holdout,1.940500021,1.716000000,0.021080619,0.010815066,0.011177338,0.021170529,0.297395825,0.021992384,0.043048378,0.030843165,0.021894548,0.014895019,0.009321937,0.006480671,0.000223994,0.020856626
1105,train,2.158999920,2.098500000,0.054696083,0.037017994,0.020999946,0.051819839,0.263642222,0.058017939,0.098946020,0.084128208,0.063531883,0.046640594,0.022289800,0.012639961,0.001106081,0.053590003
1106,train,1.205999970,0.359500000,0.009523101,0.004118522,0.008082098,0.008718898,0.312546730,0.012200618,0.018924979,0.016451471,0.012081529,0.005586536,0.002451729,0.001642357,0.000211447,0.009311654
1107,train,0.644999981,0.005500000,0.008737579,0.005678535,0.004162364,0.009028471,0.252375096,0.009840898,0.018282607,0.015194717,0.010057089,0.004635838,0.002627566,0.001627658,0.000128943,0.008608636
1108,train,13.748999596,10.938500000,0.236366525,0.140744686,0.129980892,0.218942791,0.339926988,0.260244250,0.433824211,0.345458716,0.270392001,0.192188576,0.108851433,0.067484178,0.010178749,0.226187766
1109,train,1.786999941,0.638000000,0.000027808,0.000000000,0.000027808,0.000027808,0.201401412,0.000027808,0.000000000,0.000000000,0.000000000,0.000006158,0.000050620,0.000110068,0.000000187,0.000027621
1110,train,68.594001770,74.474500000,0.344594955,0.175468594,0.172539607,0.346160680,0.324444950,0.343507975,0.655357480,0.500383854,0.368698716,0.256405413,0.170628458,0.116095699,0.010249093,0.334345877
1111,train,0.274500012,0.000000000,0.000026958,0.000000000,0.000026958,0.000000682,0.294462144,0.000026958,0.000000000,0.000000000,0.000000000,0.000000000,0.000122804,0.000038946,0.000000119,0.000026839
1112,train,6.943500042,3.647500000,0.035566121,0.026497329,0.013055949,0.034121357,0.355644703,0.039553277,0.067949966,0.059115384,0.040234398,0.022706898,0.013613255,0.009776849,0.000665191,0.034900934
1113,train,0.232999995,0.233000000,0.002224648,0.000039152,0.002204110,0.002313520,0.279981285,0.002243261,0.006442525,0.003228060,0.001947968,0.000958596,0.000504530,0.000266211,0.000014372,0.002210276
1114,train,17.139999390,14.825500000,0.139730871,0.074236430,0.071751505,0.143710971,0.328301907,0.139015689,0.289790541,0.210888639,0.144124076,0.093506202,0.058676362,0.041399259,0.002252554,0.137478292
1115,holdout,14.029000282,12.297500000,0.182820052,0.111837417,0.097284801,0.182462856,0.345178515,0.200080708,0.368462086,0.272193879,0.187354162,0.122422956,0.082379222,0.064108014,0.004796840,0.178023219
1116,train,8.711000443,5.144500000,0.060048860,0.029056912,0.036608558,0.059701346,0.284108639,0.062838398,0.116693974,0.089930423,0.063666038,0.041181963,0.029462336,0.019358408,0.001346549,0.058702312
1117,validation,1.083999991,1.164500000,0.011014915,0.008009569,0.004177531,0.013107745,0.303670108,0.012187099,0.019394375,0.015295517,0.012209496,0.008690549,0.006267660,0.004231895,0.000259456,0.010755460
1118,holdout,0.896000028,0.768000000,0.007627696,0.004780202,0.004414427,0.008310819,0.310548842,0.009194630,0.016661368,0.011606531,0.008473465,0.005390757,0.002633094,0.001000960,0.000054594,0.007573102
1119,train,0.566500008,0.167000000,0.002565695,0.000000206,0.002565489,0.002277537,0.287303478,0.002565695,0.004621220,0.004619155,0.002939181,0.001511413,0.000993087,0.000710117,0.000015694,0.002550001
1120,train,3.178499937,1.299500000,0.014789340,0.007916983,0.006882677,0.019568894,0.322901040,0.014799654,0.032739345,0.022799617,0.013042480,0.008582867,0.006411840,0.005159898,0.000057929,0.014731412
1121,train,0.000000000,0.237500000,0.002573187,0.002544673,0.001186924,0.002711944,0.322522372,0.003731597,0.006219085,0.004160152,0.002487485,0.001366897,0.000744085,0.000461418,0.000042940,0.002530247
1122,train,5.176000118,3.500000000,0.018742612,0.013254981,0.009163588,0.017593456,0.249258339,0.022418568,0.032227941,0.026446234,0.019041957,0.015150606,0.011563430,0.008025487,0.000452068,0.018290542
1123,train,0.240500003,0.000000000,0.002627705,0.002023024,0.001536011,0.003038950,0.414752424,0.003559035,0.006182700,0.003723821,0.003320769,0.001467604,0.000649258,0.000422080,0.000053735,0.002573970
1124,train,1.154999971,0.743000000,0.016792819,0.008385458,0.008620722,0.016780175,0.324530870,0.015814025,0.033227567,0.024432266,0.017389011,0.011988112,0.008111947,0.005607998,0.000221819,0.016570998
1125,holdout,29.324499130,25.701000000,0.189714506,0.112560898,0.099373981,0.183162615,0.342239499,0.211729959,0.372069746,0.291454554,0.204163760,0.146338746,0.079878345,0.044381831,0.003439239,0.186275274
1126,train,2.315000057,1.380000000,0.016880019,0.010543816,0.007745983,0.016977809,0.273496419,0.018289797,0.035009429,0.026276208,0.017278317,0.010262493,0.007383392,0.005070273,0.000309361,0.016570657
1127,validation,24.686000824,26.462500000,0.145709530,0.078209765,0.086349666,0.151579052,0.338710070,0.162310228,0.321934581,0.238562569,0.147224382,0.087664545,0.049033497,0.029837597,0.004920659,0.140788868
1128,train,33.952499390,33.199000000,0.175236225,0.103627183,0.094439596,0.176151782,0.311271906,0.195364833,0.348182321,0.266315043,0.187469810,0.125572681,0.081093356,0.042784173,0.002368068,0.172868177
1129,validation,17.658000946,13.253500000,0.231592461,0.128497750,0.130747616,0.222114563,0.335596889,0.250812054,0.436853796,0.348354906,0.261068404,0.189560428,0.096579805,0.057137474,0.008258439,0.223334059
1130,validation,33.439498901,36.594500000,0.557180762,0.312292159,0.276299894,0.543859661,0.449323773,0.567302942,1.051066875,0.802019179,0.589780152,0.423190236,0.298080504,0.178947732,0.016787343,0.540393412
1131,train,73.539001465,72.658000000,0.538921356,0.353764951,0.251518160,0.525856674,0.479161978,0.559191883,1.058619142,0.778706074,0.584912837,0.410981297,0.240952104,0.159356520,0.022976333,0.515945077
1132,train,23.479999542,22.731500000,0.114936046,0.076588802,0.048189998,0.107977122,0.279369265,0.124438271,0.215520054,0.166451469,0.122162975,0.088012941,0.059845112,0.037623689,0.001654934,0.113281116
1133,train,53.415000916,55.890500000,0.414233565,0.227634445,0.234033734,0.406096995,0.366260201,0.415994853,0.809100688,0.622408330,0.431079566,0.298291236,0.196600497,0.127920747,0.009229570,0.405003935
1134,train,7.063000202,5.991500000,0.054275747,0.032663386,0.028548872,0.052520871,0.237887725,0.061212093,0.100464210,0.079308391,0.058359597,0.040761247,0.027851436,0.018909590,0.001698918,0.052576825
1135,train,0.000000000,0.230500000,0.000000000,0.000000000,0.000000000,0.000000000,0.231370941,0.000000000,0.000000000,0.000000000,0.000000000,0.000000000,0.000000000,0.000000000,0.000000000,0.000000000
1136,train,6.343999863,4.899500000,0.050286949,0.030730627,0.027276814,0.049518097,0.244637400,0.057172853,0.105440259,0.079639822,0.054696549,0.031616282,0.018465724,0.011863052,0.001364924,0.048922025
1137,validation,0.629000008,0.004500000,0.007485439,0.007396730,0.001159634,0.006567386,0.338541299,0.008556364,0.013048384,0.013056187,0.009599995,0.005535747,0.002240594,0.001431726,0.000124607,0.007360833
1138,train,8.114999771,10.331000000,0.093428001,0.054705165,0.043796860,0.088239498,0.222011954,0.098501876,0.158038557,0.135405615,0.107900701,0.077976458,0.051093213,0.030153466,0.002588393,0.090839602
1139,train,0.915499985,0.154000000,0.007361215,0.006225578,0.005423325,0.007185049,0.256991774,0.011648905,0.013594452,0.011452095,0.008776013,0.006167177,0.002562915,0.001614635,0.000156071,0.007205144
1140,train,0.816500008,-0.162500000,0.010053772,0.005843647,0.004592441,0.009676878,0.267622352,0.010436088,0.018870536,0.016609559,0.011777217,0.006715587,0.004005933,0.002343799,0.000135448,0.009918325
1141,holdout,50.822498322,51.246000000,0.363301277,0.207335010,0.186175197,0.359719902,0.341938108,0.384693652,0.684968412,0.537961245,0.400991857,0.270020425,0.176994637,0.108870834,0.010268145,0.353033066
1142,train,36.605998993,30.707000000,0.191890195,0.092894651,0.120958887,0.192659438,0.412683427,0.210056856,0.372970343,0.276776046,0.198914126,0.135658354,0.097125225,0.069897011,0.003901663,0.187988520
1143,train,3.770999908,2.466000000,0.030656096,0.014463079,0.016363302,0.030650832,0.254973531,0.030814257,0.058262438,0.044906296,0.032559566,0.022755075,0.015486414,0.009966782,0.000385980,0.030270118
1144,train,0.528999984,0.000000000,0.007970939,0.007535907,0.001243620,0.007664350,0.264869034,0.008779527,0.015393824,0.013047144,0.010214867,0.005661089,0.002077165,0.001431546,0.000118789,0.007852151
1145,train,13.518500328,10.676500000,0.108251795,0.066307448,0.042664971,0.108439192,0.260580838,0.105720133,0.231051296,0.164209843,0.110055909,0.071469106,0.045202605,0.027522050,0.001906174,0.106345624
1146,train,1.831500053,0.939000000,0.035186090,0.018141627,0.017777588,0.034244832,0.253643781,0.035919216,0.073361531,0.055800315,0.038664345,0.023930695,0.012442017,0.006917629,0.000912964,0.034273125
1147,train,16.448499680,14.047000000,0.122895971,0.066869557,0.062324740,0.127181858,0.322070450,0.122250475,0.259944499,0.188651413,0.127257019,0.081143536,0.049680308,0.030699041,0.001892367,0.121003613
1148,holdout,0.231000006,0.061000000,0.002422491,0.001288369,0.001357146,0.002677964,0.265189141,0.002645515,0.005488237,0.003654680,0.002321991,0.001464037,0.000969202,0.000636797,0.000033680,0.002388811
1149,train,13.789999962,11.370000000,0.116808802,0.070976853,0.047326405,0.116907962,0.224388272,0.114395976,0.241296381,0.173822284,0.118574433,0.080398016,0.053321354,0.033440314,0.002252055,0.114556737
1150,train,0.000000000,0.235500000,0.000000000,0.000000000,0.000000000,0.000000000,0.334145308,0.000000000,0.000000000,0.000000000,0.000000000,0.000000000,0.000000000,0.000000000,0.000000000,0.000000000
1151,train,39.161499023,42.037500000,0.425121695,0.230520204,0.244840518,0.425682902,0.366835296,0.454934150,0.828640401,0.639910102,0.447831959,0.291200459,0.203397229,0.139749646,0.015267615,0.409854054
1152,train,14.248499870,11.925000000,0.143951878,0.076593325,0.083938085,0.130477995,0.433041364,0.156241357,0.281951278,0.221896380,0.153004199,0.110594057,0.060283974,0.035981342,0.005732406,0.138219491
1153,train,0.407999992,-0.585500000,0.008255100,0.004342287,0.004709315,0.008925813,0.286942631,0.009051601,0.021172283,0.012437126,0.008025755,0.004689217,0.002159446,0.001046774,0.000175755,0.008079346
1154,train,34.798000336,34.234500000,0.211727247,0.125358671,0.105329387,0.198721871,0.347695798,0.223205715,0.414429963,0.341100156,0.249173388,0.134090647,0.080180503,0.051388744,0.005290650,0.206436604
1155,train,0.000000000,0.238500000,0.002627732,0.002544325,0.001292894,0.002742508,0.339337617,0.003837219,0.006238450,0.004180001,0.002524635,0.001434861,0.000857294,0.000531151,0.000064034,0.002563698
1156,train,12.459500313,9.202500000,0.125881478,0.070879176,0.055247746,0.126211867,0.250640005,0.124886334,0.253730446,0.183205947,0.128398389,0.089511454,0.060759630,0.039682910,0.004159873,0.121721581
1157,train,8.818499565,6.536500000,0.057664961,0.037858881,0.026328359,0.055553779,0.315322071,0.064125478,0.108066462,0.085194096,0.063555911,0.046410058,0.027347784,0.015415457,0.001295508,0.056369454
1158,train,9.401499748,8.729000000,0.057824541,0.027415724,0.035084315,0.055747248,0.265895128,0.059660636,0.113762625,0.094634265,0.064392336,0.036324542,0.023049235,0.014784207,0.001363567,0.056460973
1159,train,12.265999794,13.984500000,0.144645125,0.089495808,0.067724988,0.142748326,0.359049737,0.148361012,0.276185602,0.222816244,0.160938025,0.105953880,0.062193006,0.039783899,0.004419787,0.140225321
1160,train,0.388500005,0.230500000,0.005560728,0.001160592,0.004454620,0.005574252,0.366729796,0.005615212,0.013271709,0.008449569,0.005341011,0.003535259,0.001850354,0.000916464,0.000038468,0.005522260
1161,train,81.345497131,80.891000000,0.509060860,0.321346104,0.294106126,0.478630781,0.518017113,0.540365279,0.928919017,0.751807809,0.543702543,0.400757909,0.266752750,0.162424356,0.023990517,0.485070229
1162,train,47.727001190,44.460500000,0.453003615,0.263727158,0.251086891,0.436938196,0.421811640,0.484266996,0.773170710,0.678671837,0.502598643,0.368365109,0.247451335,0.147763982,0.021252871,0.431750715
1163,holdout,0.014000000,0.186500000,0.000000583,0.000000000,0.000000583,0.000000066,0.208111554,0.000000583,0.000000000,0.000000000,0.000000000,0.000000000,0.000000030,0.000003471,0.000000002,0.000000581
1164,train,0.939999998,0.999000000,0.011500328,0.007605220,0.005013250,0.013241726,0.304988116,0.012618469,0.025663504,0.017851729,0.012319417,0.007128387,0.004120123,0.001918799,0.000139067,0.011361259
1165,train,0.457500011,0.376500000,0.013518324,0.006757089,0.008655074,0.013711886,0.286199957,0.015412162,0.028498348,0.021263968,0.014152018,0.008947522,0.005343106,0.002904980,0.000253665,0.013264659
1166,train,1.817999959,0.831000000,0.047335953,0.023545237,0.027319858,0.047184814,0.271904945,0.050226234,0.098888651,0.068646260,0.047888093,0.033187646,0.021591915,0.013813126,0.000911553,0.046424400
1167,train,3.048500061,2.685000000,0.024942832,0.009707959,0.016186696,0.023573238,0.249269709,0.025894655,0.049933240,0.037299693,0.026440956,0.018392347,0.010765469,0.006825294,0.000520282,0.024422551
1168,train,0.744499981,0.247000000,0.010484950,0.007401912,0.007356974,0.009858803,0.246265113,0.014758889,0.019623961,0.015681796,0.011570564,0.008536499,0.004635563,0.002861321,0.000263490,0.010221461
1169,train,1.437000036,0.549000000,0.008653074,0.005995010,0.003691736,0.008789575,0.321484149,0.009686746,0.017362794,0.013044141,0.009488478,0.006479553,0.003842661,0.001700814,0.000099277,0.008553797
1170,validation,1.005499959,0.973000000,0.023834620,0.010188213,0.013830905,0.023950772,0.270312577,0.024019117,0.047916614,0.035128359,0.024777956,0.017278291,0.011306871,0.006599627,0.000418843,0.023415778
1171,validation,0.588000000,0.458500000,0.000915489,0.000030272,0.000911146,0.000918840,0.240678325,0.000941418,0.002211594,0.001476429,0.000887020,0.000485908,0.000249267,0.000182717,0.000007436,0.000908053
1172,train,1.911499977,0.645500000,0.000008404,0.000000246,0.000008238,0.000000031,0.295447916,0.000008484,0.000000000,0.000000000,0.000000000,0.000000000,0.000000001,0.000050421,0.000000046,0.000008358
1173,train,0.842499971,0.475000000,0.001294805,0.001200899,0.001003502,0.001292713,0.268700629,0.002204401,0.002705874,0.001695464,0.001227483,0.000939983,0.000705093,0.000494932,0.000013172,0.001281633
1174,train,15.446000099,12.299500000,0.162703395,0.094802834,0.087595925,0.157020435,0.312525362,0.181279495,0.321742058,0.243201733,0.170434490,0.118666008,0.074941322,0.047234781,0.006214709,0.156488657
1175,validation,4.922999859,3.259500000,0.022044245,0.014104777,0.011335765,0.022412902,0.247481972,0.025440546,0.046453275,0.033168282,0.022723991,0.014424028,0.008955576,0.006540301,0.000459977,0.021584267
1176,holdout,12.204500198,10.866000000,0.119569331,0.070109300,0.064590313,0.115649134,0.320936739,0.134314179,0.209556937,0.176062226,0.133970022,0.098749086,0.062569857,0.036507837,0.004315820,0.115253516
1177,train,7.230500221,6.164500000,0.061550066,0.039324038,0.027811397,0.061545342,0.325423986,0.067135438,0.121386677,0.098971233,0.070747748,0.042166598,0.023641475,0.012386635,0.000968072,0.060581993
1178,validation,20.867500305,16.556000000,0.150057420,0.097390845,0.067576408,0.144551054,0.382140994,0.164134547,0.270485669,0.226476699,0.165583163,0.118682243,0.066287324,0.052829444,0.003109501,0.146947920
1179,validation,0.000000000,0.231500000,0.001216538,0.000000000,0.001216538,0.001228348,0.198578671,0.001216538,0.002984185,0.001992200,0.001196779,0.000658947,0.000321907,0.000145206,0.000009356,0.001207182
1180,train,0.334500015,0.000000000,0.000000000,0.000000000,0.000000000,0.000000000,0.232957229,0.000000000,0.000000000,0.000000000,0.000000000,0.000000000,0.000000000,0.000000000,0.000000000,0.000000000
1181,holdout,0.000000000,0.225500000,0.000004632,0.000000000,0.000004632,0.000004841,0.189786315,0.000004632,0.000000000,0.000000000,0.000000000,0.000000000,0.000000075,0.000027718,0.000000021,0.000004611
1182,train,19.348499298,18.873500000,0.400384218,0.240270078,0.178480506,0.385499924,0.364241421,0.407611310,0.735170782,0.604592144,0.442666769,0.302590728,0.190071493,0.127213329,0.019052397,0.381331801
1183,train,0.000500000,0.165500000,0.001045227,0.001024002,0.000197597,0.001135111,0.349707454,0.001221599,0.002150924,0.001327312,0.001235808,0.000721663,0.000572429,0.000263226,0.000011348,0.001033879
1184,train,0.462000012,0.035000000,0.000568114,0.000000000,0.000568114,0.000179771,0.273377657,0.000568114,0.000000000,0.000000000,0.001059760,0.001163355,0.000838671,0.000346897,0.000003794,0.000564320
1185,train,6.236499786,4.406500000,0.044361260,0.026944095,0.021795103,0.043450452,0.245900229,0.048739158,0.088424340,0.066583440,0.046211038,0.031583358,0.020804355,0.012561060,0.000888983,0.043472283
1186,train,4.743000031,4.172000000,0.044105869,0.025208155,0.019714065,0.044076666,0.342307985,0.044875287,0.090333708,0.066571526,0.045784082,0.030077823,0.019683421,0.012184649,0.001025798,0.043080073
1187,train,0.228000000,0.226500000,0.004731546,0.002992472,0.002664683,0.005026352,0.250863940,0.005657155,0.010857388,0.007779348,0.005357255,0.002523075,0.001231361,0.000640844,0.000052821,0.004678724
1188,train,0.013500000,0.002000000,0.003466483,0.002721056,0.002309465,0.003813375,0.281320363,0.005030521,0.008202776,0.005504563,0.003521473,0.001814001,0.001073543,0.000682541,0.000103691,0.003362792
1189,validation,11.249500275,9.148000000,0.120203301,0.064137153,0.062567532,0.114939928,0.318813533,0.126704678,0.222596511,0.172488570,0.131379768,0.091807604,0.064316444,0.038630769,0.002525527,0.117677763
1190,train,13.720999718,14.584000000,0.044733681,0.027238799,0.019356092,0.038568866,0.201778591,0.044491664,0.094147220,0.058728576,0.032893110,0.025479840,0.037789531,0.019363802,0.000589129,0.044144548
1191,train,63.812000275,58.906500000,0.522494376,0.322762847,0.245611057,0.462704718,0.477057606,0.533198774,0.918249428,0.800903440,0.554761529,0.411953449,0.280862689,0.168235600,0.028399576,0.494094789
1192,validation,1.727499962,1.145500000,0.054692440,0.028319322,0.026537120,0.054954410,0.307726383,0.054856434,0.111973882,0.082083434,0.058987666,0.039461914,0.023390932,0.012256810,0.000878120,0.053814322
1193,train,47.847000122,54.691500000,0.555435061,0.316506594,0.279264599,0.545698047,0.422669172,0.550699711,1.010035038,0.789748013,0.578858852,0.434028804,0.316859096,0.203080431,0.017607320,0.537827849
1194,train,23.476499557,22.883000000,0.118077606,0.077216074,0.049939778,0.112181954,0.330815464,0.125958934,0.229425460,0.172408894,0.124149464,0.086951256,0.059683781,0.035846796,0.001913925,0.116163671
1195,train,6.113500118,4.917000000,0.079903498,0.045215771,0.043644872,0.081063502,0.283805639,0.087246291,0.170922384,0.124847189,0.084375635,0.050197031,0.030332651,0.018746046,0.001932626,0.077970855
1196,train,28.840000153,26.841500000,0.223139048,0.125579193,0.114016160,0.207745448,0.278827369,0.230767325,0.403618991,0.337161601,0.259909004,0.167683274,0.101287313,0.069174059,0.008435303,0.214703739
1197,train,14.696999550,13.676000000,0.067246951,0.037038445,0.034395639,0.067023896,0.288696468,0.071434081,0.160035089,0.106493570,0.070667349,0.036132194,0.018895460,0.011258039,0.000754442,0.066492505
1198,train,0.218999997,0.816500000,0.008600047,0.002556270,0.006385752,0.008658205,0.308029532,0.008942021,0.016664963,0.013118282,0.009296922,0.006234136,0.003900466,0.002385510,0.000085205,0.008514842
1199,train,11.350999832,11.321000000,0.106150076,0.060362443,0.060047202,0.103212893,0.283976346,0.118029356,0.199783772,0.163931444,0.124106042,0.078885533,0.044985991,0.025207626,0.002699563,0.103450507
