region_id,selection_method,seed_node,node_count,boundary_count,internal_node_count,shortcut_count,label_query_count,reachable_query_count,endpoint_access_query_count,endpoint_access_rate_pct,baseline_avg_expanded,indexed_avg_expanded,indexed_avg_graph_expanded,indexed_avg_access_expanded,avg_workload_gain,total_workload_gain,positive_gain_query_rate_pct,baseline_avg_ms_unpaired,indexed_avg_ms_unpaired,indexed_p95_ms_unpaired,preprocessing_seconds,evaluation_seconds,correctness_rate
0,fixed_random_bfs,1142609813,512,16,496,225,2000,1985,1,0.050000000,10629.221500000,10612.454000000,10612.188500000,0.256000000,16.767500000,33535,5.750000000,8.410825702,21.148805588,92.966164157,1.271200266,43.152111781,1.000000000
1,fixed_random_bfs,1112073249,512,44,468,580,2000,1985,2,0.100000000,10629.221500000,10599.418000000,10599.241500000,0.167000000,29.803500000,59607,15.300000000,8.410825702,15.845729480,68.754571259,1.064673062,32.317210230,1.000000000
2,fixed_random_bfs,12484918850,512,27,485,255,2000,1985,0,0.000000000,10629.221500000,10623.734500000,10623.725000000,0.000000000,5.487000000,10974,2.650000000,8.410825702,16.037748924,69.371853160,1.071506456,32.713526090,1.000000000
3,fixed_random_bfs,292782963,512,29,483,490,2000,1985,0,0.000000000,10629.221500000,10618.038500000,10618.029000000,0.000000000,11.183000000,22366,3.450000000,8.410825702,15.793627645,68.447507558,1.064285654,32.212424982,1.000000000
4,fixed_random_bfs,479437576,512,18,494,100,2000,1985,44,2.200000000,10629.221500000,10521.961500000,10513.289500000,8.662500000,107.260000000,214520,36.400000000,8.410825702,15.887802081,68.887919599,1.067658598,32.399585499,1.000000000
5,fixed_random_bfs,2163335530,512,38,474,537,2000,1985,7,0.350000000,10629.221500000,10584.780000000,10583.921000000,0.849500000,44.441500000,88883,17.250000000,8.410825702,15.811801966,68.312704047,1.065490997,32.247775473,1.000000000
6,fixed_random_bfs,1518839603,512,30,482,580,2000,1985,0,0.000000000,10629.221500000,10626.359000000,10626.349500000,0.000000000,2.862500000,5725,0.900000000,8.410825702,21.354566238,93.615135006,1.271387004,43.571197154,1.000000000
7,fixed_random_bfs,1327639071,512,21,491,293,2000,1985,1,0.050000000,10629.221500000,10620.620000000,10620.361000000,0.249500000,8.601500000,17203,3.750000000,8.410825702,20.947091747,92.740059295,1.060192776,42.742431329,1.000000000
8,fixed_random_bfs,6094066396,512,32,480,185,2000,1985,2,0.100000000,10629.221500000,10609.712000000,10609.379500000,0.323000000,19.509500000,39019,6.300000000,8.410825702,15.745217586,68.325747645,1.132377719,32.109497746,1.000000000
9,fixed_random_bfs,1322917608,512,38,474,591,2000,1985,0,0.000000000,10629.221500000,10610.824500000,10610.815000000,0.000000000,18.397000000,36794,6.150000000,8.410825702,21.062131371,92.691571556,1.264251560,42.973016554,1.000000000
10,fixed_random_bfs,12454038415,512,46,466,979,2000,1985,26,1.300000000,10629.221500000,10539.222000000,10535.905000000,3.307500000,89.999500000,179999,34.350000000,8.410825702,20.152182653,88.634578704,1.128805415,41.117764943,1.000000000
11,fixed_random_bfs,3200644413,512,24,488,364,2000,1985,2,0.100000000,10629.221500000,10606.765000000,10606.250500000,0.505000000,22.456500000,44913,5.050000000,8.410825702,21.231428166,93.338806406,1.266381977,43.317008171,1.000000000
12,fixed_random_bfs,6768048270,512,27,485,676,2000,1985,0,0.000000000,10629.221500000,10627.595500000,10627.586000000,0.000000000,1.626000000,3252,0.500000000,8.410825702,16.697599514,71.006654643,1.257528579,34.061370337,1.000000000
13,fixed_random_bfs,4665705852,512,26,486,222,2000,1985,9,0.450000000,10629.221500000,10587.948000000,10587.051000000,0.887500000,41.273500000,82547,14.750000000,8.410825702,15.847778292,68.812488754,1.059728956,32.315770268,1.000000000
14,fixed_random_bfs,3241516294,512,44,468,1213,2000,1985,1,0.050000000,10629.221500000,10601.338000000,10601.323500000,0.005000000,27.883500000,55767,10.000000000,8.410825702,21.085360918,92.166940203,1.228029514,43.024881356,1.000000000
15,fixed_random_bfs,4955285396,512,26,486,405,2000,1985,19,0.950000000,10629.221500000,10604.256500000,10599.576000000,4.671000000,24.965000000,49930,8.150000000,8.410825702,15.967420686,69.386802203,1.131244306,32.564179370,1.000000000
16,fixed_random_bfs,497240505,512,43,469,846,2000,1985,15,0.750000000,10629.221500000,10549.269000000,10546.180500000,3.079000000,79.952500000,159905,25.350000000,8.410825702,15.769966489,68.459010693,1.131514847,32.158218798,1.000000000
17,fixed_random_bfs,9073575305,512,46,466,835,2000,1985,84,4.200000000,10629.221500000,10507.663500000,10489.241500000,18.412500000,121.558000000,243116,52.700000000,8.410825702,16.689341535,72.027790952,1.260639370,34.026538896,1.000000000
18,fixed_random_bfs,4074469815,512,25,487,404,2000,1985,18,0.900000000,10629.221500000,10595.876000000,10591.815500000,4.051000000,33.345500000,66691,13.450000000,8.410825702,16.976756268,72.731451847,1.263056867,34.622319800,1.000000000
19,fixed_random_bfs,10562265153,512,23,489,263,2000,1985,0,0.000000000,10629.221500000,10620.688500000,10620.679000000,0.000000000,8.533000000,17066,2.550000000,8.410825702,20.730373703,90.706880456,1.059413935,42.302133026,1.000000000
20,fixed_random_bfs,1801523308,512,27,485,184,2000,1985,1,0.050000000,10629.221500000,10608.737500000,10608.724000000,0.004000000,20.484000000,40968,4.950000000,8.410825702,21.006280573,91.752416400,1.260001515,42.856255524,1.000000000
21,fixed_random_bfs,1548076025,512,36,476,595,2000,1985,24,1.200000000,10629.221500000,10560.375500000,10555.157000000,5.209000000,68.846000000,137692,28.450000000,8.410825702,20.229577126,89.031466654,1.062877620,41.274974161,1.000000000
22,fixed_random_bfs,5185111392,512,31,481,430,2000,1985,7,0.350000000,10629.221500000,10598.396000000,10596.743000000,1.643500000,30.825500000,61651,9.750000000,8.410825702,20.135208629,88.659356537,1.127434296,41.079622723,1.000000000
23,fixed_random_bfs,445353619,512,26,486,509,2000,1985,4,0.200000000,10629.221500000,10603.959500000,10602.938000000,1.012000000,25.262000000,50524,8.500000000,8.410825702,20.019819842,87.681546748,1.129930688,40.846933393,1.000000000
24,fixed_random_bfs,5284628346,512,26,486,625,2000,1985,0,0.000000000,10629.221500000,10626.142000000,10626.132500000,0.000000000,3.079500000,6159,2.150000000,8.410825702,19.939389519,87.000430699,1.056875764,40.685202699,1.000000000
25,fixed_random_bfs,10892466852,512,32,480,584,2000,1985,48,2.400000000,10629.221500000,10581.069000000,10569.764000000,11.295500000,48.152500000,96305,17.850000000,8.410825702,16.636920419,71.519704503,1.259014569,33.910591332,1.000000000
26,fixed_random_bfs,1110698247,512,44,468,372,2000,1985,174,8.700000000,10629.221500000,10446.986500000,10423.378500000,23.598500000,182.235000000,364470,70.350000000,8.410825702,19.489799922,84.756229509,1.125187858,39.730316235,1.000000000
27,fixed_random_bfs,13426945403,512,29,483,704,2000,1985,1,0.050000000,10629.221500000,10618.914000000,10618.654000000,0.250500000,10.307500000,20615,3.650000000,8.410825702,20.963142769,91.805249351,1.256857555,42.771076222,1.000000000
28,fixed_random_bfs,11406498895,512,40,472,746,2000,1985,3,0.150000000,10629.221500000,10601.135000000,10600.407000000,0.718500000,28.086500000,56173,9.300000000,8.410825702,20.495335690,89.813109202,1.054297330,41.821994836,1.000000000
29,fixed_random_bfs,1251033242,512,48,464,983,2000,1985,20,1.000000000,10629.221500000,10593.542500000,10589.355500000,4.177500000,35.679000000,71358,13.250000000,8.410825702,21.056014125,92.598693651,1.255958513,42.949457574,1.000000000
30,fixed_random_bfs,1436602798,512,37,475,611,2000,1985,1,0.050000000,10629.221500000,10614.600500000,10614.368000000,0.223000000,14.621000000,29242,5.900000000,8.410825702,20.981365369,91.146094604,1.117597388,42.812179320,1.000000000
31,fixed_random_bfs,4753112735,512,17,495,272,2000,1985,0,0.000000000,10629.221500000,10628.244500000,10628.235000000,0.000000000,0.977000000,1954,0.500000000,8.410825702,19.188402884,84.183302656,1.128055611,39.150232404,1.000000000
32,fixed_random_bfs,1324799773,512,18,494,306,2000,1985,0,0.000000000,10629.221500000,10627.712000000,10627.702500000,0.000000000,1.509500000,3019,0.600000000,8.410825702,18.812444200,83.277567999,1.055655241,38.383829403,1.000000000
33,fixed_random_bfs,3250683230,512,34,478,735,2000,1985,28,1.400000000,10629.221500000,10556.736500000,10550.112000000,6.615000000,72.485000000,144970,29.600000000,8.410825702,15.674150487,67.668806042,1.124835693,31.956312224,1.000000000
34,fixed_random_bfs,1321499596,512,30,482,870,2000,1985,1,0.050000000,10629.221500000,10623.419000000,10623.153500000,0.256000000,5.802500000,11605,2.750000000,8.410825702,17.423018714,72.595878156,1.054763384,35.539734835,1.000000000
35,fixed_random_bfs,278725753,512,29,483,187,2000,1985,0,0.000000000,10629.221500000,10620.793000000,10620.783500000,0.000000000,8.428500000,16857,6.150000000,8.410825702,17.518020051,73.734475197,1.251248058,35.734363097,1.000000000
36,fixed_random_bfs,1322203518,512,15,497,146,2000,1985,1,0.050000000,10629.221500000,10625.122000000,10624.865000000,0.247500000,4.099500000,8199,2.050000000,8.410825702,15.799940904,68.837070197,1.123502759,32.224849599,1.000000000
37,fixed_random_bfs,1131291352,512,32,480,494,2000,1985,10,0.500000000,10629.221500000,10563.335000000,10561.018500000,2.307000000,65.886500000,131773,44.900000000,8.410825702,15.768797946,68.601536861,1.053385562,32.159423940,1.000000000
38,fixed_random_bfs,7114167921,512,35,477,491,2000,1985,2,0.100000000,10629.221500000,10598.059500000,10597.638500000,0.411500000,31.162000000,62324,10.350000000,8.410825702,15.902183757,69.010622940,1.127823597,32.431584389,1.000000000
39,fixed_random_bfs,1548079325,512,25,487,268,2000,1985,16,0.800000000,10629.221500000,10580.634000000,10577.237000000,3.387500000,48.587500000,97175,17.900000000,8.410825702,15.855683752,69.249644503,1.127560668,32.332809520,1.000000000
40,fixed_random_bfs,6595210390,512,16,496,240,2000,1985,0,0.000000000,10629.221500000,10626.503500000,10626.494000000,0.000000000,2.718000000,5436,1.200000000,8.410825702,15.841767381,68.772507659,0.873429561,32.300590640,1.000000000
41,fixed_random_bfs,1392657799,512,16,496,211,2000,1985,0,0.000000000,10629.221500000,10626.505000000,10626.495500000,0.000000000,2.716500000,5433,1.250000000,8.410825702,15.917690155,68.786831690,0.895157575,32.460548475,1.000000000
42,fixed_random_bfs,292599454,512,21,491,172,2000,1985,2,0.100000000,10629.221500000,10621.075500000,10620.618000000,0.448000000,8.146000000,16292,3.100000000,8.410825702,15.800248415,68.354945994,0.879681538,32.215456718,1.000000000
43,fixed_random_bfs,2689537161,512,39,473,392,2000,1985,57,2.850000000,10629.221500000,10517.545000000,10505.643000000,11.892500000,111.676500000,223353,50.100000000,8.410825702,15.734140398,68.012767794,0.886224870,32.075975381,1.000000000
44,fixed_random_bfs,4720708097,512,43,469,437,2000,1985,16,0.800000000,10629.221500000,10550.185500000,10547.769000000,2.407000000,79.036000000,158072,36.600000000,8.410825702,15.840731190,68.543589294,0.878850896,32.295185789,1.000000000
45,fixed_random_bfs,1801521181,512,37,475,345,2000,1985,11,0.550000000,10629.221500000,10579.182500000,10577.762000000,1.411000000,50.039000000,100078,17.200000000,8.410825702,15.869563292,68.644473860,0.888876429,32.354948678,1.000000000
46,fixed_random_bfs,1642560348,512,32,480,901,2000,1985,1,0.050000000,10629.221500000,10624.402500000,10624.138500000,0.254500000,4.819000000,9638,1.750000000,8.410825702,15.903747404,68.660165409,0.882566482,32.428358011,1.000000000
47,fixed_random_bfs,1548076551,512,23,489,249,2000,1985,4,0.200000000,10629.221500000,10614.220500000,10613.500500000,0.710500000,15.001000000,30002,5.750000000,8.410825702,15.995329772,69.362018246,0.871382453,32.613185224,1.000000000
48,fixed_random_bfs,7856254144,512,27,485,219,2000,1985,3,0.150000000,10629.221500000,10590.363000000,10590.138500000,0.215000000,38.858500000,77717,14.950000000,8.410825702,15.935181566,69.119597746,0.868568968,32.491164853,1.000000000
49,fixed_random_bfs,1550572190,512,22,490,253,2000,1985,1,0.050000000,10629.221500000,10623.895000000,10623.655000000,0.230500000,5.326500000,10653,1.600000000,8.410825702,16.149626215,69.880123904,0.868682324,32.935013590,1.000000000
50,fixed_random_bfs,283317561,512,23,489,382,2000,1985,1,0.050000000,10629.221500000,10607.741000000,10607.484000000,0.247500000,21.480500000,42961,9.050000000,8.410825702,15.988045396,69.067838253,0.863821555,32.601531444,1.000000000
51,fixed_random_bfs,4955227540,512,33,479,436,2000,1985,5,0.250000000,10629.221500000,10600.691000000,10599.827000000,0.854500000,28.530500000,57061,9.350000000,8.410825702,16.077542713,69.429778698,0.844166347,32.781187936,1.000000000
52,fixed_random_bfs,2264487487,512,28,484,603,2000,1985,2,0.100000000,10629.221500000,10606.371000000,10605.857500000,0.504000000,22.850500000,45701,5.500000000,8.410825702,16.068381496,69.447477141,0.842859461,32.766009585,1.000000000
53,fixed_random_bfs,474728395,512,50,462,790,2000,1985,62,3.100000000,10629.221500000,10508.902000000,10495.941500000,12.951000000,120.319500000,240639,52.400000000,8.410825702,16.027301604,69.251937490,0.825632528,32.675308054,1.000000000
54,fixed_random_bfs,5640218854,512,24,488,125,2000,1985,6,0.300000000,10629.221500000,10590.973500000,10590.133500000,0.830500000,38.248000000,76496,14.100000000,8.410825702,15.810167610,67.827967201,0.805068906,32.234692131,1.000000000
55,fixed_random_bfs,1328157992,512,21,491,326,2000,1985,1,0.050000000,10629.221500000,10621.936500000,10621.677500000,0.249500000,7.285000000,14570,3.450000000,8.410825702,16.057467661,69.789904252,0.830731377,32.743876077,1.000000000
56,fixed_random_bfs,5230804046,512,33,479,563,2000,1985,7,0.350000000,10629.221500000,10593.606000000,10591.994500000,1.602000000,35.615500000,71231,17.200000000,8.410825702,16.100319338,69.940683847,0.836752696,32.834212921,1.000000000
57,fixed_random_bfs,11380488696,512,26,486,244,2000,1985,100,5.000000000,10629.221500000,10533.477000000,10510.333500000,23.134000000,95.744500000,191489,35.000000000,8.410825702,15.786416019,68.349789493,0.794041357,32.166423538,1.000000000
58,fixed_random_bfs,1587092665,512,19,493,187,2000,1985,0,0.000000000,10629.221500000,10626.123500000,10626.114000000,0.000000000,3.098000000,6196,0.950000000,8.410825702,18.113052450,76.272153400,0.805767306,36.947146285,1.000000000
59,fixed_random_bfs,6340099264,512,41,471,691,2000,1985,13,0.650000000,10629.221500000,10547.026000000,10543.985500000,3.031000000,82.195500000,164391,28.600000000,8.410825702,15.945116564,69.251772509,0.807153702,32.510630638,1.000000000
60,fixed_random_bfs,12463880315,512,34,478,534,2000,1985,1,0.050000000,10629.221500000,10611.191500000,10610.955500000,0.226500000,18.030000000,36060,6.300000000,8.410825702,21.102011749,92.041907799,1.109936344,43.042880002,1.000000000
61,fixed_random_bfs,1361251984,512,16,496,86,2000,1985,0,0.000000000,10629.221500000,10612.266000000,10612.256500000,0.000000000,16.955500000,33911,4.650000000,8.410825702,21.231963265,93.485658456,1.110521729,43.316285477,1.000000000
62,fixed_random_bfs,5773611651,512,36,476,739,2000,1985,0,0.000000000,10629.221500000,10628.008500000,10627.999000000,0.000000000,1.213000000,2426,0.550000000,8.410825702,21.095803133,92.195912399,1.107232062,43.034512990,1.000000000
63,fixed_random_bfs,4685552133,512,23,489,161,2000,1985,6,0.300000000,10629.221500000,10548.563000000,10547.235500000,1.318000000,80.658500000,161317,33.950000000,8.410825702,17.314497242,72.867775099,1.150687283,35.307659136,1.000000000
64,fixed_random_bfs,10300962373,512,18,494,306,2000,1985,0,0.000000000,10629.221500000,10626.665000000,10626.655500000,0.000000000,2.556500000,5113,1.000000000,8.410825702,20.986912267,91.576773901,1.149805435,42.813712745,1.000000000
65,fixed_random_bfs,13370114785,512,27,485,278,2000,1985,0,0.000000000,10629.221500000,10622.126000000,10622.116500000,0.000000000,7.095500000,14191,2.250000000,8.410825702,21.075479464,91.437162252,1.153191698,42.995417841,1.000000000
66,fixed_random_bfs,1784085866,512,42,470,623,2000,1985,24,1.200000000,10629.221500000,10570.751000000,10566.731500000,4.010000000,58.470500000,116941,23.300000000,8.410825702,20.927017548,91.790770056,1.150599599,42.682268770,1.000000000
67,fixed_random_bfs,10140383897,512,31,481,644,2000,1985,0,0.000000000,10629.221500000,10626.467500000,10626.458000000,0.000000000,2.754000000,5508,0.800000000,8.410825702,20.952670096,92.078525899,1.133847815,42.743436427,1.000000000
68,fixed_random_bfs,10083541091,512,33,479,605,2000,1985,3,0.150000000,10629.221500000,10554.863000000,10554.125000000,0.728500000,74.358500000,148717,26.550000000,8.410825702,21.030591772,92.489190494,1.124270776,42.901293384,1.000000000
69,fixed_random_bfs,4695412324,512,36,476,597,2000,1985,27,1.350000000,10629.221500000,10543.971000000,10538.244000000,5.717500000,85.250500000,170501,30.050000000,8.410825702,21.120955538,92.860622441,1.177412095,43.071132359,1.000000000
70,fixed_random_bfs,293055528,512,17,495,89,2000,1985,0,0.000000000,10629.221500000,10626.180500000,10626.171000000,0.000000000,3.041000000,6082,2.600000000,8.410825702,21.187111786,92.353527390,1.208287196,43.221115170,1.000000000
71,fixed_random_bfs,10781372129,512,32,480,478,2000,1985,5,0.250000000,10629.221500000,10624.901500000,10623.947000000,0.945000000,4.320000000,8640,1.850000000,8.410825702,20.943580405,91.127589290,1.212531129,42.716878476,1.000000000
72,fixed_random_bfs,343634630,512,37,475,497,2000,1985,54,2.700000000,10629.221500000,10524.056500000,10511.848500000,12.198500000,105.165000000,210330,47.300000000,8.410825702,20.880225385,91.670234451,1.196717419,42.577995441,1.000000000
73,fixed_random_bfs,4758581357,512,30,482,537,2000,1985,11,0.550000000,10629.221500000,10564.255000000,10561.754500000,2.491000000,64.966500000,129933,21.700000000,8.410825702,20.927858380,91.792321957,1.212617831,42.683682931,1.000000000
74,fixed_random_bfs,1436856906,512,31,481,339,2000,1985,1,0.050000000,10629.221500000,10614.846500000,10614.603000000,0.234000000,14.375000000,28750,5.000000000,8.410825702,21.110760518,92.788824943,1.198991176,43.063298367,1.000000000
75,fixed_random_bfs,4421109825,512,21,491,362,2000,1985,3,0.150000000,10629.221500000,10598.571000000,10597.798500000,0.763000000,30.650500000,61301,11.950000000,8.410825702,21.114233402,92.653574844,1.177625029,43.070327193,1.000000000
76,fixed_random_bfs,10893592960,512,34,478,473,2000,1985,12,0.600000000,10629.221500000,10541.955000000,10539.151500000,2.794000000,87.266500000,174533,26.600000000,8.410825702,20.977240695,92.113160011,1.162399615,42.783086540,1.000000000
77,fixed_random_bfs,299611722,512,49,463,888,2000,1985,95,4.750000000,10629.221500000,10502.119500000,10486.160500000,15.949500000,127.102000000,254204,55.050000000,8.410825702,21.175362353,93.347767398,1.175904245,43.176141742,1.000000000
78,fixed_random_bfs,9731026658,512,17,495,65,2000,1985,1,0.050000000,10629.221500000,10607.533000000,10607.316500000,0.207000000,21.688500000,43377,5.400000000,8.410825702,21.326879179,94.055474299,1.143317541,43.503920704,1.000000000
79,fixed_random_bfs,3921241192,512,27,485,387,2000,1985,1,0.050000000,10629.221500000,10608.961000000,10608.748000000,0.203500000,20.260500000,40521,6.000000000,8.410825702,21.405102485,93.846742043,1.111473673,43.666517569,1.000000000
80,fixed_random_bfs,13152754483,512,42,470,659,2000,1985,12,0.600000000,10629.221500000,10543.688500000,10542.027000000,1.652000000,85.533000000,171066,40.000000000,8.410825702,15.805756387,68.380872549,0.890991259,32.226338179,1.000000000
81,fixed_random_bfs,1551005126,512,23,489,463,2000,1985,1,0.050000000,10629.221500000,10614.058000000,10613.795000000,0.253500000,15.163500000,30327,4.800000000,8.410825702,15.902263018,68.694869453,0.866436863,32.420732202,1.000000000
82,fixed_random_bfs,1236473152,512,38,474,340,2000,1985,28,1.400000000,10629.221500000,10509.341500000,10504.564500000,4.767500000,119.880000000,239760,48.300000000,8.410825702,15.691724433,67.948937948,0.877143436,31.987741772,1.000000000
83,fixed_random_bfs,12030930241,512,16,496,87,2000,1985,0,0.000000000,10629.221500000,10617.467500000,10617.458000000,0.000000000,11.754000000,23508,3.800000000,8.410825702,15.987764362,69.699580945,0.890842981,32.599749117,1.000000000
84,fixed_random_bfs,9038898395,512,51,461,400,2000,1985,120,6.000000000,10629.221500000,10500.891000000,10487.919000000,12.962500000,128.330500000,256661,46.000000000,8.410825702,15.811928501,68.891620351,0.884652359,32.219758230,1.000000000
85,fixed_random_bfs,1147305554,512,26,486,199,2000,1985,3,0.150000000,10629.221500000,10603.533500000,10602.922500000,0.601500000,25.688000000,51376,8.200000000,8.410825702,15.930154756,69.487797290,0.878885473,32.482538024,1.000000000
86,fixed_random_bfs,12291327666,512,30,482,287,2000,1985,1,0.050000000,10629.221500000,10596.015000000,10595.540500000,0.465000000,33.206500000,66413,10.950000000,8.410825702,15.848974389,68.624265849,0.884176326,32.315234044,1.000000000
87,fixed_random_bfs,1327641343,512,21,491,161,2000,1985,1,0.050000000,10629.221500000,10622.705500000,10622.468000000,0.228000000,6.516000000,13032,2.650000000,8.410825702,15.985628886,69.279475841,0.883067089,32.593962806,1.000000000
88,fixed_random_bfs,1194795154,512,30,482,760,2000,1985,1,0.050000000,10629.221500000,10626.846500000,10626.594000000,0.243000000,2.375000000,4750,0.700000000,8.410825702,16.063984357,69.387329741,0.880334664,32.754559711,1.000000000
89,fixed_random_bfs,5869817045,512,34,478,187,2000,1985,11,0.550000000,10629.221500000,10576.697500000,10575.730500000,0.957500000,52.524000000,105048,17.450000000,8.410825702,15.964110863,68.664575845,0.868028151,32.547125390,1.000000000
90,fixed_random_bfs,292621872,512,25,487,193,2000,1985,2,0.100000000,10629.221500000,10620.995000000,10620.607500000,0.378000000,8.226500000,16453,3.150000000,8.410825702,16.083050960,69.702063593,0.851516112,32.791436034,1.000000000
91,fixed_random_bfs,8126762080,512,21,491,193,2000,1985,5,0.250000000,10629.221500000,10581.513000000,10580.646000000,0.857500000,47.708500000,95417,15.650000000,8.410825702,16.045464756,69.611066698,0.854513203,32.717464953,1.000000000
92,fixed_random_bfs,4468057768,512,32,480,431,2000,1985,2,0.100000000,10629.221500000,10611.466500000,10611.020000000,0.437000000,17.755000000,35510,6.950000000,8.410825702,16.097807469,69.843411259,0.845212411,32.826585753,1.000000000
93,fixed_random_bfs,7678759569,512,28,484,556,2000,1985,0,0.000000000,10629.221500000,10619.211500000,10619.202000000,0.000000000,10.010000000,20020,3.400000000,8.410825702,16.159247576,70.061623849,0.840665720,32.952408934,1.000000000
94,fixed_random_bfs,479512737,512,20,492,207,2000,1985,13,0.650000000,10629.221500000,10535.705000000,10532.644000000,3.051500000,93.516500000,187033,26.950000000,8.410825702,15.774584636,68.475129957,0.821354848,32.161348263,1.000000000
95,fixed_random_bfs,12469475530,512,33,479,160,2000,1985,0,0.000000000,10629.221500000,10620.977000000,10620.967500000,0.000000000,8.244500000,16489,4.400000000,8.410825702,16.009682429,69.335572895,0.824675546,32.640113047,1.000000000
96,fixed_random_bfs,263571647,512,33,479,591,2000,1985,1,0.050000000,10629.221500000,10625.939000000,10625.761000000,0.168500000,3.282500000,6565,2.000000000,8.410825702,16.084853513,69.744608498,0.828375004,32.796092241,1.000000000
97,fixed_random_bfs,4494941197,512,37,475,770,2000,1985,2,0.100000000,10629.221500000,10577.176000000,10576.670500000,0.496000000,52.045500000,104091,14.950000000,8.410825702,16.096854403,70.231008597,0.840706710,32.826507716,1.000000000
98,fixed_random_bfs,690429375,512,35,477,904,2000,1985,1,0.050000000,10629.221500000,10605.986000000,10605.730500000,0.246000000,23.235500000,46471,5.850000000,8.410825702,16.036583644,69.737471597,0.816808453,32.700942901,1.000000000
99,fixed_random_bfs,4567051360,512,26,486,256,2000,1985,31,1.550000000,10629.221500000,10569.607500000,10563.193000000,6.405000000,59.614000000,119228,19.300000000,8.410825702,21.910019811,95.900014391,1.159827892,44.692155144,1.000000000
100,fixed_random_bfs,10287403210,512,23,489,117,2000,1985,2,0.100000000,10629.221500000,10609.336500000,10608.967000000,0.360000000,19.885000000,39770,6.650000000,8.410825702,15.900216870,68.712247100,0.808441460,32.416396696,1.000000000
101,fixed_random_bfs,1142607204,512,27,485,431,2000,1985,0,0.000000000,10629.221500000,10611.704500000,10611.695000000,0.000000000,17.517000000,35034,5.350000000,8.410825702,21.055196392,91.939016704,1.116368127,42.951937393,1.000000000
102,fixed_random_bfs,13607352237,512,9,503,72,2000,1985,0,0.000000000,10629.221500000,10628.621500000,10628.612000000,0.000000000,0.600000000,1200,0.150000000,8.410825702,21.252270629,92.655413701,1.139765800,43.354696841,1.000000000
103,fixed_random_bfs,4537191947,512,34,478,817,2000,1985,2,0.100000000,10629.221500000,10621.707500000,10621.199000000,0.499000000,7.514000000,15028,3.000000000,8.410825702,21.115234598,92.576996501,1.134656262,43.069857955,1.000000000
104,fixed_random_bfs,6094371885,512,33,479,187,2000,1985,8,0.400000000,10629.221500000,10601.059000000,10599.918000000,1.131500000,28.162500000,56325,9.000000000,8.410825702,20.977266978,91.718309547,1.162870398,42.785712586,1.000000000
105,fixed_random_bfs,3521762542,512,28,484,61,2000,1985,2,0.100000000,10629.221500000,10607.871500000,10607.646000000,0.216000000,21.350000000,42700,20.900000000,8.410825702,21.009620758,91.546742142,1.159965468,42.858467072,1.000000000
106,fixed_random_bfs,12620869964,512,21,491,157,2000,1985,3,0.150000000,10629.221500000,10624.306500000,10623.655000000,0.642000000,4.915000000,9830,1.600000000,8.410825702,21.022679936,92.009682951,1.173344572,42.876641801,1.000000000
107,fixed_random_bfs,447872455,512,26,486,355,2000,1985,22,1.100000000,10629.221500000,10578.084000000,10573.621000000,4.453500000,51.137500000,102275,18.400000000,8.410825702,21.062641402,92.075959755,1.152522364,42.956601145,1.000000000
108,fixed_random_bfs,3693344689,512,27,485,115,2000,1985,0,0.000000000,10629.221500000,10588.885000000,10588.875500000,0.000000000,40.336500000,80673,27.000000000,8.410825702,21.105571721,92.399033005,1.135725212,43.053431620,1.000000000
109,fixed_random_bfs,11051941885,512,36,476,523,2000,1985,1,0.050000000,10629.221500000,10603.515000000,10603.285500000,0.220000000,25.706500000,51413,8.250000000,8.410825702,21.202577884,92.963794652,1.216306331,43.250019289,1.000000000
110,fixed_random_bfs,1199489266,512,29,483,513,2000,1985,2,0.100000000,10629.221500000,10611.557500000,10611.050000000,0.498000000,17.664000000,35328,6.750000000,8.410825702,21.060117862,91.936051143,1.224525862,42.958059140,1.000000000
111,fixed_random_bfs,1394057767,512,31,481,656,2000,1985,1,0.050000000,10629.221500000,10627.985000000,10627.736500000,0.239000000,1.236500000,2473,0.850000000,8.410825702,21.003094497,92.641730700,1.208100702,42.840700806,1.000000000
112,fixed_random_bfs,2880419782,512,28,484,135,2000,1985,3,0.150000000,10629.221500000,10588.917000000,10588.727500000,0.180000000,40.304500000,80609,14.300000000,8.410825702,21.012796906,91.711113612,1.210441831,42.863732109,1.000000000
113,fixed_random_bfs,4530718094,512,35,477,801,2000,1985,0,0.000000000,10629.221500000,10624.934000000,10624.924500000,0.000000000,4.287500000,8575,1.650000000,8.410825702,21.140543479,92.434188694,1.211151005,43.127599860,1.000000000
114,fixed_random_bfs,5342861433,512,29,483,246,2000,1985,15,0.750000000,10629.221500000,10591.533000000,10588.995500000,2.528000000,37.688500000,75377,13.000000000,8.410825702,21.018272248,92.055505495,1.182163951,42.865840734,1.000000000
115,fixed_random_bfs,445028130,512,21,491,191,2000,1985,2,0.100000000,10629.221500000,10579.418000000,10578.940500000,0.468000000,49.803500000,99607,14.250000000,8.410825702,21.099173374,91.934592398,1.181067575,43.035256110,1.000000000
116,fixed_random_bfs,11016886026,512,22,490,217,2000,1985,15,0.750000000,10629.221500000,10534.479000000,10531.009000000,3.460500000,94.742500000,189485,27.400000000,8.410825702,20.983829612,92.022201642,1.170630614,42.802722575,1.000000000
117,fixed_random_bfs,1394437022,512,33,479,843,2000,1985,1,0.050000000,10629.221500000,10603.695500000,10603.433000000,0.253000000,25.526000000,51052,7.400000000,8.410825702,21.219412529,93.025692888,1.178122408,43.286807082,1.000000000
118,fixed_random_bfs,5284404374,512,35,477,324,2000,1985,92,4.600000000,10629.221500000,10477.400500000,10459.228000000,18.163000000,151.821000000,303642,54.700000000,8.410825702,21.110353086,92.617202197,1.149980909,43.035276590,1.000000000
119,fixed_random_bfs,11356410433,512,39,473,970,2000,1985,11,0.550000000,10629.221500000,10614.387000000,10611.723500000,2.654000000,14.834500000,29669,6.450000000,8.410825702,21.394451589,93.562794408,1.141024420,43.639001473,1.000000000
120,fixed_random_bfs,1235226279,512,14,498,123,2000,1985,0,0.000000000,10629.221500000,10625.297000000,10625.287500000,0.000000000,3.924500000,7849,1.300000000,8.410825702,15.890872093,68.296107755,0.712136477,32.400854988,1.000000000
121,fixed_random_bfs,1731221969,512,32,480,413,2000,1985,1,0.050000000,10629.221500000,10616.124000000,10615.885000000,0.229500000,13.097500000,26195,4.000000000,8.410825702,15.932109809,69.187980655,0.719218962,32.483018404,1.000000000
122,fixed_random_bfs,430137487,512,26,486,554,2000,1985,3,0.150000000,10629.221500000,10581.550500000,10581.035500000,0.505500000,47.671000000,95342,16.800000000,8.410825702,15.761577079,68.261166999,0.717383735,32.135959223,1.000000000
123,fixed_random_bfs,9370003055,512,31,481,762,2000,1985,0,0.000000000,10629.221500000,10627.532000000,10627.522500000,0.000000000,1.689500000,3379,0.600000000,8.410825702,15.987924028,68.968900698,0.724438631,32.602262744,1.000000000
124,fixed_random_bfs,1586919528,512,17,495,240,2000,1985,0,0.000000000,10629.221500000,10626.080500000,10626.071000000,0.000000000,3.141000000,6282,0.900000000,8.410825702,15.835005168,68.267249699,0.722530964,32.288474362,1.000000000
125,fixed_random_bfs,1643296300,512,32,480,327,2000,1985,16,0.800000000,10629.221500000,10555.836500000,10552.834000000,2.993000000,73.385000000,146770,28.400000000,8.410825702,15.827350135,68.749059096,0.720830665,32.270626877,1.000000000
126,fixed_random_bfs,12607378904,512,30,482,584,2000,1985,2,0.100000000,10629.221500000,10620.976500000,10620.468000000,0.499000000,8.245000000,16490,3.050000000,8.410825702,15.994884517,69.250145648,0.718012298,32.612804903,1.000000000
127,fixed_random_bfs,1129574609,512,26,486,430,2000,1985,0,0.000000000,10629.221500000,10624.586000000,10624.576500000,0.000000000,4.635500000,9271,1.800000000,8.410825702,16.009752828,69.085137756,0.710722737,32.642624503,1.000000000
128,fixed_random_bfs,12104117128,512,35,477,638,2000,1985,42,2.100000000,10629.221500000,10524.741500000,10516.032000000,8.700000000,104.480000000,208960,34.850000000,8.410825702,15.954813948,69.135368200,0.722265720,32.517979854,1.000000000
129,fixed_random_bfs,663859934,512,35,477,521,2000,1985,3,0.150000000,10629.221500000,10611.988500000,10611.281000000,0.698000000,17.233000000,34466,6.700000000,8.410825702,16.003708130,69.321304000,0.721472383,32.630534236,1.000000000
130,fixed_random_bfs,497186080,512,29,483,355,2000,1985,22,1.100000000,10629.221500000,10563.194000000,10558.575000000,4.609500000,66.027500000,132055,21.350000000,8.410825702,15.976954953,69.312179504,0.720211553,32.568429135,1.000000000
131,fixed_random_bfs,4029215987,512,13,499,36,2000,1985,74,3.700000000,10629.221500000,10611.448500000,10608.076500000,3.362500000,17.773000000,35546,4.700000000,8.410825702,16.235285404,69.980129145,0.715402034,32.951810519,1.000000000
132,fixed_random_bfs,1395608732,512,28,484,477,2000,1985,0,0.000000000,10629.221500000,10602.696500000,10602.687000000,0.000000000,26.525000000,53050,7.800000000,8.410825702,16.131962367,69.906859899,0.720496380,32.897215969,1.000000000
133,fixed_random_bfs,1670512124,512,44,468,1056,2000,1985,4,0.200000000,10629.221500000,10603.355000000,10602.421500000,0.924000000,25.866500000,51733,10.300000000,8.410825702,16.106035232,69.533629192,0.719426196,32.840526062,1.000000000
134,fixed_random_bfs,12147905037,512,33,479,327,2000,1985,102,5.100000000,10629.221500000,10474.360500000,10454.639000000,19.712000000,154.861000000,309722,56.100000000,8.410825702,15.667375595,67.832707050,0.692609376,31.926178310,1.000000000
135,fixed_random_bfs,13383897538,512,16,496,123,2000,1985,0,0.000000000,10629.221500000,10621.480500000,10621.471000000,0.000000000,7.741000000,15482,2.550000000,8.410825702,15.940559558,68.655283155,0.707604893,32.502038764,1.000000000
136,fixed_random_bfs,1328043463,512,35,477,1027,2000,1985,1,0.050000000,10629.221500000,10621.577500000,10621.315000000,0.253000000,7.644000000,15288,3.050000000,8.410825702,16.083019152,69.776461840,0.711575836,32.793747091,1.000000000
137,fixed_random_bfs,269524526,512,19,493,129,2000,1985,0,0.000000000,10629.221500000,10607.940000000,10607.930500000,0.000000000,21.281500000,42563,4.950000000,8.410825702,16.139281075,69.975089994,0.705266379,32.914063568,1.000000000
138,fixed_random_bfs,2234962250,512,15,497,97,2000,1985,5,0.250000000,10629.221500000,10581.187000000,10580.288500000,0.889000000,48.034500000,96069,14.600000000,8.410825702,15.937179882,69.148480301,0.694391548,32.496376981,1.000000000
139,fixed_random_bfs,1551007072,512,23,489,424,2000,1985,4,0.200000000,10629.221500000,10609.846500000,10608.837000000,1.000000000,19.375000000,38750,6.150000000,8.410825702,15.922684881,68.917883154,0.694792758,32.465118838,1.000000000
140,fixed_random_bfs,1548071002,512,24,488,384,2000,1985,3,0.150000000,10629.221500000,10606.184000000,10605.459000000,0.715500000,23.037500000,46075,6.750000000,8.410825702,19.716330488,86.442719500,1.004921635,40.221562817,1.000000000
141,fixed_random_bfs,3170890749,512,28,484,374,2000,1985,1,0.050000000,10629.221500000,10614.606500000,10614.357500000,0.239500000,14.615000000,29230,4.550000000,8.410825702,20.989503990,91.548077044,0.961235258,42.813412137,1.000000000
142,fixed_random_bfs,450324047,512,20,492,308,2000,1985,2,0.100000000,10629.221500000,10618.561500000,10618.043000000,0.509000000,10.660000000,21320,3.800000000,8.410825702,21.225953510,92.603027343,0.983525575,43.298042384,1.000000000
143,fixed_random_bfs,8286473847,512,36,476,416,2000,1985,86,4.300000000,10629.221500000,10501.606500000,10483.429500000,18.167500000,127.615000000,255230,49.950000000,8.410825702,20.870210019,91.898662911,0.978495744,42.548204569,1.000000000
144,fixed_random_bfs,6768278301,512,26,486,601,2000,1985,0,0.000000000,10629.221500000,10627.483000000,10627.473500000,0.000000000,1.738500000,3477,0.650000000,8.410825702,21.017914790,92.070480443,0.985086007,42.874466974,1.000000000
145,fixed_random_bfs,12738892067,512,29,483,473,2000,1985,0,0.000000000,10629.221500000,10623.688500000,10623.679000000,0.000000000,5.533000000,11066,1.800000000,8.410825702,21.047367081,91.635691903,0.974249657,42.936905502,1.000000000
146,fixed_random_bfs,13378671816,512,56,456,1518,2000,1985,35,1.750000000,10629.221500000,10576.562000000,10570.515000000,6.037500000,52.659500000,105319,27.500000000,8.410825702,20.976957021,91.206301645,0.977916769,42.776400846,1.000000000
147,fixed_random_bfs,411029266,512,43,469,473,2000,1985,17,0.850000000,10629.221500000,10548.698500000,10546.982000000,1.707000000,80.523000000,161046,43.450000000,8.410825702,21.002441551,91.965413598,0.972061554,42.834639354,1.000000000
148,fixed_random_bfs,3713963405,512,41,471,373,2000,1985,74,3.700000000,10629.221500000,10578.286500000,10568.990500000,9.286500000,50.935000000,101870,22.450000000,8.410825702,21.117325664,91.944151301,0.976974238,43.053266532,1.000000000
149,fixed_random_bfs,1112072959,512,24,488,443,2000,1985,1,0.050000000,10629.221500000,10613.805000000,10613.542000000,0.253500000,15.416500000,30833,4.400000000,8.410825702,20.981451794,91.940296959,1.035081371,42.800193543,1.000000000
150,fixed_random_bfs,4468932444,512,15,497,56,2000,1985,11,0.550000000,10629.221500000,10569.642500000,10567.420000000,2.213000000,59.579000000,119158,17.450000000,8.410825702,20.910459370,91.336672943,1.033289722,42.646521574,1.000000000
151,fixed_random_bfs,4486815102,512,33,479,252,2000,1985,40,2.000000000,10629.221500000,10559.242500000,10557.251500000,1.981500000,69.979000000,139958,27.450000000,8.410825702,21.174703041,93.403019601,1.031749027,43.188079332,1.000000000
152,fixed_random_bfs,114311905,512,27,485,121,2000,1985,0,0.000000000,10629.221500000,10572.169000000,10572.159500000,0.000000000,57.052500000,114105,27.000000000,8.410825702,21.021553856,91.791775443,1.005179837,42.882247319,1.000000000
153,fixed_random_bfs,436639181,512,31,481,411,2000,1985,2,0.100000000,10629.221500000,10594.423500000,10593.942500000,0.471500000,34.798000000,69596,12.300000000,8.410825702,15.902866707,68.779460955,0.863649892,32.423680898,1.000000000
154,fixed_random_bfs,1549684230,512,33,479,964,2000,1985,0,0.000000000,10629.221500000,10620.719500000,10620.710000000,0.000000000,8.502000000,17004,3.050000000,8.410825702,21.340392479,93.024246996,1.011346093,43.533935541,1.000000000
155,fixed_random_bfs,8417969984,512,22,490,132,2000,1985,6,0.300000000,10629.221500000,10546.200500000,10545.136000000,1.055000000,83.021000000,166042,21.300000000,8.410825702,15.743620834,68.439905142,0.846905785,32.098651421,1.000000000
156,fixed_random_bfs,10915038477,512,23,489,329,2000,1985,47,2.350000000,10629.221500000,10585.549000000,10573.672000000,11.867500000,43.672500000,87345,15.700000000,8.410825702,21.252656661,93.049146354,1.007546029,43.320789679,1.000000000
157,fixed_random_bfs,8899071813,512,33,479,426,2000,1985,10,0.500000000,10629.221500000,10537.488500000,10535.933000000,1.546000000,91.733000000,183466,26.950000000,8.410825702,15.764600222,67.981705406,0.854548291,32.141509192,1.000000000
158,fixed_random_bfs,2784646317,512,28,484,280,2000,1985,18,0.900000000,10629.221500000,10578.947000000,10576.050500000,2.887000000,50.274500000,100549,26.550000000,8.410825702,21.067433460,92.653946402,0.995902450,42.968798802,1.000000000
159,fixed_random_bfs,5306915839,512,32,480,238,2000,1985,20,1.000000000,10629.221500000,10557.023000000,10553.565500000,3.448000000,72.198500000,144397,29.600000000,8.410825702,21.006506812,92.313257249,0.989001018,42.846002786,1.000000000
160,fixed_random_bfs,5312307604,512,33,479,634,2000,1985,0,0.000000000,10629.221500000,10621.120000000,10621.110500000,0.000000000,8.101500000,16203,2.750000000,8.410825702,15.915296188,68.628142308,0.850174912,32.452010906,1.000000000
161,fixed_random_bfs,12488699245,512,33,479,101,2000,1985,1,0.050000000,10629.221500000,10621.725000000,10621.710000000,0.005500000,7.496500000,14993,5.600000000,8.410825702,15.985014765,68.958148257,0.857168858,32.595383403,1.000000000
162,fixed_random_bfs,4614461143,512,33,479,735,2000,1985,0,0.000000000,10629.221500000,10625.562000000,10625.552500000,0.000000000,3.659500000,7319,0.850000000,8.410825702,15.980903214,68.902721647,0.856191290,32.589411226,1.000000000
163,fixed_random_bfs,6491826629,512,22,490,196,2000,1985,2,0.100000000,10629.221500000,10604.967000000,10604.554500000,0.403000000,24.254500000,48509,7.500000000,8.410825702,21.314141048,93.345722393,0.984828949,43.480067743,1.000000000
164,fixed_random_bfs,1549685300,512,28,484,605,2000,1985,2,0.100000000,10629.221500000,10624.970000000,10624.469500000,0.491000000,4.251500000,8503,2.200000000,8.410825702,15.990297402,69.277353200,0.849419020,32.603756093,1.000000000
165,fixed_random_bfs,5284452813,512,47,465,341,2000,1985,128,6.400000000,10629.221500000,10499.865000000,10484.697000000,15.158500000,129.356500000,258713,47.000000000,8.410825702,21.304903259,93.524585699,0.983886107,43.428136856,1.000000000
166,fixed_random_bfs,4530718100,512,28,484,433,2000,1985,0,0.000000000,10629.221500000,10625.390500000,10625.381000000,0.000000000,3.831000000,7662,1.200000000,8.410825702,16.001507426,68.837761155,0.854729671,32.626747797,1.000000000
167,fixed_random_bfs,3846238141,512,28,484,703,2000,1985,1,0.050000000,10629.221500000,10621.436000000,10621.171500000,0.255000000,7.785500000,15571,2.650000000,8.410825702,16.072509005,69.236788349,0.847999250,32.771553197,1.000000000
168,fixed_random_bfs,302555501,512,27,485,48,2000,1985,0,0.000000000,10629.221500000,10607.786000000,10607.776500000,0.000000000,21.435500000,42871,24.000000000,8.410825702,18.723995391,79.084798291,0.841165222,38.195208649,1.000000000
169,fixed_random_bfs,1518839901,512,21,491,301,2000,1985,0,0.000000000,10629.221500000,10626.397500000,10626.388000000,0.000000000,2.824000000,5648,0.750000000,8.410825702,16.087119780,69.620572701,0.843242718,32.802349381,1.000000000
170,fixed_random_bfs,1316576236,512,25,487,444,2000,1985,0,0.000000000,10629.221500000,10616.755500000,10616.746000000,0.000000000,12.466000000,24932,5.600000000,8.410825702,16.090526134,69.569975857,0.840796799,32.809834988,1.000000000
171,fixed_random_bfs,12381066520,512,27,485,269,2000,1985,87,4.350000000,10629.221500000,10498.693500000,10485.304500000,13.379500000,130.528000000,261056,51.600000000,8.410825702,21.294353911,93.681328544,0.977305264,43.419755230,1.000000000
172,fixed_random_bfs,655308589,512,25,487,366,2000,1985,3,0.150000000,10629.221500000,10608.040000000,10607.304500000,0.726000000,21.181500000,42363,4.750000000,8.410825702,16.103013548,69.546630843,0.842677625,32.834929767,1.000000000
173,fixed_random_bfs,10278952219,512,15,497,170,2000,1985,0,0.000000000,10629.221500000,10628.229500000,10628.220000000,0.000000000,0.992000000,1984,0.200000000,8.410825702,16.108993699,69.764841754,0.828562577,32.852369865,1.000000000
174,fixed_random_bfs,1321499723,512,41,471,1446,2000,1985,0,0.000000000,10629.221500000,10624.286000000,10624.276500000,0.000000000,4.935500000,9871,2.300000000,8.410825702,16.148402761,69.985296050,0.837553370,32.930965026,1.000000000
175,fixed_random_bfs,1687477804,512,28,484,388,2000,1985,3,0.150000000,10629.221500000,10616.191000000,10615.472000000,0.709500000,13.030500000,26061,4.300000000,8.410825702,15.944036736,69.072749046,0.813684786,32.506364378,1.000000000
176,fixed_random_bfs,1173425139,512,28,484,407,2000,1985,1,0.050000000,10629.221500000,10625.412500000,10625.155000000,0.248000000,3.809000000,7618,1.000000000,8.410825702,16.055279014,69.540256806,0.816543829,32.737643451,1.000000000
177,fixed_random_bfs,3170147746,512,32,480,681,2000,1985,0,0.000000000,10629.221500000,10625.859000000,10625.849500000,0.000000000,3.362500000,6725,1.100000000,8.410825702,16.161200878,69.574517701,0.821742891,32.958922830,1.000000000
178,fixed_random_bfs,12199379540,512,29,483,703,2000,1985,0,0.000000000,10629.221500000,10616.439500000,10616.430000000,0.000000000,12.782000000,25564,3.450000000,8.410825702,15.999049993,69.539105599,0.809450016,32.627335156,1.000000000
179,fixed_random_bfs,12763312047,512,18,494,126,2000,1985,0,0.000000000,10629.221500000,10621.906500000,10621.897000000,0.000000000,7.315000000,14630,2.700000000,8.410825702,15.938262450,69.168273793,0.796980255,32.500431646,1.000000000
180,fixed_random_bfs,4463691469,512,32,480,365,2000,1985,5,0.250000000,10629.221500000,10573.442000000,10572.771000000,0.661500000,55.779500000,111559,16.550000000,8.410825702,15.922597271,68.385131394,0.803976378,32.469814663,1.000000000
181,fixed_random_bfs,3740426718,512,22,490,145,2000,1985,5,0.250000000,10629.221500000,10590.992500000,10590.170500000,0.812500000,38.229000000,76458,10.950000000,8.410825702,15.858991418,68.320797443,0.833682323,32.333957748,1.000000000
182,fixed_random_bfs,334351549,512,49,463,1503,2000,1985,4,0.200000000,10629.221500000,10609.549500000,10608.556000000,0.984000000,19.672000000,39344,9.050000000,8.410825702,15.941772001,68.844395006,0.845474561,32.504671482,1.000000000
183,fixed_random_bfs,5480154815,512,28,484,510,2000,1985,0,0.000000000,10629.221500000,10624.474500000,10624.465000000,0.000000000,4.747000000,9494,1.400000000,8.410825702,15.957728089,68.765220202,0.834476528,32.538034048,1.000000000
184,fixed_random_bfs,4380997598,512,39,473,675,2000,1985,6,0.300000000,10629.221500000,10595.736000000,10594.669500000,1.057000000,33.485500000,66971,11.600000000,8.410825702,15.908419865,68.903878796,0.852873494,32.436698039,1.000000000
185,fixed_random_bfs,12638692522,512,35,477,606,2000,1985,0,0.000000000,10629.221500000,10622.694500000,10622.685000000,0.000000000,6.527000000,13054,2.350000000,8.410825702,15.950984675,68.677805211,0.861988828,32.529508453,1.000000000
186,fixed_random_bfs,12776717241,512,39,473,1342,2000,1985,0,0.000000000,10629.221500000,10619.967000000,10619.957500000,0.000000000,9.254500000,18509,3.350000000,8.410825702,15.988389073,69.182991506,0.857992906,32.605168481,1.000000000
187,fixed_random_bfs,2292618090,512,30,482,470,2000,1985,0,0.000000000,10629.221500000,10607.613000000,10607.603500000,0.000000000,21.608500000,43217,9.200000000,8.410825702,16.018931535,69.171660408,0.843642457,32.663142655,1.000000000
188,fixed_random_bfs,1520363691,512,28,484,555,2000,1985,0,0.000000000,10629.221500000,10619.656000000,10619.646500000,0.000000000,9.565500000,19131,3.500000000,8.410825702,16.027563387,68.752435053,0.843107365,32.679754221,1.000000000
189,fixed_random_bfs,13414122103,512,25,487,103,2000,1985,0,0.000000000,10629.221500000,10628.389000000,10628.379500000,0.000000000,0.832500000,1665,0.900000000,8.410825702,16.129390015,69.772814252,0.848879491,32.889249470,1.000000000
190,fixed_random_bfs,7678759766,512,37,475,1158,2000,1985,0,0.000000000,10629.221500000,10622.325000000,10622.315500000,0.000000000,6.896500000,13793,2.600000000,8.410825702,16.047705933,69.393774753,0.851880687,32.721879158,1.000000000
191,fixed_random_bfs,4604361990,512,27,485,136,2000,1985,13,0.650000000,10629.221500000,10575.959500000,10574.183000000,1.767000000,53.262000000,106524,16.850000000,8.410825702,16.038871081,69.050297049,0.846490925,32.694472831,1.000000000
192,fixed_random_bfs,2084091574,512,41,471,667,2000,1985,37,1.850000000,10629.221500000,10540.243500000,10532.253500000,7.980500000,88.978000000,177956,35.300000000,8.410825702,16.065890846,69.326622592,0.871674197,32.758345930,1.000000000
193,fixed_random_bfs,12556413525,512,18,494,199,2000,1985,0,0.000000000,10629.221500000,10615.876500000,10615.867000000,0.000000000,13.345000000,26690,4.050000000,8.410825702,16.098606792,69.589669398,0.849603945,32.829390321,1.000000000
194,fixed_random_bfs,1173497322,512,25,487,237,2000,1985,4,0.200000000,10629.221500000,10625.205000000,10624.272500000,0.923000000,4.016500000,8033,1.500000000,8.410825702,16.152957779,69.480666847,0.845287921,32.935027166,1.000000000
195,fixed_random_bfs,5585575940,512,23,489,194,2000,1985,1,0.050000000,10629.221500000,10601.637500000,10601.402000000,0.226000000,27.584000000,55168,8.500000000,8.410825702,15.919557782,68.650582399,0.818320450,32.459697121,1.000000000
196,fixed_random_bfs,11364764644,512,29,483,315,2000,1985,11,0.550000000,10629.221500000,10598.294500000,10595.886500000,2.398500000,30.927000000,61854,12.350000000,8.410825702,16.028692630,69.490683745,0.831562403,32.677401274,1.000000000
197,fixed_random_bfs,663694616,512,43,469,944,2000,1985,3,0.150000000,10629.221500000,10605.782000000,10605.328500000,0.444000000,23.439500000,46879,8.800000000,8.410825702,16.100678141,69.911451803,0.848288524,32.835403435,1.000000000
198,fixed_random_bfs,6412501106,512,33,479,328,2000,1985,32,1.600000000,10629.221500000,10516.651500000,10510.260500000,6.381500000,112.570000000,225140,44.950000000,8.410825702,15.842920144,69.288380594,0.821869487,32.301975323,1.000000000
199,fixed_random_bfs,5476746043,512,21,491,155,2000,1985,1,0.050000000,10629.221500000,10589.706000000,10589.649500000,0.047000000,39.515500000,79031,11.300000000,8.410825702,21.003116904,91.262641698,1.102053268,42.845538031,1.000000000
200,fixed_random_bfs,1146570420,512,32,480,570,2000,1985,5,0.250000000,10629.221500000,10600.077500000,10598.849000000,1.219000000,29.144000000,58288,8.850000000,8.410825702,21.115282492,92.070740551,1.148065743,43.065980469,1.000000000
201,fixed_random_bfs,5305836816,512,39,473,357,2000,1985,59,2.950000000,10629.221500000,10500.026500000,10489.041000000,10.976000000,129.195000000,258390,49.000000000,8.410825702,21.644031487,94.327462146,1.202662221,44.144107022,1.000000000
202,fixed_random_bfs,1322651089,512,26,486,426,2000,1985,3,0.150000000,10629.221500000,10613.216000000,10612.477500000,0.729000000,16.005500000,32011,5.450000000,8.410825702,21.262428000,93.460308504,1.166377153,43.368894828,1.000000000
203,fixed_random_bfs,12500423892,512,19,493,273,2000,1985,1,0.050000000,10629.221500000,10626.084500000,10625.820000000,0.255000000,3.137000000,6274,1.300000000,8.410825702,21.028270838,92.508309394,1.159737321,42.897055316,1.000000000
204,fixed_random_bfs,1132441774,512,26,486,316,2000,1985,2,0.100000000,10629.221500000,10601.642500000,10601.201000000,0.432000000,27.579000000,55158,12.250000000,8.410825702,21.037566208,92.327363401,1.144335443,42.915211988,1.000000000
205,fixed_random_bfs,13325012925,512,20,492,323,2000,1985,1,0.050000000,10629.221500000,10618.646500000,10618.385000000,0.252000000,10.575000000,21150,4.400000000,8.410825702,20.991782824,92.043140502,1.128798784,42.820715493,1.000000000
206,fixed_random_bfs,1640849907,512,28,484,359,2000,1985,0,0.000000000,10629.221500000,10625.621000000,10625.611500000,0.000000000,3.600500000,7201,1.000000000,8.410825702,20.609426500,91.478328548,1.128538415,42.035597656,1.000000000
207,fixed_random_bfs,90380150,512,30,482,357,2000,1985,78,3.900000000,10629.221500000,10582.536500000,10564.638500000,17.888500000,46.685000000,93370,18.600000000,8.410825702,21.097109884,92.261527503,1.145781213,42.994762019,1.000000000
208,fixed_random_bfs,2069959804,512,46,466,400,2000,1985,11,0.550000000,10629.221500000,10578.784000000,10577.473000000,1.301500000,50.437500000,100875,22.400000000,8.410825702,21.058684021,92.545477695,1.191428539,42.952032301,1.000000000
209,fixed_random_bfs,138194386,512,48,464,534,2000,1985,113,5.650000000,10629.221500000,10484.684500000,10469.820000000,14.855000000,144.537000000,289074,57.050000000,8.410825702,20.868566397,91.632181659,1.165751603,42.547888513,1.000000000
210,fixed_random_bfs,1132441706,512,41,471,666,2000,1985,1,0.050000000,10629.221500000,10597.650500000,10597.416000000,0.225000000,31.571000000,63142,11.200000000,8.410825702,21.042719740,92.664092598,1.191709304,42.926964406,1.000000000
211,fixed_random_bfs,416007742,512,41,471,385,2000,1985,30,1.500000000,10629.221500000,10517.043500000,10512.229000000,4.805000000,112.178000000,224356,51.200000000,8.410825702,21.078113156,92.415129051,1.170421015,42.991647088,1.000000000
212,fixed_random_bfs,549517209,512,30,482,606,2000,1985,2,0.100000000,10629.221500000,10618.520000000,10618.015500000,0.495000000,10.701500000,21403,4.500000000,8.410825702,21.117625512,92.721902800,1.162741415,43.073674840,1.000000000
213,fixed_random_bfs,1142605856,512,19,493,150,2000,1985,37,1.850000000,10629.221500000,10544.588500000,10536.224500000,8.354500000,84.633000000,169266,41.850000000,8.410825702,21.006888938,92.421908403,1.139768326,42.842571352,1.000000000
214,fixed_random_bfs,1518839266,512,33,479,842,2000,1985,0,0.000000000,10629.221500000,10626.063500000,10626.054000000,0.000000000,3.158000000,6316,1.000000000,8.410825702,21.299569355,92.460331249,1.170259723,43.449200427,1.000000000
215,fixed_random_bfs,4722621789,512,30,482,537,2000,1985,0,0.000000000,10629.221500000,10624.930500000,10624.921000000,0.000000000,4.291000000,8582,1.200000000,8.410825702,21.214299643,92.811277910,1.133738651,43.275507725,1.000000000
216,fixed_random_bfs,3241140550,512,45,467,1168,2000,1985,8,0.400000000,10629.221500000,10585.691500000,10583.856000000,1.826000000,43.530000000,87060,16.300000000,8.410825702,21.283163074,93.336588846,1.150098690,43.412244517,1.000000000
217,fixed_random_bfs,9470660049,512,27,485,218,2000,1985,262,13.100000000,10629.221500000,10452.320000000,10417.782500000,34.528000000,176.901500000,353803,62.000000000,8.410825702,15.716522052,68.434077156,0.823333568,31.972023758,1.000000000
218,fixed_random_bfs,12356963034,512,37,475,697,2000,1985,1,0.050000000,10629.221500000,10603.267000000,10603.061500000,0.196000000,25.954500000,51909,12.550000000,8.410825702,21.420849183,93.807749608,1.148762916,43.700702484,1.000000000
219,fixed_random_bfs,2249891220,512,23,489,382,2000,1985,0,0.000000000,10629.221500000,10625.301000000,10625.291500000,0.000000000,3.920500000,7841,1.400000000,8.410825702,21.486309788,94.122181049,1.127656227,43.834471155,1.000000000
220,fixed_random_bfs,430284809,512,38,474,505,2000,1985,15,0.750000000,10629.221500000,10569.694000000,10566.550500000,3.134000000,59.527500000,119055,23.300000000,8.410825702,17.802006346,74.667983648,0.820870004,36.309417223,1.000000000
221,fixed_random_bfs,4695525107,512,43,469,419,2000,1985,109,5.450000000,10629.221500000,10508.641500000,10499.515500000,9.116500000,120.580000000,241160,42.200000000,8.410825702,15.745664354,68.421292552,0.709246787,32.081691252,1.000000000
222,fixed_random_bfs,1382334098,512,18,494,168,2000,1985,0,0.000000000,10629.221500000,10624.005000000,10623.995500000,0.000000000,5.216500000,10433,1.700000000,8.410825702,15.967555033,68.992334408,0.708396395,32.558090551,1.000000000
223,fixed_random_bfs,292621928,512,24,488,194,2000,1985,0,0.000000000,10629.221500000,10621.552000000,10621.542500000,0.000000000,7.669500000,15339,2.250000000,8.410825702,15.891948688,68.640422204,0.706505377,32.403208607,1.000000000
224,fixed_random_bfs,2234754150,512,22,490,99,2000,1985,6,0.300000000,10629.221500000,10567.250500000,10566.483000000,0.758000000,61.971000000,123942,19.600000000,8.410825702,15.830331899,68.413750901,0.709304203,32.275190635,1.000000000
225,fixed_random_bfs,3740426766,512,18,494,98,2000,1985,13,0.650000000,10629.221500000,10589.045000000,10587.023500000,2.012000000,40.176500000,80353,19.750000000,8.410825702,15.905377983,68.834878895,0.712695032,32.430733125,1.000000000
226,fixed_random_bfs,1436987832,512,34,478,735,2000,1985,1,0.050000000,10629.221500000,10605.776500000,10605.527500000,0.239500000,23.445000000,46890,6.200000000,8.410825702,15.944228224,68.899840641,0.717891368,32.514799705,1.000000000
227,fixed_random_bfs,8404931953,512,31,481,202,2000,1985,16,0.800000000,10629.221500000,10529.360000000,10527.324500000,2.026000000,99.861500000,199723,30.600000000,8.410825702,15.890236628,68.676447296,0.703975427,32.394649152,1.000000000
228,fixed_random_bfs,8934385544,512,25,487,465,2000,1985,1,0.050000000,10629.221500000,10615.178000000,10614.916000000,0.252500000,14.043500000,28087,4.100000000,8.410825702,15.990794356,69.640645105,0.715904347,32.604583349,1.000000000
229,fixed_random_bfs,11231050475,512,36,476,349,2000,1985,106,5.300000000,10629.221500000,10501.634000000,10493.502000000,8.122500000,127.587500000,255175,48.700000000,8.410825702,15.974015085,69.186767199,0.715760532,32.547127668,1.000000000
230,fixed_random_bfs,12459721417,512,25,487,196,2000,1985,2,0.100000000,10629.221500000,10619.274000000,10618.869500000,0.395000000,9.947500000,19895,3.600000000,8.410825702,16.040976992,69.402039046,0.707632246,32.707415048,1.000000000
231,fixed_random_bfs,13392871940,512,26,486,465,2000,1985,0,0.000000000,10629.221500000,10625.124000000,10625.114500000,0.000000000,4.097500000,8195,1.100000000,8.410825702,16.121418244,69.940727099,0.717690088,32.872923445,1.000000000
232,fixed_random_bfs,4751793237,512,36,476,367,2000,1985,56,2.800000000,10629.221500000,10568.560500000,10560.911500000,7.639500000,60.661000000,121322,22.550000000,8.410825702,16.129152831,69.322326540,0.729814336,32.876654165,1.000000000
233,fixed_random_bfs,8376102990,512,24,488,314,2000,1985,20,1.000000000,10629.221500000,10558.518000000,10555.095500000,3.413000000,70.703500000,141407,24.250000000,8.410825702,16.031230312,69.337189846,0.724102223,32.683682046,1.000000000
234,fixed_random_bfs,279907320,512,26,486,199,2000,1985,0,0.000000000,10629.221500000,10609.099500000,10609.090000000,0.000000000,20.122000000,40244,5.450000000,8.410825702,15.951035378,69.230590898,0.702955651,32.524685550,1.000000000
235,fixed_random_bfs,1148228194,512,29,483,410,2000,1985,4,0.200000000,10629.221500000,10613.573000000,10612.611500000,0.952000000,15.648500000,31297,6.500000000,8.410825702,16.141910443,70.237597657,0.714002059,32.915909083,1.000000000
236,fixed_random_bfs,9654063954,512,26,486,650,2000,1985,0,0.000000000,10629.221500000,10624.901000000,10624.891500000,0.000000000,4.320500000,8641,1.600000000,8.410825702,16.103976746,69.905815392,0.716640384,32.838088583,1.000000000
237,fixed_random_bfs,3740426594,512,22,490,154,2000,1985,13,0.650000000,10629.221500000,10588.665000000,10586.970500000,1.685000000,40.556500000,81113,19.850000000,8.410825702,15.960686945,68.723155899,0.701855584,32.545343380,1.000000000
238,fixed_random_bfs,1143318691,512,29,483,402,2000,1985,7,0.350000000,10629.221500000,10603.500000000,10602.019500000,1.471000000,25.721500000,51443,7.650000000,8.410825702,16.129779313,69.929020507,0.707480478,32.893237145,1.000000000
239,fixed_random_bfs,12040748775,512,32,480,515,2000,1985,0,0.000000000,10629.221500000,10623.599000000,10623.589500000,0.000000000,5.622500000,11245,1.550000000,8.410825702,15.993429793,69.135575146,0.698344185,32.611731197,1.000000000
240,fixed_random_bfs,292622775,512,19,493,126,2000,1985,2,0.100000000,10629.221500000,10616.808000000,10616.593000000,0.205500000,12.413500000,24827,4.400000000,8.410825702,21.047188275,91.843236807,1.117510502,42.933922506,1.000000000
241,fixed_random_bfs,13031943608,512,27,485,556,2000,1985,0,0.000000000,10629.221500000,10624.053500000,10624.044000000,0.000000000,5.168000000,10336,1.650000000,8.410825702,21.188914408,93.109416254,1.149619732,43.224167284,1.000000000
242,fixed_random_bfs,4488861353,512,39,473,1482,2000,1985,0,0.000000000,10629.221500000,10617.284500000,10617.275000000,0.000000000,11.937000000,23874,5.200000000,8.410825702,15.926880979,69.350975038,0.844981302,32.474847630,1.000000000
243,fixed_random_bfs,1327650368,512,31,481,732,2000,1985,1,0.050000000,10629.221500000,10624.621500000,10624.363500000,0.248500000,4.600000000,9200,2.150000000,8.410825702,21.031661981,92.468068553,1.174677432,42.900339535,1.000000000
244,fixed_random_bfs,5971114318,512,15,497,135,2000,1985,4,0.200000000,10629.221500000,10590.340500000,10589.323000000,1.008000000,38.881000000,77762,14.100000000,8.410825702,20.871834335,91.193991350,1.182899915,42.573665973,1.000000000
245,fixed_random_bfs,5478669783,512,18,494,173,2000,1985,4,0.200000000,10629.221500000,10591.856500000,10590.859000000,0.988000000,37.365000000,74730,13.300000000,8.410825702,21.291473498,92.750039647,1.177205760,43.429970621,1.000000000
246,fixed_random_bfs,6859300085,512,29,483,486,2000,1985,4,0.200000000,10629.221500000,10619.378500000,10618.380000000,0.989000000,9.843000000,19686,4.200000000,8.410825702,21.081830664,92.061124653,1.139838979,42.995994146,1.000000000
247,fixed_random_bfs,4183662309,512,23,489,221,2000,1985,5,0.250000000,10629.221500000,10549.202500000,10548.264000000,0.929000000,80.019000000,160038,38.300000000,8.410825702,21.631427563,94.618213792,1.040130720,44.136198047,1.000000000
248,fixed_random_bfs,9865208383,512,30,482,518,2000,1985,1,0.050000000,10629.221500000,10612.185000000,10611.927500000,0.248000000,17.036500000,34073,5.550000000,8.410825702,21.182999948,92.701360508,1.176941129,43.210645410,1.000000000
249,fixed_random_bfs,122528349,512,27,485,334,2000,1985,75,3.750000000,10629.221500000,10580.287000000,10563.658000000,16.619500000,48.934500000,97869,17.550000000,8.410825702,20.977753835,91.871923252,1.183208252,42.747643864,1.000000000
250,fixed_random_bfs,4452315803,512,42,470,1007,2000,1985,16,0.800000000,10629.221500000,10563.420000000,10559.720000000,3.690500000,65.801500000,131603,24.600000000,8.410825702,21.036872809,91.947590248,1.195876296,42.908113111,1.000000000
251,fixed_random_bfs,1328041456,512,32,480,479,2000,1985,2,0.100000000,10629.221500000,10609.059000000,10608.570500000,0.479000000,20.162500000,40325,6.150000000,8.410825702,21.101093992,92.514089047,1.200280971,43.045513277,1.000000000
252,fixed_random_bfs,12049398816,512,34,478,712,2000,1985,0,0.000000000,10629.221500000,10622.792500000,10622.783000000,0.000000000,6.429000000,12858,2.050000000,8.410825702,21.294729263,93.305815545,1.208966667,43.440760502,1.000000000
253,fixed_random_bfs,4749945172,512,39,473,303,2000,1985,57,2.850000000,10629.221500000,10503.816500000,10498.034500000,5.772500000,125.405000000,250810,44.300000000,8.410825702,20.948148196,92.098085851,1.163941568,42.705581269,1.000000000
254,fixed_random_bfs,474797448,512,49,463,688,2000,1985,55,2.750000000,10629.221500000,10517.999500000,10507.253500000,10.736500000,111.222000000,222444,49.050000000,8.410825702,21.003311455,92.024818392,1.183364031,42.834617173,1.000000000
255,fixed_random_bfs,295232565,512,30,482,339,2000,1985,2,0.100000000,10629.221500000,10623.695500000,10623.242000000,0.444000000,5.526000000,11052,1.750000000,8.410825702,21.272982890,92.863917950,1.174166592,43.392108271,1.000000000
256,fixed_random_bfs,432578860,512,31,481,314,2000,1985,43,2.150000000,10629.221500000,10546.824500000,10537.865500000,8.949500000,82.397000000,164794,32.550000000,8.410825702,21.111961563,92.025919052,1.155090711,43.057462016,1.000000000
257,fixed_random_bfs,4561991363,512,46,466,1488,2000,1985,3,0.150000000,10629.221500000,10610.134000000,10609.386000000,0.738500000,19.087500000,38175,7.700000000,8.410825702,21.282715180,93.538005895,1.169466134,43.416582119,1.000000000
258,fixed_random_bfs,4763677950,512,24,488,281,2000,1985,4,0.200000000,10629.221500000,10607.843000000,10606.901500000,0.932000000,21.378500000,42757,6.750000000,8.410825702,21.355520581,93.770271945,1.154093743,43.564649032,1.000000000
259,fixed_random_bfs,12488285230,512,28,484,411,2000,1985,0,0.000000000,10629.221500000,10622.101500000,10622.092000000,0.000000000,7.120000000,14240,2.300000000,8.410825702,21.426642397,93.640393352,1.145993088,43.713550240,1.000000000
260,fixed_random_bfs,3092784191,512,46,466,379,2000,1985,3,0.150000000,10629.221500000,10566.025500000,10565.752000000,0.264000000,63.196000000,126392,37.900000000,8.410825702,15.855500890,68.650384097,0.800950681,32.325134817,1.000000000
261,fixed_random_bfs,1549671659,512,33,479,789,2000,1985,0,0.000000000,10629.221500000,10622.353500000,10622.344000000,0.000000000,6.868000000,13736,2.250000000,8.410825702,21.085483105,92.052812789,0.979666290,43.014943640,1.000000000
262,fixed_random_bfs,1674428808,512,38,474,258,2000,1985,5,0.250000000,10629.221500000,10592.796000000,10592.402500000,0.384000000,36.425500000,72851,11.300000000,8.410825702,15.880249552,68.492166847,0.839995477,32.376803916,1.000000000
263,fixed_random_bfs,1147307037,512,37,475,614,2000,1985,4,0.200000000,10629.221500000,10602.821000000,10601.885500000,0.926000000,26.400500000,52801,8.450000000,8.410825702,15.976164550,69.288272601,0.832495055,32.573306835,1.000000000
264,fixed_random_bfs,492712200,512,32,480,263,2000,1985,6,0.300000000,10629.221500000,10589.056500000,10588.244000000,0.803000000,40.165000000,80330,14.150000000,8.410825702,15.877602841,68.234273951,0.831083374,32.371287488,1.000000000
265,fixed_random_bfs,4103936121,512,49,463,1731,2000,1985,7,0.350000000,10629.221500000,10606.973000000,10605.509000000,1.454500000,22.248500000,44497,7.950000000,8.410825702,15.918506320,68.891644698,0.845093552,32.457587844,1.000000000
266,fixed_random_bfs,11901884763,512,47,465,259,2000,1985,0,0.000000000,10629.221500000,10598.875500000,10598.866000000,0.000000000,30.346000000,60692,12.250000000,8.410825702,15.976865133,69.248671046,0.826681950,32.581045933,1.000000000
267,fixed_random_bfs,1438730061,512,14,498,92,2000,1985,1,0.050000000,10629.221500000,10620.618500000,10620.364500000,0.244500000,8.603000000,17206,4.100000000,8.410825702,16.023586242,69.475994010,0.814488247,32.671219094,1.000000000
268,fixed_random_bfs,7900232342,512,33,479,329,2000,1985,3,0.150000000,10629.221500000,10617.263000000,10616.809000000,0.444500000,11.958500000,23917,3.500000000,8.410825702,16.003961231,69.122359494,0.827372290,32.627054740,1.000000000
269,fixed_random_bfs,3714381723,512,15,497,25,2000,1985,0,0.000000000,10629.221500000,10622.119500000,10622.110000000,0.000000000,7.102000000,14204,10.300000000,8.410825702,16.089884930,69.271080202,0.818407294,32.808632346,1.000000000
270,fixed_random_bfs,1143317821,512,34,478,328,2000,1985,32,1.600000000,10629.221500000,10535.348500000,10528.701000000,6.638000000,93.873000000,187746,38.900000000,8.410825702,15.927077383,69.267375663,0.823411076,32.471788026,1.000000000
271,fixed_random_bfs,2099832390,512,17,495,101,2000,1985,2,0.100000000,10629.221500000,10613.828000000,10613.334500000,0.484000000,15.393500000,30787,6.000000000,8.410825702,16.104078011,69.697167001,0.837929676,32.834656120,1.000000000
272,fixed_random_bfs,9043542390,512,33,479,308,2000,1985,38,1.900000000,10629.221500000,10504.626000000,10498.361000000,6.255500000,124.595500000,249191,42.450000000,8.410825702,15.871106566,68.917276296,0.839059285,32.345309412,1.000000000
273,fixed_random_bfs,13335866612,512,33,479,733,2000,1985,1,0.050000000,10629.221500000,10623.399000000,10623.145500000,0.244000000,5.822500000,11645,1.750000000,8.410825702,16.161568656,69.674176811,0.846003371,32.955431558,1.000000000
274,fixed_random_bfs,1874361203,512,21,491,64,2000,1985,2,0.100000000,10629.221500000,10608.323500000,10607.987000000,0.327000000,20.898000000,41796,6.450000000,8.410825702,16.148645913,69.745558607,0.850408571,32.928980023,1.000000000
275,fixed_random_bfs,1198969862,512,37,475,661,2000,1985,3,0.150000000,10629.221500000,10609.833000000,10609.093000000,0.730500000,19.388500000,38777,7.150000000,8.410825702,16.117553281,69.461315707,0.819374742,32.867159285,1.000000000
276,fixed_random_bfs,4492974926,512,25,487,442,2000,1985,3,0.150000000,10629.221500000,10599.286500000,10598.547500000,0.729500000,29.935000000,59870,11.150000000,8.410825702,16.017120478,69.164613562,0.824589123,32.660289850,1.000000000
277,fixed_random_bfs,1325748213,512,29,483,730,2000,1985,1,0.050000000,10629.221500000,10625.598000000,10625.332500000,0.256000000,3.623500000,7247,1.200000000,8.410825702,16.006725274,69.332838946,0.828458431,32.640422040,1.000000000
278,fixed_random_bfs,7430153074,512,22,490,96,2000,1985,16,0.800000000,10629.221500000,10597.873000000,10595.505500000,2.358000000,31.348500000,62697,9.750000000,8.410825702,16.074500197,69.671390452,0.810659402,32.771139507,1.000000000
279,fixed_random_bfs,9311844836,512,21,491,381,2000,1985,2,0.100000000,10629.221500000,10625.018500000,10624.498000000,0.511000000,4.203000000,8406,2.250000000,8.410825702,15.938428675,69.092032252,0.809949243,32.495415188,1.000000000
280,fixed_random_bfs,1904460117,512,37,475,650,2000,1985,5,0.250000000,10629.221500000,10615.533000000,10614.456000000,1.067500000,13.688500000,27377,5.100000000,8.410825702,15.888798724,69.484394597,0.699735703,32.395374398,1.000000000
281,fixed_random_bfs,3389563090,512,31,481,270,2000,1985,2,0.100000000,10629.221500000,10599.868500000,10599.491000000,0.368000000,29.353000000,58706,10.850000000,8.410825702,20.960216248,91.577007445,0.969454731,42.757236654,1.000000000
282,fixed_random_bfs,3677979900,512,15,497,62,2000,1985,0,0.000000000,10629.221500000,10609.890000000,10609.880500000,0.000000000,19.331500000,38663,6.350000000,8.410825702,21.111201527,92.463578689,0.986021507,43.063691212,1.000000000
283,fixed_random_bfs,5221452643,512,37,475,1094,2000,1985,2,0.100000000,10629.221500000,10623.339000000,10622.845500000,0.484000000,5.882500000,11765,2.550000000,8.410825702,20.997692399,91.822456798,0.998513568,42.827669818,1.000000000
284,fixed_random_bfs,10006220256,512,31,481,560,2000,1985,1,0.050000000,10629.221500000,10628.212500000,10627.959500000,0.243500000,1.009000000,2018,0.400000000,8.410825702,21.033713503,92.264486745,0.983189426,42.903230953,1.000000000
285,fixed_random_bfs,12051483812,512,33,479,657,2000,1985,1,0.050000000,10629.221500000,10614.437500000,10614.180500000,0.247500000,14.784000000,29568,5.200000000,8.410825702,21.059207793,92.347842600,0.975715465,42.958435985,1.000000000
286,fixed_random_bfs,1866964756,512,47,465,1109,2000,1985,1,0.050000000,10629.221500000,10599.651000000,10599.422000000,0.219500000,29.570500000,59141,10.700000000,8.410825702,21.280106361,93.257248693,0.995008325,43.406475552,1.000000000
287,fixed_random_bfs,111503632,512,30,482,345,2000,1985,26,1.300000000,10629.221500000,10587.379000000,10583.488500000,3.881000000,41.842500000,83685,20.050000000,8.410825702,21.933995311,95.760288159,1.224102991,44.732231043,1.000000000
288,fixed_random_bfs,1398201412,512,20,492,48,2000,1985,0,0.000000000,10629.221500000,10610.579000000,10610.569500000,0.000000000,18.642500000,37285,5.150000000,8.410825702,21.004917019,91.639363310,0.986804671,42.847955639,1.000000000
289,fixed_random_bfs,705402155,512,33,479,336,2000,1985,0,0.000000000,10629.221500000,10610.635000000,10610.625500000,0.000000000,18.586500000,37173,10.550000000,8.410825702,21.147880668,92.071901948,1.004364296,43.141489301,1.000000000
290,fixed_random_bfs,335560378,512,39,473,390,2000,1985,148,7.400000000,10629.221500000,10475.892500000,10450.367500000,25.515500000,153.329000000,306658,58.900000000,8.410825702,20.942745794,91.859136841,0.989905068,42.681404670,1.000000000
291,fixed_random_bfs,422548097,512,40,472,121,2000,1985,9,0.450000000,10629.221500000,10550.085500000,10549.932000000,0.144000000,79.136000000,158272,38.400000000,8.410825702,15.770457805,68.297716299,0.820107090,32.152986838,1.000000000
292,fixed_random_bfs,1520431688,512,24,488,223,2000,1985,1,0.050000000,10629.221500000,10620.541500000,10620.309500000,0.222500000,8.680000000,17360,3.100000000,8.410825702,21.133670731,92.924761899,0.992331793,43.110125992,1.000000000
293,fixed_random_bfs,4028808921,512,21,491,53,2000,1985,0,0.000000000,10629.221500000,10611.539000000,10611.529500000,0.000000000,17.682500000,35365,5.350000000,8.410825702,21.165299434,92.867812703,0.977621463,43.175224844,1.000000000
294,fixed_random_bfs,11364765792,512,36,476,129,2000,1985,18,0.900000000,10629.221500000,10575.261000000,10574.527500000,0.724000000,53.960500000,107921,46.750000000,8.410825702,21.051977018,92.516325499,0.972352294,42.937203526,1.000000000
295,fixed_random_bfs,444058664,512,28,484,512,2000,1985,3,0.150000000,10629.221500000,10605.276000000,10604.537000000,0.729500000,23.945500000,47891,8.200000000,8.410825702,21.264250990,92.503134843,1.003604745,43.377183706,1.000000000
296,fixed_random_bfs,277536063,512,20,492,259,2000,1985,1,0.050000000,10629.221500000,10625.309500000,10625.094000000,0.206000000,3.912000000,7824,2.550000000,8.410825702,15.928314783,69.062215250,0.725431106,32.476496733,1.000000000
297,fixed_random_bfs,9007500747,512,35,477,544,2000,1985,2,0.100000000,10629.221500000,10606.585000000,10606.111500000,0.464000000,22.636500000,45273,7.700000000,8.410825702,15.946995622,69.102308351,0.836165509,32.515654199,1.000000000
298,fixed_random_bfs,1324735565,512,34,478,944,2000,1985,0,0.000000000,10629.221500000,10627.233500000,10627.224000000,0.000000000,1.988000000,3976,1.100000000,8.410825702,15.898839651,68.700098209,0.730456775,32.419957345,1.000000000
299,fixed_random_bfs,444058678,512,31,481,707,2000,1985,2,0.100000000,10629.221500000,10591.852000000,10591.588000000,0.254500000,37.369500000,74739,12.200000000,8.410825702,21.193686842,92.087787804,0.990959331,43.233619804,1.000000000
300,fixed_random_bfs,12456240950,512,39,473,212,2000,1985,459,22.950000000,10629.221500000,10456.645500000,10402.137000000,54.499000000,172.576000000,345152,66.400000000,8.410825702,21.051731072,92.617312208,0.973377521,42.815286145,1.000000000
301,fixed_random_bfs,13404320173,512,23,489,254,2000,1985,0,0.000000000,10629.221500000,10623.120000000,10623.110500000,0.000000000,6.101500000,12203,2.200000000,8.410825702,15.955855355,68.426143612,0.716932975,32.537977499,1.000000000
302,fixed_random_bfs,12673046097,512,28,484,702,2000,1985,1,0.050000000,10629.221500000,10622.659000000,10622.393500000,0.256000000,6.562500000,13125,2.200000000,8.410825702,15.987682098,68.670081852,0.842925427,32.603013057,1.000000000
303,fixed_random_bfs,12051595428,512,37,475,794,2000,1985,2,0.100000000,10629.221500000,10606.132000000,10605.648500000,0.474000000,23.089500000,46179,7.850000000,8.410825702,16.015694499,69.767721656,0.840751775,32.655223158,1.000000000
304,fixed_random_bfs,1561603666,512,36,476,628,2000,1985,36,1.800000000,10629.221500000,10566.740000000,10558.646500000,8.084000000,62.481500000,124963,29.450000000,8.410825702,21.284514008,92.778405400,0.998083806,43.409118451,1.000000000
305,fixed_random_bfs,12386675076,512,30,482,536,2000,1985,2,0.100000000,10629.221500000,10625.382500000,10624.885000000,0.488000000,3.839000000,7678,1.550000000,8.410825702,16.008613137,69.355860462,0.855337752,32.638175171,1.000000000
306,fixed_random_bfs,5291944038,512,24,488,171,2000,1985,14,0.700000000,10629.221500000,10582.130000000,10579.385000000,2.735500000,47.091500000,94183,17.600000000,8.410825702,21.382124248,93.387429347,0.982053687,43.615647805,1.000000000
307,fixed_random_bfs,6535772151,512,27,485,333,2000,1985,3,0.150000000,10629.221500000,10577.264500000,10576.800000000,0.455000000,51.957000000,103914,16.050000000,8.410825702,15.944140095,69.036150994,0.849148821,32.508183085,1.000000000
308,fixed_random_bfs,13414113694,512,21,491,58,2000,1985,0,0.000000000,10629.221500000,10622.574500000,10622.565000000,0.000000000,6.647000000,13294,4.100000000,8.410825702,16.087845166,69.732424647,0.835513489,32.806213694,1.000000000
309,fixed_random_bfs,12811273501,512,27,485,510,2000,1985,3,0.150000000,10629.221500000,10612.324000000,10611.596000000,0.718500000,16.897500000,33795,5.750000000,8.410825702,15.941076276,69.257041043,0.720675384,32.502537623,1.000000000
310,fixed_random_bfs,534476383,512,49,463,687,2000,1985,34,1.700000000,10629.221500000,10498.810000000,10492.844000000,5.956500000,130.411500000,260823,51.350000000,8.410825702,15.959640928,69.376262189,0.849601614,32.534118717,1.000000000
311,fixed_random_bfs,1324733827,512,29,483,730,2000,1985,0,0.000000000,10629.221500000,10627.686500000,10627.677000000,0.000000000,1.535000000,3070,0.550000000,8.410825702,21.560554984,94.373828203,0.993165699,43.985618393,1.000000000
312,fixed_random_bfs,3098121121,512,40,472,354,2000,1985,11,0.550000000,10629.221500000,10596.812500000,10595.990000000,0.813000000,32.409000000,64818,11.400000000,8.410825702,16.066196944,69.526354798,0.856173460,32.760896191,1.000000000
313,fixed_random_bfs,8958198523,512,24,488,276,2000,1985,7,0.350000000,10629.221500000,10549.413500000,10548.068000000,1.336000000,79.808000000,159616,23.750000000,8.410825702,16.069493573,69.563322304,0.731275540,32.762863194,1.000000000
314,fixed_random_bfs,12051483841,512,27,485,488,2000,1985,1,0.050000000,10629.221500000,10615.367500000,10615.110000000,0.248000000,13.854000000,27708,5.050000000,8.410825702,16.133557706,69.984944154,0.845995453,32.899531839,1.000000000
315,fixed_random_bfs,1520374841,512,23,489,278,2000,1985,3,0.150000000,10629.221500000,10624.610500000,10623.875000000,0.726000000,4.611000000,9222,1.650000000,8.410825702,16.033979675,69.130450653,0.833699584,32.691620741,1.000000000
316,fixed_random_bfs,1322673984,512,29,483,490,2000,1985,2,0.100000000,10629.221500000,10613.607000000,10613.112500000,0.485000000,15.614500000,31229,4.550000000,8.410825702,15.973075901,69.302791448,0.842553316,32.572603877,1.000000000
317,fixed_random_bfs,1295426932,512,32,480,432,2000,1985,1,0.050000000,10629.221500000,10601.151000000,10600.696000000,0.445500000,28.070500000,56141,9.450000000,8.410825702,16.109874783,69.426335594,0.832431417,32.853078949,1.000000000
318,fixed_random_bfs,62890972,512,38,474,618,2000,1985,1,0.050000000,10629.221500000,10604.691000000,10604.481000000,0.200500000,24.530500000,49061,8.950000000,8.410825702,21.044491195,92.205688245,1.117478580,42.931871208,1.000000000
319,fixed_random_bfs,9920608214,512,21,491,165,2000,1985,2,0.100000000,10629.221500000,10609.840000000,10609.426000000,0.404500000,19.381500000,38763,4.850000000,8.410825702,15.909275807,68.725518703,0.694884554,32.433736326,1.000000000
320,fixed_random_bfs,1322625918,512,21,491,362,2000,1985,1,0.050000000,10629.221500000,10618.735500000,10618.471500000,0.254500000,10.486000000,20972,3.600000000,8.410825702,15.851908744,68.806493103,0.801717322,32.319499337,1.000000000
321,fixed_random_bfs,13012333814,512,30,482,260,2000,1985,8,0.400000000,10629.221500000,10590.898500000,10589.242500000,1.646500000,38.323000000,76646,18.800000000,8.410825702,15.819447256,68.314558591,0.691954635,32.253272288,1.000000000
322,fixed_random_bfs,1328039949,512,31,481,426,2000,1985,2,0.100000000,10629.221500000,10623.533500000,10623.053000000,0.471000000,5.688000000,11376,4.100000000,8.410825702,15.932990410,68.912031499,0.809263499,32.485811518,1.000000000
323,fixed_random_bfs,10704407724,512,23,489,205,2000,1985,0,0.000000000,10629.221500000,10616.438500000,10616.429000000,0.000000000,12.783000000,25566,5.350000000,8.410825702,15.880426884,68.650868697,0.807237426,32.382085291,1.000000000
324,fixed_random_bfs,1132441934,512,43,469,1069,2000,1985,1,0.050000000,10629.221500000,10606.102000000,10605.866500000,0.226000000,23.119500000,46239,9.600000000,8.410825702,15.987324646,69.184981956,0.711670761,32.597065126,1.000000000
325,fixed_random_bfs,432874403,512,31,481,543,2000,1985,6,0.300000000,10629.221500000,10580.019000000,10578.785500000,1.224000000,49.202500000,98405,16.800000000,8.410825702,15.928765149,68.996095999,0.810047483,32.479204210,1.000000000
326,fixed_random_bfs,12055134941,512,24,488,150,2000,1985,2,0.100000000,10629.221500000,10618.669500000,10618.406000000,0.254000000,10.552000000,21104,4.150000000,8.410825702,16.005552631,68.902498552,0.708184219,32.638517047,1.000000000
327,fixed_random_bfs,5277793605,512,22,490,251,2000,1985,29,1.450000000,10629.221500000,10563.563000000,10556.804000000,6.749500000,65.658500000,131317,27.700000000,8.410825702,16.030534338,69.205308190,0.711581222,32.678937944,1.000000000
328,fixed_random_bfs,279907485,512,23,489,85,2000,1985,2,0.100000000,10629.221500000,10610.387000000,10610.363000000,0.014500000,18.834500000,37669,6.000000000,8.410825702,16.032256965,69.574886309,0.712811072,32.684574971,1.000000000
329,fixed_random_bfs,11470160441,512,32,480,151,2000,1985,0,0.000000000,10629.221500000,10605.486000000,10605.476500000,0.000000000,23.735500000,47471,7.750000000,8.410825702,16.023856395,69.200874695,0.715173927,32.672771319,1.000000000
330,fixed_random_bfs,1640849736,512,31,481,445,2000,1985,0,0.000000000,10629.221500000,10625.754500000,10625.745000000,0.000000000,3.467000000,6934,0.950000000,8.410825702,16.121698210,69.759650111,0.725786065,32.873619963,1.000000000
331,fixed_random_bfs,1148228632,512,32,480,844,2000,1985,2,0.100000000,10629.221500000,10617.110000000,10616.596500000,0.504000000,12.111500000,24223,4.800000000,8.410825702,15.953527811,69.070771398,0.804905876,32.527918780,1.000000000
332,fixed_random_bfs,8274134963,512,26,486,368,2000,1985,40,2.000000000,10629.221500000,10575.128000000,10565.274500000,9.844000000,54.093500000,108187,18.550000000,8.410825702,16.090978477,69.542936150,0.709288612,32.793553690,1.000000000
333,fixed_random_bfs,1322703518,512,23,489,328,2000,1985,2,0.100000000,10629.221500000,10614.142000000,10613.634500000,0.498000000,15.079500000,30159,5.050000000,8.410825702,16.198804214,70.170483950,0.825192196,33.029356718,1.000000000
334,fixed_random_bfs,1148227984,512,31,481,593,2000,1985,2,0.100000000,10629.221500000,10614.456000000,10613.946500000,0.500000000,14.765500000,29531,5.700000000,8.410825702,16.141060505,69.615729241,0.738008525,32.914778046,1.000000000
335,fixed_random_bfs,1328045023,512,31,481,790,2000,1985,0,0.000000000,10629.221500000,10621.166500000,10621.157000000,0.000000000,8.055000000,16110,3.100000000,8.410825702,21.096534970,92.277913692,1.121688026,43.038098091,1.000000000
336,fixed_random_bfs,1323004998,512,24,488,334,2000,1985,0,0.000000000,10629.221500000,10621.958000000,10621.948500000,0.000000000,7.263500000,14527,2.800000000,8.410825702,16.153890311,69.918662045,0.724569939,32.943076172,1.000000000
337,fixed_random_bfs,4501342445,512,36,476,653,2000,1985,1,0.050000000,10629.221500000,10577.874500000,10577.631000000,0.234000000,51.347000000,102694,15.450000000,8.410825702,16.002771212,68.871749002,0.712593445,32.631453541,1.000000000
338,fixed_random_bfs,4526688744,512,42,470,561,2000,1985,63,3.150000000,10629.221500000,10512.449500000,10499.703000000,12.737000000,116.772000000,233544,50.550000000,8.410825702,15.964918969,69.149636353,0.710632421,32.549487420,1.000000000
339,fixed_random_bfs,3736054911,512,20,492,74,2000,1985,15,0.750000000,10629.221500000,10596.922000000,10594.208000000,2.704500000,32.299500000,64599,13.150000000,8.410825702,16.131397043,69.655943287,0.711229837,32.895908917,1.000000000
340,fixed_random_bfs,4757473093,512,14,498,182,2000,1985,0,0.000000000,10629.221500000,10628.156500000,10628.147000000,0.000000000,1.065000000,2130,0.550000000,8.410825702,21.157439899,93.140299355,1.141991671,43.158481985,1.000000000
341,fixed_random_bfs,1183683996,512,30,482,629,2000,1985,0,0.000000000,10629.221500000,10625.358000000,10625.348500000,0.000000000,3.863500000,7727,0.950000000,8.410825702,21.044531315,92.046990443,1.160939008,42.928804504,1.000000000
342,fixed_random_bfs,12738892292,512,34,478,633,2000,1985,2,0.100000000,10629.221500000,10624.542000000,10624.052500000,0.480000000,4.679500000,9359,1.450000000,8.410825702,21.112690274,92.627856643,1.134510130,43.066150034,1.000000000
343,fixed_random_bfs,1586188069,512,41,471,1164,2000,1985,4,0.200000000,10629.221500000,10619.292500000,10618.287000000,0.996000000,9.929000000,19858,3.250000000,8.410825702,21.158304669,92.456154945,1.125497154,43.151927545,1.000000000
344,fixed_random_bfs,1322955453,512,28,484,457,2000,1985,1,0.050000000,10629.221500000,10613.142500000,10612.892000000,0.241000000,16.079000000,32158,5.050000000,8.410825702,21.295771179,92.902834056,1.176978569,43.439658336,1.000000000
345,fixed_random_bfs,5291836415,512,32,480,270,2000,1985,56,2.800000000,10629.221500000,10516.183500000,10504.492000000,11.682000000,113.038000000,226076,49.700000000,8.410825702,20.877784141,90.730339440,1.156876727,42.572520294,1.000000000
346,fixed_random_bfs,4464130481,512,44,468,436,2000,1985,47,2.350000000,10629.221500000,10533.233500000,10524.598000000,8.626000000,95.988000000,191976,36.650000000,8.410825702,21.059242710,91.434286249,1.146641525,42.942182746,1.000000000
347,fixed_random_bfs,10832272086,512,32,480,239,2000,1985,16,0.800000000,10629.221500000,10591.997000000,10589.154000000,2.833500000,37.224500000,74449,13.700000000,8.410825702,21.166876993,92.310167112,1.167562555,43.168632334,1.000000000
348,fixed_random_bfs,5337811386,512,39,473,554,2000,1985,23,1.150000000,10629.221500000,10576.642000000,10572.087500000,4.545000000,52.579500000,105159,24.950000000,8.410825702,21.068458327,91.744796193,1.173072814,42.968215902,1.000000000
349,fixed_random_bfs,8445784733,512,27,485,169,2000,1985,5,0.250000000,10629.221500000,10590.549500000,10589.497500000,1.042500000,38.672000000,77344,13.000000000,8.410825702,21.111756450,92.164494000,1.155148009,43.061072833,1.000000000
350,fixed_random_bfs,4501342485,512,24,488,552,2000,1985,3,0.150000000,10629.221500000,10609.185500000,10608.408000000,0.768000000,20.036000000,40072,9.750000000,8.410825702,21.157340237,92.698153359,1.169185768,43.158249358,1.000000000
351,fixed_random_bfs,4495041707,512,39,473,860,2000,1985,3,0.150000000,10629.221500000,10604.711500000,10604.268000000,0.434000000,24.510000000,49020,9.750000000,8.410825702,21.858924296,95.541887706,1.055350169,44.600477810,1.000000000
352,fixed_random_bfs,1131292024,512,37,475,305,2000,1985,13,0.650000000,10629.221500000,10591.860500000,10589.985000000,1.866000000,37.361000000,74722,13.950000000,8.410825702,21.260261590,93.138767150,1.166209236,43.368025545,1.000000000
353,fixed_random_bfs,10915038485,512,34,478,511,2000,1985,42,2.100000000,10629.221500000,10581.749000000,10571.643500000,10.096000000,47.472500000,94945,18.250000000,8.410825702,21.220634791,92.830454143,1.154815291,43.264025038,1.000000000
354,fixed_random_bfs,1190291603,512,18,494,139,2000,1985,3,0.150000000,10629.221500000,10608.741000000,10608.027000000,0.704500000,20.480500000,40961,5.900000000,8.410825702,21.255185657,92.452545105,1.131964678,43.356220868,1.000000000
355,fixed_random_bfs,5297746056,512,33,479,421,2000,1985,75,3.750000000,10629.221500000,10527.795500000,10515.397000000,12.389000000,101.426000000,202852,33.350000000,8.410825702,15.797384217,68.051916298,0.802241229,32.189023411,1.000000000
356,fixed_random_bfs,5284320513,512,52,460,622,2000,1985,152,7.600000000,10629.221500000,10486.076000000,10457.890500000,28.176000000,143.145500000,286291,60.850000000,8.410825702,21.227077714,93.493499099,1.142678089,43.272079335,1.000000000
357,fixed_random_bfs,1520365923,512,28,484,557,2000,1985,0,0.000000000,10629.221500000,10623.482000000,10623.472500000,0.000000000,5.739500000,11479,2.600000000,8.410825702,21.456137990,93.090579494,1.134285741,43.774124551,1.000000000
358,fixed_random_bfs,10137983255,512,39,473,960,2000,1985,0,0.000000000,10629.221500000,10625.578500000,10625.569000000,0.000000000,3.643000000,7286,1.250000000,8.410825702,21.567506968,93.691291742,1.136449750,43.999738725,1.000000000
359,fixed_random_bfs,1534488076,512,38,474,130,2000,1985,1,0.050000000,10629.221500000,10612.476000000,10612.402000000,0.064500000,16.745500000,33491,8.150000000,8.410825702,15.864307441,69.374577748,0.814784128,32.346221928,1.000000000
360,fixed_random_bfs,1731169514,512,28,484,427,2000,1985,10,0.500000000,10629.221500000,10566.330500000,10563.874500000,2.446500000,62.891000000,125782,23.300000000,8.410825702,21.036861170,92.953882994,1.133266414,42.911114710,1.000000000
361,fixed_random_bfs,1654560453,512,31,481,537,2000,1985,0,0.000000000,10629.221500000,10583.942000000,10583.932500000,0.000000000,45.279500000,90559,14.500000000,8.410825702,15.843811513,67.884859854,0.790384420,32.305201994,1.000000000
362,fixed_random_bfs,4456681818,512,35,477,192,2000,1985,1,0.050000000,10629.221500000,10614.665000000,10614.647000000,0.008500000,14.556500000,29113,15.150000000,8.410825702,15.907210071,68.430511251,0.827285687,32.433887649,1.000000000
363,fixed_random_bfs,5413401448,512,43,469,1100,2000,1985,29,1.450000000,10629.221500000,10575.860000000,10569.309500000,6.541000000,53.361500000,106723,22.550000000,8.410825702,15.897755592,68.507146060,0.828715272,32.406649787,1.000000000
364,fixed_random_bfs,7678759693,512,33,479,796,2000,1985,1,0.050000000,10629.221500000,10623.068000000,10622.820000000,0.238500000,6.153500000,12307,2.500000000,8.410825702,15.996878373,69.252340306,0.822935465,32.617021168,1.000000000
365,fixed_random_bfs,497334239,512,30,482,397,2000,1985,17,0.850000000,10629.221500000,10549.477000000,10545.881500000,3.586000000,79.744500000,159489,24.200000000,8.410825702,15.893802999,68.992714013,0.824152712,32.403512954,1.000000000
366,fixed_random_bfs,4718388084,512,39,473,587,2000,1985,27,1.350000000,10629.221500000,10538.336500000,10535.019500000,3.307500000,90.885000000,181770,32.150000000,8.410825702,15.917612143,68.811841301,0.817050160,32.455968575,1.000000000
367,fixed_random_bfs,5296143935,512,30,482,651,2000,1985,1,0.050000000,10629.221500000,10609.696500000,10609.440000000,0.247000000,19.525000000,39050,7.350000000,8.410825702,16.054824681,69.754122654,0.822173127,32.736609179,1.000000000
368,fixed_random_bfs,13414122093,512,20,492,86,2000,1985,0,0.000000000,10629.221500000,10628.520500000,10628.511000000,0.000000000,0.701000000,1402,0.650000000,8.410825702,16.034864179,69.571255153,0.829066864,32.696160434,1.000000000
369,fixed_random_bfs,4000897111,512,23,489,259,2000,1985,0,0.000000000,10629.221500000,10604.944000000,10604.934500000,0.000000000,24.277500000,48555,7.600000000,8.410825702,16.027891498,69.720224599,0.831058635,32.681329310,1.000000000
370,fixed_random_bfs,480346404,512,27,485,466,2000,1985,15,0.750000000,10629.221500000,10538.823500000,10535.425000000,3.389000000,90.398000000,180796,26.550000000,8.410825702,15.820870505,68.897018996,0.828458890,32.256022846,1.000000000
371,fixed_random_bfs,2352569141,512,44,468,390,2000,1985,179,8.950000000,10629.221500000,10446.791000000,10416.079500000,30.702000000,182.430500000,364861,68.400000000,8.410825702,15.956187503,69.225669245,0.821696813,32.483447787,1.000000000
372,fixed_random_bfs,295526664,512,10,502,65,2000,1985,0,0.000000000,10629.221500000,10610.233000000,10610.223500000,0.000000000,18.988500000,37977,4.700000000,8.410825702,16.093904073,69.931728150,0.808207104,32.816553595,1.000000000
373,fixed_random_bfs,4488861385,512,25,487,510,2000,1985,1,0.050000000,10629.221500000,10616.255000000,10615.991000000,0.254500000,12.966500000,25933,5.700000000,8.410825702,16.139923256,69.351441805,0.860150418,32.913468561,1.000000000
374,fixed_random_bfs,1676348356,512,31,481,495,2000,1985,1,0.050000000,10629.221500000,10620.686000000,10620.434500000,0.242000000,8.535500000,17071,3.000000000,8.410825702,16.184044669,70.131296894,0.851254931,33.002151886,1.000000000
375,fixed_random_bfs,13943035813,512,30,482,322,2000,1985,0,0.000000000,10629.221500000,10607.805000000,10607.795500000,0.000000000,21.416500000,42833,5.150000000,8.410825702,16.157484209,69.448398753,0.828910366,32.949179606,1.000000000
376,fixed_random_bfs,13153050614,512,41,471,320,2000,1985,21,1.050000000,10629.221500000,10537.207000000,10534.431000000,2.766500000,92.014500000,184029,43.950000000,8.410825702,15.951526359,68.984711390,0.829643104,32.521506080,1.000000000
377,fixed_random_bfs,1204987916,512,17,495,95,2000,1985,0,0.000000000,10629.221500000,10608.356500000,10608.347000000,0.000000000,20.865000000,41730,4.750000000,8.410825702,16.077226139,69.305805896,0.819760954,32.785383636,1.000000000
378,fixed_random_bfs,1142607433,512,20,492,290,2000,1985,1,0.050000000,10629.221500000,10610.985000000,10610.720000000,0.255500000,18.236500000,36473,5.800000000,8.410825702,16.119391262,69.874797041,0.818134442,32.875634041,1.000000000
379,fixed_random_bfs,1518843190,512,18,494,210,2000,1985,0,0.000000000,10629.221500000,10626.441000000,10626.431500000,0.000000000,2.780500000,5561,0.750000000,8.410825702,15.922654308,69.109017539,0.801356543,32.468079307,1.000000000
380,fixed_random_bfs,5264509361,512,37,475,419,2000,1985,2,0.100000000,10629.221500000,10598.206000000,10597.813500000,0.383000000,31.015500000,62031,10.700000000,8.410825702,21.012806509,91.596236043,0.962020326,42.863829888,1.000000000
381,fixed_random_bfs,2880479516,512,30,482,275,2000,1985,11,0.550000000,10629.221500000,10576.381500000,10574.657000000,1.715000000,52.840000000,105680,18.750000000,8.410825702,20.954715759,91.766737097,0.996229943,42.738426794,1.000000000
382,fixed_random_bfs,4561990368,512,26,486,509,2000,1985,0,0.000000000,10629.221500000,10624.654500000,10624.645000000,0.000000000,4.567000000,9134,1.600000000,8.410825702,21.141325231,92.194001006,1.185473186,43.127780334,1.000000000
383,fixed_random_bfs,663689247,512,27,485,333,2000,1985,4,0.200000000,10629.221500000,10598.521000000,10597.712500000,0.799000000,30.700500000,61401,11.750000000,8.410825702,21.134207697,92.609834047,1.166246672,43.111632460,1.000000000
384,fixed_random_bfs,11500609455,512,35,477,339,2000,1985,16,0.800000000,10629.221500000,10537.357500000,10534.949500000,2.398500000,91.864000000,183728,33.800000000,8.410825702,15.759169498,68.548111059,0.713297463,32.130731063,1.000000000
385,fixed_random_bfs,4068484663,512,15,497,65,2000,1985,2,0.100000000,10629.221500000,10608.005000000,10607.583500000,0.412000000,21.216500000,42433,6.400000000,8.410825702,21.032327471,91.914824799,1.138815273,42.903119136,1.000000000
386,fixed_random_bfs,1193621333,512,26,486,531,2000,1985,4,0.200000000,10629.221500000,10612.709000000,10611.681500000,1.018000000,16.512500000,33025,5.950000000,8.410825702,21.043571532,92.130004899,1.157400968,42.925739908,1.000000000
387,fixed_random_bfs,13012263181,512,38,474,358,2000,1985,11,0.550000000,10629.221500000,10540.590500000,10538.487500000,2.093500000,88.631000000,177262,34.600000000,8.410825702,21.122691328,92.492660151,1.010724664,43.081143645,1.000000000
388,fixed_random_bfs,560976022,512,26,486,187,2000,1985,175,8.750000000,10629.221500000,10499.188500000,10485.793500000,13.385500000,130.033000000,260066,47.300000000,8.410825702,20.988439246,92.213567290,1.162686241,42.728166524,1.000000000
389,fixed_random_bfs,1126333925,512,32,480,605,2000,1985,6,0.300000000,10629.221500000,10606.582500000,10605.401500000,1.171500000,22.639000000,45278,8.350000000,8.410825702,21.162017005,92.527102297,1.186099888,43.168389621,1.000000000
390,fixed_random_bfs,1296455191,512,30,482,731,2000,1985,17,0.850000000,10629.221500000,10529.306000000,10525.039000000,4.257500000,99.915500000,199831,28.300000000,8.410825702,20.991137787,91.870569858,1.173566058,42.816074396,1.000000000
391,fixed_random_bfs,13576410815,512,18,494,227,2000,1985,3,0.150000000,10629.221500000,10610.467500000,10609.700500000,0.757500000,18.754000000,37508,6.500000000,8.410825702,21.188665316,92.438962909,1.161366234,43.220447253,1.000000000
392,fixed_random_bfs,1148143865,512,25,487,508,2000,1985,2,0.100000000,10629.221500000,10599.491000000,10598.983000000,0.498500000,29.730500000,59461,8.700000000,8.410825702,21.091444198,92.090600148,1.162975472,43.026180482,1.000000000
393,fixed_random_bfs,4587696995,512,23,489,191,2000,1985,11,0.550000000,10629.221500000,10601.662000000,10599.233000000,2.419500000,27.559500000,55119,8.550000000,8.410825702,21.248128619,93.324321599,1.180668937,43.334367062,1.000000000
394,fixed_random_bfs,2854186076,512,29,483,513,2000,1985,3,0.150000000,10629.221500000,10607.943500000,10607.222000000,0.712000000,21.278000000,42556,4.900000000,8.410825702,21.217502976,93.216188004,1.176655082,43.275646366,1.000000000
395,fixed_random_bfs,1395617281,512,20,492,203,2000,1985,7,0.350000000,10629.221500000,10590.855000000,10589.366000000,1.479500000,38.366500000,76733,13.050000000,8.410825702,21.163058983,92.730640899,0.999954462,43.169685299,1.000000000
396,fixed_random_bfs,2896364544,512,27,485,284,2000,1985,1,0.050000000,10629.221500000,10609.282500000,10609.053500000,0.219500000,19.939000000,39878,4.800000000,8.410825702,21.828329058,95.461943051,1.163123838,44.538071528,1.000000000
397,fixed_random_bfs,11248751221,512,28,484,514,2000,1985,2,0.100000000,10629.221500000,10618.681500000,10618.227000000,0.445000000,10.540000000,21080,4.400000000,8.410825702,21.343117775,93.531365504,1.147526698,43.539195532,1.000000000
398,fixed_random_bfs,12068666305,512,35,477,875,2000,1985,1,0.050000000,10629.221500000,10620.392000000,10620.132000000,0.250500000,8.829500000,17659,3.100000000,8.410825702,21.419504511,94.134420597,1.151919669,43.695522697,1.000000000
399,fixed_random_bfs,1587152803,512,20,492,246,2000,1985,0,0.000000000,10629.221500000,10628.140000000,10628.130500000,0.000000000,1.081500000,2163,0.500000000,8.410825702,21.564373230,94.030914240,1.146540311,43.991009299,1.000000000
400,fixed_random_bfs,4412388681,512,40,472,746,2000,1985,3,0.150000000,10629.221500000,10598.898000000,10598.174500000,0.714000000,30.323500000,60647,10.050000000,8.410825702,15.838387156,68.324814155,0.808315663,32.294651211,1.000000000
401,fixed_random_bfs,3846226753,512,33,479,447,2000,1985,1,0.050000000,10629.221500000,10622.744500000,10622.518500000,0.216500000,6.477000000,12954,1.950000000,8.410825702,21.082685595,91.901380746,0.973712772,43.006661651,1.000000000
402,fixed_random_bfs,3162256068,512,50,462,519,2000,1985,100,5.000000000,10629.221500000,10480.175500000,10466.932500000,13.233500000,149.046000000,298092,61.900000000,8.410825702,15.766748497,67.997971347,0.839328007,32.134382562,1.000000000
403,fixed_random_bfs,4000877979,512,30,482,427,2000,1985,2,0.100000000,10629.221500000,10616.598000000,10616.164500000,0.424000000,12.623500000,25247,8.300000000,8.410825702,15.929903223,68.823249360,0.833797032,32.481369473,1.000000000
404,fixed_random_bfs,4503189154,512,21,491,309,2000,1985,2,0.100000000,10629.221500000,10577.822000000,10577.326500000,0.486000000,51.399500000,102799,14.050000000,8.410825702,15.925668940,68.504814848,0.828144368,32.471800612,1.000000000
405,fixed_random_bfs,478863863,512,34,478,351,2000,1985,95,4.750000000,10629.221500000,10474.940500000,10456.546500000,18.384500000,154.281000000,308562,55.700000000,8.410825702,15.805717697,68.711607650,0.835141817,32.211603190,1.000000000
406,fixed_random_bfs,1322206892,512,21,491,231,2000,1985,0,0.000000000,10629.221500000,10622.720000000,10622.710500000,0.000000000,6.501500000,13003,2.750000000,8.410825702,15.998776168,69.124465852,0.821784489,32.627177364,1.000000000
407,fixed_random_bfs,4297946731,512,33,479,225,2000,1985,10,0.500000000,10629.221500000,10539.625500000,10538.759500000,0.856500000,89.596000000,179192,38.400000000,8.410825702,15.915155729,68.888676744,0.831411902,32.449445416,1.000000000
408,fixed_random_bfs,5369088184,512,18,494,129,2000,1985,0,0.000000000,10629.221500000,10615.440500000,10615.431000000,0.000000000,13.781000000,27562,4.700000000,8.410825702,16.019065660,69.361994748,0.718768844,32.661914448,1.000000000
409,fixed_random_bfs,12459441528,512,43,469,272,2000,1985,5,0.250000000,10629.221500000,10592.053000000,10591.377500000,0.666000000,37.168500000,74337,13.700000000,8.410825702,15.955024659,69.319992200,0.847520771,32.533386673,1.000000000
410,fixed_random_bfs,13155095175,512,46,466,660,2000,1985,61,3.050000000,10629.221500000,10513.935000000,10501.314500000,12.611000000,115.286500000,230573,49.500000000,8.410825702,15.856493601,68.846453559,0.844244164,32.319625508,1.000000000
411,fixed_random_bfs,1322649848,512,27,485,447,2000,1985,1,0.050000000,10629.221500000,10617.486000000,10617.229500000,0.247000000,11.735500000,23471,3.400000000,8.410825702,16.129850482,69.971157592,0.844145227,32.887308122,1.000000000
412,fixed_random_bfs,1300652259,512,39,473,1106,2000,1985,0,0.000000000,10629.221500000,10622.213000000,10622.203500000,0.000000000,7.008500000,14017,2.750000000,8.410825702,16.136729545,69.956386693,0.830472436,32.904397752,1.000000000
413,fixed_random_bfs,1323016185,512,34,478,994,2000,1985,0,0.000000000,10629.221500000,10627.433000000,10627.423500000,0.000000000,1.788500000,3577,0.650000000,8.410825702,16.132199780,69.698717391,0.751767753,32.898240870,1.000000000
414,fixed_random_bfs,1182447893,512,34,478,684,2000,1985,0,0.000000000,10629.221500000,10627.212000000,10627.202500000,0.000000000,2.009500000,4019,0.650000000,8.410825702,16.053756885,69.641954704,0.858297248,32.735159600,1.000000000
415,fixed_random_bfs,1159931333,512,37,475,638,2000,1985,1,0.050000000,10629.221500000,10624.693500000,10624.452000000,0.232000000,4.528000000,9056,1.400000000,8.410825702,16.164235003,69.552026841,0.866007520,32.962423474,1.000000000
416,fixed_random_bfs,2695337180,512,26,486,510,2000,1985,2,0.100000000,10629.221500000,10602.660500000,10602.160000000,0.491000000,26.561000000,53122,9.100000000,8.410825702,16.050112365,69.485953100,0.850895619,32.729620444,1.000000000
417,fixed_random_bfs,430491226,512,38,474,908,2000,1985,1,0.050000000,10629.221500000,10588.553000000,10588.298000000,0.245500000,40.668500000,81337,13.850000000,8.410825702,16.126495087,70.074283700,0.843135674,32.884217359,1.000000000
418,fixed_random_bfs,429998776,512,31,481,470,2000,1985,4,0.200000000,10629.221500000,10599.193500000,10598.221500000,0.962500000,30.028000000,60056,11.850000000,8.410825702,16.136155865,69.860306797,0.837898530,32.905529202,1.000000000
419,fixed_random_bfs,1731169777,512,35,477,408,2000,1985,3,0.150000000,10629.221500000,10588.779500000,10588.573000000,0.197000000,40.442000000,80884,14.050000000,8.410825702,15.862897004,69.060402850,0.818012519,32.343729698,1.000000000
420,fixed_random_bfs,12048024921,512,27,485,195,2000,1985,0,0.000000000,10629.221500000,10593.914500000,10593.905000000,0.000000000,35.307000000,70614,11.750000000,8.410825702,15.816548462,68.328274041,0.802838386,32.249148690,1.000000000
421,fixed_random_bfs,6381466767,512,24,488,489,2000,1985,1,0.050000000,10629.221500000,10628.033500000,10627.775000000,0.249000000,1.188000000,2376,0.600000000,8.410825702,21.061894473,91.826508400,1.099010392,42.964819542,1.000000000
422,fixed_random_bfs,8910213350,512,28,484,140,2000,1985,12,0.600000000,10629.221500000,10538.377000000,10536.622000000,1.745500000,90.844500000,181689,29.100000000,8.410825702,20.869784122,91.391190860,1.111596285,42.563002547,1.000000000
423,fixed_random_bfs,1189111428,512,21,491,276,2000,1985,1,0.050000000,10629.221500000,10624.096500000,10623.840000000,0.247000000,5.125000000,10250,1.750000000,8.410825702,21.145939177,91.529128596,0.990114717,43.134383944,1.000000000
424,fixed_random_bfs,11040209529,512,45,467,217,2000,1985,307,15.350000000,10629.221500000,10452.155500000,10416.175500000,35.970500000,177.066000000,354132,69.650000000,8.410825702,20.944670713,92.296068957,0.983832806,42.649330485,1.000000000
425,fixed_random_bfs,1548057324,512,23,489,402,2000,1985,1,0.050000000,10629.221500000,10606.977500000,10606.720000000,0.248000000,22.244000000,44488,6.150000000,8.410825702,21.086013515,92.229022952,0.988083983,43.013850785,1.000000000
426,fixed_random_bfs,4759821534,512,12,500,132,2000,1985,0,0.000000000,10629.221500000,10628.200000000,10628.190500000,0.000000000,1.021500000,2043,0.600000000,8.410825702,21.112581812,91.601453096,0.995908735,43.066263538,1.000000000
427,fixed_random_bfs,13397585645,512,29,483,510,2000,1985,0,0.000000000,10629.221500000,10625.926000000,10625.916500000,0.000000000,3.295500000,6591,1.200000000,8.410825702,21.168132924,92.408034298,1.007491194,43.183588783,1.000000000
428,fixed_random_bfs,1103952920,512,36,476,538,2000,1985,12,0.600000000,10629.221500000,10575.193500000,10572.893500000,2.290500000,54.028000000,108056,22.500000000,8.410825702,21.221561281,92.803370642,1.133601467,43.280141941,1.000000000
429,fixed_random_bfs,1300669581,512,20,492,343,2000,1985,0,0.000000000,10629.221500000,10627.509500000,10627.500000000,0.000000000,1.712000000,3424,0.550000000,8.410825702,15.860361890,68.392999598,0.827622443,32.340668314,1.000000000
430,fixed_random_bfs,6701073016,512,17,495,33,2000,1985,0,0.000000000,10629.221500000,10623.201500000,10623.192000000,0.000000000,6.020000000,12040,10.000000000,8.410825702,21.233654714,93.159523643,1.005788692,43.317186734,1.000000000
431,fixed_random_bfs,1318762307,512,17,495,227,2000,1985,1,0.050000000,10629.221500000,10626.210000000,10625.948000000,0.252500000,3.011500000,6023,1.100000000,8.410825702,21.160419766,92.848926048,0.998334936,43.168754370,1.000000000
432,fixed_random_bfs,479226488,512,47,465,738,2000,1985,113,5.650000000,10629.221500000,10528.454500000,10504.391000000,24.054000000,100.767000000,201534,40.100000000,8.410825702,21.120339495,92.234024047,0.991080518,43.047281588,1.000000000
433,fixed_random_bfs,1207580359,512,30,482,143,2000,1985,1,0.050000000,10629.221500000,10609.602500000,10609.399000000,0.194000000,19.619000000,39238,6.250000000,8.410825702,21.107696336,92.250074703,0.972962354,43.055742898,1.000000000
434,fixed_random_bfs,4838616628,512,38,474,1034,2000,1985,2,0.100000000,10629.221500000,10618.772500000,10618.288000000,0.475000000,10.449000000,20898,4.350000000,8.410825702,15.906673923,68.882441801,0.726960371,32.431946536,1.000000000
435,fixed_random_bfs,1159931485,512,26,486,466,2000,1985,0,0.000000000,10629.221500000,10624.557500000,10624.548000000,0.000000000,4.664000000,9328,1.300000000,8.410825702,15.906181518,68.423461801,0.727856277,32.433074864,1.000000000
436,fixed_random_bfs,4604362064,512,28,484,226,2000,1985,11,0.550000000,10629.221500000,10572.736500000,10571.440000000,1.287000000,56.485000000,112970,18.950000000,8.410825702,21.222024327,92.385966458,1.003685379,43.282512832,1.000000000
437,fixed_random_bfs,4441072498,512,29,483,211,2000,1985,4,0.200000000,10629.221500000,10564.159500000,10563.721000000,0.429000000,65.062000000,130124,20.050000000,8.410825702,21.126780960,92.237251203,1.125176623,43.092660106,1.000000000
438,fixed_random_bfs,1391615728,512,27,485,427,2000,1985,1,0.050000000,10629.221500000,10623.867500000,10623.608000000,0.250000000,5.354000000,10708,1.800000000,8.410825702,21.370817516,93.779137561,1.009788283,43.595041130,1.000000000
439,fixed_random_bfs,2417938556,512,25,487,341,2000,1985,3,0.150000000,10629.221500000,10607.998500000,10607.494500000,0.494500000,21.223000000,42446,6.700000000,8.410825702,15.926201641,68.851098696,0.721197461,32.472920619,1.000000000
440,fixed_random_bfs,3921306608,512,27,485,446,2000,1985,1,0.050000000,10629.221500000,10606.829000000,10606.580500000,0.239000000,22.392500000,44785,6.100000000,8.410825702,15.916044276,69.063393449,0.716594037,32.455279518,1.000000000
441,fixed_random_bfs,503018170,512,25,487,182,2000,1985,110,5.500000000,10629.221500000,10501.140500000,10481.026500000,20.104500000,128.081000000,256162,44.850000000,8.410825702,15.834154906,68.450838600,0.712692054,32.268265444,1.000000000
442,fixed_random_bfs,4455558350,512,20,492,275,2000,1985,0,0.000000000,10629.221500000,10625.883500000,10625.874000000,0.000000000,3.338000000,6676,1.100000000,8.410825702,21.408704901,93.251235350,0.999137128,43.675100424,1.000000000
443,fixed_random_bfs,5225083975,512,32,480,708,2000,1985,1,0.050000000,10629.221500000,10624.942500000,10624.695500000,0.237500000,4.279000000,8558,1.150000000,8.410825702,16.024630098,69.181137411,0.723602942,32.673090247,1.000000000
444,fixed_random_bfs,11398965012,512,21,491,201,2000,1985,1,0.050000000,10629.221500000,10592.242000000,10592.004500000,0.228000000,36.979500000,73959,13.000000000,8.410825702,21.783665270,94.997929456,1.165863214,44.451128454,1.000000000
445,fixed_random_bfs,4838731496,512,23,489,388,2000,1985,0,0.000000000,10629.221500000,10617.322500000,10617.313000000,0.000000000,11.899000000,23798,4.950000000,8.410825702,15.979448638,69.276739607,0.820526319,32.583965667,1.000000000
446,fixed_random_bfs,1556356288,512,32,480,236,2000,1985,2,0.100000000,10629.221500000,10620.902500000,10620.480000000,0.413000000,8.319000000,16638,2.850000000,8.410825702,15.956703079,68.894912698,0.714737036,32.532636265,1.000000000
447,fixed_random_bfs,2082706086,512,41,471,730,2000,1985,1,0.050000000,10629.221500000,10615.132000000,10614.919000000,0.203500000,14.089500000,28179,4.550000000,8.410825702,16.005950167,69.517827456,0.718729549,32.635769652,1.000000000
448,fixed_random_bfs,8519150945,512,34,478,743,2000,1985,0,0.000000000,10629.221500000,10620.296500000,10620.287000000,0.000000000,8.925000000,17850,3.700000000,8.410825702,21.509902350,93.871706507,0.994957573,43.881631239,1.000000000
449,fixed_random_bfs,1163402614,512,45,467,1491,2000,1985,4,0.200000000,10629.221500000,10617.792500000,10616.801000000,0.982000000,11.429000000,22858,4.800000000,8.410825702,16.081936294,69.818198791,0.718147288,32.790945146,1.000000000
450,fixed_random_bfs,1143316832,512,28,484,425,2000,1985,4,0.200000000,10629.221500000,10606.028500000,10605.019000000,1.000000000,23.193000000,46386,7.000000000,8.410825702,16.073414921,69.503017605,0.709352466,32.774470376,1.000000000
451,fixed_random_bfs,1324735135,512,24,488,443,2000,1985,0,0.000000000,10629.221500000,10626.052000000,10626.042500000,0.000000000,3.169500000,6339,1.900000000,8.410825702,16.107474570,69.529753800,0.833966790,32.848239718,1.000000000
452,fixed_random_bfs,8378138424,512,42,470,823,2000,1985,27,1.350000000,10629.221500000,10541.623000000,10535.799500000,5.814000000,87.598500000,175197,25.450000000,8.410825702,15.964352695,69.145551752,0.734055242,32.540285222,1.000000000
453,fixed_random_bfs,8302243184,512,23,489,247,2000,1985,2,0.100000000,10629.221500000,10580.974000000,10580.528000000,0.436500000,48.247500000,96495,14.800000000,8.410825702,21.489726125,93.565336845,0.991586802,43.835816315,1.000000000
454,fixed_random_bfs,708249429,512,26,486,298,2000,1985,2,0.100000000,10629.221500000,10624.621000000,10624.134500000,0.477000000,4.600500000,9201,2.050000000,8.410825702,16.103355401,69.657611750,0.721668663,32.835507367,1.000000000
455,fixed_random_bfs,1518839621,512,17,495,272,2000,1985,0,0.000000000,10629.221500000,10626.318500000,10626.309000000,0.000000000,2.903000000,5806,0.800000000,8.410825702,16.160370472,69.759448911,0.724006294,32.956951840,1.000000000
456,fixed_random_bfs,4115231465,512,27,485,626,2000,1985,1,0.050000000,10629.221500000,10627.784000000,10627.521000000,0.253500000,1.437500000,2875,0.500000000,8.410825702,16.193006921,69.989631201,0.715584020,33.021821766,1.000000000
457,fixed_random_bfs,4573702109,512,25,487,107,2000,1985,7,0.350000000,10629.221500000,10552.952500000,10551.742000000,1.201000000,76.269000000,152538,29.750000000,8.410825702,16.047004266,69.641806404,0.713755402,32.722940065,1.000000000
458,fixed_random_bfs,111648488,512,40,472,378,2000,1985,10,0.500000000,10629.221500000,10571.056500000,10569.483500000,1.563500000,58.165000000,116330,24.950000000,8.410825702,21.108954118,92.753796756,1.117304871,43.053291445,1.000000000
459,fixed_random_bfs,114320452,512,27,485,220,2000,1985,29,1.450000000,10629.221500000,10565.904500000,10563.104500000,2.790500000,63.317000000,126634,28.400000000,8.410825702,15.885861717,69.147436348,0.703251179,32.385824953,1.000000000
460,fixed_random_bfs,2085233049,512,25,487,267,2000,1985,2,0.100000000,10629.221500000,10615.490500000,10615.043000000,0.438000000,13.731000000,27462,6.000000000,8.410825702,15.895436023,68.955651396,0.819526317,32.408773514,1.000000000
461,fixed_random_bfs,9118890351,512,52,460,1735,2000,1985,34,1.700000000,10629.221500000,10574.179500000,10566.920500000,7.249500000,55.042000000,110084,26.100000000,8.410825702,15.910575034,68.540988398,0.705450503,32.431278763,1.000000000
462,fixed_random_bfs,1207580771,512,29,483,211,2000,1985,1,0.050000000,10629.221500000,10609.305500000,10609.100500000,0.195500000,19.916000000,39832,6.450000000,8.410825702,15.942057860,68.808184594,0.812686978,32.504571192,1.000000000
463,fixed_random_bfs,1550555192,512,33,479,544,2000,1985,3,0.150000000,10629.221500000,10622.047000000,10621.588500000,0.449000000,7.174500000,14349,2.350000000,8.410825702,15.908320548,68.741458054,0.825625534,32.438335997,1.000000000
464,fixed_random_bfs,12040748703,512,25,487,252,2000,1985,0,0.000000000,10629.221500000,10624.639500000,10624.630000000,0.000000000,4.582000000,9164,1.600000000,8.410825702,16.029423693,69.485194908,0.824300288,32.684195386,1.000000000
465,fixed_random_bfs,2258130893,512,30,482,302,2000,1985,2,0.100000000,10629.221500000,10591.532500000,10591.064500000,0.458500000,37.689000000,75378,11.300000000,8.410825702,15.939910638,68.735307948,0.821868406,32.504450012,1.000000000
466,fixed_random_bfs,1187070119,512,26,486,529,2000,1985,0,0.000000000,10629.221500000,10625.794000000,10625.784500000,0.000000000,3.427500000,6855,0.800000000,8.410825702,16.046467397,69.044354545,0.804198693,32.723752862,1.000000000
467,fixed_random_bfs,8865527864,512,38,474,851,2000,1985,23,1.150000000,10629.221500000,10558.101500000,10552.724500000,5.367500000,71.120000000,142240,26.250000000,8.410825702,15.969314532,69.133073244,0.831775320,32.553612166,1.000000000
468,fixed_random_bfs,1300694196,512,18,494,289,2000,1985,1,0.050000000,10629.221500000,10627.735500000,10627.470000000,0.256000000,1.486000000,2972,0.500000000,8.410825702,16.058932859,69.232715853,0.837706621,32.743791676,1.000000000
469,fixed_random_bfs,1199517281,512,27,485,426,2000,1985,0,0.000000000,10629.221500000,10628.219500000,10628.210000000,0.000000000,1.002000000,2004,0.300000000,8.410825702,15.957351681,68.698244006,0.819602922,32.537248109,1.000000000
470,fixed_random_bfs,4561923942,512,30,482,588,2000,1985,0,0.000000000,10629.221500000,10628.147500000,10628.138000000,0.000000000,1.074000000,2148,0.350000000,8.410825702,16.053466327,69.416204248,0.828481536,32.735525402,1.000000000
471,fixed_random_bfs,4479824201,512,19,493,307,2000,1985,1,0.050000000,10629.221500000,10610.889500000,10610.624500000,0.255500000,18.332000000,36664,6.300000000,8.410825702,21.086632792,92.422839302,1.110855235,43.016216689,1.000000000
472,fixed_random_bfs,3522106293,512,30,482,50,2000,1985,5,0.250000000,10629.221500000,10579.441500000,10579.217500000,0.214500000,49.780000000,99560,38.850000000,8.410825702,16.070803922,69.328089648,0.815453684,32.767794059,1.000000000
473,fixed_random_bfs,12383375527,512,25,487,358,2000,1985,0,0.000000000,10629.221500000,10626.123000000,10626.113500000,0.000000000,3.098500000,6197,0.850000000,8.410825702,16.135702954,69.266330604,0.825446099,32.902835500,1.000000000
474,fixed_random_bfs,1305103908,512,39,473,375,2000,1985,24,1.200000000,10629.221500000,10523.687000000,10520.534000000,3.143500000,105.534500000,211069,34.400000000,8.410825702,15.951941803,68.927534055,0.825731243,32.520329741,1.000000000
475,fixed_random_bfs,4391191769,512,44,468,1015,2000,1985,1,0.050000000,10629.221500000,10614.861000000,10614.630000000,0.221500000,14.360500000,28721,4.450000000,8.410825702,21.106706976,92.348887711,1.128714651,43.052724047,1.000000000
476,fixed_random_bfs,4494941245,512,32,480,659,2000,1985,4,0.200000000,10629.221500000,10575.253500000,10574.250000000,0.994000000,53.968000000,107936,16.850000000,8.410825702,16.095886497,69.411115145,0.867582268,32.821157187,1.000000000
477,fixed_random_bfs,5264715110,512,25,487,349,2000,1985,2,0.100000000,10629.221500000,10594.257000000,10594.018500000,0.229000000,34.964500000,69929,11.400000000,8.410825702,16.092234355,69.346214248,0.857680094,32.813160117,1.000000000
478,fixed_random_bfs,12160419137,512,32,480,992,2000,1985,0,0.000000000,10629.221500000,10622.399000000,10622.389500000,0.000000000,6.822500000,13645,2.500000000,8.410825702,16.199413505,70.259462555,0.858372609,33.034585135,1.000000000
479,fixed_random_bfs,1548073771,512,24,488,274,2000,1985,16,0.800000000,10629.221500000,10592.931500000,10589.122000000,3.800000000,36.290000000,72580,13.850000000,8.410825702,21.031855796,92.430772753,1.162429658,42.891647202,1.000000000
480,fixed_random_bfs,10913216606,512,42,470,642,2000,1985,50,2.500000000,10629.221500000,10520.096000000,10510.313500000,9.773000000,109.125500000,218251,46.150000000,8.410825702,16.067411147,69.247391152,0.833642934,32.757421502,1.000000000
481,fixed_random_bfs,12383375418,512,21,491,277,2000,1985,0,0.000000000,10629.221500000,10626.265000000,10626.255500000,0.000000000,2.956500000,5913,0.800000000,8.410825702,21.193946000,92.830253092,1.151419188,43.234406384,1.000000000
482,fixed_random_bfs,1318770020,512,21,491,420,2000,1985,1,0.050000000,10629.221500000,10625.904000000,10625.638500000,0.256000000,3.317500000,6635,1.150000000,8.410825702,21.093742686,91.740676451,1.134462870,43.031619858,1.000000000
483,fixed_random_bfs,1147306840,512,33,479,479,2000,1985,4,0.200000000,10629.221500000,10596.920000000,10596.060500000,0.850000000,32.301500000,64603,10.600000000,8.410825702,16.150495941,69.480722301,0.840043531,32.934824037,1.000000000
484,fixed_random_bfs,4029219405,512,25,487,148,2000,1985,73,3.650000000,10629.221500000,10611.720500000,10608.389500000,3.321500000,17.501000000,35002,4.750000000,8.410825702,21.212003924,92.185679259,1.118015584,43.051526964,1.000000000
485,fixed_random_bfs,314046505,512,38,474,490,2000,1985,31,1.550000000,10629.221500000,10541.624000000,10535.295500000,6.319000000,87.597500000,175195,28.750000000,8.410825702,21.045031557,92.001994009,1.139835020,42.911224393,1.000000000
486,fixed_random_bfs,454550116,512,34,478,618,2000,1985,4,0.200000000,10629.221500000,10585.232000000,10584.507500000,0.715000000,43.989500000,87979,16.350000000,8.410825702,21.286042635,93.502683547,1.159801030,43.417976858,1.000000000
487,fixed_random_bfs,4720729860,512,17,495,272,2000,1985,0,0.000000000,10629.221500000,10628.035500000,10628.026000000,0.000000000,1.186000000,2372,0.600000000,8.410825702,21.180169983,92.102954454,1.177923661,43.209546151,1.000000000
488,fixed_random_bfs,1314136454,512,18,494,190,2000,1985,0,0.000000000,10629.221500000,10625.263000000,10625.253500000,0.000000000,3.958500000,7917,1.850000000,8.410825702,21.254981812,92.825586546,1.162278714,43.362762250,1.000000000
489,fixed_random_bfs,1323015583,512,19,493,306,2000,1985,2,0.100000000,10629.221500000,10628.353000000,10627.833500000,0.510000000,0.868500000,1737,1.050000000,8.410825702,21.265444204,92.551651244,1.150527231,43.378914109,1.000000000
490,fixed_random_bfs,12291327681,512,31,481,338,2000,1985,2,0.100000000,10629.221500000,10595.622000000,10595.177000000,0.435500000,33.599500000,67199,11.100000000,8.410825702,21.086740803,92.028731549,1.115551400,43.013790366,1.000000000
491,fixed_random_bfs,1322608483,512,25,487,336,2000,1985,2,0.100000000,10629.221500000,10626.358000000,10625.865500000,0.483000000,2.863500000,5727,1.950000000,8.410825702,21.284571625,92.616893802,1.153472798,43.420143087,1.000000000
492,fixed_random_bfs,11059585765,512,18,494,98,2000,1985,11,0.550000000,10629.221500000,10569.661500000,10567.545000000,2.107000000,59.560000000,119120,18.200000000,8.410825702,21.198653538,92.788366498,1.132347452,43.236375743,1.000000000
493,fixed_random_bfs,733884026,512,37,475,197,2000,1985,0,0.000000000,10629.221500000,10613.826500000,10613.817000000,0.000000000,15.395000000,30790,6.450000000,8.410825702,15.951244251,69.075325838,0.816039098,32.523540830,1.000000000
494,fixed_random_bfs,4537191778,512,18,494,273,2000,1985,1,0.050000000,10629.221500000,10622.478000000,10622.214500000,0.254000000,6.743500000,13487,2.450000000,8.410825702,21.351106463,93.717567196,1.124789599,43.558311605,1.000000000
495,fixed_random_bfs,1131292063,512,37,475,244,2000,1985,4,0.200000000,10629.221500000,10591.595000000,10590.935500000,0.650000000,37.626500000,75253,16.100000000,8.410825702,21.378712038,93.277765195,1.122918311,43.612717576,1.000000000
496,fixed_random_bfs,292314114,512,37,475,660,2000,1985,4,0.200000000,10629.221500000,10615.413000000,10614.507000000,0.896500000,13.808500000,27617,5.400000000,8.410825702,21.902046228,95.087717145,1.213097224,44.687110011,1.000000000
497,fixed_random_bfs,8519207848,512,22,490,277,2000,1985,1,0.050000000,10629.221500000,10626.839500000,10626.599000000,0.231000000,2.382000000,4764,1.900000000,8.410825702,21.461951076,93.374340604,1.149396257,43.783431040,1.000000000
498,fixed_random_bfs,1326188426,512,29,483,246,2000,1985,3,0.150000000,10629.221500000,10622.637500000,10621.962000000,0.666000000,6.584000000,13168,2.250000000,8.410825702,21.583056005,94.140405198,1.145563973,44.028842325,1.000000000
499,fixed_random_bfs,9598450074,512,24,488,466,2000,1985,16,0.800000000,10629.221500000,10607.115500000,10603.042000000,4.064000000,22.106000000,44212,7.100000000,8.410825702,15.849468275,68.579527952,0.708018866,32.312845571,1.000000000
500,fixed_random_bfs,1147305171,512,36,476,566,2000,1985,3,0.150000000,10629.221500000,10600.986500000,10600.558500000,0.418500000,28.235000000,56470,9.450000000,8.410825702,21.107079600,92.563885798,1.143838787,43.057381473,1.000000000
501,fixed_random_bfs,2525455290,512,31,481,367,2000,1985,0,0.000000000,10629.221500000,10628.107000000,10628.097500000,0.000000000,1.114500000,2229,0.750000000,8.410825702,15.923057469,68.994031494,0.790280154,32.466782519,1.000000000
502,fixed_random_bfs,7859526776,512,39,473,432,2000,1985,115,5.750000000,10629.221500000,10491.135000000,10471.818500000,19.307000000,138.086500000,276173,51.600000000,8.410825702,15.810475551,68.248656848,0.828710071,32.213546508,1.000000000
503,fixed_random_bfs,1801521836,512,26,486,316,2000,1985,3,0.150000000,10629.221500000,10614.125500000,10613.429000000,0.687000000,15.096000000,30192,8.050000000,8.410825702,15.925270584,68.895599805,0.832013222,32.472465406,1.000000000
504,fixed_random_bfs,705402277,512,31,481,288,2000,1985,0,0.000000000,10629.221500000,10612.373500000,10612.364000000,0.000000000,16.848000000,33696,5.950000000,8.410825702,15.941123475,69.112428047,0.837916503,32.508743673,1.000000000
505,fixed_random_bfs,2083726496,512,32,480,656,2000,1985,0,0.000000000,10629.221500000,10601.324000000,10601.314500000,0.000000000,27.897500000,55795,9.100000000,8.410825702,16.004825011,69.004794556,0.829523173,32.633275981,1.000000000
506,fixed_random_bfs,4761603005,512,35,477,525,2000,1985,1,0.050000000,10629.221500000,10606.022000000,10605.794500000,0.218000000,23.199500000,46399,9.800000000,8.410825702,16.004576856,69.423958458,0.815436361,32.636733231,1.000000000
507,fixed_random_bfs,314074576,512,43,469,755,2000,1985,111,5.550000000,10629.221500000,10526.398500000,10501.337000000,25.052000000,102.823000000,205646,37.750000000,8.410825702,15.968360617,69.048050752,0.834859749,32.534993860,1.000000000
508,fixed_random_bfs,5284452758,512,37,475,248,2000,1985,126,6.300000000,10629.221500000,10486.344500000,10471.183500000,15.151500000,142.877000000,285754,49.950000000,8.410825702,15.814689926,68.699021708,0.845740032,32.222863703,1.000000000
509,fixed_random_bfs,4463941158,512,32,480,372,2000,1985,1,0.050000000,10629.221500000,10604.812500000,10604.605500000,0.197500000,24.409000000,48818,9.200000000,8.410825702,15.994977221,69.269453546,0.845590045,32.613490877,1.000000000
510,fixed_random_bfs,4494978000,512,26,486,467,2000,1985,0,0.000000000,10629.221500000,10579.703500000,10579.694000000,0.000000000,49.518000000,99036,13.850000000,8.410825702,15.949810206,69.006514406,0.834575184,32.521194614,1.000000000
511,fixed_random_bfs,1316576228,512,29,483,604,2000,1985,3,0.150000000,10629.221500000,10607.196000000,10606.437500000,0.749000000,22.025500000,44051,7.850000000,8.410825702,16.097381799,69.502295793,0.696307629,32.821955995,1.000000000
512,fixed_random_bfs,1316566983,512,27,485,448,2000,1985,2,0.100000000,10629.221500000,10611.568000000,10611.360500000,0.198000000,17.653500000,35307,5.700000000,8.410825702,16.130705475,69.460816501,0.706246934,32.888714585,1.000000000
513,fixed_random_bfs,4437048875,512,36,476,797,2000,1985,0,0.000000000,10629.221500000,10627.961500000,10627.952000000,0.000000000,1.260000000,2520,0.500000000,8.410825702,16.099106392,69.884901450,0.817757173,32.827392245,1.000000000
514,fixed_random_bfs,1076761242,512,26,486,577,2000,1985,1,0.050000000,10629.221500000,10625.832000000,10625.567000000,0.255500000,3.389500000,6779,1.950000000,8.410825702,16.174441228,70.210437050,0.855714826,32.982047971,1.000000000
515,fixed_random_bfs,3892627987,512,22,490,296,2000,1985,0,0.000000000,10629.221500000,10624.839500000,10624.830000000,0.000000000,4.382000000,8764,1.850000000,8.410825702,16.114050105,68.886835544,0.858916950,32.860280489,1.000000000
516,fixed_random_bfs,3570149272,512,29,483,198,2000,1985,3,0.150000000,10629.221500000,10585.704000000,10585.557000000,0.137500000,43.517500000,87035,17.100000000,8.410825702,16.119080186,69.964256147,0.832882062,32.868712317,1.000000000
517,fixed_random_bfs,125800775,512,29,483,469,2000,1985,2,0.100000000,10629.221500000,10601.634500000,10601.385500000,0.239500000,27.587000000,55174,9.400000000,8.410825702,16.128777735,69.650139541,0.841928528,32.890168330,1.000000000
518,fixed_random_bfs,4477707012,512,28,484,253,2000,1985,74,3.700000000,10629.221500000,10512.189000000,10500.663500000,11.516000000,117.032500000,234065,50.400000000,8.410825702,16.020428262,69.250215148,0.831518926,32.655483703,1.000000000
519,fixed_random_bfs,1322210314,512,21,491,276,2000,1985,1,0.050000000,10629.221500000,10624.666500000,10624.419500000,0.237500000,4.555000000,9110,2.250000000,8.410825702,15.976261219,69.088376440,0.818829682,32.574226769,1.000000000
520,fixed_random_bfs,12163209409,512,33,479,708,2000,1985,11,0.550000000,10629.221500000,10588.857500000,10586.278000000,2.570000000,40.364000000,80728,15.450000000,8.410825702,21.097068091,91.723723048,1.128862754,43.031645141,1.000000000
521,fixed_random_bfs,1548067813,512,15,497,88,2000,1985,11,0.550000000,10629.221500000,10574.387000000,10571.798000000,2.579500000,54.834500000,109669,19.400000000,8.410825702,20.978957712,91.739576746,1.135435186,42.786814733,1.000000000
522,fixed_random_bfs,4758581080,512,30,482,493,2000,1985,14,0.700000000,10629.221500000,10542.297000000,10539.209000000,3.078500000,86.924500000,173849,27.000000000,8.410825702,20.948767535,91.302834445,1.001318282,42.728022446,1.000000000
523,fixed_random_bfs,12461735905,512,25,487,119,2000,1985,0,0.000000000,10629.221500000,10616.922000000,10616.912500000,0.000000000,12.299500000,24599,4.400000000,8.410825702,15.863389459,68.993547698,0.817965742,32.342994216,1.000000000
524,fixed_random_bfs,11377962749,512,29,483,153,2000,1985,4,0.200000000,10629.221500000,10589.776500000,10589.558500000,0.208500000,39.445000000,78890,14.550000000,8.410825702,21.056384605,92.164764440,1.147659765,42.949592383,1.000000000
525,fixed_random_bfs,280240227,512,24,488,78,2000,1985,0,0.000000000,10629.221500000,10612.107500000,10612.098000000,0.000000000,17.114000000,34228,7.450000000,8.410825702,21.045165821,92.195981495,1.164385393,42.933414810,1.000000000
526,fixed_random_bfs,1188393879,512,26,486,554,2000,1985,0,0.000000000,10629.221500000,10625.539500000,10625.530000000,0.000000000,3.682000000,7364,0.900000000,8.410825702,21.107287102,91.807888004,1.148814135,43.055660528,1.000000000
527,fixed_random_bfs,1640863402,512,32,480,931,2000,1985,0,0.000000000,10629.221500000,10627.658500000,10627.649000000,0.000000000,1.563000000,3126,1.000000000,8.410825702,21.162118950,92.305805146,1.145357724,43.169964427,1.000000000
528,fixed_random_bfs,1199517179,512,18,494,213,2000,1985,0,0.000000000,10629.221500000,10628.214500000,10628.205000000,0.000000000,1.007000000,2014,0.300000000,8.410825702,21.310736436,93.354934546,1.196275709,43.472068947,1.000000000
529,fixed_random_bfs,3098121112,512,33,479,261,2000,1985,223,11.150000000,10629.221500000,10474.781000000,10428.125500000,46.646000000,154.440500000,308881,63.400000000,8.410825702,20.902536449,91.959993156,1.173197961,42.581913056,1.000000000
530,fixed_random_bfs,3170147742,512,28,484,627,2000,1985,0,0.000000000,10629.221500000,10625.715000000,10625.705500000,0.000000000,3.506500000,7013,1.400000000,8.410825702,21.214894796,92.073011802,1.196749574,43.278797967,1.000000000
531,fixed_random_bfs,11016886036,512,22,490,227,2000,1985,17,0.850000000,10629.221500000,10531.938000000,10527.706000000,4.222500000,97.283500000,194567,27.200000000,8.410825702,20.898785450,91.946820203,1.154418667,42.627340451,1.000000000
532,fixed_random_bfs,1548061658,512,31,481,683,2000,1985,5,0.250000000,10629.221500000,10596.092500000,10594.852000000,1.231000000,33.129000000,66258,11.950000000,8.410825702,21.145032786,92.608517898,0.980609123,43.130660034,1.000000000
533,fixed_random_bfs,1222473654,512,21,491,381,2000,1985,2,0.100000000,10629.221500000,10609.531500000,10609.010000000,0.512000000,19.690000000,39380,8.050000000,8.410825702,21.232516060,92.389176408,1.184683128,43.311546084,1.000000000
534,fixed_random_bfs,2083229096,512,23,489,345,2000,1985,2,0.100000000,10629.221500000,10595.174500000,10594.672000000,0.493000000,34.047000000,68094,11.550000000,8.410825702,21.156798862,92.645983005,1.171080616,43.157977394,1.000000000
535,fixed_random_bfs,1520370267,512,27,485,230,2000,1985,0,0.000000000,10629.221500000,10622.080500000,10622.071000000,0.000000000,7.141000000,14282,2.850000000,8.410825702,21.255694915,92.690089642,1.142853176,43.361813334,1.000000000
536,fixed_random_bfs,1324734395,512,25,487,530,2000,1985,0,0.000000000,10629.221500000,10626.583000000,10626.573500000,0.000000000,2.638500000,5277,1.550000000,8.410825702,21.321237629,93.375672498,1.146607622,43.494841188,1.000000000
537,fixed_random_bfs,9405079936,512,28,484,187,2000,1985,158,7.900000000,10629.221500000,10470.121500000,10440.036500000,30.075500000,159.100000000,318200,64.550000000,8.410825702,21.193011597,92.322177305,0.998144001,43.191849161,1.000000000
538,fixed_random_bfs,1550566756,512,28,484,409,2000,1985,2,0.100000000,10629.221500000,10622.263000000,10621.788500000,0.465000000,6.958500000,13917,2.350000000,8.410825702,21.821003941,94.677954837,1.015350268,44.526925142,1.000000000
539,fixed_random_bfs,1142606001,512,30,482,407,2000,1985,10,0.500000000,10629.221500000,10536.221000000,10534.828500000,1.383000000,93.000500000,186001,47.400000000,8.410825702,21.379973942,93.604166703,1.162150231,43.605371382,1.000000000
540,fixed_random_bfs,1143318298,512,26,486,319,2000,1985,13,0.650000000,10629.221500000,10603.079500000,10599.975000000,3.095000000,26.142000000,52284,8.350000000,8.410825702,15.838764652,68.382110557,0.809579764,32.292568810,1.000000000
541,fixed_random_bfs,432597947,512,34,478,575,2000,1985,35,1.750000000,10629.221500000,10553.107500000,10545.586500000,7.511500000,76.114000000,152228,27.150000000,8.410825702,20.997246268,92.606819740,0.978743345,42.817531804,1.000000000
542,fixed_random_bfs,293561772,512,12,500,75,2000,1985,0,0.000000000,10629.221500000,10611.186000000,10611.176500000,0.000000000,18.035500000,36071,4.700000000,8.410825702,15.892457680,68.432237099,0.697766640,32.405282423,1.000000000
543,fixed_random_bfs,1328041520,512,31,481,193,2000,1985,1,0.050000000,10629.221500000,10613.755500000,10613.578500000,0.167500000,15.466000000,30932,6.450000000,8.410825702,15.925500827,68.722167746,0.695566169,32.471100149,1.000000000
544,fixed_random_bfs,111467285,512,19,493,149,2000,1985,76,3.800000000,10629.221500000,10482.565500000,10468.403500000,14.152500000,146.656000000,293312,59.500000000,8.410825702,15.767768436,68.378599311,0.709520595,32.132770554,1.000000000
545,fixed_random_bfs,9081913534,512,17,495,226,2000,1985,0,0.000000000,10629.221500000,10625.663500000,10625.654000000,0.000000000,3.558000000,7116,1.250000000,8.410825702,16.002595477,69.323308800,0.698855125,32.628721285,1.000000000
546,fixed_random_bfs,1187119111,512,21,491,203,2000,1985,0,0.000000000,10629.221500000,10625.487000000,10625.477500000,0.000000000,3.734500000,7469,1.050000000,8.410825702,15.986885778,68.863700501,0.830761526,32.600035841,1.000000000
547,fixed_random_bfs,1919773620,512,41,471,1033,2000,1985,2,0.100000000,10629.221500000,10602.951500000,10602.700500000,0.241500000,26.270000000,52540,9.200000000,8.410825702,16.023680466,69.089776996,0.714720533,32.672135729,1.000000000
548,fixed_random_bfs,2854248778,512,18,494,257,2000,1985,4,0.200000000,10629.221500000,10611.364500000,10610.341000000,1.014000000,17.857000000,35714,6.600000000,8.410825702,15.936675703,69.018424843,0.707771462,32.490901558,1.000000000
549,fixed_random_bfs,6228577942,512,27,485,248,2000,1985,4,0.200000000,10629.221500000,10591.661500000,10590.997500000,0.654500000,37.560000000,75120,11.500000000,8.410825702,15.968707973,69.110214199,0.712729838,32.557009150,1.000000000
550,fixed_random_bfs,1520366710,512,23,489,383,2000,1985,0,0.000000000,10629.221500000,10624.260500000,10624.251000000,0.000000000,4.961000000,9922,2.050000000,8.410825702,15.988849566,68.475513001,0.711803183,32.603020876,1.000000000
551,fixed_random_bfs,13007100842,512,19,493,49,2000,1985,5,0.250000000,10629.221500000,10593.244000000,10592.393500000,0.841000000,35.977500000,71955,12.400000000,8.410825702,16.067134097,69.497245498,0.792392483,32.760139530,1.000000000
552,fixed_random_bfs,12131036962,512,14,498,38,2000,1985,0,0.000000000,10629.221500000,10616.299500000,10616.290000000,0.000000000,12.922000000,25844,4.300000000,8.410825702,16.105482787,69.693778951,0.808648884,32.840711952,1.000000000
553,fixed_random_bfs,64650189,512,25,487,553,2000,1985,0,0.000000000,10629.221500000,10605.676000000,10605.666500000,0.000000000,23.545500000,47091,7.950000000,8.410825702,16.056527604,69.372484850,0.826264688,32.740494072,1.000000000
554,fixed_random_bfs,1520382617,512,26,486,490,2000,1985,0,0.000000000,10629.221500000,10625.776000000,10625.766500000,0.000000000,3.445500000,6891,1.100000000,8.410825702,16.148265292,69.779838109,0.740222972,32.930526610,1.000000000
555,fixed_random_bfs,2469471998,512,27,485,211,2000,1985,0,0.000000000,10629.221500000,10625.929000000,10625.919500000,0.000000000,3.292500000,6585,3.800000000,8.410825702,16.100442966,69.781907347,0.720135011,32.833387625,1.000000000
556,fixed_random_bfs,1731183139,512,32,480,816,2000,1985,1,0.050000000,10629.221500000,10621.883500000,10621.622000000,0.252000000,7.338000000,14676,2.850000000,8.410825702,16.195406210,69.953369204,0.723490181,33.025491007,1.000000000
557,fixed_random_bfs,12458783094,512,30,482,256,2000,1985,299,14.950000000,10629.221500000,10442.746000000,10390.399500000,52.337000000,186.475500000,372951,67.500000000,8.410825702,16.039274348,69.627327350,0.712083239,32.639047946,1.000000000
558,fixed_random_bfs,5307690002,512,43,469,1199,2000,1985,60,3.000000000,10629.221500000,10557.598500000,10543.431000000,14.158000000,71.623000000,143246,25.650000000,8.410825702,16.141158281,69.630525105,0.721148748,32.904042217,1.000000000
559,fixed_random_bfs,1436603178,512,24,488,208,2000,1985,0,0.000000000,10629.221500000,10616.562500000,10616.553000000,0.000000000,12.659000000,25318,5.200000000,8.410825702,15.939029473,69.295798157,0.700556586,32.499929906,1.000000000
560,fixed_random_bfs,1143317142,512,37,475,334,2000,1985,30,1.500000000,10629.221500000,10540.977500000,10536.030500000,4.937500000,88.244000000,176488,36.400000000,8.410825702,15.781192662,68.939525938,0.823311617,32.170334119,1.000000000
561,fixed_random_bfs,13945733928,512,26,486,295,2000,1985,0,0.000000000,10629.221500000,10608.366500000,10608.357000000,0.000000000,20.855000000,41710,4.950000000,8.410825702,21.105889362,91.578382353,0.968956110,43.052897605,1.000000000
562,fixed_random_bfs,10915059235,512,39,473,403,2000,1985,15,0.750000000,10629.221500000,10546.128500000,10543.534500000,2.584500000,83.093000000,166186,33.750000000,8.410825702,20.917706671,91.154857713,0.986558638,42.661707919,1.000000000
563,fixed_random_bfs,12128031535,512,27,485,368,2000,1985,1,0.050000000,10629.221500000,10607.433500000,10607.201500000,0.222500000,21.788000000,43576,5.900000000,8.410825702,21.060678485,91.920634995,1.105517311,42.963122198,1.000000000
564,fixed_random_bfs,13012313553,512,38,474,473,2000,1985,12,0.600000000,10629.221500000,10569.927000000,10567.471000000,2.446500000,59.294500000,118589,25.400000000,8.410825702,21.061113300,92.564181500,0.984415331,42.956591254,1.000000000
565,fixed_random_bfs,5849890921,512,41,471,493,2000,1985,56,2.800000000,10629.221500000,10515.105000000,10502.969500000,12.126000000,114.116500000,228233,42.600000000,8.410825702,20.936276836,91.350927937,0.988604393,42.691498794,1.000000000
566,fixed_random_bfs,1037307083,512,24,488,363,2000,1985,3,0.150000000,10629.221500000,10611.087500000,10610.340000000,0.738000000,18.134000000,36268,9.150000000,8.410825702,20.986396706,91.330767397,0.977890836,42.809616153,1.000000000
567,fixed_random_bfs,25532144,512,42,470,162,2000,1985,8,0.400000000,10629.221500000,10572.105000000,10571.544500000,0.551000000,57.116500000,114233,34.400000000,8.410825702,21.057003402,91.861664998,0.978670477,42.954170230,1.000000000
568,fixed_random_bfs,1328041849,512,10,502,81,2000,1985,1,0.050000000,10629.221500000,10619.878500000,10619.613000000,0.256000000,9.343000000,18686,4.300000000,8.410825702,21.148280514,92.760726546,1.002818904,43.142528447,1.000000000
569,fixed_random_bfs,1262329290,512,24,488,298,2000,1985,6,0.300000000,10629.221500000,10596.760500000,10595.317500000,1.433500000,32.461000000,64922,11.250000000,8.410825702,15.858230798,68.428464053,0.830187037,32.331680382,1.000000000
570,fixed_random_bfs,1131291372,512,32,480,292,2000,1985,12,0.600000000,10629.221500000,10594.406500000,10592.820000000,1.577000000,34.815000000,69630,11.900000000,8.410825702,21.085008958,92.561594852,0.995356562,43.008077711,1.000000000
571,fixed_random_bfs,13370027491,512,22,490,222,2000,1985,2,0.100000000,10629.221500000,10622.624000000,10622.159500000,0.455000000,6.597500000,13195,2.350000000,8.410825702,21.296646451,93.101882950,1.006057617,43.442345499,1.000000000
572,fixed_random_bfs,4412468488,512,46,466,945,2000,1985,2,0.100000000,10629.221500000,10576.425500000,10575.951000000,0.465000000,52.796000000,105592,16.400000000,8.410825702,21.185420630,92.830352301,0.998411107,43.216367902,1.000000000
573,fixed_random_bfs,734659787,512,38,474,258,2000,1985,1,0.050000000,10629.221500000,10614.761500000,10614.591500000,0.160500000,14.460000000,28920,6.700000000,8.410825702,21.194044340,92.638209849,1.116227344,43.231399993,1.000000000
574,fixed_random_bfs,4438030089,512,44,468,296,2000,1985,49,2.450000000,10629.221500000,10519.632500000,10515.695500000,3.927500000,109.589000000,219178,44.800000000,8.410825702,15.777748399,68.116098353,0.805131938,32.158714172,1.000000000
575,fixed_random_bfs,4526689695,512,35,477,379,2000,1985,33,1.650000000,10629.221500000,10522.540500000,10515.499000000,7.032000000,106.681000000,213362,43.350000000,8.410825702,15.809944818,68.360869401,0.821377619,32.231317495,1.000000000
576,fixed_random_bfs,9922143987,512,24,488,312,2000,1985,1,0.050000000,10629.221500000,10623.156000000,10622.913500000,0.233000000,6.065500000,12131,1.650000000,8.410825702,15.982895686,69.094454003,0.825906234,32.591869905,1.000000000
577,fixed_random_bfs,8936327877,512,30,482,279,2000,1985,0,0.000000000,10629.221500000,10618.126000000,10618.116500000,0.000000000,11.095500000,22191,3.450000000,8.410825702,21.345763503,92.948885496,0.998874461,43.544981155,1.000000000
578,fixed_random_bfs,1163403131,512,34,478,743,2000,1985,4,0.200000000,10629.221500000,10618.532000000,10617.542500000,0.980000000,10.689500000,21379,4.250000000,8.410825702,21.312570513,92.983315296,0.981024904,43.474392282,1.000000000
579,fixed_random_bfs,1556196994,512,19,493,342,2000,1985,0,0.000000000,10629.221500000,10628.125500000,10628.116000000,0.000000000,1.096000000,2192,0.650000000,8.410825702,15.991864317,68.986220255,0.810598213,32.608459039,1.000000000
580,fixed_random_bfs,1642971058,512,25,487,224,2000,1985,1,0.050000000,10629.221500000,10621.260500000,10621.034000000,0.217000000,7.961000000,15922,2.400000000,8.410825702,21.347306334,92.618393947,0.979680588,43.549533764,1.000000000
581,fixed_random_bfs,5281885070,512,31,481,218,2000,1985,8,0.400000000,10629.221500000,10561.997000000,10560.888500000,1.099000000,67.224500000,134449,28.750000000,8.410825702,15.886942903,68.536143059,0.710605573,32.395890293,1.000000000
582,fixed_random_bfs,11394388198,512,29,483,329,2000,1985,6,0.300000000,10629.221500000,10604.158000000,10602.924500000,1.224000000,25.063500000,50127,7.750000000,8.410825702,16.013587148,69.370065352,0.815958512,32.651326266,1.000000000
583,fixed_random_bfs,1110690935,512,47,465,358,2000,1985,133,6.650000000,10629.221500000,10456.785000000,10438.588000000,18.187500000,172.436500000,344873,66.750000000,8.410825702,15.825392603,68.478585602,0.823323824,32.249506541,1.000000000
584,fixed_random_bfs,1143317207,512,36,476,546,2000,1985,7,0.350000000,10629.221500000,10598.311500000,10596.911500000,1.390500000,30.910000000,61820,9.800000000,8.410825702,21.342304318,93.298895259,0.992344247,43.536238764,1.000000000
585,fixed_random_bfs,698737749,512,23,489,142,2000,1985,5,0.250000000,10629.221500000,10592.138500000,10591.465000000,0.664000000,37.083000000,74166,11.300000000,8.410825702,15.979498418,69.063121798,0.817743766,32.579366173,1.000000000
586,fixed_random_bfs,12638608676,512,22,490,293,2000,1985,4,0.200000000,10629.221500000,10610.795500000,10609.802000000,0.984000000,18.426000000,36852,7.550000000,8.410825702,16.012105457,69.203352700,0.818780466,32.645557806,1.000000000
587,fixed_random_bfs,12486990550,512,19,493,108,2000,1985,0,0.000000000,10629.221500000,10622.655000000,10622.645500000,0.000000000,6.566500000,13133,3.250000000,8.410825702,21.508070333,93.227303494,1.119830333,43.879971411,1.000000000
588,fixed_random_bfs,702048345,512,31,481,631,2000,1985,0,0.000000000,10629.221500000,10626.237500000,10626.228000000,0.000000000,2.984000000,5968,0.850000000,8.410825702,16.118197602,69.870989304,0.813341068,32.867049600,1.000000000
589,fixed_random_bfs,430262130,512,19,493,274,2000,1985,2,0.100000000,10629.221500000,10586.959000000,10586.446500000,0.503000000,42.262500000,84525,13.700000000,8.410825702,16.078303749,69.380601402,0.828627725,32.784843942,1.000000000
590,fixed_random_bfs,3150221379,512,32,480,392,2000,1985,0,0.000000000,10629.221500000,10618.157000000,10618.147500000,0.000000000,11.064500000,22129,3.450000000,8.410825702,16.072111677,69.944388149,0.709561329,32.773118774,1.000000000
591,fixed_random_bfs,12055130663,512,22,490,189,2000,1985,0,0.000000000,10629.221500000,10620.819500000,10620.810000000,0.000000000,8.402000000,16804,3.600000000,8.410825702,21.876828479,94.201111198,1.174501985,44.639781996,1.000000000
592,fixed_random_bfs,13038244561,512,35,477,765,2000,1985,0,0.000000000,10629.221500000,10623.782000000,10623.772500000,0.000000000,5.439500000,10879,1.800000000,8.410825702,16.126150462,69.771406344,0.866058982,32.884749865,1.000000000
593,fixed_random_bfs,12055135304,512,25,487,404,2000,1985,0,0.000000000,10629.221500000,10616.556000000,10616.546500000,0.000000000,12.665500000,25331,5.400000000,8.410825702,16.135732093,69.882742355,0.854665197,32.905063717,1.000000000
594,fixed_random_bfs,6249235104,512,45,467,547,2000,1985,29,1.450000000,10629.221500000,10553.624000000,10549.994000000,3.620500000,75.597500000,151195,33.150000000,8.410825702,21.540538571,94.571445747,0.992004469,43.931482794,1.000000000
595,fixed_random_bfs,6505017036,512,31,481,607,2000,1985,4,0.200000000,10629.221500000,10622.610500000,10621.618500000,0.982500000,6.611000000,13222,2.700000000,8.410825702,16.200672481,69.872652611,0.847550514,33.033166946,1.000000000
596,fixed_random_bfs,1143316741,512,32,480,268,2000,1985,7,0.350000000,10629.221500000,10591.253500000,10590.078500000,1.165500000,37.968000000,75936,11.600000000,8.410825702,16.020032168,68.864417957,0.812326112,32.664965216,1.000000000
597,fixed_random_bfs,500335384,512,31,481,494,2000,1985,0,0.000000000,10629.221500000,10607.360000000,10607.350500000,0.000000000,21.861500000,43723,5.150000000,8.410825702,16.134402564,69.762217902,0.820571900,32.904572093,1.000000000
598,fixed_random_bfs,1551004795,512,17,495,272,2000,1985,0,0.000000000,10629.221500000,10626.412000000,10626.402500000,0.000000000,2.809500000,5619,1.200000000,8.410825702,21.186040695,92.659663693,1.121080798,43.220171527,1.000000000
599,fixed_random_bfs,2213321429,512,26,486,181,2000,1985,353,17.650000000,10629.221500000,10469.647500000,10424.939500000,44.698500000,159.574000000,319148,62.650000000,8.410825702,15.767724798,68.445327850,0.798007183,32.082777119,1.000000000
600,fixed_random_bfs,1550561072,512,32,480,292,2000,1985,2,0.100000000,10629.221500000,10620.726500000,10620.329000000,0.388000000,8.495000000,16990,2.900000000,8.410825702,15.895055500,69.144375110,0.700133370,32.409809030,1.000000000
601,fixed_random_bfs,128668294,512,27,485,365,2000,1985,93,4.650000000,10629.221500000,10529.317500000,10509.383000000,19.925000000,99.904000000,199808,35.450000000,8.410825702,15.851788645,68.263258890,0.697486519,32.300626585,1.000000000
602,fixed_random_bfs,3134151980,512,23,489,123,2000,1985,0,0.000000000,10629.221500000,10622.147500000,10622.138000000,0.000000000,7.074000000,14148,3.850000000,8.410825702,15.949509674,68.746951201,0.804702701,32.522307537,1.000000000
603,fixed_random_bfs,12051483867,512,30,482,451,2000,1985,1,0.050000000,10629.221500000,10614.739000000,10614.502500000,0.227000000,14.482500000,28965,5.250000000,8.410825702,15.948691450,69.192557198,0.825211525,32.520321734,1.000000000
604,fixed_random_bfs,2184077119,512,38,474,835,2000,1985,7,0.350000000,10629.221500000,10581.488000000,10579.893000000,1.585500000,47.733500000,95467,16.850000000,8.410825702,15.953737443,68.828336590,0.834361566,32.529232552,1.000000000
605,fixed_random_bfs,8934377491,512,17,495,272,2000,1985,0,0.000000000,10629.221500000,10621.830500000,10621.821000000,0.000000000,7.391000000,14782,2.550000000,8.410825702,16.029308427,69.442377354,0.828059104,32.684637700,1.000000000
606,fixed_random_bfs,1050531203,512,28,484,227,2000,1985,6,0.300000000,10629.221500000,10587.317500000,10586.686500000,0.621500000,41.904000000,83808,15.150000000,8.410825702,15.958331119,68.539147704,0.812843555,32.537503182,1.000000000
607,fixed_random_bfs,8011183435,512,22,490,232,2000,1985,1,0.050000000,10629.221500000,10619.979500000,10619.750500000,0.219500000,9.242000000,18484,3.200000000,8.410825702,16.004487561,69.465739958,0.828218318,32.629014199,1.000000000
608,fixed_random_bfs,1173444039,512,23,489,364,2000,1985,1,0.050000000,10629.221500000,10625.591000000,10625.328500000,0.253000000,3.630500000,7261,0.950000000,8.410825702,16.048862353,69.274613501,0.814189655,32.722835882,1.000000000
609,fixed_random_bfs,497301828,512,26,486,243,2000,1985,4,0.200000000,10629.221500000,10558.538500000,10557.912000000,0.617000000,70.683000000,141366,20.600000000,8.410825702,21.051546809,91.956892889,1.096961354,42.938941017,1.000000000
610,fixed_random_bfs,1165931639,512,36,476,628,2000,1985,2,0.100000000,10629.221500000,10617.601500000,10617.133500000,0.458500000,11.620000000,23240,3.800000000,8.410825702,16.039715272,69.144342707,0.842488609,32.703560717,1.000000000
611,fixed_random_bfs,454550131,512,27,485,351,2000,1985,3,0.150000000,10629.221500000,10588.937000000,10588.200500000,0.727000000,40.284500000,80569,14.650000000,8.410825702,15.988163992,68.872188496,0.844922092,32.597646791,1.000000000
612,fixed_random_bfs,8341803256,512,39,473,365,2000,1985,22,1.100000000,10629.221500000,10566.771000000,10563.169500000,3.592000000,62.450500000,124901,22.950000000,8.410825702,21.033196871,91.388218689,1.111296673,42.883725960,1.000000000
613,fixed_random_bfs,10284203355,512,18,494,228,2000,1985,31,1.550000000,10629.221500000,10587.487000000,10582.704500000,4.773000000,41.734500000,83469,14.150000000,8.410825702,21.029038706,91.734600595,1.133517229,42.890559989,1.000000000
614,fixed_random_bfs,450324063,512,30,482,785,2000,1985,1,0.050000000,10629.221500000,10619.470000000,10619.211000000,0.249500000,9.751500000,19503,2.850000000,8.410825702,16.129147128,69.635913793,0.834878840,32.888976791,1.000000000
615,fixed_random_bfs,1556196243,512,17,495,272,2000,1985,0,0.000000000,10629.221500000,10628.304000000,10628.294500000,0.000000000,0.917500000,1835,0.500000000,8.410825702,21.177421659,92.170510755,1.163109660,43.203335802,1.000000000
616,fixed_random_bfs,11364764954,512,38,474,533,2000,1985,5,0.250000000,10629.221500000,10595.804500000,10594.715000000,1.080000000,33.417000000,66834,12.050000000,8.410825702,21.157203243,92.253397654,1.137764990,43.154294864,1.000000000
617,fixed_random_bfs,1548078127,512,24,488,253,2000,1985,3,0.150000000,10629.221500000,10599.044000000,10598.485500000,0.549000000,30.177500000,60355,15.250000000,8.410825702,16.095606377,69.786902450,0.845492457,32.817163524,1.000000000
618,fixed_random_bfs,8375236702,512,31,481,492,2000,1985,11,0.550000000,10629.221500000,10525.870500000,10523.244500000,2.616500000,103.351000000,206702,29.800000000,8.410825702,15.939206134,68.888371010,0.810004457,32.497154470,1.000000000
619,fixed_random_bfs,534478825,512,36,476,423,2000,1985,82,4.100000000,10629.221500000,10514.446000000,10498.743500000,15.693000000,114.775500000,229551,45.650000000,8.410825702,20.900140169,91.790593846,1.124106585,42.610455506,1.000000000
620,fixed_random_bfs,1126355534,512,25,487,348,2000,1985,1,0.050000000,10629.221500000,10609.065500000,10608.831000000,0.225000000,20.156000000,40312,8.000000000,8.410825702,21.179136934,92.130763501,1.118055042,43.203672349,1.000000000
621,fixed_random_bfs,4695855091,512,37,475,906,2000,1985,3,0.150000000,10629.221500000,10618.672500000,10617.931000000,0.732000000,10.549000000,21098,4.050000000,8.410825702,16.112371555,69.687640396,0.889544008,32.855340173,1.000000000
622,fixed_random_bfs,4463731558,512,35,477,454,2000,1985,13,0.650000000,10629.221500000,10568.676500000,10566.176000000,2.491000000,60.545000000,121090,21.250000000,8.410825702,16.054741443,69.667312856,0.877654872,32.734858141,1.000000000
623,fixed_random_bfs,6845383892,512,27,485,532,2000,1985,0,0.000000000,10629.221500000,10625.210500000,10625.201000000,0.000000000,4.011000000,8022,1.400000000,8.410825702,15.948451541,68.772707547,0.838697957,32.519232760,1.000000000
624,fixed_random_bfs,129548931,512,51,461,681,2000,1985,76,3.800000000,10629.221500000,10496.761000000,10484.602500000,12.149000000,132.460500000,264921,57.450000000,8.410825702,16.077342582,69.306354951,0.856422785,32.770589100,1.000000000
625,fixed_random_bfs,1324733180,512,31,481,786,2000,1985,0,0.000000000,10629.221500000,10627.057500000,10627.048000000,0.000000000,2.164000000,4328,1.300000000,8.410825702,21.172159535,92.880353708,1.184010139,43.195679984,1.000000000
626,fixed_random_bfs,5271102193,512,37,475,498,2000,1985,2,0.100000000,10629.221500000,10597.622000000,10597.204500000,0.408000000,31.599500000,63199,10.600000000,8.410825702,21.138845459,92.694541493,1.157887948,43.120726259,1.000000000
627,fixed_random_bfs,4441072618,512,39,473,849,2000,1985,27,1.350000000,10629.221500000,10566.412000000,10560.837500000,5.565000000,62.809500000,125619,25.350000000,8.410825702,16.138566808,69.490304598,0.855028283,32.900043207,1.000000000
628,fixed_random_bfs,90380817,512,34,478,423,2000,1985,49,2.450000000,10629.221500000,10575.884000000,10565.005500000,10.869000000,53.337500000,106675,18.400000000,8.410825702,21.237069476,93.128050958,1.156163873,43.294004407,1.000000000
629,fixed_random_bfs,13381299152,512,18,494,227,2000,1985,0,0.000000000,10629.221500000,10619.618000000,10619.608500000,0.000000000,9.603500000,19207,3.150000000,8.410825702,21.228584550,92.262607002,1.154660308,43.307075767,1.000000000
630,fixed_random_bfs,3921306354,512,31,481,631,2000,1985,1,0.050000000,10629.221500000,10607.935500000,10607.694500000,0.231500000,21.286000000,42572,6.000000000,8.410825702,21.200691101,92.120706289,1.135176385,43.247031865,1.000000000
631,fixed_random_bfs,1112073344,512,38,474,566,2000,1985,5,0.250000000,10629.221500000,10595.420000000,10594.556000000,0.854500000,33.801500000,67603,14.150000000,8.410825702,15.913692424,68.868683454,0.819666650,32.444474028,1.000000000
632,fixed_random_bfs,4566797444,512,27,485,448,2000,1985,27,1.350000000,10629.221500000,10540.975000000,10534.171500000,6.794000000,88.246500000,176493,37.550000000,8.410825702,21.142387133,92.464829598,1.158510808,43.124550332,1.000000000
633,fixed_random_bfs,1670426636,512,31,481,306,2000,1985,5,0.250000000,10629.221500000,10585.090000000,10584.196000000,0.884500000,44.131500000,88263,21.050000000,8.410825702,21.258543475,93.346803208,1.161435763,43.364681111,1.000000000
634,fixed_random_bfs,6994660235,512,33,479,707,2000,1985,0,0.000000000,10629.221500000,10626.942500000,10626.933000000,0.000000000,2.279000000,4558,0.750000000,8.410825702,21.286611422,92.648903249,1.138781475,43.427221873,1.000000000
635,fixed_random_bfs,25632453,512,42,470,318,2000,1985,146,7.300000000,10629.221500000,10441.602000000,10421.574500000,20.018000000,187.619500000,375239,69.700000000,8.410825702,21.142285743,92.774921696,1.126058420,43.103472575,1.000000000
636,fixed_random_bfs,4644509199,512,33,479,518,2000,1985,3,0.150000000,10629.221500000,10615.259000000,10614.565500000,0.684000000,13.962500000,27925,6.300000000,8.410825702,21.451345028,94.576741206,1.136926307,43.760263101,1.000000000
637,fixed_random_bfs,11635586344,512,41,471,1335,2000,1985,0,0.000000000,10629.221500000,10621.847000000,10621.837500000,0.000000000,7.374500000,14749,2.700000000,8.410825702,15.866394874,69.271404196,0.828998451,32.350589809,1.000000000
638,fixed_random_bfs,1551011927,512,33,479,788,2000,1985,7,0.350000000,10629.221500000,10603.717500000,10601.958000000,1.750000000,25.504000000,51008,8.050000000,8.410825702,21.557806262,93.998294861,1.174371319,43.978228886,1.000000000
639,fixed_random_bfs,1216830857,512,40,472,218,2000,1985,9,0.450000000,10629.221500000,10558.467500000,10557.860000000,0.598000000,70.754000000,141508,31.300000000,8.410825702,21.695539865,95.896977000,1.190844648,44.267912089,1.000000000
640,fixed_random_bfs,6394782026,512,27,485,327,2000,1985,0,0.000000000,10629.221500000,10608.613000000,10608.603500000,0.000000000,20.608500000,41217,5.050000000,8.410825702,21.100520752,92.383294401,1.139235819,43.045816639,1.000000000
641,fixed_random_bfs,3913816566,512,23,489,484,2000,1985,1,0.050000000,10629.221500000,10616.564500000,10616.299000000,0.256000000,12.657000000,25314,3.200000000,8.410825702,15.922923387,68.604222796,0.797588236,32.466253375,1.000000000
642,fixed_random_bfs,1198829476,512,29,483,449,2000,1985,5,0.250000000,10629.221500000,10614.742500000,10613.518000000,1.215000000,14.479000000,28958,5.200000000,8.410825702,15.955615551,68.956397149,0.829421658,32.529768060,1.000000000
643,fixed_random_bfs,12051485772,512,32,480,656,2000,1985,1,0.050000000,10629.221500000,10613.686500000,10613.434000000,0.243000000,15.535000000,31070,5.500000000,8.410825702,15.895106709,68.714636593,0.701345573,32.411815907,1.000000000
644,fixed_random_bfs,1147305578,512,34,478,201,2000,1985,3,0.150000000,10629.221500000,10604.947500000,10604.635500000,0.302500000,24.274000000,48548,10.400000000,8.410825702,15.923957622,69.017805153,0.699690836,32.469533251,1.000000000
645,fixed_random_bfs,7653856117,512,27,485,222,2000,1985,11,0.550000000,10629.221500000,10591.751000000,10590.229000000,1.512500000,37.470500000,74941,13.000000000,8.410825702,15.978365927,69.576675999,0.709647496,32.575381091,1.000000000
646,fixed_random_bfs,4458099456,512,31,481,304,2000,1985,38,1.900000000,10629.221500000,10498.974000000,10491.177500000,7.787000000,130.247500000,260495,47.300000000,8.410825702,15.833229258,68.789846838,0.828106675,32.276873162,1.000000000
647,fixed_random_bfs,13046307574,512,32,480,537,2000,1985,0,0.000000000,10629.221500000,10612.993500000,10612.984000000,0.000000000,16.228000000,32456,5.450000000,8.410825702,15.962976973,69.114813698,0.843984408,32.547670153,1.000000000
648,fixed_random_bfs,1191411624,512,39,473,1004,2000,1985,1,0.050000000,10629.221500000,10624.224000000,10623.974000000,0.240500000,4.997500000,9995,1.750000000,8.410825702,16.042140567,69.541917896,0.826614461,32.710538988,1.000000000
649,fixed_random_bfs,8303467628,512,26,486,282,2000,1985,5,0.250000000,10629.221500000,10589.404500000,10588.728000000,0.667000000,39.817000000,79634,12.300000000,8.410825702,15.967254916,68.948443950,0.707929615,32.554220354,1.000000000
650,fixed_random_bfs,3713843052,512,29,483,117,2000,1985,52,2.600000000,10629.221500000,10579.765500000,10574.130500000,5.625500000,49.456000000,98912,30.000000000,8.410825702,15.974284428,69.442880502,0.709080199,32.557580703,1.000000000
651,fixed_random_bfs,1300694076,512,31,481,733,2000,1985,1,0.050000000,10629.221500000,10627.548500000,10627.291500000,0.247500000,1.673000000,3346,0.600000000,8.410825702,16.156220370,70.071562447,0.842734132,32.944468922,1.000000000
652,fixed_random_bfs,9487022399,512,33,479,280,2000,1985,122,6.100000000,10629.221500000,10465.499500000,10442.942500000,22.547500000,163.722000000,327444,62.050000000,8.410825702,15.915355683,68.966548259,0.818778883,32.432757860,1.000000000
653,fixed_random_bfs,3679308954,512,32,480,234,2000,1985,2,0.100000000,10629.221500000,10616.662000000,10616.440500000,0.212000000,12.559500000,25119,8.350000000,8.410825702,16.151943473,70.055648655,0.720422085,32.929532591,1.000000000
654,fixed_random_bfs,1291503779,512,37,475,483,2000,1985,50,2.500000000,10629.221500000,10518.828000000,10507.181500000,11.637000000,110.393500000,220787,40.200000000,8.410825702,15.863004794,68.663430149,0.834763383,32.330134498,1.000000000
655,fixed_random_bfs,4965877140,512,24,488,507,2000,1985,4,0.200000000,10629.221500000,10618.999000000,10617.967500000,1.022000000,10.222500000,20445,3.700000000,8.410825702,16.209495422,70.165384605,0.735231059,33.052792923,1.000000000
656,fixed_random_bfs,11105950323,512,49,463,694,2000,1985,39,1.950000000,10629.221500000,10535.115500000,10528.577000000,6.529000000,94.106000000,188212,42.000000000,8.410825702,16.029500879,69.038547099,0.735013149,32.682669092,1.000000000
657,fixed_random_bfs,12461736113,512,22,490,79,2000,1985,0,0.000000000,10629.221500000,10617.467500000,10617.458000000,0.000000000,11.754000000,23508,4.400000000,8.410825702,16.200406018,69.896814896,0.716190644,33.036329049,1.000000000
658,fixed_random_bfs,4767426076,512,21,491,164,2000,1985,3,0.150000000,10629.221500000,10612.085000000,10611.411000000,0.664500000,17.136500000,34273,6.200000000,8.410825702,16.197148864,69.936230945,0.708591813,33.029682780,1.000000000
659,fixed_random_bfs,1548068554,512,22,490,217,2000,1985,1,0.050000000,10629.221500000,10608.231000000,10607.987500000,0.234000000,20.990500000,41981,6.900000000,8.410825702,15.962028308,68.940488350,0.829495539,32.545993396,1.000000000
660,fixed_random_bfs,8421467159,512,26,486,335,2000,1985,14,0.700000000,10629.221500000,10562.871000000,10560.168500000,2.693000000,66.350500000,132701,20.600000000,8.410825702,21.038909901,91.357539648,1.115445048,42.909606388,1.000000000
661,fixed_random_bfs,1143317433,512,24,488,413,2000,1985,4,0.200000000,10629.221500000,10600.697000000,10599.682500000,1.005000000,28.524500000,57049,8.700000000,8.410825702,21.023766744,91.567371249,1.115392327,42.882106334,1.000000000
662,fixed_random_bfs,1147306980,512,29,483,285,2000,1985,4,0.200000000,10629.221500000,10603.651500000,10603.023000000,0.619000000,25.570000000,51140,8.750000000,8.410825702,21.185432304,92.518248309,1.142954148,43.211837004,1.000000000
663,fixed_random_bfs,1839824347,512,44,468,1132,2000,1985,6,0.300000000,10629.221500000,10603.680500000,10602.493500000,1.177500000,25.541000000,51082,9.800000000,8.410825702,15.891848907,69.191826648,0.844258938,32.399703946,1.000000000
664,fixed_random_bfs,1143318758,512,32,480,473,2000,1985,12,0.600000000,10629.221500000,10597.088500000,10594.169000000,2.910000000,32.133000000,64266,13.800000000,8.410825702,21.069001916,91.655661151,1.166157123,42.973519765,1.000000000
665,fixed_random_bfs,4761669979,512,31,481,513,2000,1985,1,0.050000000,10629.221500000,10605.535000000,10605.305000000,0.220500000,23.686500000,47373,10.250000000,8.410825702,21.126115458,92.162814199,1.135466993,43.093912433,1.000000000
666,fixed_random_bfs,4527005332,512,32,480,328,2000,1985,1,0.050000000,10629.221500000,10602.682500000,10602.436000000,0.237000000,26.539000000,53078,9.300000000,8.410825702,21.043805087,91.503747588,1.153772096,42.927615963,1.000000000
667,fixed_random_bfs,7678725064,512,39,473,740,2000,1985,0,0.000000000,10629.221500000,10617.304000000,10617.294500000,0.000000000,11.917500000,23835,4.450000000,8.410825702,21.208685976,92.873456187,1.148765637,43.263789491,1.000000000
668,fixed_random_bfs,12055134685,512,32,480,302,2000,1985,0,0.000000000,10629.221500000,10621.496000000,10621.486500000,0.000000000,7.725500000,15451,4.750000000,8.410825702,21.156762100,92.771606240,1.177778773,43.160192292,1.000000000
669,fixed_random_bfs,4597723515,512,48,464,838,2000,1985,86,4.300000000,10629.221500000,10475.825000000,10456.519500000,19.296000000,153.396500000,306793,58.350000000,8.410825702,20.965128010,92.227169806,1.158098239,42.744407655,1.000000000
670,fixed_random_bfs,12964656084,512,38,474,713,2000,1985,7,0.350000000,10629.221500000,10600.199500000,10598.639500000,1.550500000,29.022000000,58044,10.900000000,8.410825702,21.240446372,92.669747248,1.182178013,43.325344930,1.000000000
671,fixed_random_bfs,3573222475,512,22,490,251,2000,1985,2,0.100000000,10629.221500000,10602.057500000,10601.556500000,0.491500000,27.164000000,54328,9.350000000,8.410825702,21.134015912,92.564169247,1.180603413,43.111799262,1.000000000
672,fixed_random_bfs,12459075394,512,40,472,439,2000,1985,2,0.100000000,10629.221500000,10599.319500000,10599.131500000,0.178500000,29.902000000,59804,11.350000000,8.410825702,21.130503942,92.642243604,1.143871319,43.103373243,1.000000000
673,fixed_random_bfs,4477811710,512,21,491,245,2000,1985,19,0.950000000,10629.221500000,10598.962000000,10594.398000000,4.554500000,30.259500000,60519,10.250000000,8.410825702,21.223564120,92.452149907,1.141021069,43.289656679,1.000000000
674,fixed_random_bfs,4567258270,512,22,490,220,2000,1985,5,0.250000000,10629.221500000,10593.929500000,10592.779000000,1.141000000,35.292000000,70584,11.850000000,8.410825702,21.236201574,92.211611154,1.168129292,43.316009794,1.000000000
675,fixed_random_bfs,1419378645,512,22,490,401,2000,1985,0,0.000000000,10629.221500000,10625.957000000,10625.947500000,0.000000000,3.264500000,6529,1.250000000,8.410825702,21.293233382,93.094882306,1.156656002,43.440392529,1.000000000
676,fixed_random_bfs,1173487052,512,27,485,370,2000,1985,0,0.000000000,10629.221500000,10624.826000000,10624.816500000,0.000000000,4.395500000,8791,1.100000000,8.410825702,21.341458699,93.371590746,1.140496680,43.537414238,1.000000000
677,fixed_random_bfs,4567403788,512,27,485,199,2000,1985,27,1.350000000,10629.221500000,10543.369000000,10538.013500000,5.346000000,85.852500000,171705,27.900000000,8.410825702,21.257252849,93.642157806,1.158919716,43.348438434,1.000000000
678,fixed_random_bfs,12051483783,512,35,477,569,2000,1985,1,0.050000000,10629.221500000,10615.778500000,10615.551000000,0.218000000,13.443000000,26886,4.900000000,8.410825702,15.891008888,68.625330442,0.818049056,32.402361342,1.000000000
679,fixed_random_bfs,3846227355,512,31,481,359,2000,1985,0,0.000000000,10629.221500000,10622.275500000,10622.266000000,0.000000000,6.946000000,13892,2.400000000,8.410825702,21.102587499,92.447348699,1.006812474,43.048737501,1.000000000
680,fixed_random_bfs,12459441504,512,49,463,510,2000,1985,11,0.550000000,10629.221500000,10592.219500000,10590.535500000,1.674500000,37.002000000,74004,13.550000000,8.410825702,21.453438880,93.705935605,1.185685850,43.761188154,1.000000000
681,fixed_random_bfs,1262328746,512,16,496,115,2000,1985,2,0.100000000,10629.221500000,10614.862000000,10614.390500000,0.462000000,14.359500000,28719,5.800000000,8.410825702,21.784820544,95.100094699,1.017656733,44.447461683,1.000000000
682,fixed_random_bfs,4183597895,512,29,483,372,2000,1985,11,0.550000000,10629.221500000,10547.939000000,10545.555500000,2.374000000,81.282500000,162565,31.150000000,8.410825702,15.844687218,68.647520091,0.710381117,32.303166077,1.000000000
683,fixed_random_bfs,12104435024,512,27,485,271,2000,1985,97,4.850000000,10629.221500000,10489.196000000,10473.930500000,15.256000000,140.025500000,280051,55.800000000,8.410825702,15.728351685,68.148288057,0.793989771,32.053511746,1.000000000
684,fixed_random_bfs,5185083237,512,20,492,128,2000,1985,6,0.300000000,10629.221500000,10569.975500000,10568.847500000,1.118500000,59.246000000,118492,20.250000000,8.410825702,15.884588856,68.722349699,0.811307851,32.388859346,1.000000000
685,fixed_random_bfs,293055543,512,22,490,231,2000,1985,0,0.000000000,10629.221500000,10625.985500000,10625.976000000,0.000000000,3.236000000,6472,2.750000000,8.410825702,16.039758722,69.081439946,0.803431569,32.705253763,1.000000000
686,fixed_random_bfs,446319883,512,23,489,402,2000,1985,1,0.050000000,10629.221500000,10617.247500000,10616.989000000,0.249000000,11.974000000,23948,4.900000000,8.410825702,15.993408685,68.656704199,0.709272985,32.613114181,1.000000000
687,fixed_random_bfs,263576262,512,30,482,257,2000,1985,1,0.050000000,10629.221500000,10606.497000000,10606.443000000,0.044500000,22.724500000,45449,12.000000000,8.410825702,15.964377425,68.943704350,0.712632308,32.548472778,1.000000000
688,fixed_random_bfs,697445011,512,35,477,617,2000,1985,6,0.300000000,10629.221500000,10590.504500000,10589.613500000,0.881500000,38.717000000,77434,12.450000000,8.410825702,15.987594837,69.117191552,0.856011886,32.595714960,1.000000000
689,fixed_random_bfs,1186511141,512,24,488,485,2000,1985,0,0.000000000,10629.221500000,10625.475500000,10625.466000000,0.000000000,3.746000000,7492,0.950000000,8.410825702,16.041696924,69.025431600,0.814372409,32.709271787,1.000000000
690,fixed_random_bfs,1731168971,512,46,466,791,2000,1985,6,0.300000000,10629.221500000,10561.838000000,10560.881500000,0.947000000,67.383500000,134767,22.250000000,8.410825702,15.975238947,69.144508451,0.823873224,32.571696303,1.000000000
691,fixed_random_bfs,9009837498,512,36,476,368,2000,1985,18,0.900000000,10629.221500000,10539.833000000,10536.430500000,3.393000000,89.388500000,178777,27.900000000,8.410825702,16.030200335,69.403259197,0.727277472,32.678386736,1.000000000
692,fixed_random_bfs,8934352755,512,19,493,244,2000,1985,2,0.100000000,10629.221500000,10625.382000000,10624.863500000,0.509000000,3.839500000,7679,2.250000000,8.410825702,16.090307418,69.737534803,0.840414796,32.808339296,1.000000000
693,fixed_random_bfs,3846227196,512,30,482,272,2000,1985,2,0.100000000,10629.221500000,10619.520000000,10619.106500000,0.404000000,9.701500000,19403,3.400000000,8.410825702,16.119132056,69.541324100,0.814845074,32.868618829,1.000000000
694,fixed_random_bfs,12069712236,512,38,474,710,2000,1985,3,0.150000000,10629.221500000,10602.716000000,10602.028000000,0.678500000,26.505500000,53011,8.750000000,8.410825702,15.923512275,69.107006299,0.719879342,32.466284200,1.000000000
695,fixed_random_bfs,9041188470,512,37,475,366,2000,1985,53,2.650000000,10629.221500000,10507.712500000,10498.634500000,9.068500000,121.509000000,243018,41.000000000,8.410825702,15.970036287,68.789588912,0.846862061,32.549806453,1.000000000
696,fixed_random_bfs,11231050474,512,40,472,330,2000,1985,140,7.000000000,10629.221500000,10504.623500000,10493.187500000,11.426500000,124.598000000,249196,47.350000000,8.410825702,16.016903630,69.253872505,0.824390330,32.634121571,1.000000000
697,fixed_random_bfs,5586150797,512,29,483,314,2000,1985,1,0.050000000,10629.221500000,10593.622500000,10593.412500000,0.200500000,35.599000000,71198,11.400000000,8.410825702,16.161653705,69.924389989,0.819646470,32.957031909,1.000000000
698,fixed_random_bfs,12776717274,512,30,482,757,2000,1985,7,0.350000000,10629.221500000,10607.645000000,10605.914500000,1.721000000,21.576500000,43153,7.950000000,8.410825702,16.189137091,70.231872659,0.813541234,33.011482264,1.000000000
699,fixed_random_bfs,480482947,512,27,485,332,2000,1985,27,1.350000000,10629.221500000,10568.235500000,10562.429500000,5.796500000,60.986000000,121972,19.350000000,8.410825702,15.910231382,68.595278556,0.708550237,32.428026693,1.000000000
700,fixed_random_bfs,12049398918,512,32,480,558,2000,1985,0,0.000000000,10629.221500000,10623.698500000,10623.689000000,0.000000000,5.523000000,11046,1.650000000,8.410825702,15.893251703,69.485557650,0.707466349,32.408089849,1.000000000
701,fixed_random_bfs,1187136619,512,38,474,1126,2000,1985,2,0.100000000,10629.221500000,10623.365500000,10622.858000000,0.498000000,5.856000000,11712,2.450000000,8.410825702,21.165082818,92.210696063,1.149309029,43.172067088,1.000000000
702,fixed_random_bfs,1187136636,512,42,470,1268,2000,1985,1,0.050000000,10629.221500000,10623.925500000,10623.669500000,0.246500000,5.296000000,10592,1.900000000,8.410825702,21.061275388,91.761107895,1.139113373,42.960752790,1.000000000
703,fixed_random_bfs,6249235099,512,51,461,676,2000,1985,37,1.850000000,10629.221500000,10544.016000000,10539.371000000,4.635500000,85.205500000,170411,33.950000000,8.410825702,20.966973338,91.800428752,0.987116002,42.761085468,1.000000000
704,fixed_random_bfs,13056066865,512,29,483,469,2000,1985,1,0.050000000,10629.221500000,10624.116500000,10623.861000000,0.246000000,5.105000000,10210,1.800000000,8.410825702,21.075101319,91.711922346,1.002811408,42.991288090,1.000000000
705,fixed_random_bfs,12333581101,512,33,479,300,2000,1985,71,3.550000000,10629.221500000,10505.647500000,10498.630000000,7.008000000,123.574000000,247148,41.350000000,8.410825702,20.960062372,91.751914545,0.981347761,42.733734818,1.000000000
706,fixed_random_bfs,12132082942,512,23,489,232,2000,1985,3,0.150000000,10629.221500000,10607.524000000,10606.796000000,0.718500000,21.697500000,43395,5.200000000,8.410825702,20.977469791,91.532737153,0.962919620,42.786963922,1.000000000
707,fixed_random_bfs,1643293823,512,24,488,441,2000,1985,0,0.000000000,10629.221500000,10623.625500000,10623.616000000,0.000000000,5.596000000,11192,2.850000000,8.410825702,21.158733216,92.304881593,0.994965451,43.161102736,1.000000000
708,fixed_random_bfs,1219137941,512,32,480,611,2000,1985,0,0.000000000,10629.221500000,10614.869500000,10614.860000000,0.000000000,14.352000000,28704,5.100000000,8.410825702,21.139130657,92.569445196,0.994917060,43.120458773,1.000000000
709,fixed_random_bfs,1419645375,512,34,478,295,2000,1985,136,6.800000000,10629.221500000,10462.362000000,10440.957000000,21.395500000,166.859500000,333719,65.650000000,8.410825702,15.744298149,68.153804301,0.832078608,32.077503841,1.000000000
710,fixed_random_bfs,12610221987,512,43,469,503,2000,1985,137,6.850000000,10629.221500000,10468.840500000,10443.000000000,25.831000000,160.381000000,320762,64.700000000,8.410825702,20.983450111,92.220783107,0.988550629,42.771032634,1.000000000
711,fixed_random_bfs,4567404052,512,48,464,439,2000,1985,99,4.950000000,10629.221500000,10504.416000000,10493.655500000,10.751000000,124.805500000,249611,43.150000000,8.410825702,21.043009294,91.847513846,1.000052586,42.900441834,1.000000000
712,fixed_random_bfs,4505162251,512,22,490,192,2000,1985,14,0.700000000,10629.221500000,10546.286500000,10543.145500000,3.131500000,82.935000000,165870,29.650000000,8.410825702,21.106151231,92.093153952,1.001731053,43.051776514,1.000000000
713,fixed_random_bfs,12563426298,512,42,470,1034,2000,1985,10,0.500000000,10629.221500000,10599.916500000,10597.750000000,2.157000000,29.305000000,58610,12.600000000,8.410825702,21.220150688,92.581712949,0.978317602,43.282846004,1.000000000
714,fixed_random_bfs,444058630,512,26,486,465,2000,1985,5,0.250000000,10629.221500000,10601.472500000,10600.230500000,1.232500000,27.749000000,55498,9.750000000,8.410825702,15.882206038,68.070834498,0.828532524,32.382725088,1.000000000
715,fixed_random_bfs,8734369949,512,27,485,360,2000,1985,22,1.100000000,10629.221500000,10547.590500000,10542.696500000,4.884500000,81.631000000,163262,25.900000000,8.410825702,15.817384005,68.215785648,0.803721017,32.243338966,1.000000000
716,fixed_random_bfs,1323016188,512,13,499,144,2000,1985,2,0.100000000,10629.221500000,10627.486000000,10626.964500000,0.512000000,1.735500000,3471,2.050000000,8.410825702,15.966877324,68.799569338,0.840951589,32.557886462,1.000000000
717,fixed_random_bfs,2292541513,512,30,482,371,2000,1985,1,0.050000000,10629.221500000,10617.754000000,10617.527500000,0.217000000,11.467500000,22935,7.050000000,8.410825702,21.281658588,92.087991606,1.155591147,43.414493535,1.000000000
718,fixed_random_bfs,7671746650,512,15,497,210,2000,1985,1,0.050000000,10629.221500000,10626.559500000,10626.299500000,0.250500000,2.662000000,5324,0.950000000,8.410825702,21.259795077,93.349733247,1.012843820,43.368404654,1.000000000
719,fixed_random_bfs,8987725938,512,22,490,328,2000,1985,11,0.550000000,10629.221500000,10553.161500000,10550.772000000,2.380000000,76.060000000,152120,22.300000000,8.410825702,15.899449321,68.692046953,0.830146759,32.412317987,1.000000000
720,fixed_random_bfs,428050279,512,33,479,292,2000,1985,43,2.150000000,10629.221500000,10519.330000000,10510.183000000,9.137500000,109.891500000,219783,48.350000000,8.410825702,21.159396994,92.995468344,0.988270055,43.159315772,1.000000000
721,fixed_random_bfs,1148228680,512,42,470,1098,2000,1985,6,0.300000000,10629.221500000,10609.880000000,10608.487500000,1.383000000,19.341500000,38683,7.900000000,8.410825702,15.966343992,68.987568957,0.838196503,32.555608109,1.000000000
722,fixed_random_bfs,4607650176,512,41,471,469,2000,1985,4,0.200000000,10629.221500000,10594.026500000,10593.209000000,0.808000000,35.195000000,70390,12.350000000,8.410825702,15.940885502,68.788810604,0.819929458,32.500941970,1.000000000
723,fixed_random_bfs,1548057696,512,35,477,633,2000,1985,8,0.400000000,10629.221500000,10591.809000000,10589.924500000,1.875000000,37.412500000,74825,13.500000000,8.410825702,21.277523290,93.346230999,0.981158312,43.405966315,1.000000000
724,fixed_random_bfs,418721515,512,31,481,238,2000,1985,10,0.500000000,10629.221500000,10601.108500000,10599.711500000,1.387500000,28.113000000,56226,7.900000000,8.410825702,16.018185005,69.258937903,0.730746377,32.653794386,1.000000000
725,fixed_random_bfs,1518683725,512,39,473,547,2000,1985,1,0.050000000,10629.221500000,10625.033000000,10624.837500000,0.186000000,4.188500000,8377,1.700000000,8.410825702,16.027802936,69.420941953,0.836494310,32.679298826,1.000000000
726,fixed_random_bfs,13037833044,512,24,488,329,2000,1985,0,0.000000000,10629.221500000,10623.997500000,10623.988000000,0.000000000,5.224000000,10448,1.550000000,8.410825702,16.052370087,69.365059555,0.847924844,32.730495281,1.000000000
727,fixed_random_bfs,1160057045,512,30,482,591,2000,1985,0,0.000000000,10629.221500000,10624.509500000,10624.500000000,0.000000000,4.712000000,9424,1.350000000,8.410825702,21.509309345,94.062628398,0.997883074,43.881342205,1.000000000
728,fixed_random_bfs,10240340316,512,45,467,926,2000,1985,1,0.050000000,10629.221500000,10618.368000000,10618.158000000,0.200500000,10.853500000,21707,3.650000000,8.410825702,16.129818909,69.678305190,0.848511974,32.889353947,1.000000000
729,fixed_random_bfs,1145512910,512,39,473,391,2000,1985,10,0.500000000,10629.221500000,10592.500000000,10590.970000000,1.520500000,36.721500000,73443,12.550000000,8.410825702,16.064583310,69.513821095,0.715407559,32.754931877,1.000000000
730,fixed_random_bfs,447549140,512,23,489,383,2000,1985,0,0.000000000,10629.221500000,10618.932000000,10618.922500000,0.000000000,10.289500000,20579,4.350000000,8.410825702,16.142002388,69.306505712,0.844306862,32.914472270,1.000000000
731,fixed_random_bfs,1640860700,512,37,475,823,2000,1985,0,0.000000000,10629.221500000,10628.144500000,10628.135000000,0.000000000,1.077000000,2154,0.350000000,8.410825702,15.960874363,69.252283553,0.824378549,32.544090649,1.000000000
732,fixed_random_bfs,1214153197,512,19,493,42,2000,1985,0,0.000000000,10629.221500000,10622.384500000,10622.375000000,0.000000000,6.837000000,13674,9.800000000,8.410825702,21.164901955,92.677446942,1.124076058,43.176917347,1.000000000
733,fixed_random_bfs,478864894,512,31,481,289,2000,1985,81,4.050000000,10629.221500000,10503.990000000,10488.261000000,15.719500000,125.231500000,250463,50.700000000,8.410825702,15.949103607,68.992209892,0.722541666,32.504904765,1.000000000
734,fixed_random_bfs,1174117251,512,39,473,623,2000,1985,0,0.000000000,10629.221500000,10625.149000000,10625.139500000,0.000000000,4.072500000,8145,1.000000000,8.410825702,16.175117156,69.804074497,0.838909212,32.986570657,1.000000000
735,fixed_random_bfs,9791171616,512,24,488,192,2000,1985,14,0.700000000,10629.221500000,10590.722500000,10588.204000000,2.509000000,38.499000000,76998,16.450000000,8.410825702,21.540237414,93.977483209,1.003732464,43.939725324,1.000000000
736,fixed_random_bfs,4444137419,512,18,494,150,2000,1985,14,0.700000000,10629.221500000,10577.678000000,10575.034000000,2.634500000,51.543500000,103087,17.350000000,8.410825702,16.141556989,69.916134542,0.841324548,32.909080386,1.000000000
737,fixed_random_bfs,1114080890,512,25,487,236,2000,1985,44,2.200000000,10629.221500000,10479.815000000,10472.187500000,7.618000000,149.406500000,298813,62.100000000,8.410825702,21.563620499,94.234253561,1.165292161,43.985871707,1.000000000
738,fixed_random_bfs,2490198511,512,52,460,572,2000,1985,39,1.950000000,10629.221500000,10547.099500000,10541.828000000,5.262000000,82.122000000,164244,44.100000000,8.410825702,16.080399966,69.353062657,0.835037020,32.790085726,1.000000000
739,fixed_random_bfs,4502959789,512,27,485,338,2000,1985,0,0.000000000,10629.221500000,10586.289500000,10586.280000000,0.000000000,42.932000000,85864,13.400000000,8.410825702,15.897415244,68.526863106,0.826715017,32.414272532,1.000000000
740,fixed_random_bfs,9714524560,512,33,479,686,2000,1985,2,0.100000000,10629.221500000,10614.470000000,10614.211000000,0.249500000,14.751500000,29503,4.400000000,8.410825702,15.895275762,69.183032400,0.818345129,32.409084189,1.000000000
741,fixed_random_bfs,4722703955,512,41,471,266,2000,1985,5,0.250000000,10629.221500000,10601.496000000,10600.552500000,0.934000000,27.725500000,55451,8.700000000,8.410825702,15.976078600,68.841641543,0.697896547,32.568004112,1.000000000
742,fixed_random_bfs,13030226518,512,20,492,201,2000,1985,0,0.000000000,10629.221500000,10625.356000000,10625.346500000,0.000000000,3.865500000,7731,1.050000000,8.410825702,15.921092981,68.441204005,0.842055931,32.463967231,1.000000000
743,fixed_random_bfs,8364445833,512,44,468,1013,2000,1985,39,1.950000000,10629.221500000,10530.320500000,10521.389500000,8.921500000,98.901000000,197802,32.700000000,8.410825702,15.833158573,68.258176550,0.824398983,32.273622836,1.000000000
744,fixed_random_bfs,8251845725,512,35,477,352,2000,1985,25,1.250000000,10629.221500000,10563.849500000,10561.379000000,2.461000000,65.372000000,130744,21.150000000,8.410825702,15.903322997,68.682418450,0.705315207,32.417925369,1.000000000
745,fixed_random_bfs,1110673601,512,34,478,325,2000,1985,90,4.500000000,10629.221500000,10503.750000000,10486.456000000,17.284500000,125.471500000,250943,50.650000000,8.410825702,15.864970695,68.723272347,0.848874441,32.332467722,1.000000000
746,fixed_random_bfs,1548075778,512,40,472,597,2000,1985,5,0.250000000,10629.221500000,10601.676500000,10600.586500000,1.080500000,27.545000000,55090,10.050000000,8.410825702,15.980451019,69.189967998,0.845720657,32.581906890,1.000000000
747,fixed_random_bfs,1147306677,512,43,469,571,2000,1985,11,0.550000000,10629.221500000,10601.243500000,10598.716500000,2.517500000,27.978000000,55956,11.100000000,8.410825702,21.161677917,92.691282948,0.979124268,43.158903760,1.000000000
748,fixed_random_bfs,1548081296,512,36,476,498,2000,1985,23,1.150000000,10629.221500000,10582.527000000,10577.823000000,4.694500000,46.694500000,93389,16.450000000,8.410825702,15.932931491,68.771918401,0.843910807,32.478289309,1.000000000
749,fixed_random_bfs,1548068057,512,35,477,905,2000,1985,2,0.100000000,10629.221500000,10600.626500000,10600.139000000,0.478000000,28.595000000,57190,9.900000000,8.410825702,21.082564556,91.842815389,0.982233248,43.004397351,1.000000000
750,fixed_random_bfs,1394086762,512,34,478,761,2000,1985,3,0.150000000,10629.221500000,10602.085500000,10601.317000000,0.759000000,27.136000000,54272,9.100000000,8.410825702,16.011985222,69.358783996,0.853247930,32.649143801,1.000000000
751,fixed_random_bfs,10140392423,512,30,482,514,2000,1985,0,0.000000000,10629.221500000,10626.050500000,10626.041000000,0.000000000,3.171000000,6342,0.800000000,8.410825702,19.649044031,84.629223400,1.127568681,40.080278928,1.000000000
752,fixed_random_bfs,1670401805,512,41,471,1096,2000,1985,9,0.450000000,10629.221500000,10588.636000000,10586.556000000,2.070500000,40.585500000,81171,15.000000000,8.410825702,16.020238893,68.881015596,0.850976422,32.660638950,1.000000000
753,fixed_random_bfs,12469918347,512,32,480,539,2000,1985,4,0.200000000,10629.221500000,10601.555000000,10600.587500000,0.958000000,27.666500000,55333,10.500000000,8.410825702,16.039303702,68.861998891,0.733831581,32.702255951,1.000000000
754,fixed_random_bfs,4750584913,512,21,491,219,2000,1985,0,0.000000000,10629.221500000,10626.224000000,10626.214500000,0.000000000,2.997500000,5995,1.300000000,8.410825702,21.149349853,92.295382058,1.133489533,43.143805427,1.000000000
755,fixed_random_bfs,2611061256,512,38,474,772,2000,1985,3,0.150000000,10629.221500000,10605.566000000,10604.854500000,0.702000000,23.655500000,47311,8.100000000,8.410825702,21.051666776,91.799568103,1.164163927,42.943606311,1.000000000
756,fixed_random_bfs,9022834421,512,41,471,403,2000,1985,19,0.950000000,10629.221500000,10516.051500000,10513.665500000,2.376500000,113.170000000,226340,35.200000000,8.410825702,20.962542777,91.717196043,1.133896171,42.757043788,1.000000000
757,fixed_random_bfs,1728072364,512,36,476,903,2000,1985,4,0.200000000,10629.221500000,10584.281500000,10583.531500000,0.740500000,44.940000000,89880,16.200000000,8.410825702,16.079972159,69.670468693,0.729187314,32.786203122,1.000000000
758,fixed_random_bfs,4773520962,512,23,489,282,2000,1985,17,0.850000000,10629.221500000,10539.361000000,10535.601500000,3.750000000,89.860500000,179721,26.650000000,8.410825702,15.959503404,69.101022006,0.812078381,32.539431154,1.000000000
759,fixed_random_bfs,1550092701,512,20,492,142,2000,1985,0,0.000000000,10629.221500000,10620.271000000,10620.261500000,0.000000000,8.950500000,17901,2.850000000,8.410825702,21.166788271,92.709040562,1.149575328,43.179193387,1.000000000
760,fixed_random_bfs,1142606543,512,34,478,514,2000,1985,0,0.000000000,10629.221500000,10611.379000000,10611.369500000,0.000000000,17.842500000,35685,5.400000000,8.410825702,16.109229646,69.429813037,0.740457897,32.846579650,1.000000000
761,fixed_random_bfs,2784646269,512,21,491,205,2000,1985,10,0.500000000,10629.221500000,10581.419500000,10579.165500000,2.244500000,47.802000000,95604,23.150000000,8.410825702,21.147711232,92.677681355,1.148322147,43.131461839,1.000000000
762,fixed_random_bfs,4825414675,512,15,497,183,2000,1985,1,0.050000000,10629.221500000,10620.750500000,10620.492500000,0.248500000,8.471000000,16942,4.050000000,8.410825702,21.162842608,92.594069247,1.152273891,43.172451952,1.000000000
763,fixed_random_bfs,1518691614,512,18,494,188,2000,1985,0,0.000000000,10629.221500000,10625.985000000,10625.975500000,0.000000000,3.236500000,6473,0.950000000,8.410825702,16.792916778,72.725710594,0.833946299,34.246007222,1.000000000
764,fixed_random_bfs,6433259701,512,47,465,1014,2000,1985,2,0.100000000,10629.221500000,10618.191500000,10617.721500000,0.460500000,11.030000000,22060,3.750000000,8.410825702,16.124831520,69.681232193,0.818580135,32.877131591,1.000000000
765,fixed_random_bfs,11831690477,512,34,478,635,2000,1985,0,0.000000000,10629.221500000,10628.130500000,10628.121000000,0.000000000,1.091000000,2182,0.350000000,8.410825702,21.240502086,92.492762252,1.152286184,43.332269164,1.000000000
766,fixed_random_bfs,1198829487,512,23,489,328,2000,1985,5,0.250000000,10629.221500000,10613.244000000,10611.992000000,1.242500000,15.977500000,31955,6.000000000,8.410825702,21.387424807,93.410607553,1.163554654,43.624017841,1.000000000
767,fixed_random_bfs,5292005409,512,26,486,116,2000,1985,3,0.150000000,10629.221500000,10587.973500000,10587.776000000,0.188000000,41.248000000,82496,15.600000000,8.410825702,16.130378393,69.609079909,0.854342314,32.892097485,1.000000000
768,fixed_random_bfs,475406849,512,42,470,276,2000,1985,445,22.250000000,10629.221500000,10460.002500000,10397.004000000,62.989000000,169.219000000,338438,67.450000000,8.410825702,21.101494525,92.358802154,1.119323133,42.918987720,1.000000000
769,fixed_random_bfs,1145511353,512,43,469,493,2000,1985,9,0.450000000,10629.221500000,10594.061500000,10592.824500000,1.227500000,35.160000000,70320,12.500000000,8.410825702,16.147977272,69.889722797,0.719888786,32.926753262,1.000000000
770,fixed_random_bfs,292258111,512,34,478,188,2000,1985,0,0.000000000,10629.221500000,10619.363000000,10619.353500000,0.000000000,9.858500000,19717,10.650000000,8.410825702,16.144590880,69.562774403,0.835819348,32.924881159,1.000000000
771,fixed_random_bfs,1322214881,512,18,494,242,2000,1985,1,0.050000000,10629.221500000,10622.119000000,10621.863500000,0.246000000,7.102500000,14205,3.300000000,8.410825702,16.853152179,72.750227799,0.706873826,34.369564749,1.000000000
772,fixed_random_bfs,2282221533,512,37,475,425,2000,1985,55,2.750000000,10629.221500000,10507.345500000,10498.429000000,8.907000000,121.876000000,243752,47.950000000,8.410825702,21.082530101,92.003025297,1.004532823,42.995250334,1.000000000
773,fixed_random_bfs,114310832,512,32,480,85,2000,1985,0,0.000000000,10629.221500000,10572.646000000,10572.636500000,0.000000000,56.575500000,113151,27.650000000,8.410825702,21.284632828,92.453728844,1.156854103,43.419222535,1.000000000
774,fixed_random_bfs,4606475716,512,24,488,365,2000,1985,1,0.050000000,10629.221500000,10607.595500000,10607.343000000,0.243000000,21.626000000,43252,9.000000000,8.410825702,21.313706992,93.131645792,1.144357107,43.481612380,1.000000000
775,fixed_random_bfs,2232213879,512,20,492,123,2000,1985,0,0.000000000,10629.221500000,10589.969500000,10589.960000000,0.000000000,39.252000000,78504,11.250000000,8.410825702,21.320791780,93.187210242,1.113280683,43.494085618,1.000000000
776,fixed_random_bfs,275218856,512,16,496,211,2000,1985,1,0.050000000,10629.221500000,10626.459500000,10626.200000000,0.250000000,2.762000000,5524,1.050000000,8.410825702,15.885412923,68.491571642,0.698509717,32.387948457,1.000000000
777,fixed_random_bfs,3400529713,512,34,478,743,2000,1985,0,0.000000000,10629.221500000,10614.878000000,10614.868500000,0.000000000,14.343500000,28687,6.200000000,8.410825702,21.491233049,93.663668504,1.133787354,43.844823924,1.000000000
778,fixed_random_bfs,2232213885,512,25,487,224,2000,1985,0,0.000000000,10629.221500000,10590.419000000,10590.409500000,0.000000000,38.802500000,77605,11.500000000,8.410825702,21.200281002,92.419679357,1.161366084,43.248315620,1.000000000
779,fixed_random_bfs,13516647591,512,33,479,233,2000,1985,419,20.950000000,10629.221500000,10449.213500000,10404.663000000,44.541000000,180.008000000,360016,64.750000000,8.410825702,21.420705952,94.320249707,1.150037417,43.590089405,1.000000000
780,fixed_random_bfs,5765890566,512,24,488,156,2000,1985,1,0.050000000,10629.221500000,10617.699000000,10617.487000000,0.202500000,11.522500000,23045,6.750000000,8.410825702,17.785855898,75.166434854,1.132127243,36.272198325,1.000000000
781,fixed_random_bfs,8659874843,512,21,491,268,2000,1985,16,0.800000000,10629.221500000,10548.248500000,10545.187500000,3.051500000,80.973000000,161946,22.500000000,8.410825702,15.823941286,68.597930511,0.800205768,32.258041584,1.000000000
782,fixed_random_bfs,1551004747,512,23,489,383,2000,1985,0,0.000000000,10629.221500000,10625.445000000,10625.435500000,0.000000000,3.776500000,7553,1.550000000,8.410825702,15.948714070,68.905100406,0.708717486,32.519921227,1.000000000
783,fixed_random_bfs,428215629,512,29,483,241,2000,1985,73,3.650000000,10629.221500000,10578.183500000,10563.928000000,14.246000000,51.038000000,102076,17.800000000,8.410825702,15.906942040,68.782057459,0.710421280,32.401101295,1.000000000
784,fixed_random_bfs,11008899307,512,31,481,334,2000,1985,71,3.550000000,10629.221500000,10584.455500000,10572.257500000,12.188500000,44.766000000,89532,19.900000000,8.410825702,15.891618175,68.823433202,0.815946402,32.386195320,1.000000000
785,fixed_random_bfs,4695891006,512,22,490,219,2000,1985,0,0.000000000,10629.221500000,10616.940000000,10616.930500000,0.000000000,12.281500000,24563,5.250000000,8.410825702,16.031301685,69.067928000,0.712640177,32.689356456,1.000000000
786,fixed_random_bfs,3493882605,512,37,475,742,2000,1985,2,0.100000000,10629.221500000,10578.284000000,10577.819500000,0.455000000,50.937500000,101875,14.900000000,8.410825702,15.962416306,68.958708088,0.712862593,32.547795266,1.000000000
787,fixed_random_bfs,7156592708,512,35,477,663,2000,1985,1,0.050000000,10629.221500000,10622.509000000,10622.256500000,0.243000000,6.712500000,13425,2.050000000,8.410825702,16.007954052,69.127666450,0.709297628,32.638664973,1.000000000
788,fixed_random_bfs,1318771258,512,33,479,872,2000,1985,1,0.050000000,10629.221500000,10622.964500000,10622.711500000,0.243500000,6.257000000,12514,2.300000000,8.410825702,16.050538936,69.763574388,0.714830437,32.726793312,1.000000000
789,fixed_random_bfs,1322919516,512,34,478,774,2000,1985,0,0.000000000,10629.221500000,10611.779000000,10611.769500000,0.000000000,17.442500000,34885,5.150000000,8.410825702,16.055511325,69.547286907,0.721550480,32.737873479,1.000000000
790,fixed_random_bfs,278973431,512,26,486,511,2000,1985,0,0.000000000,10629.221500000,10625.365000000,10625.355500000,0.000000000,3.856500000,7713,1.400000000,8.410825702,16.078181279,69.079726651,0.835805908,32.784667473,1.000000000
791,fixed_random_bfs,11017063555,512,18,494,76,2000,1985,7,0.350000000,10629.221500000,10593.203500000,10591.911000000,1.283000000,36.018000000,72036,13.350000000,8.410825702,16.074741275,69.488378304,0.812152229,32.775443873,1.000000000
792,fixed_random_bfs,5581559348,512,26,486,509,2000,1985,1,0.050000000,10629.221500000,10606.236000000,10605.980000000,0.246500000,22.985500000,45971,9.250000000,8.410825702,16.122370571,69.662073605,0.827436322,32.873951342,1.000000000
793,fixed_random_bfs,11154572176,512,30,482,678,2000,1985,0,0.000000000,10629.221500000,10628.257000000,10628.247500000,0.000000000,0.964500000,1929,0.250000000,8.410825702,16.187141746,69.945421901,0.825719068,33.005404677,1.000000000
794,fixed_random_bfs,3170027311,512,26,486,555,2000,1985,1,0.050000000,10629.221500000,10606.294000000,10606.033500000,0.251000000,22.927500000,45855,10.550000000,8.410825702,16.111875642,69.416015408,0.811015834,32.854728976,1.000000000
795,fixed_random_bfs,12639073037,512,35,477,523,2000,1985,1,0.050000000,10629.221500000,10624.282000000,10624.053000000,0.219500000,4.939500000,9879,1.800000000,8.410825702,21.094509857,91.967037554,0.972570482,43.032094745,1.000000000
796,fixed_random_bfs,13119239813,512,40,472,485,2000,1985,69,3.450000000,10629.221500000,10535.507000000,10520.904000000,14.593500000,93.714500000,187429,35.550000000,8.410825702,16.085020834,69.295622755,0.734054211,32.785704076,1.000000000
797,fixed_random_bfs,25632411,512,45,467,468,2000,1985,153,7.650000000,10629.221500000,10451.677000000,10426.603500000,25.064000000,177.544500000,355089,67.700000000,8.410825702,16.108476287,70.226513545,0.818335483,32.820076882,1.000000000
798,fixed_random_bfs,1548084789,512,31,481,649,2000,1985,13,0.650000000,10629.221500000,10549.665000000,10546.786000000,2.869500000,79.556500000,159113,26.050000000,8.410825702,16.098551864,69.953994652,0.718230593,32.828506026,1.000000000
799,fixed_random_bfs,10297064330,512,24,488,239,2000,1985,0,0.000000000,10629.221500000,10617.085500000,10617.076000000,0.000000000,12.136000000,24272,4.550000000,8.410825702,15.975584759,68.605361456,0.827315495,32.575158491,1.000000000
800,fixed_random_bfs,1324687411,512,15,497,210,2000,1985,0,0.000000000,10629.221500000,10624.467500000,10624.458000000,0.000000000,4.754000000,9508,1.700000000,8.410825702,21.898494511,95.421511446,1.172938692,44.684723743,1.000000000
801,fixed_random_bfs,7498428533,512,30,482,432,2000,1985,11,0.550000000,10629.221500000,10553.705500000,10551.143000000,2.553000000,75.516000000,151032,22.250000000,8.410825702,21.029212485,91.744735109,1.120825275,42.887723313,1.000000000
802,fixed_random_bfs,3846227906,512,24,488,312,2000,1985,2,0.100000000,10629.221500000,10607.399000000,10606.907500000,0.482000000,21.822500000,43645,6.450000000,8.410825702,21.072388211,91.765912648,1.100722036,42.982879692,1.000000000
803,fixed_random_bfs,2466648916,512,31,481,630,2000,1985,0,0.000000000,10629.221500000,10621.272500000,10621.263000000,0.000000000,7.949000000,15898,2.800000000,8.410825702,21.097627233,91.807198039,1.162567291,43.040296707,1.000000000
804,fixed_random_bfs,4394134971,512,33,479,381,2000,1985,3,0.150000000,10629.221500000,10598.517000000,10598.138500000,0.369000000,30.704500000,61409,13.350000000,8.410825702,20.997173090,91.677581556,0.996588971,42.831053883,1.000000000
805,fixed_random_bfs,3740426821,512,22,490,265,2000,1985,5,0.250000000,10629.221500000,10591.498000000,10590.352500000,1.136000000,37.723500000,75447,10.650000000,8.410825702,21.081909123,92.157294456,1.125388607,43.001978014,1.000000000
806,fixed_random_bfs,12040100872,512,20,492,291,2000,1985,0,0.000000000,10629.221500000,10625.416500000,10625.407000000,0.000000000,3.805000000,7610,2.000000000,8.410825702,15.908872285,68.881604139,0.798752314,32.438405328,1.000000000
807,fixed_random_bfs,1437887622,512,36,476,542,2000,1985,0,0.000000000,10629.221500000,10611.561500000,10611.552000000,0.000000000,17.660000000,35320,4.650000000,8.410825702,21.137546538,92.802775747,1.164369510,43.119671233,1.000000000
808,fixed_random_bfs,715188303,512,30,482,234,2000,1985,0,0.000000000,10629.221500000,10618.032500000,10618.023000000,0.000000000,11.189000000,22378,10.350000000,8.410825702,21.221205131,92.499617707,1.129674650,43.291130057,1.000000000
809,fixed_random_bfs,1675107765,512,31,481,603,2000,1985,18,0.900000000,10629.221500000,10530.313500000,10525.987000000,4.317000000,98.908000000,197816,29.150000000,8.410825702,20.988683498,91.586856394,1.003998647,42.812510759,1.000000000
810,fixed_random_bfs,279907281,512,29,483,285,2000,1985,1,0.050000000,10629.221500000,10609.754500000,10609.579000000,0.166000000,19.467000000,38934,5.300000000,8.410825702,21.190009715,92.352207439,1.167837568,43.227010801,1.000000000
811,fixed_random_bfs,1461678986,512,41,471,973,2000,1985,34,1.700000000,10629.221500000,10561.315500000,10553.202000000,8.104000000,67.906000000,135812,31.200000000,8.410825702,21.155599603,91.898279297,1.185706652,43.144511483,1.000000000
812,fixed_random_bfs,7653822275,512,32,480,515,2000,1985,4,0.200000000,10629.221500000,10608.805000000,10607.853500000,0.942000000,20.416500000,40833,6.600000000,8.410825702,21.271877859,93.414023852,1.155122430,43.392775697,1.000000000
813,fixed_random_bfs,13393279357,512,23,489,230,2000,1985,0,0.000000000,10629.221500000,10625.623500000,10625.614000000,0.000000000,3.598000000,7196,1.100000000,8.410825702,21.282050451,92.453646750,1.126342201,43.417018603,1.000000000
814,fixed_random_bfs,8919835703,512,22,490,168,2000,1985,8,0.400000000,10629.221500000,10545.174000000,10543.796000000,1.368500000,84.047500000,168095,26.250000000,8.410825702,21.042335887,91.597199245,0.993112574,42.919202939,1.000000000
815,fixed_random_bfs,5586239785,512,30,482,320,2000,1985,1,0.050000000,10629.221500000,10603.778000000,10603.569000000,0.199500000,25.443500000,50887,8.700000000,8.410825702,21.290424067,92.873000949,0.984719648,43.431345985,1.000000000
816,fixed_random_bfs,1549671184,512,19,493,168,2000,1985,1,0.050000000,10629.221500000,10623.507500000,10623.254000000,0.244000000,5.714000000,11428,1.800000000,8.410825702,21.332222791,93.342193153,1.116197608,43.519773404,1.000000000
817,fixed_random_bfs,1219137783,512,41,471,883,2000,1985,0,0.000000000,10629.221500000,10616.574000000,10616.564500000,0.000000000,12.647500000,25295,4.500000000,8.410825702,15.922902792,68.688890606,0.848616425,32.467756120,1.000000000
818,fixed_random_bfs,112597546,512,42,470,132,2000,1985,11,0.550000000,10629.221500000,10569.797500000,10569.010000000,0.778000000,59.424000000,118848,39.900000000,8.410825702,21.371732438,92.736734205,1.142793923,43.591972325,1.000000000
819,fixed_random_bfs,114302693,512,37,475,303,2000,1985,2,0.100000000,10629.221500000,10606.964000000,10606.752500000,0.202000000,22.257500000,44515,16.400000000,8.410825702,15.897349761,68.787500040,0.814632216,32.414195439,1.000000000
820,fixed_random_bfs,1314136462,512,35,477,875,2000,1985,0,0.000000000,10629.221500000,10625.082500000,10625.073000000,0.000000000,4.139000000,8278,1.900000000,8.410825702,21.185905090,92.322629003,0.990245159,43.218592323,1.000000000
821,fixed_random_bfs,4537308581,512,26,486,321,2000,1985,0,0.000000000,10629.221500000,10625.000000000,10624.990500000,0.000000000,4.221500000,8443,1.450000000,8.410825702,15.933507295,68.415888906,0.821184169,32.489485461,1.000000000
822,fixed_random_bfs,5266786488,512,25,487,424,2000,1985,3,0.150000000,10629.221500000,10592.495000000,10591.977500000,0.508000000,36.726500000,73453,12.500000000,8.410825702,15.901523643,68.455355404,0.820034197,32.422859326,1.000000000
823,fixed_random_bfs,5633756861,512,22,490,131,2000,1985,1,0.050000000,10629.221500000,10604.695000000,10604.461500000,0.224000000,24.526500000,49053,7.850000000,8.410825702,21.666722325,93.918936341,1.165650610,44.193809851,1.000000000
824,fixed_random_bfs,5585491342,512,37,475,131,2000,1985,8,0.400000000,10629.221500000,10576.502500000,10575.498000000,0.995000000,52.719000000,105438,20.750000000,8.410825702,15.918150490,68.886634204,0.835086485,32.455633851,1.000000000
825,fixed_random_bfs,1903086177,512,27,485,471,2000,1985,1,0.050000000,10629.221500000,10612.512000000,10612.257000000,0.245500000,16.709500000,33419,6.850000000,8.410825702,16.032303622,68.858921656,0.827402508,32.691189439,1.000000000
826,fixed_random_bfs,11417071922,512,25,487,274,2000,1985,59,2.950000000,10629.221500000,10521.261500000,10513.141500000,8.110500000,107.960000000,215920,34.200000000,8.410825702,15.818679940,68.380365405,0.822028713,32.246874600,1.000000000
827,fixed_random_bfs,11005794986,512,43,469,547,2000,1985,33,1.650000000,10629.221500000,10546.120500000,10541.650000000,4.461000000,83.101000000,166202,31.300000000,8.410825702,15.914651711,68.604500060,0.815014028,32.443821226,1.000000000
828,fixed_random_bfs,1437887285,512,25,487,203,2000,1985,1,0.050000000,10629.221500000,10607.944000000,10607.701500000,0.233000000,21.277500000,42555,4.950000000,8.410825702,16.050322506,69.386498653,0.813523015,32.726519918,1.000000000
829,fixed_random_bfs,12129808857,512,27,485,428,2000,1985,1,0.050000000,10629.221500000,10609.810500000,10609.565000000,0.236000000,19.411000000,38822,4.750000000,8.410825702,16.031119740,69.159344252,0.834504708,32.688410497,1.000000000
830,fixed_random_bfs,449822831,512,24,488,283,2000,1985,0,0.000000000,10629.221500000,10624.937000000,10624.927500000,0.000000000,4.284500000,8569,1.300000000,8.410825702,16.061064407,69.211613641,0.707326663,32.749157614,1.000000000
831,fixed_random_bfs,1324807179,512,16,496,211,2000,1985,0,0.000000000,10629.221500000,10627.889000000,10627.879500000,0.000000000,1.332500000,2665,0.350000000,8.410825702,16.131945598,69.871563197,0.833936063,32.894942131,1.000000000
832,fixed_random_bfs,264119299,512,25,487,98,2000,1985,0,0.000000000,10629.221500000,10620.348500000,10620.339000000,0.000000000,8.873000000,17746,4.350000000,8.410825702,16.112428983,69.484349910,0.829656572,32.855210883,1.000000000
833,fixed_random_bfs,292622576,512,33,479,416,2000,1985,1,0.050000000,10629.221500000,10620.916000000,10620.722000000,0.184500000,8.305500000,16611,3.250000000,8.410825702,16.156373021,69.576710795,0.841141448,32.942904436,1.000000000
834,fixed_random_bfs,447881534,512,44,468,1236,2000,1985,62,3.100000000,10629.221500000,10563.544500000,10548.537000000,14.998000000,65.677000000,131354,25.100000000,8.410825702,16.085159188,69.801330090,0.836348886,32.786395741,1.000000000
835,fixed_random_bfs,1655912092,512,39,473,1128,2000,1985,0,0.000000000,10629.221500000,10618.155000000,10618.145500000,0.000000000,11.066500000,22133,4.800000000,8.410825702,16.176367940,69.924821351,0.843208470,32.987607056,1.000000000
836,fixed_random_bfs,11257718230,512,31,481,758,2000,1985,1,0.050000000,10629.221500000,10628.375000000,10628.112500000,0.253000000,0.846500000,1693,0.400000000,8.410825702,16.202561892,69.831999896,0.828237173,33.041318782,1.000000000
837,fixed_random_bfs,292782647,512,27,485,271,2000,1985,0,0.000000000,10629.221500000,10617.382000000,10617.372500000,0.000000000,11.839500000,23679,3.500000000,8.410825702,16.213305418,70.086947358,0.814614533,33.063890765,1.000000000
838,fixed_random_bfs,11833447370,512,38,474,589,2000,1985,2,0.100000000,10629.221500000,10627.609500000,10627.141000000,0.459000000,1.612000000,3224,0.550000000,8.410825702,16.040865996,69.092695147,0.701459732,32.703160162,1.000000000
839,fixed_random_bfs,1147306138,512,31,481,392,2000,1985,5,0.250000000,10629.221500000,10603.758000000,10602.551000000,1.197500000,25.463500000,50927,8.000000000,8.410825702,15.866549739,68.766538242,0.800366164,32.350167356,1.000000000
840,fixed_random_bfs,4381481583,512,44,468,1038,2000,1985,5,0.250000000,10629.221500000,10601.259500000,10600.055000000,1.195000000,27.962000000,55924,10.000000000,8.410825702,21.054618804,92.469660263,1.115738430,42.947865647,1.000000000
841,fixed_random_bfs,12463880303,512,30,482,562,2000,1985,1,0.050000000,10629.221500000,10613.195500000,10612.965000000,0.221000000,16.026000000,32052,4.950000000,8.410825702,21.135493731,92.657825998,1.134201123,43.112890640,1.000000000
842,fixed_random_bfs,3913816559,512,22,490,381,2000,1985,0,0.000000000,10629.221500000,10616.405500000,10616.396000000,0.000000000,12.816000000,25632,3.250000000,8.410825702,21.160685546,92.730482743,1.140156974,43.163056160,1.000000000
843,fixed_random_bfs,1112072862,512,44,468,474,2000,1985,1,0.050000000,10629.221500000,10599.537500000,10599.381000000,0.147000000,29.684000000,59368,14.450000000,8.410825702,21.956814063,95.578246695,1.181376243,44.801012757,1.000000000
844,fixed_random_bfs,11936646789,512,16,496,211,2000,1985,1,0.050000000,10629.221500000,10627.673000000,10627.414000000,0.249500000,1.548500000,3097,0.500000000,8.410825702,15.911559376,68.819774601,0.708793643,32.442822637,1.000000000
845,fixed_random_bfs,1143946275,512,23,489,440,2000,1985,5,0.250000000,10629.221500000,10598.784500000,10597.502000000,1.273000000,30.437000000,60874,10.850000000,8.410825702,20.954889268,91.973039804,1.128994531,42.742886017,1.000000000
846,fixed_random_bfs,9883811750,512,33,479,250,2000,1985,8,0.400000000,10629.221500000,10603.603500000,10602.133000000,1.461000000,25.618000000,51236,7.400000000,8.410825702,21.077937863,92.023058303,0.999865908,42.988729132,1.000000000
847,fixed_random_bfs,10932612995,512,38,474,479,2000,1985,47,2.350000000,10629.221500000,10521.655500000,10512.271500000,9.374500000,107.566000000,215132,43.700000000,8.410825702,20.961807722,91.887730997,1.124015555,42.749212996,1.000000000
848,fixed_random_bfs,12458783089,512,37,475,295,2000,1985,260,13.000000000,10629.221500000,10442.303000000,10401.694000000,40.599500000,186.918500000,373837,68.700000000,8.410825702,21.007845221,91.618746390,1.012636942,42.776929777,1.000000000
849,fixed_random_bfs,8257651160,512,31,481,259,2000,1985,4,0.200000000,10629.221500000,10581.506000000,10581.062500000,0.434000000,47.715500000,95431,15.700000000,8.410825702,21.103650441,92.153977451,1.126831218,43.048135187,1.000000000
850,fixed_random_bfs,12690765088,512,22,490,205,2000,1985,16,0.800000000,10629.221500000,10562.953000000,10559.157500000,3.786000000,66.268500000,132537,23.550000000,8.410825702,15.812231360,68.515479058,0.833755678,32.232506905,1.000000000
851,fixed_random_bfs,3501923212,512,32,480,901,2000,1985,0,0.000000000,10629.221500000,10622.977000000,10622.967500000,0.000000000,6.244500000,12489,1.950000000,8.410825702,21.240627428,93.022323705,0.979170040,43.331011717,1.000000000
852,fixed_random_bfs,13039633114,512,22,490,312,2000,1985,0,0.000000000,10629.221500000,10623.782000000,10623.772500000,0.000000000,5.439500000,10879,1.600000000,8.410825702,21.251594069,92.421831595,1.012525728,43.355083783,1.000000000
853,fixed_random_bfs,5320445284,512,41,471,1028,2000,1985,7,0.350000000,10629.221500000,10582.384000000,10580.981000000,1.393500000,46.837500000,93675,15.100000000,8.410825702,21.200448500,92.546148300,1.176635415,43.242912231,1.000000000
854,fixed_random_bfs,9404564813,512,34,478,845,2000,1985,0,0.000000000,10629.221500000,10624.255500000,10624.246000000,0.000000000,4.966000000,9932,1.550000000,8.410825702,15.908558900,68.491596095,0.835156045,32.439572013,1.000000000
855,fixed_random_bfs,1837851119,512,21,491,131,2000,1985,5,0.250000000,10629.221500000,10582.845500000,10581.955500000,0.880500000,46.376000000,92752,13.750000000,8.410825702,15.861637710,68.528325103,0.847146522,32.338139372,1.000000000
856,fixed_random_bfs,7900232381,512,33,479,736,2000,1985,1,0.050000000,10629.221500000,10617.511500000,10617.252000000,0.250000000,11.710000000,23420,3.850000000,8.410825702,21.240796769,92.602376639,0.987577544,43.329434698,1.000000000
857,fixed_random_bfs,11896721770,512,32,480,565,2000,1985,0,0.000000000,10629.221500000,10589.788500000,10589.779000000,0.000000000,39.433000000,78866,11.150000000,8.410825702,15.915037486,68.512848896,0.723779020,32.452399931,1.000000000
858,fixed_random_bfs,4728190685,512,28,484,359,2000,1985,21,1.050000000,10629.221500000,10564.098500000,10559.959000000,4.130000000,65.123000000,130246,19.450000000,8.410825702,21.215651960,92.649364549,1.161774480,43.262586465,1.000000000
859,fixed_random_bfs,12638692526,512,29,483,308,2000,1985,0,0.000000000,10629.221500000,10622.502500000,10622.493000000,0.000000000,6.719000000,13438,2.050000000,8.410825702,21.418341392,93.218912200,1.136485640,43.694302762,1.000000000
860,fixed_random_bfs,12132394132,512,24,488,463,2000,1985,1,0.050000000,10629.221500000,10622.123000000,10621.864000000,0.249500000,7.098500000,14197,2.400000000,8.410825702,21.390252547,93.659001395,1.121447385,43.633929027,1.000000000
861,fixed_random_bfs,1966612840,512,30,482,355,2000,1985,2,0.100000000,10629.221500000,10611.658000000,10611.261500000,0.387000000,17.563500000,35127,8.200000000,8.410825702,15.980004324,69.035011257,0.716928345,32.583528119,1.000000000
862,fixed_random_bfs,1322954757,512,23,489,462,2000,1985,2,0.100000000,10629.221500000,10616.557000000,10616.035500000,0.512000000,12.664500000,25329,3.300000000,8.410825702,15.939356217,68.968171351,0.839866629,32.501666218,1.000000000
863,fixed_random_bfs,8555307283,512,18,494,306,2000,1985,0,0.000000000,10629.221500000,10621.214500000,10621.205000000,0.000000000,8.007000000,16014,2.650000000,8.410825702,15.965487720,68.850404442,0.827890539,32.552756461,1.000000000
864,fixed_random_bfs,13031431212,512,24,488,347,2000,1985,0,0.000000000,10629.221500000,10623.732500000,10623.723000000,0.000000000,5.489000000,10978,1.750000000,8.410825702,21.367041697,93.232723699,1.142168894,43.592295211,1.000000000
865,fixed_random_bfs,429378632,512,44,468,451,2000,1985,21,1.050000000,10629.221500000,10564.661000000,10561.187000000,3.464500000,64.560500000,129121,26.850000000,8.410825702,15.986939421,69.010004796,0.829381402,32.582722483,1.000000000
866,fixed_random_bfs,9865271412,512,30,482,480,2000,1985,7,0.350000000,10629.221500000,10593.611000000,10592.175500000,1.426000000,35.610500000,71221,13.850000000,8.410825702,15.965597917,68.894758109,0.719203973,32.554332065,1.000000000
867,fixed_random_bfs,4068484730,512,29,483,383,2000,1985,1,0.050000000,10629.221500000,10594.502000000,10594.480500000,0.012000000,34.719500000,69439,11.250000000,8.410825702,16.028005741,69.386505700,0.803300315,32.679536893,1.000000000
868,fixed_random_bfs,1131291436,512,45,467,650,2000,1985,5,0.250000000,10629.221500000,10594.300000000,10593.669500000,0.621000000,34.921500000,69843,15.050000000,8.410825702,21.442721538,93.432031102,1.187938829,43.744148573,1.000000000
869,fixed_random_bfs,5270196748,512,30,482,476,2000,1985,2,0.100000000,10629.221500000,10611.015000000,10610.905500000,0.100000000,18.206500000,36413,6.100000000,8.410825702,16.045636088,68.861517191,0.854276464,32.718313035,1.000000000
870,fixed_random_bfs,1436602734,512,33,479,815,2000,1985,1,0.050000000,10629.221500000,10614.850500000,10614.590500000,0.250500000,14.371000000,28742,5.550000000,8.410825702,16.118269746,69.948710188,0.725651822,32.862134954,1.000000000
871,fixed_random_bfs,6445057281,512,23,489,294,2000,1985,1,0.050000000,10629.221500000,10613.018000000,10612.764500000,0.244000000,16.203500000,32407,5.750000000,8.410825702,21.226523216,92.988269549,1.135918721,43.297356335,1.000000000
872,fixed_random_bfs,3161672645,512,21,491,326,2000,1985,0,0.000000000,10629.221500000,10620.543500000,10620.534000000,0.000000000,8.678000000,17356,2.550000000,8.410825702,16.084269655,69.562291194,0.715421113,32.799127491,1.000000000
873,fixed_random_bfs,5971114325,512,33,479,318,2000,1985,3,0.150000000,10629.221500000,10594.028500000,10593.420000000,0.599000000,35.193000000,70386,11.150000000,8.410825702,16.024269212,69.225434210,0.703710138,32.676826730,1.000000000
874,fixed_random_bfs,1549680326,512,22,490,401,2000,1985,1,0.050000000,10629.221500000,10623.728500000,10623.472000000,0.247000000,5.493000000,10986,2.100000000,8.410825702,16.162313563,69.739250893,0.855105084,32.959888102,1.000000000
875,fixed_random_bfs,10916713071,512,45,467,248,2000,1985,101,5.050000000,10629.221500000,10502.762500000,10490.835000000,11.918000000,126.459000000,252918,48.500000000,8.410825702,16.030905969,69.532621094,0.848086781,32.666232193,1.000000000
876,fixed_random_bfs,3707362006,512,40,472,403,2000,1985,4,0.200000000,10629.221500000,10592.685500000,10592.237500000,0.438500000,36.536000000,73072,19.450000000,8.410825702,21.563395938,94.533463207,0.998904593,43.986286811,1.000000000
877,fixed_random_bfs,3230560343,512,46,466,775,2000,1985,5,0.250000000,10629.221500000,10610.151500000,10609.156500000,0.985500000,19.070000000,38140,10.250000000,8.410825702,16.189126836,69.790387557,0.837028904,33.012647013,1.000000000
878,fixed_random_bfs,4734724202,512,30,482,593,2000,1985,9,0.450000000,10629.221500000,10539.819000000,10537.697000000,2.112500000,89.402500000,178805,24.750000000,8.410825702,16.196941407,69.609821402,0.800097413,33.025395797,1.000000000
879,fixed_random_bfs,5297848076,512,45,467,295,2000,1985,9,0.450000000,10629.221500000,10563.755500000,10562.872500000,0.873500000,65.466000000,130932,30.050000000,8.410825702,15.835536256,68.254646360,0.820559635,32.281454164,1.000000000
880,fixed_random_bfs,1549690840,512,34,478,766,2000,1985,1,0.050000000,10629.221500000,10621.515500000,10621.275000000,0.231000000,7.706000000,15412,3.150000000,8.410825702,16.036204835,70.017263990,0.825411152,32.693634949,1.000000000
881,fixed_random_bfs,8659343069,512,32,480,659,2000,1985,5,0.250000000,10629.221500000,10597.302500000,10596.436000000,0.857000000,31.919000000,63838,11.150000000,8.410825702,15.943061262,69.192365857,0.710921944,32.504887608,1.000000000
882,fixed_random_bfs,13945734220,512,24,488,507,2000,1985,1,0.050000000,10629.221500000,10606.875500000,10606.610500000,0.255500000,22.346000000,44692,5.200000000,8.410825702,21.044063695,91.410358900,1.128531857,42.928941253,1.000000000
883,fixed_random_bfs,4751755849,512,45,467,666,2000,1985,31,1.550000000,10629.221500000,10547.547500000,10542.248000000,5.290000000,81.674000000,163348,41.350000000,8.410825702,15.816961541,68.372565156,0.717282207,32.247319974,1.000000000
884,fixed_random_bfs,773790354,512,42,470,326,2000,1985,6,0.300000000,10629.221500000,10575.214500000,10574.532500000,0.672500000,54.007000000,108014,25.350000000,8.410825702,15.870748092,68.658366299,0.829253676,32.358522551,1.000000000
885,fixed_random_bfs,4677584345,512,24,488,209,2000,1985,5,0.250000000,10629.221500000,10575.772500000,10574.888000000,0.875000000,53.449000000,106898,20.550000000,8.410825702,15.904355750,68.946319208,0.822950011,32.428611948,1.000000000
886,fixed_random_bfs,6094371962,512,33,479,250,2000,1985,14,0.700000000,10629.221500000,10596.196000000,10594.035000000,2.151500000,33.025500000,66051,10.350000000,8.410825702,21.122774867,91.903331198,1.147643233,43.073113584,1.000000000
887,fixed_random_bfs,410769901,512,47,465,1064,2000,1985,10,0.500000000,10629.221500000,10541.523500000,10539.614500000,1.899500000,87.698000000,175396,25.700000000,8.410825702,15.923786139,68.783941854,0.807350451,32.463097953,1.000000000
888,fixed_random_bfs,1142608112,512,25,487,237,2000,1985,36,1.800000000,10629.221500000,10535.034500000,10527.211000000,7.814000000,94.187000000,188374,42.650000000,8.410825702,15.855080531,68.806976594,0.716134697,32.323685663,1.000000000
889,fixed_random_bfs,6445420364,512,41,471,404,2000,1985,11,0.550000000,10629.221500000,10581.093500000,10579.508500000,1.575500000,48.128000000,96256,18.850000000,8.410825702,20.987715770,92.285632900,1.135638504,42.809790870,1.000000000
890,fixed_random_bfs,1838982445,512,23,489,232,2000,1985,4,0.200000000,10629.221500000,10609.951500000,10609.008000000,0.934000000,19.270000000,38540,5.800000000,8.410825702,15.965440592,68.974762952,0.704454518,32.546261737,1.000000000
891,fixed_random_bfs,2245786951,512,32,480,208,2000,1985,508,25.400000000,10629.221500000,10463.390000000,10392.801000000,70.579500000,165.831500000,331663,67.300000000,8.410825702,20.900474007,91.532306950,1.150521014,42.496449903,1.000000000
892,fixed_random_bfs,5378037839,512,30,482,321,2000,1985,8,0.400000000,10629.221500000,10540.106500000,10538.296500000,1.800500000,89.115000000,178230,32.250000000,8.410825702,20.986400944,91.705840446,1.150439054,42.805900986,1.000000000
893,fixed_random_bfs,7831959935,512,34,478,203,2000,1985,11,0.550000000,10629.221500000,10599.595500000,10597.934000000,1.652000000,29.626000000,59252,8.900000000,8.410825702,21.122408333,92.124412042,1.001200601,43.074355520,1.000000000
894,fixed_random_bfs,1394102822,512,21,491,362,2000,1985,1,0.050000000,10629.221500000,10603.322500000,10603.057000000,0.256000000,25.899000000,51798,7.200000000,8.410825702,16.000001614,69.066606053,0.854143488,32.624074095,1.000000000
895,fixed_random_bfs,1244598152,512,36,476,637,2000,1985,6,0.300000000,10629.221500000,10582.019500000,10580.587000000,1.423000000,47.202000000,94404,17.450000000,8.410825702,21.774329133,95.034344489,1.190504416,44.424750769,1.000000000
896,fixed_random_bfs,4486828378,512,34,478,121,2000,1985,33,1.650000000,10629.221500000,10559.798500000,10559.163000000,0.626000000,69.423000000,138846,33.750000000,8.410825702,15.894001192,68.765648597,0.812782680,32.403754695,1.000000000
897,fixed_random_bfs,13378565840,512,44,468,457,2000,1985,52,2.600000000,10629.221500000,10514.572000000,10505.609500000,8.953000000,114.649500000,229299,44.800000000,8.410825702,15.919549969,68.854938251,0.815127867,32.448324894,1.000000000
898,fixed_random_bfs,8001461078,512,24,488,248,2000,1985,0,0.000000000,10629.221500000,10622.311500000,10622.302000000,0.000000000,6.910000000,13820,2.300000000,8.410825702,21.191057510,92.483029750,1.134287408,43.227528983,1.000000000
899,fixed_random_bfs,1147306132,512,25,487,297,2000,1985,3,0.150000000,10629.221500000,10598.455000000,10597.737500000,0.708000000,30.766500000,61533,9.850000000,8.410825702,21.139871593,92.221111647,1.149112217,43.124228797,1.000000000
900,fixed_random_bfs,1159958421,512,15,497,183,2000,1985,0,0.000000000,10629.221500000,10627.945500000,10627.936000000,0.000000000,1.276000000,2552,0.800000000,8.410825702,21.238242843,92.704551745,1.122840876,43.326928205,1.000000000
901,fixed_random_bfs,11406500448,512,37,475,399,2000,1985,6,0.300000000,10629.221500000,10583.344500000,10582.107000000,1.228000000,45.877000000,91754,18.500000000,8.410825702,15.999632673,68.670428555,0.725996412,32.624824627,1.000000000
902,fixed_random_bfs,12906096070,512,25,487,308,2000,1985,2,0.100000000,10629.221500000,10613.222000000,10612.765500000,0.447000000,15.999500000,31999,5.400000000,8.410825702,16.130672592,69.778576089,0.808905898,32.890627906,1.000000000
903,fixed_random_bfs,5849890923,512,31,481,430,2000,1985,54,2.700000000,10629.221500000,10512.814500000,10499.876500000,12.928500000,116.407000000,232814,41.450000000,8.410825702,21.078624125,92.229918005,1.155452771,42.979737095,1.000000000
904,fixed_random_bfs,3092784197,512,51,461,529,2000,1985,12,0.600000000,10629.221500000,10575.544500000,10574.320500000,1.214500000,53.677000000,107354,32.850000000,8.410825702,21.183271731,92.629867455,1.015461778,43.205918348,1.000000000
905,fixed_random_bfs,7498191980,512,23,489,155,2000,1985,13,0.650000000,10629.221500000,10529.890000000,10527.741500000,2.139000000,99.331500000,198663,28.600000000,8.410825702,15.949200227,69.366479652,0.819881051,32.517055455,1.000000000
906,fixed_random_bfs,1643292881,512,45,467,760,2000,1985,9,0.450000000,10629.221500000,10591.020500000,10589.376500000,1.634500000,38.201000000,76402,13.650000000,8.410825702,16.096079570,69.151507949,0.818384979,32.818194971,1.000000000
907,fixed_random_bfs,12419480314,512,27,485,651,2000,1985,0,0.000000000,10629.221500000,10628.199000000,10628.189500000,0.000000000,1.022500000,2045,0.750000000,8.410825702,21.281986286,92.499033248,1.135276039,43.415217843,1.000000000
908,fixed_random_bfs,1395625974,512,30,482,494,2000,1985,7,0.350000000,10629.221500000,10600.618000000,10599.122000000,1.486500000,28.603500000,57207,8.800000000,8.410825702,16.122022247,69.838060307,0.731276729,32.875373933,1.000000000
909,fixed_random_bfs,3521762226,512,33,479,182,2000,1985,0,0.000000000,10629.221500000,10589.389000000,10589.379500000,0.000000000,39.832500000,79665,28.500000000,8.410825702,16.173155042,70.031947748,0.720917744,32.978808114,1.000000000
910,fixed_random_bfs,4737169830,512,45,467,829,2000,1985,32,1.600000000,10629.221500000,10561.223000000,10554.528500000,6.685000000,67.998500000,135997,26.400000000,8.410825702,21.177055102,92.413815558,1.174290926,43.184366206,1.000000000
911,fixed_random_bfs,1788787231,512,36,476,532,2000,1985,35,1.750000000,10629.221500000,10538.352500000,10530.611000000,7.732000000,90.869000000,181738,30.300000000,8.410825702,21.143370667,91.944265544,1.181033974,43.112602102,1.000000000
912,fixed_random_bfs,12463859694,512,28,484,537,2000,1985,1,0.050000000,10629.221500000,10612.256000000,10612.019500000,0.227000000,16.965500000,33931,5.200000000,8.410825702,16.171103767,70.254660751,0.855462686,32.977592551,1.000000000
913,fixed_random_bfs,6394782018,512,32,480,436,2000,1985,1,0.050000000,10629.221500000,10608.679500000,10608.445000000,0.225000000,20.542000000,41084,5.000000000,8.410825702,16.174365467,70.147500503,0.830360403,32.983377097,1.000000000
914,fixed_random_bfs,13376322143,512,28,484,603,2000,1985,2,0.100000000,10629.221500000,10622.940500000,10622.423000000,0.508000000,6.281000000,12562,2.000000000,8.410825702,21.309764771,93.395379503,1.135467205,43.470804993,1.000000000
915,fixed_random_bfs,4749945337,512,34,478,430,2000,1985,77,3.850000000,10629.221500000,10492.964500000,10475.840500000,17.114500000,136.257000000,272514,56.450000000,8.410825702,21.236030840,93.797114604,0.988286228,43.302879706,1.000000000
916,fixed_random_bfs,11279436671,512,37,475,510,2000,1985,4,0.200000000,10629.221500000,10616.192500000,10615.253500000,0.929500000,13.029000000,26058,4.700000000,8.410825702,15.913019439,68.703683343,0.704347652,32.442334944,1.000000000
917,fixed_random_bfs,1142607646,512,33,479,470,2000,1985,94,4.700000000,10629.221500000,10517.503500000,10510.028000000,7.466000000,111.718000000,223436,56.950000000,8.410825702,21.302052696,93.524077204,1.008619309,43.422319745,1.000000000
918,fixed_random_bfs,1587075545,512,16,496,197,2000,1985,0,0.000000000,10629.221500000,10625.956500000,10625.947000000,0.000000000,3.265000000,6530,1.050000000,8.410825702,21.246827755,92.245644340,0.973696929,43.340908034,1.000000000
919,fixed_random_bfs,7858689630,512,25,487,335,2000,1985,2,0.100000000,10629.221500000,10603.269000000,10602.780500000,0.479000000,25.952500000,51905,10.450000000,8.410825702,21.559062529,94.623680702,1.151191261,43.980461804,1.000000000
920,fixed_random_bfs,1110698257,512,43,469,408,2000,1985,145,7.250000000,10629.221500000,10453.464500000,10429.257500000,24.197500000,175.757000000,351514,71.000000000,8.410825702,15.799832250,68.399971043,0.837361525,32.192221743,1.000000000
921,fixed_random_bfs,12049191027,512,23,489,294,2000,1985,0,0.000000000,10629.221500000,10619.604500000,10619.595000000,0.000000000,9.617000000,19234,3.100000000,8.410825702,15.979108705,69.502541504,0.807876908,32.580074648,1.000000000
922,fixed_random_bfs,64661182,512,26,486,330,2000,1985,1,0.050000000,10629.221500000,10602.316000000,10602.074000000,0.232500000,26.905500000,53811,8.950000000,8.410825702,15.882909414,68.426510096,0.818559632,32.384798108,1.000000000
923,fixed_random_bfs,8265521251,512,35,477,308,2000,1985,109,5.450000000,10629.221500000,10495.547500000,10480.043500000,15.494500000,133.674000000,267348,48.700000000,8.410825702,15.789385552,68.723382150,0.700622479,32.173374141,1.000000000
924,fixed_random_bfs,1242078973,512,31,481,471,2000,1985,0,0.000000000,10629.221500000,10610.281000000,10610.271500000,0.000000000,18.940500000,37881,5.550000000,8.410825702,15.973472333,69.116298001,0.701837213,32.573122670,1.000000000
925,fixed_random_bfs,293057012,512,36,476,342,2000,1985,3,0.150000000,10629.221500000,10608.059500000,10607.680000000,0.370000000,21.162000000,42324,14.200000000,8.410825702,15.977546268,69.039355747,0.833297923,32.578101345,1.000000000
926,fixed_random_bfs,1322957169,512,26,486,231,2000,1985,0,0.000000000,10629.221500000,10607.605000000,10607.595500000,0.000000000,21.616500000,43233,8.150000000,8.410825702,16.009886387,69.439162740,0.816348434,32.646332445,1.000000000
927,fixed_random_bfs,1188391411,512,33,479,818,2000,1985,0,0.000000000,10629.221500000,10626.370000000,10626.360500000,0.000000000,2.851500000,5703,0.850000000,8.410825702,16.009358861,69.261231001,0.818117563,32.642020293,1.000000000
928,fixed_random_bfs,5291849612,512,45,467,458,2000,1985,70,3.500000000,10629.221500000,10496.682000000,10486.347000000,10.325500000,132.539500000,265079,53.450000000,8.410825702,15.947052913,69.172376195,0.725844636,32.506924399,1.000000000
929,fixed_random_bfs,1262329045,512,32,480,873,2000,1985,3,0.150000000,10629.221500000,10620.079000000,10619.324000000,0.745500000,9.142500000,18285,3.650000000,8.410825702,16.046533880,69.188336605,0.824519193,32.718039262,1.000000000
930,fixed_random_bfs,8890136755,512,42,470,749,2000,1985,37,1.850000000,10629.221500000,10547.814000000,10542.510000000,5.294500000,81.407500000,162815,30.050000000,8.410825702,15.983856071,69.030917302,0.826809163,32.584414122,1.000000000
931,fixed_random_bfs,1518685022,512,24,488,403,2000,1985,1,0.050000000,10629.221500000,10625.872500000,10625.618000000,0.245000000,3.349000000,6698,1.000000000,8.410825702,16.101254065,69.213117750,0.829349011,32.830780871,1.000000000
932,fixed_random_bfs,6697074706,512,43,469,315,2000,1985,2,0.100000000,10629.221500000,10595.603000000,10595.305000000,0.288500000,33.618500000,67237,13.150000000,8.410825702,16.109241228,69.822137053,0.818130403,32.848643517,1.000000000
933,fixed_random_bfs,12776717261,512,47,465,1070,2000,1985,4,0.200000000,10629.221500000,10610.277000000,10609.583000000,0.684500000,18.944500000,37889,7.300000000,8.410825702,21.117872791,92.099993493,0.974838526,43.077074635,1.000000000
934,fixed_random_bfs,475329138,512,43,469,720,2000,1985,64,3.200000000,10629.221500000,10504.637000000,10491.656000000,12.971500000,124.584500000,249169,53.500000000,8.410825702,16.008166352,69.233798887,0.830378859,32.634569954,1.000000000
935,fixed_random_bfs,12069714736,512,37,475,518,2000,1985,2,0.100000000,10629.221500000,10601.053000000,10600.589500000,0.454000000,28.168500000,56337,8.400000000,8.410825702,16.114112556,69.494819608,0.812595736,32.858671534,1.000000000
936,fixed_random_bfs,4762400327,512,30,482,654,2000,1985,3,0.150000000,10629.221500000,10610.884500000,10610.370000000,0.505000000,18.337000000,36674,8.000000000,8.410825702,16.144114413,69.628407742,0.843593300,32.920786893,1.000000000
937,fixed_random_bfs,3679309068,512,26,486,251,2000,1985,4,0.200000000,10629.221500000,10616.363000000,10615.535000000,0.818500000,12.858500000,25717,6.050000000,8.410825702,16.239301121,70.024543558,0.828799537,33.112217260,1.000000000
938,fixed_random_bfs,11105950341,512,44,468,598,2000,1985,38,1.900000000,10629.221500000,10547.136500000,10540.900500000,6.226500000,82.085000000,164170,41.050000000,8.410825702,21.080263781,91.947875591,0.997698776,42.990225225,1.000000000
939,fixed_random_bfs,3383715849,512,14,498,182,2000,1985,1,0.050000000,10629.221500000,10628.463500000,10628.198000000,0.256000000,0.758000000,1516,0.250000000,8.410825702,21.090884988,91.789591254,0.980935904,43.021749417,1.000000000
940,fixed_random_bfs,10248267813,512,42,470,452,2000,1985,9,0.450000000,10629.221500000,10594.959500000,10593.889000000,1.061000000,34.262000000,68524,12.350000000,8.410825702,16.189405467,70.167619147,0.735066748,33.011628642,1.000000000
941,fixed_random_bfs,1437887418,512,22,490,233,2000,1985,2,0.100000000,10629.221500000,10606.937500000,10606.431000000,0.497000000,22.284000000,44568,5.000000000,8.410825702,16.201419343,70.303726539,0.841965918,33.037832027,1.000000000
942,fixed_random_bfs,292959075,512,23,489,364,2000,1985,0,0.000000000,10629.221500000,10614.775000000,10614.765500000,0.000000000,14.446500000,28893,4.550000000,8.410825702,21.042852957,91.931962251,1.161357476,42.927483651,1.000000000
943,fixed_random_bfs,1728073142,512,22,490,201,2000,1985,2,0.100000000,10629.221500000,10618.996500000,10618.533500000,0.453500000,10.225000000,20450,6.400000000,8.410825702,21.106811246,92.084048000,1.145555040,43.059414997,1.000000000
944,fixed_random_bfs,12488286638,512,34,478,401,2000,1985,1,0.050000000,10629.221500000,10620.902500000,10620.708500000,0.184500000,8.319000000,16638,3.400000000,8.410825702,21.178646818,92.370077738,1.118664612,43.200671348,1.000000000
945,fixed_random_bfs,13381837127,512,36,476,1123,2000,1985,2,0.100000000,10629.221500000,10605.821500000,10605.303000000,0.509000000,23.400000000,46800,8.150000000,8.410825702,15.882082159,68.373664603,0.809260381,32.382684596,1.000000000
946,fixed_random_bfs,4720499686,512,30,482,493,2000,1985,18,0.900000000,10629.221500000,10560.236000000,10556.024500000,4.202000000,68.985500000,137971,21.950000000,8.410825702,21.875136889,96.041285347,1.049890616,44.625867909,1.000000000
947,fixed_random_bfs,1233599764,512,26,486,445,2000,1985,5,0.250000000,10629.221500000,10581.619500000,10580.372500000,1.237500000,47.602000000,95204,16.350000000,8.410825702,21.093436310,91.488732904,1.158080822,43.026813287,1.000000000
948,fixed_random_bfs,3166562626,512,46,466,438,2000,1985,19,0.950000000,10629.221500000,10572.172500000,10569.557000000,2.606000000,57.049000000,114098,21.450000000,8.410825702,21.136870858,92.411048652,1.162300991,43.100814165,1.000000000
949,fixed_random_bfs,3740436969,512,31,481,471,2000,1985,16,0.800000000,10629.221500000,10594.094000000,10590.610500000,3.474000000,35.127500000,70255,10.700000000,8.410825702,21.140900808,91.961317957,1.141471538,43.121530766,1.000000000
950,fixed_random_bfs,7927013125,512,40,472,770,2000,1985,1,0.050000000,10629.221500000,10625.415000000,10625.171000000,0.234500000,3.806500000,7613,0.950000000,8.410825702,21.275214384,93.225855643,1.184833768,43.398316275,1.000000000
951,fixed_random_bfs,1290243442,512,42,470,386,2000,1985,35,1.750000000,10629.221500000,10528.715500000,10523.537500000,5.168500000,100.506000000,201012,38.650000000,8.410825702,21.078777364,92.354417707,1.125226861,42.983230664,1.000000000
952,fixed_random_bfs,9865496603,512,32,480,633,2000,1985,3,0.150000000,10629.221500000,10615.634500000,10614.891500000,0.733500000,13.587000000,27174,5.350000000,8.410825702,21.235759744,92.837106900,1.152402206,43.314036699,1.000000000
953,fixed_random_bfs,2085344085,512,23,489,148,2000,1985,8,0.400000000,10629.221500000,10593.367000000,10592.063500000,1.294000000,35.854500000,71709,11.700000000,8.410825702,21.186873762,92.846102660,1.003337719,43.217635386,1.000000000
954,fixed_random_bfs,1132441865,512,32,480,510,2000,1985,1,0.050000000,10629.221500000,10602.344500000,10602.127500000,0.207500000,26.877000000,53754,12.300000000,8.410825702,21.259296541,93.074581450,1.158250488,43.366105947,1.000000000
955,fixed_random_bfs,280251044,512,34,478,589,2000,1985,0,0.000000000,10629.221500000,10607.009000000,10606.999500000,0.000000000,22.212500000,44425,8.500000000,8.410825702,21.327820062,92.926727159,1.158088955,43.509197925,1.000000000
956,fixed_random_bfs,5051671034,512,26,486,625,2000,1985,1,0.050000000,10629.221500000,10611.126500000,10610.861000000,0.256000000,18.095000000,36190,6.200000000,8.410825702,15.916990770,68.695933797,0.713378379,32.456365283,1.000000000
957,fixed_random_bfs,1670512006,512,36,476,1028,2000,1985,11,0.550000000,10629.221500000,10592.935500000,10590.190500000,2.735500000,36.286000000,72572,14.400000000,8.410825702,21.357665477,93.073673044,1.118720823,43.566639016,1.000000000
958,fixed_random_bfs,12040748779,512,32,480,413,2000,1985,0,0.000000000,10629.221500000,10623.911500000,10623.902000000,0.000000000,5.310000000,10620,1.550000000,8.410825702,16.021977611,69.378445551,0.835610319,32.666263010,1.000000000
959,fixed_random_bfs,4606469334,512,29,483,371,2000,1985,1,0.050000000,10629.221500000,10605.182500000,10604.935500000,0.237500000,24.039000000,48078,9.450000000,8.410825702,21.413535074,94.573310301,1.158308191,43.682606350,1.000000000
960,fixed_random_bfs,6173687481,512,22,490,238,2000,1985,27,1.350000000,10629.221500000,10566.436000000,10560.592500000,5.834000000,62.785500000,125571,19.600000000,8.410825702,21.133844498,92.339837746,1.118733154,43.093357981,1.000000000
961,fixed_random_bfs,444058590,512,31,481,495,2000,1985,3,0.150000000,10629.221500000,10586.708000000,10585.990500000,0.708000000,42.513500000,85027,13.200000000,8.410825702,15.904495131,68.459773146,0.812122807,32.427681454,1.000000000
962,fixed_random_bfs,10042421891,512,23,489,328,2000,1985,2,0.100000000,10629.221500000,10622.820000000,10622.309500000,0.501000000,6.401500000,12803,2.200000000,8.410825702,15.910995803,68.773554005,0.840290689,32.440307317,1.000000000
963,fixed_random_bfs,4751660529,512,25,487,249,2000,1985,190,9.500000000,10629.221500000,10529.059500000,10485.776000000,43.274000000,100.162000000,200324,45.950000000,8.410825702,15.876281075,68.834545600,0.800160953,32.307938217,1.000000000
964,fixed_random_bfs,26057762,512,38,474,334,2000,1985,81,4.050000000,10629.221500000,10582.268000000,10569.089500000,13.169000000,46.953500000,93907,23.400000000,8.410825702,21.597740810,94.274901948,1.176814227,44.024350396,1.000000000
965,fixed_random_bfs,5297757234,512,36,476,705,2000,1985,13,0.650000000,10629.221500000,10543.045000000,10540.238500000,2.797000000,86.176500000,172353,26.950000000,8.410825702,15.901943766,68.920869994,0.720891829,32.418551991,1.000000000
966,fixed_random_bfs,9115997829,512,28,484,581,2000,1985,1,0.050000000,10629.221500000,10617.018500000,10616.762500000,0.246500000,12.203000000,24406,3.400000000,8.410825702,16.029423187,69.402979152,0.827825154,32.684705210,1.000000000
967,fixed_random_bfs,12758454604,512,26,486,266,2000,1985,1,0.050000000,10629.221500000,10622.214000000,10621.984500000,0.220000000,7.007500000,14015,2.650000000,8.410825702,15.980736891,68.779088051,0.828782645,32.583587355,1.000000000
968,fixed_random_bfs,5297868107,512,48,464,441,2000,1985,35,1.750000000,10629.221500000,10564.972000000,10559.766000000,5.196500000,64.249500000,128499,30.400000000,8.410825702,16.011514801,69.324002588,0.821371885,32.628055288,1.000000000
969,fixed_random_bfs,1322942203,512,35,477,767,2000,1985,1,0.050000000,10629.221500000,10613.340500000,10613.323500000,0.007500000,15.881000000,31762,5.250000000,8.410825702,16.008645340,69.134204648,0.840733941,32.642658002,1.000000000
970,fixed_random_bfs,9692239584,512,26,486,601,2000,1985,0,0.000000000,10629.221500000,10606.415000000,10606.405500000,0.000000000,22.806500000,45613,6.900000000,8.410825702,16.057870354,69.349690851,0.711799638,32.741930988,1.000000000
971,fixed_random_bfs,6094200808,512,33,479,176,2000,1985,2,0.100000000,10629.221500000,10608.063500000,10607.724000000,0.330000000,21.158000000,42316,6.650000000,8.410825702,16.091098103,69.554142755,0.838263443,32.810521298,1.000000000
972,fixed_random_bfs,3066500298,512,29,483,491,2000,1985,4,0.200000000,10629.221500000,10588.448500000,10587.479000000,0.960000000,40.773000000,81546,14.400000000,8.410825702,16.122159689,69.611707702,0.840028187,32.872414222,1.000000000
973,fixed_random_bfs,2053571358,512,40,472,446,2000,1985,101,5.050000000,10629.221500000,10475.404000000,10456.479500000,18.915000000,153.817500000,307635,62.750000000,8.410825702,15.973231263,69.289048145,0.835336530,32.557348840,1.000000000
974,fixed_random_bfs,1323003291,512,35,477,503,2000,1985,1,0.050000000,10629.221500000,10612.202000000,10611.976000000,0.216500000,17.019500000,34039,5.850000000,8.410825702,16.168950059,69.995471253,0.831621565,32.972092045,1.000000000
975,fixed_random_bfs,501252500,512,31,481,178,2000,1985,119,5.950000000,10629.221500000,10450.679000000,10431.262000000,19.407500000,178.542500000,357085,62.850000000,8.410825702,15.997881817,69.351029505,0.849444876,32.606516137,1.000000000
976,fixed_random_bfs,10885538599,512,18,494,273,2000,1985,0,0.000000000,10629.221500000,10625.501000000,10625.491500000,0.000000000,3.720500000,7441,1.250000000,8.410825702,16.242047106,69.968776446,0.844618847,33.120713038,1.000000000
977,fixed_random_bfs,3659261031,512,32,480,155,2000,1985,2,0.100000000,10629.221500000,10604.879500000,10604.666000000,0.204000000,24.342000000,48684,11.900000000,8.410825702,16.217068534,70.396429046,0.811856412,33.070100957,1.000000000
978,fixed_random_bfs,3250683195,512,15,497,146,2000,1985,17,0.850000000,10629.221500000,10544.483000000,10540.175000000,4.298500000,84.738500000,169477,28.950000000,8.410825702,16.080338058,69.385508848,0.709049492,32.783158034,1.000000000
979,fixed_random_bfs,286970022,512,24,488,149,2000,1985,301,15.050000000,10629.221500000,10472.899000000,10431.237000000,41.652500000,156.322500000,312645,60.750000000,8.410825702,15.820730639,68.641749748,0.804699951,32.195675138,1.000000000
980,fixed_random_bfs,4593134635,512,28,484,205,2000,1985,3,0.150000000,10629.221500000,10601.713000000,10601.319000000,0.384500000,27.508500000,55017,8.900000000,8.410825702,21.157832514,92.445558261,1.115532052,43.157422899,1.000000000
981,fixed_random_bfs,1323014785,512,34,478,1122,2000,1985,0,0.000000000,10629.221500000,10626.595000000,10626.585500000,0.000000000,2.626500000,5253,1.400000000,8.410825702,21.264821873,93.009191340,1.145804948,43.378284306,1.000000000
982,fixed_random_bfs,1207065505,512,18,494,118,2000,1985,0,0.000000000,10629.221500000,10616.035000000,10616.025500000,0.000000000,13.186500000,26373,4.300000000,8.410825702,21.120024705,91.836663400,1.116836920,43.085264578,1.000000000
983,fixed_random_bfs,1437037060,512,34,478,639,2000,1985,1,0.050000000,10629.221500000,10605.938000000,10605.700000000,0.228500000,23.283500000,46567,5.750000000,8.410825702,21.124238834,91.973520961,0.977453016,43.092966378,1.000000000
984,fixed_random_bfs,3677979711,512,16,496,53,2000,1985,0,0.000000000,10629.221500000,10613.213500000,10613.204000000,0.000000000,16.008000000,32016,8.150000000,8.410825702,15.957089517,68.861322344,0.819594592,32.536077992,1.000000000
985,fixed_random_bfs,3713963990,512,29,483,157,2000,1985,56,2.800000000,10629.221500000,10589.808500000,10582.066000000,7.733000000,39.413000000,78826,22.350000000,8.410825702,21.149810775,91.895672397,1.167251084,43.127400255,1.000000000
986,fixed_random_bfs,8869531658,512,33,479,251,2000,1985,10,0.500000000,10629.221500000,10598.003500000,10596.168500000,1.825500000,31.218000000,62436,9.100000000,8.410825702,21.229902231,92.956941552,1.127914476,43.297051379,1.000000000
987,fixed_random_bfs,1520381624,512,27,485,291,2000,1985,2,0.100000000,10629.221500000,10624.854500000,10624.424500000,0.420500000,4.367000000,8734,1.250000000,8.410825702,21.256224353,92.272447309,0.992547368,43.360295161,1.000000000
988,fixed_random_bfs,2246086889,512,52,460,226,2000,1985,431,21.550000000,10629.221500000,10442.619000000,10405.466000000,37.143500000,186.602500000,373205,70.550000000,8.410825702,21.043088420,92.572599102,1.011629838,42.808595218,1.000000000
989,fixed_random_bfs,4761661707,512,35,477,776,2000,1985,1,0.050000000,10629.221500000,10613.010000000,10612.758500000,0.242000000,16.211500000,32423,5.000000000,8.410825702,21.994322905,96.341976802,1.160937528,44.881936094,1.000000000
990,fixed_random_bfs,7671715436,512,29,483,586,2000,1985,1,0.050000000,10629.221500000,10626.191000000,10625.938500000,0.243000000,3.030500000,6061,1.150000000,8.410825702,21.434682680,93.226428394,0.981081345,43.730770789,1.000000000
991,fixed_random_bfs,11408633309,512,29,483,390,2000,1985,16,0.800000000,10629.221500000,10585.276000000,10581.555000000,3.711500000,43.945500000,87891,19.200000000,8.410825702,15.955814411,69.211975989,0.710834279,32.524924694,1.000000000
992,fixed_random_bfs,1550564338,512,30,482,288,2000,1985,1,0.050000000,10629.221500000,10622.562000000,10622.550500000,0.002000000,6.659500000,13319,2.000000000,8.410825702,21.294811328,93.369966848,1.138720741,43.439779654,1.000000000
993,fixed_random_bfs,450323979,512,27,485,389,2000,1985,1,0.050000000,10629.221500000,10614.868500000,10614.625500000,0.233500000,14.353000000,28706,7.800000000,8.410825702,15.997443516,69.027818459,0.821929209,32.619771403,1.000000000
994,fixed_random_bfs,7498428410,512,28,484,270,2000,1985,62,3.100000000,10629.221500000,10577.312000000,10563.883000000,13.419500000,51.909500000,103819,17.700000000,8.410825702,21.236904397,92.782548904,0.989697190,43.287357135,1.000000000
995,fixed_random_bfs,5271083835,512,36,476,935,2000,1985,0,0.000000000,10629.221500000,10604.680000000,10604.670500000,0.000000000,24.541500000,49083,8.200000000,8.410825702,15.942865557,68.697038856,0.714222028,32.507857054,1.000000000
996,fixed_random_bfs,8402558867,512,28,484,347,2000,1985,7,0.350000000,10629.221500000,10523.753000000,10522.329500000,1.414000000,105.468500000,210937,30.600000000,8.410825702,21.111749841,91.768178558,0.991635732,43.063706792,1.000000000
997,fixed_random_bfs,560975953,512,26,486,199,2000,1985,145,7.250000000,10629.221500000,10500.321000000,10493.208000000,7.103500000,128.900500000,257801,46.650000000,8.410825702,15.882699274,69.101259697,0.819314074,32.331577301,1.000000000
998,fixed_random_bfs,292622267,512,22,490,134,2000,1985,0,0.000000000,10629.221500000,10622.200500000,10622.191000000,0.000000000,7.021000000,14042,2.100000000,8.410825702,21.335231427,92.810919658,1.139834117,43.524620551,1.000000000
999,fixed_random_bfs,12456007307,512,57,455,802,2000,1985,87,4.350000000,10629.221500000,10495.194500000,10479.831500000,15.353500000,134.027000000,268054,57.650000000,8.410825702,21.212146594,91.769141291,0.998731087,43.254932030,1.000000000
1000,fixed_random_bfs,4537061694,512,33,479,634,2000,1985,1,0.050000000,10629.221500000,10619.811000000,10619.566000000,0.235500000,9.410500000,18821,3.550000000,8.410825702,16.005741306,69.263601200,0.818160121,32.637233332,1.000000000
1001,fixed_random_bfs,276928756,512,17,495,272,2000,1985,3,0.150000000,10629.221500000,10611.513000000,10610.735500000,0.768000000,17.708500000,35417,6.800000000,8.410825702,15.994793900,69.230141195,0.710614418,32.615048106,1.000000000
1002,fixed_random_bfs,1461653517,512,42,470,927,2000,1985,37,1.850000000,10629.221500000,10567.022000000,10558.945000000,8.067500000,62.199500000,124399,34.700000000,8.410825702,21.370646591,92.939828399,1.000708747,43.583201449,1.000000000
1003,fixed_random_bfs,2208891042,512,42,470,182,2000,1985,431,21.550000000,10629.221500000,10445.100500000,10404.097000000,40.994000000,184.121000000,368242,67.300000000,8.410825702,15.849298671,68.903677849,0.707562509,32.206866349,1.000000000
1004,fixed_random_bfs,10811800167,512,23,489,98,2000,1985,5,0.250000000,10629.221500000,10555.108000000,10554.063500000,1.035000000,74.113500000,148227,32.350000000,8.410825702,21.355242675,92.609360562,1.131314059,43.564084143,1.000000000
1005,fixed_random_bfs,1209793263,512,31,481,453,2000,1985,1,0.050000000,10629.221500000,10598.700500000,10598.458500000,0.232500000,30.521000000,61042,9.800000000,8.410825702,16.011111790,69.044667744,0.903892978,32.648654502,1.000000000
1006,fixed_random_bfs,1143318277,512,35,477,451,2000,1985,7,0.350000000,10629.221500000,10591.746500000,10590.274000000,1.463000000,37.475000000,74950,19.850000000,8.410825702,16.021575196,69.160844696,0.723065366,32.667518609,1.000000000
1007,fixed_random_bfs,11355557202,512,32,480,608,2000,1985,1,0.050000000,10629.221500000,10613.174500000,10612.928500000,0.236500000,16.047000000,32094,5.800000000,8.410825702,16.078280644,69.865258456,0.816842070,32.783657904,1.000000000
1008,fixed_random_bfs,12049198231,512,31,481,518,2000,1985,1,0.050000000,10629.221500000,10615.730500000,10615.515500000,0.205500000,13.491000000,26982,5.050000000,8.410825702,21.304730118,93.464704345,1.145107884,43.460478141,1.000000000
1009,fixed_random_bfs,12615740494,512,30,482,321,2000,1985,4,0.200000000,10629.221500000,10623.685000000,10622.996500000,0.679000000,5.536500000,11073,2.150000000,8.410825702,21.565742130,94.081362150,1.172812417,43.989318400,1.000000000
1010,fixed_random_bfs,1654560298,512,28,484,374,2000,1985,2,0.100000000,10629.221500000,10591.003000000,10590.513000000,0.480500000,38.218500000,76437,12.850000000,8.410825702,16.066697952,69.041555545,0.714420428,32.762152047,1.000000000
1011,fixed_random_bfs,4414915775,512,23,489,506,2000,1985,3,0.150000000,10629.221500000,10612.195500000,10611.418000000,0.768000000,17.026000000,34052,7.700000000,8.410825702,16.134233393,69.167249549,0.718415718,32.900088865,1.000000000
1012,fixed_random_bfs,13382293475,512,15,497,135,2000,1985,0,0.000000000,10629.221500000,10621.857000000,10621.847500000,0.000000000,7.364500000,14729,2.300000000,8.410825702,16.104084372,69.226378560,0.716300705,32.840139083,1.000000000
1013,fixed_random_bfs,12170822368,512,40,472,273,2000,1985,24,1.200000000,10629.221500000,10518.585000000,10516.792000000,1.783500000,110.636500000,221273,35.300000000,8.410825702,16.000982981,69.008138109,0.708602327,32.622550697,1.000000000
1014,fixed_random_bfs,11028019239,512,31,481,735,2000,1985,1,0.050000000,10629.221500000,10602.652000000,10602.393500000,0.249000000,26.569500000,53139,10.450000000,8.410825702,16.184495192,69.614708494,0.731703320,33.004533653,1.000000000
1015,fixed_random_bfs,2470501544,512,28,484,441,2000,1985,9,0.450000000,10629.221500000,10550.007000000,10547.834000000,2.163500000,79.214500000,158429,24.250000000,8.410825702,16.124405692,69.730388960,0.728339130,32.879909433,1.000000000
1016,fixed_random_bfs,4004265891,512,40,472,659,2000,1985,14,0.700000000,10629.221500000,10578.338500000,10575.131500000,3.197500000,50.883000000,101766,23.150000000,8.410825702,21.555334053,94.173420752,1.015783125,43.966213141,1.000000000
1017,fixed_random_bfs,4751802963,512,26,486,388,2000,1985,1,0.050000000,10629.221500000,10600.724500000,10600.467500000,0.247500000,28.497000000,56994,10.400000000,8.410825702,16.145192106,70.415988947,0.841405785,32.924695115,1.000000000
1018,fixed_random_bfs,9020198851,512,33,479,154,2000,1985,19,0.950000000,10629.221500000,10532.075000000,10529.626000000,2.439500000,97.146500000,194293,30.000000000,8.410825702,16.039087380,69.534669052,0.833982418,32.703484888,1.000000000
1019,fixed_random_bfs,4537191754,512,22,490,363,2000,1985,1,0.050000000,10629.221500000,10622.797000000,10622.535000000,0.252500000,6.424500000,12849,2.200000000,8.410825702,15.946404208,69.166059150,0.827351580,32.512566662,1.000000000
1020,fixed_random_bfs,13119239822,512,40,472,529,2000,1985,62,3.100000000,10629.221500000,10538.009500000,10525.000000000,13.000000000,91.212000000,182424,34.700000000,8.410825702,15.864096414,68.312730105,0.833502126,32.329768625,1.000000000
1021,fixed_random_bfs,12463880342,512,24,488,285,2000,1985,1,0.050000000,10629.221500000,10609.718000000,10609.497500000,0.211000000,19.503500000,39007,7.450000000,8.410825702,15.991464507,69.201648011,0.811634043,32.603033157,1.000000000
1022,fixed_random_bfs,5581559367,512,26,486,365,2000,1985,1,0.050000000,10629.221500000,10603.592500000,10603.345000000,0.238000000,25.629000000,51258,9.500000000,8.410825702,21.076451554,91.778659693,1.134882005,42.992136013,1.000000000
1023,fixed_random_bfs,11967509062,512,32,480,740,2000,1985,0,0.000000000,10629.221500000,10628.145000000,10628.135500000,0.000000000,1.076500000,2153,0.350000000,8.410825702,15.947318974,68.793398554,0.829079655,32.517060521,1.000000000
1024,fixed_random_bfs,12515207263,512,42,470,636,2000,1985,24,1.200000000,10629.221500000,10526.592500000,10522.060500000,4.522500000,102.629000000,205258,33.100000000,8.410825702,15.844044152,68.369690799,0.836807903,32.298307272,1.000000000
1025,fixed_random_bfs,1725589254,512,24,488,127,2000,1985,21,1.050000000,10629.221500000,10594.426000000,10591.487000000,2.929500000,34.795500000,69591,12.750000000,8.410825702,16.063898558,69.198311951,0.829451304,32.738912496,1.000000000
1026,fixed_random_bfs,1193302839,512,19,493,243,2000,1985,0,0.000000000,10629.221500000,10626.081000000,10626.071500000,0.000000000,3.140500000,6281,0.850000000,8.410825702,21.215106337,92.420733103,1.158821833,43.277302388,1.000000000
1027,fixed_random_bfs,5476877568,512,32,480,302,2000,1985,18,0.900000000,10629.221500000,10566.360500000,10563.059500000,3.291500000,62.861000000,125722,22.500000000,8.410825702,20.970323844,91.117218853,1.148068033,42.759404726,1.000000000
1028,fixed_random_bfs,2417926115,512,25,487,348,2000,1985,3,0.150000000,10629.221500000,10610.272000000,10609.545500000,0.717000000,18.949500000,37899,6.200000000,8.410825702,15.987330773,69.036481749,0.835666796,32.597891077,1.000000000
1029,fixed_random_bfs,64668918,512,38,474,892,2000,1985,0,0.000000000,10629.221500000,10604.931000000,10604.921500000,0.000000000,24.290500000,48581,7.850000000,8.410825702,15.999214424,68.777705392,0.816095113,32.622978564,1.000000000
1030,fixed_random_bfs,1113220476,512,28,484,388,2000,1985,0,0.000000000,10629.221500000,10624.651000000,10624.641500000,0.000000000,4.570500000,9141,1.450000000,8.410825702,21.066502075,91.502188049,1.116774948,42.975986982,1.000000000
1031,fixed_random_bfs,475064050,512,35,477,330,2000,1985,148,7.400000000,10629.221500000,10463.237500000,10443.455500000,19.772500000,165.984000000,331968,65.300000000,8.410825702,15.841326444,68.346771946,0.816807475,32.273436816,1.000000000
1032,fixed_random_bfs,9367370480,512,31,481,198,2000,1985,23,1.150000000,10629.221500000,10582.431500000,10577.964000000,4.458000000,46.790000000,93580,22.900000000,8.410825702,21.057613070,92.073990747,0.999513531,42.942100613,1.000000000
1033,fixed_random_bfs,1436602838,512,42,470,1445,2000,1985,1,0.050000000,10629.221500000,10615.469500000,10615.206500000,0.253500000,13.752000000,27504,5.200000000,8.410825702,21.240094317,92.581504004,1.148911823,43.323190792,1.000000000
1034,fixed_random_bfs,1551009382,512,31,481,732,2000,1985,6,0.300000000,10629.221500000,10605.646000000,10604.109500000,1.527000000,23.575500000,47151,10.100000000,8.410825702,16.028167631,69.453927354,0.723794643,32.681014905,1.000000000
1035,fixed_random_bfs,114310860,512,31,481,124,2000,1985,3,0.150000000,10629.221500000,10577.947500000,10577.717000000,0.221000000,51.274000000,102548,26.300000000,8.410825702,15.948429442,69.119469904,0.812351688,32.518744896,1.000000000
1036,fixed_random_bfs,1447137270,512,30,482,657,2000,1985,6,0.300000000,10629.221500000,10605.052000000,10603.560500000,1.482000000,24.169500000,48339,7.600000000,8.410825702,16.040988979,69.210096596,0.820231795,32.709219730,1.000000000
1037,fixed_random_bfs,3122372823,512,38,474,629,2000,1985,43,2.150000000,10629.221500000,10575.744500000,10566.335500000,9.399500000,53.477000000,106954,20.450000000,8.410825702,21.098473638,91.502560245,1.149059216,43.026634376,1.000000000
1038,fixed_random_bfs,4391191771,512,38,474,722,2000,1985,0,0.000000000,10629.221500000,10613.573500000,10613.564000000,0.000000000,15.648000000,31296,4.350000000,8.410825702,21.143940969,92.286203246,1.116532623,43.130719953,1.000000000
1039,fixed_random_bfs,415398826,512,38,474,528,2000,1985,8,0.400000000,10629.221500000,10560.097500000,10558.979000000,1.109000000,69.124000000,138248,24.200000000,8.410825702,21.274175516,93.629352251,1.155041879,43.398756608,1.000000000
1040,fixed_random_bfs,4504937443,512,28,484,352,2000,1985,15,0.750000000,10629.221500000,10556.466500000,10553.381000000,3.076000000,72.755000000,145510,21.350000000,8.410825702,21.751373215,94.300058592,1.243676309,44.376538714,1.000000000
1041,fixed_random_bfs,663694693,512,29,483,630,2000,1985,6,0.300000000,10629.221500000,10607.819500000,10606.587000000,1.223000000,21.402000000,42804,8.200000000,8.410825702,16.097057472,69.713952501,0.818414394,32.822859880,1.000000000
1042,fixed_random_bfs,4757476363,512,23,489,506,2000,1985,0,0.000000000,10629.221500000,10627.910500000,10627.901000000,0.000000000,1.311000000,2622,0.850000000,8.410825702,21.243295982,92.837202845,1.185208889,43.335067597,1.000000000
1043,fixed_random_bfs,1549689589,512,30,482,681,2000,1985,0,0.000000000,10629.221500000,10623.680500000,10623.671000000,0.000000000,5.541000000,11082,2.300000000,8.410825702,21.229026728,93.361914188,1.170934052,43.306915688,1.000000000
1044,fixed_random_bfs,1143317902,512,31,481,333,2000,1985,13,0.650000000,10629.221500000,10596.875500000,10593.863000000,3.003000000,32.346000000,64692,13.900000000,8.410825702,21.176348222,92.897639601,1.110274229,43.191566703,1.000000000
1045,fixed_random_bfs,276936086,512,25,487,267,2000,1985,35,1.750000000,10629.221500000,10588.265000000,10583.196500000,5.059000000,40.956500000,81913,16.450000000,8.410825702,16.031635242,69.720370998,0.824103680,32.683914713,1.000000000
1046,fixed_random_bfs,1320290474,512,24,488,294,2000,1985,1,0.050000000,10629.221500000,10624.680500000,10624.460000000,0.211000000,4.541000000,9082,4.950000000,8.410825702,16.053504404,69.415382457,0.813676841,32.736670916,1.000000000
1047,fixed_random_bfs,12554726746,512,30,482,449,2000,1985,16,0.800000000,10629.221500000,10593.597500000,10589.796000000,3.792000000,35.624000000,71248,14.550000000,8.410825702,16.101829651,69.557577344,0.805760315,32.827074254,1.000000000
1048,fixed_random_bfs,12638827904,512,24,488,253,2000,1985,1,0.050000000,10629.221500000,10615.102000000,10614.865000000,0.227500000,14.119500000,28239,5.250000000,8.410825702,21.291998135,92.976043453,1.177493342,43.432445087,1.000000000
1049,fixed_random_bfs,4614309317,512,35,477,763,2000,1985,4,0.200000000,10629.221500000,10601.994500000,10600.989000000,0.996000000,27.227000000,54454,9.400000000,8.410825702,21.192837070,92.091324610,1.161364178,43.231427176,1.000000000
1050,fixed_random_bfs,5378406140,512,47,465,945,2000,1985,4,0.200000000,10629.221500000,10603.268000000,10602.446500000,0.812000000,25.953500000,51907,8.150000000,8.410825702,16.114738966,69.613548203,0.840510350,32.862046189,1.000000000
1051,fixed_random_bfs,11846919932,512,27,485,315,2000,1985,2,0.100000000,10629.221500000,10608.892500000,10608.482000000,0.401000000,20.329000000,40658,8.200000000,8.410825702,16.205580248,70.204119397,0.834171389,33.046857267,1.000000000
1052,fixed_random_bfs,1322924652,512,31,481,758,2000,1985,1,0.050000000,10629.221500000,10617.220000000,10616.959000000,0.251500000,12.001500000,24003,3.250000000,8.410825702,21.339460867,93.733091458,1.147218054,43.534049218,1.000000000
1053,fixed_random_bfs,2222272168,512,33,479,438,2000,1985,2,0.100000000,10629.221500000,10623.836500000,10623.464000000,0.363000000,5.385000000,10770,1.700000000,8.410825702,16.148292618,70.636331302,0.851121921,32.930713715,1.000000000
1054,fixed_random_bfs,4492973959,512,33,479,788,2000,1985,5,0.250000000,10629.221500000,10600.720000000,10599.510500000,1.200000000,28.501500000,57003,10.200000000,8.410825702,16.145371959,70.226352802,0.836362139,32.922192421,1.000000000
1055,fixed_random_bfs,8369094396,512,33,479,457,2000,1985,50,2.500000000,10629.221500000,10523.656000000,10513.603000000,10.043500000,105.565500000,211131,37.700000000,8.410825702,15.771375670,68.226413945,0.704463345,32.140458901,1.000000000
1056,fixed_random_bfs,4541171617,512,29,483,512,2000,1985,3,0.150000000,10629.221500000,10589.605500000,10589.095500000,0.500500000,39.616000000,79232,12.550000000,8.410825702,21.294631218,92.185005650,1.147975142,43.439784005,1.000000000
1057,fixed_random_bfs,4541769859,512,26,486,625,2000,1985,0,0.000000000,10629.221500000,10625.760500000,10625.751000000,0.000000000,3.461000000,6922,1.150000000,8.410825702,21.289670239,92.741463897,1.148953638,43.427401181,1.000000000
1058,fixed_random_bfs,1328039941,512,30,482,402,2000,1985,2,0.100000000,10629.221500000,10617.256500000,10616.784000000,0.463000000,11.965000000,23930,4.600000000,8.410825702,21.476414915,94.335795895,0.999412901,43.811794827,1.000000000
1059,fixed_random_bfs,4395078728,512,39,473,706,2000,1985,21,1.050000000,10629.221500000,10595.471500000,10591.238500000,4.223500000,33.750000000,67500,12.950000000,8.410825702,21.576681711,94.352311050,1.156555879,44.001921865,1.000000000
1060,fixed_random_bfs,13322582873,512,48,464,1182,2000,1985,10,0.500000000,10629.221500000,10584.081000000,10581.774500000,2.297000000,45.140500000,90281,16.300000000,8.410825702,15.925689601,69.095724993,0.713318506,32.466128252,1.000000000
1061,fixed_random_bfs,1327642167,512,26,486,281,2000,1985,1,0.050000000,10629.221500000,10624.920500000,10624.669500000,0.241500000,4.301000000,8602,2.750000000,8.410825702,16.004521098,69.320275194,0.824103045,32.630712875,1.000000000
1062,fixed_random_bfs,4761669977,512,35,477,663,2000,1985,1,0.050000000,10629.221500000,10610.905500000,10610.685000000,0.211000000,18.316000000,36632,6.450000000,8.410825702,15.928287878,68.566361395,0.713958694,32.478517538,1.000000000
1063,fixed_random_bfs,698807906,512,20,492,175,2000,1985,1,0.050000000,10629.221500000,10588.340500000,10588.328500000,0.002500000,40.881000000,81762,14.650000000,8.410825702,15.939215423,68.613209396,0.834281667,32.497425973,1.000000000
1064,fixed_random_bfs,1222473632,512,20,492,172,2000,1985,0,0.000000000,10629.221500000,10609.740000000,10609.730500000,0.000000000,19.481500000,38963,6.700000000,8.410825702,15.982439079,69.070922305,0.706936654,32.590747033,1.000000000
1065,fixed_random_bfs,1801521574,512,28,484,408,2000,1985,0,0.000000000,10629.221500000,10609.372000000,10609.362500000,0.000000000,19.849500000,39699,10.300000000,8.410825702,15.988829911,69.006272002,0.842266613,32.602137240,1.000000000
1066,fixed_random_bfs,13376760941,512,33,479,741,2000,1985,1,0.050000000,10629.221500000,10619.566000000,10619.329000000,0.227500000,9.655500000,19311,2.850000000,8.410825702,15.985916924,68.600072500,0.822803268,32.598997290,1.000000000
1067,fixed_random_bfs,3740427272,512,31,481,486,2000,1985,13,0.650000000,10629.221500000,10595.301500000,10592.873000000,2.419000000,33.920000000,67840,10.550000000,8.410825702,15.996797959,69.357355440,0.833436010,32.612657516,1.000000000
1068,fixed_random_bfs,4567051370,512,21,491,135,2000,1985,75,3.750000000,10629.221500000,10578.597000000,10563.008000000,15.579500000,50.624500000,101249,18.100000000,8.410825702,16.027077290,69.407685507,0.807931129,32.649000497,1.000000000
1069,fixed_random_bfs,4699610927,512,28,484,103,2000,1985,0,0.000000000,10629.221500000,10620.634500000,10620.625000000,0.000000000,8.587000000,17174,10.650000000,8.410825702,16.014845355,69.322818607,0.818044055,32.655536228,1.000000000
1070,fixed_random_bfs,5690058933,512,47,465,1378,2000,1985,0,0.000000000,10629.221500000,10600.500500000,10600.491000000,0.000000000,28.721000000,57442,10.000000000,8.410825702,16.042108166,69.273674602,0.830331380,32.708520627,1.000000000
1071,fixed_random_bfs,412525205,512,42,470,371,2000,1985,43,2.150000000,10629.221500000,10528.260500000,10520.996500000,7.254500000,100.961000000,201922,38.850000000,8.410825702,20.930054669,90.803937450,0.972309195,42.678997438,1.000000000
1072,fixed_random_bfs,4606477649,512,21,491,361,2000,1985,1,0.050000000,10629.221500000,10607.806500000,10607.552500000,0.244500000,21.415000000,42830,8.250000000,8.410825702,16.061300970,68.995045555,0.823831334,32.750199907,1.000000000
1073,fixed_random_bfs,500010077,512,25,487,364,2000,1985,13,0.650000000,10629.221500000,10517.694500000,10515.085000000,2.600000000,111.527000000,223054,32.500000000,8.410825702,15.972960770,69.393457950,0.833954989,32.563962448,1.000000000
1074,fixed_random_bfs,1322690489,512,33,479,817,2000,1985,0,0.000000000,10629.221500000,10615.179000000,10615.169500000,0.000000000,14.042500000,28085,3.950000000,8.410825702,16.109374628,69.702601652,0.823363761,32.849017578,1.000000000
1075,fixed_random_bfs,3172532575,512,44,468,510,2000,1985,8,0.400000000,10629.221500000,10586.453500000,10585.514500000,0.929500000,42.768000000,85536,17.650000000,8.410825702,16.097642565,69.598143257,0.813453552,32.823722097,1.000000000
1076,fixed_random_bfs,1223751803,512,38,474,386,2000,1985,55,2.750000000,10629.221500000,10521.304500000,10510.029500000,11.265500000,107.917000000,215834,46.900000000,8.410825702,20.940285228,91.333054491,0.994692236,42.696079393,1.000000000
1077,fixed_random_bfs,1145511388,512,40,472,618,2000,1985,8,0.400000000,10629.221500000,10597.468500000,10596.313500000,1.145500000,31.753000000,63506,10.900000000,8.410825702,21.139550062,92.524538941,0.988797714,43.119016241,1.000000000
1078,fixed_random_bfs,672546470,512,26,486,221,2000,1985,2,0.100000000,10629.221500000,10602.488500000,10602.037000000,0.442000000,26.733000000,53466,8.550000000,8.410825702,16.128270751,69.751559907,0.854378943,32.888899661,1.000000000
1079,fixed_random_bfs,3170386691,512,26,486,430,2000,1985,3,0.150000000,10629.221500000,10614.531000000,10613.806000000,0.715500000,14.690500000,29381,6.500000000,8.410825702,21.056878481,91.738768701,1.148561029,42.952978181,1.000000000
1080,fixed_random_bfs,1548076852,512,26,486,510,2000,1985,4,0.200000000,10629.221500000,10615.203500000,10614.232000000,0.962000000,14.018000000,28036,5.900000000,8.410825702,16.236181304,70.449125690,0.854759246,33.106636585,1.000000000
1081,fixed_random_bfs,1219137639,512,38,474,746,2000,1985,2,0.100000000,10629.221500000,10616.860000000,10616.381500000,0.469000000,12.361500000,24723,3.750000000,8.410825702,21.127251267,92.574913451,1.158867917,43.094749928,1.000000000
1082,fixed_random_bfs,343634572,512,40,472,298,2000,1985,39,1.950000000,10629.221500000,10519.296500000,10511.469000000,7.818000000,109.925000000,219850,41.100000000,8.410825702,15.770730873,68.638702657,0.823397472,32.144468023,1.000000000
1083,fixed_random_bfs,1182447913,512,23,489,306,2000,1985,0,0.000000000,10629.221500000,10626.072500000,10626.063000000,0.000000000,3.149000000,6298,0.850000000,8.410825702,16.174512986,69.980738398,0.735991199,32.985748278,1.000000000
1084,fixed_random_bfs,1670607192,512,38,474,641,2000,1985,9,0.450000000,10629.221500000,10580.137000000,10578.101000000,2.026500000,49.084500000,98169,17.450000000,8.410825702,16.133291982,69.255456606,0.848321925,32.894337072,1.000000000
1085,fixed_random_bfs,3093345364,512,12,500,14,2000,1985,0,0.000000000,10629.221500000,10624.131500000,10624.122000000,0.000000000,5.090000000,10180,7.900000000,8.410825702,21.242773175,92.718725453,0.971186429,43.333413048,1.000000000
1086,fixed_random_bfs,4494941237,512,19,493,222,2000,1985,0,0.000000000,10629.221500000,10579.441000000,10579.431500000,0.000000000,49.780500000,99561,13.600000000,8.410825702,21.100530830,92.648137652,1.179153523,43.044987477,1.000000000
1087,fixed_random_bfs,1520039053,512,23,489,268,2000,1985,2,0.100000000,10629.221500000,10618.309500000,10617.842000000,0.458000000,10.912000000,21824,6.250000000,8.410825702,21.146426747,92.470429150,1.124486134,43.137141019,1.000000000
1088,fixed_random_bfs,6786679829,512,24,488,117,2000,1985,12,0.600000000,10629.221500000,10598.373500000,10596.178500000,2.185500000,30.848000000,61696,9.150000000,8.410825702,21.298410332,92.868358241,1.165784026,43.439355757,1.000000000
1089,fixed_random_bfs,12049198187,512,27,485,428,2000,1985,0,0.000000000,10629.221500000,10618.370500000,10618.361000000,0.000000000,10.851000000,21702,3.800000000,8.410825702,21.211057252,92.453989062,1.165127054,43.270023612,1.000000000
1090,fixed_random_bfs,5470823002,512,27,485,349,2000,1985,0,0.000000000,10629.221500000,10625.715000000,10625.705500000,0.000000000,3.506500000,7013,1.650000000,8.410825702,21.260620497,93.315137744,1.006953641,43.367345041,1.000000000
1091,fixed_random_bfs,4687572332,512,32,480,566,2000,1985,16,0.800000000,10629.221500000,10556.896500000,10554.203000000,2.684000000,72.325000000,144650,25.250000000,8.410825702,21.127311075,92.040566597,1.143777002,43.087150233,1.000000000
1092,fixed_random_bfs,3170272790,512,24,488,529,2000,1985,0,0.000000000,10629.221500000,10618.451500000,10618.442000000,0.000000000,10.770000000,21540,4.250000000,8.410825702,21.884628453,93.765475647,1.027228477,44.655654735,1.000000000
1093,fixed_random_bfs,8188727191,512,31,481,188,2000,1985,58,2.900000000,10629.221500000,10447.549000000,10437.950500000,9.589000000,181.672500000,363345,61.850000000,8.410825702,20.996320681,92.797379447,1.003670643,42.813522552,1.000000000
1094,fixed_random_bfs,4504742075,512,27,485,516,2000,1985,2,0.100000000,10629.221500000,10616.766500000,10616.259000000,0.498000000,12.455000000,24910,4.650000000,8.410825702,21.382529522,93.761033741,1.167463478,43.615906749,1.000000000
1095,fixed_random_bfs,87009275,512,34,478,683,2000,1985,1,0.050000000,10629.221500000,10605.604000000,10605.349000000,0.245500000,23.617500000,47235,6.150000000,8.410825702,21.301396466,93.474299799,1.157575806,43.454266439,1.000000000
1096,fixed_random_bfs,3693344883,512,32,480,77,2000,1985,0,0.000000000,10629.221500000,10597.832000000,10597.822500000,0.000000000,31.389500000,62779,24.550000000,8.410825702,15.847730046,68.501926658,0.806862393,32.313415210,1.000000000
1097,fixed_random_bfs,1322661570,512,22,490,347,2000,1985,1,0.050000000,10629.221500000,10617.980000000,10617.728000000,0.242500000,11.241500000,22483,4.750000000,8.410825702,21.360558681,93.648190696,0.987714667,43.573288390,1.000000000
1098,fixed_random_bfs,1328045191,512,34,478,612,2000,1985,1,0.050000000,10629.221500000,10621.103000000,10620.854000000,0.239500000,8.118500000,16237,3.800000000,8.410825702,15.987269893,68.827490252,0.712589630,32.594665731,1.000000000
1099,fixed_random_bfs,314545211,512,28,484,125,2000,1985,0,0.000000000,10629.221500000,10574.440000000,10574.430500000,0.000000000,54.781500000,109563,27.750000000,8.410825702,21.111149116,91.739660945,0.982171497,43.065002887,1.000000000
1100,fixed_random_bfs,2085710668,512,20,492,274,2000,1985,0,0.000000000,10629.221500000,10625.956000000,10625.946500000,0.000000000,3.265500000,6531,1.000000000,8.410825702,16.061562647,69.620121904,0.809459715,32.747305223,1.000000000
1101,fixed_random_bfs,2204446907,512,34,478,181,2000,1985,404,20.200000000,10629.221500000,10474.929500000,10421.568000000,53.352000000,154.292000000,308584,61.500000000,8.410825702,15.776399880,68.714844850,0.706652085,32.090337105,1.000000000
1102,fixed_random_bfs,6094066082,512,21,491,84,2000,1985,1,0.050000000,10629.221500000,10607.783500000,10607.567000000,0.207000000,21.438000000,42876,6.800000000,8.410825702,21.438544894,93.210259452,1.129669548,43.732926338,1.000000000
1103,fixed_random_bfs,479236087,512,38,474,763,2000,1985,109,5.450000000,10629.221500000,10534.308000000,10509.376500000,24.922000000,94.913500000,189827,35.100000000,8.410825702,15.874542751,68.410276489,0.814986373,32.348058075,1.000000000
1104,fixed_random_bfs,1440893911,512,13,499,48,2000,1985,2,0.100000000,10629.221500000,10610.990500000,10610.516500000,0.464500000,18.231000000,36462,4.700000000,8.410825702,15.975196251,68.928496154,0.712515378,32.571055025,1.000000000
1105,fixed_random_bfs,12242794867,512,34,478,416,2000,1985,15,0.750000000,10629.221500000,10556.950500000,10555.864500000,1.076500000,72.271000000,144542,21.900000000,8.410825702,15.934988095,68.902706348,0.827147223,32.481243239,1.000000000
1106,fixed_random_bfs,447565556,512,41,471,1522,2000,1985,1,0.050000000,10629.221500000,10622.128000000,10621.865000000,0.253500000,7.093500000,14187,2.900000000,8.410825702,16.026290430,69.415744697,0.715890651,32.676506805,1.000000000
1107,fixed_random_bfs,4956880843,512,26,486,83,2000,1985,2,0.100000000,10629.221500000,10611.596000000,10611.581000000,0.005500000,17.625500000,35251,5.700000000,8.410825702,21.580970108,94.106030002,1.175424412,44.018559391,1.000000000
1108,fixed_random_bfs,1146570418,512,38,474,744,2000,1985,9,0.450000000,10629.221500000,10603.050000000,10600.903000000,2.137500000,26.171500000,52343,9.350000000,8.410825702,16.023246586,69.289944253,0.830847334,32.667192256,1.000000000
1109,fixed_random_bfs,1748881902,512,29,483,201,2000,1985,8,0.400000000,10629.221500000,10609.194500000,10608.702000000,0.483000000,20.027000000,40054,4.750000000,8.410825702,15.997684253,69.323635799,0.830481541,32.608081731,1.000000000
1110,fixed_random_bfs,1436600583,512,33,479,817,2000,1985,0,0.000000000,10629.221500000,10615.636500000,10615.627000000,0.000000000,13.585000000,27170,5.050000000,8.410825702,16.068362831,69.548931253,0.707143663,32.763587734,1.000000000
1111,fixed_random_bfs,12459096125,512,38,474,418,2000,1985,1,0.050000000,10629.221500000,10598.076500000,10597.865500000,0.201500000,31.145000000,62290,12.550000000,8.410825702,16.054490440,69.448968599,0.851394072,32.738319344,1.000000000
1112,fixed_random_bfs,2203584983,512,41,471,1134,2000,1985,0,0.000000000,10629.221500000,10620.823500000,10620.814000000,0.000000000,8.398000000,16796,2.550000000,8.410825702,16.107783183,69.514863298,0.853872441,32.845853720,1.000000000
1113,fixed_random_bfs,1556195762,512,16,496,240,2000,1985,0,0.000000000,10629.221500000,10628.426500000,10628.417000000,0.000000000,0.795000000,1590,0.500000000,8.410825702,16.198625325,69.927674556,0.828508712,33.029156825,1.000000000
1114,fixed_random_bfs,4074469796,512,22,490,294,2000,1985,17,0.850000000,10629.221500000,10592.230000000,10589.001500000,3.219000000,36.991500000,73983,17.950000000,8.410825702,16.090622910,69.075711098,0.830627479,32.807900723,1.000000000
1115,fixed_random_bfs,1143316322,512,28,484,335,2000,1985,6,0.300000000,10629.221500000,10591.992500000,10590.675500000,1.307500000,37.229000000,74458,14.000000000,8.410825702,16.145119009,69.756375094,0.714758215,32.921612852,1.000000000
1116,fixed_random_bfs,10226403475,512,29,483,287,2000,1985,6,0.300000000,10629.221500000,10577.446000000,10576.537500000,0.899000000,51.775500000,103551,17.450000000,8.410825702,15.849818374,68.774434498,0.823911562,32.314642290,1.000000000
1117,fixed_random_bfs,4452315830,512,40,472,451,2000,1985,30,1.500000000,10629.221500000,10505.048500000,10499.589000000,5.450000000,124.173000000,248346,47.350000000,8.410825702,16.098475258,70.343528906,0.724548268,32.822153589,1.000000000
1118,fixed_random_bfs,1520385643,512,29,483,559,2000,1985,0,0.000000000,10629.221500000,10625.873000000,10625.863500000,0.000000000,3.348500000,6697,1.050000000,8.410825702,16.204301360,70.756926743,0.824050436,33.046068262,1.000000000
1119,fixed_random_bfs,25632398,512,38,474,280,2000,1985,219,10.950000000,10629.221500000,10450.243500000,10413.561000000,36.673000000,178.978000000,357956,68.550000000,8.410825702,16.000648736,69.396540509,0.714166299,32.584884914,1.000000000
1120,fixed_random_bfs,13908591354,512,39,473,618,2000,1985,1,0.050000000,10629.221500000,10603.013500000,10602.810000000,0.194000000,26.208000000,52416,9.050000000,8.410825702,21.059445184,91.975335161,1.112750523,42.957470840,1.000000000
1121,fixed_random_bfs,277530110,512,29,483,629,2000,1985,1,0.050000000,10629.221500000,10623.820000000,10623.589500000,0.221000000,5.401500000,10803,2.700000000,8.410825702,21.061017252,91.664546350,1.128882173,42.960884103,1.000000000
1122,fixed_random_bfs,8964396914,512,24,488,113,2000,1985,0,0.000000000,10629.221500000,10625.260000000,10625.250500000,0.000000000,3.961500000,7923,6.750000000,8.410825702,21.121919453,92.537635106,1.102852585,43.087711531,1.000000000
1123,fixed_random_bfs,3663136795,512,18,494,162,2000,1985,0,0.000000000,10629.221500000,10605.341500000,10605.332000000,0.000000000,23.880000000,47760,7.500000000,8.410825702,21.084890794,91.605018546,0.976878636,43.012545353,1.000000000
1124,fixed_random_bfs,411831032,512,43,469,510,2000,1985,47,2.350000000,10629.221500000,10540.093000000,10531.733500000,8.350000000,89.128500000,178257,44.450000000,8.410825702,21.008058827,91.881246100,0.987286838,42.846712581,1.000000000
1125,fixed_random_bfs,1328040215,512,34,478,875,2000,1985,0,0.000000000,10629.221500000,10613.286000000,10613.276500000,0.000000000,15.935500000,31871,4.900000000,8.410825702,15.909092527,68.737494797,0.832383448,32.437811247,1.000000000
1126,fixed_random_bfs,12132390166,512,25,487,315,2000,1985,0,0.000000000,10629.221500000,10625.781000000,10625.771500000,0.000000000,3.440500000,6881,1.200000000,8.410825702,21.208477889,92.623718658,1.113513861,43.264209003,1.000000000
1127,fixed_random_bfs,9020840306,512,27,485,223,2000,1985,23,1.150000000,10629.221500000,10526.165000000,10522.494000000,3.661500000,103.056500000,206113,32.250000000,8.410825702,21.041725908,91.769317295,1.005879700,42.912073899,1.000000000
1128,fixed_random_bfs,12040748829,512,27,485,350,2000,1985,0,0.000000000,10629.221500000,10624.115500000,10624.106000000,0.000000000,5.106000000,10212,1.550000000,8.410825702,21.194259412,92.501414900,1.145191353,43.237182059,1.000000000
1129,fixed_random_bfs,1143317811,512,36,476,367,2000,1985,6,0.300000000,10629.221500000,10595.150000000,10594.367500000,0.773000000,34.071500000,68143,11.350000000,8.410825702,15.948273879,69.134572853,0.809947218,32.514795132,1.000000000
1130,fixed_random_bfs,314536666,512,25,487,365,2000,1985,1,0.050000000,10629.221500000,10623.551500000,10623.296500000,0.245500000,5.670000000,11340,1.550000000,8.410825702,21.365384290,93.361648999,1.014334852,43.587059085,1.000000000
1131,fixed_random_bfs,269565777,512,39,473,592,2000,1985,70,3.500000000,10629.221500000,10568.944000000,10554.213000000,14.721500000,60.277500000,120555,24.350000000,8.410825702,15.871281282,68.965746706,0.836943349,32.342954640,1.000000000
1132,fixed_random_bfs,3170027675,512,26,486,601,2000,1985,0,0.000000000,10629.221500000,10618.946500000,10618.937000000,0.000000000,10.275000000,20550,5.150000000,8.410825702,21.191845926,91.937397051,1.145210643,43.227114416,1.000000000
1133,fixed_random_bfs,5413401437,512,31,481,294,2000,1985,14,0.700000000,10629.221500000,10582.009000000,10579.102500000,2.897000000,47.212500000,94425,23.200000000,8.410825702,21.179270575,92.475207445,1.182222372,43.200504568,1.000000000
1134,fixed_random_bfs,129777802,512,39,473,698,2000,1985,113,5.650000000,10629.221500000,10524.188000000,10500.773000000,23.405500000,105.033500000,210067,39.550000000,8.410825702,15.852145884,68.755285350,0.822912899,32.299189626,1.000000000
1135,fixed_random_bfs,1219137870,512,48,464,1688,2000,1985,1,0.050000000,10629.221500000,10616.079000000,10616.063000000,0.006500000,13.142500000,26285,5.300000000,8.410825702,21.277979950,92.863316660,1.180808495,43.401795856,1.000000000
1136,fixed_random_bfs,5284452295,512,28,484,273,2000,1985,124,6.200000000,10629.221500000,10457.827500000,10441.966500000,15.851500000,171.394000000,342788,64.950000000,8.410825702,15.787417371,68.409690552,0.843142062,32.167921646,1.000000000
1137,fixed_random_bfs,5727795866,512,21,491,76,2000,1985,6,0.300000000,10629.221500000,10594.522500000,10593.341500000,1.171500000,34.699000000,69398,11.450000000,8.410825702,21.243075932,92.919210450,1.137769152,43.331897708,1.000000000
1138,fixed_random_bfs,1551009297,512,24,488,486,2000,1985,7,0.350000000,10629.221500000,10606.916500000,10605.125500000,1.781500000,22.305000000,44610,7.000000000,8.410825702,21.870447409,94.475628051,1.203833350,44.622464735,1.000000000
1139,fixed_random_bfs,11948401205,512,30,482,217,2000,1985,3,0.150000000,10629.221500000,10619.926000000,10619.615500000,0.301000000,9.295500000,18591,4.450000000,8.410825702,21.382070002,93.277527548,0.992356192,43.614240103,1.000000000
1140,fixed_random_bfs,1235217638,512,33,479,716,2000,1985,0,0.000000000,10629.221500000,10624.332500000,10624.323000000,0.000000000,4.889000000,9778,2.550000000,8.410825702,15.947025057,68.499640348,0.822293829,32.517894778,1.000000000
1141,fixed_random_bfs,701338497,512,26,486,426,2000,1985,0,0.000000000,10629.221500000,10625.850000000,10625.840500000,0.000000000,3.371500000,6743,1.100000000,8.410825702,16.013369849,68.667219606,0.714003749,32.652840086,1.000000000
1142,fixed_random_bfs,8415034361,512,24,488,234,2000,1985,13,0.650000000,10629.221500000,10561.876000000,10559.757000000,2.109500000,67.345500000,134691,20.150000000,8.410825702,15.892342506,68.394786750,0.818057559,32.397042522,1.000000000
1143,fixed_random_bfs,12694970348,512,29,483,317,2000,1985,16,0.800000000,10629.221500000,10508.459000000,10505.353000000,3.096500000,120.762500000,241525,38.550000000,8.410825702,21.125280824,92.874519849,0.991795050,43.088311928,1.000000000
1144,fixed_random_bfs,1548061690,512,41,471,1072,2000,1985,2,0.100000000,10629.221500000,10604.569500000,10604.320500000,0.239500000,24.652000000,49304,8.000000000,8.410825702,21.374655949,93.377264300,1.138165088,43.604480936,1.000000000
1145,fixed_random_bfs,2900751220,512,26,486,286,2000,1985,2,0.100000000,10629.221500000,10608.912500000,10608.435000000,0.468000000,20.309000000,40618,4.950000000,8.410825702,15.999686285,69.220657001,0.832391650,32.620112887,1.000000000
1146,fixed_random_bfs,10832272069,512,39,473,341,2000,1985,16,0.800000000,10629.221500000,10590.987000000,10588.529500000,2.448000000,38.234500000,76469,13.950000000,8.410825702,15.973973757,69.052525100,0.709867747,32.563839797,1.000000000
1147,fixed_random_bfs,13369875991,512,17,495,149,2000,1985,0,0.000000000,10629.221500000,10623.993500000,10623.984000000,0.000000000,5.228000000,10456,1.650000000,8.410825702,16.055975147,69.610723545,0.799596367,32.739219925,1.000000000
1148,fixed_random_bfs,3693344908,512,28,484,84,2000,1985,0,0.000000000,10629.221500000,10595.353500000,10595.344000000,0.000000000,33.868000000,67736,26.400000000,8.410825702,21.136414306,91.898606740,1.108420957,43.118362684,1.000000000
1149,fixed_random_bfs,4449522577,512,33,479,275,2000,1985,1,0.050000000,10629.221500000,10614.211500000,10614.042000000,0.160000000,15.010000000,30020,5.950000000,8.410825702,16.081282896,69.726301711,0.720470909,32.792747714,1.000000000
1150,fixed_random_bfs,1550556628,512,24,488,165,2000,1985,2,0.100000000,10629.221500000,10619.163500000,10618.914500000,0.239500000,10.058000000,20116,4.150000000,8.410825702,21.505589724,93.896699396,1.148222542,43.872064159,1.000000000
1151,fixed_random_bfs,8899217014,512,26,486,398,2000,1985,6,0.300000000,10629.221500000,10529.315500000,10527.885500000,1.420500000,99.906000000,199812,29.200000000,8.410825702,15.952547910,69.062900452,0.713777147,32.526724843,1.000000000
1152,fixed_random_bfs,3170272819,512,27,485,554,2000,1985,0,0.000000000,10629.221500000,10619.345000000,10619.335500000,0.000000000,9.876500000,19753,4.200000000,8.410825702,16.103349298,69.678760806,0.712862740,32.837705285,1.000000000
1153,fixed_random_bfs,4773464584,512,33,479,632,2000,1985,9,0.450000000,10629.221500000,10548.812500000,10546.653500000,2.149500000,80.409000000,160818,24.100000000,8.410825702,16.044426148,68.884249403,0.710633292,32.711840075,1.000000000
1154,fixed_random_bfs,9134170701,512,26,486,447,2000,1985,3,0.150000000,10629.221500000,10611.684000000,10610.941000000,0.733500000,17.537500000,35075,5.750000000,8.410825702,16.156508598,70.118107045,0.829606687,32.945587648,1.000000000
1155,fixed_random_bfs,5374060299,512,25,487,367,2000,1985,2,0.100000000,10629.221500000,10604.515000000,10604.029500000,0.476000000,24.706500000,49413,9.800000000,8.410825702,15.933502303,68.953698102,0.711394701,32.485525361,1.000000000
1156,fixed_random_bfs,1322940574,512,43,469,1178,2000,1985,2,0.100000000,10629.221500000,10615.273500000,10614.849000000,0.415000000,13.948000000,27896,4.150000000,8.410825702,16.241274758,70.544998495,0.842008638,33.118223806,1.000000000
1157,fixed_random_bfs,13393279239,512,21,491,189,2000,1985,0,0.000000000,10629.221500000,10625.741500000,10625.732000000,0.000000000,3.480000000,6960,1.200000000,8.410825702,16.179445072,70.337235910,0.824728123,32.994089373,1.000000000
1158,fixed_random_bfs,3570149217,512,36,476,586,2000,1985,18,0.900000000,10629.221500000,10547.331500000,10543.072500000,4.249500000,81.890000000,163780,28.150000000,8.410825702,21.397037957,94.103567057,1.006284103,43.643734514,1.000000000
1159,fixed_random_bfs,11146963033,512,44,468,578,2000,1985,70,3.500000000,10629.221500000,10492.293500000,10478.660500000,13.623500000,136.928000000,273856,54.800000000,8.410825702,16.060707350,69.624854707,0.831428863,32.742366889,1.000000000
1160,fixed_random_bfs,13048231367,512,29,483,536,2000,1985,0,0.000000000,10629.221500000,10623.398500000,10623.389000000,0.000000000,5.823000000,11646,2.000000000,8.410825702,15.960062746,68.993298795,0.705205363,32.541746822,1.000000000
1161,fixed_random_bfs,1243519879,512,37,475,265,2000,1985,5,0.250000000,10629.221500000,10601.220000000,10600.427500000,0.783000000,28.001500000,56003,8.800000000,8.410825702,20.974610250,91.053236603,1.124094672,42.777413253,1.000000000
1162,fixed_random_bfs,2292597617,512,36,476,544,2000,1985,2,0.100000000,10629.221500000,10585.757500000,10585.493000000,0.255000000,43.464000000,86928,17.500000000,8.410825702,15.952498991,68.487658357,0.822466717,32.523324359,1.000000000
1163,fixed_random_bfs,9021003700,512,33,479,360,2000,1985,24,1.200000000,10629.221500000,10524.470000000,10520.860000000,3.600500000,104.751500000,209503,33.700000000,8.410825702,15.840785744,68.577480351,0.842073034,32.291181791,1.000000000
1164,fixed_random_bfs,1654560339,512,28,484,400,2000,1985,0,0.000000000,10629.221500000,10581.571500000,10581.562000000,0.000000000,47.650000000,95300,15.100000000,8.410825702,15.881630343,68.620193161,0.827341494,32.382978476,1.000000000
1165,fixed_random_bfs,4685552108,512,33,479,363,2000,1985,18,0.900000000,10629.221500000,10559.358000000,10556.148000000,3.200500000,69.863500000,139727,29.400000000,8.410825702,15.889524212,68.870149650,0.711064357,32.397059187,1.000000000
1166,fixed_random_bfs,1438384650,512,19,493,155,2000,1985,1,0.050000000,10629.221500000,10614.685500000,10614.434000000,0.242000000,14.536000000,29072,4.700000000,8.410825702,20.882140763,91.398495356,1.143263997,42.592905093,1.000000000
1167,fixed_random_bfs,311888773,512,35,477,589,2000,1985,21,1.050000000,10629.221500000,10542.234000000,10537.537500000,4.687000000,86.987500000,173975,27.650000000,8.410825702,20.763509220,91.034580702,1.133889489,42.342963473,1.000000000
1168,fixed_random_bfs,11406498537,512,31,481,516,2000,1985,3,0.150000000,10629.221500000,10600.268000000,10599.548000000,0.710500000,28.953500000,57907,9.500000000,8.410825702,20.771417676,91.193613654,1.117432937,42.366240456,1.000000000
1169,fixed_random_bfs,5581559371,512,29,483,300,2000,1985,1,0.050000000,10629.221500000,10602.301500000,10602.069500000,0.222500000,26.920000000,53840,9.050000000,8.410825702,15.908524385,68.623319810,0.847110656,32.435292360,1.000000000
1170,fixed_random_bfs,1520364388,512,30,482,581,2000,1985,0,0.000000000,10629.221500000,10620.279000000,10620.269500000,0.000000000,8.942500000,17885,3.450000000,8.410825702,20.810829718,90.774883598,1.116356847,42.449748653,1.000000000
1171,fixed_random_bfs,12514870306,512,35,477,343,2000,1985,138,6.900000000,10629.221500000,10493.918000000,10464.579500000,29.329000000,135.303500000,270607,50.650000000,8.410825702,15.819522213,68.150492393,0.814625218,32.230076295,1.000000000
1172,fixed_random_bfs,5332114765,512,41,471,458,2000,1985,4,0.200000000,10629.221500000,10589.646000000,10589.240500000,0.396000000,39.575500000,79151,22.650000000,8.410825702,15.896577665,68.575946905,0.840863618,32.407292991,1.000000000
1173,fixed_random_bfs,8699439755,512,23,489,366,2000,1985,23,1.150000000,10629.221500000,10545.377500000,10539.766000000,5.602000000,83.844000000,167688,26.400000000,8.410825702,20.579763121,89.467916242,1.123206486,41.959266563,1.000000000
1174,fixed_random_bfs,3237019981,512,33,479,351,2000,1985,5,0.250000000,10629.221500000,10596.251000000,10595.032000000,1.209500000,32.970500000,65941,13.200000000,8.410825702,19.296824319,83.282978904,1.127692209,39.346616431,1.000000000
1175,fixed_random_bfs,280065099,512,52,460,1077,2000,1985,4,0.200000000,10629.221500000,10599.265000000,10598.388500000,0.867000000,29.956500000,59913,12.300000000,8.410825702,15.944064904,68.721312998,0.872234139,32.504959559,1.000000000
1176,fixed_random_bfs,4887587881,512,26,486,100,2000,1985,1,0.050000000,10629.221500000,10565.216000000,10565.203500000,0.003000000,64.005500000,128011,28.300000000,8.410825702,15.875382985,68.421955802,0.824533589,32.363207299,1.000000000
1177,fixed_random_bfs,314074584,512,28,484,428,2000,1985,100,5.000000000,10629.221500000,10523.746500000,10499.410000000,24.327000000,105.475000000,210950,35.600000000,8.410825702,20.436567995,89.393991847,0.981180230,41.648481812,1.000000000
1178,fixed_random_bfs,1551008698,512,26,486,601,2000,1985,0,0.000000000,10629.221500000,10619.453000000,10619.443500000,0.000000000,9.768500000,19537,4.700000000,8.410825702,15.865042658,68.203655357,0.816139552,32.344281324,1.000000000
1179,fixed_random_bfs,1520431594,512,31,481,559,2000,1985,2,0.100000000,10629.221500000,10623.268500000,10622.781000000,0.478000000,5.953000000,11906,2.150000000,8.410825702,20.434104769,90.203678906,1.156106969,41.666276059,1.000000000
1180,fixed_random_bfs,1325753252,512,33,479,993,2000,1985,1,0.050000000,10629.221500000,10623.128000000,10622.863000000,0.255500000,6.093500000,12187,2.850000000,8.410825702,20.274198124,89.851268301,1.151827931,41.338281888,1.000000000
1181,fixed_random_bfs,112664159,512,36,476,480,2000,1985,15,0.750000000,10629.221500000,10595.285500000,10593.067500000,2.208500000,33.936000000,67872,12.600000000,8.410825702,20.308815097,89.550490494,1.012405177,41.402505968,1.000000000
1182,fixed_random_bfs,2583505080,512,24,488,237,2000,1985,32,1.600000000,10629.221500000,10582.862500000,10575.367000000,7.486000000,46.359000000,92718,18.600000000,8.410825702,20.223234678,89.612669499,0.986647255,41.232907458,1.000000000
1183,fixed_random_bfs,1164520393,512,26,486,490,2000,1985,5,0.250000000,10629.221500000,10619.523000000,10618.738500000,0.775000000,9.698500000,19397,3.550000000,8.410825702,15.775289905,68.699848746,0.818162589,32.157433446,1.000000000
1184,fixed_random_bfs,4573598273,512,34,478,337,2000,1985,36,1.800000000,10629.221500000,10540.675500000,10535.617000000,5.049000000,88.546000000,177092,31.450000000,8.410825702,15.669456598,67.852521144,0.817321566,31.938742544,1.000000000
1185,fixed_random_bfs,1223751647,512,37,475,539,2000,1985,17,0.850000000,10629.221500000,10540.640000000,10536.834500000,3.796000000,88.581500000,177163,34.500000000,8.410825702,15.625542285,67.343654855,0.822677257,31.850250247,1.000000000
1186,fixed_random_bfs,5291597607,512,42,470,625,2000,1985,17,0.850000000,10629.221500000,10537.959000000,10535.484500000,2.465000000,91.262500000,182525,36.000000000,8.410825702,19.840316625,88.282355296,1.141966673,40.450983535,1.000000000
1187,fixed_random_bfs,4760493511,512,24,488,284,2000,1985,1,0.050000000,10629.221500000,10606.872000000,10606.632000000,0.230500000,22.349500000,44699,6.750000000,8.410825702,15.744997693,68.537676510,0.809985228,32.094699657,1.000000000
1188,fixed_random_bfs,1549690481,512,30,482,635,2000,1985,0,0.000000000,10629.221500000,10624.650500000,10624.641000000,0.000000000,4.571000000,9142,2.300000000,8.410825702,18.413500667,82.198265841,1.169734807,37.542075826,1.000000000
1189,fixed_random_bfs,4606429839,512,32,480,534,2000,1985,0,0.000000000,10629.221500000,10603.632500000,10603.623000000,0.000000000,25.589000000,51178,8.350000000,8.410825702,18.885120952,83.299709551,1.178998030,38.508555034,1.000000000
1190,fixed_random_bfs,12565445789,512,32,480,815,2000,1985,0,0.000000000,10629.221500000,10625.631000000,10625.621500000,0.000000000,3.590500000,7181,0.900000000,8.410825702,15.687371301,68.291512602,0.866312689,31.978157065,1.000000000
1191,fixed_random_bfs,1316566956,512,21,491,266,2000,1985,1,0.050000000,10629.221500000,10614.254000000,10614.017500000,0.227000000,14.967500000,29935,6.400000000,8.410825702,18.891519022,82.937941598,1.133900235,38.520302804,1.000000000
1192,fixed_random_bfs,5374060526,512,32,480,432,2000,1985,1,0.050000000,10629.221500000,10604.870500000,10604.636500000,0.224500000,24.351000000,48702,9.700000000,8.410825702,15.394116946,66.619596551,0.800332359,31.373233261,1.000000000
1193,fixed_random_bfs,3028479585,512,22,490,136,2000,1985,4,0.200000000,10629.221500000,10624.323500000,10623.464500000,0.849500000,4.898000000,9796,2.050000000,8.410825702,15.628041540,67.920935244,0.856565335,31.847923694,1.000000000
1194,fixed_random_bfs,13450630961,512,34,478,273,2000,1985,3,0.150000000,10629.221500000,10579.794000000,10579.234000000,0.550500000,49.427500000,98855,16.500000000,8.410825702,15.514897086,67.105584647,0.828988830,31.620715565,1.000000000
1195,fixed_random_bfs,1576669345,512,39,473,718,2000,1985,2,0.100000000,10629.221500000,10605.453500000,10605.207000000,0.237000000,23.768000000,47536,6.800000000,8.410825702,15.559115507,67.678702796,0.859141152,31.712889140,1.000000000
1196,fixed_random_bfs,11406498575,512,32,480,342,2000,1985,3,0.150000000,10629.221500000,10602.687000000,10602.070000000,0.607500000,26.534500000,53069,9.200000000,8.410825702,18.854222913,83.464989052,1.148722735,38.442863030,1.000000000
1197,fixed_random_bfs,1687478224,512,28,484,556,2000,1985,1,0.050000000,10629.221500000,10621.758000000,10621.496000000,0.252500000,7.463500000,14927,2.400000000,8.410825702,17.998206475,79.448055694,1.127245632,36.690902752,1.000000000
1198,fixed_random_bfs,8267894281,512,39,473,479,2000,1985,124,6.200000000,10629.221500000,10502.207000000,10476.838500000,25.359000000,127.014500000,254029,48.300000000,8.410825702,17.699014228,77.585386149,1.183152556,36.054289336,1.000000000
1199,fixed_random_bfs,8533497095,512,32,480,462,2000,1985,16,0.800000000,10629.221500000,10560.203000000,10557.253500000,2.940000000,69.018500000,138037,21.300000000,8.410825702,14.180660850,61.229143049,0.808448822,28.887396714,1.000000000
