region_id,split,current_label,future_label,z0_base,origin_only,destination_only,undirected,degree_rewired,shuffled_od,depth_01,depth_02,depth_04,depth_08,depth_16,depth_32,pooling_mean,pooling_max
0,train,22.881500244,16.767500000,0.025529446,0.011825025,0.013704421,0.026199587,0.249186784,0.025529448,0.053412009,0.036725856,0.026043076,0.017565392,0.011548835,0.007881502,0.000330373,0.025199072
1,validation,32.918998718,29.803500000,0.041917861,0.025563190,0.017362922,0.038644716,0.298027486,0.040816538,0.069629475,0.058839586,0.043163355,0.035071578,0.025883740,0.018919449,0.000566570,0.041351296
2,holdout,4.763000011,5.487000000,0.002372865,0.000000000,0.002372865,0.002286252,0.266902030,0.002372865,0.004365548,0.003419292,0.002509575,0.001811969,0.001308941,0.000821864,0.000017173,0.002355692
3,train,11.784500122,11.183000000,0.007352546,0.000851416,0.006501130,0.006727815,0.289533705,0.007352546,0.011822167,0.010355864,0.008427044,0.006115934,0.004519562,0.002874700,0.000214876,0.007137669
4,train,105.591499329,107.260000000,0.278922737,0.149105504,0.138643518,0.276947528,0.300551295,0.274449289,0.419059992,0.362510383,0.291089386,0.242545947,0.207616791,0.150713950,0.017417291,0.261505485
5,validation,46.157001495,44.441500000,0.111992262,0.068534508,0.046405513,0.112871215,0.324181378,0.112370670,0.206665829,0.183643505,0.120118618,0.065562584,0.050674047,0.045288946,0.002295672,0.109696589
6,train,3.425499916,2.862500000,0.004713591,0.001009044,0.003704548,0.004649979,0.257119179,0.004713592,0.009114107,0.006740517,0.004803763,0.003435220,0.002506580,0.001681359,0.000039822,0.004673769
7,train,9.458999634,8.601500000,0.008845424,0.000004870,0.008840554,0.008681315,0.237233400,0.008845424,0.016432703,0.012846647,0.009555046,0.006871053,0.004429651,0.002937441,0.000130495,0.008714929
8,train,18.884000778,19.509500000,0.037209194,0.005668638,0.032948341,0.035081115,0.305442572,0.036996081,0.061695483,0.055068258,0.046858642,0.030982280,0.016653329,0.011997195,0.001095506,0.036113694
9,train,23.849000931,18.397000000,0.010525580,0.003858696,0.007648209,0.009410684,0.234990835,0.011506906,0.018660901,0.016817216,0.010848271,0.007732504,0.005123769,0.003970818,0.000121230,0.010404349
10,train,96.127502441,89.999500000,0.238701612,0.132207349,0.121325247,0.247780949,0.294890225,0.249611676,0.389513969,0.323685408,0.251951754,0.198864579,0.148357809,0.119836107,0.010352583,0.228349015
11,train,29.061000824,22.456500000,0.026669193,0.000772595,0.025896598,0.025289604,0.268903255,0.026669197,0.045627773,0.040578332,0.030937983,0.021916091,0.013087672,0.007867290,0.000308445,0.026360750
12,train,0.541999996,1.626000000,0.001615352,0.000000000,0.001615352,0.001611584,0.222143680,0.001615352,0.002555321,0.002039026,0.001703659,0.001375938,0.001110815,0.000907351,0.000073729,0.001541622
13,validation,40.335998535,41.273500000,0.084948190,0.033998180,0.055519599,0.066558912,0.288510084,0.086568646,0.116551235,0.103551738,0.085871190,0.070764095,0.054307804,0.078643076,0.002991474,0.081956714
14,train,28.468000412,27.883500000,0.027091300,0.013275131,0.016543437,0.023939596,0.236717433,0.029818568,0.044319786,0.039051097,0.029857438,0.023188040,0.015066729,0.011064700,0.000724371,0.026366925
15,validation,24.681499481,24.965000000,0.039679877,0.007959642,0.031762160,0.038023375,0.242964551,0.039710697,0.064478450,0.055203907,0.043892391,0.032927487,0.024680268,0.016896777,0.001004477,0.038675405
16,train,84.011001587,79.952500000,0.191710263,0.110468157,0.093682431,0.176603585,0.302468985,0.196453631,0.299240708,0.242883384,0.202319741,0.168350086,0.137218848,0.100248791,0.010231531,0.181478709
17,train,130.211502075,121.558000000,0.579605341,0.403369695,0.248388261,0.501701117,0.355844170,0.601229131,0.928912818,0.812045574,0.632843733,0.478996009,0.380032480,0.244801611,0.029608155,0.549997211
18,holdout,33.577999115,33.345500000,0.063700490,0.032574896,0.036738794,0.062885709,0.292658180,0.065950379,0.108641058,0.089343145,0.069144264,0.050691783,0.037761658,0.026621036,0.001583594,0.062116902
19,train,6.902500153,8.533000000,0.004590694,0.000000000,0.004590694,0.004150125,0.266463578,0.004590694,0.006801642,0.006800333,0.005435183,0.004008331,0.002567169,0.001931505,0.000080352,0.004510341
20,train,23.850500107,20.484000000,0.015748195,0.001989881,0.013758313,0.013933303,0.291210651,0.015748195,0.025826115,0.022970175,0.018709728,0.014329954,0.009759245,0.002893943,0.000178613,0.015569581
21,holdout,75.439498901,68.846000000,0.238852486,0.189038992,0.069882900,0.227361411,0.340586752,0.251854986,0.387858033,0.350014627,0.283069640,0.206638202,0.134058431,0.071475841,0.007740228,0.231112242
22,train,31.757999420,30.825500000,0.070551485,0.035505485,0.045988217,0.062837467,0.479303271,0.081190266,0.111738965,0.096768439,0.076581903,0.062325835,0.043515708,0.032378051,0.001403543,0.069147944
23,train,26.715499878,25.262000000,0.041718498,0.018297534,0.026615035,0.041323137,0.225723967,0.043753069,0.073590286,0.059856456,0.044541419,0.034074657,0.022638284,0.015609880,0.001718072,0.040000428
24,train,3.046999931,3.079500000,0.002978818,0.001470014,0.001546281,0.003073564,0.278663486,0.003016295,0.005420631,0.004248997,0.003112170,0.002228841,0.001647992,0.001214277,0.000043632,0.002935186
25,train,51.850498199,48.152500000,0.222310126,0.111714333,0.115751348,0.212277114,0.397440463,0.222039193,0.320492923,0.273780674,0.231500149,0.219176292,0.158333331,0.130577430,0.018222455,0.204087660
26,holdout,182.844497681,182.235000000,1.018346906,0.670979321,0.501027584,0.969870985,0.471949309,1.034023523,1.543497324,1.328864694,1.143446445,0.895498216,0.684521675,0.514252543,0.079186089,0.939160764
27,train,12.526000023,10.307500000,0.014421711,0.001263540,0.013460690,0.014434107,0.226267233,0.014724232,0.020076264,0.018269300,0.016075172,0.013389264,0.010636444,0.008083814,0.000276911,0.014144800
28,train,28.721500397,28.086500000,0.042684000,0.011836035,0.030995684,0.039348319,0.290113956,0.042528499,0.067802578,0.052490331,0.044662364,0.036692426,0.027489243,0.026967080,0.000980179,0.041703828
29,train,38.730998993,35.679000000,0.144991919,0.100411765,0.059027396,0.135641232,0.329300851,0.158209413,0.250101477,0.226143345,0.175965458,0.099684358,0.072696611,0.045360170,0.004151620,0.140840307
30,train,16.900999069,14.621000000,0.018054266,0.003040835,0.016605107,0.018253993,0.264008105,0.019645944,0.030714132,0.025273222,0.020415172,0.014298957,0.009882072,0.007742040,0.000497281,0.017556986
31,train,0.994000018,0.977000000,0.005820749,0.004389985,0.002888719,0.005822294,0.214547381,0.007278705,0.011014218,0.008280549,0.006059777,0.004368633,0.003085301,0.002116016,0.000081421,0.005739328
32,holdout,0.466500014,1.509500000,0.001568221,0.000000000,0.001568221,0.001562986,0.213672712,0.001568221,0.002536505,0.002020362,0.001685165,0.001357320,0.001038930,0.000771043,0.000054389,0.001513832
33,train,77.133003235,72.485000000,0.263938010,0.167566419,0.100594804,0.238877997,0.298769206,0.254495502,0.423715860,0.373821795,0.300307333,0.223534942,0.152717888,0.109530196,0.010968448,0.252969593
34,train,6.522500038,5.802500000,0.012729327,0.002821677,0.010593178,0.012334448,0.224283203,0.013414856,0.023082834,0.019040063,0.014129849,0.010043047,0.006507309,0.003572859,0.000336597,0.012392730
35,holdout,6.993500233,8.428500000,0.010242662,0.003033214,0.007498272,0.009651649,0.306109548,0.010531488,0.018868919,0.015173923,0.010205179,0.007031754,0.005456137,0.004720059,0.000147056,0.010095607
36,validation,3.927500010,4.099500000,0.004480217,0.000000002,0.004480217,0.003943160,0.255876899,0.004480219,0.007155086,0.007156435,0.005392319,0.003166003,0.002258706,0.001752751,0.000093839,0.004386378
37,validation,68.168998718,65.886500000,0.218132526,0.103280239,0.126286447,0.200998127,0.294653147,0.215892985,0.361376822,0.312294453,0.232610554,0.191253424,0.121875264,0.089384660,0.003937525,0.214194983
38,holdout,29.464000702,31.162000000,0.039723679,0.006697038,0.033048782,0.036603115,0.345983833,0.039720815,0.072971649,0.061768834,0.047384396,0.026154663,0.017359715,0.012702813,0.000809875,0.038913801
39,train,51.852001190,48.587500000,0.119163759,0.071656071,0.054176785,0.117853887,0.324859113,0.125759840,0.189322203,0.165416062,0.132297099,0.100475706,0.073409386,0.054062057,0.006045807,0.113117956
40,train,2.798000097,2.718000000,0.000047718,0.000000515,0.000047715,0.000027924,0.236191526,0.000048230,0.000000000,0.000000000,0.000000000,0.000012212,0.000139451,0.000134643,0.000000226,0.000047492
41,train,3.003499985,2.716500000,0.003643212,0.001853777,0.003629557,0.003345540,0.313817322,0.005483093,0.006811799,0.005214124,0.003421018,0.002328077,0.002331488,0.001752763,0.000098272,0.003544939
42,train,7.834499836,8.146000000,0.010039734,0.000858392,0.009181399,0.009517787,0.261061549,0.010039792,0.016421475,0.013529666,0.010558818,0.008290641,0.006584488,0.004853309,0.000347216,0.009692516
43,train,122.240997314,111.676500000,0.422288239,0.246152446,0.215521216,0.390065759,0.341450185,0.428674728,0.692639887,0.607330143,0.463881999,0.317695886,0.256189466,0.195991933,0.022643991,0.399644256
44,holdout,82.831001282,79.036000000,0.243664205,0.154384330,0.098175086,0.220377222,0.335065693,0.244357064,0.381701976,0.329813898,0.265498668,0.207344264,0.159478962,0.118147343,0.008966418,0.234697759
45,train,48.770999908,50.039000000,0.086588375,0.041184131,0.048417475,0.076293640,0.371950418,0.088069066,0.146099687,0.130454183,0.099880323,0.066753395,0.047146615,0.029195972,0.002914571,0.083673790
46,train,5.533500195,4.819000000,0.010624760,0.001975472,0.009090396,0.010520595,0.226971582,0.011065869,0.017245995,0.015315589,0.011222203,0.008540310,0.006550379,0.004874082,0.000437758,0.010187003
47,train,15.936499596,15.001000000,0.017617876,0.000002963,0.017614912,0.016699465,0.293864727,0.017617876,0.028716845,0.025710400,0.019167066,0.014030740,0.010515337,0.007566852,0.000402659,0.017215217
48,train,41.332500458,38.858500000,0.069734514,0.033578467,0.042223714,0.054663531,0.315217495,0.075456329,0.104440540,0.089861855,0.069431655,0.060387492,0.055552077,0.038733453,0.001745359,0.067989156
49,train,5.032499790,5.326500000,0.005787761,0.000000014,0.005787746,0.004949776,0.249532476,0.005787761,0.010321099,0.007764672,0.006237019,0.004809747,0.003594021,0.002000003,0.000088042,0.005699718
50,train,22.655500412,21.480500000,0.009099530,0.000000000,0.009099530,0.008523252,0.244974732,0.009099531,0.017469782,0.013689828,0.009545544,0.006497421,0.004403215,0.002991386,0.000192005,0.008907526
51,train,29.513500214,28.530500000,0.029448858,0.009852724,0.020584159,0.027164534,0.314025044,0.030436885,0.053956572,0.043061595,0.035026517,0.025121776,0.012035263,0.007491408,0.000424558,0.029024296
52,train,29.288000107,22.850500000,0.019943798,0.000772363,0.019171435,0.018645708,0.244847536,0.019943802,0.031124439,0.029420972,0.023675868,0.017848961,0.010787149,0.006805392,0.000195602,0.019748194
53,train,128.960494995,120.319500000,0.457346350,0.281789958,0.215602428,0.431606591,0.337931752,0.460390955,0.742121816,0.658017218,0.507824898,0.349023879,0.274422765,0.212667376,0.026144864,0.431201488
54,train,34.599498749,38.248000000,0.047301579,0.020894721,0.027983967,0.041898422,0.293231666,0.046772338,0.069585323,0.068327107,0.053234313,0.039278757,0.031756379,0.021627642,0.001053707,0.046247885
55,validation,7.466499805,7.285000000,0.005153880,0.000003959,0.005149920,0.005586767,0.296059966,0.005153881,0.009885777,0.007360276,0.005213419,0.003679359,0.002544574,0.002239875,0.000227404,0.004926477
56,train,35.090499878,35.615500000,0.132357463,0.067209840,0.072649963,0.124149427,0.254240960,0.127520919,0.219223142,0.192980886,0.147284806,0.105980553,0.078978509,0.049696773,0.002395641,0.129961818
57,train,96.485496521,95.744500000,0.419226170,0.262628853,0.161746174,0.409344673,0.337657422,0.416061133,0.687450111,0.591032267,0.473837584,0.372728705,0.239344537,0.150963768,0.024333034,0.394893140
58,train,3.921499968,3.098000000,0.002357849,0.000000000,0.002357849,0.002357896,0.226015121,0.002357849,0.003938777,0.002957915,0.002188132,0.001761572,0.001675570,0.001625129,0.000016968,0.002340881
59,train,86.159500122,82.195500000,0.150289044,0.076825060,0.084645621,0.131845981,0.285685331,0.154267475,0.226137161,0.199862346,0.165583849,0.133877575,0.104458533,0.071814731,0.007153102,0.143135935
60,train,23.111000061,18.030000000,0.008298090,0.000057421,0.008240669,0.006936665,0.273623765,0.008298091,0.012840882,0.012843122,0.009034624,0.006499324,0.004822584,0.003748005,0.000156004,0.008142086
61,holdout,22.264499664,16.955500000,0.018263998,0.000650578,0.017613420,0.017797323,0.270219028,0.018264001,0.031668879,0.027827198,0.020484176,0.014509092,0.009242492,0.005852144,0.000227992,0.018036006
62,holdout,1.817000031,1.213000000,0.002405793,0.000776366,0.001629427,0.002405173,0.296510011,0.002405793,0.005486829,0.003732878,0.002336957,0.001439084,0.000903328,0.000535683,0.000018958,0.002386835
63,train,84.272499084,80.658500000,0.153053328,0.051264975,0.106866106,0.141674623,0.315190613,0.150041789,0.207095549,0.187052682,0.159710765,0.131424502,0.104824029,0.128212392,0.003297744,0.149755597
64,train,2.818000078,2.556500000,0.003301668,0.000019954,0.003301586,0.003317703,0.323474556,0.003321540,0.006787776,0.005190958,0.003398729,0.002306798,0.001182427,0.000943321,0.000073484,0.003228184
65,train,8.562500000,7.095500000,0.003955523,0.000000000,0.003955523,0.003676317,0.298724949,0.003955524,0.006511258,0.005565346,0.004273564,0.003303481,0.002315226,0.001764264,0.000051829,0.003903695
66,train,62.559501648,58.470500000,0.238337681,0.187278181,0.067450143,0.229966417,0.308047235,0.247304752,0.388617277,0.348832190,0.282889694,0.211256146,0.134764671,0.063666046,0.008504909,0.229832754
67,train,2.687500000,2.754000000,0.003672568,0.000862783,0.002809792,0.003357404,0.268000275,0.003672575,0.005660936,0.005249998,0.004048490,0.002651747,0.002377060,0.002047179,0.000076830,0.003595739
68,train,76.458503723,74.358500000,0.129714221,0.063251972,0.075088046,0.115640663,0.311241835,0.132166371,0.193843931,0.171430483,0.128417462,0.111362927,0.098999172,0.074231394,0.003816905,0.125897318
69,validation,86.246498108,85.250500000,0.203568354,0.109703071,0.108404703,0.200425625,0.343604982,0.213709682,0.338812679,0.274854094,0.214198709,0.162649572,0.124369174,0.106525846,0.009449360,0.194118977
70,train,3.460000038,3.041000000,0.004470184,0.000000000,0.004470184,0.004417387,0.302428365,0.004470184,0.008976278,0.007129082,0.004996807,0.003284287,0.001650650,0.000783996,0.000032699,0.004437484
71,train,5.387499809,4.320000000,0.008455656,0.002071784,0.007066174,0.008502297,0.311898708,0.009137960,0.014721355,0.011446708,0.008882185,0.006684250,0.005532844,0.003466588,0.000319802,0.008135853
72,train,103.807502747,105.165000000,0.440852970,0.256517082,0.232501909,0.414119542,0.346459508,0.458970487,0.678233802,0.588056445,0.478329867,0.381885529,0.275676310,0.242935985,0.025804283,0.415048689
73,train,67.050498962,64.966500000,0.143299669,0.066862695,0.083436996,0.115590572,0.400314450,0.141901955,0.207563773,0.176173300,0.139993221,0.109431557,0.121194549,0.105441600,0.005950512,0.137349159
74,train,13.285499573,14.375000000,0.028690198,0.002072726,0.026723059,0.023776930,0.280746788,0.028795790,0.049263105,0.040988363,0.031093027,0.023118448,0.016180087,0.011498167,0.001031233,0.027658965
75,train,34.506999969,30.650500000,0.030705219,0.009859852,0.022628507,0.030309092,0.249499366,0.032449823,0.058231108,0.042932961,0.031209046,0.024237556,0.015349343,0.012271298,0.000406910,0.030298308
76,train,91.000503540,87.266500000,0.176958665,0.090756893,0.094581604,0.165993884,0.279378176,0.178303957,0.282756686,0.239396408,0.196230054,0.155149683,0.106762178,0.081456929,0.009321835,0.167636842
77,holdout,125.512496948,127.102000000,0.699832082,0.438839406,0.328906983,0.628906131,0.463670254,0.691997409,1.030591726,0.905442715,0.770133495,0.664641857,0.511748493,0.316434205,0.039663300,0.660168827
78,holdout,27.232000351,21.688500000,0.024285791,0.001314208,0.023544928,0.019790497,0.258427233,0.024859138,0.036830917,0.036833823,0.028227312,0.020298390,0.013625399,0.009898907,0.000350016,0.023935776
79,train,25.895500183,20.260500000,0.005536762,0.000111275,0.005425488,0.004675018,0.352098286,0.005536763,0.009294521,0.007498986,0.005357192,0.003713349,0.003128957,0.004227570,0.000042794,0.005493969
80,train,92.997497559,85.533000000,0.228799254,0.091801964,0.151887685,0.221553043,0.327275395,0.240378752,0.339951515,0.305551171,0.245311946,0.186485380,0.167096958,0.128398508,0.008936880,0.219862372
81,train,16.293500900,15.163500000,0.016727479,0.005843574,0.010906287,0.016725576,0.238854498,0.016749863,0.031167755,0.023518922,0.017483573,0.012675831,0.009165337,0.006353449,0.000287614,0.016439866
82,holdout,119.416999817,119.880000000,0.313221186,0.140308022,0.202302083,0.297938287,0.297194391,0.318693161,0.461062908,0.401486874,0.330771238,0.272107929,0.219698980,0.194199249,0.015567551,0.297653675
83,train,11.048000336,11.754000000,0.009450886,0.000088767,0.009362118,0.008557660,0.289375246,0.009450886,0.016176088,0.014411574,0.011221535,0.006656543,0.005019350,0.003220221,0.000243999,0.009206886
84,validation,129.563003540,128.330500000,0.569069028,0.354844302,0.247447863,0.502603769,0.399416417,0.562240362,0.824634731,0.749494672,0.633156657,0.520100534,0.434105039,0.252922416,0.034659028,0.534410000
85,train,25.954999924,25.688000000,0.033285733,0.012099717,0.022398561,0.028471295,0.291251272,0.034498282,0.056440692,0.049839146,0.041612234,0.029650325,0.015178123,0.006993893,0.000542121,0.032743614
86,validation,32.918498993,33.206500000,0.031593308,0.011649217,0.020042090,0.029963743,0.275153399,0.031691309,0.053465143,0.048536703,0.037963822,0.025944132,0.013772211,0.009877847,0.000467368,0.031125944
87,train,6.565499783,6.516000000,0.008054860,0.001242877,0.007495449,0.007611057,0.274824947,0.008738326,0.014701624,0.011688855,0.008554789,0.005951883,0.003999552,0.003432451,0.000132665,0.007922195
88,train,2.335500002,2.375000000,0.006123926,0.000861773,0.005262168,0.006128561,0.274936289,0.006123940,0.009115699,0.007848721,0.006750134,0.005528762,0.004286797,0.003213437,0.000105019,0.006018906
89,train,50.666500092,52.524000000,0.102365345,0.045269318,0.068082467,0.087418675,0.385455966,0.111119539,0.161602676,0.138680503,0.115078308,0.090917662,0.073015995,0.034896933,0.003223143,0.099142209
90,train,7.910500050,8.226500000,0.009761002,0.000525776,0.009236291,0.009434854,0.283574820,0.009762067,0.016467992,0.013172163,0.010072010,0.007859196,0.006268589,0.004726063,0.000393027,0.009367974
91,train,45.703998566,47.708500000,0.130948961,0.048514396,0.088985071,0.114666395,0.278989851,0.134390891,0.193085194,0.165351734,0.142126173,0.119382471,0.094386071,0.071362093,0.002577645,0.128371328
92,validation,20.004999161,17.755000000,0.018487293,0.002647085,0.015840212,0.017674098,0.250770211,0.018487299,0.030869680,0.025323318,0.019760858,0.014278131,0.010878883,0.009812884,0.000468270,0.018019024
93,validation,9.039500237,10.010000000,0.011891371,0.000006003,0.011885367,0.011636586,0.308461994,0.011891371,0.020776832,0.017403381,0.012338522,0.009307103,0.006715461,0.004806919,0.000237176,0.011654194
94,train,94.655998230,93.516500000,0.157477424,0.086511478,0.077386178,0.154603183,0.301305920,0.158690870,0.243431121,0.201274365,0.167274237,0.136225969,0.108929493,0.087729327,0.006775053,0.150702387
95,holdout,9.154000282,8.244500000,0.002407121,0.000000138,0.002406983,0.001669097,0.311220318,0.002407121,0.003056862,0.003056862,0.002295620,0.003336791,0.001740523,0.000956069,0.000014985,0.002392136
96,train,3.476000071,3.282500000,0.009559089,0.002093208,0.008065103,0.008303369,0.276903361,0.010158312,0.017835267,0.013798469,0.011134599,0.006984689,0.004492231,0.003109284,0.000287498,0.009271593
97,train,54.091499329,52.045500000,0.047858123,0.022294156,0.031436849,0.042512275,0.255900234,0.053730644,0.084202215,0.069644772,0.052901670,0.038999025,0.024917925,0.016483126,0.001052071,0.046806052
98,train,29.348499298,23.235500000,0.008859454,0.000004833,0.008854621,0.008623815,0.246096864,0.008859455,0.015518818,0.013017808,0.010185650,0.007257906,0.004220386,0.002956155,0.000048043,0.008811411
99,train,62.944999695,59.614000000,0.162958726,0.087016977,0.079805858,0.154726759,0.314982653,0.160446629,0.274602383,0.217294112,0.167956546,0.129901558,0.107431561,0.080566108,0.011766820,0.151191890
100,train,19.022499084,19.885000000,0.042991832,0.005735881,0.039150566,0.037833799,0.322804689,0.043319963,0.069185860,0.060513377,0.051750604,0.039740406,0.023658995,0.013101727,0.001306583,0.041685250
101,train,23.365999222,17.517000000,0.013469595,0.005979998,0.007489596,0.013817184,0.258489847,0.013469595,0.024826169,0.018713066,0.014642053,0.010663330,0.007109502,0.004863442,0.000278827,0.013190768
102,validation,0.749000013,0.600000000,0.007133330,0.005321110,0.004433459,0.007125417,0.265182614,0.009754570,0.011915779,0.009847880,0.007727057,0.005830049,0.004306282,0.003172934,0.000135661,0.006997669
103,train,8.541000366,7.514000000,0.012680234,0.001917447,0.011532156,0.012855014,0.241399854,0.013449602,0.019426830,0.016786717,0.013997091,0.011130847,0.008564994,0.006174925,0.000592608,0.012087626
104,train,27.829500198,28.162500000,0.051365212,0.013916389,0.039045379,0.045225840,0.330355972,0.051978335,0.090385444,0.074080274,0.060731076,0.043104351,0.026355386,0.013534734,0.001722630,0.049642581
105,train,20.479499817,21.350000000,0.052188579,0.032969400,0.028290438,0.041309893,0.311950624,0.060883209,0.076878890,0.074246570,0.055608947,0.044311766,0.041846238,0.020239038,0.000695739,0.051492844
106,train,4.501999855,4.915000000,0.008530336,0.000000000,0.008530336,0.007775412,0.293397605,0.008530336,0.013551121,0.012152985,0.009243836,0.007528837,0.005332446,0.003372788,0.000287404,0.008242931
107,train,55.278999329,51.137500000,0.168129191,0.129407585,0.046016656,0.169232205,0.314783543,0.170930117,0.291835129,0.259356052,0.214007974,0.109040812,0.084360614,0.050174437,0.005223461,0.162905708
108,train,43.372001648,40.336500000,0.090406634,0.060723525,0.037332848,0.082963347,0.378063858,0.095532387,0.145279869,0.127575323,0.101576306,0.068897463,0.051124249,0.047986548,0.001563743,0.088842891
109,validation,24.520500183,25.706500000,0.024008295,0.009064865,0.015512113,0.022885252,0.286475152,0.024576981,0.040931609,0.035933752,0.026592454,0.019414511,0.013158113,0.008019325,0.000701732,0.023306563
110,train,16.318500519,17.664000000,0.018029004,0.003947800,0.014529236,0.019102803,0.292524517,0.018477038,0.031222442,0.027211176,0.020502549,0.014404745,0.009166372,0.005666730,0.000331019,0.017697984
111,train,1.536999941,1.236500000,0.003449821,0.000000000,0.003449821,0.003053218,0.260828018,0.003449821,0.005436530,0.005434663,0.004201632,0.003002243,0.001515748,0.001108108,0.000051778,0.003398043
112,train,42.986999512,40.304500000,0.049952723,0.030266188,0.020749491,0.041119926,0.308792293,0.051015630,0.079123214,0.072282732,0.056506231,0.042265892,0.028194660,0.021343632,0.000819271,0.049133461
113,holdout,4.844500065,4.287500000,0.009237116,0.001966562,0.007895838,0.009121871,0.233612597,0.009862402,0.015115660,0.012712942,0.009437801,0.007628351,0.006037924,0.004490014,0.000253970,0.008983145
114,train,39.427501678,37.688500000,0.132525802,0.095913678,0.051867653,0.129179090,0.493901491,0.146732435,0.232661769,0.208359286,0.159765005,0.087374657,0.067165226,0.039828923,0.002760855,0.129764959
115,train,52.719501495,49.803500000,0.034608170,0.012000369,0.024987873,0.032960232,0.256581396,0.036988247,0.063295618,0.051458012,0.038314831,0.026318697,0.018147692,0.010114157,0.000581382,0.034026787
116,train,95.847999573,94.742500000,0.162328839,0.091880225,0.073896870,0.158833489,0.322165966,0.163558811,0.249400601,0.206716061,0.172401428,0.144084737,0.113268115,0.088101983,0.006552230,0.155776575
117,validation,27.394500732,25.526000000,0.017808236,0.004926397,0.017070860,0.016520597,0.253972322,0.021997243,0.028733101,0.024985561,0.019099800,0.014531709,0.011291619,0.008207613,0.000692079,0.017116155
118,train,158.639007568,151.821000000,0.745771825,0.506756067,0.264227837,0.658818603,0.399391949,0.738753080,1.026507497,0.964479268,0.844158888,0.721031785,0.505664587,0.412788719,0.040840849,0.704930961
119,holdout,12.222499847,14.834500000,0.015023338,0.003503511,0.012709660,0.014490849,0.260065049,0.016213173,0.026613345,0.019935727,0.015099296,0.011728304,0.009449342,0.007314016,0.000326583,0.014696756
120,holdout,4.748499870,3.924500000,0.001880568,0.000008399,0.001872168,0.001877945,0.206056312,0.001880568,0.003480567,0.002624742,0.001929274,0.001402500,0.001041334,0.000804990,0.000055165,0.001825402
121,train,11.441499710,13.097500000,0.020367064,0.005402241,0.014964823,0.018400490,0.307137609,0.020367065,0.039671395,0.031265680,0.022175677,0.013403980,0.009043222,0.006642429,0.000470813,0.019896252
122,train,49.608001709,47.671000000,0.059500255,0.023984134,0.037146788,0.055787347,0.273893744,0.061022349,0.094493218,0.084843099,0.064547069,0.048240900,0.037080061,0.027797181,0.002537384,0.056962870
123,train,0.577499986,1.689500000,0.001615496,0.000000000,0.001615496,0.001612229,0.201184452,0.001615496,0.002555321,0.002039026,0.001703830,0.001376398,0.001111330,0.000907071,0.000073874,0.001541622
124,train,3.877000093,3.141000000,0.002232197,0.000000000,0.002232197,0.002231931,0.236122280,0.002232198,0.003938777,0.002957915,0.002161283,0.001579137,0.001385785,0.001370288,0.000016013,0.002216185
125,holdout,73.871002197,73.385000000,0.226415470,0.101673990,0.132134736,0.220093861,0.262381732,0.227568865,0.331794500,0.300570428,0.258869827,0.197862193,0.154214635,0.115181290,0.004538099,0.221877366
126,holdout,9.102499962,8.245000000,0.011334208,0.001796525,0.010067007,0.010888719,0.418576241,0.011863532,0.019624589,0.017583052,0.011933427,0.008276119,0.006165147,0.004422913,0.000383687,0.010950522
127,train,3.954999924,4.635500000,0.002308546,0.000000454,0.002308092,0.002221633,0.282882512,0.002308546,0.003807202,0.003808434,0.002091805,0.001588782,0.001482159,0.001072895,0.000022177,0.002286369
128,validation,109.144500732,104.480000000,0.384967953,0.285897464,0.124229670,0.334089369,0.353146881,0.396742016,0.537845254,0.493662715,0.425460696,0.364070177,0.308852375,0.179916531,0.015259430,0.369708538
129,train,18.053499222,17.233000000,0.022353094,0.008349816,0.014003313,0.020791048,0.405736059,0.022353133,0.039041597,0.034113407,0.023978537,0.016479153,0.011846025,0.008659836,0.000803600,0.021549495
130,train,69.467498779,66.027500000,0.138291255,0.068926111,0.072804496,0.126162663,0.287544131,0.135554537,0.222295448,0.182005063,0.135357440,0.109785601,0.093423791,0.086880192,0.007875685,0.130415574
131,holdout,20.791999817,17.773000000,0.250695616,0.007901664,0.244304001,0.231144920,0.332696050,0.252205729,0.284782618,0.278007388,0.268592238,0.251208812,0.226824552,0.194758177,0.006975879,0.243719742
132,train,27.899000168,26.525000000,0.022890724,0.009595237,0.017017271,0.021471580,0.273946822,0.026572272,0.040371373,0.031900492,0.023432128,0.017939458,0.014400347,0.009300547,0.000767503,0.022123223
133,validation,26.064500809,25.866500000,0.033222452,0.014218407,0.019829703,0.033601250,0.280571461,0.034047473,0.061520115,0.047592934,0.034874573,0.025244055,0.018055188,0.012047834,0.000864997,0.032357454
134,train,149.631500244,154.861000000,0.789519250,0.496553898,0.351809025,0.747086883,0.399848729,0.772223949,1.227197886,1.097725153,0.858156562,0.645886958,0.488757372,0.419391572,0.041409940,0.748109341
135,train,9.130999565,7.741000000,0.003555486,0.000000166,0.003555320,0.003204098,0.290955186,0.003555487,0.005178572,0.005033323,0.004208050,0.003314774,0.002102059,0.001496139,0.000026699,0.003528787
136,validation,7.826499939,7.644000000,0.007817648,0.000000000,0.007817648,0.007817576,0.242484719,0.007817650,0.014282873,0.011013210,0.008318295,0.006107627,0.004309235,0.002874655,0.000155099,0.007662551
137,train,24.877500534,21.281500000,0.006292592,0.000801512,0.005491081,0.005624142,0.308939397,0.006292593,0.011014916,0.009486020,0.007014205,0.005151141,0.002590404,0.002498868,0.000049740,0.006242852
138,train,45.957000732,48.034500000,0.125105605,0.042654008,0.088568576,0.114247166,0.281734645,0.128207251,0.192842245,0.163182408,0.138902023,0.115972623,0.079101749,0.060632549,0.002260509,0.122845106
139,train,21.148500443,19.375000000,0.013803198,0.005413326,0.008742226,0.013298704,0.278416425,0.014155553,0.023825299,0.018815590,0.014903123,0.011268822,0.008052766,0.005953586,0.000480361,0.013322838
140,train,24.993499756,23.037500000,0.009586184,0.000079039,0.009507146,0.010278980,0.288268238,0.009586185,0.016567124,0.012859914,0.009631730,0.007406838,0.006656099,0.004395402,0.000366129,0.009220055
141,holdout,19.325500488,14.615000000,0.015165960,0.001424382,0.014541763,0.013559068,0.296963453,0.015966147,0.027293857,0.023062734,0.016755888,0.012637734,0.007541385,0.003704153,0.000135304,0.015030656
142,train,12.168499947,10.660000000,0.012734124,0.002790687,0.009943438,0.012264209,0.237150416,0.012734125,0.021656847,0.017907143,0.014299110,0.010347473,0.007085409,0.005108760,0.000248804,0.012485320
143,holdout,126.177001953,127.615000000,0.588814497,0.353196025,0.274809152,0.582270741,0.352549851,0.583659112,0.956800163,0.861698151,0.670784593,0.476930231,0.327860683,0.238813043,0.026390022,0.562424421
144,train,0.365999997,1.738500000,0.001616112,0.000000000,0.001616112,0.001614862,0.228633136,0.001616112,0.002557423,0.002040745,0.001704959,0.001376338,0.001110737,0.000906469,0.000074489,0.001541622
145,train,4.352499962,5.533000000,0.006235356,0.000000000,0.006235356,0.005963889,0.259654820,0.006235357,0.010896529,0.008826168,0.006546595,0.004872784,0.003634630,0.002635431,0.000135456,0.006099901
146,train,54.423999786,52.659500000,0.253196150,0.159128577,0.105643190,0.230291143,0.332856536,0.247980431,0.409519136,0.367496550,0.288922697,0.207892478,0.140347570,0.104998343,0.008383930,0.244812220
147,train,89.272499084,80.523000000,0.253137469,0.132881314,0.146482795,0.230804235,0.314302862,0.258809268,0.382852197,0.350259006,0.298540175,0.216081858,0.149279639,0.121811740,0.008513762,0.244623691
148,train,51.294998169,50.935000000,0.270151138,0.144658834,0.143142372,0.275301367,0.341870397,0.277494580,0.445749372,0.409822524,0.310807526,0.219309896,0.148994252,0.086223267,0.008502811,0.261648357
149,train,19.666500092,15.416500000,0.004953289,0.000057324,0.004895965,0.005072714,0.259249777,0.004953290,0.009115865,0.006606124,0.005057559,0.003921537,0.002932735,0.002085911,0.000243453,0.004709835
150,holdout,56.362998962,59.579000000,0.136946172,0.078818142,0.061384298,0.133477092,0.285575688,0.139584452,0.221552521,0.185669735,0.146556854,0.112828046,0.090244710,0.064825207,0.004146555,0.132799640
151,validation,73.275001526,69.979000000,0.308916271,0.193476304,0.134739131,0.256433606,0.377834678,0.318921506,0.468593329,0.413555175,0.352323055,0.304547161,0.237868115,0.076610692,0.005950653,0.302965611
152,holdout,59.747501373,57.052500000,0.096411295,0.062622547,0.039457135,0.086768150,0.403481185,0.099236704,0.150042847,0.138073638,0.109245047,0.075658768,0.057526849,0.047920570,0.001729062,0.094682232
153,holdout,37.400501251,34.798000000,0.031090155,0.012383337,0.021586413,0.029877668,0.310103118,0.033969749,0.058005579,0.046130009,0.034029573,0.023592066,0.015484902,0.009298800,0.000455873,0.030634282
154,train,7.472499847,8.502000000,0.019198082,0.003073525,0.016124558,0.019096667,0.322887599,0.019198084,0.033718478,0.026032573,0.020707708,0.015890513,0.011428483,0.007410734,0.000483166,0.018714918
155,train,85.238998413,83.021000000,0.137320161,0.085402317,0.055617511,0.141318843,0.331149608,0.140892029,0.246529549,0.199901506,0.149410427,0.106640138,0.071592078,0.049847182,0.003457648,0.133862495
156,train,46.821498871,43.672500000,0.256192386,0.124544315,0.139463276,0.239425302,0.394951701,0.257001072,0.376713365,0.320960552,0.274912208,0.226042688,0.188914403,0.149611086,0.016544428,0.239647955
157,train,98.761497498,91.733000000,0.121575721,0.060250185,0.066789247,0.113932282,0.305872589,0.122792847,0.197979316,0.170856237,0.132449821,0.099413492,0.072569728,0.056185689,0.004215369,0.117360353
158,train,50.206001282,50.274500000,0.293840021,0.140342325,0.167366058,0.294079185,0.291996121,0.281112283,0.451604933,0.381049603,0.315209180,0.253516614,0.202608034,0.159051612,0.007279755,0.286560237
159,train,77.628501892,72.198500000,0.241567791,0.189703807,0.068056665,0.231663227,0.344091058,0.248938933,0.400067508,0.357599497,0.286636561,0.208366454,0.134151161,0.062585644,0.005688444,0.235879377
160,train,7.939000130,8.101500000,0.009389695,0.001762779,0.007626925,0.009312864,0.348024011,0.009389705,0.017816292,0.014469831,0.010612680,0.006962352,0.003920744,0.002556273,0.000180124,0.009209571
161,train,6.199500084,7.496500000,0.019134583,0.004709031,0.014425593,0.015511847,0.321020812,0.019134626,0.029305441,0.029314535,0.022032853,0.013234839,0.011542113,0.009377707,0.000205596,0.018928986
162,train,3.604000092,3.659500000,0.007170533,0.001612306,0.005558227,0.006131283,0.302561283,0.007170533,0.011715930,0.009809137,0.007256089,0.005838070,0.004762291,0.003641678,0.000110438,0.007060095
163,validation,26.217500687,24.254500000,0.026794877,0.005983189,0.021811884,0.029997645,0.260793328,0.027795039,0.040980250,0.035160560,0.028078357,0.022604499,0.019410945,0.014534647,0.001064762,0.025730114
164,validation,4.255499840,4.251500000,0.009320159,0.001842998,0.008535707,0.009123686,0.231811881,0.010378707,0.013977466,0.011870587,0.010062284,0.008117460,0.006496088,0.005397066,0.000349337,0.008970822
165,validation,131.878494263,129.356500000,0.603073657,0.377601832,0.260343611,0.519373894,0.397975445,0.595902741,0.842679679,0.806786478,0.689195931,0.568623066,0.439018369,0.272138506,0.038105391,0.564968288
166,holdout,4.570000172,3.831000000,0.002008645,0.000297776,0.001710869,0.002009568,0.223184243,0.002008645,0.004032919,0.002941014,0.002059052,0.001416959,0.000962067,0.000639857,0.000044618,0.001964027
167,train,7.999499798,7.785500000,0.012610531,0.002819363,0.010476688,0.012583626,0.265122652,0.013296053,0.024217241,0.018981185,0.013859320,0.009182503,0.006019277,0.003403655,0.000276629,0.012333901
168,validation,20.426000595,21.435500000,0.045705166,0.018188510,0.032582432,0.035438072,0.288219929,0.050531477,0.069953471,0.066444963,0.050246622,0.037795786,0.029563438,0.020226708,0.000590878,0.045114290
169,train,3.763999939,2.824000000,0.003091644,0.001008443,0.002083201,0.003085632,0.250664175,0.003091645,0.005311834,0.004304647,0.003448348,0.002580301,0.001757545,0.001147193,0.000019644,0.003072001
170,train,12.809000015,12.466000000,0.020318788,0.002592584,0.017793629,0.020078976,0.233491972,0.020386213,0.037150037,0.030331336,0.021829197,0.015233196,0.010046442,0.007322514,0.000364745,0.019954043
171,train,128.888504028,130.528000000,0.575716555,0.369804949,0.228327453,0.552114904,0.355654180,0.570434570,0.916618466,0.823604405,0.633245945,0.438923597,0.327847898,0.314058840,0.027998174,0.547718406
172,validation,26.319499969,21.181500000,0.028449599,0.002779529,0.026473932,0.026377698,0.279459327,0.029253464,0.049851630,0.045786817,0.030911073,0.022069601,0.013887431,0.008191030,0.000733767,0.027715832
173,train,1.488000035,0.992000000,0.004551659,0.000000000,0.004551659,0.004551677,0.250732839,0.004551659,0.007381900,0.006382352,0.005088201,0.003835192,0.002774216,0.001848093,0.000030378,0.004521281
174,train,5.594500065,4.935500000,0.010566026,0.002811397,0.008440156,0.010410982,0.205253080,0.011251556,0.018965449,0.015540926,0.011627153,0.007724338,0.005630389,0.003907898,0.000271627,0.010294398
175,train,11.583000183,13.030500000,0.021851895,0.005696907,0.016154988,0.018346801,0.273758113,0.021851895,0.039773878,0.032277711,0.023221044,0.017165320,0.011849146,0.006824262,0.000657118,0.021194777
176,train,3.967000008,3.809000000,0.008304350,0.000924859,0.007382846,0.008204713,0.242683470,0.008307707,0.011765433,0.010366412,0.008969422,0.007599251,0.006211447,0.004914130,0.000419284,0.007885066
177,train,4.719999790,3.362500000,0.005968969,0.000000000,0.005968969,0.005355885,0.271029979,0.005968970,0.010017551,0.008706548,0.006729754,0.005066066,0.003183473,0.002110427,0.000068534,0.005900436
178,train,15.532500267,12.782000000,0.006336379,0.002839410,0.003496969,0.006362065,0.257365495,0.006336379,0.011812456,0.008926569,0.006578886,0.004755783,0.003523418,0.002421160,0.000104154,0.006232225
179,train,5.870999813,7.315000000,0.006467975,0.000294494,0.006187050,0.005837252,0.301583618,0.006481545,0.010922298,0.009564674,0.007207377,0.005128305,0.003687901,0.002297292,0.000201494,0.006266481
180,train,55.734500885,55.779500000,0.081249490,0.043950859,0.041422606,0.070876814,0.262302548,0.084436730,0.118287414,0.103355020,0.091762751,0.083788127,0.059025839,0.031277735,0.002605050,0.078644440
181,validation,35.610000610,38.229000000,0.093647122,0.034065295,0.063849665,0.077146575,0.331640661,0.097807407,0.135153979,0.121552981,0.093848348,0.092692062,0.076172166,0.042463183,0.001921974,0.091725148
182,validation,19.343999863,19.672000000,0.030006761,0.012286540,0.019559693,0.026485687,0.276417404,0.031840090,0.050054923,0.043025255,0.035275124,0.025045477,0.015927542,0.010712240,0.000561800,0.029444959
183,train,4.965499878,4.747000000,0.009779035,0.001676003,0.008147704,0.009498417,0.393155426,0.009823706,0.015301786,0.013498777,0.010751549,0.008417514,0.006368833,0.004335743,0.000358437,0.009420597
184,train,34.957500458,33.485500000,0.040024884,0.015476373,0.025153188,0.037207842,0.311488658,0.040628120,0.067781843,0.060855158,0.047392134,0.028376395,0.020388078,0.015355688,0.001591288,0.038433596
185,validation,5.614999771,6.527000000,0.009915541,0.003753693,0.006213181,0.009378906,0.458903015,0.009966874,0.017989570,0.014258318,0.011200371,0.007541044,0.005425692,0.003078252,0.000194503,0.009721039
186,train,8.086000443,9.254500000,0.020721128,0.005074034,0.015647095,0.020667836,0.326172948,0.020721128,0.036731318,0.028574109,0.022567730,0.016910680,0.011926202,0.007616726,0.000425392,0.020295737
187,train,23.842500687,21.608500000,0.014207445,0.002840404,0.011471810,0.013219165,0.284246504,0.014312215,0.025293011,0.020866157,0.014927198,0.011238434,0.007533976,0.005385883,0.000190011,0.014017434
188,validation,10.450499535,9.565500000,0.009701858,0.000275843,0.009431762,0.009162994,0.275865525,0.009707605,0.016631307,0.012881480,0.009773034,0.007679477,0.006340167,0.004905690,0.000133267,0.009568592
189,train,1.075999975,0.832500000,0.000282744,0.000001470,0.000281273,0.000072969,0.331272423,0.000282744,0.000000000,0.000000000,0.000000000,0.000234924,0.000895582,0.000565956,0.000002515,0.000280229
190,train,6.098499775,6.896500000,0.018338496,0.004746324,0.015344569,0.017743386,0.274881452,0.020090895,0.031902071,0.025268536,0.020033568,0.015004730,0.010384344,0.007437726,0.000459977,0.017878519
191,holdout,51.832000732,53.262000000,0.105608165,0.042810999,0.066450194,0.089013666,0.388637900,0.107104436,0.169996694,0.144261360,0.117822252,0.090391189,0.071395256,0.039782226,0.003347920,0.102260239
192,train,94.055000305,88.978000000,0.275511473,0.149603218,0.137516961,0.282107621,0.365701795,0.282999575,0.461574644,0.388859838,0.301243961,0.220409542,0.160149559,0.120831206,0.014312582,0.261198908
193,train,14.730999947,13.345000000,0.000071483,0.000000000,0.000071483,0.000071474,0.258325934,0.000071483,0.000000000,0.000000000,0.000000000,0.000036695,0.000144371,0.000247835,0.000000354,0.000071130
194,train,5.164999962,4.016500000,0.007642416,0.001821640,0.006492800,0.006415996,0.291248053,0.008314439,0.012182388,0.010398699,0.010335471,0.006610040,0.003807584,0.002520314,0.000257464,0.007384952
195,train,25.290000916,27.584000000,0.033258438,0.001844592,0.032378349,0.028241167,0.335371912,0.033563197,0.057892665,0.049760778,0.039533250,0.026365668,0.016568366,0.009429884,0.000591171,0.032667264
196,train,30.784999847,30.927000000,0.102741256,0.019607421,0.083447188,0.095161341,0.303392619,0.100052804,0.170099214,0.144244134,0.111214854,0.083047122,0.064163409,0.043678768,0.002252389,0.100488849
197,holdout,25.903499603,23.439500000,0.030809417,0.017923340,0.014535632,0.030711764,0.242584869,0.032458968,0.056473378,0.045850061,0.032627996,0.022935385,0.014960120,0.012009556,0.000880480,0.029928936
198,holdout,111.362503052,112.570000000,0.281898618,0.159173608,0.152362987,0.254179478,0.448665112,0.285068244,0.447890490,0.388332576,0.303590626,0.227936208,0.192255527,0.131386414,0.013009558,0.268889070
199,train,33.576000214,39.515500000,0.031451490,0.008376053,0.025240913,0.025906265,0.299472421,0.033616964,0.049683020,0.047035471,0.035378188,0.025595881,0.018373348,0.012643015,0.000718261,0.030733228
200,train,27.033000946,29.144000000,0.041274719,0.021324191,0.021060022,0.042384826,0.277700514,0.042076625,0.078757398,0.063027747,0.044006452,0.028331136,0.019450266,0.014075313,0.000938194,0.040336527
201,holdout,126.938003540,129.195000000,0.490178049,0.314200401,0.216634437,0.437459290,0.464295089,0.486744702,0.831924438,0.701321721,0.573713899,0.379262716,0.279996008,0.174849823,0.021139646,0.469038457
202,holdout,19.519500732,16.005500000,0.027267249,0.005801091,0.021768678,0.026676420,0.264228225,0.027569771,0.044023335,0.037192665,0.030099032,0.022827601,0.017215312,0.012245551,0.000610016,0.026657235
203,train,4.143000126,3.137000000,0.005643840,0.000000019,0.005643821,0.005328973,0.251835346,0.005643841,0.010280900,0.008093173,0.005938196,0.003954644,0.003154311,0.002441819,0.000057939,0.005585901
204,train,32.666000366,27.579000000,0.020282717,0.012834142,0.007501332,0.018700343,0.264257014,0.020335477,0.035611156,0.031773690,0.022706283,0.015637018,0.009453090,0.006515058,0.000623368,0.019659346
205,holdout,11.821999550,10.575000000,0.005105297,0.000977806,0.004798414,0.005022272,0.245849162,0.005776220,0.008411208,0.006911971,0.005467244,0.004285649,0.003172247,0.002383465,0.000198638,0.004906660
206,train,4.077000141,3.600500000,0.005462854,0.000332750,0.005130105,0.005664705,0.243870035,0.005462854,0.008964553,0.007904541,0.006283282,0.004643044,0.002931738,0.002049964,0.000126538,0.005336316
207,train,53.188999176,46.685000000,0.236097068,0.136241719,0.105785087,0.236692488,0.364712059,0.236800492,0.336398900,0.302626371,0.266616970,0.216635019,0.167586297,0.126718983,0.021776682,0.214320391
208,holdout,51.381999969,50.437500000,0.140180200,0.053374831,0.093258858,0.127976343,0.435964376,0.141095579,0.241457686,0.211085767,0.158906758,0.115467340,0.074427508,0.039736077,0.003822776,0.136357412
209,validation,140.251998901,144.537000000,0.734974623,0.465070724,0.362072527,0.667905629,0.448794007,0.731584132,1.073139787,0.944531620,0.831879914,0.690605402,0.539177537,0.330513179,0.037732605,0.697242022
210,train,34.106498718,31.571000000,0.061575472,0.025656082,0.036896408,0.058766358,0.266246617,0.060579974,0.099265836,0.083754271,0.070454776,0.052286383,0.036285277,0.027406260,0.001470057,0.060105406
211,train,116.168998718,112.178000000,0.470861524,0.243467882,0.261481375,0.476344585,0.375633329,0.476128101,0.805052638,0.639901817,0.491528928,0.359962910,0.286256671,0.242466226,0.023257574,0.447604001
212,holdout,10.459500313,10.701500000,0.022310752,0.004540070,0.017771244,0.021669161,0.259126753,0.022311313,0.038952775,0.031208113,0.024188111,0.017151237,0.012792482,0.009571789,0.000996090,0.021314662
213,train,83.975997925,84.633000000,0.610176921,0.400134027,0.226634502,0.608727694,0.356844604,0.609309673,0.837346196,0.746183932,0.643431187,0.543511271,0.470720857,0.419867814,0.016557638,0.593619287
214,train,4.407000065,3.158000000,0.003610989,0.000000255,0.003610733,0.003484658,0.266336709,0.003610989,0.006199902,0.004662953,0.003300077,0.003209959,0.002612102,0.001680941,0.000033972,0.003577017
215,holdout,4.300499916,4.291000000,0.006898451,0.001075985,0.005822541,0.007160706,0.218663722,0.006898526,0.012340524,0.010210894,0.007653246,0.005663681,0.003580556,0.001941800,0.000177716,0.006720735
216,train,45.078498840,43.530000000,0.051332310,0.020897102,0.032949828,0.051465034,0.274512649,0.053846095,0.089947253,0.070906848,0.054752696,0.039900266,0.029584764,0.022902025,0.001758276,0.049574032
217,validation,170.656005859,176.901500000,1.128592730,0.780316293,0.407839715,1.113586783,0.532045245,1.107144117,1.970665216,1.564497709,1.258941054,0.962143421,0.576867044,0.438442141,0.059680227,1.068912506
218,holdout,30.714000702,25.954500000,0.021793248,0.014586931,0.007208753,0.022135191,0.277083576,0.021795684,0.041128058,0.033475265,0.023537386,0.015963482,0.009779176,0.006876131,0.000487575,0.021305677
219,train,3.758500099,3.920500000,0.005252679,0.000752369,0.004500310,0.004795630,0.281955242,0.005252680,0.007525821,0.007527345,0.006122251,0.004709993,0.003495760,0.002134906,0.000064813,0.005187866
220,train,61.957000732,59.527500000,0.128029451,0.060334459,0.074763715,0.115815051,0.298711121,0.130694911,0.187294617,0.166778773,0.143540770,0.115284756,0.086739078,0.068538643,0.004432013,0.123597436
221,train,121.048500061,120.580000000,0.527707458,0.330764771,0.222920254,0.515339494,0.374075830,0.529042423,0.893388152,0.713953376,0.534392655,0.468464941,0.365971923,0.190073311,0.027475547,0.500231922
222,train,6.276999950,5.216500000,0.005750658,0.000000000,0.005750658,0.005627924,0.256333381,0.005750658,0.010851678,0.008047270,0.005754418,0.003991645,0.003444415,0.002414521,0.000085041,0.005665616
223,holdout,6.910999775,7.669500000,0.006232176,0.000007450,0.006225102,0.005803784,0.274681985,0.006232553,0.010317029,0.008921635,0.006686909,0.004893564,0.003576129,0.002997786,0.000190971,0.006041205
224,train,58.678501129,61.971000000,0.097416446,0.043803751,0.063279256,0.084167950,0.290504545,0.104930788,0.151757032,0.136344075,0.109536573,0.084744558,0.065269977,0.036846463,0.002787267,0.094629191
225,holdout,39.395500183,40.176500000,0.099415086,0.043218017,0.063053578,0.091021053,0.296090841,0.101563163,0.173038587,0.144400537,0.112882525,0.075429499,0.053075600,0.037663721,0.001800555,0.097614527
226,train,29.343000412,23.445000000,0.011561485,0.000000000,0.011561485,0.011490850,0.237022907,0.011561487,0.019487195,0.017693013,0.013732175,0.009172821,0.005500695,0.003783006,0.000103531,0.011457954
227,train,106.354499817,99.861500000,0.245550469,0.166076019,0.103069901,0.210127190,0.472139746,0.250392586,0.406754404,0.361237377,0.287173450,0.203916833,0.129030019,0.085190624,0.008643196,0.236907274
228,train,17.256000519,14.043500000,0.004936370,0.000043559,0.004892811,0.004254652,0.247064918,0.004936370,0.006643394,0.006648336,0.005498049,0.004693188,0.003484613,0.002650635,0.000147374,0.004788995
229,validation,127.814498901,127.587500000,0.606640100,0.365863323,0.276743233,0.572860897,0.383368462,0.600569904,0.955261171,0.815352798,0.668150365,0.575312495,0.381792545,0.243970886,0.028166570,0.578473508
230,validation,10.117500305,9.947500000,0.009971589,0.000848428,0.009123161,0.009439167,0.269471198,0.009971590,0.016358852,0.013394639,0.010403546,0.008225904,0.006588125,0.004858467,0.000290867,0.009680722
231,validation,4.587500095,4.097500000,0.002953609,0.000000000,0.002953609,0.002637722,0.298507363,0.002953609,0.004387331,0.004388255,0.003533380,0.002696389,0.001502354,0.001213945,0.000017252,0.002936357
232,validation,64.841499329,60.661000000,0.238520160,0.141330376,0.108294472,0.239437371,0.317334116,0.239104718,0.398189932,0.344284475,0.285848379,0.175152197,0.127387524,0.100258544,0.009858096,0.228662074
233,train,74.181999207,70.703500000,0.134958580,0.064408787,0.079110980,0.126615003,0.404264927,0.136691585,0.215832859,0.177433863,0.142045230,0.107604735,0.082112104,0.084722698,0.006846672,0.128111914
234,train,24.316999435,20.122000000,0.022514265,0.002596848,0.020630062,0.017539024,0.386554211,0.023226913,0.032564744,0.033314869,0.024912808,0.018608144,0.014919193,0.010765818,0.000405089,0.022109175
235,train,11.775500298,15.648500000,0.009007008,0.001590865,0.008254419,0.008399907,0.249319777,0.009845284,0.014747513,0.012316489,0.009683258,0.007517755,0.005498382,0.004278647,0.000266417,0.008740591
236,train,3.602999926,4.320500000,0.001780008,0.000000000,0.001780008,0.001780008,0.308936179,0.001780008,0.003526832,0.002501843,0.001692929,0.001210813,0.000956761,0.000790870,0.000013234,0.001766774
237,holdout,39.213500977,40.556500000,0.101911590,0.046703137,0.062073909,0.088313326,0.305414766,0.103847422,0.164952934,0.147344276,0.118764721,0.082506679,0.058082364,0.039818477,0.001725920,0.100185655
238,train,27.618999481,25.721500000,0.026916906,0.006664459,0.021241497,0.026783232,0.225951359,0.027905960,0.048506651,0.042050403,0.027659878,0.017993378,0.014739725,0.010551394,0.001140231,0.025776675
239,validation,5.208000183,5.622500000,0.006807392,0.003040833,0.005839949,0.005609083,0.271818012,0.008667650,0.010435300,0.008669602,0.006980430,0.004619261,0.005361874,0.004777879,0.000193365,0.006614027
240,train,13.347499847,12.413500000,0.009597864,0.000772406,0.008825459,0.009297919,0.270607889,0.009597866,0.016297737,0.013333128,0.010301860,0.007600465,0.005622352,0.004431651,0.000219466,0.009378399
241,train,4.774499893,5.168000000,0.006264609,0.000000000,0.006264609,0.005810863,0.237094462,0.006264609,0.011432929,0.009630431,0.006252647,0.004536530,0.003388751,0.002346361,0.000105165,0.006159444
242,train,12.357000351,11.937000000,0.023678565,0.006383457,0.017943449,0.023747610,0.227521956,0.024326907,0.044729091,0.033005051,0.023848405,0.017688971,0.013128945,0.009670926,0.000309786,0.023368781
243,validation,2.976999998,4.600000000,0.009077571,0.003774021,0.006180468,0.008868192,0.257888138,0.009954490,0.016430523,0.012885525,0.009341451,0.006844285,0.005108077,0.003855560,0.000174084,0.008903487
244,train,35.030998230,38.881000000,0.052328795,0.017388048,0.037140846,0.043148950,0.444123000,0.052496422,0.087066598,0.076310374,0.059976891,0.043539431,0.027722683,0.019356793,0.001443399,0.050885398
245,train,33.302501678,37.365000000,0.054040279,0.017830092,0.038241323,0.046007715,0.451668859,0.053994983,0.092212781,0.078386620,0.062025316,0.045312487,0.028841732,0.017462764,0.001472809,0.052567478
246,holdout,10.188500404,9.843000000,0.027660441,0.004920637,0.022739809,0.026327176,0.269172788,0.027660446,0.048136581,0.040662814,0.030818589,0.021242205,0.014430388,0.010672069,0.001110718,0.026549723
247,train,78.945999146,80.019000000,0.151699424,0.057114437,0.109179035,0.131407887,0.312363565,0.157713726,0.211545214,0.195775777,0.170819849,0.132468089,0.109451115,0.090136431,0.003981815,0.147717610
248,train,21.816499710,17.036500000,0.008714464,0.002662924,0.006051661,0.009052550,0.264858276,0.008714586,0.016675951,0.014177260,0.009080525,0.006374549,0.003694975,0.002283530,0.000313168,0.008401297
249,train,52.147499084,48.934500000,0.217021734,0.128368646,0.094579615,0.219259173,0.320210487,0.218015999,0.328286737,0.279494792,0.247201562,0.202409610,0.148485675,0.096252002,0.018857235,0.198164508
250,holdout,69.755996704,65.801500000,0.160636097,0.072882473,0.091912106,0.157038763,0.300993145,0.158631831,0.250564814,0.213778481,0.168578103,0.137327641,0.104782850,0.088784620,0.005457751,0.155178338
251,validation,23.152000427,20.162500000,0.016207330,0.004278874,0.012900887,0.015593802,0.244126201,0.017179763,0.031186957,0.024795061,0.017945105,0.012644421,0.006464258,0.004208163,0.000414234,0.015793094
252,validation,5.519499779,6.429000000,0.006170796,0.000033296,0.006137501,0.004975602,0.291530967,0.006170797,0.010339951,0.008582168,0.006901555,0.005314905,0.003851615,0.002034587,0.000104107,0.006066691
253,validation,131.774505615,125.405000000,0.509738982,0.283448279,0.257512718,0.477540374,0.390314788,0.506936610,0.701867819,0.633722484,0.554671466,0.484519869,0.418918937,0.264733076,0.025383657,0.484355301
254,validation,118.111999512,111.222000000,0.451086223,0.243592411,0.234561175,0.432956070,0.347568840,0.441980094,0.744200647,0.638551295,0.490401983,0.346904129,0.262912273,0.223546773,0.025175497,0.425910771
255,train,4.466000080,5.526000000,0.009320007,0.001039393,0.008280614,0.008050270,0.272729069,0.009320008,0.015158748,0.013757410,0.010195191,0.007894333,0.005616029,0.003298329,0.000248379,0.009071628
256,train,83.566497803,82.397000000,0.314799428,0.181235641,0.153683573,0.301985800,0.329453528,0.319226712,0.490414262,0.413939029,0.338675678,0.266040444,0.211953864,0.167773440,0.017958483,0.296840996
257,train,20.337999344,19.087500000,0.031663548,0.010424608,0.022129888,0.030306520,0.229366392,0.031788331,0.056101039,0.047888119,0.035849404,0.022916120,0.015925830,0.011300750,0.000993012,0.030670533
258,validation,24.203500748,21.378500000,0.022495991,0.005539831,0.017901784,0.022082750,0.249860168,0.023441615,0.035331097,0.029969471,0.023905843,0.019390920,0.014810571,0.011568035,0.000844935,0.021651054
259,train,5.933000088,7.120000000,0.006940980,0.000723545,0.006501100,0.005932795,0.326674521,0.007224645,0.010378595,0.009600837,0.008058043,0.006221096,0.004420035,0.002967275,0.000237781,0.006703200
260,train,68.922500610,63.196000000,0.158371225,0.086498253,0.089280903,0.145998061,0.300327390,0.166442737,0.257861674,0.223074615,0.167350888,0.126931742,0.099447198,0.075561322,0.003256611,0.155114651
261,holdout,5.498499870,6.868000000,0.006203626,0.000008529,0.006195097,0.005019155,0.262657434,0.006203626,0.010387793,0.008634824,0.006957770,0.005370473,0.003850916,0.002019980,0.000154515,0.006049111
262,train,30.909999847,36.425500000,0.036729362,0.014523463,0.024281429,0.030761434,0.291463017,0.038804837,0.055550378,0.054230671,0.043442845,0.030862596,0.021840062,0.014449623,0.000788108,0.035941254
263,train,26.940000534,26.400500000,0.029313866,0.008721336,0.021606250,0.026929807,0.301719248,0.030327590,0.054012340,0.043111745,0.032465436,0.025515379,0.013357421,0.007420886,0.000502189,0.028811678
264,train,35.833499908,40.165000000,0.048701823,0.020807201,0.030467717,0.041964661,0.290859729,0.049369872,0.074418083,0.069248341,0.055160888,0.039244886,0.033564433,0.020574324,0.001217218,0.047484607
265,validation,19.229499817,22.248500000,0.024984380,0.007186453,0.018114069,0.024641367,0.255573750,0.025300523,0.045098878,0.034374550,0.025058530,0.018761951,0.015651885,0.010960484,0.000597815,0.024386566
266,train,31.708000183,30.346000000,0.028970098,0.010532952,0.018668758,0.021332512,0.343970001,0.029068718,0.036091316,0.034186989,0.035905357,0.030679740,0.020710371,0.016246827,0.000333000,0.028637100
267,validation,10.738499641,8.603000000,0.015363492,0.000985814,0.014389079,0.015170962,0.249817595,0.015374895,0.033419970,0.023546599,0.015543833,0.009740964,0.006074180,0.003855402,0.000151759,0.015211735
268,train,10.515999794,11.958500000,0.029810324,0.004866520,0.026146546,0.026491446,0.264025301,0.031013070,0.051059928,0.045606598,0.033786636,0.024567250,0.014587099,0.009254414,0.001174237,0.028636087
269,train,8.859000206,7.102000000,0.008163060,0.004363587,0.003799744,0.005339997,0.393572301,0.008162094,0.010306347,0.009290461,0.006977598,0.005203926,0.009236251,0.007963779,0.000055282,0.008107779
270,train,91.350502014,93.873000000,0.595432281,0.372777641,0.233417198,0.590803266,0.335402429,0.588011205,0.810245216,0.728192568,0.630873203,0.540406823,0.463183731,0.399692357,0.015271917,0.580160379
271,train,15.585000038,15.393500000,0.013499759,0.009388603,0.004111156,0.013630893,0.278873891,0.013499761,0.026523788,0.018089395,0.013859512,0.010395423,0.007333328,0.004797110,0.000281425,0.013218335
272,train,129.905502319,124.595500000,0.310555547,0.191407159,0.136228293,0.293198168,0.363514811,0.316522002,0.433050573,0.397186637,0.348530561,0.300073564,0.216673598,0.167818323,0.018940246,0.291615307
273,holdout,6.018000126,5.822500000,0.004699780,0.000000000,0.004699780,0.004422377,0.225677520,0.004699780,0.008373478,0.006971144,0.005159101,0.003718012,0.002335619,0.001641323,0.000081409,0.004618371
274,train,19.945999146,20.898000000,0.043550596,0.006037235,0.038962487,0.036788661,0.323000968,0.043301079,0.069845892,0.057939649,0.049442697,0.038724422,0.029383829,0.015967082,0.001598780,0.041951820
275,train,17.976499557,19.388500000,0.020531654,0.006370027,0.014618015,0.020138564,0.285847247,0.020988043,0.037242595,0.031019537,0.022834595,0.015914069,0.010050261,0.006128862,0.000450920,0.020080734
276,holdout,32.271499634,29.935000000,0.031688958,0.012402235,0.025460361,0.031223195,0.314697832,0.037862472,0.059928264,0.045974709,0.034155075,0.024246480,0.016202359,0.009626861,0.000473027,0.031215934
277,train,4.690000057,3.623500000,0.008765968,0.002064472,0.006709668,0.008570679,0.219437420,0.008774141,0.015391123,0.013342809,0.009999643,0.006339072,0.004461391,0.003061770,0.000291690,0.008474277
278,validation,30.433000565,31.348500000,0.072223328,0.032048114,0.043782204,0.062489275,0.323200881,0.073639475,0.117675275,0.095089987,0.078160450,0.062558353,0.045769785,0.034086082,0.004977081,0.067246251
279,train,5.371500015,4.203000000,0.010324692,0.002813058,0.008197161,0.010093650,0.213689074,0.011010220,0.019442908,0.015399870,0.011020064,0.007002927,0.005361193,0.003721192,0.000302327,0.010022365
280,train,12.432499886,13.688500000,0.024861332,0.007075403,0.017785929,0.021051398,0.260805398,0.024861336,0.043808628,0.036046546,0.028090889,0.019965420,0.013231236,0.008025276,0.000964894,0.023896439
281,holdout,30.020500183,29.353000000,0.041624919,0.012054784,0.029681120,0.036802035,0.321799427,0.041692257,0.064467676,0.054192096,0.043046702,0.034257464,0.027252365,0.026533168,0.000628622,0.040996298
282,validation,18.089500427,19.331500000,0.026026996,0.003853901,0.024063187,0.021857990,0.316496462,0.027075827,0.042425122,0.036337234,0.028230965,0.022972425,0.016907254,0.009288975,0.000300008,0.025726989
283,holdout,6.024000168,5.882500000,0.014382912,0.001562622,0.012927458,0.013801390,0.253037244,0.014490079,0.026726108,0.021338645,0.014653152,0.010587583,0.007682128,0.005309849,0.000294260,0.014088651
284,holdout,1.849499941,1.009000000,0.001608433,0.000000000,0.001608433,0.001473882,0.266944796,0.001608433,0.003438175,0.002295835,0.001391650,0.000836872,0.000976308,0.000711755,0.000012878,0.001595555
285,train,14.289999962,14.784000000,0.018775361,0.005033932,0.013741428,0.018540941,0.444106430,0.018775363,0.033587426,0.026011499,0.019671293,0.014664707,0.010869266,0.007847968,0.000617087,0.018158272
286,train,29.774499893,29.570500000,0.032012850,0.014172605,0.020908333,0.029356867,0.250282735,0.035080943,0.051174819,0.045737181,0.034998402,0.028166864,0.018874578,0.013125244,0.000901215,0.031111630
287,validation,40.785999298,41.842500000,0.225906059,0.117036313,0.120790683,0.210303500,0.385145724,0.229145736,0.321247220,0.283854932,0.245154083,0.205512211,0.167925745,0.131742001,0.009027182,0.216878876
288,train,23.062500000,18.642500000,0.007544058,0.000333386,0.007284969,0.005408244,0.294052541,0.007618356,0.009772139,0.009772139,0.007336629,0.004638386,0.006443774,0.007301285,0.000054952,0.007489108
289,train,18.586999893,18.586500000,0.028662411,0.010941649,0.021943355,0.025835626,0.309924275,0.031784184,0.047081713,0.039559104,0.030412197,0.023731921,0.017309610,0.013879918,0.000439935,0.028222479
290,train,146.201507568,153.329000000,1.134037495,0.780608475,0.460946947,0.944117785,0.443847775,1.100055456,1.467167139,1.385366797,1.476186514,1.125984907,0.741594017,0.607925713,0.060561553,1.073475957
291,validation,79.966499329,79.136000000,0.180320993,0.107128300,0.103563808,0.166404366,0.340598196,0.199115187,0.282941937,0.256329685,0.200542867,0.150601342,0.110372663,0.081137352,0.003940139,0.176380843
292,train,8.887999535,8.680000000,0.008405937,0.000851313,0.007554624,0.007804845,0.306393504,0.008405938,0.014312712,0.011419175,0.008615571,0.006958419,0.005568326,0.003561419,0.000241796,0.008164141
293,validation,21.439500809,17.682500000,0.028721403,0.002167213,0.026935950,0.023734912,0.328807533,0.029103164,0.041818079,0.041824702,0.032863617,0.024248261,0.018150793,0.013422977,0.000450326,0.028271079
294,train,52.788501740,53.960500000,0.271413982,0.095254496,0.194152549,0.225646332,0.392544150,0.266085476,0.390246540,0.366122872,0.311556280,0.249795705,0.178910494,0.131851956,0.006689540,0.264724463
295,train,24.859500885,23.945500000,0.033992324,0.009280185,0.025057347,0.033331584,0.235388473,0.034314550,0.062573910,0.048180237,0.037109308,0.026611913,0.017510323,0.011968237,0.001340951,0.032651369
296,validation,3.462500095,3.912000000,0.004999410,0.000135714,0.004864124,0.004959818,0.284255147,0.004999838,0.007576832,0.007033443,0.005488189,0.003993125,0.003320070,0.002584802,0.000069116,0.004930294
297,validation,21.461999893,22.636500000,0.025201894,0.010541460,0.016001597,0.023885420,0.307878047,0.026543058,0.043948177,0.037739590,0.029836288,0.020762000,0.012276622,0.006648698,0.000607460,0.024594434
298,train,0.755999982,1.988000000,0.001576580,0.000000000,0.001576580,0.001571038,0.215410069,0.001576581,0.002542948,0.002027355,0.001692902,0.001365671,0.001048357,0.000782249,0.000062743,0.001513837
299,train,39.237998962,37.369500000,0.035705276,0.014485637,0.023426205,0.034502834,0.248688459,0.036995500,0.061290979,0.053371757,0.040261600,0.028382584,0.018645106,0.012279598,0.000977428,0.034727842
300,train,170.123504639,172.576000000,1.323004961,0.911969721,0.543759942,1.199706912,0.543508589,1.344152331,2.053845644,1.702491522,1.459290385,1.122136354,0.929192960,0.671072721,0.133897766,1.189107180
301,holdout,7.696000099,6.101500000,0.003502294,0.000000000,0.003502294,0.003503610,0.295127898,0.003502294,0.005680713,0.004611294,0.003717228,0.002898328,0.002318807,0.001787392,0.000066605,0.003435689
302,holdout,6.054999828,6.562500000,0.006863451,0.000000000,0.006863451,0.006863324,0.214400813,0.006863451,0.011520948,0.009498963,0.007441758,0.005609158,0.004127136,0.002982739,0.000107641,0.006755809
303,validation,24.916000366,23.089500000,0.026849229,0.013525738,0.013341833,0.024399843,0.282349229,0.026867572,0.049476154,0.039796527,0.029902004,0.019962089,0.012837940,0.009120653,0.000599107,0.026250120
304,train,65.517501831,62.481500000,0.258651912,0.158080742,0.108449914,0.235824585,0.319641531,0.252140045,0.421429664,0.371660829,0.293084145,0.215042487,0.144388512,0.106305696,0.009661857,0.248990044
305,holdout,4.051000118,3.839000000,0.007227400,0.001063767,0.006163633,0.006631710,0.248815030,0.007227400,0.012817093,0.010324596,0.007635992,0.005759388,0.004215899,0.002611431,0.000186463,0.007040936
306,train,50.880001068,47.091500000,0.111340031,0.065511219,0.052375063,0.109815978,0.329397649,0.117844664,0.171367466,0.151931077,0.123679392,0.096365489,0.071563020,0.053133719,0.005493872,0.105846152
307,holdout,47.537498474,51.957000000,0.075034313,0.027900690,0.052021336,0.063601449,0.290242553,0.078295499,0.117156275,0.104706615,0.086092316,0.066334076,0.050542492,0.025374120,0.001490466,0.073543847
308,train,7.294000149,6.647000000,0.001620217,0.000000000,0.001620217,0.001313446,0.386469215,0.001620217,0.002491123,0.002491123,0.001870765,0.001365304,0.000580711,0.000922275,0.000009114,0.001611102
309,train,20.173000336,16.897500000,0.016068893,0.004278953,0.012762370,0.015546773,0.259295166,0.017041324,0.031101618,0.024715196,0.017868930,0.012587111,0.006417634,0.003722860,0.000305767,0.015763126
310,validation,125.571502686,130.411500000,0.311349899,0.180030167,0.179814488,0.256249696,0.421141982,0.320046842,0.436031103,0.369577587,0.296396703,0.244727120,0.205719694,0.315646976,0.014312302,0.297037572
311,train,0.280499995,1.535000000,0.001616091,0.000000000,0.001616091,0.001614795,0.231483221,0.001616091,0.002557423,0.002041200,0.001705741,0.001377059,0.001110659,0.000904462,0.000074468,0.001541622
312,train,34.646999359,32.409000000,0.060659267,0.017079653,0.044800170,0.049476270,0.289671868,0.059917003,0.091600046,0.082137659,0.060743719,0.061148085,0.044339903,0.023986178,0.002949254,0.057710011
313,holdout,83.517501831,79.808000000,0.116179980,0.054064650,0.072652265,0.103575535,0.310815334,0.120748326,0.188812032,0.164597541,0.128749862,0.098601878,0.067592956,0.048725601,0.003359931,0.112820052
314,train,13.260000229,13.854000000,0.021555144,0.005008927,0.016546218,0.021118119,0.446820319,0.021555146,0.038388588,0.029880052,0.022592528,0.016778700,0.012455873,0.009235128,0.000623944,0.020931203
315,train,4.361999989,4.611000000,0.008498153,0.000000000,0.008498153,0.007344726,0.279585868,0.008498154,0.013535398,0.012137665,0.009228581,0.007513926,0.005324097,0.003249245,0.000274954,0.008223198
316,validation,20.434999466,15.614500000,0.010566489,0.000214325,0.010536385,0.010264194,0.259144247,0.010750711,0.013224245,0.012558186,0.011331549,0.010142500,0.008894419,0.007248030,0.000206564,0.010359924
317,train,31.234500885,28.070500000,0.018049441,0.004406116,0.013645016,0.016609874,0.254887789,0.018051133,0.032405116,0.026990922,0.019915307,0.013969767,0.008334308,0.006681236,0.000288059,0.017761385
318,train,26.318500519,24.530500000,0.011150676,0.000090458,0.011060217,0.009416575,0.266559035,0.011150677,0.016722331,0.015001643,0.013909195,0.011072027,0.006221215,0.003977642,0.000162294,0.010988382
319,validation,24.347499847,19.381500000,0.017575370,0.001396624,0.016935799,0.015722727,0.285451353,0.018332426,0.028485851,0.026603062,0.020582128,0.014407348,0.009747367,0.005626468,0.000331685,0.017243687
320,train,12.578000069,10.486000000,0.013952919,0.001262681,0.012992757,0.013961771,0.228926510,0.014255440,0.019985503,0.017476942,0.015124971,0.012753257,0.010399313,0.007977529,0.000189395,0.013763524
321,train,38.505500793,38.323000000,0.114609554,0.050532300,0.070716903,0.106419712,0.261724234,0.109577075,0.188977882,0.169889346,0.131129310,0.081190079,0.072693132,0.043777540,0.002156404,0.112453155
322,validation,5.836500168,5.688000000,0.008493290,0.001279904,0.007918215,0.008303854,0.291319996,0.009198121,0.014456490,0.011743549,0.008915053,0.006729709,0.005227285,0.003887659,0.000206957,0.008286334
323,holdout,15.821999550,12.783000000,0.013055028,0.002744238,0.010315258,0.011972983,0.289832026,0.013059497,0.021548536,0.017845292,0.014514064,0.011715113,0.007982633,0.004724539,0.000224943,0.012830086
324,train,28.217500687,23.119500000,0.020065494,0.011727688,0.008349536,0.019123428,0.278695643,0.020077225,0.035605110,0.032252915,0.022577845,0.015796443,0.009125441,0.005035216,0.000600764,0.019464731
325,validation,54.369998932,49.202500000,0.107164852,0.046786707,0.068681285,0.104928672,0.253536582,0.114472345,0.168090999,0.147603273,0.115108639,0.091644444,0.069378838,0.051162928,0.004602140,0.102562718
326,train,10.819499969,10.552000000,0.007195091,0.000000000,0.007195091,0.007354051,0.259017289,0.007195092,0.012073211,0.010204496,0.008176802,0.006490401,0.003540167,0.002685469,0.000247272,0.006947821
327,holdout,72.446502686,65.658500000,0.239190578,0.188391626,0.070343100,0.228208393,0.330241859,0.250902444,0.386161059,0.349256277,0.284164727,0.209513083,0.135554746,0.070493549,0.008516143,0.230674431
328,train,23.062500000,18.834500000,0.023153212,0.002882555,0.020983307,0.021009769,0.358757794,0.023865864,0.034681741,0.034686740,0.025341976,0.018369470,0.014092964,0.011746389,0.000417447,0.022735763
329,holdout,22.154499054,23.735500000,0.035831682,0.006641645,0.031039344,0.032488007,0.292985231,0.036645953,0.058848966,0.051377557,0.043420427,0.032359734,0.017862875,0.011120547,0.001293586,0.034538098
330,train,3.869499922,3.467000000,0.004930600,0.000295507,0.004635094,0.004784633,0.244647086,0.004930601,0.007987846,0.006844141,0.006218964,0.004484792,0.002440245,0.001607614,0.000074578,0.004856023
331,train,9.484999657,12.111500000,0.014736880,0.007675553,0.007061679,0.014648324,0.232706904,0.014737226,0.028552162,0.021765741,0.015428650,0.010563943,0.007153585,0.004957203,0.000337714,0.014399165
332,train,58.870498657,54.093500000,0.198507354,0.097037941,0.102961719,0.192455113,0.349935591,0.195275366,0.296421140,0.250240922,0.209542930,0.171289682,0.145175681,0.118373804,0.014096159,0.184411213
333,train,18.398500443,15.079500000,0.013431486,0.001299168,0.013087266,0.013416699,0.292973936,0.014386436,0.015748022,0.014991889,0.014247028,0.013268219,0.012098961,0.010234795,0.000409517,0.013021968
334,train,10.739999771,14.765500000,0.009717055,0.001589801,0.009700499,0.009013402,0.260508001,0.011290300,0.015168946,0.012956101,0.010177265,0.007743319,0.006347697,0.005908996,0.000295399,0.009421656
335,train,5.785999775,8.055000000,0.007624050,0.002844195,0.004781610,0.007495087,0.292125285,0.007625805,0.013966158,0.011244510,0.008338124,0.006035066,0.003722003,0.002438437,0.000095920,0.007528130
336,validation,7.117000103,7.263500000,0.005507607,0.002840800,0.002666807,0.005526029,0.264756411,0.005507607,0.009866785,0.008098396,0.006057870,0.004218980,0.002861782,0.001941828,0.000120611,0.005386996
337,train,51.195499420,51.347000000,0.064929284,0.028256370,0.040675852,0.056732588,0.259013772,0.068575367,0.094732553,0.083963901,0.070072427,0.056142125,0.057718374,0.026946384,0.002159436,0.062769860
338,validation,124.321502686,116.772000000,0.446884453,0.259180874,0.221834436,0.409987867,0.336578459,0.440113753,0.723270893,0.631746292,0.479482383,0.345668733,0.298659086,0.202479094,0.025482683,0.421401739
339,validation,30.334499359,32.299500000,0.155956820,0.056196354,0.104901008,0.134376585,0.366269410,0.155997604,0.237051249,0.215018198,0.173894823,0.137042016,0.106169179,0.066565402,0.003973018,0.151983812
340,train,1.072999954,1.065000000,0.005804523,0.004389985,0.002872493,0.005806069,0.275516242,0.007262479,0.010993814,0.008260146,0.006040790,0.004352598,0.003072870,0.002106921,0.000065195,0.005739328
341,holdout,4.236499786,3.863500000,0.006462581,0.001612438,0.004850144,0.006303632,0.379356712,0.006462581,0.011737835,0.009830900,0.006652860,0.004384514,0.003300809,0.002868569,0.000132442,0.006330139
342,train,4.431499958,4.679500000,0.007825956,0.000000000,0.007825956,0.007283939,0.265366882,0.007825957,0.013525959,0.010812705,0.008413685,0.006562822,0.004755426,0.002885138,0.000230230,0.007595726
343,train,9.022500038,9.929000000,0.028020747,0.005144050,0.022909097,0.024056997,0.248158410,0.028053150,0.047583718,0.041249454,0.029859193,0.021178365,0.015769893,0.012483863,0.001160869,0.026859879
344,train,20.714000702,16.079000000,0.007572026,0.002659595,0.004912443,0.007747368,0.260994405,0.007572039,0.014679266,0.012180038,0.007865332,0.005178463,0.003437199,0.002091854,0.000274481,0.007297545
345,train,114.357498169,113.038000000,0.424123943,0.218835652,0.248038396,0.389642894,0.389653444,0.437279999,0.643836915,0.552511036,0.448512733,0.361255050,0.293480158,0.245147645,0.026806127,0.397317827
346,train,99.130996704,95.988000000,0.356540948,0.254280210,0.120723747,0.309912920,0.344779760,0.358430684,0.562316418,0.485235244,0.411459684,0.309771001,0.233648300,0.136814937,0.013908541,0.342632413
347,train,39.993999481,37.224500000,0.137890279,0.097209908,0.059080213,0.130134046,0.327016085,0.154170230,0.240159780,0.215935022,0.165199861,0.094201483,0.070095219,0.041750271,0.003759833,0.134130448
348,train,54.180500031,52.579500000,0.228150576,0.148924649,0.086306006,0.210504517,0.307247609,0.220290780,0.380469441,0.337159187,0.257701218,0.175847530,0.128574729,0.089151293,0.006402222,0.221748337
349,train,33.759998322,38.672000000,0.043575253,0.016810035,0.029024219,0.036621340,0.266534626,0.044129938,0.068312623,0.064137585,0.048795741,0.035141647,0.025611317,0.019452587,0.001099604,0.042475648
350,holdout,21.660999298,20.036000000,0.021138689,0.007631363,0.018124992,0.021218041,0.292562813,0.025744366,0.039353080,0.030166158,0.022097822,0.015971627,0.011301767,0.007941673,0.000230089,0.020908600
351,validation,25.513500214,24.510000000,0.037008666,0.013366772,0.024597840,0.034773126,0.355408907,0.037958317,0.064761169,0.052436408,0.039976057,0.029227385,0.020513497,0.015137450,0.000528692,0.036479969
352,holdout,40.599998474,37.361000000,0.091431588,0.026578879,0.065393440,0.074082941,0.297961414,0.089612983,0.135656789,0.126034588,0.101107880,0.080575302,0.061669003,0.043546017,0.004214911,0.087216690
353,train,51.412498474,47.472500000,0.215691343,0.102983162,0.116696365,0.205160990,0.391290247,0.214768544,0.318796426,0.269608498,0.222851992,0.179374918,0.153312027,0.150204137,0.016347060,0.199344277
354,holdout,26.086500168,20.480500000,0.029762985,0.003731410,0.026031574,0.027806045,0.307134777,0.029762989,0.045803264,0.042861473,0.035771698,0.030544933,0.017077060,0.006519475,0.000525331,0.029237652
355,holdout,103.552497864,101.426000000,0.446745694,0.278717935,0.181587830,0.430067152,0.334988713,0.446258992,0.738789678,0.626311123,0.496315181,0.390700877,0.268763304,0.159594104,0.019537605,0.427208126
356,holdout,140.895004272,143.145500000,0.731674969,0.466188520,0.342917085,0.674844503,0.407150447,0.733971179,1.090137720,0.953163445,0.817399144,0.658481538,0.533530712,0.337336898,0.053081885,0.678593099
357,train,7.809500217,5.739500000,0.005823568,0.000000000,0.005823568,0.005458329,0.227413997,0.005823568,0.009698628,0.008498231,0.006539201,0.004448351,0.003427172,0.002329820,0.000066823,0.005756745
358,train,4.386000156,3.643000000,0.002527867,0.000319816,0.002208051,0.002784120,0.230456159,0.002527867,0.004033485,0.003177954,0.002474040,0.002228149,0.001680178,0.001573394,0.000043394,0.002484472
359,train,17.741500854,16.745500000,0.034939822,0.012990355,0.021949526,0.030507848,0.303145796,0.034939885,0.061518997,0.054523617,0.042805709,0.031398419,0.014022021,0.005370141,0.000351532,0.034588285
360,holdout,68.075500488,62.891000000,0.094276749,0.042712945,0.055430532,0.091507539,0.268044502,0.094553813,0.161557704,0.128572538,0.095953248,0.074848793,0.055167343,0.049560878,0.002584482,0.091692269
361,train,45.727001190,45.279500000,0.038306743,0.016304690,0.024196938,0.036989570,0.284872979,0.040489163,0.059509926,0.050515816,0.040718742,0.033152487,0.024870871,0.021072576,0.001070039,0.037236698
362,train,13.171500206,14.556500000,0.031423539,0.011306600,0.022732288,0.024348045,0.299243689,0.033982147,0.044030890,0.042559892,0.033624303,0.026342824,0.019084670,0.022898665,0.000488197,0.030935343
363,train,54.222999573,53.361500000,0.233661905,0.148170143,0.089380242,0.215656102,0.295538425,0.223124951,0.385458767,0.345750898,0.267995000,0.191589043,0.124602564,0.086575262,0.007049978,0.226611942
364,train,5.698500156,6.153500000,0.009757239,0.000027845,0.009729395,0.009547111,0.269247621,0.009757240,0.018943522,0.014262646,0.009454540,0.006756310,0.004949088,0.004177330,0.000219685,0.009537555
365,validation,82.758499146,79.744500000,0.160472885,0.098386899,0.073594697,0.154638931,0.324108601,0.168143928,0.264608353,0.223799333,0.178724959,0.134784415,0.094561018,0.066359155,0.005905204,0.154567659
366,train,96.350997925,90.885000000,0.245442301,0.141563833,0.114596568,0.252870828,0.348111063,0.253199816,0.403392911,0.341629416,0.266772181,0.203429192,0.145970315,0.111459807,0.010876730,0.234565586
367,train,17.937000275,19.525000000,0.013105964,0.004907303,0.008198663,0.012608665,0.260249853,0.013105715,0.021977108,0.019254744,0.015113360,0.010711482,0.007121227,0.004457860,0.000245950,0.012860014
368,train,0.889999986,0.701000000,0.000264801,0.000039613,0.000225188,0.000032374,0.350109160,0.000264801,0.000000000,0.000000000,0.000000000,0.000063240,0.000885328,0.000640237,0.000001955,0.000262846
369,holdout,26.235000610,24.277500000,0.024261625,0.006270425,0.019499203,0.023339553,0.278406322,0.025761101,0.040020354,0.035042450,0.028520016,0.021721516,0.012553481,0.007711922,0.000282591,0.023979032
370,train,92.431503296,90.398000000,0.158299208,0.092896305,0.073257901,0.149723023,0.301284552,0.160502687,0.237269044,0.203362256,0.171192527,0.136172608,0.111839026,0.089959741,0.007513866,0.150785342
371,train,175.524505615,182.430500000,0.995963931,0.705999017,0.402140856,0.917732418,0.497035295,0.981670439,1.444738388,1.231468678,1.025488019,1.033373833,0.758681536,0.482032388,0.078368858,0.917594969
372,validation,22.159000397,18.988500000,0.009007792,0.000821835,0.008185957,0.009057416,0.246676445,0.009007793,0.018432571,0.013127913,0.008898831,0.006229714,0.004434442,0.002923281,0.000073071,0.008934721
373,train,14.073499680,12.966500000,0.020348821,0.006116622,0.014234797,0.019758698,0.271666378,0.020351421,0.036523920,0.028923826,0.021501731,0.015452584,0.011213468,0.008477384,0.000199306,0.020149516
374,train,8.650500298,8.535500000,0.006403432,0.000102184,0.006301249,0.005585060,0.282807499,0.006403433,0.010805387,0.008770626,0.006664343,0.005385336,0.004164021,0.002630882,0.000193144,0.006210288
375,train,24.983499527,21.416500000,0.018785583,0.002843523,0.015966613,0.018125139,0.249194875,0.018810138,0.035509780,0.029540366,0.022262206,0.015007275,0.006574058,0.003819802,0.000166285,0.018619297
376,validation,95.129501343,92.014500000,0.326138884,0.152144387,0.192394763,0.292575687,0.335750103,0.328097790,0.483851075,0.408567607,0.340837389,0.288061261,0.220755994,0.214759693,0.014166153,0.311972678
377,holdout,24.283000946,20.865000000,0.009028065,0.000829130,0.008198935,0.009421966,0.270911515,0.009028066,0.018464051,0.013156903,0.008921405,0.006241252,0.004442889,0.002941880,0.000090331,0.008937734
378,train,24.591499329,18.236500000,0.015080149,0.008340681,0.006739468,0.014713245,0.225925714,0.015080150,0.029336426,0.020831231,0.014395769,0.010289654,0.008886318,0.006741494,0.000236963,0.014843186
379,train,3.601500034,2.780500000,0.004604109,0.001009028,0.003595080,0.004604068,0.260008067,0.004604109,0.009114107,0.006740517,0.004803763,0.003284080,0.002163560,0.001518625,0.000038295,0.004565814
380,validation,30.460500717,31.015500000,0.024385158,0.002829170,0.024086948,0.022919828,0.288399935,0.026916120,0.038666725,0.035013836,0.028593864,0.020590531,0.014039955,0.009406028,0.000408273,0.023976883
381,train,56.757999420,52.840000000,0.143649086,0.107127652,0.044768453,0.130712062,0.290355384,0.147607461,0.208519384,0.206397250,0.209171504,0.106378414,0.083347529,0.048080359,0.004105613,0.139543474
382,train,5.006000042,4.567000000,0.011094553,0.001980710,0.009155580,0.010995846,0.341010243,0.011136291,0.018730085,0.016066752,0.011604518,0.008711639,0.006590046,0.004864279,0.000438387,0.010656167
383,train,31.549999237,30.700500000,0.057338513,0.027540708,0.036409646,0.055842996,0.494284451,0.063751414,0.080052793,0.069339849,0.058945816,0.051584553,0.044615783,0.039492268,0.000800422,0.056538086
384,train,98.515502930,91.864000000,0.248636976,0.141518354,0.130526960,0.257657349,0.288478673,0.269269824,0.408192456,0.337902457,0.265953720,0.199294984,0.153084636,0.127393708,0.008977044,0.239659980
385,train,20.274000168,21.216500000,0.042659625,0.005903984,0.038138341,0.036639534,0.329920799,0.042356804,0.065887123,0.057738472,0.049402744,0.038239889,0.028771749,0.015917780,0.001540873,0.041118752
386,train,16.008499146,16.512500000,0.019207329,0.006318689,0.013568873,0.018009625,0.266144335,0.019887565,0.032784760,0.028490517,0.021094089,0.015895981,0.010783868,0.006194767,0.000348807,0.018858524
387,train,87.058502197,88.631000000,0.213089079,0.093183942,0.129180625,0.198225975,0.289594740,0.210710987,0.304078698,0.287191451,0.245898455,0.185805261,0.146212354,0.109348245,0.004972205,0.208116874
388,train,123.270500183,130.033000000,0.720611691,0.447200805,0.310661972,0.660963774,0.346022666,0.730566800,1.019173861,0.950247645,0.841347873,0.693466544,0.445831418,0.373603106,0.024094259,0.696517527
389,train,25.938999176,22.639000000,0.023905804,0.009066351,0.014909079,0.023112837,0.282829493,0.023975432,0.042197928,0.036909662,0.025766350,0.017662525,0.011646408,0.009251952,0.000988542,0.022917261
390,train,98.991500854,99.915500000,0.201204762,0.113703772,0.095915504,0.198593408,0.299608260,0.202254876,0.318222821,0.266011357,0.213767201,0.170352235,0.134312645,0.104562446,0.006896565,0.194308236
391,train,20.142999649,18.754000000,0.014777822,0.005837513,0.012154876,0.014268109,0.283382177,0.017992390,0.026246840,0.020012949,0.015648471,0.011908888,0.008560511,0.006289278,0.000452136,0.014325688
392,validation,25.059499741,29.730500000,0.028849702,0.006118357,0.022796664,0.027766615,0.227084845,0.028915022,0.051817492,0.040602662,0.030093398,0.023109347,0.017144058,0.010331247,0.000509030,0.028340669
393,train,25.935499191,27.559500000,0.071629494,0.027143080,0.047233827,0.064308099,0.304052204,0.072824858,0.114092745,0.095858134,0.081352703,0.062958807,0.042854734,0.032659851,0.004211592,0.067417905
394,validation,26.236999512,21.278000000,0.026386147,0.002770339,0.024419669,0.024294056,0.303699851,0.027190011,0.045494925,0.040625822,0.030811969,0.020840824,0.012479184,0.008064164,0.000635946,0.025750201
395,train,40.652500153,38.366500000,0.040396765,0.018022707,0.028222222,0.033176288,0.258169234,0.045530334,0.063940659,0.052065644,0.035309434,0.024759244,0.035646673,0.030658916,0.001245829,0.039150931
396,holdout,24.284500122,19.939000000,0.008534813,0.001057761,0.007478083,0.008060331,0.295880854,0.008535846,0.015403805,0.011796789,0.008436451,0.006525676,0.005689987,0.003356163,0.000205969,0.008328844
397,holdout,10.581000328,10.540000000,0.016692413,0.002511948,0.014180465,0.016585883,0.330407143,0.016692415,0.030705672,0.023981083,0.017742720,0.013185628,0.009074302,0.005465071,0.000231781,0.016460633
398,train,8.699000359,8.829500000,0.011005875,0.000760760,0.010252448,0.011182258,0.267787248,0.011013209,0.021166233,0.015664272,0.011736331,0.008466158,0.005651087,0.003351165,0.000280414,0.010725460
399,holdout,1.692999959,1.081500000,0.001076174,0.000776376,0.000299798,0.000953236,0.236949489,0.001076174,0.002048654,0.001437042,0.000945307,0.000606050,0.000767477,0.000652510,0.000007914,0.001068260
400,train,33.261501312,30.323500000,0.032450277,0.010811261,0.023938533,0.031853881,0.243728712,0.033812992,0.054683048,0.046934843,0.035358571,0.027098441,0.018443201,0.012183541,0.001012822,0.031437457
401,train,5.365499973,6.477000000,0.014999686,0.010040672,0.007128290,0.013332159,0.467962265,0.015705086,0.025941014,0.022274142,0.017336357,0.010767219,0.008290475,0.005388904,0.000435335,0.014564349
402,train,148.393997192,149.046000000,0.690608263,0.444412351,0.318276525,0.611981392,0.377391458,0.694210052,1.039957404,0.900447667,0.751655459,0.596901953,0.526192963,0.328493476,0.042264331,0.648343921
403,train,10.447500229,12.623500000,0.022623314,0.011459381,0.013352707,0.019470146,0.309373289,0.024811754,0.037122767,0.034191899,0.024465417,0.017672507,0.012714964,0.009572337,0.000331088,0.022292228
404,train,53.993999481,51.399500000,0.035143472,0.012585100,0.025139352,0.033286028,0.252858698,0.037724454,0.063302733,0.053184621,0.038305633,0.026321817,0.018441290,0.011304736,0.000595507,0.034547966
405,train,150.040496826,154.281000000,0.735091269,0.451433569,0.315751791,0.688160717,0.383590102,0.712670863,1.117205858,1.000690341,0.776647508,0.589425564,0.526301861,0.400276840,0.038359392,0.696731925
406,train,6.740499973,6.501500000,0.006970563,0.001039810,0.005930755,0.007001983,0.301302433,0.006970565,0.011598575,0.009713046,0.007514884,0.005603600,0.004069734,0.003323538,0.000323915,0.006646648
407,validation,92.288497925,89.596000000,0.197170570,0.122087166,0.104740962,0.174695507,0.326851249,0.215831444,0.319459140,0.281937271,0.212259427,0.160732493,0.112423703,0.096211381,0.005428618,0.191741958
408,train,14.350999832,13.781000000,0.007504150,0.000000000,0.007504150,0.006338242,0.299826831,0.007504151,0.010512831,0.009247482,0.010508869,0.008012071,0.004176847,0.002566800,0.000158690,0.007345461
409,train,39.493000031,37.168500000,0.056905076,0.020436861,0.037290994,0.043902211,0.405619562,0.055562843,0.082729504,0.077122733,0.054921027,0.058539711,0.044027612,0.024089860,0.001485653,0.055419426
410,train,113.797996521,115.286500000,0.449266583,0.232108220,0.256672680,0.395807207,0.401706159,0.454334259,0.668503225,0.558299899,0.450529039,0.359920859,0.411949247,0.246397078,0.029098623,0.420167923
411,train,14.565999985,11.735500000,0.003644913,0.000029088,0.003632260,0.003635895,0.263152033,0.003661348,0.005668314,0.004552315,0.003704146,0.003278150,0.002590860,0.002075693,0.000034047,0.003610866
412,validation,5.020999908,7.008500000,0.012589023,0.005434574,0.007154449,0.012389162,0.293886960,0.012589024,0.024913907,0.019901192,0.013226041,0.008727639,0.005287339,0.003478018,0.000177625,0.012411398
413,train,0.396499991,1.788500000,0.001615816,0.000000000,0.001615816,0.001614653,0.229977772,0.001615817,0.002557423,0.002040745,0.001704959,0.001376299,0.001110389,0.000905083,0.000074194,0.001541622
414,validation,2.588000059,2.009500000,0.005647178,0.000783100,0.004864078,0.005640629,0.254550695,0.005647179,0.010963419,0.008148984,0.005864985,0.004133668,0.002845201,0.001926815,0.000107574,0.005539605
415,train,5.072500229,4.528000000,0.007059292,0.001814524,0.005916792,0.006445594,0.250873208,0.007731317,0.012204426,0.010419868,0.007935669,0.005468544,0.003819854,0.002507391,0.000270009,0.006789284
416,validation,28.388500214,26.561000000,0.017376931,0.007935146,0.009889022,0.017324967,0.284949839,0.017272254,0.030446224,0.023568055,0.017828066,0.014011053,0.010629001,0.007779184,0.000628117,0.016748814
417,validation,41.164501190,40.668500000,0.059568815,0.027796002,0.034350079,0.053883031,0.302867144,0.060072184,0.102401324,0.085495971,0.064850248,0.047815163,0.035352975,0.021497203,0.002113590,0.057455227
418,train,31.475999832,30.028000000,0.032632019,0.006543047,0.026235811,0.029662972,0.266843319,0.032778841,0.058038350,0.046568371,0.032994363,0.024111532,0.019132530,0.014946936,0.000602536,0.032029476
419,holdout,42.156501770,40.442000000,0.081261419,0.042053949,0.045659158,0.068040632,0.314137250,0.085834801,0.126890957,0.105763465,0.082910687,0.069802664,0.057993729,0.044206925,0.002410169,0.078851245
420,validation,36.014999390,35.307000000,0.030038716,0.008485993,0.024075039,0.024778185,0.282293737,0.032561034,0.043702185,0.040133983,0.031987119,0.027526448,0.022583500,0.014299056,0.000602062,0.029436653
421,train,0.209500000,1.188000000,0.001314324,0.000000000,0.001314324,0.001313692,0.218022302,0.001314324,0.002263031,0.001700133,0.001257107,0.001046072,0.000905486,0.000714112,0.000013708,0.001300615
422,validation,97.810501099,90.844500000,0.153277695,0.078328818,0.082648180,0.136473000,0.441792071,0.154806182,0.240327656,0.217095077,0.174580693,0.127218753,0.092281297,0.068162672,0.005722753,0.147554964
423,train,4.692999840,5.125000000,0.013679152,0.002066815,0.011612340,0.012296969,0.228567645,0.013679156,0.025219254,0.020370860,0.015763015,0.010100418,0.006468691,0.004152682,0.000310622,0.013368532
424,validation,177.977493286,177.066000000,1.237535477,0.847295642,0.556530476,1.198116660,0.511260629,1.239750504,1.900529981,1.606023669,1.356968164,1.131212234,0.821180701,0.609297216,0.117317230,1.120218158
425,holdout,23.795499802,22.244000000,0.012809410,0.002965118,0.009844292,0.012805363,0.295807183,0.012809412,0.022764344,0.017351389,0.013017367,0.010157257,0.008021276,0.005544832,0.000360821,0.012448588
426,train,1.041499972,1.021500000,0.002853909,0.000000745,0.002853900,0.002853909,0.270932913,0.002854645,0.005406531,0.004061820,0.002969227,0.002137944,0.001511352,0.001036581,0.000027653,0.002826256
427,train,4.626500130,3.295500000,0.003530653,0.000000000,0.003530653,0.003390995,0.278781205,0.003530653,0.006210349,0.004896266,0.003705110,0.002685895,0.002142894,0.001543405,0.000037892,0.003492761
428,validation,55.647499084,54.028000000,0.126501068,0.065757304,0.066293195,0.125974268,0.284054577,0.127973169,0.205025345,0.172577843,0.137033597,0.104540937,0.080604196,0.059224531,0.004320452,0.122180633
429,train,1.843999982,1.712000000,0.005025118,0.000849153,0.004175966,0.004732898,0.237915501,0.005025119,0.009058436,0.007789248,0.005892985,0.003723022,0.002399165,0.001287853,0.000047038,0.004978081
430,validation,5.768499851,6.020000000,0.023587830,0.006874690,0.020365788,0.018376347,0.393419504,0.027240481,0.035114877,0.032418273,0.024363458,0.018179178,0.016529763,0.014921419,0.000243906,0.023343923
431,train,4.160999775,3.011500000,0.007938365,0.000000000,0.007938365,0.007574681,0.225094169,0.007938366,0.013456720,0.011616958,0.008984378,0.005770956,0.004371820,0.003429360,0.000154677,0.007783689
432,train,102.574996948,100.767000000,0.489109010,0.284345537,0.219591156,0.471907198,0.342025042,0.493494153,0.776911676,0.670061648,0.542496145,0.433468312,0.311350971,0.200365439,0.030833255,0.458275735
433,train,18.525499344,19.619000000,0.034402676,0.005182765,0.031114526,0.033941723,0.325022757,0.035344865,0.056588948,0.050572041,0.039042257,0.029027712,0.018982116,0.012202974,0.000963418,0.033439256
434,train,8.998499870,10.449000000,0.018345062,0.010645850,0.007699212,0.018145727,0.229483902,0.018345062,0.033533800,0.027518496,0.020451503,0.014159748,0.009087512,0.005319307,0.000309779,0.018035283
435,validation,4.792500019,4.664000000,0.008118718,0.001655547,0.007135193,0.007825557,0.250168920,0.008790742,0.017212266,0.013453590,0.007587930,0.005042797,0.003271600,0.002144121,0.000214085,0.007904633
436,train,56.051498413,56.485000000,0.139101446,0.072466291,0.074380897,0.130263910,0.327347159,0.144801185,0.216156408,0.188179180,0.154480129,0.115003720,0.098004401,0.062784888,0.004012330,0.135089144
437,train,64.913002014,65.062000000,0.110753924,0.046608746,0.072240934,0.098092802,0.298711687,0.116214521,0.174322784,0.156304643,0.120521322,0.094908424,0.068416893,0.050049409,0.002185902,0.108568013
438,train,6.611999989,5.354000000,0.005575890,0.000000000,0.005575890,0.005300285,0.253174514,0.005575891,0.009618412,0.008216743,0.006202823,0.004426780,0.002804326,0.002186258,0.000096569,0.005479321
439,validation,23.603000641,21.223000000,0.017935619,0.001023421,0.017884629,0.016761519,0.214660481,0.018908050,0.034577880,0.025450356,0.020135535,0.013721547,0.007124202,0.006604172,0.000592394,0.017343221
440,train,28.295499802,22.392500000,0.003459243,0.000000003,0.003459240,0.003360210,0.261790991,0.003459243,0.006561263,0.004767642,0.003310337,0.002282902,0.001772666,0.002060646,0.000040624,0.003418618
441,train,129.679992676,128.081000000,0.561138928,0.329733729,0.259839505,0.510839224,0.387574524,0.555606902,0.836698234,0.749689341,0.628343403,0.519783974,0.397340655,0.234977692,0.031075645,0.530063331
442,holdout,4.679500103,3.338000000,0.003076080,0.000000000,0.003076080,0.003880041,0.268037319,0.003076081,0.005876150,0.004270742,0.002970879,0.002017379,0.001897426,0.001423908,0.000027476,0.003048604
443,holdout,4.616000175,4.279000000,0.007116797,0.000942419,0.006200287,0.006778873,0.276833981,0.007142706,0.011646857,0.010375738,0.007939792,0.005780684,0.004071159,0.002886549,0.000273227,0.006843570
444,validation,37.990001678,36.979500000,0.034843825,0.011256633,0.026361378,0.030196773,0.282847494,0.037618019,0.052455224,0.044489332,0.038299140,0.032770105,0.025214503,0.015834620,0.000679247,0.034164574
445,holdout,10.152000427,11.899000000,0.010035360,0.004255276,0.005780085,0.009718250,0.294984728,0.010035361,0.017424420,0.015287078,0.011592074,0.008028884,0.005142043,0.002737657,0.000178135,0.009857225
446,validation,8.102000237,8.319000000,0.011909660,0.004008354,0.008136091,0.011128943,0.480343908,0.012144446,0.022115158,0.017391214,0.013048355,0.008977791,0.006701672,0.003223771,0.000282022,0.011627638
447,holdout,18.781999588,14.089500000,0.017344980,0.001424397,0.016720766,0.015169948,0.271416754,0.018145166,0.030381626,0.026653450,0.019128440,0.013771344,0.009640251,0.004494767,0.000162359,0.017182622
448,train,9.670499802,8.925000000,0.008654193,0.000000008,0.008654186,0.008309375,0.242548749,0.008654193,0.015520659,0.012832873,0.009532933,0.006811993,0.004359677,0.002867018,0.000113787,0.008540406
449,train,8.859499931,11.429000000,0.013518646,0.007353819,0.007738072,0.013178471,0.222728640,0.015091892,0.022305414,0.018627971,0.014358243,0.010474142,0.007602356,0.007743748,0.000324323,0.013194323
450,train,25.953500748,23.193000000,0.022766395,0.004310740,0.019428089,0.021284321,0.238306925,0.023738829,0.044712096,0.033119205,0.025532609,0.017843904,0.008372666,0.007017883,0.000710321,0.022056073
451,train,1.683500051,3.169500000,0.004041450,0.000000000,0.004041450,0.004041394,0.210630074,0.004041451,0.006214133,0.005697750,0.004576023,0.003339861,0.002540852,0.001880083,0.000047872,0.003993578
452,train,92.338500977,87.598500000,0.150350198,0.089583069,0.068614259,0.152040750,0.253486663,0.157335132,0.263927966,0.210482955,0.163581923,0.120225795,0.084148988,0.059733424,0.006055006,0.144295171
453,train,46.867500305,48.247500000,0.084129050,0.023311432,0.066760086,0.059538826,0.275230765,0.087928124,0.085318305,0.086581111,0.093928099,0.097986460,0.079645425,0.061314952,0.001557332,0.082571715
454,holdout,4.751999855,4.600500000,0.006169489,0.000030186,0.006139303,0.005816136,0.258253813,0.006169490,0.010830658,0.008847345,0.006570293,0.005173401,0.003367656,0.002227582,0.000196471,0.005973018
455,train,3.970499992,2.903000000,0.000007100,0.000002475,0.000004625,0.000006667,0.253481328,0.000007100,0.000000000,0.000000000,0.000000000,0.000000000,0.000003692,0.000038906,0.000000026,0.000007074
456,train,1.832499981,1.437500000,0.003565414,0.000852856,0.002712558,0.003257592,0.233595565,0.003565414,0.005634973,0.005223900,0.004024921,0.002589819,0.002191502,0.001727366,0.000052977,0.003512437
457,train,80.932502747,76.269000000,0.155622870,0.064916849,0.101750299,0.146873981,0.315216184,0.158527553,0.218475729,0.186381280,0.160311058,0.142207772,0.139239043,0.087122358,0.003234921,0.152387947
458,train,58.430500031,58.165000000,0.142834127,0.075677507,0.077294387,0.131906658,0.336521357,0.149801224,0.217645317,0.194969133,0.159270525,0.123251118,0.096254021,0.065614827,0.004137523,0.138696641
459,validation,66.719001770,63.317000000,0.196577966,0.113705710,0.096157357,0.188970312,0.382308364,0.203875959,0.315572619,0.273292005,0.229062796,0.176473096,0.123933926,0.061133191,0.004067987,0.192509964
460,train,14.224499702,13.731000000,0.009116071,0.004994184,0.004121887,0.010713741,0.293404698,0.009116071,0.020711498,0.012381594,0.008396648,0.006593938,0.004257468,0.002355280,0.000166484,0.008949587
461,train,56.368999481,55.042000000,0.242082104,0.152715519,0.094179340,0.217538148,0.316512793,0.232500985,0.395108789,0.352841049,0.272474974,0.197208330,0.134496614,0.100362800,0.008358940,0.233723149
462,train,18.790500641,19.916000000,0.031367779,0.004379483,0.028882911,0.027507171,0.321254373,0.032184478,0.052425601,0.046212394,0.033469174,0.025606181,0.018525820,0.011967478,0.000831800,0.030535975
463,holdout,6.129000187,7.174500000,0.016764021,0.009903135,0.009040178,0.014930156,0.473511100,0.017496046,0.028563306,0.024721354,0.019767743,0.013356330,0.009461990,0.004713397,0.000575120,0.016188899
464,train,4.342500210,4.582000000,0.008432262,0.005915688,0.004329841,0.006591156,0.324691445,0.008793116,0.012975927,0.012093157,0.009063063,0.007202036,0.004924319,0.004335070,0.000179064,0.008253197
465,train,34.425498962,37.689000000,0.051391069,0.018561052,0.034586329,0.047909342,0.291700929,0.051797882,0.088541694,0.073325664,0.056981925,0.040428109,0.029086635,0.019982396,0.000995196,0.050395876
466,train,3.611000061,3.427500000,0.005953455,0.001605571,0.004347883,0.005822329,0.281219840,0.005953455,0.011686843,0.008923710,0.006597864,0.004066346,0.002672825,0.001773137,0.000078950,0.005874505
467,train,81.232498169,71.120000000,0.167070091,0.077717692,0.098948777,0.162593424,0.270510256,0.172949210,0.268001944,0.226543501,0.180310592,0.139420480,0.105655625,0.082488276,0.007554243,0.159515828
468,train,1.879500031,1.486000000,0.005344200,0.000852030,0.004492170,0.005035736,0.240971118,0.005344200,0.009075380,0.007807148,0.005911381,0.003942350,0.003098805,0.002230133,0.000064731,0.005279468
469,train,1.616500020,1.002000000,0.004340099,0.000000000,0.004340099,0.003938567,0.223038048,0.004340099,0.007406781,0.006554816,0.004883554,0.003558104,0.002074333,0.001563005,0.000059916,0.004280183
470,train,1.685999990,1.074000000,0.004541139,0.000000000,0.004541139,0.004207986,0.199041158,0.004541140,0.007412067,0.006560660,0.004888488,0.003561220,0.002738948,0.002085452,0.000063422,0.004477717
471,validation,21.114999771,18.332000000,0.011364240,0.000527263,0.011089747,0.011190800,0.227965638,0.011617010,0.017706579,0.015551934,0.012658146,0.010300707,0.007206249,0.004761823,0.000162833,0.011201407
472,train,53.478500366,49.780000000,0.120139480,0.057495553,0.078028999,0.089691967,0.330539405,0.131215766,0.164999932,0.162623823,0.122289523,0.096102916,0.085473061,0.089347556,0.002022605,0.118116863
473,train,3.282000065,3.098500000,0.005538337,0.000943191,0.004595661,0.005045750,0.288879216,0.005538852,0.009515901,0.009050779,0.006049792,0.004431569,0.002520755,0.001661228,0.000104875,0.005433463
474,train,110.211997986,105.534500000,0.299087405,0.180468470,0.148066148,0.278965741,0.370406389,0.306419253,0.507079601,0.441467494,0.358369470,0.244601637,0.155518353,0.087487653,0.011206639,0.287880778
475,holdout,19.153999329,14.360500000,0.016741933,0.001424381,0.016117735,0.015413544,0.256211698,0.017542118,0.030373950,0.025333073,0.017775364,0.013326131,0.009188073,0.004455011,0.000149004,0.016592931
476,validation,57.633998871,53.968000000,0.119120866,0.047759496,0.081040025,0.114849791,0.262500286,0.127239853,0.186937958,0.161431253,0.131632328,0.103464715,0.075324476,0.055934504,0.003282576,0.115838297
477,train,31.113000870,34.964500000,0.035578482,0.010992830,0.027738782,0.032664862,0.280996710,0.038731612,0.054751996,0.050322574,0.041033532,0.032054182,0.020910265,0.014398341,0.000999032,0.034579452
478,train,4.873499870,6.822500000,0.008554023,0.002840190,0.005714295,0.008426085,0.292711437,0.008554486,0.016365776,0.012648315,0.008977555,0.006449410,0.004123183,0.002759891,0.000110658,0.008443364
479,train,37.993499756,36.290000000,0.129885882,0.065455303,0.069686674,0.124885015,0.272306353,0.130443931,0.205670938,0.176328808,0.142116725,0.110686645,0.082352266,0.062159941,0.004690905,0.125194982
480,train,120.013000488,109.125500000,0.413373947,0.233678982,0.223778784,0.393541485,0.382649601,0.424985766,0.673772752,0.596604884,0.485632479,0.316158205,0.227983698,0.180091560,0.019670771,0.393703192
481,train,3.180999994,2.956500000,0.006412058,0.000942977,0.005469081,0.005884100,0.279512823,0.006412058,0.011020804,0.010187353,0.006885992,0.005021529,0.003153326,0.002203341,0.000143336,0.006268722
482,train,4.453499794,3.317500000,0.006289547,0.000327799,0.005961748,0.005933299,0.235136077,0.006289547,0.008953489,0.009253558,0.006771610,0.005462263,0.004293600,0.003002759,0.000199642,0.006089905
483,train,33.126998901,32.301500000,0.035633329,0.014887135,0.021770585,0.032632288,0.304997951,0.036657721,0.058342446,0.054821730,0.040975776,0.027090337,0.018210500,0.014359188,0.000929818,0.034703508
484,holdout,20.457500458,17.501000000,0.250334144,0.007876718,0.243967474,0.230813786,0.335985214,0.251844227,0.284431905,0.277642488,0.268225789,0.250846624,0.226464421,0.194393754,0.006614413,0.243719742
485,train,91.608001709,87.597500000,0.254825890,0.137879491,0.140586972,0.244275764,0.292913437,0.261895746,0.413678259,0.339926153,0.284794241,0.225096747,0.164084867,0.101374969,0.013158279,0.241667613
486,holdout,43.126998901,43.989500000,0.058148727,0.020692991,0.039991356,0.055714000,0.261863023,0.059249073,0.105151400,0.086997420,0.062530041,0.044804573,0.028991908,0.020417040,0.001693092,0.056455646
487,train,1.856500030,1.186000000,0.003086407,0.000881285,0.002205122,0.003086219,0.242250979,0.003086407,0.005623478,0.004263148,0.003155242,0.002312570,0.001764024,0.001399980,0.000049396,0.003037011
488,validation,2.598999977,3.958500000,0.008619900,0.002840384,0.005779516,0.007935352,0.279467881,0.008619901,0.015080093,0.011780678,0.009780744,0.007473115,0.004535135,0.003069635,0.000171128,0.008448772
489,train,0.200000003,0.868500000,0.005012481,0.000000000,0.005012481,0.004973118,0.208740979,0.005012482,0.009354629,0.007020526,0.005124067,0.003720794,0.002807101,0.002047773,0.000023451,0.004989031
490,validation,32.111000061,33.599500000,0.032479081,0.010890048,0.024844464,0.029650485,0.286633849,0.035734512,0.050194647,0.045850608,0.038337871,0.029817546,0.018251369,0.012422444,0.000693265,0.031785816
491,validation,2.334000111,2.863500000,0.002803228,0.000000000,0.002803228,0.002804027,0.245868862,0.002803228,0.005619174,0.004052601,0.002784816,0.001886016,0.001415357,0.001061402,0.000071511,0.002731717
492,holdout,56.306499481,59.560000000,0.130719766,0.078798585,0.057983872,0.131405190,0.287078023,0.135237291,0.210470587,0.177815542,0.143250421,0.109590769,0.079944216,0.063247055,0.004089806,0.126629964
493,holdout,19.927999496,15.395000000,0.016043443,0.000138025,0.015964188,0.012575706,0.265668303,0.016102215,0.020838955,0.021059297,0.019943260,0.016517984,0.010975919,0.006925243,0.000190590,0.015852854
494,train,7.653500080,6.743500000,0.009395852,0.001008138,0.008390293,0.008897680,0.240016624,0.009398432,0.016049428,0.015490319,0.009470999,0.006637593,0.005481877,0.003244897,0.000184288,0.009211564
495,train,40.710998535,37.626500000,0.042272285,0.017126121,0.025284046,0.037807960,0.435925007,0.040145930,0.068830736,0.055879496,0.042345744,0.031999186,0.026903920,0.027674608,0.000754215,0.041518070
496,validation,13.387000084,13.808500000,0.027302457,0.003662028,0.023669321,0.023443529,0.294373631,0.027331349,0.048375066,0.039394598,0.028321803,0.022213936,0.015356893,0.010152444,0.000894889,0.026407570
497,validation,1.464499950,2.382000000,0.002951729,0.000000000,0.002951729,0.002900366,0.256085455,0.002951729,0.005579100,0.004191516,0.003055962,0.002143939,0.001543441,0.001196413,0.000031702,0.002920026
498,train,5.876500130,6.584000000,0.011758318,0.005103686,0.007667129,0.010143864,0.265750915,0.011306941,0.018412078,0.016741050,0.013723709,0.010099417,0.006795484,0.004778168,0.000501616,0.011256701
499,validation,21.149499893,22.106000000,0.020836465,0.002300324,0.018653356,0.019595355,0.295169294,0.020953685,0.030929778,0.026184201,0.022210350,0.019348485,0.015852422,0.010493554,0.000399111,0.020437356
500,train,28.497999191,28.235000000,0.034310393,0.010244671,0.024971552,0.032480810,0.275538594,0.035154969,0.061894551,0.049855098,0.036618661,0.025704764,0.017705454,0.014083828,0.000872286,0.033438109
501,train,1.460999966,1.114500000,0.004256120,0.000003575,0.004252546,0.004235379,0.350859612,0.004256120,0.008848507,0.006357618,0.004345786,0.002898864,0.001907489,0.001178458,0.000032040,0.004224081
502,train,147.085998535,138.086500000,0.627450883,0.381149173,0.294111073,0.540840924,0.352892220,0.622721136,0.899970889,0.824288607,0.717700362,0.521164894,0.443336368,0.358243793,0.039997738,0.587453067
503,validation,16.120000839,15.096000000,0.015781138,0.008745461,0.007239973,0.016113978,0.310334086,0.015985420,0.031610198,0.022349587,0.015894322,0.010808313,0.008161624,0.005862795,0.000145974,0.015635168
504,holdout,21.822000504,16.848000000,0.014897092,0.000294819,0.014895588,0.012003545,0.291257232,0.015190408,0.022504793,0.020806698,0.016186673,0.012649963,0.008966545,0.008267885,0.000163994,0.014733098
505,train,31.142499924,27.897500000,0.017432813,0.004404420,0.013028393,0.016132358,0.290560871,0.017432814,0.032733295,0.026676174,0.019122008,0.013061498,0.007609266,0.005394636,0.000245138,0.017187675
506,train,28.314500809,23.199500000,0.021364694,0.011799024,0.010617794,0.021761239,0.271748006,0.022416821,0.039021708,0.032982405,0.022865146,0.015457088,0.010591663,0.007270147,0.000618762,0.020745933
507,train,106.343498230,102.823000000,0.447192729,0.267823160,0.185579985,0.430462420,0.350318313,0.448690623,0.713318586,0.614383101,0.498041868,0.398409456,0.281272113,0.177730933,0.028700871,0.418491811
508,train,148.107498169,142.877000000,0.718191743,0.441886246,0.320786297,0.619515359,0.394859284,0.709888101,1.053442121,0.945155561,0.785149276,0.648618221,0.542582989,0.334202260,0.040817961,0.677373767
509,train,26.060499191,24.409000000,0.026091605,0.008290515,0.020342553,0.024238367,0.278062224,0.028632980,0.041966889,0.040369548,0.030358749,0.022125678,0.013535433,0.008193330,0.000400093,0.025691511
510,train,51.032001495,49.518000000,0.029005008,0.009410748,0.022245789,0.026764555,0.254601985,0.031656537,0.051098220,0.042272784,0.031137859,0.024902992,0.015825016,0.008793167,0.000494744,0.028510265
511,train,22.973499298,22.025500000,0.033279028,0.008974256,0.024556752,0.031774875,0.238354087,0.033525895,0.062351096,0.047943410,0.035581905,0.025491677,0.016917598,0.011388466,0.001103733,0.032175295
512,train,16.434499741,17.653500000,0.021581469,0.004539217,0.017826708,0.020622514,0.226625368,0.022365928,0.038779911,0.031526599,0.023615360,0.016634265,0.011245830,0.007686849,0.000528351,0.021053120
513,holdout,1.883999944,1.260000000,0.002551307,0.000776397,0.001774910,0.002214258,0.269385695,0.002551307,0.004014211,0.003528489,0.002807308,0.002351966,0.001658057,0.000947809,0.000022769,0.002528538
514,train,3.818500042,3.389500000,0.010738574,0.000017925,0.010722304,0.010086830,0.238509133,0.010740229,0.016719272,0.014680080,0.011257757,0.009003127,0.007205693,0.005565517,0.000228540,0.010510035
515,train,6.199999809,4.382000000,0.005660072,0.000000000,0.005660072,0.005170722,0.231302574,0.005660072,0.009698628,0.008498231,0.006497245,0.004796570,0.002805698,0.001664059,0.000072090,0.005587983
516,train,46.532001495,43.517500000,0.056299798,0.034461424,0.023212848,0.045723032,0.308383793,0.057673506,0.089473329,0.080008514,0.063020743,0.049625292,0.033304591,0.022366321,0.000957077,0.055342723
517,validation,29.916000366,27.587000000,0.019858457,0.006962121,0.012899255,0.017995067,0.271783739,0.019861378,0.032313213,0.028080352,0.021519210,0.017086461,0.012369813,0.007781698,0.000306948,0.019551512
518,train,115.091003418,117.032500000,0.573464394,0.355168968,0.244604871,0.563971817,0.351680547,0.566874862,0.928518951,0.832578659,0.630451918,0.439282358,0.312634170,0.297319949,0.023566205,0.549898148
519,validation,4.716000080,4.555000000,0.004768787,0.000000120,0.004768786,0.004358111,0.260019660,0.004768906,0.007239123,0.007236049,0.005466501,0.003758311,0.002797468,0.002115266,0.000162407,0.004606380
520,train,43.043498993,40.364000000,0.043244403,0.017613102,0.027936047,0.042536184,0.286576897,0.045529950,0.075661182,0.060625505,0.047487937,0.033360679,0.023564905,0.018766195,0.001337002,0.041907400
521,train,55.217498779,54.834500000,0.117589422,0.059148051,0.063488364,0.117018625,0.262327731,0.118358873,0.186068073,0.161804885,0.128086329,0.098841585,0.073983140,0.056752510,0.004273649,0.113315783
522,validation,89.164497375,86.924500000,0.192346111,0.114089914,0.088829458,0.172906071,0.305474311,0.194272712,0.306801915,0.257813871,0.206279770,0.164995939,0.129018039,0.089167140,0.008989124,0.183356985
523,train,13.997500420,12.299500000,0.001409965,0.000001129,0.001408836,0.000532943,0.411058575,0.001409965,0.000000000,0.001896208,0.002848933,0.002083955,0.000937169,0.000693522,0.000008606,0.001401358
524,train,42.061000824,39.445000000,0.075523429,0.036443640,0.045084562,0.065005049,0.311908841,0.081524000,0.113111898,0.103204869,0.084332325,0.065198295,0.049446065,0.037847139,0.001746513,0.073776916
525,train,21.098499298,17.114000000,0.027466105,0.002954961,0.025729831,0.021730311,0.362661570,0.028684793,0.041791338,0.041801155,0.030709982,0.022695061,0.016141757,0.011657346,0.000468748,0.026997359
526,holdout,3.574500084,3.682000000,0.006076285,0.001614741,0.004461544,0.005732807,0.293235302,0.006076285,0.010574627,0.009796105,0.007603099,0.004226507,0.002515830,0.001741540,0.000100419,0.005975866
527,train,2.525000095,1.563000000,0.002084667,0.000000072,0.002084595,0.002084547,0.266925991,0.002084667,0.003946440,0.002966536,0.002169135,0.001559108,0.001092265,0.000774515,0.000021500,0.002063167
528,train,1.651999950,1.007000000,0.004301813,0.000000000,0.004301813,0.003902208,0.223259866,0.004301813,0.007394510,0.006541586,0.004869001,0.003542664,0.002055696,0.001407422,0.000044940,0.004256873
529,holdout,150.289993286,154.440500000,1.164732933,0.803536117,0.470966548,1.069128752,0.484497011,1.144026399,1.755489230,1.585778832,1.385915518,1.001380444,0.712953806,0.546879649,0.085928597,1.078804374
530,train,4.986499786,3.506500000,0.005849783,0.000000000,0.005849783,0.005348480,0.255187511,0.005849784,0.010009715,0.008477233,0.006432367,0.004946297,0.003138253,0.002094835,0.000064782,0.005785002
531,train,96.990997314,97.283500000,0.142332435,0.084219486,0.067723662,0.135033309,0.334923774,0.147177011,0.216902703,0.186062977,0.157089636,0.126182467,0.094023362,0.073733486,0.005562682,0.136769772
532,train,35.192001343,33.129000000,0.041740727,0.018282227,0.027024720,0.040684123,0.285525709,0.040683039,0.079209283,0.060369823,0.046136111,0.030347224,0.020984216,0.013397696,0.001136938,0.040603790
533,train,18.496999741,19.690000000,0.026801638,0.006622546,0.023120454,0.023750555,0.251365632,0.029743001,0.046349868,0.036592983,0.029066652,0.021787217,0.016489606,0.010523492,0.000780130,0.026021507
534,holdout,36.959499359,34.047000000,0.031022614,0.012370266,0.021196906,0.029807145,0.258944184,0.033567172,0.057954360,0.046071928,0.033963043,0.023521729,0.015422042,0.009202570,0.000394027,0.030628588
535,train,5.863999844,7.141000000,0.006409370,0.000294495,0.006301192,0.005565265,0.295384139,0.006595687,0.010322020,0.009536805,0.007179968,0.005270912,0.003674095,0.002472418,0.000178975,0.006230395
536,train,1.138499975,2.638500000,0.001514853,0.000000000,0.001514853,0.001514398,0.204697579,0.001514853,0.002531931,0.002014646,0.001506283,0.001082438,0.001001524,0.000952294,0.000046885,0.001467968
537,train,152.447998047,159.100000000,1.278423548,0.951600432,0.484862775,1.176804662,0.476717770,1.257316589,1.931076050,1.759292603,1.536024570,1.087124825,0.748735249,0.608288348,0.072183482,1.206240058
538,train,6.107500076,6.958500000,0.012216225,0.006090681,0.008280088,0.011604588,0.465201020,0.014330503,0.022221630,0.017494388,0.013137737,0.009034446,0.006856920,0.004552233,0.000361387,0.011854839
539,train,90.660003662,93.000500000,0.255867451,0.112740286,0.156749427,0.231912479,0.337048590,0.251495689,0.448489577,0.388459146,0.279673100,0.192260772,0.128396109,0.097926080,0.006164384,0.249703065
540,validation,24.205999374,26.142000000,0.023024246,0.005165974,0.019068249,0.021705795,0.265424222,0.024234222,0.038520537,0.031188790,0.025468383,0.020994093,0.013401045,0.008572619,0.000410677,0.022613566
541,train,85.888000488,76.114000000,0.231103957,0.117018968,0.130447447,0.230223492,0.364301920,0.244843274,0.344992578,0.306013972,0.247422516,0.194394305,0.168592155,0.125208184,0.011945725,0.219158232
542,validation,20.938999176,18.035500000,0.008294846,0.000113200,0.008181646,0.008330681,0.257691592,0.008294847,0.016807267,0.011907486,0.008110576,0.005819872,0.004264002,0.002859869,0.000063320,0.008231525
543,train,17.248500824,15.466000000,0.013615794,0.004397978,0.009218230,0.010562204,0.297231346,0.013616210,0.019039042,0.019044206,0.016490124,0.011508418,0.010201866,0.005411105,0.000186235,0.013429559
544,train,141.395004272,146.656000000,0.873168170,0.679492295,0.326707184,0.890432239,0.454819232,0.876272559,1.368741870,1.156585574,0.942842722,0.726233482,0.577615499,0.466989577,0.028294057,0.844874084
545,train,3.677500010,3.558000000,0.005652254,0.001063767,0.004588488,0.005096455,0.284789205,0.005652254,0.008557142,0.008053198,0.006362278,0.004816272,0.003558824,0.002565811,0.000091353,0.005560901
546,train,4.203499794,3.734500000,0.006199236,0.000619279,0.005579958,0.006321911,0.255440772,0.006199237,0.010461275,0.009917318,0.006734222,0.004914452,0.003049504,0.002118648,0.000174037,0.006025200
547,train,26.806499481,26.270000000,0.026100827,0.012187647,0.016623389,0.024037050,0.233625263,0.028811038,0.042809315,0.038626764,0.029264526,0.022840600,0.013784102,0.009279641,0.000688256,0.025412569
548,validation,18.318500519,17.857000000,0.021825748,0.007219401,0.014606901,0.018662451,0.246367052,0.021826304,0.034584977,0.032308184,0.026871156,0.017880697,0.011392452,0.007917007,0.000402797,0.021422949
549,train,34.951000214,37.560000000,0.045163598,0.013753706,0.033496093,0.041035093,0.285544485,0.045718975,0.074090138,0.063739583,0.049454473,0.037704863,0.027238863,0.018753644,0.000932213,0.044231385
550,train,6.914999962,4.961000000,0.005660331,0.000000000,0.005660331,0.005171034,0.229076102,0.005660331,0.009698628,0.008498231,0.006497245,0.004796579,0.002806403,0.001664899,0.000072552,0.005587780
551,train,38.468498230,35.977500000,0.071076334,0.027154932,0.049977489,0.057235956,0.300720245,0.077132411,0.100039050,0.092279390,0.077742837,0.067129180,0.050202228,0.039065309,0.002237149,0.068839185
552,train,14.590000153,12.922000000,0.002769234,0.000205540,0.002563694,0.002496975,0.299545258,0.002769234,0.004767342,0.004388561,0.003152189,0.002257462,0.001195506,0.000854345,0.000030769,0.002738465
553,train,28.863500595,23.545500000,0.012081087,0.000022656,0.012058429,0.012063573,0.244894236,0.012081088,0.025162039,0.017739289,0.011801833,0.007860675,0.005533728,0.004388952,0.000131305,0.011949780
554,train,4.821499825,3.445500000,0.005680617,0.000000000,0.005680617,0.005340631,0.259482056,0.005680618,0.010007104,0.008473235,0.006324649,0.004691109,0.002805571,0.001782038,0.000058500,0.005622118
555,holdout,3.783499956,3.292500000,0.007296013,0.001906488,0.006107520,0.006189481,0.302026093,0.008014008,0.010685141,0.010693315,0.008367974,0.006164643,0.004387728,0.003477270,0.000230563,0.007065449
556,train,8.354499817,7.338000000,0.010411976,0.001776731,0.009291309,0.010005528,0.240972474,0.011068041,0.016170418,0.012483621,0.010476543,0.010118244,0.008137946,0.005085088,0.000429784,0.009982194
557,train,175.509002686,186.475500000,1.083747745,0.719383895,0.469706148,1.010029078,0.486254781,1.067837715,1.525960445,1.350821257,1.163785815,1.027014256,0.865522444,0.569382310,0.121903092,0.961844623
558,train,76.194000244,71.623000000,0.302601308,0.170099974,0.139562920,0.290222466,0.307692409,0.293640345,0.465404689,0.401502967,0.331518233,0.257842839,0.205062658,0.154276296,0.017006915,0.285594374
559,holdout,15.265500069,12.659000000,0.014035954,0.002748648,0.011288154,0.012830953,0.283695519,0.014036804,0.022781130,0.018352991,0.015547593,0.011894085,0.009608097,0.006031821,0.000239888,0.013796065
560,train,86.013496399,88.244000000,0.385926723,0.200901195,0.195814028,0.383619368,0.298824698,0.368921220,0.552769601,0.478586316,0.398900211,0.331074297,0.293640226,0.260589719,0.014070142,0.371856570
561,train,24.113500595,20.855000000,0.010340114,0.001985034,0.008355079,0.010567940,0.309478194,0.010340114,0.017979531,0.015082431,0.011617546,0.008415332,0.005576645,0.003369194,0.000063325,0.010276788
562,validation,81.392997742,83.093000000,0.216676652,0.120953158,0.119366206,0.206668526,0.356585264,0.230852976,0.338095784,0.286459744,0.238479570,0.184432253,0.135682866,0.116909653,0.008158549,0.208518118
563,validation,27.863500595,21.788000000,0.007088546,0.000045929,0.007042617,0.006201668,0.270025074,0.007088547,0.011935298,0.011933669,0.007425947,0.004712680,0.003743887,0.002779794,0.000084783,0.007003763
564,validation,60.027000427,59.294500000,0.125535533,0.054888565,0.076025739,0.117619619,0.305793941,0.128201976,0.201844633,0.179350808,0.136914760,0.103460327,0.074353576,0.057289004,0.003359610,0.122175917
565,train,112.805000305,114.116500000,0.432155102,0.276692390,0.190116137,0.389529079,0.492557526,0.436050475,0.715579689,0.594367146,0.504536092,0.339456171,0.287055880,0.151935801,0.018808827,0.413346261
566,validation,19.931499481,18.134000000,0.027442355,0.013090001,0.014357708,0.028130809,0.260321230,0.026653260,0.057122692,0.039894745,0.028572313,0.018893825,0.012255086,0.007915486,0.000226796,0.027215565
567,train,49.935501099,57.116500000,0.238820955,0.158033982,0.088587314,0.205045477,0.344456077,0.236594737,0.354964405,0.310837209,0.262378365,0.223792613,0.161188483,0.119764507,0.005424524,0.233396441
568,holdout,10.114500046,9.343000000,0.005845489,0.000074681,0.005770809,0.005813575,0.243065387,0.005845490,0.010873787,0.008453869,0.006262694,0.004420721,0.003030966,0.002030896,0.000147830,0.005697659
569,train,31.179500580,32.461000000,0.064716540,0.032791242,0.035931088,0.079618566,0.281461895,0.068284184,0.118330508,0.092206769,0.063919969,0.046275284,0.035816941,0.031749763,0.001366436,0.063350104
570,holdout,37.780998230,34.815000000,0.086578943,0.022663182,0.064451188,0.071651198,0.298482507,0.084805638,0.131502151,0.121932060,0.097782150,0.073118001,0.055328429,0.039810840,0.003825170,0.082753778
571,train,8.253499985,6.597500000,0.002693168,0.000000000,0.002693168,0.002444478,0.284787953,0.002693168,0.004553957,0.004095933,0.003049595,0.002199637,0.001300459,0.000959428,0.000044810,0.002648358
572,train,54.572498322,52.796000000,0.061540172,0.024943661,0.042227942,0.054865144,0.257569283,0.067164078,0.102105543,0.090982936,0.071541719,0.054075018,0.029293343,0.021242481,0.001494195,0.060045972
573,train,18.538999557,14.460000000,0.023076512,0.002702838,0.021806590,0.022584049,0.294396043,0.024509434,0.041106306,0.034040298,0.025898250,0.017773120,0.012107708,0.007533398,0.000334524,0.022741990
574,train,114.075996399,109.589000000,0.526385367,0.302273065,0.261793703,0.484562516,0.383858204,0.525423467,0.825295329,0.707500875,0.590734184,0.479279786,0.330578923,0.224923283,0.016580233,0.509805202
575,train,110.725997925,106.681000000,0.318193436,0.160720095,0.176654026,0.323662817,0.331737965,0.328949422,0.515374124,0.432863832,0.334284246,0.256177485,0.214000568,0.156460211,0.018652324,0.299541116
576,train,4.962999821,6.065500000,0.010919788,0.006369793,0.006755008,0.009140817,0.277961820,0.011660926,0.016706163,0.015831122,0.012740036,0.008978889,0.006652142,0.004610371,0.000385487,0.010534300
577,train,11.673999786,11.095500000,0.006187810,0.000059556,0.006132253,0.005660753,0.309211135,0.006191810,0.009082880,0.008417321,0.006944859,0.005532466,0.004149009,0.003000321,0.000166448,0.006021362
578,train,8.399000168,10.689500000,0.014219952,0.007796296,0.006465545,0.014163761,0.229420289,0.014261843,0.025011085,0.019976767,0.015307658,0.011293232,0.008041671,0.005689293,0.000316301,0.013903650
579,train,1.111999989,1.096000000,0.002948049,0.001530930,0.002875075,0.002949595,0.258893669,0.004406005,0.005425254,0.004079971,0.002987497,0.002172998,0.001664484,0.001358091,0.000046801,0.002901249
580,train,8.806500435,7.961000000,0.003358902,0.000001285,0.003357617,0.003006132,0.239240140,0.003358902,0.004886865,0.004887349,0.003862590,0.002844537,0.002058591,0.001613481,0.000057751,0.003301151
581,train,72.086502075,67.224500000,0.106802911,0.074146032,0.042832397,0.096163705,0.329949081,0.114312135,0.158987626,0.133759022,0.105980143,0.095499672,0.093811087,0.052779868,0.003043363,0.103759535
582,train,26.869499207,25.063500000,0.026516914,0.006664523,0.020841442,0.025917010,0.234065861,0.027505964,0.046393033,0.041310374,0.028695142,0.017932612,0.014541014,0.010229301,0.001090874,0.025426041
583,holdout,167.923492432,172.436500000,0.912427127,0.629019976,0.378195763,0.860982656,0.464329809,0.891548395,1.388332605,1.205058217,1.025024295,0.826391041,0.608324766,0.421431690,0.055163123,0.857264042
584,validation,28.210500717,30.910000000,0.038715474,0.011843190,0.026930936,0.036494609,0.210678995,0.038773373,0.061409302,0.052362263,0.042736396,0.032847706,0.025500659,0.017436489,0.000866804,0.037848670
585,train,34.785499573,37.083000000,0.043498203,0.008529447,0.035002053,0.040463455,0.299328625,0.042662699,0.076168597,0.065387756,0.049069788,0.031185981,0.023110827,0.016066266,0.000892272,0.042605933
586,train,19.368999481,18.426000000,0.020408139,0.009394057,0.011015833,0.019465052,0.257525206,0.020409746,0.037625253,0.028277602,0.021649644,0.016282432,0.011747131,0.006866769,0.000441112,0.019967029
587,validation,5.979000092,6.566500000,0.002361244,0.000000024,0.002361220,0.002281748,0.326127172,0.002361244,0.004365548,0.003419292,0.002509575,0.001811969,0.001296592,0.000764484,0.000017353,0.002343890
588,train,4.276999950,2.984000000,0.002877271,0.000000002,0.002877269,0.002912726,0.267239034,0.002877272,0.004854871,0.004210475,0.003285155,0.002305050,0.001596142,0.001011934,0.000024858,0.002852413
589,train,43.857498169,42.262500000,0.057714935,0.025967333,0.034324635,0.054351557,0.278421462,0.058429886,0.097303823,0.081312202,0.062474564,0.047727011,0.035951670,0.021520318,0.002161538,0.055553395
590,train,11.689999580,11.064500000,0.006652335,0.000471035,0.006181320,0.006092922,0.288488567,0.006652355,0.009703317,0.008896774,0.007412530,0.006123075,0.004648319,0.003129994,0.000223268,0.006429067
591,train,8.088000298,8.402000000,0.009622412,0.002644929,0.009302472,0.008756768,0.323344201,0.011833860,0.015015271,0.013351561,0.010689454,0.008552743,0.005654334,0.004471100,0.000329509,0.009292901
592,train,4.985499859,5.439500000,0.008035386,0.000000000,0.008035386,0.007962557,0.232635319,0.008035387,0.015505101,0.012291810,0.008139279,0.005519442,0.003844244,0.002912441,0.000106107,0.007929279
593,holdout,13.277999878,12.665500000,0.010608870,0.000264346,0.010607498,0.009974880,0.313856810,0.010871844,0.018299434,0.015457695,0.011921264,0.008237449,0.005933292,0.003804082,0.000228989,0.010379880
594,holdout,79.503501892,75.597500000,0.274591863,0.158154890,0.126113400,0.261353970,0.357280344,0.268643320,0.446190864,0.383697033,0.304711252,0.225987345,0.164970428,0.121994033,0.012163004,0.262428820
595,holdout,7.863999844,6.611000000,0.010781385,0.001962847,0.009294678,0.010184387,0.261641741,0.011257526,0.019300980,0.015628750,0.011570574,0.008513900,0.005696757,0.003977345,0.000423746,0.010357639
596,holdout,36.759998322,37.968000000,0.068838626,0.022798615,0.049822591,0.063152127,0.290365815,0.072436400,0.110452019,0.095796235,0.075952865,0.058838394,0.041948013,0.030044232,0.001302375,0.067536257
597,train,25.645000458,21.861500000,0.013085460,0.002076657,0.011009003,0.012276348,0.272689760,0.013085662,0.020181801,0.018309405,0.014801485,0.011979107,0.007951198,0.005289765,0.000112719,0.012972741
598,train,2.888999939,2.809500000,0.002294463,0.000000001,0.002294463,0.001921943,0.251505971,0.002294465,0.003562294,0.003567443,0.002695529,0.001981045,0.001069185,0.000891281,0.000051054,0.002243409
599,validation,151.009994507,159.574000000,1.220734358,0.819676638,0.511089027,1.133463144,0.512998044,1.240609646,1.822611332,1.589445353,1.392961025,1.105780721,0.793395042,0.620213270,0.099481598,1.121252894
600,validation,8.092000008,8.495000000,0.013186702,0.004164963,0.009360906,0.012048360,0.471870452,0.013525870,0.023782538,0.020068822,0.015744396,0.009201689,0.006941970,0.003380796,0.000331285,0.012855417
601,holdout,101.992500305,99.904000000,0.447278857,0.280744582,0.181166708,0.435634196,0.346480399,0.449809879,0.723001182,0.620002866,0.499966979,0.394612044,0.279449165,0.166640863,0.023602903,0.423675925
602,validation,6.704500198,7.074000000,0.002360804,0.000000048,0.002360756,0.002281597,0.317077637,0.002360804,0.004365548,0.003419292,0.002509575,0.001811813,0.001295809,0.000762787,0.000016889,0.002343914
603,train,13.923500061,14.482500000,0.015741128,0.002969827,0.012771303,0.015338121,0.293457687,0.015741130,0.026736807,0.021688156,0.017238673,0.012681934,0.009160325,0.006940882,0.000376095,0.015365036
604,validation,47.031501770,47.733500000,0.073610730,0.039808135,0.036327086,0.065192886,0.328813374,0.076129697,0.120692164,0.111841589,0.083133236,0.059263799,0.040098909,0.026634667,0.001781864,0.071828872
605,validation,7.590000153,7.391000000,0.001678472,0.000000000,0.001678472,0.001678472,0.240975812,0.001678473,0.003526832,0.002501843,0.001678334,0.001106902,0.000749166,0.000507758,0.000012782,0.001665691
606,train,38.718498230,41.904000000,0.067341365,0.027402123,0.042858917,0.056936353,0.436801285,0.068935834,0.113117844,0.099671744,0.079845667,0.053442523,0.035377000,0.022593405,0.001734461,0.065606900
607,train,9.575499535,9.242000000,0.008680248,0.000851960,0.007828288,0.007921024,0.310877174,0.008680248,0.013664173,0.011743467,0.009406094,0.007621582,0.005705431,0.003940739,0.000237553,0.008442694
608,train,3.641000032,3.630500000,0.008024598,0.000870932,0.007153666,0.007921522,0.249067202,0.008024599,0.010854364,0.010161238,0.008896727,0.007479977,0.006046475,0.004708807,0.000351590,0.007673009
609,train,71.290000916,70.683000000,0.111919142,0.050168239,0.068255745,0.104693428,0.314515561,0.114452027,0.174099267,0.151502863,0.120525844,0.095007911,0.072672814,0.057706233,0.002228225,0.109690942
610,train,10.591500282,11.620000000,0.019906970,0.008272016,0.011742121,0.019190131,0.245301932,0.020014139,0.041317351,0.030282073,0.019869462,0.013319803,0.008090228,0.006562890,0.000453994,0.019452974
611,holdout,39.771999359,40.284500000,0.044644535,0.011169709,0.036560990,0.042292602,0.249654949,0.047717791,0.078571327,0.065907903,0.047899447,0.033045821,0.024786951,0.017655699,0.001117529,0.043527000
612,train,63.678501129,62.450500000,0.180943355,0.096177027,0.096378915,0.175393179,0.321587145,0.191182032,0.276284367,0.242158726,0.201236561,0.159762293,0.124774262,0.081443988,0.006508179,0.174435183
613,train,44.467998505,41.734500000,0.157176003,0.089734972,0.078723751,0.156771496,0.282774448,0.162567735,0.259081692,0.225243270,0.190079868,0.150469497,0.082905702,0.035276014,0.002939307,0.154236704
614,train,10.773500443,9.751500000,0.006326637,0.000023777,0.006302860,0.006121526,0.239576265,0.006326637,0.009671770,0.008908653,0.007069105,0.005299068,0.003936951,0.003074274,0.000164832,0.006161805
615,train,0.930499971,0.917500000,0.005625709,0.004389985,0.002303207,0.005637017,0.213681415,0.006693194,0.010982912,0.007957247,0.005645663,0.004183845,0.002977085,0.002007504,0.000051960,0.005573749
616,train,32.134498596,33.417000000,0.106300816,0.065311231,0.049708724,0.096531592,0.237146676,0.107697695,0.177677631,0.156841382,0.120331720,0.086919092,0.061212588,0.034822416,0.001798611,0.104502194
617,train,31.173999786,30.177500000,0.048568755,0.028826591,0.025924718,0.043251835,0.502167284,0.054675609,0.077087894,0.065375216,0.049072444,0.040205572,0.029965667,0.029705731,0.000590603,0.047978148
618,train,107.914497375,103.351000000,0.131938711,0.062617607,0.077168301,0.125183254,0.287510574,0.138447538,0.228692606,0.189477861,0.140016735,0.100260377,0.074935995,0.058248706,0.005871213,0.126067504
619,train,109.706001282,114.775500000,0.705458760,0.431976616,0.307656348,0.617572308,0.457992345,0.706730306,0.937029183,0.960379899,0.854242980,0.700043976,0.432138622,0.348918140,0.021068800,0.684390008
620,train,21.551500320,20.156000000,0.015772918,0.002562672,0.015189815,0.013790067,0.307730973,0.017752487,0.025547881,0.020346571,0.015896665,0.015181084,0.010217412,0.007447902,0.000287470,0.015485449
621,holdout,11.723999977,10.549000000,0.016528482,0.006013224,0.011154167,0.015792422,0.263581723,0.017167391,0.027025752,0.023223169,0.018146275,0.013887644,0.009765258,0.007122789,0.000481159,0.016047325
622,train,62.589000702,60.545000000,0.120904557,0.064105690,0.067610808,0.104223154,0.278748810,0.127665028,0.180948064,0.155614212,0.127760276,0.100832991,0.089978978,0.070292875,0.004214890,0.116689667
623,train,4.472000122,4.011000000,0.008379883,0.001949569,0.006471949,0.008371768,0.328494251,0.008421519,0.014613032,0.012925282,0.008902494,0.006460009,0.004196842,0.003181639,0.000231287,0.008148596
624,train,131.717498779,132.460500000,0.596487522,0.357822180,0.300768673,0.526338518,0.394229203,0.599084318,0.897140026,0.797543347,0.590661228,0.567056179,0.454023331,0.272501051,0.040116135,0.556371450
625,train,0.640999973,2.164000000,0.001478062,0.000000000,0.001478062,0.001477085,0.226650462,0.001478062,0.002531931,0.002015101,0.001507564,0.001083748,0.000956533,0.000773496,0.000050620,0.001427443
626,holdout,29.052999496,31.599500000,0.026015103,0.002764158,0.025999017,0.026159026,0.270979106,0.028763179,0.043075781,0.038609818,0.029121965,0.021520313,0.013898809,0.009863926,0.000472972,0.025542127
627,train,70.225502014,62.809500000,0.164105728,0.080988266,0.093902417,0.158363938,0.300980479,0.171343669,0.245676622,0.216651976,0.179139450,0.140828580,0.114154205,0.088183574,0.006689717,0.157416016
628,train,57.244998932,53.337500000,0.201718301,0.113905087,0.091769651,0.189499885,0.313048184,0.199696422,0.296655387,0.265259832,0.237873301,0.188671306,0.128151581,0.093698338,0.016655480,0.185062841
629,validation,9.213000298,9.603500000,0.008185390,0.000000000,0.008185390,0.007602760,0.226913169,0.008185391,0.014173829,0.010671512,0.008697409,0.007003704,0.005380613,0.003185279,0.000162971,0.008022420
630,train,26.978000641,21.286000000,0.004964059,0.000000000,0.004964059,0.004693117,0.257560700,0.004964060,0.009299638,0.007506018,0.005366762,0.003711669,0.002165256,0.001735013,0.000047734,0.004916326
631,holdout,36.814998627,33.801500000,0.060871042,0.021830274,0.040049214,0.050974600,0.291401476,0.059779424,0.090693906,0.081943303,0.063422546,0.048545808,0.048082490,0.032538168,0.002107183,0.058763847
632,validation,91.380500793,88.246500000,0.295741647,0.142099887,0.176243991,0.259943128,0.308283806,0.308427364,0.458622903,0.379033446,0.303271472,0.263609231,0.222213060,0.147699803,0.013339409,0.282402247
633,train,45.572498322,44.131500000,0.046524446,0.018190088,0.031383447,0.040692519,0.282536089,0.049469050,0.067999348,0.060759109,0.051948976,0.038913574,0.030944195,0.028581429,0.001240846,0.045283597
634,train,2.688499928,2.279000000,0.005858480,0.000948427,0.004910053,0.005717068,0.288106412,0.005858480,0.010614748,0.008842446,0.005858019,0.004402805,0.003190077,0.002242779,0.000146526,0.005711953
635,holdout,183.414001465,187.619500000,0.910375714,0.586442053,0.409797490,0.882919788,0.437630594,0.871466100,1.362616420,1.181138158,0.972013056,0.795293748,0.685230970,0.465961814,0.062262081,0.848113656
636,train,14.833999634,13.962500000,0.024984613,0.008272715,0.017350819,0.023169508,0.241538599,0.025623145,0.042113315,0.035926349,0.027445119,0.021007029,0.013768777,0.009647083,0.000540071,0.024444545
637,holdout,7.255499840,7.374500000,0.011863784,0.002229730,0.009634054,0.011639576,0.261658132,0.011863784,0.020289874,0.017272606,0.013296648,0.009390652,0.006859696,0.004073220,0.000214960,0.011648824
638,train,28.705999374,25.504000000,0.031631473,0.005061154,0.026732611,0.030541155,0.238562986,0.031793766,0.055052169,0.043721888,0.033292204,0.025156695,0.019044779,0.013521097,0.000793296,0.030838178
639,holdout,75.336997986,70.754000000,0.182983711,0.068668857,0.126294911,0.143671557,0.344911098,0.188122377,0.215869948,0.222672522,0.221539021,0.184512809,0.157126963,0.096181095,0.003942395,0.179041356
640,validation,26.163000107,20.608500000,0.021390487,0.002725915,0.019468432,0.018780872,0.289290369,0.022194348,0.033841249,0.032484494,0.024457550,0.017955005,0.012246083,0.007358533,0.000365513,0.021024972
641,train,15.016500473,12.657000000,0.004725927,0.000022561,0.004703365,0.004714185,0.243176043,0.004725927,0.008430459,0.006240490,0.004484003,0.003491564,0.003156154,0.002552891,0.000075305,0.004650622
642,train,13.329500198,14.479000000,0.024468444,0.008239305,0.016229140,0.021244036,0.288935840,0.024468446,0.046175756,0.035773084,0.024459977,0.020153871,0.013170703,0.007077263,0.000741995,0.023726448
643,train,15.244500160,15.535000000,0.018277502,0.005167793,0.013109706,0.017847862,0.416235507,0.018277504,0.031750139,0.025079228,0.019074507,0.014551596,0.011038539,0.008170993,0.000597102,0.017680397
644,train,24.909999847,24.274000000,0.027724024,0.006508179,0.022398647,0.024527989,0.292241812,0.028906828,0.047865648,0.041261259,0.032767028,0.024951529,0.013684516,0.005814158,0.000510509,0.027213514
645,train,39.873001099,37.470500000,0.130715296,0.094700962,0.052597657,0.112740658,0.317460418,0.145155609,0.214727581,0.203178287,0.162990063,0.093738697,0.070985854,0.038671289,0.003674176,0.127041116
646,holdout,125.814002991,130.247500000,0.406046122,0.255025953,0.188347802,0.328402638,0.456559151,0.406944513,0.580675006,0.622051418,0.524015784,0.336694866,0.228859857,0.143979788,0.016869588,0.389176548
647,holdout,16.513999939,16.228000000,0.009269538,0.000000000,0.009269538,0.008713850,0.305506825,0.009269539,0.016696529,0.013613947,0.009926982,0.007412647,0.004841350,0.003125776,0.000230655,0.009038884
648,holdout,5.205999851,4.997500000,0.011131275,0.001690795,0.009486848,0.010863470,0.342227340,0.011177644,0.018257616,0.016003294,0.011554536,0.008759201,0.007022457,0.005190532,0.000540340,0.010590934
649,train,37.700000763,39.817000000,0.038626529,0.005138203,0.033604968,0.034273699,0.276587218,0.038163282,0.065963812,0.054154955,0.042454056,0.030181818,0.023197200,0.015807347,0.000836021,0.037790515
650,train,38.779998779,49.456000000,0.244186059,0.144227445,0.115079880,0.248217195,0.346234888,0.252386451,0.405471623,0.367289454,0.295973212,0.177030027,0.116878480,0.102473572,0.005429656,0.238756403
651,train,1.973000050,1.673000000,0.005118298,0.000854192,0.004264106,0.004779752,0.268134207,0.005118298,0.009074102,0.007806678,0.005912525,0.003743927,0.002427283,0.001745272,0.000066407,0.005051891
652,train,163.860504150,163.722000000,0.996122420,0.649338484,0.433261186,0.897695363,0.422499090,0.973005652,1.403489590,1.299613833,1.122381091,0.933562815,0.728316605,0.489370316,0.052813027,0.943309367
653,holdout,13.890500069,12.559500000,0.026206078,0.003501122,0.024380654,0.024270490,0.330125004,0.027881779,0.042319458,0.039899074,0.030220663,0.023766924,0.012170115,0.008860234,0.000571169,0.025634909
654,train,108.943496704,110.393500000,0.400548011,0.272899836,0.155578822,0.357857555,0.418898612,0.406792164,0.649066389,0.538136840,0.452652991,0.356914163,0.258913934,0.147603527,0.017124750,0.383423239
655,validation,7.019000053,10.222500000,0.013575382,0.001813551,0.011764981,0.012947237,0.244224697,0.013578533,0.026576096,0.019036429,0.013944311,0.010080650,0.006764153,0.005050654,0.000304271,0.013271112
656,holdout,100.519996643,94.106000000,0.307409614,0.169380367,0.159894764,0.307372987,0.311535269,0.312083304,0.516040862,0.442743778,0.330233246,0.241857469,0.178701416,0.134880841,0.016093343,0.291316301
657,train,13.308500290,11.754000000,0.002378657,0.000010912,0.002367744,0.001730734,0.396526664,0.002378657,0.003799809,0.003799809,0.002853553,0.002091091,0.000984648,0.000743026,0.000013876,0.002364780
658,train,20.004499435,17.136500000,0.019128755,0.007785471,0.011367531,0.017066378,0.271729648,0.019153003,0.036348436,0.029968420,0.021340705,0.014000497,0.007991605,0.005122875,0.000317512,0.018811245
659,train,22.319999695,20.990500000,0.015198871,0.002221947,0.014883056,0.014424360,0.297696292,0.017105006,0.026527552,0.020941479,0.015904665,0.012853827,0.008304622,0.006661086,0.000301575,0.014897298
660,train,65.462501526,66.350500000,0.148649201,0.081679620,0.074379638,0.144818604,0.338312864,0.154418647,0.237117678,0.201463267,0.163436681,0.127369493,0.095750496,0.066757612,0.005388706,0.143260494
661,train,25.677999496,28.524500000,0.032475688,0.013310037,0.019929260,0.032653779,0.269776255,0.033239301,0.060062684,0.046417333,0.034607619,0.024460925,0.017021021,0.012284527,0.000740552,0.031735137
662,train,26.168500900,25.570000000,0.028214553,0.006111150,0.023287855,0.025149880,0.269785076,0.029397422,0.048005261,0.041409589,0.033802282,0.025287762,0.013646742,0.007135664,0.000690478,0.027524075
663,holdout,28.972000122,25.541000000,0.038895544,0.022957591,0.017778335,0.036647554,0.260289669,0.040735934,0.066861503,0.052573577,0.040571321,0.030012906,0.027308861,0.016045107,0.001212725,0.037682820
664,train,32.397998810,32.133000000,0.104175001,0.023877725,0.080375008,0.097116552,0.329136759,0.102407448,0.174837187,0.146799713,0.112880625,0.083017901,0.063121617,0.044392981,0.002443216,0.101731785
665,train,28.920999527,23.686500000,0.020396560,0.012638414,0.008658256,0.019427489,0.265736252,0.021296673,0.035658184,0.032594524,0.023571212,0.016001774,0.009208592,0.005345076,0.000655735,0.019740824
666,train,23.800500870,26.539000000,0.018971449,0.000000000,0.018971449,0.016149204,0.273180902,0.018971451,0.030014014,0.026964569,0.020140216,0.016022621,0.012569221,0.008118054,0.000183042,0.018788405
667,train,11.090000153,11.917500000,0.024212966,0.005002598,0.019210367,0.023797264,0.293290228,0.024212968,0.041251700,0.033236168,0.026715225,0.020104682,0.014098341,0.009871680,0.000602195,0.023610771
668,train,7.489500046,7.725500000,0.009485315,0.002354855,0.009455450,0.008724274,0.349448353,0.011804704,0.015010675,0.013344577,0.010684939,0.007604553,0.005291958,0.004975185,0.000328445,0.009156870
669,validation,145.550003052,153.396500000,0.818449020,0.629736423,0.287776053,0.646718860,0.434781015,0.811839104,1.342135787,1.102214575,0.903634250,0.710379124,0.551968038,0.300361991,0.034172960,0.784276068
670,validation,28.216999054,29.022000000,0.051359389,0.018880581,0.033420578,0.050210524,0.315703779,0.051994432,0.087887578,0.069894038,0.054632120,0.040860325,0.030985359,0.023896907,0.000948251,0.050411135
671,train,28.678499222,27.164000000,0.031402383,0.005924405,0.026072476,0.031249648,0.247217178,0.031991802,0.059581786,0.045658767,0.033357151,0.023074802,0.016110301,0.010631495,0.001090622,0.030311763
672,validation,33.175998688,29.902000000,0.049794555,0.027095644,0.023721110,0.047767475,0.290130109,0.048720732,0.083675139,0.068950959,0.053991549,0.041837811,0.031129843,0.019182017,0.000761167,0.049033388
673,validation,30.684000015,30.259500000,0.061952293,0.033872064,0.031441897,0.060071439,0.241056949,0.063420907,0.101959109,0.089157283,0.070361227,0.051084366,0.035170071,0.023981670,0.001466290,0.060485996
674,train,30.420999527,35.292000000,0.038400561,0.016434189,0.026639439,0.032989379,0.301340044,0.043072037,0.057496723,0.057533972,0.046103932,0.033196125,0.021970296,0.014102338,0.001097705,0.037302859
675,train,3.250999928,3.264500000,0.001464973,0.000255880,0.001420361,0.001024393,0.233056501,0.001676241,0.000000000,0.000461284,0.002655887,0.002679607,0.001614539,0.001378521,0.000007750,0.001457224
676,validation,4.592999935,4.395500000,0.006278468,0.000878643,0.005402508,0.005638221,0.346043378,0.006281151,0.010645648,0.009808376,0.007398708,0.005055312,0.002823452,0.001939316,0.000173989,0.006104480
677,train,88.669502258,85.852500000,0.241690606,0.128251061,0.135610372,0.231285512,0.280776203,0.247416094,0.391453087,0.325049907,0.269362450,0.210053697,0.154141545,0.100082964,0.013413168,0.228277445
678,train,12.844499588,13.443000000,0.014468383,0.003001180,0.011467203,0.014073650,0.286047012,0.014468384,0.022664327,0.019365719,0.016450023,0.012719116,0.009235185,0.006375926,0.000345597,0.014122786
679,validation,5.822500229,6.946000000,0.010959311,0.003808921,0.007232544,0.009954962,0.482288808,0.011041465,0.019719735,0.015999295,0.012675905,0.008312198,0.005312146,0.003736590,0.000271338,0.010687974
680,holdout,39.689498901,37.002000000,0.091872342,0.031747133,0.060629781,0.077417135,0.359057307,0.090062030,0.142145440,0.130466700,0.102201164,0.078321174,0.062434942,0.035664625,0.003573855,0.088298500
681,train,14.588999748,14.359500000,0.007671602,0.003666684,0.004004946,0.007907559,0.279564559,0.007671630,0.015479856,0.009788065,0.007781774,0.005827215,0.004265779,0.002886926,0.000206156,0.007465447
682,train,80.204498291,81.282500000,0.150895074,0.064604171,0.095538296,0.142066494,0.329419285,0.153565750,0.254163980,0.226797044,0.176534206,0.122917503,0.078321889,0.046635810,0.004572032,0.146323055
683,train,131.575500488,140.025500000,0.701287985,0.442702860,0.301173568,0.685708880,0.430035323,0.672206044,1.153396606,1.016425014,0.778647423,0.557726264,0.400987357,0.300545126,0.029030414,0.672257543
684,train,59.838500977,59.246000000,0.128025591,0.061043710,0.076718107,0.123618282,0.273433834,0.132949650,0.198969826,0.169995874,0.134431154,0.108102150,0.097448185,0.059206303,0.003845507,0.124180086
685,train,3.647500038,3.236000000,0.004838790,0.000000455,0.004838334,0.004502845,0.293226808,0.004838790,0.008983671,0.008241672,0.005125459,0.003290462,0.001657128,0.001734344,0.000041102,0.004797687
686,train,13.241000175,11.974000000,0.014803284,0.001665162,0.013138122,0.013824773,0.274166107,0.014803285,0.023446562,0.020081678,0.016106695,0.012499915,0.009406551,0.007278301,0.000150353,0.014652933
687,train,22.777999878,22.724500000,0.025097137,0.004028466,0.021068839,0.024037287,0.308007777,0.025097299,0.039127689,0.036287487,0.029251365,0.021322630,0.013938904,0.010654750,0.000287098,0.024810042
688,train,36.359001160,38.717000000,0.052531768,0.010118174,0.044300087,0.046066668,0.295180917,0.051932398,0.091920376,0.078484170,0.059130538,0.038976047,0.027997460,0.018681986,0.001020711,0.051511053
689,holdout,3.654000044,3.746000000,0.006125293,0.001612746,0.004512547,0.005749319,0.281690538,0.006125293,0.010573011,0.009794219,0.007601487,0.004225608,0.002740176,0.001817256,0.000099080,0.006026214
690,validation,69.123001099,67.383500000,0.103446245,0.060009245,0.051884767,0.089539073,0.317186832,0.108690202,0.157516196,0.147293106,0.120269813,0.087009855,0.062378187,0.046210304,0.003238199,0.100208052
691,train,94.385498047,89.388500000,0.164699703,0.090605140,0.083324440,0.144750729,0.299071968,0.169576168,0.263641834,0.225079566,0.176775724,0.140893325,0.104602002,0.077205800,0.009254223,0.155445486
692,validation,3.608500004,3.839500000,0.002936526,0.000000000,0.002936526,0.002934791,0.230488598,0.002936527,0.005626884,0.004161973,0.002973903,0.002114373,0.001591480,0.001150546,0.000079486,0.002857040
693,holdout,9.238499641,9.701500000,0.012407204,0.003008278,0.009425720,0.011950995,0.475179583,0.012433998,0.023788817,0.019206626,0.014663653,0.008105367,0.005424110,0.003254648,0.000327348,0.012079856
694,train,27.945499420,26.505500000,0.033729240,0.018083835,0.015733082,0.031137971,0.265023321,0.033816922,0.059481114,0.050587196,0.037618775,0.026442587,0.017053153,0.011192633,0.000898558,0.032830685
695,train,128.174499512,121.509000000,0.448247850,0.256848454,0.211793318,0.407477200,0.356534004,0.448029548,0.725675762,0.584729791,0.469940484,0.397320569,0.351263642,0.160556659,0.021559497,0.426688373
696,validation,125.035003662,124.598000000,0.640542090,0.387892067,0.287408441,0.605900288,0.395149499,0.632694840,0.982367814,0.853111863,0.721868157,0.596441507,0.438758701,0.250704020,0.034360193,0.606181800
697,train,30.599000931,35.599000000,0.032890916,0.011051878,0.027328804,0.027557546,0.284526020,0.038380690,0.047326956,0.047367759,0.038715776,0.029725058,0.019841962,0.014367966,0.001032362,0.031858549
698,train,24.152000427,21.576500000,0.040044576,0.015335985,0.024869101,0.039578013,0.427129000,0.040205091,0.073288023,0.059920665,0.043097928,0.029915651,0.020263299,0.013781874,0.001009938,0.039034635
699,train,63.354999542,60.986000000,0.159303233,0.085927434,0.077239901,0.150175840,0.288758010,0.158425555,0.268742889,0.211928606,0.163276091,0.127008051,0.106096573,0.078767031,0.011303695,0.147999510
700,train,5.227499962,5.523000000,0.005716097,0.000002546,0.005713550,0.004934387,0.257699102,0.005716097,0.010303940,0.007747513,0.006220820,0.004794919,0.003582013,0.001647374,0.000074318,0.005641779
701,holdout,6.412000179,5.856000000,0.014452428,0.001992475,0.012556560,0.014386837,0.325029761,0.014549036,0.025264455,0.020957222,0.014857154,0.010949911,0.008500851,0.006184970,0.000656359,0.013796069
702,holdout,5.514500141,5.296000000,0.011759796,0.001699998,0.010143260,0.011717953,0.338390291,0.011843259,0.019711817,0.016972532,0.012155438,0.009172212,0.007231229,0.005315549,0.000551803,0.011207994
703,holdout,88.379997253,85.205500000,0.282211840,0.164968565,0.133621052,0.264564365,0.358160019,0.282342434,0.447425127,0.387311161,0.314781010,0.235992774,0.173411176,0.134349644,0.015061010,0.267150789
704,train,6.211500168,5.105000000,0.005775709,0.000000000,0.005775709,0.005756653,0.248009145,0.005775709,0.010862124,0.008169420,0.005975657,0.004213208,0.002967473,0.002466368,0.000096310,0.005679399
705,train,128.362503052,123.574000000,0.479545742,0.290472597,0.212063670,0.429572850,0.368106425,0.479051203,0.750144899,0.672377944,0.498925447,0.440986365,0.352319628,0.162520081,0.018898370,0.460647374
706,validation,26.657499313,21.697500000,0.025836311,0.002649155,0.023991019,0.023864653,0.295826316,0.026640175,0.045414135,0.040522955,0.028580898,0.020337258,0.012324225,0.007838400,0.000562635,0.025273677
707,train,7.491000175,5.596000000,0.008462400,0.000000016,0.008462384,0.008545398,0.230378821,0.008462401,0.015353519,0.012123240,0.009210491,0.006584208,0.004492762,0.003010183,0.000079498,0.008382902
708,train,13.204500198,14.352000000,0.017936179,0.002386992,0.015710600,0.016085651,0.253106922,0.018097593,0.031856060,0.026398242,0.017449358,0.014538866,0.010781441,0.006593105,0.000662272,0.017273907
709,train,167.194000244,166.859500000,1.133777380,0.796186566,0.494475961,0.964012265,0.460360855,1.132337451,1.641654849,1.416999340,1.208233595,1.064136386,0.839944482,0.631694913,0.062438685,1.071338654
710,train,157.199493408,160.381000000,1.212427855,0.905815601,0.461985707,0.962295830,0.429929584,1.198751807,1.487428904,1.613091826,1.517770529,1.063970327,0.934662461,0.657643616,0.066980332,1.145447493
711,train,126.729499817,124.805500000,0.543995380,0.321189076,0.252733350,0.465060771,0.378449440,0.538367748,0.793213785,0.726999044,0.609875143,0.512728214,0.388889223,0.232266754,0.028757175,0.515238285
712,train,91.267501831,82.935000000,0.210727230,0.109520771,0.109431289,0.200225532,0.335464567,0.216888994,0.329310298,0.274568617,0.220318392,0.178982660,0.149402201,0.111781135,0.008178559,0.202548668
713,train,31.187000275,29.305000000,0.039812468,0.015038812,0.027085666,0.039577160,0.272423685,0.042124454,0.074225642,0.056304295,0.039983410,0.028221793,0.023816511,0.016323147,0.001086341,0.038726125
714,train,29.831499100,27.749000000,0.046585683,0.017456509,0.032829225,0.046397243,0.233625457,0.049211901,0.084056184,0.067354493,0.049566660,0.035971038,0.024778165,0.017787548,0.001970680,0.044615004
715,train,83.478996277,81.631000000,0.174255058,0.095519014,0.088808060,0.176237255,0.301330268,0.184235930,0.296963096,0.238285571,0.185679182,0.142689943,0.106139094,0.075773396,0.006899396,0.167355672
716,train,1.560999990,1.735500000,0.004960401,0.000000000,0.004960401,0.004960398,0.263996691,0.004960402,0.009363738,0.007031912,0.005137304,0.003699815,0.002646911,0.001882727,0.000036335,0.004924067
717,train,12.451000214,11.467500000,0.024748538,0.008658092,0.016706474,0.024777062,0.259090811,0.025364568,0.048137486,0.036613341,0.026592784,0.017500237,0.011738540,0.007908835,0.000291608,0.024456929
718,train,3.547499895,2.662000000,0.005975566,0.000000000,0.005975566,0.005882202,0.248411864,0.005975566,0.011245816,0.008699337,0.006267650,0.004150161,0.003095769,0.002394659,0.000078746,0.005896819
719,validation,78.806999207,76.060000000,0.107207857,0.046701893,0.068273559,0.098178931,0.367676586,0.110909991,0.164050952,0.149012506,0.117893703,0.092154503,0.066929489,0.053205933,0.003728872,0.103478983
720,train,114.093498230,109.891500000,0.399687737,0.222001970,0.205804199,0.384704202,0.341913581,0.409954816,0.636866689,0.550346971,0.424636334,0.319951087,0.248656511,0.217668682,0.022756472,0.376931250
721,validation,16.860000610,19.341500000,0.022049785,0.003582549,0.018587438,0.021901328,0.233807519,0.022153249,0.040627636,0.030609388,0.022167524,0.016641006,0.012315152,0.009938000,0.000485382,0.021564402
722,train,36.862998962,35.195000000,0.040154502,0.015228762,0.025680300,0.036819238,0.294636279,0.040808238,0.064262435,0.060122501,0.045458425,0.027578250,0.019392051,0.024113314,0.001334849,0.038819652
723,train,39.270999908,37.412500000,0.044446461,0.020573761,0.029720869,0.036921553,0.277606815,0.048641205,0.070167564,0.058127239,0.040418878,0.028563939,0.037232444,0.032168701,0.001366943,0.043079522
724,train,26.210500717,28.113000000,0.056294028,0.014848506,0.043521523,0.049420960,0.296604306,0.056724917,0.085938573,0.077164531,0.064793125,0.049981851,0.032649860,0.027236242,0.003566273,0.052727763
725,holdout,4.067500114,4.188500000,0.005884696,0.001063767,0.004820929,0.005267805,0.248710394,0.005884696,0.010293935,0.008419883,0.006232468,0.004743807,0.003501695,0.002116385,0.000136466,0.005748230
726,train,5.012499809,5.224000000,0.005754509,0.000000000,0.005754509,0.005680011,0.212612629,0.005754509,0.011394538,0.008974475,0.005688637,0.003791146,0.002632156,0.002046100,0.000065576,0.005688933
727,holdout,4.378499985,4.712000000,0.009665525,0.002075797,0.007602579,0.008355831,0.224667206,0.009678377,0.017802132,0.013885956,0.011186708,0.007163788,0.004733607,0.003220963,0.000256224,0.009409302
728,train,9.867500305,10.853500000,0.017218001,0.006666320,0.011237210,0.017298028,0.241988137,0.017903533,0.033117153,0.025567576,0.018337518,0.012373600,0.007409729,0.006502437,0.000415937,0.016802065
729,train,38.173000336,36.721500000,0.062394273,0.022581318,0.040619351,0.053528864,0.314201742,0.061154775,0.100097783,0.084727034,0.063131958,0.055007517,0.045167178,0.026234107,0.002517907,0.059876360
730,train,11.530500412,10.289500000,0.014211119,0.000288414,0.013922707,0.013604903,0.279915214,0.014211123,0.025264945,0.020421477,0.015150335,0.010901165,0.007871918,0.005656868,0.000145471,0.014065646
731,validation,1.702999949,1.077000000,0.003793970,0.000000000,0.003793970,0.003137598,0.248649925,0.003793970,0.007376953,0.006238444,0.004357407,0.003003345,0.001077425,0.000710245,0.000026833,0.003767137
732,validation,7.359499931,6.837000000,0.016470443,0.004077762,0.012392684,0.015360630,0.435901493,0.016470222,0.028868694,0.024687644,0.016964447,0.011880168,0.009328594,0.007093122,0.000142571,0.016327873
733,train,122.008003235,125.231500000,0.582715273,0.357406110,0.258957982,0.583143532,0.356960773,0.565775573,0.986923218,0.874137402,0.660745978,0.452152938,0.307973444,0.214358315,0.024626318,0.558088899
734,validation,4.394499779,4.072500000,0.005797796,0.001547612,0.004257740,0.005658354,0.384408534,0.005805351,0.010625282,0.008987980,0.006653652,0.004297282,0.002586681,0.001635896,0.000132066,0.005665730
735,holdout,38.245998383,38.499000000,0.104722448,0.044189490,0.067388847,0.093705378,0.309580684,0.106067374,0.177417383,0.153186634,0.121225029,0.084001116,0.054548278,0.037956242,0.001736069,0.102986380
736,train,51.766998291,51.543500000,0.120186217,0.061601505,0.063631698,0.117779955,0.261466503,0.121057898,0.190428883,0.164723396,0.132041737,0.100866392,0.075441837,0.057615023,0.004436012,0.115750208
737,train,144.236999512,149.406500000,0.794956565,0.536366224,0.382174551,0.815304279,0.431842804,0.786353409,1.301335335,1.080464363,0.836016953,0.662923396,0.474584579,0.414414585,0.025556134,0.769400477
738,train,91.001502991,82.122000000,0.313349873,0.169968084,0.164025843,0.328295618,0.322938532,0.311306655,0.538210452,0.449613094,0.327025592,0.236022919,0.187750846,0.141476363,0.011451171,0.301898718
739,train,43.520999908,42.932000000,0.038040411,0.016019553,0.024206994,0.037108514,0.281392545,0.040219132,0.060825039,0.051723719,0.040813882,0.032939855,0.023996262,0.017943699,0.001041269,0.036999144
740,train,18.722499847,14.751500000,0.005888583,0.000001419,0.005887163,0.004878208,0.254569381,0.005888583,0.009421639,0.009419434,0.006407569,0.004742972,0.003422283,0.001917599,0.000105795,0.005782788
741,train,26.762500763,27.725500000,0.042006049,0.011052038,0.032599133,0.036759019,0.303407669,0.042580694,0.064921267,0.058025233,0.049474936,0.038578432,0.024779094,0.016257333,0.001943836,0.040062219
742,validation,4.614500046,3.865500000,0.001520041,0.000000000,0.001520041,0.001287206,0.290915936,0.001520041,0.002491123,0.002491123,0.001870992,0.001366658,0.000500562,0.000399790,0.000009245,0.001510796
743,validation,100.578002930,98.901000000,0.379316360,0.274838060,0.131966799,0.333671272,0.339926720,0.391470760,0.536384583,0.478492677,0.415898263,0.360965788,0.307643116,0.176513657,0.017239042,0.362077296
744,holdout,63.599998474,65.372000000,0.166141018,0.095602527,0.077360943,0.165614933,0.329416960,0.169851139,0.282532722,0.233315840,0.180522352,0.133416697,0.098266646,0.068791881,0.005432639,0.160708398
745,holdout,124.306999207,125.471500000,0.616063058,0.379393458,0.274241298,0.596668303,0.361753166,0.601612210,0.998401999,0.879965425,0.670576930,0.476112425,0.351168931,0.320152193,0.028516226,0.587546825
746,train,28.768499374,27.545000000,0.066570476,0.031412993,0.044221368,0.062947378,0.282589436,0.075262897,0.116764188,0.099808745,0.074004740,0.048118431,0.034101870,0.026624903,0.001124480,0.065445997
747,validation,27.341499329,27.978000000,0.098202646,0.018324124,0.080965899,0.090153694,0.303594291,0.097466193,0.162282407,0.138037726,0.107183307,0.079589203,0.060749322,0.041373897,0.002168810,0.096033841
748,train,49.889499664,46.694500000,0.159984887,0.112702265,0.058768619,0.155400828,0.310034096,0.169357210,0.268459767,0.241084978,0.191970691,0.118718423,0.080551863,0.059123628,0.006984053,0.153000832
749,validation,30.649499893,28.595000000,0.024967477,0.011524646,0.015759688,0.024953621,0.259423703,0.026240690,0.047455065,0.034968875,0.024973800,0.018446516,0.013827565,0.010133030,0.000675516,0.024291961
750,validation,29.423500061,27.136000000,0.031654809,0.009815373,0.026498780,0.030737365,0.258107722,0.036312483,0.059545349,0.044738427,0.034078855,0.024053324,0.016589087,0.010923808,0.000981928,0.030672884
751,train,3.351000071,3.171000000,0.004142612,0.001604315,0.002538297,0.003893914,0.298561901,0.004142612,0.007132324,0.006352700,0.004873250,0.003127720,0.002095737,0.001273940,0.000074140,0.004068472
752,train,42.766998291,40.585500000,0.046541773,0.017399650,0.031454131,0.045648646,0.291510046,0.048853789,0.084689640,0.066211380,0.050221611,0.034861576,0.024513271,0.018753178,0.001486266,0.045055509
753,train,29.477500916,27.666500000,0.037404243,0.011821294,0.028039595,0.036412746,0.266130120,0.038667999,0.068153121,0.056553107,0.042486493,0.025665374,0.018636383,0.012930970,0.000608490,0.036795750
754,train,3.236500025,2.997500000,0.004600314,0.001996845,0.004443592,0.003617979,0.327748984,0.006387502,0.006834595,0.006835197,0.005159323,0.003787108,0.002354760,0.002630901,0.000120381,0.004479934
755,train,23.838499069,23.655500000,0.031135473,0.015738294,0.017775994,0.026887311,0.242218912,0.033514280,0.049279243,0.047175691,0.037815198,0.026866864,0.015524233,0.010151598,0.000671233,0.030464241
756,train,113.900001526,113.170000000,0.328111470,0.199778065,0.155852556,0.305122584,0.358831942,0.331716031,0.559097767,0.480482787,0.391257077,0.270337641,0.168567717,0.098925591,0.011924983,0.316186488
757,train,46.033000946,44.940000000,0.059501916,0.026902638,0.035078689,0.055511564,0.274702996,0.060436010,0.098930664,0.086534984,0.064397141,0.048265759,0.036598984,0.022283943,0.002339514,0.057162397
758,train,91.966003418,89.860500000,0.164927095,0.094450682,0.079298675,0.159382194,0.297073096,0.168391675,0.255837291,0.218981564,0.176933691,0.140432060,0.109094664,0.088283323,0.008175187,0.156751916
759,train,7.356999874,8.950500000,0.004582421,0.000000542,0.004581878,0.004057654,0.279414892,0.004582421,0.006797662,0.006796613,0.005431917,0.004020096,0.002462321,0.001985917,0.000077425,0.004504995
760,train,23.226499557,17.842500000,0.011585199,0.004016506,0.007568694,0.011802434,0.256521523,0.011585200,0.019252660,0.016082663,0.013722794,0.009881904,0.006431232,0.004139940,0.000308780,0.011276420
761,train,47.168498993,47.802000000,0.229182601,0.082271613,0.158950672,0.226173267,0.289587528,0.231712908,0.359832376,0.290370077,0.229614139,0.200444072,0.165450573,0.129384220,0.004899690,0.224282876
762,train,9.602999687,8.471000000,0.007105357,0.001049202,0.007075065,0.006845839,0.295922041,0.008124268,0.011587725,0.009700096,0.007715175,0.006039284,0.004169320,0.003420535,0.000316029,0.006789328
763,train,3.632999897,3.236500000,0.006186919,0.001064382,0.005122538,0.005294545,0.304398030,0.006186920,0.008557142,0.008053198,0.007605983,0.006179893,0.004121614,0.002603688,0.000093061,0.006093858
764,train,10.102000237,11.030000000,0.024020143,0.004008757,0.020012669,0.022025192,0.243265599,0.024021428,0.040688004,0.035052128,0.027494045,0.018747389,0.013166907,0.008972381,0.000991769,0.023028374
765,holdout,1.705000043,1.091000000,0.001458517,0.000000009,0.001458508,0.001458404,0.296785057,0.001458517,0.003435944,0.002292489,0.001387327,0.000831843,0.000506631,0.000296867,0.000007469,0.001451047
766,train,14.857000351,15.977500000,0.026820468,0.008917151,0.017903315,0.023505414,0.281243473,0.026820468,0.050148599,0.039473902,0.028718971,0.020798119,0.013472559,0.008310650,0.000999767,0.025820700
767,train,43.928001404,41.248000000,0.052542962,0.032507163,0.021556785,0.041785538,0.277383596,0.054054644,0.079124093,0.072289206,0.060263917,0.047900625,0.032695614,0.022984311,0.000921900,0.051621065
768,train,168.779495239,169.219000000,1.326140642,0.921557724,0.534792423,1.209063411,0.540867448,1.338716149,2.072059631,1.718286276,1.435725212,1.145967603,0.937992454,0.646812260,0.140241578,1.185899019
769,train,36.707500458,35.160000000,0.076778062,0.024926933,0.052452669,0.067704163,0.317920715,0.075455487,0.120698832,0.111105680,0.087658703,0.067185909,0.048502240,0.025517028,0.003263993,0.073514067
770,train,9.302499771,9.858500000,0.026424365,0.015840732,0.011919513,0.022980016,0.370203257,0.027736623,0.046233624,0.039865259,0.028063213,0.019944567,0.014436512,0.010003013,0.000190343,0.026234023
771,train,7.989999771,7.102500000,0.014294552,0.001273359,0.013323712,0.014319955,0.287499785,0.014597073,0.020262524,0.017750118,0.015394085,0.013264881,0.010808841,0.008286857,0.000466034,0.013828518
772,train,133.660995483,121.876000000,0.422477722,0.245904073,0.203404799,0.361372709,0.346945256,0.419536293,0.650445938,0.553665519,0.462347955,0.349016249,0.287177742,0.232212812,0.019677948,0.402799755
773,train,61.101001740,56.575500000,0.072669081,0.047621951,0.029252693,0.059952836,0.334300101,0.074658461,0.104967348,0.102007553,0.082302161,0.061101541,0.049947325,0.035688587,0.001197449,0.071471639
774,train,22.711500168,21.626000000,0.009169159,0.000000000,0.009169159,0.008584432,0.249712437,0.009169159,0.017475449,0.013696910,0.009553343,0.006513544,0.004442677,0.003333025,0.000202115,0.008967044
775,train,32.947498322,39.252000000,0.031050574,0.008280986,0.024935070,0.025171805,0.295267373,0.033216059,0.049700629,0.047047313,0.034893986,0.025085656,0.017491080,0.012084784,0.000717086,0.030333489
776,train,3.847500086,2.762000000,0.006908149,0.000000000,0.006908149,0.006932167,0.274327099,0.006908150,0.011307973,0.009504230,0.007800027,0.005495098,0.004094617,0.003246952,0.000149261,0.006758889
777,holdout,12.724499702,14.343500000,0.012236817,0.006352334,0.005884482,0.011870044,0.253303200,0.012236819,0.020555237,0.018426716,0.014411563,0.010022533,0.006380968,0.003623881,0.000207248,0.012029567
778,train,32.717498779,38.802500000,0.027297555,0.005409086,0.023954891,0.021619830,0.291560382,0.029363981,0.042698149,0.038952649,0.032121681,0.024714932,0.015950149,0.009347758,0.000514477,0.026783077
779,holdout,174.913497925,180.008000000,1.311909199,0.883733988,0.530118644,1.223743916,0.542566419,1.326543808,2.054597855,1.679771900,1.409979224,1.106419444,0.940304160,0.680382550,0.122019671,1.189889431
780,train,10.112500191,11.522500000,0.012990694,0.005364640,0.008040877,0.012574971,0.304407239,0.013405518,0.024681592,0.018415742,0.012000105,0.007947218,0.007992877,0.006906629,0.000159223,0.012831470
781,holdout,83.282997131,80.973000000,0.155058563,0.095500357,0.071276292,0.149508849,0.337213039,0.165065885,0.249222860,0.214626998,0.171000600,0.131152898,0.094899699,0.069448188,0.006100215,0.148958340
782,train,3.665499926,3.776500000,0.006821237,0.001631347,0.006763643,0.006374652,0.242482141,0.008394991,0.012325376,0.010369079,0.007609668,0.004931372,0.003245686,0.002446239,0.000068890,0.006752347
783,train,54.551998138,51.038000000,0.217611045,0.128924340,0.095679745,0.216830507,0.328170031,0.219621301,0.326997817,0.278782368,0.246665716,0.201909453,0.148423105,0.102887683,0.018415138,0.199195892
784,holdout,48.221000671,44.766000000,0.240943968,0.120257325,0.129488364,0.247434139,0.291774780,0.243868411,0.390988231,0.368565977,0.279573441,0.192449018,0.134384394,0.079702713,0.009302683,0.231641293
785,train,12.284999847,12.281500000,0.017043721,0.001265110,0.015857823,0.016287580,0.234163448,0.017122936,0.029121695,0.024108334,0.017917003,0.013521899,0.010013917,0.007579477,0.000274255,0.016769467
786,train,53.131000519,50.937500000,0.042667016,0.017312163,0.030938186,0.037662622,0.266926855,0.048250347,0.071920626,0.060206138,0.049117260,0.036375422,0.023592141,0.014790494,0.000879534,0.041787483
787,holdout,6.567999840,6.712500000,0.014057594,0.001764455,0.012293138,0.014104858,0.243830442,0.014057595,0.026411027,0.020987630,0.014956347,0.010897082,0.006766526,0.004326950,0.000246947,0.013810646
788,train,6.757500172,6.257000000,0.008298060,0.000741387,0.007560422,0.008870011,0.268095702,0.008301808,0.013829090,0.012257380,0.010687359,0.006520779,0.004184359,0.002309397,0.000231125,0.008066935
789,train,22.470500946,17.442500000,0.010480003,0.002663197,0.007816805,0.010927044,0.250686795,0.010480003,0.019180851,0.016675169,0.011554595,0.007462487,0.004856468,0.003150441,0.000336579,0.010143423
790,train,4.441500187,3.856500000,0.006547166,0.001677698,0.004869469,0.006458228,0.247770250,0.006547166,0.013082608,0.010427806,0.006282422,0.004489492,0.002771963,0.002228703,0.000173101,0.006374065
791,train,38.827999115,36.018000000,0.074669771,0.030374261,0.051169619,0.060073063,0.292757988,0.081528209,0.105217114,0.099401087,0.083997205,0.068178833,0.051459607,0.039764773,0.002602807,0.072066963
792,train,22.650499344,22.985500000,0.010338321,0.000000000,0.010338321,0.008793687,0.236443058,0.010338321,0.016611483,0.015172585,0.011433107,0.008375396,0.006186021,0.004251331,0.000177988,0.010160333
793,holdout,1.473999977,0.964500000,0.000024747,0.000000000,0.000024747,0.000034450,0.403454006,0.000024747,0.000000000,0.000000000,0.000000000,0.000005559,0.000043494,0.000099429,0.000000098,0.000024649
794,train,25.066499710,22.927500000,0.026703965,0.006727098,0.019979903,0.026775947,0.255145431,0.026707001,0.052176371,0.038502589,0.027623914,0.019386878,0.013487041,0.009046972,0.000369290,0.026334671
795,train,4.540999889,4.939500000,0.013672754,0.002051516,0.011621247,0.012300923,0.229387820,0.013672763,0.025228098,0.020379771,0.015770417,0.010105251,0.006444265,0.004108720,0.000315699,0.013357056
796,train,96.305496216,93.714500000,0.379556388,0.257308424,0.156781241,0.333832175,0.341266274,0.397520036,0.606886983,0.511763155,0.435393006,0.337358445,0.259693086,0.126243785,0.015004556,0.364551872
797,train,171.285507202,177.544500000,0.943206310,0.606048584,0.438081741,0.908816278,0.440635532,0.910006881,1.428287029,1.241225243,1.033819079,0.833392620,0.653846622,0.468666762,0.063040696,0.880165577
798,holdout,82.705497742,79.556500000,0.143434882,0.074323930,0.079125047,0.138179660,0.311730683,0.149174735,0.235633582,0.197324112,0.160289258,0.122441679,0.084789060,0.060131565,0.005158844,0.138276011
799,train,11.767999649,12.136000000,0.009428291,0.000035889,0.009392403,0.008551815,0.278518260,0.009428292,0.016197115,0.014438769,0.011254403,0.006692206,0.004840792,0.003146456,0.000273545,0.009154746
800,train,4.301499844,4.754000000,0.002659177,0.000000000,0.002659177,0.002659177,0.281784266,0.002659177,0.003526832,0.003230751,0.002955205,0.002535781,0.002069946,0.001636543,0.000019222,0.002639954
801,train,78.965499878,75.516000000,0.150291622,0.071358979,0.080343395,0.146023870,0.275112748,0.147978932,0.212585688,0.184603885,0.162303835,0.134255603,0.113600791,0.094399899,0.008170484,0.142121151
802,train,23.580999374,21.822500000,0.013356829,0.002084463,0.013090510,0.012551465,0.299122870,0.015174975,0.023118313,0.018966315,0.014333529,0.011319754,0.006927535,0.005475526,0.000245983,0.013110844
803,holdout,7.686999798,7.949000000,0.008950137,0.001754924,0.008871429,0.008678968,0.343881547,0.010613818,0.014998080,0.012258051,0.009638309,0.007637752,0.005113455,0.004055174,0.000284468,0.008665670
804,train,31.000499725,30.704500000,0.064035170,0.044457894,0.029888554,0.053425591,0.490574628,0.074342616,0.095230371,0.082534119,0.062915258,0.052029155,0.057865649,0.033636473,0.000880863,0.063154310
805,validation,35.710998535,37.723500000,0.070057087,0.025669334,0.044729743,0.062173542,0.302297860,0.069447137,0.113524884,0.098084763,0.075978026,0.055716522,0.038326263,0.038712066,0.001332117,0.068724975
806,train,3.838000059,3.805000000,0.012864759,0.001805299,0.012118006,0.012404854,0.237131149,0.013923307,0.018411335,0.017973006,0.015089543,0.011126631,0.008332967,0.006255074,0.000275728,0.012589031
807,train,23.266000748,17.660000000,0.015773542,0.000037186,0.015736356,0.012885170,0.294182003,0.015773544,0.023994973,0.023994993,0.018814482,0.014339471,0.007732478,0.005764860,0.000162956,0.015610586
808,train,10.445500374,11.189000000,0.015911948,0.009143614,0.007062462,0.014424256,0.317118734,0.016168687,0.027558485,0.022835258,0.016320758,0.012201490,0.009554274,0.007001410,0.000123720,0.015788225
809,train,97.675498962,98.908000000,0.223754197,0.129242852,0.111465350,0.221498534,0.293296516,0.232418045,0.352916896,0.293579698,0.236658826,0.189044878,0.149267569,0.121057302,0.008091515,0.215662703
810,train,23.790500641,19.467000000,0.024278894,0.002182051,0.022778364,0.020791268,0.308785319,0.024960417,0.039306369,0.036262855,0.026260996,0.019264031,0.014451678,0.010127445,0.000507187,0.023771707
811,train,72.235496521,67.906000000,0.274007499,0.170110390,0.110351227,0.247183532,0.316171020,0.265660375,0.440782249,0.386709929,0.310256869,0.231859088,0.159325391,0.115111291,0.011390885,0.262616605
812,validation,20.665000916,20.416500000,0.026892971,0.008960741,0.017932232,0.023394946,0.255794644,0.026892975,0.048692539,0.038509849,0.028270300,0.020956095,0.015481165,0.009447880,0.001041914,0.025851058
813,train,4.585000038,3.598000000,0.001599959,0.000000000,0.001599959,0.001370415,0.285865188,0.001599959,0.002500816,0.002500816,0.001880332,0.001386963,0.000763117,0.000567709,0.000018155,0.001581804
814,holdout,88.929496765,84.047500000,0.122023955,0.060144592,0.069628499,0.110121697,0.336082757,0.124136358,0.192819387,0.170678362,0.135117561,0.104457594,0.074120864,0.054950025,0.003992588,0.118031397
815,train,23.173500061,25.443500000,0.029440783,0.000001095,0.029439688,0.026254628,0.335150182,0.029440785,0.054535232,0.044031657,0.034692556,0.021000491,0.012282393,0.010102356,0.000341023,0.029099761
816,train,5.196000099,5.714000000,0.005517578,0.000000000,0.005517578,0.004857329,0.272403598,0.005517578,0.010321182,0.007498757,0.005805084,0.004537242,0.003156206,0.001786990,0.000092733,0.005424844
817,train,10.937000275,12.647500000,0.024197523,0.004397064,0.019807562,0.022703517,0.257375419,0.024204627,0.042773355,0.032789655,0.024230884,0.020252084,0.015231127,0.009908022,0.001092295,0.023105226
818,train,63.613998413,59.424000000,0.175956324,0.099231929,0.098526835,0.142437071,0.338490814,0.188316643,0.265659213,0.244166121,0.190111756,0.143235281,0.119655870,0.092909724,0.004371174,0.171585158
819,train,22.069499969,22.257500000,0.049192250,0.026783662,0.025260627,0.041726943,0.340997547,0.050807446,0.084236354,0.073978499,0.052799486,0.036240038,0.026348710,0.021550369,0.000614320,0.048577923
820,validation,2.714999914,4.139000000,0.009781429,0.002838626,0.006942818,0.009211514,0.264608175,0.009781444,0.017047781,0.013576928,0.011053024,0.008394529,0.005253809,0.003362496,0.000173472,0.009607956
821,train,4.697999954,4.221500000,0.007079945,0.001966999,0.005138135,0.007034924,0.252399832,0.007105134,0.013118308,0.010654929,0.006657832,0.005145162,0.003717805,0.003185631,0.000214144,0.006865800
822,train,32.776000977,36.726500000,0.047049847,0.014859730,0.033561070,0.041374121,0.450213730,0.047997266,0.082930498,0.068707064,0.051227104,0.038972404,0.025036367,0.015425623,0.001069142,0.045980703
823,validation,22.544500351,24.526500000,0.036316134,0.005118126,0.033019785,0.030587915,0.339784145,0.037124552,0.061444663,0.054341681,0.046985179,0.029694334,0.016183756,0.009247198,0.000961313,0.035354823
824,train,51.111499786,52.719000000,0.099897496,0.041910321,0.071048468,0.086866967,0.381532401,0.111006305,0.154054061,0.137147114,0.111545391,0.090229653,0.073061235,0.033347525,0.003134226,0.096763283
825,train,16.407499313,16.709500000,0.025336765,0.002029781,0.023543762,0.025092943,0.221170336,0.025573546,0.044450637,0.035501018,0.027255923,0.020358421,0.014455662,0.009998936,0.000352752,0.024984017
826,train,106.171997070,107.960000000,0.387163162,0.234690294,0.155757710,0.393691033,0.331639171,0.382436395,0.677030683,0.580780566,0.390999407,0.292928308,0.237552866,0.143687010,0.019493932,0.367669195
827,train,89.508499146,83.101000000,0.272177249,0.158932939,0.127554193,0.272306889,0.377860606,0.283729851,0.445524335,0.373546273,0.282474041,0.210870057,0.187086165,0.133562565,0.012640662,0.259536594
828,train,27.393499374,21.277500000,0.019336535,0.000779493,0.018557040,0.016715450,0.334998935,0.019336535,0.031075817,0.027767323,0.020835336,0.018058533,0.011062616,0.007219564,0.000281896,0.019054636
829,holdout,25.405500412,19.411000000,0.016608045,0.000615843,0.015992200,0.014670694,0.316388577,0.016608045,0.027012715,0.024147984,0.018410247,0.013664745,0.009368177,0.007044392,0.000269475,0.016338570
830,train,3.934499979,4.284500000,0.007935117,0.001294569,0.006640553,0.006690654,0.206775486,0.007935124,0.014753167,0.011769583,0.009259252,0.005433977,0.003842488,0.002552234,0.000135776,0.007799341
831,holdout,0.390500009,1.332500000,0.001394161,0.000000000,0.001394161,0.001391313,0.214038372,0.001394161,0.001891908,0.001893305,0.001623326,0.001263859,0.000961573,0.000730993,0.000033292,0.001360869
832,train,9.732000351,8.873000000,0.000367491,0.000000000,0.000367491,0.000034918,0.398270786,0.000367491,0.000000000,0.000000000,0.000070580,0.000324400,0.001100417,0.000709546,0.000003094,0.000364397
833,holdout,7.875000000,8.305500000,0.007196520,0.001317054,0.006163131,0.006769462,0.310361564,0.007480186,0.012298735,0.010898601,0.008155126,0.005374562,0.003777044,0.002675055,0.000151537,0.007044984
834,train,71.550003052,65.677000000,0.288636804,0.170951679,0.134323463,0.276845187,0.322832674,0.290701389,0.446224004,0.394458234,0.337666631,0.222131178,0.187153742,0.144186795,0.014385527,0.274251252
835,train,11.668999672,11.066500000,0.018837659,0.004374837,0.015006332,0.018118368,0.277079195,0.019381167,0.034355585,0.026854897,0.019549813,0.014289081,0.010892871,0.007083706,0.000247110,0.018590549
836,train,1.695500016,0.846500000,0.004537478,0.000000000,0.004537478,0.004205494,0.228573352,0.004537478,0.007409835,0.006557033,0.004884519,0.003557263,0.002731516,0.002084700,0.000059760,0.004477717
837,holdout,12.728500366,11.839500000,0.003780473,0.000002884,0.003777588,0.003370102,0.317820489,0.003780473,0.006332864,0.005711901,0.004264796,0.003119282,0.001846928,0.001407065,0.000070113,0.003710360
838,holdout,2.438999891,1.612000000,0.004797521,0.000070751,0.004726770,0.004451954,0.307606071,0.004797521,0.008935189,0.007428233,0.005413679,0.003296924,0.002172854,0.001538244,0.000111639,0.004685882
839,train,27.537000656,25.463500000,0.019699709,0.001304692,0.018676048,0.018430335,0.263933957,0.019980742,0.032724012,0.025398482,0.021157082,0.016046641,0.012013394,0.010858650,0.000783530,0.018916180
840,train,31.148500443,27.962000000,0.022580432,0.008826952,0.015931858,0.020797377,0.289069653,0.023914088,0.034608394,0.031423375,0.026436450,0.019186735,0.013851386,0.009976244,0.000680614,0.021899819
841,train,20.780500412,16.026000000,0.005897820,0.000000013,0.005897806,0.005452803,0.266330868,0.005897820,0.009446897,0.008531485,0.006440257,0.004803509,0.004028117,0.002136650,0.000136996,0.005760824
842,train,14.826999664,12.816000000,0.007442800,0.002840695,0.004602105,0.007434762,0.249971747,0.007442801,0.014533857,0.010572365,0.007387321,0.005216353,0.003975105,0.002971798,0.000112311,0.007330490
843,validation,32.821498871,29.684000000,0.030606821,0.019218795,0.012352073,0.028367847,0.412624866,0.031472344,0.049263485,0.042419314,0.034313008,0.025303239,0.017258465,0.015083400,0.000415691,0.030191131
844,train,1.919499993,1.548500000,0.005046460,0.000853161,0.004193299,0.004739536,0.276954740,0.005046460,0.009060053,0.007792226,0.005897529,0.003728916,0.002405979,0.001394054,0.000051911,0.004994548
845,train,32.566501617,30.437000000,0.033399522,0.009032525,0.026786463,0.031395495,0.262645304,0.035777353,0.061026134,0.049406894,0.035522252,0.023414975,0.017982986,0.013043871,0.000594799,0.032804720
846,train,23.802999496,25.618000000,0.054637179,0.011773316,0.044611424,0.050723664,0.291793436,0.054756761,0.086439043,0.076465979,0.065094560,0.049722161,0.031319570,0.018781777,0.003011318,0.051625866
847,train,117.936500549,107.566000000,0.399687767,0.231198996,0.203366697,0.374336272,0.377992868,0.404186398,0.660707414,0.573072970,0.472933590,0.319493204,0.210947141,0.160972312,0.017733527,0.381954283
848,train,176.855499268,186.918500000,1.021933913,0.690439820,0.431047320,0.960162520,0.485207140,0.990160704,1.502924562,1.298603535,1.113166332,0.936299264,0.752048314,0.528561056,0.102470860,0.919462919
849,train,45.881000519,47.715500000,0.132738993,0.040404733,0.099067390,0.120582499,0.280412972,0.135788023,0.205987990,0.174941793,0.145737991,0.116223738,0.087618195,0.065924339,0.002392780,0.130346224
850,holdout,67.847000122,66.268500000,0.193648025,0.105334550,0.103034407,0.189448506,0.325895280,0.206932560,0.296406150,0.262318701,0.216071323,0.167917684,0.132069603,0.087104611,0.006158695,0.187489316
851,holdout,6.399000168,6.244500000,0.011818758,0.001764825,0.010053934,0.012479139,0.264222383,0.011818759,0.019747758,0.017114291,0.014651190,0.009587306,0.006428715,0.003383287,0.000202837,0.011615921
852,train,5.329999924,5.439500000,0.004709304,0.000000000,0.004709304,0.004612866,0.211596861,0.004709305,0.008919008,0.007222259,0.004586643,0.003173882,0.002337536,0.002016496,0.000069860,0.004639444
853,holdout,48.016498566,46.837500000,0.056897942,0.021317393,0.038501874,0.057373475,0.273340732,0.059818432,0.100750633,0.079285234,0.060410071,0.044780061,0.032660212,0.023501404,0.001670443,0.055227488
854,train,4.934999943,4.966000000,0.006116240,0.000000000,0.006116240,0.005584434,0.227280423,0.006116241,0.010876752,0.009394439,0.006240041,0.004466667,0.003369432,0.002350109,0.000117899,0.005998341
855,train,43.966999054,46.376000000,0.115004063,0.036438603,0.084599622,0.108973086,0.280997485,0.118145227,0.178646117,0.150881931,0.128767475,0.099864051,0.074629001,0.057235811,0.002048360,0.112955719
856,train,10.340499878,11.710000000,0.027252717,0.004410124,0.022842593,0.026048481,0.245043814,0.027252721,0.049375203,0.037291326,0.027962435,0.020702308,0.016855106,0.011329934,0.001217294,0.026035424
857,train,34.275501251,39.433000000,0.028071346,0.006420952,0.023207426,0.025301971,0.304381251,0.029625487,0.044155478,0.039694697,0.033502117,0.024222767,0.015938280,0.010914732,0.000496636,0.027574709
858,train,67.546501160,65.123000000,0.154612824,0.084500298,0.073489562,0.148090273,0.307514429,0.151851669,0.271069139,0.214618817,0.158364058,0.122470379,0.088545613,0.072608948,0.009592993,0.145019829
859,train,5.736999989,6.719000000,0.011120088,0.006455956,0.006754069,0.010217597,0.457729369,0.013035825,0.019746939,0.016023647,0.011472595,0.007371120,0.007151708,0.004954514,0.000306393,0.010813694
860,train,8.254500389,7.098500000,0.010011312,0.001278231,0.009360706,0.009769074,0.238287121,0.010638937,0.017454123,0.015980318,0.010188265,0.007385701,0.005691818,0.003367644,0.000258005,0.009753306
861,train,18.722000122,17.563500000,0.019060588,0.002989434,0.018050721,0.019246081,0.315765113,0.021040155,0.030976130,0.027180476,0.019851560,0.016912539,0.012062336,0.007380478,0.000283714,0.018776873
862,train,15.416000366,12.664500000,0.006267879,0.000299362,0.005968517,0.005737081,0.244934693,0.006267879,0.009453749,0.008440385,0.006821021,0.005404138,0.004197049,0.003290924,0.000120906,0.006146972
863,holdout,8.338999748,8.007000000,0.004961567,0.000000000,0.004961567,0.004961567,0.271109968,0.004961567,0.009363738,0.007031912,0.005137625,0.003700873,0.002649106,0.001886148,0.000037505,0.004924062
864,train,4.777999878,5.489000000,0.006149999,0.000000000,0.006149999,0.005673035,0.241308644,0.006150000,0.011120811,0.009564653,0.006320531,0.004393771,0.003289615,0.002210613,0.000075087,0.006074913
865,train,65.444999695,64.560500000,0.197897494,0.108195908,0.102216057,0.193736956,0.334187865,0.205704480,0.321315795,0.271479130,0.215090290,0.165901974,0.125028089,0.088569552,0.007026431,0.190871030
866,train,37.260501862,35.610500000,0.044766422,0.018583713,0.029785650,0.043324027,0.283648074,0.042864144,0.082019709,0.066132739,0.047096036,0.033967145,0.023512594,0.015870309,0.001282854,0.043483570
867,train,30.725500107,34.719500000,0.035702400,0.010996003,0.028018003,0.032608554,0.282708049,0.039014004,0.054661270,0.050235573,0.040954720,0.031989425,0.021601927,0.014771462,0.000967047,0.034735352
868,holdout,38.058498383,34.921500000,0.061354712,0.026626706,0.035742875,0.054213069,0.274825931,0.060317174,0.095641941,0.083441317,0.069112882,0.053695567,0.037076354,0.029160192,0.001510204,0.059844505
869,train,16.763999939,18.206500000,0.022666186,0.005611915,0.017864425,0.022908758,0.243222311,0.023476340,0.044568054,0.032390676,0.023702750,0.017153848,0.010638129,0.007543659,0.000522058,0.022144128
870,train,15.651499748,14.371000000,0.018280283,0.003058241,0.016797300,0.018453062,0.253245741,0.019855542,0.032126047,0.026136346,0.019849638,0.014465404,0.010066063,0.007038193,0.000597051,0.017683230
871,train,19.591499329,16.203500000,0.013378792,0.001072392,0.013325310,0.011469724,0.263056338,0.014397703,0.022742840,0.017988319,0.014308035,0.011300521,0.008481460,0.005451575,0.000344467,0.013034325
872,validation,8.015500069,8.678000000,0.009663555,0.000000000,0.009663555,0.009086508,0.220947802,0.009663556,0.017662272,0.013511032,0.010335146,0.007659822,0.005586051,0.003227005,0.000152100,0.009511456
873,train,30.145500183,35.193000000,0.033973806,0.011992098,0.027471479,0.030228866,0.287771583,0.039463580,0.050150260,0.048819855,0.039119981,0.030204233,0.020224381,0.015324113,0.001084193,0.032889612
874,holdout,5.086999893,5.493000000,0.013407761,0.004748486,0.009717821,0.013216481,0.286322474,0.014466308,0.022994161,0.018453095,0.014330258,0.010760579,0.007953299,0.005955172,0.000287928,0.013119834
875,train,132.612503052,126.459000000,0.643173099,0.390610874,0.299184769,0.574531674,0.387824535,0.646136165,0.962516665,0.821334541,0.702360451,0.590010643,0.483666748,0.299149781,0.035218235,0.607954860
876,validation,36.625999451,36.536000000,0.081479467,0.016591288,0.068825178,0.070861019,0.296654850,0.083799414,0.120066017,0.105098821,0.086127482,0.065920576,0.058720741,0.052943170,0.001689723,0.079789750
877,holdout,18.238500595,19.070000000,0.038375176,0.017507210,0.021669395,0.037986562,0.296154797,0.038692530,0.070663378,0.057631992,0.041494802,0.029059177,0.018340202,0.013061505,0.000631517,0.037743665
878,train,92.843002319,89.402500000,0.097425416,0.052708346,0.051897593,0.095910110,0.246885285,0.103437327,0.162432343,0.134200975,0.104417287,0.077268124,0.057624392,0.048609313,0.003995330,0.093430080
879,train,65.486999512,65.466000000,0.120362207,0.066038445,0.069914877,0.103929818,0.291905850,0.131891221,0.187347382,0.167218119,0.129849464,0.099069670,0.077117383,0.061571226,0.003674868,0.116687357
880,train,7.141499996,7.706000000,0.013800414,0.000021447,0.013778967,0.013593346,0.265214205,0.013800415,0.023082284,0.018585127,0.015629981,0.011862276,0.008253850,0.005388960,0.000335207,0.013465207
881,validation,33.780998230,31.919000000,0.033655714,0.008868944,0.027997147,0.032430235,0.273550779,0.036761586,0.060341883,0.048210341,0.035073288,0.026072364,0.019858224,0.012378170,0.001087360,0.032568354
882,train,26.531499863,22.346000000,0.021805560,0.001650041,0.020155519,0.021230740,0.252611637,0.021805566,0.039808173,0.031556852,0.023686435,0.017138198,0.011162889,0.007480825,0.000292423,0.021513140
883,holdout,85.555496216,81.674000000,0.290586531,0.212708771,0.100527234,0.268466979,0.426515907,0.297257543,0.470378309,0.421356708,0.345761567,0.251912951,0.169990212,0.084119454,0.009862552,0.280723959
884,validation,51.820999146,54.007000000,0.110203438,0.048515659,0.075885706,0.088193201,0.296865076,0.120458819,0.170509666,0.159187198,0.123958766,0.095623657,0.072594546,0.039346728,0.002559250,0.107644185
885,train,56.975498199,53.449000000,0.092059210,0.055485357,0.043832615,0.076657191,0.270371318,0.098039024,0.129233360,0.111327991,0.095962904,0.081987567,0.084432468,0.049410999,0.002814439,0.089244775
886,validation,33.174499512,33.025500000,0.050083727,0.016244486,0.035624985,0.043892387,0.350639015,0.051274341,0.082147956,0.070958085,0.057472158,0.043956600,0.028515941,0.017451616,0.002374718,0.047709007
887,train,91.470001221,87.698000000,0.109910227,0.050807383,0.065023236,0.106235184,0.254098654,0.114891827,0.183451489,0.147526562,0.116473489,0.088127576,0.066544384,0.057337835,0.005102718,0.104807504
888,train,91.242500305,94.187000000,0.623846650,0.406022578,0.224856406,0.614447713,0.355267256,0.614111364,0.843959033,0.750737250,0.645547628,0.565012038,0.502775431,0.435048282,0.018889418,0.604957104
889,train,49.106998444,48.128000000,0.099837154,0.030645508,0.070986770,0.087561309,0.315578163,0.099250577,0.160690829,0.140612096,0.110806778,0.088011317,0.064058766,0.034843143,0.003639538,0.096197627
890,holdout,24.283500671,19.270000000,0.030785324,0.003837809,0.026949735,0.029401479,0.307156593,0.030787550,0.047876447,0.043979678,0.036247268,0.030693794,0.017591033,0.008323729,0.000673230,0.030112095
891,train,164.044006348,165.831500000,1.347485185,0.936410189,0.539405107,1.225531578,0.549292326,1.364638925,2.077032566,1.731673717,1.487011194,1.164921165,0.952734947,0.671537697,0.148682207,1.198802948
892,train,86.370002747,89.115000000,0.148434907,0.066679157,0.091323838,0.134842828,0.287405103,0.151168913,0.237791255,0.221854389,0.171061382,0.118520603,0.076914214,0.064467549,0.004385065,0.144049853
893,train,29.333499908,29.626000000,0.046373069,0.013145524,0.034859262,0.037392687,0.315426379,0.047009163,0.073584035,0.062659524,0.055051118,0.041300558,0.027800277,0.017842920,0.002486625,0.043886442
894,train,27.337499619,25.899000000,0.018602321,0.005042906,0.015114575,0.017389832,0.271545947,0.020155139,0.032191485,0.026370265,0.019769326,0.014641940,0.010337929,0.008302979,0.000676227,0.017926093
895,train,50.390998840,47.202000000,0.100746885,0.032479722,0.069889523,0.099781737,0.250442326,0.101904243,0.155434161,0.134232119,0.108637169,0.084873110,0.066254690,0.055050123,0.004179095,0.096567802
896,holdout,73.577499390,69.423000000,0.307764322,0.194357678,0.134668037,0.272897184,0.374976367,0.317131877,0.501387715,0.448696256,0.377953738,0.289595753,0.145725787,0.083226651,0.004416217,0.303348124
897,train,112.317001343,114.649500000,0.432455063,0.293326557,0.175977141,0.389402092,0.470336914,0.435937732,0.739719331,0.615768135,0.500024319,0.329737961,0.262578577,0.146901801,0.017169554,0.415285498
898,holdout,5.221000195,6.910000000,0.009094031,0.000988252,0.008105963,0.008832850,0.297155261,0.009094217,0.016277000,0.013728587,0.009884369,0.006659169,0.004670548,0.003344511,0.000181535,0.008912496
899,train,31.344999313,30.766500000,0.062640376,0.010979371,0.052756611,0.044675332,0.302752972,0.062657796,0.069421560,0.063976087,0.068743318,0.074511930,0.059300233,0.039889120,0.001411043,0.061229326
900,train,2.093499899,1.276000000,0.003559383,0.000880036,0.002679347,0.003559073,0.261770010,0.003559384,0.005634973,0.004670471,0.003860113,0.003088620,0.002366066,0.001736055,0.000058343,0.003501041
901,holdout,47.998500824,45.877000000,0.061375935,0.023310920,0.038953651,0.058233675,0.306427360,0.060063634,0.104301900,0.095170729,0.068501264,0.042894065,0.029679133,0.027708489,0.002196065,0.059179872
902,train,18.750999451,15.999500000,0.018548561,0.007494128,0.011056358,0.016935740,0.279890448,0.018550489,0.036265321,0.029879630,0.021240702,0.013897269,0.007106368,0.002902079,0.000213866,0.018334698
903,train,115.473999023,116.407000000,0.437488735,0.278421104,0.191707432,0.393275738,0.427188516,0.441525519,0.733360946,0.612079680,0.512877405,0.342522889,0.269631863,0.154459670,0.019400140,0.418088615
904,validation,58.388000488,53.677000000,0.155254379,0.083708920,0.085051149,0.136649907,0.308014572,0.155485705,0.223219246,0.196950138,0.166934907,0.138003737,0.114812650,0.091605552,0.004820900,0.150433496
905,validation,106.563003540,99.331500000,0.142685965,0.075286612,0.076418675,0.127071276,0.444120944,0.145768151,0.223579317,0.200546399,0.157005697,0.122856103,0.089844123,0.062284112,0.005312480,0.137373492
906,holdout,40.511001587,38.201000000,0.107123204,0.022722088,0.084963575,0.098729789,0.298714459,0.105507031,0.169557795,0.152399480,0.121051893,0.085841797,0.066626392,0.047261875,0.002995512,0.104127690
907,train,1.027999997,1.022500000,0.002759622,0.000000000,0.002759621,0.002759622,0.277052939,0.002759622,0.005399247,0.003976845,0.002826068,0.001981239,0.001394447,0.000979882,0.000020514,0.002739108
908,train,31.581499100,28.603500000,0.035927448,0.006667248,0.030968625,0.034747139,0.262408108,0.037635878,0.062615745,0.051279176,0.038922329,0.028868934,0.020195929,0.013682578,0.000925896,0.035001554
909,train,39.027000427,39.832500000,0.079966277,0.031573150,0.054776330,0.070028320,0.305914640,0.085023835,0.113661334,0.110602058,0.089338966,0.068049438,0.051765949,0.046379887,0.001269104,0.078697175
910,train,76.921501160,67.998500000,0.196919948,0.103090860,0.110027947,0.180840850,0.310047030,0.209068954,0.312417358,0.272955000,0.209371388,0.152822912,0.138239220,0.095713936,0.009411698,0.187508255
911,train,91.760002136,90.869000000,0.320254177,0.194030002,0.162957191,0.305866092,0.308127582,0.337087750,0.533048451,0.458865613,0.373902380,0.272117376,0.174796075,0.108795010,0.014590055,0.305664122
912,train,22.196500778,16.965500000,0.006294587,0.000015367,0.006279220,0.005348960,0.255118757,0.006294588,0.009450412,0.009448208,0.006644294,0.005780068,0.004081615,0.002362925,0.000130435,0.006164153
913,validation,26.142499924,20.542000000,0.026335239,0.002727007,0.024412094,0.024295898,0.292392969,0.027139103,0.045432542,0.039561450,0.029128272,0.021012016,0.014267466,0.008609671,0.000517982,0.025817256
914,holdout,6.839499950,6.281000000,0.005038870,0.000000000,0.005038870,0.004770000,0.227436736,0.005038870,0.008380195,0.006975439,0.005334953,0.004197918,0.003040667,0.002304048,0.000084210,0.004954660
915,train,143.257507324,136.257000000,0.575279057,0.398092180,0.246010914,0.503791630,0.374484926,0.595689952,0.909117818,0.798482180,0.633877516,0.480743855,0.382557660,0.246895492,0.026889261,0.548389852
916,train,11.985500336,13.029000000,0.021909988,0.005623857,0.016286131,0.018504515,0.302150607,0.021909991,0.039823540,0.032338027,0.023216361,0.017096965,0.011992725,0.006992319,0.000725999,0.021183992
917,validation,106.258499146,111.718000000,0.944515586,0.661874950,0.358032286,0.971147776,0.476709247,0.935144305,1.714272380,1.419934988,1.173411369,0.872502863,0.305993080,0.180978596,0.018404383,0.926111281
918,train,4.169000149,3.265000000,0.005261513,0.000000000,0.005261513,0.005261507,0.223043978,0.005261514,0.009828313,0.007384837,0.005395436,0.003868470,0.002865944,0.002226080,0.000053676,0.005207838
919,train,26.917999268,25.952500000,0.032377984,0.013990984,0.021291468,0.034162890,0.282809913,0.035252944,0.058290739,0.045827180,0.034928400,0.024188567,0.017761584,0.013271425,0.000428283,0.031949699
920,holdout,175.138000488,175.757000000,0.981409669,0.648241997,0.490560353,0.949344993,0.465559155,0.994031131,1.527213812,1.271023035,1.048516512,0.846028745,0.680217624,0.515458047,0.073928811,0.907480896
921,train,7.859000206,9.617000000,0.006742795,0.000000039,0.006742757,0.006561001,0.298976839,0.006742796,0.012954896,0.009863357,0.007032891,0.005055819,0.003297788,0.002252019,0.000151288,0.006591506
922,train,24.292999268,26.905500000,0.029781422,0.000006736,0.029774686,0.026504952,0.337273926,0.029781425,0.054607667,0.044871379,0.035022922,0.021720139,0.014464562,0.008001845,0.000415488,0.029365934
923,train,136.103500366,133.674000000,0.563682437,0.328273356,0.265103608,0.500425577,0.377785712,0.551124573,0.811790228,0.731092691,0.642908216,0.531044126,0.418093711,0.247165665,0.032715365,0.530966997
924,train,21.014499664,18.940500000,0.009060632,0.000008642,0.009053687,0.008284630,0.247422323,0.009062330,0.015810134,0.013201635,0.009407594,0.006395556,0.005272960,0.004275914,0.000279288,0.008781344
925,train,22.062000275,21.162000000,0.044214725,0.012839647,0.034243360,0.038192894,0.296429932,0.046840727,0.075274095,0.067032441,0.050491951,0.034456365,0.022916354,0.015117168,0.000618133,0.043596603
926,train,26.583999634,21.616500000,0.009618210,0.000678801,0.008939954,0.007892832,0.241888806,0.009618733,0.013886142,0.012875038,0.010077540,0.007168686,0.008086179,0.005615670,0.000201094,0.009417116
927,train,2.270999908,2.851500000,0.006691190,0.000863621,0.005827571,0.006693021,0.263291538,0.006691193,0.009152512,0.008742290,0.007768796,0.006295115,0.004740844,0.003447583,0.000142912,0.006548278
928,holdout,130.949996948,132.539500000,0.589091718,0.362810701,0.282443166,0.512292385,0.478160024,0.585089028,0.907989383,0.800709426,0.570497513,0.534056544,0.446432531,0.274864674,0.030168133,0.558923542
929,train,8.080499649,9.142500000,0.012796349,0.005106116,0.007690234,0.012394102,0.234150738,0.012796351,0.021388441,0.018048957,0.013874172,0.010731557,0.007861295,0.004873672,0.000289302,0.012507048
930,train,89.397499084,81.407500000,0.268001467,0.151630282,0.131210029,0.279710889,0.365770459,0.279838383,0.457167804,0.382480264,0.291597605,0.204648986,0.151607007,0.120506935,0.012798932,0.255202532
931,train,3.764499903,3.349000000,0.005470881,0.001063767,0.004407114,0.004709980,0.249767795,0.005470881,0.008557784,0.008053568,0.006028645,0.004413755,0.003304189,0.002467345,0.000093479,0.005377403
932,train,35.847000122,33.618500000,0.034867931,0.012467690,0.022435820,0.028960196,0.351747215,0.034173939,0.049333658,0.046982452,0.042596348,0.028028725,0.022150055,0.020116376,0.000471671,0.034396268
933,train,20.482999802,18.944500000,0.025177963,0.011246505,0.013941310,0.024028311,0.399040639,0.025187818,0.045921214,0.038627915,0.026963459,0.018108590,0.012406780,0.009039802,0.000886144,0.024291815
934,train,133.423492432,124.584500000,0.503672242,0.327818483,0.228574961,0.489949048,0.358733028,0.512155533,0.869107962,0.728941321,0.537810326,0.385213226,0.290238887,0.210721374,0.028102305,0.475569904
935,validation,28.080499649,28.168500000,0.034136459,0.018453170,0.016481237,0.032066580,0.299262822,0.034934409,0.062929556,0.051862460,0.037542023,0.025896991,0.016311210,0.010276511,0.000948288,0.033188172
936,validation,18.114500046,18.337000000,0.026820272,0.012048331,0.015749495,0.024768217,0.248663217,0.027797751,0.043170616,0.038228139,0.033182885,0.022186918,0.014309246,0.009843828,0.000440638,0.026379636
937,validation,12.878000259,12.858500000,0.028140768,0.003491165,0.025998138,0.024464699,0.337015450,0.029489303,0.049442701,0.041684087,0.029630059,0.022965828,0.015177350,0.009944580,0.000718449,0.027422320
938,train,89.666496277,82.085000000,0.324661404,0.178458840,0.170296252,0.327370435,0.325358629,0.324903756,0.549157917,0.467248946,0.353936791,0.250198394,0.181217581,0.146208912,0.012970135,0.311691314
939,train,1.031999946,0.758000000,0.001242285,0.000000000,0.001242285,0.001251268,0.248228326,0.001242285,0.001891605,0.001891301,0.001541108,0.001058325,0.000651721,0.000419648,0.000025780,0.001216505
940,train,36.414001465,34.262000000,0.075452507,0.018318614,0.057754803,0.064047851,0.301070482,0.073884130,0.112175584,0.101096541,0.081426345,0.070763953,0.052701134,0.034551524,0.003677231,0.071775280
941,train,28.727500916,22.284000000,0.025246620,0.000773220,0.024473399,0.023472926,0.278885782,0.025246620,0.043921907,0.038021535,0.028708106,0.020467946,0.012814824,0.007545386,0.000268944,0.024977677
942,train,16.156999588,14.446500000,0.001645766,0.000000000,0.001645766,0.001645683,0.257441610,0.001645766,0.003168334,0.002380612,0.001735008,0.001213426,0.000813355,0.000563859,0.000016276,0.001629489
943,train,11.381999969,10.225000000,0.019058231,0.005811038,0.013255538,0.018562285,0.243402943,0.019066578,0.034623198,0.027257815,0.020726267,0.014665995,0.010040489,0.007035619,0.000238518,0.018819712
944,holdout,7.888500214,8.319000000,0.006332347,0.000233525,0.006124375,0.005996567,0.288909972,0.006357901,0.010680206,0.009283505,0.006947528,0.005023376,0.003383321,0.002676146,0.000161681,0.006170665
945,train,25.028999329,23.400000000,0.035453409,0.014565454,0.023785893,0.035490640,0.239998907,0.037188258,0.064797029,0.052327931,0.038947344,0.027284903,0.017775426,0.011587803,0.001217914,0.034235492
946,train,72.692001343,68.985500000,0.134101540,0.068837799,0.070154563,0.122377776,0.327827424,0.134144232,0.207580537,0.178937599,0.144216537,0.109030545,0.092448413,0.072395600,0.007296660,0.126804888
947,validation,53.153999329,47.602000000,0.105475955,0.046664450,0.067160182,0.103546508,0.244448990,0.112828963,0.165477663,0.144973233,0.113006800,0.090670325,0.067904450,0.050823215,0.004132290,0.101343654
948,validation,57.624000549,57.049000000,0.154421926,0.083358511,0.082670957,0.142975703,0.300925553,0.164353803,0.235146090,0.204570740,0.174339905,0.138612494,0.106264010,0.067598268,0.004757316,0.149664611
949,holdout,35.642501831,35.127500000,0.088159211,0.026014771,0.064760752,0.080193445,0.270574868,0.090693511,0.151670814,0.127256736,0.102966905,0.068523400,0.045321550,0.033215791,0.001864187,0.086295009
950,validation,4.419000149,3.806500000,0.007368880,0.000843326,0.006525554,0.007246234,0.397969723,0.007368880,0.011364231,0.009894568,0.007863534,0.006213818,0.005019174,0.003857948,0.000200938,0.007167942
951,train,103.899002075,100.506000000,0.381106585,0.262932897,0.142519727,0.337118030,0.396399558,0.384682268,0.631243587,0.516130924,0.419500768,0.335097492,0.238020226,0.146646246,0.014745109,0.366361409
952,train,13.722999573,13.587000000,0.023209732,0.003225826,0.021559868,0.023410840,0.262876600,0.024785696,0.042248994,0.033050679,0.024291167,0.017482111,0.012598749,0.009586701,0.000776293,0.022433441
953,train,38.717998505,35.854500000,0.076464839,0.035628490,0.047860280,0.063560598,0.308433831,0.083375834,0.111329943,0.101776764,0.084589027,0.067766182,0.051763508,0.041563589,0.002813070,0.073651768
954,train,31.517499924,26.877000000,0.022492070,0.012870805,0.010689399,0.021828007,0.272894830,0.023560205,0.039050955,0.034852918,0.025201075,0.017289106,0.011113728,0.007444624,0.000664307,0.021827763
955,train,24.166999817,22.212500000,0.013122359,0.002392191,0.010893385,0.013145316,0.311607271,0.013285574,0.022684552,0.019411137,0.014372430,0.009876433,0.006981412,0.005408194,0.000195136,0.012927224
956,train,23.839500427,18.095000000,0.024815137,0.011825267,0.012989869,0.025470803,0.247866586,0.024815138,0.050949384,0.035498366,0.025514480,0.017365849,0.011562116,0.008000621,0.000348950,0.024466185
957,train,39.322498322,36.286000000,0.042212617,0.015613842,0.028910782,0.042094018,0.285244375,0.044524625,0.076608360,0.057897765,0.042018116,0.030574547,0.026608640,0.019568272,0.001346030,0.040866584
958,validation,5.035500050,5.310000000,0.005799514,0.002144137,0.005456537,0.005274355,0.271602064,0.007480035,0.010342342,0.008576464,0.006882132,0.002822628,0.002478959,0.003694561,0.000092800,0.005706714
959,train,23.610500336,24.039000000,0.013030196,0.000000000,0.013030196,0.010805469,0.256468356,0.013030197,0.019783515,0.018343464,0.013842171,0.011488759,0.008456439,0.006266822,0.000203550,0.012826647
960,train,65.461997986,62.785500000,0.161275774,0.089579709,0.075073078,0.156056091,0.308386445,0.158513427,0.278402358,0.220953643,0.164019600,0.130315393,0.094620079,0.079343490,0.010920050,0.150355726
961,train,43.298000336,42.513500000,0.049358021,0.020100897,0.032196973,0.048362285,0.273863614,0.051207829,0.084445812,0.069049791,0.052246302,0.040152788,0.028866120,0.021387279,0.001827434,0.047530584
962,train,6.282499790,6.401500000,0.007714227,0.000029099,0.007685129,0.006978326,0.296610057,0.007714228,0.012695983,0.010206821,0.007741953,0.006415116,0.005339626,0.003885865,0.000249400,0.007464828
963,train,94.598503113,100.162000000,0.705945253,0.434592187,0.311158448,0.655586243,0.348505855,0.718729854,0.992103994,0.923306346,0.812262297,0.676194549,0.438328534,0.393475771,0.026224459,0.679720819
964,train,46.669998169,46.953500000,0.286721498,0.148963973,0.154075354,0.279791325,0.353262067,0.292292565,0.454832137,0.413670897,0.339345068,0.235725805,0.170983389,0.105771549,0.011743420,0.274978071
965,validation,89.236503601,86.176500000,0.167330205,0.099519737,0.078724615,0.153101638,0.304485381,0.171256125,0.266040474,0.213213637,0.170732826,0.152032524,0.112229943,0.089731820,0.007401194,0.159929007
966,train,14.610500336,12.203000000,0.011362500,0.002840813,0.008521688,0.011390925,0.258118778,0.011362502,0.020231634,0.016133633,0.012227421,0.008929367,0.006340193,0.004312758,0.000153522,0.011208979
967,train,6.165500164,7.007500000,0.006516152,0.000302107,0.006497710,0.005810764,0.320770353,0.006799817,0.010374013,0.009594265,0.007241082,0.005326423,0.003773456,0.002787670,0.000231066,0.006285086
968,train,66.399002075,64.249500000,0.204384342,0.112894833,0.105301067,0.203954443,0.323556095,0.212800175,0.332029939,0.276783735,0.216595933,0.171676427,0.132298678,0.096921429,0.006870660,0.197513685
969,train,20.187999725,15.881000000,0.006030010,0.000124509,0.005905502,0.004902284,0.254065633,0.006030011,0.009390946,0.009390960,0.006384275,0.005049707,0.003717074,0.002247100,0.000084490,0.005945520
970,holdout,25.429500580,22.806500000,0.018562213,0.001121823,0.017440388,0.018553406,0.295326561,0.018562213,0.033878874,0.025860589,0.019308666,0.014453220,0.010464157,0.007407762,0.000222190,0.018340023
971,train,20.115999222,21.158000000,0.044617150,0.008484624,0.037567981,0.038414843,0.295392752,0.044447761,0.068306275,0.062448580,0.052939765,0.039811041,0.029102927,0.015094317,0.001536065,0.043081082
972,train,37.558998108,40.773000000,0.056871783,0.020419888,0.038772106,0.050692569,0.346150458,0.057115562,0.100737981,0.082842104,0.061900869,0.045638826,0.028895386,0.021215513,0.001418682,0.055453103
973,validation,148.277496338,153.817500000,0.738340080,0.447451502,0.369277894,0.641009748,0.380233079,0.717635751,0.981829107,0.856538832,0.721779823,0.837471485,0.655249476,0.377171427,0.036170289,0.702169776
974,train,22.017999649,17.019500000,0.008223252,0.003355753,0.005445177,0.008043284,0.263841212,0.008800931,0.013295935,0.012482809,0.008344876,0.006750159,0.005054942,0.003410793,0.000300896,0.007922357
975,train,175.155502319,178.542500000,0.800370336,0.494863927,0.377678007,0.713264287,0.418725312,0.756304622,1.231568933,1.076510310,0.905765414,0.680657148,0.527949214,0.379770875,0.049405366,0.750964999
976,holdout,4.814499855,3.720500000,0.003125464,0.000000000,0.003125464,0.003125809,0.223289594,0.003125464,0.005929696,0.004468012,0.003275888,0.002343723,0.001624221,0.001111242,0.000079043,0.003046421
977,train,23.516500473,24.342000000,0.024357401,0.002994807,0.021448528,0.023599792,0.279102117,0.024443336,0.036919881,0.034085281,0.027880760,0.021431368,0.015217027,0.010610089,0.000315288,0.024042115
978,train,94.843498230,84.738500000,0.182395607,0.101701923,0.091270953,0.165446520,0.338727713,0.191424072,0.287273079,0.256056756,0.205799401,0.151796058,0.109444454,0.084003925,0.007509246,0.174886361
979,holdout,148.343505859,156.322500000,1.212182522,0.846694827,0.474415898,1.142585754,0.487676978,1.255926967,1.938434958,1.554140091,1.349831820,1.028699040,0.802116871,0.599871576,0.082662567,1.129519820
980,train,26.047500610,27.508500000,0.035695095,0.006107503,0.031114588,0.030177528,0.356596380,0.036261410,0.058629028,0.049989559,0.044701867,0.030105446,0.018697863,0.012046807,0.000899854,0.034795243
981,validation,1.295500040,2.626500000,0.002549681,0.000000000,0.002549681,0.002549045,0.215632081,0.002549681,0.004035726,0.003474083,0.002739385,0.002135548,0.001670546,0.001242797,0.000031616,0.002518065
982,train,14.859000206,13.186500000,0.002615573,0.000205540,0.002410033,0.002231116,0.306979954,0.002615573,0.004202703,0.004106242,0.003081609,0.002253050,0.001195489,0.000854345,0.000030469,0.002585104
983,train,29.343500137,23.283500000,0.014033207,0.000000978,0.014032228,0.012810763,0.241514817,0.014033208,0.022069436,0.022076489,0.017311540,0.012068535,0.006818125,0.003855111,0.000122086,0.013911120
984,holdout,15.699500084,16.008000000,0.020997528,0.002076218,0.020728443,0.016800955,0.317328006,0.021986626,0.031886995,0.030310169,0.022544174,0.018005516,0.013925585,0.009312735,0.000240747,0.020756781
985,train,41.402000427,39.413000000,0.232024550,0.141057760,0.106774814,0.251242429,0.329733908,0.241058290,0.387930661,0.353352129,0.287132859,0.177830413,0.114111349,0.071789816,0.005477777,0.226546735
986,train,30.722499847,31.218000000,0.052292030,0.016061487,0.037140790,0.045341801,0.322335124,0.051779326,0.081666544,0.071868807,0.061166100,0.045682609,0.033313166,0.020054953,0.002569678,0.049722355
987,train,4.580999851,4.367000000,0.007400733,0.000000000,0.007400733,0.006320372,0.312714279,0.007400733,0.011671383,0.010728585,0.008190731,0.006750567,0.004306801,0.002756330,0.000232425,0.007168307
988,train,181.537506104,186.602500000,1.352652073,0.929948568,0.557928145,1.221558809,0.533959031,1.365419626,2.080129862,1.747662187,1.494403720,1.151998878,0.954487324,0.687229872,0.141934618,1.210717440
989,train,20.979999542,16.211500000,0.007846102,0.002659595,0.005186507,0.008042149,0.263817042,0.007846102,0.014716270,0.012214658,0.007936306,0.005483482,0.003985887,0.002740002,0.000307316,0.007538785
990,train,4.269499779,3.030500000,0.007985253,0.000000026,0.007985227,0.007630241,0.245933548,0.007985254,0.013502917,0.011658050,0.009021956,0.005812922,0.004416662,0.003499005,0.000198302,0.007786950
991,train,45.279499054,43.945500000,0.124492206,0.035209574,0.095474243,0.117983818,0.264184445,0.128668502,0.194386974,0.168588907,0.133544356,0.103014410,0.082669131,0.064749509,0.003411460,0.121080756
992,train,5.731500149,6.659500000,0.011527184,0.006617996,0.007030386,0.011107106,0.453974068,0.013446224,0.019779921,0.016115878,0.012702717,0.007736864,0.008149922,0.004677801,0.000368757,0.011158426
993,train,15.376500130,14.353000000,0.026469316,0.010304533,0.018176287,0.026121413,0.266609520,0.028480824,0.051368769,0.039054506,0.028657509,0.019010529,0.012482177,0.008242400,0.000365723,0.026103592
994,train,53.708000183,51.909500000,0.214211985,0.125982717,0.093889885,0.214332551,0.332758844,0.214947373,0.322624803,0.276023805,0.244298339,0.200367570,0.146647871,0.095309600,0.017426977,0.196785033
995,train,29.173500061,24.541500000,0.017180832,0.000240087,0.016940746,0.016476950,0.272952884,0.017180834,0.033705465,0.025423203,0.017649399,0.011714638,0.008847035,0.005745249,0.000196916,0.016983917
996,holdout,112.558502197,105.468500000,0.104174837,0.048613027,0.067105785,0.096983969,0.417277396,0.111836530,0.160881028,0.140522733,0.112176627,0.089545526,0.068057902,0.053865239,0.002942337,0.101232514
997,train,122.803001404,128.900500000,0.695207655,0.423654318,0.303566813,0.626645327,0.337131053,0.703069210,1.015148878,0.925856173,0.805365920,0.662826300,0.399005711,0.363042951,0.020332439,0.674875140
998,validation,5.945499897,7.021000000,0.007553834,0.001039398,0.006514440,0.006594919,0.262204289,0.007553838,0.012004990,0.011230767,0.008485259,0.006242353,0.004413618,0.002946014,0.000251355,0.007302479
999,train,135.798004150,134.027000000,0.636013150,0.378822625,0.323479652,0.543491721,0.368596494,0.646158159,0.931373715,0.824068844,0.632566929,0.633553147,0.481392115,0.313124180,0.043650988,0.592362165
1000,train,7.156000137,9.410500000,0.008771941,0.003631546,0.005140394,0.009405041,0.258531958,0.008771942,0.018755890,0.011757975,0.008449057,0.006149291,0.004947994,0.002571433,0.000131324,0.008640617
1001,train,19.024499893,17.708500000,0.014719863,0.005832355,0.012096937,0.014157285,0.282764286,0.017929293,0.026188359,0.019712955,0.015199136,0.011804700,0.008820481,0.006593547,0.000395443,0.014324419
1002,train,64.648002625,62.199500000,0.279919446,0.171131492,0.119549908,0.251885593,0.341948092,0.271920204,0.447661340,0.394205064,0.316896588,0.241912752,0.161638930,0.117201962,0.011622166,0.268297255
1003,validation,181.605499268,184.121000000,1.272784948,0.880632997,0.485211700,1.187215447,0.598486364,1.271609068,2.048665047,1.667509556,1.370843649,1.135873437,0.870773673,0.543043792,0.119016424,1.153768539
1004,train,78.313003540,74.113500000,0.150593758,0.054776639,0.100146323,0.142560080,0.341267884,0.147628456,0.217233449,0.198623523,0.167232707,0.134613737,0.103205949,0.082653210,0.002661529,0.147932246
1005,train,27.803499222,30.521000000,0.032486163,0.000008553,0.032479405,0.028805945,0.320102900,0.032486495,0.058941141,0.049491055,0.038000129,0.023548858,0.015742894,0.009192880,0.000516051,0.031970114
1006,train,37.282501221,37.475000000,0.132540226,0.063918822,0.076902032,0.122748017,0.268179923,0.128411412,0.220101297,0.195315912,0.147984520,0.106665932,0.075631335,0.049542341,0.002421203,0.130119026
1007,train,15.595000267,16.047000000,0.018847505,0.005155648,0.013691857,0.019104026,0.441076338,0.018847505,0.035514075,0.026050363,0.018960515,0.014286872,0.010541773,0.007731428,0.000565860,0.018281644
1008,train,12.850999832,13.491000000,0.020635596,0.005008928,0.015626667,0.020303573,0.411758631,0.020635596,0.037047785,0.028396156,0.021325704,0.015970746,0.012055201,0.009017973,0.000621859,0.020013735
1009,validation,5.477000237,5.536500000,0.008585861,0.000851801,0.007734060,0.007439761,0.272530526,0.008585862,0.013408441,0.012069561,0.009208923,0.007515628,0.005424569,0.003888040,0.000355945,0.008229915
1010,train,40.247001648,38.218500000,0.038003746,0.015138573,0.026934868,0.037737790,0.270627677,0.041925121,0.062533446,0.053420380,0.041802414,0.033122014,0.022181887,0.014962335,0.001165137,0.036838606
1011,holdout,18.378999710,17.026000000,0.025179263,0.007335457,0.017990125,0.025332807,0.285952598,0.025324343,0.048461974,0.036231946,0.026077837,0.018331451,0.012906166,0.009066202,0.000273776,0.024905490
1012,train,8.772000313,7.364500000,0.003158437,0.000000000,0.003158437,0.002944730,0.290462375,0.003158437,0.003948869,0.004423309,0.003945262,0.003212783,0.001991228,0.001429173,0.000033116,0.003125322
1013,train,114.673500061,110.636500000,0.305865437,0.186027721,0.148750976,0.284663886,0.360368550,0.312355608,0.512220562,0.451919109,0.365722239,0.257139713,0.157253250,0.090937681,0.011327803,0.294537604
1014,holdout,27.477500916,26.569500000,0.027150268,0.003856772,0.024028316,0.027589150,0.273491800,0.027884832,0.049074382,0.039229795,0.030277083,0.020399226,0.013957482,0.009963627,0.000646589,0.026503677
1015,holdout,82.099998474,79.214500000,0.102379277,0.054767400,0.057418264,0.098549068,0.276792467,0.106849745,0.153845489,0.129549116,0.114163324,0.100401856,0.067649953,0.048665974,0.003968873,0.098410420
1016,train,53.847000122,50.883000000,0.133031175,0.074167617,0.064494148,0.126514256,0.282747537,0.131951198,0.199252650,0.172265977,0.137564480,0.117550634,0.100423872,0.071129464,0.004314118,0.128717065
1017,train,30.375000000,28.497000000,0.027936140,0.006849627,0.021694016,0.027639832,0.262169689,0.028543316,0.048983879,0.039394725,0.031442329,0.023291683,0.014913506,0.009590726,0.001019989,0.026916154
1018,train,101.998001099,97.146500000,0.264297336,0.165359542,0.123784564,0.258262068,0.456588566,0.275573701,0.464970589,0.400340974,0.308524281,0.207403943,0.121088371,0.083455756,0.010262968,0.254034370
1019,train,7.311500072,6.424500000,0.006644165,0.000923763,0.005720406,0.005844748,0.225371540,0.006644170,0.010466891,0.008934852,0.006105312,0.005839571,0.005369857,0.003148508,0.000165025,0.006479140
1020,train,96.221496582,91.212000000,0.357901096,0.249172777,0.135147631,0.316385597,0.332951248,0.370400041,0.592716873,0.498577178,0.420164227,0.295201421,0.221008256,0.119738527,0.013154671,0.344746411
1021,train,24.489999771,19.503500000,0.008688688,0.000139750,0.008548940,0.007382049,0.258892238,0.008688690,0.013861858,0.012694772,0.009555724,0.006708535,0.004916353,0.004394885,0.000164776,0.008523911
1022,train,23.159999847,25.629000000,0.020061059,0.000000000,0.020061059,0.018796712,0.262599528,0.020061061,0.039400734,0.031311072,0.020104600,0.013490763,0.009710416,0.006348764,0.000196940,0.019864120
1023,train,1.695500016,1.076500000,0.003482781,0.000000000,0.003482781,0.003149736,0.202344850,0.003482782,0.005098674,0.005104022,0.003938273,0.002879965,0.002212917,0.001662839,0.000036275,0.003446507
1024,train,105.461997986,102.629000000,0.321473628,0.196895868,0.161500990,0.304464221,0.366064638,0.332967877,0.561496735,0.481228739,0.383600116,0.254886508,0.157574028,0.090055734,0.012103839,0.309369802
1025,train,33.077499390,34.795500000,0.135691300,0.087824412,0.058956612,0.119697712,0.312374204,0.143159494,0.209351256,0.179490879,0.151790753,0.124095328,0.072293349,0.077126183,0.005946997,0.129744291
1026,train,3.317500114,3.140500000,0.005303142,0.000893033,0.004410139,0.004841847,0.269944489,0.005303173,0.009517955,0.009052457,0.005891123,0.003479583,0.002190370,0.001687365,0.000109740,0.005193402
1027,train,64.537498474,62.861000000,0.179598242,0.094943151,0.097582109,0.175317720,0.296173781,0.191413730,0.276109278,0.243824258,0.200937659,0.158790439,0.121947534,0.075980268,0.006112409,0.173485816
1028,train,21.934000015,18.949500000,0.019137569,0.007494961,0.011843616,0.017186757,0.260712177,0.019338582,0.036414351,0.030041600,0.021418342,0.015410978,0.007838797,0.003701353,0.000381327,0.018756244
1029,train,29.341499329,24.290500000,0.014556509,0.001242046,0.013314463,0.013615672,0.266742140,0.014556511,0.026802829,0.019586097,0.014361303,0.013169176,0.007830000,0.005589652,0.000151389,0.014405121
1030,train,4.319499969,4.570500000,0.009846133,0.002081684,0.007766871,0.008555848,0.254124433,0.009848556,0.017835801,0.013918836,0.011413534,0.007482471,0.005004440,0.003421714,0.000299798,0.009546336
1031,train,171.197998047,165.984000000,1.190610766,0.863049865,0.475274801,1.086815357,0.473099589,1.172816753,1.822630405,1.620365143,1.332285523,1.035151601,0.815990627,0.517241359,0.057563219,1.133047581
1032,holdout,48.471000671,46.790000000,0.198899448,0.069943160,0.139313281,0.194187373,0.284943074,0.207214862,0.279403299,0.251280189,0.216350585,0.177369282,0.148600653,0.120392554,0.004614930,0.194284499
1033,train,14.854000092,13.752000000,0.019354811,0.003773520,0.017118528,0.018995989,0.250325382,0.020892048,0.033034418,0.027557859,0.021147020,0.014906277,0.010570567,0.008912722,0.000655542,0.018699268
1034,train,25.895500183,23.575500000,0.028968284,0.005909518,0.023319596,0.028949976,0.229416892,0.029229119,0.047088370,0.037889894,0.029978830,0.023874378,0.019390088,0.015588141,0.000784924,0.028183360
1035,holdout,54.527500153,51.274000000,0.114682056,0.068617269,0.056835812,0.101329938,0.423917830,0.121462524,0.172061563,0.161106184,0.130814761,0.101557612,0.071781293,0.050770901,0.002375475,0.112306587
1036,train,27.106000900,24.169500000,0.019352142,0.000644323,0.019054942,0.019342409,0.239994735,0.019699264,0.029313607,0.024511511,0.020366374,0.016937397,0.013991678,0.010992267,0.000612818,0.018739320
1037,train,55.624500275,53.477000000,0.187156588,0.132210076,0.060380131,0.184076115,0.300920248,0.185878202,0.321372360,0.279458553,0.230527252,0.126957029,0.098834179,0.065790065,0.007709083,0.179447487
1038,holdout,20.565500259,15.648000000,0.018869139,0.001425127,0.018244198,0.017102202,0.245571911,0.019669324,0.034250215,0.028904453,0.020719934,0.014913272,0.009724238,0.004702722,0.000161843,0.018707298
1039,validation,71.793998718,69.124000000,0.129843131,0.065627433,0.073191769,0.100805774,0.348709196,0.134286776,0.178376734,0.165806562,0.127636358,0.103162326,0.135591388,0.068485416,0.003752341,0.126090795
1040,train,76.198997498,72.755000000,0.167261541,0.094348468,0.078221262,0.159354642,0.280612588,0.166146711,0.270796269,0.226154402,0.172892481,0.133424342,0.106464304,0.093837619,0.009568902,0.157692671
1041,train,24.119499207,21.402000000,0.026297662,0.011214751,0.015110193,0.025529642,0.397177637,0.026324946,0.047845881,0.040706664,0.028078362,0.019118493,0.012593413,0.009443169,0.001072645,0.025225021
1042,train,1.313500047,1.311000000,0.005410341,0.004386116,0.001169491,0.005488783,0.251835823,0.005555607,0.010980086,0.007952208,0.005503908,0.003715134,0.002505485,0.001805225,0.000044246,0.005366095
1043,train,4.907499790,5.541000000,0.010608269,0.000009565,0.010598704,0.009949874,0.251087874,0.010608271,0.019940296,0.014589632,0.010549079,0.008316400,0.005732245,0.004521967,0.000259305,0.010348964
1044,train,32.517501831,32.346000000,0.104592368,0.023991741,0.081389144,0.096901231,0.330746889,0.103557169,0.172793821,0.145034939,0.113531142,0.083906174,0.065613873,0.046674259,0.002672147,0.101920217
1045,train,43.590000153,40.956500000,0.159589902,0.089741051,0.082790025,0.157320678,0.307664186,0.165102512,0.259234905,0.225396201,0.190422043,0.150842220,0.097284079,0.034359902,0.002997516,0.156592384
1046,validation,4.659500122,4.541000000,0.006251710,0.000000000,0.006251710,0.005518523,0.293110877,0.006251710,0.009505321,0.008108303,0.006300959,0.004668071,0.003475032,0.005452569,0.000177209,0.006074501
1047,train,36.944999695,35.624000000,0.113053620,0.030560486,0.083031073,0.107417956,0.310761988,0.111582182,0.193356276,0.159956545,0.122755542,0.086668305,0.067410350,0.048174702,0.003206948,0.109846666
1048,train,14.088999748,14.119500000,0.017323876,0.000005923,0.017317954,0.017111350,0.295263022,0.017323878,0.030713309,0.023773624,0.018042868,0.013219026,0.010396488,0.007797937,0.000355580,0.016968293
1049,train,28.899000168,27.227000000,0.044453960,0.017904919,0.030249069,0.044407599,0.234124407,0.046993237,0.077671945,0.064435534,0.048074435,0.035376001,0.024191197,0.016974639,0.001848881,0.042605080
1050,validation,27.312000275,25.953500000,0.031922124,0.007299857,0.025631573,0.030770343,0.287462324,0.032931428,0.056036111,0.047850970,0.036426205,0.022201769,0.016862268,0.012155401,0.001502177,0.030419944
1051,validation,21.836500168,20.329000000,0.020235522,0.001343249,0.019892467,0.018298768,0.311530441,0.021235717,0.029498553,0.027772021,0.022424595,0.017877918,0.013530741,0.010309302,0.000788512,0.019447010
1052,train,14.259499550,12.001500000,0.010296416,0.002840813,0.007455604,0.010319559,0.250173628,0.010296417,0.017023945,0.014179157,0.011320828,0.008625381,0.006281661,0.004347524,0.000123787,0.010172630
1053,train,4.387000084,5.385000000,0.009260322,0.001001745,0.008258577,0.008013232,0.275292873,0.009260323,0.015123824,0.013722484,0.010165796,0.007882471,0.005608762,0.003058594,0.000225135,0.009035187
1054,train,30.686500549,28.501500000,0.048021931,0.018852385,0.032869570,0.046816029,0.245219275,0.050561205,0.084058702,0.068031460,0.051596448,0.039559633,0.026467135,0.018418202,0.002009043,0.046012886
1055,validation,110.526496887,105.565500000,0.402968705,0.294953823,0.134125799,0.349216044,0.367161900,0.414601356,0.565987110,0.514173090,0.443579882,0.381372541,0.321424842,0.191274703,0.018500486,0.384468228
1056,train,40.414001465,39.616000000,0.042887338,0.016169984,0.029436002,0.041728660,0.250392824,0.044515971,0.074725002,0.060411211,0.045198850,0.035022240,0.024122268,0.017844442,0.001393558,0.041493777
1057,train,4.450500011,3.461000000,0.003178188,0.000000000,0.003178188,0.003178523,0.214490041,0.003178189,0.005917425,0.004455740,0.003262717,0.002372724,0.001752637,0.001307887,0.000064174,0.003114014
1058,validation,11.946999550,11.965000000,0.008925577,0.004543448,0.004382130,0.009443644,0.278420895,0.008925579,0.017419888,0.011837402,0.009505372,0.007002150,0.004832135,0.002956514,0.000179181,0.008746397
1059,train,37.682498932,33.750000000,0.132824227,0.093587227,0.054894581,0.127854362,0.311572164,0.147279203,0.233179539,0.208680853,0.163278744,0.087309450,0.065904841,0.038591955,0.003516314,0.129307926
1060,validation,46.121498108,45.140500000,0.057070781,0.026033858,0.034632497,0.053232357,0.281139851,0.060665190,0.091371752,0.083389051,0.061678417,0.047257069,0.032729965,0.025998460,0.001927115,0.055143673
1061,holdout,3.403000116,4.301000000,0.006727524,0.001295364,0.006136989,0.006513230,0.257354945,0.007432353,0.010244975,0.009235375,0.007400163,0.005590259,0.004435109,0.003459263,0.000229077,0.006498448
1062,train,23.538000107,18.316000000,0.009114023,0.003834700,0.006179452,0.009186810,0.278291851,0.010014152,0.016763501,0.014252717,0.009138528,0.006443480,0.004180359,0.003905554,0.000370598,0.008743425
1063,train,35.438999176,40.881000000,0.053142630,0.023931967,0.033568043,0.048157107,0.310770422,0.055904135,0.092559479,0.085403576,0.057592750,0.040241256,0.025878977,0.017179731,0.000859615,0.052283015
1064,train,17.924499512,19.481500000,0.020407377,0.001634252,0.019560128,0.020261586,0.243466288,0.021194385,0.035363249,0.027867030,0.021887012,0.016693275,0.011932624,0.008701064,0.000438762,0.019968614
1065,train,21.393999100,19.849500000,0.014781890,0.007934724,0.006858476,0.016032729,0.311953515,0.014793168,0.027960503,0.023710221,0.015088854,0.009170493,0.006682605,0.006078651,0.000193892,0.014587998
1066,train,10.336999893,9.655500000,0.006413597,0.000000650,0.006412947,0.007056488,0.228464529,0.006413597,0.011434508,0.009268583,0.006833432,0.004892874,0.003504491,0.002547693,0.000107970,0.006305627
1067,train,32.001499176,33.920000000,0.136169523,0.044806190,0.099256404,0.116719291,0.362417996,0.143646494,0.202901483,0.188331991,0.157520235,0.118724041,0.089282572,0.060256757,0.003707212,0.132462308
1068,train,56.583499908,50.624500000,0.224186718,0.129763767,0.100312129,0.226413399,0.330407977,0.224879801,0.323659837,0.282167196,0.250349611,0.207970902,0.160700664,0.120272070,0.020286223,0.203900516
1069,train,8.302000046,8.587000000,0.023740973,0.011282573,0.017245023,0.018613247,0.373844773,0.028526383,0.033638254,0.034924477,0.025768572,0.018552603,0.016586376,0.012975551,0.000267927,0.023473045
1070,train,28.909000397,28.721000000,0.026472338,0.012618611,0.016332915,0.024034508,0.259842008,0.028951528,0.044940546,0.039497282,0.029830961,0.022812054,0.012834306,0.008918867,0.000666549,0.025805790
1071,train,102.527999878,100.961000000,0.354927689,0.242697105,0.145565227,0.302363873,0.350826591,0.369832397,0.568123460,0.471362263,0.396510631,0.300162613,0.262932003,0.130475208,0.012667750,0.342259943
1072,train,24.520500183,21.415000000,0.012482974,0.000000000,0.012482974,0.011946867,0.183892101,0.012482975,0.025240399,0.018975198,0.012858652,0.008560063,0.005548053,0.003715470,0.000207632,0.012275342
1073,holdout,116.699996948,111.527000000,0.234406173,0.131102622,0.120673075,0.200861722,0.317794085,0.236472666,0.286441326,0.304076672,0.293369859,0.222699821,0.168345302,0.131503910,0.007654145,0.226752013
1074,train,17.608499527,14.042500000,0.005104002,0.000002857,0.005101145,0.004747594,0.254943401,0.005104003,0.009385751,0.007814142,0.005630034,0.003584772,0.002350294,0.001859022,0.000070147,0.005033855
1075,validation,45.611999512,42.768000000,0.065441497,0.024260875,0.043008640,0.060170904,0.401668429,0.065277740,0.099550374,0.084991992,0.066980086,0.060041599,0.048938971,0.032145962,0.002127137,0.063314356
1076,train,106.444999695,107.917000000,0.442180812,0.250200123,0.241510719,0.412607759,0.398828059,0.461228341,0.689060807,0.586604834,0.475742757,0.379612893,0.277753413,0.244310170,0.026403751,0.415777057
1077,train,33.820999146,31.753000000,0.043626424,0.015617277,0.029017048,0.041636020,0.299500585,0.044370446,0.073559344,0.063932799,0.052188896,0.031931929,0.022554794,0.017590787,0.002097438,0.041528992
1078,train,24.805500031,26.733000000,0.035016198,0.002798769,0.033980157,0.030328307,0.339014709,0.035865888,0.063068017,0.051214475,0.040403292,0.027244275,0.017369924,0.010797191,0.000731384,0.034284815
1079,train,15.480999947,14.690500000,0.027750358,0.008301974,0.020087326,0.026126828,0.227741629,0.028388536,0.048413176,0.040384844,0.030361747,0.022328537,0.014657302,0.010356540,0.000520582,0.027229777
1080,train,14.696999550,14.018000000,0.018531434,0.000176929,0.018354505,0.017446872,0.414274544,0.018531434,0.030902516,0.026883081,0.019790052,0.014624495,0.010853559,0.008134898,0.000568783,0.017962649
1081,train,11.034500122,12.361500000,0.025147706,0.003777116,0.021377550,0.022069668,0.245299295,0.025154671,0.044047009,0.036912501,0.027130006,0.020536896,0.014316898,0.007942924,0.000968964,0.024178743
1082,train,108.175498962,109.925000000,0.398128867,0.281956196,0.149031430,0.363702118,0.449942589,0.405466318,0.652615726,0.549164414,0.457003295,0.333525419,0.255787551,0.140676647,0.015642218,0.382486582
1083,train,3.498500109,3.149000000,0.004537895,0.000029377,0.004508518,0.004535518,0.226380050,0.004537895,0.007463768,0.006608090,0.005261759,0.003808797,0.002508849,0.001576106,0.000113640,0.004424255
1084,validation,48.888500214,49.084500000,0.076234639,0.041425824,0.037511483,0.068632588,0.326001823,0.078922719,0.119787186,0.109255381,0.080800571,0.065715909,0.049329776,0.032519013,0.002127874,0.074106768
1085,train,6.809999943,5.090000000,0.003692705,0.003080856,0.000611849,0.003619599,0.326693982,0.003692705,0.006865941,0.005848439,0.004389501,0.002655014,0.000584885,0.001812450,0.000016443,0.003676262
1086,train,51.887500763,49.780500000,0.025457986,0.007207158,0.021296218,0.024275945,0.254998565,0.028503377,0.045490820,0.035467073,0.026666882,0.021893099,0.014583784,0.008646257,0.000424308,0.025033681
1087,train,12.277500153,10.912000000,0.019102629,0.005808047,0.013302930,0.018617079,0.242189497,0.019110976,0.034665417,0.027299523,0.020768551,0.014711486,0.010068947,0.007101848,0.000281245,0.018821385
1088,validation,30.137500763,30.848000000,0.067873351,0.030221839,0.041899461,0.058072791,0.316290885,0.069901347,0.113926582,0.091098890,0.071549959,0.055037722,0.043304570,0.032322384,0.004028521,0.063844830
1089,train,9.501000404,10.851000000,0.006746616,0.000000000,0.006746616,0.006442274,0.287576377,0.006746617,0.012901196,0.009810132,0.006904486,0.004791442,0.003641376,0.002431066,0.000111733,0.006634883
1090,train,3.512500048,3.506500000,0.009548512,0.002086716,0.007503063,0.008293240,0.265189171,0.009589780,0.017830743,0.013801268,0.011137981,0.006982695,0.004484230,0.003054154,0.000284532,0.009263981
1091,train,75.333999634,72.325000000,0.130388677,0.063005790,0.075782098,0.125485644,0.406100035,0.132281825,0.215392321,0.177156001,0.139679298,0.103092730,0.079231687,0.067779921,0.006414197,0.123974457
1092,train,11.812000275,10.770000000,0.015689751,0.001616823,0.014602024,0.015081523,0.287190765,0.016218849,0.026233785,0.022123540,0.017033391,0.012859461,0.009316036,0.006572294,0.000205046,0.015484705
1093,validation,173.031494141,181.672500000,0.810421765,0.486025482,0.422289699,0.798739493,0.442931473,0.820534766,1.114561558,1.027226329,1.091117024,0.798989177,0.552960515,0.277676135,0.036422718,0.773999095
1094,train,15.579000473,12.455000000,0.014946462,0.001675949,0.013573033,0.014958015,0.213696092,0.015248980,0.020177403,0.018372642,0.016245728,0.013974165,0.011656078,0.009252743,0.000390765,0.014555696
1095,train,29.534500122,23.617500000,0.009936566,0.000000000,0.009936566,0.009697580,0.237688720,0.009936567,0.015546215,0.014637113,0.011587642,0.008766584,0.005075399,0.004006444,0.000083445,0.009853123
1096,train,34.297500610,31.389500000,0.076934494,0.043529894,0.037932601,0.064484298,0.382080048,0.079098895,0.119756453,0.106213547,0.083132215,0.062233519,0.050924778,0.039346404,0.001159525,0.075774968
1097,train,13.307999611,11.241500000,0.008253540,0.001049437,0.008223013,0.006906027,0.301182806,0.009272451,0.013082895,0.010758510,0.009047893,0.007508868,0.005632078,0.003490996,0.000389194,0.007864346
1098,train,8.939000130,8.118500000,0.008145129,0.001205680,0.007598424,0.007716490,0.242675886,0.008804105,0.014737339,0.012074491,0.009094603,0.006129114,0.004115319,0.002719907,0.000148875,0.007996255
1099,train,58.955001831,54.781500000,0.079146519,0.054198783,0.029881747,0.065498754,0.338547468,0.081540190,0.110478729,0.107056335,0.095964715,0.065974452,0.051423304,0.043981601,0.001504224,0.077642284
1100,train,3.737999916,3.265500000,0.006921642,0.001065950,0.005855692,0.005877004,0.265420526,0.006921643,0.011035207,0.010531914,0.007887871,0.005767923,0.003772213,0.002534723,0.000089665,0.006831977
1101,train,145.307998657,154.292000000,1.296095133,0.879710853,0.515259385,1.206944227,0.511391640,1.313175678,2.037119627,1.664006710,1.399653435,1.108605504,0.906444550,0.660740435,0.110646375,1.185448766
1102,validation,20.062000275,21.438000000,0.036026351,0.006652038,0.031264406,0.030315503,0.319555014,0.036768369,0.057247683,0.051368393,0.041089110,0.033450775,0.020604108,0.012398040,0.000969025,0.035057325
1103,train,97.959503174,94.913500000,0.437110305,0.272425979,0.174067408,0.421272904,0.337225586,0.438925982,0.701865554,0.599570572,0.484446138,0.386182189,0.280269861,0.170327678,0.028789869,0.408320516
1104,validation,23.255500793,18.231000000,0.008636962,0.000622371,0.008014604,0.007807958,0.324448973,0.008636976,0.013082247,0.012286037,0.009271173,0.006941686,0.006408868,0.003831754,0.000188614,0.008448347
1105,train,75.126502991,72.271000000,0.162372127,0.084311575,0.083332032,0.155246377,0.301001549,0.160382137,0.279706091,0.223183468,0.166823164,0.131103426,0.098101832,0.075314730,0.009749570,0.152622551
1106,train,8.076999664,7.093500000,0.010905496,0.001596325,0.010078538,0.010953034,0.244287446,0.011674864,0.018240074,0.015812632,0.011241298,0.008556494,0.006595406,0.004987071,0.000545338,0.010360158
1107,train,21.483999252,17.625500000,0.023496252,0.002876076,0.021332825,0.018031135,0.362091184,0.024208905,0.033630285,0.035750769,0.027717505,0.019109188,0.013484839,0.011284934,0.000362329,0.023133924
1108,holdout,26.133499146,26.171500000,0.031600192,0.010083277,0.024602896,0.030970218,0.280178249,0.034556072,0.051352892,0.042014543,0.032590084,0.025144018,0.021609358,0.016890252,0.000773028,0.030827163
1109,holdout,24.284999847,20.027000000,0.127913326,0.005797394,0.123131722,0.107504562,0.310883939,0.128929138,0.162431687,0.146489799,0.134747460,0.120641880,0.102686249,0.100482836,0.002905814,0.125007510
1110,train,12.647000313,13.585000000,0.017764509,0.003553500,0.014253141,0.016822815,0.229397997,0.017806644,0.032818235,0.026010185,0.017520029,0.011919703,0.011028399,0.007290502,0.000760495,0.017004015
1111,validation,34.554000854,31.145000000,0.040149275,0.026114156,0.014985572,0.039089926,0.303583771,0.040994853,0.067128748,0.056841031,0.045945037,0.032289792,0.021750841,0.016940175,0.000745060,0.039404210
1112,holdout,7.220499992,8.398000000,0.017948300,0.002941165,0.015007136,0.018055823,0.327653974,0.017948302,0.028849989,0.024475662,0.020444771,0.015631419,0.011195061,0.007092894,0.000322428,0.017625872
1113,validation,0.879999995,0.795000000,0.006885915,0.005614379,0.003127193,0.006741969,0.281062782,0.008741572,0.011039268,0.009651964,0.007618918,0.005536258,0.004280262,0.003188819,0.000111016,0.006774899
1114,holdout,36.493000031,36.991500000,0.070686869,0.034246549,0.042065922,0.069370605,0.301135808,0.072659858,0.112526722,0.093882918,0.074833252,0.062308177,0.046278350,0.034291785,0.001657212,0.069029659
1115,train,36.545501709,37.229000000,0.117103711,0.053353533,0.070419982,0.109758675,0.253255010,0.111451127,0.188713640,0.169329539,0.132110655,0.097347580,0.070476755,0.044644095,0.002034040,0.115069672
1116,validation,49.022998810,51.775500000,0.093868397,0.042398468,0.057899401,0.077963211,0.357330680,0.097951420,0.141929179,0.122900128,0.107646100,0.085788339,0.068873048,0.036073599,0.002472755,0.091395639
1117,train,119.385002136,124.173000000,0.301138073,0.183671325,0.147589713,0.248879716,0.450265616,0.305157721,0.444267988,0.387973249,0.301953852,0.216658980,0.208948627,0.247025549,0.012481546,0.288656503
1118,train,5.058499813,3.348500000,0.005678847,0.000000000,0.005678847,0.005338551,0.260465801,0.005678847,0.010007104,0.008473235,0.006324263,0.004689601,0.002802288,0.001776591,0.000056737,0.005622110
1119,train,175.724502563,178.978000000,0.999087989,0.662160039,0.437620163,0.951021731,0.443986088,0.968478918,1.463104486,1.279856801,1.090301514,0.950694919,0.700106978,0.510462701,0.079139337,0.919948578
1120,train,28.676000595,26.208000000,0.010924988,0.000435823,0.010489165,0.008984404,0.255904168,0.010924990,0.015582902,0.013855838,0.013181660,0.011006908,0.007937565,0.003985059,0.000112010,0.010812979
1121,validation,5.240499973,5.401500000,0.006038750,0.002044883,0.003993867,0.006413895,0.277186036,0.006038751,0.008754103,0.008757684,0.007188678,0.005332175,0.003705074,0.002494785,0.000084198,0.005954552
1122,holdout,4.956999779,3.961500000,0.013238923,0.003749009,0.010604960,0.011032585,0.297395587,0.014353970,0.020098349,0.020102559,0.015413359,0.011634697,0.006612769,0.005571804,0.000180931,0.013057992
1123,holdout,26.415500641,23.880000000,0.017239073,0.001219739,0.016090425,0.017450783,0.277222186,0.017310079,0.029630991,0.024150653,0.018017836,0.013988270,0.011254696,0.006392003,0.000166046,0.017073030
1124,train,98.659500122,89.128500000,0.362389058,0.201017693,0.186996669,0.365479589,0.331086725,0.361502767,0.622925580,0.522100151,0.384776086,0.274165839,0.208865181,0.161501303,0.015540890,0.346848130
1125,validation,18.168500900,15.935500000,0.010456553,0.000977994,0.010437196,0.010037138,0.223441005,0.011415191,0.020977708,0.014771892,0.010081499,0.007472730,0.005542897,0.003892584,0.000226146,0.010230405
1126,train,4.382999897,3.440500000,0.001844134,0.000000000,0.001844134,0.001858855,0.266773134,0.001844134,0.002491123,0.002032488,0.001874701,0.001808763,0.001623629,0.001234100,0.000014169,0.001829964
1127,train,105.694503784,103.056500000,0.288764179,0.176886410,0.142410055,0.273194730,0.352286041,0.302691907,0.496042401,0.425679833,0.339913607,0.233481452,0.149435043,0.088032693,0.011305442,0.277458727
1128,train,4.565000057,5.106000000,0.009085313,0.006067121,0.004230879,0.007879943,0.321868747,0.008845588,0.016520448,0.012998049,0.009077474,0.006659613,0.004915642,0.004340653,0.000189667,0.008895646
1129,train,35.899501801,34.071500000,0.037117437,0.015497883,0.022303943,0.033830646,0.309936047,0.037801310,0.058723476,0.056874104,0.045577046,0.027460847,0.019340087,0.014729066,0.001282886,0.035834547
1130,train,4.681000233,5.670000000,0.010680597,0.006068812,0.006598325,0.008824296,0.258795083,0.011203261,0.016676502,0.015786789,0.012679299,0.008186503,0.006266200,0.004488290,0.000344938,0.010335660
1131,holdout,66.257003784,60.277500000,0.254711032,0.151447862,0.114426494,0.249810293,0.299757272,0.254626423,0.411897123,0.357559770,0.300790250,0.190640718,0.147898123,0.119480252,0.014305817,0.240405232
1132,train,11.050499916,10.275000000,0.017114792,0.004915265,0.015100036,0.017195156,0.259508669,0.020015303,0.034593947,0.025132967,0.017459618,0.011797582,0.008121750,0.005582884,0.000226434,0.016888360
1133,train,50.920501709,47.212500000,0.109739892,0.062449466,0.052631665,0.101276778,0.297102690,0.113589495,0.177640319,0.152055144,0.118933104,0.089887455,0.067027852,0.052895423,0.003320579,0.106419295
1134,train,108.943496704,105.033500000,0.447850078,0.267915785,0.186085135,0.432281464,0.355608374,0.449607402,0.713072419,0.614040315,0.497538030,0.397605807,0.289194793,0.175649047,0.028364217,0.419485837
1135,train,13.097000122,13.142500000,0.022544881,0.004375308,0.018290306,0.021845460,0.271544993,0.022665616,0.039820090,0.031670820,0.023494234,0.017069090,0.012872947,0.010342113,0.000853478,0.021691404
1136,train,176.228500366,171.394000000,1.154293895,0.844220400,0.471147805,1.011964202,0.447439492,1.157517314,1.747357011,1.567289948,1.285068989,1.018698335,0.805770397,0.501578450,0.050424244,1.103869677
1137,train,37.479499817,34.699000000,0.065629698,0.024606690,0.047603890,0.053263571,0.269165576,0.072210573,0.092143260,0.084391996,0.071054064,0.061124161,0.048215151,0.036849532,0.002129452,0.063500248
1138,train,25.435499191,22.305000000,0.020315031,0.001933780,0.019339699,0.020292157,0.255436420,0.021273483,0.029315786,0.025125191,0.021692498,0.018535959,0.015296320,0.011924416,0.000625124,0.019689903
1139,validation,9.283499718,9.295500000,0.009819080,0.000518355,0.009301153,0.009640368,0.293540180,0.009819508,0.016403651,0.013097638,0.010457198,0.007926903,0.006227439,0.004801650,0.000337406,0.009481673
1140,train,6.361000061,4.889000000,0.004669638,0.000000000,0.004669638,0.004669987,0.217924193,0.004669638,0.007988147,0.006169068,0.004715464,0.003770256,0.003069857,0.002305034,0.000059223,0.004610416
1141,train,4.922999859,3.371500000,0.005968714,0.000000000,0.005968714,0.005355513,0.268517941,0.005968715,0.010017551,0.008706548,0.006729754,0.005066020,0.003182974,0.002109440,0.000068278,0.005900436
1142,train,67.316497803,67.345500000,0.142361358,0.077361129,0.071588755,0.139191434,0.319019198,0.147283182,0.229362249,0.195681855,0.156801388,0.119649947,0.086042471,0.066630132,0.004564359,0.137796968
1143,train,121.577499390,120.762500000,0.283299923,0.185748518,0.111577019,0.240415484,0.301746368,0.292320877,0.468878061,0.408078015,0.329555869,0.231858075,0.150578663,0.110850707,0.010011309,0.273288608
1144,holdout,26.359500885,24.652000000,0.014682548,0.005451262,0.009235724,0.014646884,0.291344076,0.014685484,0.027403980,0.020376498,0.014668450,0.011013296,0.008262059,0.006371001,0.000582383,0.014100164
1145,train,25.089000702,20.309000000,0.017529994,0.001859105,0.016472509,0.015253128,0.291760862,0.018331615,0.029456612,0.027049886,0.020206841,0.013373286,0.009597107,0.005496225,0.000292298,0.017237695
1146,train,40.894001007,38.234500000,0.141307116,0.096946619,0.062413361,0.134052292,0.309962273,0.155200094,0.248763233,0.224538416,0.173133910,0.094661102,0.067483231,0.039262790,0.003731809,0.137575313
1147,train,6.538499832,5.228000000,0.005641962,0.000000000,0.005641962,0.005623676,0.258007228,0.005641963,0.010851678,0.008046617,0.005752722,0.003988326,0.002817491,0.002394941,0.000080582,0.005561380
1148,train,36.142501831,33.868000000,0.074449539,0.049946006,0.031953473,0.073243745,0.389730871,0.081644058,0.120788984,0.114019737,0.086892068,0.054333266,0.040454607,0.030208590,0.001044251,0.073405288
1149,train,16.694499969,15.010000000,0.010784183,0.003615298,0.007168944,0.009380159,0.284306884,0.010784243,0.016320359,0.015488336,0.012646514,0.008356599,0.006397925,0.005495364,0.000144280,0.010639903
1150,train,10.237999916,10.058000000,0.007268289,0.000165717,0.007259866,0.007094112,0.257740587,0.007425582,0.012101894,0.010227103,0.008188981,0.006506024,0.003596254,0.002989475,0.000272054,0.006996235
1151,holdout,107.095001221,99.906000000,0.118633978,0.052995600,0.071750186,0.112951405,0.427631885,0.120784149,0.200283378,0.167730525,0.127907202,0.095709488,0.067104846,0.053068433,0.003317818,0.115316160
1152,train,11.163999557,9.876500000,0.015326903,0.000287568,0.015039362,0.014732178,0.286995351,0.015326933,0.027289225,0.022098763,0.016498059,0.011905691,0.008401664,0.005768015,0.000138559,0.015188343
1153,train,83.346496582,80.409000000,0.152609542,0.076077983,0.086969405,0.145542085,0.296344459,0.159985587,0.246001735,0.201901376,0.158849582,0.128513679,0.101436839,0.078954019,0.007606544,0.145002991
1154,holdout,21.003000259,17.537500000,0.027451608,0.005801178,0.021956947,0.026788283,0.262300014,0.027758125,0.043955408,0.037127528,0.030041954,0.023562158,0.017267371,0.012755216,0.000573330,0.026878277
1155,train,24.165000916,24.706500000,0.015548779,0.000000000,0.015548779,0.013890626,0.261175692,0.015548779,0.022684427,0.022077814,0.017947990,0.013987978,0.009506183,0.007088275,0.000214860,0.015333918
1156,train,17.899499893,13.948000000,0.006607856,0.000009764,0.006598092,0.005536082,0.240102515,0.006607856,0.010447196,0.009797618,0.007488182,0.005803160,0.003486091,0.002624883,0.000129912,0.006477944
1157,train,4.385000229,3.480000000,0.003041543,0.000000000,0.003041543,0.003028796,0.267943114,0.003041544,0.005175960,0.003887005,0.003076686,0.002663596,0.002024715,0.001421298,0.000023409,0.003018134
1158,train,86.600997925,81.890000000,0.193746462,0.105327018,0.098863706,0.158938304,0.286183149,0.194768652,0.275574327,0.243135527,0.208782017,0.180139378,0.145872951,0.108974576,0.008813558,0.184932888
1159,holdout,147.222000122,136.928000000,0.492549479,0.343340129,0.212461174,0.412603885,0.368708491,0.519956231,0.744301200,0.655466020,0.541162491,0.418797791,0.352967083,0.242602080,0.027340952,0.465208530
1160,train,4.921500206,5.823000000,0.008132568,0.000000000,0.008132568,0.008096848,0.233765990,0.008132569,0.014975573,0.012161535,0.008343260,0.005903119,0.004305922,0.003105995,0.000149258,0.007983310
1161,train,27.161500931,28.001500000,0.049410600,0.013987960,0.037067764,0.041307673,0.356829852,0.050006554,0.081767425,0.070159316,0.059544910,0.043039959,0.027114343,0.014837652,0.001822061,0.047588535
1162,holdout,41.875499725,43.464000000,0.069712698,0.032975778,0.043047629,0.061594792,0.264542550,0.074095450,0.120160773,0.105373241,0.076356776,0.052844428,0.035814114,0.027726805,0.001342835,0.068369858
1163,train,108.462501526,104.751500000,0.295511335,0.179708779,0.147542566,0.274195671,0.362564504,0.303492188,0.497106731,0.435588479,0.355868757,0.242947400,0.153938591,0.087617733,0.011048616,0.284462690
1164,train,47.994499207,47.650000000,0.041888602,0.019031404,0.025619190,0.037574604,0.283022463,0.044544715,0.063792586,0.052065935,0.040601350,0.033321194,0.033373944,0.028176576,0.001306029,0.040582571
1165,train,74.703498840,69.863500000,0.236906573,0.187874109,0.064411879,0.228463441,0.344606608,0.244169340,0.391786724,0.352423906,0.284466058,0.206728831,0.131110027,0.054923784,0.005291358,0.231615201
1166,holdout,19.172000885,14.536000000,0.017448610,0.001424533,0.016824260,0.016158603,0.284736991,0.018248796,0.034601107,0.028356247,0.017759401,0.011444537,0.008075117,0.004455253,0.000147833,0.017300779
1167,train,91.289497375,86.987500000,0.219942108,0.123730443,0.113923207,0.203710347,0.303971380,0.223925576,0.349387139,0.291306615,0.235042632,0.190130025,0.154999137,0.098787285,0.011325649,0.208616495
1168,train,29.444499969,28.953500000,0.053607285,0.020399209,0.033498008,0.052727737,0.290203750,0.052598801,0.097496696,0.075654611,0.056399826,0.042876206,0.028990360,0.020226022,0.001029439,0.052577853
1169,train,23.917999268,26.920000000,0.020982474,0.000000000,0.020982474,0.019950632,0.266430795,0.020982476,0.039431382,0.033238374,0.020904465,0.013743680,0.010902407,0.007674538,0.000208499,0.020773975
1170,train,10.076000214,8.942500000,0.008661246,0.000048925,0.008612320,0.008610564,0.256969750,0.008661246,0.016029511,0.012155186,0.008972378,0.006427782,0.004765118,0.003617500,0.000091154,0.008570092
1171,train,144.746505737,135.303500000,0.742269158,0.491256237,0.292862207,0.648414075,0.363736302,0.741230369,0.976552546,0.922082365,0.843463123,0.773219407,0.524536610,0.413760632,0.052604225,0.689664900
1172,train,40.794498444,39.575500000,0.057252392,0.024709877,0.036362693,0.049687222,0.293675929,0.060471617,0.079791218,0.076058760,0.058852553,0.050780956,0.040188089,0.037842788,0.001244369,0.056008026
1173,train,84.642501831,83.844000000,0.175885484,0.094055921,0.091872506,0.178417847,0.299660414,0.183930799,0.304589361,0.244055733,0.189195350,0.142750546,0.103435136,0.071286798,0.007778104,0.168107390
1174,train,31.686500549,32.970500000,0.036636416,0.014626157,0.024589378,0.032791287,0.276468337,0.039055806,0.056783475,0.055570744,0.044195045,0.030683523,0.019885259,0.012700431,0.000700596,0.035935819
1175,train,30.579500198,29.956500000,0.041755799,0.016712159,0.027355652,0.040274329,0.266218126,0.044067815,0.073986687,0.062890783,0.045738325,0.032247800,0.021590214,0.014080988,0.001244899,0.040510897
1176,train,68.717002869,64.005500000,0.083793610,0.057024166,0.032128878,0.071756400,0.405557156,0.086067319,0.131026685,0.121801637,0.092221767,0.067432262,0.050041769,0.040237550,0.001317507,0.082476117
1177,validation,110.226501465,105.475000000,0.436342448,0.268458247,0.175133780,0.427420944,0.358430892,0.437840015,0.693675756,0.596485078,0.482706308,0.390245676,0.281704932,0.173236683,0.025323816,0.411018580
1178,train,10.011500359,9.768500000,0.012023488,0.001632751,0.012002529,0.012026456,0.251004547,0.013635281,0.016942205,0.014678972,0.012989888,0.011060327,0.009357047,0.007112482,0.000255642,0.011767847
1179,train,5.804500103,5.953000000,0.008570338,0.000850709,0.007719629,0.008112521,0.278816640,0.008570338,0.014360826,0.011468460,0.008930967,0.007019552,0.005429798,0.004212422,0.000297071,0.008273266
1180,train,6.657499790,6.093500000,0.012966938,0.002816425,0.010836042,0.012680401,0.227021724,0.013652469,0.024907438,0.019073807,0.014161313,0.010071069,0.005893539,0.003694465,0.000368734,0.012598203
1181,train,35.381500244,33.936000000,0.131121323,0.093848601,0.052327745,0.126384467,0.510970712,0.145010620,0.235394299,0.207943231,0.161261186,0.084534027,0.061880283,0.035714861,0.002739207,0.128382117
1182,train,50.583000183,46.359000000,0.170219287,0.095538042,0.086171865,0.164806724,0.300193906,0.175722629,0.270327479,0.236529842,0.198981196,0.154027134,0.106963873,0.054486163,0.003714477,0.166504800
1183,validation,6.743500233,9.698500000,0.017632242,0.005342438,0.012289920,0.017166579,0.239437625,0.017632360,0.034979649,0.025066491,0.018176511,0.012807333,0.008541694,0.006221786,0.000409017,0.017223226
1184,train,94.541496277,88.546000000,0.260795951,0.147761285,0.125412643,0.267531216,0.376347780,0.270835131,0.435516179,0.365747869,0.278100938,0.202043623,0.150801450,0.132565588,0.012349954,0.248445988
1185,train,94.430496216,88.581500000,0.215362057,0.098682441,0.138363183,0.216072172,0.268486947,0.231333733,0.322767556,0.277998686,0.227333352,0.185007811,0.154306293,0.124758683,0.007094273,0.208267778
1186,train,98.000503540,91.262500000,0.247093961,0.131609857,0.126233757,0.253215611,0.325136513,0.252650440,0.411623091,0.341149449,0.267758816,0.199712768,0.148008704,0.114310943,0.011103465,0.235990480
1187,holdout,26.940500259,22.349500000,0.016038481,0.000043841,0.015994640,0.014931846,0.297505558,0.016038481,0.027608331,0.023184318,0.016040815,0.011403208,0.007766634,0.010227565,0.000157385,0.015881095
1188,train,4.395999908,4.571000000,0.012635102,0.001808401,0.011885247,0.012440993,0.242642224,0.013693649,0.018443299,0.017109057,0.014397733,0.011170069,0.008379046,0.006311400,0.000315899,0.012319203
1189,train,29.159500122,25.589000000,0.015639309,0.004404439,0.011234870,0.014036276,0.256195426,0.015639309,0.026913108,0.022856625,0.017130880,0.012313133,0.008921742,0.005700360,0.000238254,0.015401055
1190,train,3.342499971,3.590500000,0.007336025,0.000941010,0.006395015,0.007081409,0.246233597,0.007336025,0.010367270,0.009738471,0.008332890,0.006692857,0.004915516,0.003969143,0.000224097,0.007111928
1191,train,14.920000076,14.967500000,0.019748762,0.001954222,0.018028768,0.019018944,0.230902493,0.019982992,0.031948369,0.029420570,0.022290708,0.016212065,0.010915964,0.007704891,0.000259762,0.019489000
1192,train,24.008499146,24.351000000,0.013363453,0.000000003,0.013363449,0.011603397,0.265626907,0.013363454,0.020307356,0.018870018,0.014511768,0.011811480,0.008549682,0.006130402,0.000181385,0.013182066
1193,train,4.637499809,4.898000000,0.008588854,0.000000000,0.008588854,0.007519034,0.276560575,0.008588854,0.013612113,0.012215325,0.009307455,0.007589669,0.005390594,0.003417966,0.000345923,0.008242931
1194,train,45.769001007,49.427500000,0.078421772,0.036346350,0.048188329,0.061280172,0.336820513,0.082779355,0.117590629,0.107095517,0.089317463,0.068434022,0.059021305,0.029071709,0.001792570,0.076629199
1195,holdout,25.285999298,23.768000000,0.014396783,0.005437992,0.008958790,0.014470111,0.275416970,0.014396783,0.027650770,0.020424135,0.014590245,0.010652335,0.007788518,0.005274694,0.000469578,0.013927205
1196,train,27.222499847,26.534500000,0.030159656,0.011507450,0.019558040,0.027633511,0.282407641,0.030827397,0.056070589,0.044031732,0.031835385,0.021937665,0.016203949,0.010878614,0.000646914,0.029512743
1197,train,7.711500168,7.463500000,0.010372425,0.000827011,0.009568851,0.010183875,0.270637214,0.010395862,0.019308943,0.015601177,0.011472316,0.007589207,0.005057400,0.003205508,0.000224964,0.010147462
1198,train,128.238006592,127.014500000,0.607688725,0.343475312,0.294039041,0.536443114,0.397355884,0.593039811,0.875002801,0.795072615,0.657556534,0.569176435,0.482845217,0.266478986,0.037023298,0.570665479
1199,validation,68.439498901,69.018500000,0.152680457,0.093607411,0.074181095,0.146233678,0.295975208,0.163351476,0.249492615,0.212686867,0.169884413,0.128887907,0.089521773,0.065609030,0.006124813,0.146555617
