region_id,split,label,z0_score,midpoint_proxy,z1_seed_42,z1_seed_43,z1_seed_44,z1_seed_45,z1_seed_46,z2_seed_42,z2_seed_43,z2_seed_44,z2_seed_45,z2_seed_46
0,train,22.881500244,0.025529446,0.008108373,0.105415814,-0.065316781,-0.093734220,0.115804568,-0.019863889,-0.105415814,-0.065316781,0.093734220,-0.115804568,-0.019863889
1,validation,32.918998718,0.041917861,0.007942271,0.104443029,-0.063215360,-0.095381930,0.111026987,-0.018321816,-0.104443029,-0.063215360,0.095381930,-0.111026987,-0.018321816
2,holdout,4.763000011,0.002372865,0.000000000,0.106579050,-0.068344459,-0.092255101,0.119221628,-0.020544101,-0.106579050,-0.068344459,0.092255101,-0.119221628,-0.020544101
3,train,11.784500122,0.007352546,0.000000000,0.106543161,-0.068205617,-0.092372350,0.119063087,-0.020551754,-0.106543161,-0.068205617,0.092372350,-0.119063087,-0.020551754
4,train,105.591499329,0.278922737,0.060606601,0.098340653,-0.052883744,-0.099861100,0.095691308,-0.018057121,-0.098340653,-0.052883744,0.099861100,-0.095691308,-0.018057121
5,validation,46.157001495,0.111992262,0.012338841,0.104895458,-0.064232446,-0.095093511,0.112558194,-0.019089332,-0.104895458,-0.064232446,0.095093511,-0.112558194,-0.019089332
6,train,3.425499916,0.004713591,0.000000000,0.106591985,-0.068244174,-0.092325523,0.119109094,-0.020567466,-0.106591985,-0.068244174,0.092325523,-0.119109094,-0.020567466
7,train,9.458999634,0.008845424,0.000172073,0.106411524,-0.067746855,-0.092416346,0.118013203,-0.020246062,-0.106411524,-0.067746855,0.092416346,-0.118013203,-0.020246062
8,train,18.884000778,0.037209202,0.001442371,0.106109478,-0.066935532,-0.093095027,0.117523268,-0.020302262,-0.106109478,-0.066935532,0.093095027,-0.117523268,-0.020302262
9,train,23.849000931,0.010525580,0.000222343,0.106319129,-0.067789987,-0.092463218,0.118206009,-0.020165786,-0.106319129,-0.067789987,0.092463218,-0.118206009,-0.020165786
10,train,96.127502441,0.238701612,0.057339007,0.101485014,-0.052207731,-0.098618247,0.095287167,-0.017075852,-0.101485014,-0.052207731,0.098618247,-0.095287167,-0.017075852
11,train,29.061000824,0.026669193,0.000200812,0.106161125,-0.066703610,-0.093090318,0.117309727,-0.020242782,-0.106161125,-0.066703610,0.093090318,-0.117309727,-0.020242782
12,train,0.541999996,0.001615352,0.000000000,0.106613398,-0.068487220,-0.092183754,0.119432762,-0.020624019,-0.106613398,-0.068487220,0.092183754,-0.119432762,-0.020624019
13,validation,40.335998535,0.084948190,0.015429622,0.105013497,-0.064183868,-0.094619483,0.113525584,-0.019559257,-0.105013497,-0.064183868,0.094619483,-0.113525584,-0.019559257
14,train,28.468000412,0.027091300,0.027223177,0.105422057,-0.065839127,-0.093474269,0.115056865,-0.019815020,-0.105422057,-0.065839127,0.093474269,-0.115056865,-0.019815020
15,validation,24.681499481,0.039679877,0.018102985,0.104154438,-0.064507589,-0.093713418,0.113356307,-0.019484857,-0.104154438,-0.064507589,0.093713418,-0.113356307,-0.019484857
16,train,84.011001587,0.191710263,0.027938635,0.102487810,-0.057809010,-0.097358547,0.105265372,-0.019797567,-0.102487810,-0.057809010,0.097358547,-0.105265372,-0.019797567
17,train,130.211502075,0.579605341,0.156007838,0.095745727,-0.037286520,-0.107232340,0.074837841,-0.017275672,-0.095745727,-0.037286520,0.107232340,-0.074837841,-0.017275672
18,holdout,33.577999115,0.063700490,0.046701996,0.102775127,-0.061588164,-0.095439635,0.109694466,-0.018790608,-0.102775127,-0.061588164,0.095439635,-0.109694466,-0.018790608
19,train,6.902500153,0.004590694,0.000000000,0.106542259,-0.068141498,-0.092303954,0.118860334,-0.020456012,-0.106542259,-0.068141498,0.092303954,-0.118860334,-0.020456012
20,train,23.850500107,0.015748195,0.000000000,0.106353238,-0.067777827,-0.092602752,0.118375242,-0.020395348,-0.106353238,-0.067777827,0.092602752,-0.118375242,-0.020395348
21,holdout,75.439498901,0.238852486,0.037831594,0.101637214,-0.056617178,-0.098271534,0.103502296,-0.019600386,-0.101637214,-0.056617178,0.098271534,-0.103502296,-0.019600386
22,train,31.757999420,0.070551485,0.007284554,0.104923017,-0.063327707,-0.094493285,0.112118311,-0.019264339,-0.104923017,-0.063327707,0.094493285,-0.112118311,-0.019264339
23,train,26.715499878,0.041718498,0.006220296,0.105353072,-0.065589234,-0.093555741,0.115496755,-0.020457953,-0.105353072,-0.065589234,0.093555741,-0.115496755,-0.020457953
24,train,3.046999931,0.002978818,0.000000000,0.106495231,-0.068226226,-0.092357680,0.118847698,-0.020467836,-0.106495231,-0.068226226,0.092357680,-0.118847698,-0.020467836
25,train,51.850498199,0.222310126,0.019380097,0.103602409,-0.061205737,-0.095883608,0.109181382,-0.021396153,-0.103602409,-0.061205737,0.095883608,-0.109181382,-0.021396153
26,holdout,182.844497681,1.018346906,0.235243723,0.090380087,-0.025960971,-0.112678990,0.062921800,-0.018296858,-0.090380087,-0.025960971,0.112678990,-0.062921800,-0.018296858
27,train,12.526000023,0.014421711,0.000234525,0.106283590,-0.067959018,-0.092334457,0.118456043,-0.020389462,-0.106283590,-0.067959018,0.092334457,-0.118456043,-0.020389462
28,train,28.721500397,0.042684000,0.003310963,0.103818461,-0.063159555,-0.095045269,0.111937694,-0.019158762,-0.103818461,-0.063159555,0.095045269,-0.111937694,-0.019158762
29,train,38.730998993,0.144991919,0.012466522,0.104429282,-0.061357155,-0.095699675,0.109595686,-0.019377606,-0.104429282,-0.061357155,0.095699675,-0.109595686,-0.019377606
30,train,16.900999069,0.018054266,0.000281005,0.106355600,-0.067468502,-0.092735469,0.117993891,-0.020476524,-0.106355600,-0.067468502,0.092735469,-0.117993891,-0.020476524
31,train,0.994000018,0.005820749,0.000389326,0.106418408,-0.068121657,-0.092442058,0.118925348,-0.020512275,-0.106418408,-0.068121657,0.092442058,-0.118925348,-0.020512275
32,holdout,0.466500014,0.001568221,0.000000000,0.106616654,-0.068488576,-0.092184655,0.119437687,-0.020622686,-0.106616654,-0.068488576,0.092184655,-0.119437687,-0.020622686
33,train,77.133003235,0.263938010,0.037247849,0.098431312,-0.052308459,-0.099286214,0.096833378,-0.018828468,-0.098431312,-0.052308459,0.099286214,-0.096833378,-0.018828468
34,train,6.522500038,0.012729327,0.000224275,0.106353581,-0.067497857,-0.092637815,0.118158907,-0.020551674,-0.106353581,-0.067497857,0.092637815,-0.118158907,-0.020551674
35,holdout,6.993500233,0.010242662,0.007292932,0.106130555,-0.067649700,-0.092430517,0.117977351,-0.020066565,-0.106130555,-0.067649700,0.092430517,-0.117977351,-0.020066565
36,validation,3.927500010,0.004480217,0.000234525,0.106550373,-0.068282135,-0.092303455,0.119122058,-0.020568859,-0.106550373,-0.068282135,0.092303455,-0.119122058,-0.020568859
37,validation,68.168998718,0.218132526,0.018234120,0.098967336,-0.048608724,-0.102426462,0.093502440,-0.016241040,-0.098967336,-0.048608724,0.102426462,-0.093502440,-0.016241040
38,holdout,29.464000702,0.039723679,0.003245285,0.106098428,-0.066222697,-0.093233161,0.116151623,-0.020037407,-0.106098428,-0.066222697,0.093233161,-0.116151623,-0.020037407
39,train,51.852001190,0.119163759,0.018354947,0.103284746,-0.060509484,-0.095802546,0.107240885,-0.019617174,-0.103284746,-0.060509484,0.095802546,-0.107240885,-0.019617174
40,train,2.798000097,0.000047718,0.000000000,0.106585823,-0.068402514,-0.092220493,0.119172275,-0.020538565,-0.106585823,-0.068402514,0.092220493,-0.119172275,-0.020538565
41,train,3.003499985,0.003643212,0.000152834,0.106480844,-0.068166688,-0.092276007,0.119041130,-0.020491166,-0.106480844,-0.068166688,0.092276007,-0.119041130,-0.020491166
42,train,7.834499836,0.010039734,0.000000000,0.106515184,-0.068176843,-0.092416212,0.119055994,-0.020583889,-0.106515184,-0.068176843,0.092416212,-0.119055994,-0.020583889
43,train,122.240997314,0.422288239,0.122283345,0.096320122,-0.041132934,-0.104704566,0.078868099,-0.017544823,-0.096320122,-0.041132934,0.104704566,-0.078868099,-0.017544823
44,holdout,82.831001282,0.243664205,0.055165733,0.101649895,-0.052796397,-0.098946549,0.097585693,-0.017252076,-0.101649895,-0.052796397,0.098946549,-0.097585693,-0.017252076
45,train,48.770999908,0.086588375,0.010688199,0.104632810,-0.063751526,-0.094526581,0.111857653,-0.019271668,-0.104632810,-0.063751526,0.094526581,-0.111857653,-0.019271668
46,train,5.533500195,0.010624760,0.001016132,0.106463164,-0.068008125,-0.092333294,0.118848927,-0.020596756,-0.106463164,-0.068008125,0.092333294,-0.118848927,-0.020596756
47,train,15.936499596,0.017617876,0.001389337,0.106308825,-0.066953033,-0.092739619,0.117107362,-0.020086102,-0.106308825,-0.066953033,0.092739619,-0.117107362,-0.020086102
48,train,41.332500458,0.069734514,0.006515970,0.105399884,-0.064259790,-0.094779655,0.113399938,-0.019048626,-0.105399884,-0.064259790,0.094779655,-0.113399938,-0.019048626
49,train,5.032499790,0.005787761,0.000000000,0.106546178,-0.068276212,-0.092284150,0.119088449,-0.020542271,-0.106546178,-0.068276212,0.092284150,-0.119088449,-0.020542271
50,train,22.655500412,0.009099530,0.018578989,0.106326520,-0.067562483,-0.092598677,0.118039377,-0.020552982,-0.106326520,-0.067562483,0.092598677,-0.118039377,-0.020552982
51,train,29.513500214,0.029448858,0.001412614,0.105202980,-0.065510280,-0.093198173,0.113542914,-0.018797925,-0.105202980,-0.065510280,0.093198173,-0.113542914,-0.018797925
52,train,29.288000107,0.019943798,0.000000000,0.106150530,-0.066920750,-0.093004361,0.117364876,-0.020340176,-0.106150530,-0.066920750,0.093004361,-0.117364876,-0.020340176
53,train,128.960494995,0.457346350,0.140100692,0.096293189,-0.040262010,-0.105983071,0.077203505,-0.017744059,-0.096293189,-0.040262010,0.105983071,-0.077203505,-0.017744059
54,train,34.599498749,0.047301579,0.006247144,0.105225444,-0.065318666,-0.093866065,0.114493325,-0.019480500,-0.105225444,-0.065318666,0.093866065,-0.114493325,-0.019480500
55,validation,7.466499805,0.005153880,0.000000000,0.106550783,-0.068169586,-0.092343844,0.119031928,-0.020550070,-0.106550783,-0.068169586,0.092343844,-0.119031928,-0.020550070
56,train,35.090499878,0.132357463,0.017938288,0.102960251,-0.056104809,-0.098644219,0.101491109,-0.017642058,-0.102960251,-0.056104809,0.098644219,-0.101491109,-0.017642058
57,train,96.485496521,0.419226170,0.064078679,0.099074043,-0.052604869,-0.098873653,0.097100161,-0.018709550,-0.099074043,-0.052604869,0.098873653,-0.097100161,-0.018709550
58,train,3.921499968,0.002357849,0.000000000,0.106588386,-0.068289414,-0.092308857,0.119197853,-0.020578496,-0.106588386,-0.068289414,0.092308857,-0.119197853,-0.020578496
59,train,86.159500122,0.150289044,0.033715088,0.101959854,-0.057563629,-0.096988313,0.102615677,-0.019376487,-0.101959854,-0.057563629,0.096988313,-0.102615677,-0.019376487
60,train,23.111000061,0.008298090,0.000428663,0.105968229,-0.066967383,-0.092447393,0.116451345,-0.019257285,-0.105968229,-0.066967383,0.092447393,-0.116451345,-0.019257285
61,holdout,22.264499664,0.018263998,0.000000000,0.106219977,-0.066806227,-0.093025140,0.117511801,-0.020202503,-0.106219977,-0.066806227,0.093025140,-0.117511801,-0.020202503
62,holdout,1.817000031,0.002405793,0.000000000,0.106563561,-0.068362474,-0.092278779,0.119230673,-0.020587029,-0.106563561,-0.068362474,0.092278779,-0.119230673,-0.020587029
63,train,84.272499084,0.153053328,0.019687186,0.102087893,-0.059482414,-0.095887914,0.107228547,-0.017839568,-0.102087893,-0.059482414,0.095887914,-0.107228547,-0.017839568
64,train,2.818000078,0.003301668,0.000000000,0.106575787,-0.068247624,-0.092265695,0.119163230,-0.020565495,-0.106575787,-0.068247624,0.092265695,-0.119163230,-0.020565495
65,train,8.562500000,0.003955523,0.000013112,0.106522851,-0.068101853,-0.092336588,0.118951097,-0.020563059,-0.106522851,-0.068101853,0.092336588,-0.118951097,-0.020563059
66,train,62.559501648,0.238337681,0.030560858,0.102091096,-0.057459768,-0.097533368,0.104549751,-0.019727498,-0.102091096,-0.057459768,0.097533368,-0.104549751,-0.019727498
67,train,2.687500000,0.003672568,0.000000000,0.106520876,-0.068315856,-0.092287704,0.119139962,-0.020574009,-0.106520876,-0.068315856,0.092287704,-0.119139962,-0.020574009
68,train,76.458503723,0.129714221,0.044052971,0.101417005,-0.056697242,-0.097745754,0.102580532,-0.017568577,-0.101417005,-0.056697242,0.097745754,-0.102580532,-0.017568577
69,validation,86.246498108,0.203568354,0.055925979,0.101530410,-0.055703875,-0.098243944,0.101512268,-0.019788262,-0.101530410,-0.055703875,0.098243944,-0.101512268,-0.019788262
70,train,3.460000038,0.004470184,0.000000000,0.106598154,-0.068259001,-0.092299804,0.119161241,-0.020587539,-0.106598154,-0.068259001,0.092299804,-0.119161241,-0.020587539
71,train,5.387499809,0.008455656,0.000006155,0.106537461,-0.068024397,-0.092447437,0.118793011,-0.020563751,-0.106537461,-0.068024397,0.092447437,-0.118793011,-0.020563751
72,train,103.807502747,0.440852970,0.154624778,0.096799448,-0.040884871,-0.102663048,0.078166671,-0.017203063,-0.096799448,-0.040884871,0.102663048,-0.078166671,-0.017203063
73,train,67.050498962,0.143299669,0.025212389,0.103916794,-0.060580030,-0.096461162,0.108309984,-0.019933047,-0.103916794,-0.060580030,0.096461162,-0.108309984,-0.019933047
74,train,13.285499573,0.028690198,0.001043552,0.106238618,-0.067061201,-0.092791282,0.117722355,-0.020463018,-0.106238618,-0.067061201,0.092791282,-0.117722355,-0.020463018
75,train,34.506999969,0.030705219,0.004649090,0.105781138,-0.064861394,-0.093804546,0.114921644,-0.019793788,-0.105781138,-0.064861394,0.093804546,-0.114921644,-0.019793788
76,train,91.000503540,0.176958665,0.036358083,0.102935471,-0.058691744,-0.096934780,0.105059087,-0.019712554,-0.102935471,-0.058691744,0.096934780,-0.105059087,-0.019712554
77,holdout,125.512496948,0.699832082,0.184251668,0.093590468,-0.032974776,-0.107353456,0.068788454,-0.016337717,-0.093590468,-0.032974776,0.107353456,-0.068788454,-0.016337717
78,holdout,27.232000351,0.024285791,0.000613431,0.106292874,-0.067170046,-0.093002580,0.117568105,-0.020181669,-0.106292874,-0.067170046,0.093002580,-0.117568105,-0.020181669
79,train,25.895500183,0.005536763,0.003052053,0.106359541,-0.067707226,-0.092376098,0.118218154,-0.020382762,-0.106359541,-0.067707226,0.092376098,-0.118218154,-0.020382762
80,train,92.997497559,0.228799254,0.063322487,0.099899493,-0.048255704,-0.099654868,0.089254357,-0.014632169,-0.099899493,-0.048255704,0.099654868,-0.089254357,-0.014632169
81,train,16.293500900,0.016727479,0.000459245,0.106285639,-0.067341581,-0.092887461,0.117899269,-0.020441461,-0.106285639,-0.067341581,0.092887461,-0.117899269,-0.020441461
82,holdout,119.416999817,0.313221186,0.178900149,0.098259211,-0.048334990,-0.101953231,0.093109265,-0.018917752,-0.098259211,-0.048334990,0.101953231,-0.093109265,-0.018917752
83,train,11.048000336,0.009450886,0.000000000,0.106464460,-0.068101376,-0.092328422,0.118859410,-0.020496143,-0.106464460,-0.068101376,0.092328422,-0.118859410,-0.020496143
84,validation,129.563003540,0.569069028,0.120887276,0.097799219,-0.047480453,-0.103405118,0.091420352,-0.019612955,-0.097799219,-0.047480453,0.103405118,-0.091420352,-0.019612955
85,train,25.954999924,0.033285733,0.000912945,0.105547033,-0.066825047,-0.093112595,0.115647517,-0.019355351,-0.105547033,-0.066825047,0.093112595,-0.115647517,-0.019355351
86,validation,32.918498993,0.031593308,0.018388043,0.105828777,-0.065873481,-0.093630187,0.116136923,-0.020036487,-0.105828777,-0.065873481,0.093630187,-0.116136923,-0.020036487
87,train,6.565499783,0.008054860,0.000264590,0.106415384,-0.067895800,-0.092444040,0.118577242,-0.020526860,-0.106415384,-0.067895800,0.092444040,-0.118577242,-0.020526860
88,train,2.335500002,0.006123926,0.000000000,0.106524959,-0.068225071,-0.092313215,0.119102769,-0.020580985,-0.106524959,-0.068225071,0.092313215,-0.119102769,-0.020580985
89,train,50.666500092,0.102365345,0.006512561,0.104758002,-0.064335249,-0.094082646,0.112627424,-0.019035315,-0.104758002,-0.064335249,0.094082646,-0.112627424,-0.019035315
90,train,7.910500050,0.009761002,0.000000000,0.106505983,-0.068161599,-0.092391156,0.119043902,-0.020594483,-0.106505983,-0.068161599,0.092391156,-0.119043902,-0.020594483
91,train,45.703998566,0.130948961,0.010911709,0.105059423,-0.063561141,-0.094942510,0.113325596,-0.019747851,-0.105059423,-0.063561141,0.094942510,-0.113325596,-0.019747851
92,validation,20.004999161,0.018487293,0.001130608,0.106206901,-0.067114718,-0.092724584,0.117892347,-0.020360680,-0.106206901,-0.067114718,0.092724584,-0.117892347,-0.020360680
93,validation,9.039500237,0.011891371,0.000234525,0.106356785,-0.067536220,-0.092529878,0.118020110,-0.020329122,-0.106356785,-0.067536220,0.092529878,-0.118020110,-0.020329122
94,train,94.655998230,0.157477424,0.013065810,0.101057500,-0.057244889,-0.097124532,0.104336068,-0.019544313,-0.101057500,-0.057244889,0.097124532,-0.104336068,-0.019544313
95,holdout,9.154000282,0.002407121,0.000000000,0.106626473,-0.068406433,-0.092253394,0.119243383,-0.020575901,-0.106626473,-0.068406433,0.092253394,-0.119243383,-0.020575901
96,train,3.476000071,0.009559089,0.000728340,0.106514737,-0.068039931,-0.092407994,0.118804619,-0.020513730,-0.106514737,-0.068039931,0.092407994,-0.118804619,-0.020513730
97,train,54.091499329,0.047858123,0.013387561,0.105051599,-0.064130403,-0.094197981,0.113181174,-0.019357929,-0.105051599,-0.064130403,0.094197981,-0.113181174,-0.019357929
98,train,29.348499298,0.008859454,0.000732934,0.106198892,-0.067373700,-0.092617035,0.117912136,-0.020370552,-0.106198892,-0.067373700,0.092617035,-0.117912136,-0.020370552
99,train,62.944999695,0.162958726,0.006018990,0.103409141,-0.061663929,-0.095421448,0.108961977,-0.020359509,-0.103409141,-0.061663929,0.095421448,-0.108961977,-0.020359509
100,train,19.022499084,0.042991832,0.001813347,0.106082641,-0.066939801,-0.093107879,0.117528066,-0.020269096,-0.106082641,-0.066939801,0.093107879,-0.117528066,-0.020269096
101,train,23.365999222,0.013469595,0.003694439,0.105882801,-0.066951841,-0.092965469,0.117427066,-0.020192875,-0.105882801,-0.066951841,0.092965469,-0.117427066,-0.020192875
102,validation,0.749000013,0.007133330,0.000687210,0.106398672,-0.068080954,-0.092395484,0.118778050,-0.020456234,-0.106398672,-0.068080954,0.092395484,-0.118778050,-0.020456234
103,train,8.541000366,0.012680234,0.001768432,0.106214732,-0.067638002,-0.092504829,0.118263848,-0.020453405,-0.106214732,-0.067638002,0.092504829,-0.118263848,-0.020453405
104,train,27.829500198,0.051365212,0.001784948,0.106165156,-0.066743769,-0.093349732,0.117128931,-0.020151613,-0.106165156,-0.066743769,0.093349732,-0.117128931,-0.020151613
105,train,20.479499817,0.052188579,0.003305793,0.104774468,-0.066305906,-0.093491532,0.113488086,-0.018529560,-0.104774468,-0.066305906,0.093491532,-0.113488086,-0.018529560
106,train,4.501999855,0.008530336,0.000705147,0.106560312,-0.068153627,-0.092347935,0.119042553,-0.020568017,-0.106560312,-0.068153627,0.092347935,-0.119042553,-0.020568017
107,train,55.278999329,0.168129191,0.021513500,0.104367815,-0.061965063,-0.095820963,0.109514594,-0.019179422,-0.104367815,-0.061965063,0.095820963,-0.109514594,-0.019179422
108,train,43.372001648,0.090406634,0.017053021,0.104277581,-0.062530853,-0.095413506,0.111019395,-0.018031174,-0.104277581,-0.062530853,0.095413506,-0.111019395,-0.018031174
109,validation,24.520500183,0.024008295,0.001190596,0.105893523,-0.066666983,-0.093066379,0.116510384,-0.019916929,-0.105893523,-0.066666983,0.093066379,-0.116510384,-0.019916929
110,train,16.318500519,0.018029004,0.000568818,0.106106788,-0.067293555,-0.092622839,0.117364839,-0.020168228,-0.106106788,-0.067293555,0.092622839,-0.117364839,-0.020168228
111,train,1.536999941,0.003449821,0.000000000,0.106603310,-0.068408966,-0.092242345,0.119335666,-0.020593558,-0.106603310,-0.068408966,0.092242345,-0.119335666,-0.020593558
112,train,42.986999512,0.049952723,0.005340184,0.105484605,-0.066049285,-0.093888007,0.115045726,-0.019426174,-0.105484605,-0.066049285,0.093888007,-0.115045726,-0.019426174
113,holdout,4.844500065,0.009237116,0.000493531,0.106482528,-0.068088390,-0.092335559,0.118961684,-0.020572981,-0.106482528,-0.068088390,0.092335559,-0.118961684,-0.020572981
114,train,39.427501678,0.132525802,0.008485238,0.104079768,-0.060915031,-0.096186601,0.110557050,-0.019308623,-0.104079768,-0.060915031,0.096186601,-0.110557050,-0.019308623
115,train,52.719501495,0.034608170,0.007855208,0.105540484,-0.065047391,-0.093709789,0.114376768,-0.019533908,-0.105540484,-0.065047391,0.093709789,-0.114376768,-0.019533908
116,train,95.847999573,0.162328839,0.012580365,0.100887179,-0.056941368,-0.096846744,0.104706287,-0.019434419,-0.100887179,-0.056941368,0.096846744,-0.104706287,-0.019434419
117,validation,27.394500732,0.017808236,0.000138772,0.106184609,-0.066762306,-0.092844673,0.116612032,-0.020235980,-0.106184609,-0.066762306,0.092844673,-0.116612032,-0.020235980
118,train,158.639007568,0.745771825,0.160252814,0.096663401,-0.040956981,-0.105458930,0.074342988,-0.016045909,-0.096663401,-0.040956981,0.105458930,-0.074342988,-0.016045909
119,holdout,12.222499847,0.015023338,0.001565913,0.105291329,-0.066389553,-0.093067080,0.116346471,-0.019824985,-0.105291329,-0.066389553,0.093067080,-0.116346471,-0.019824985
120,holdout,4.748499870,0.001880568,0.000000000,0.106606275,-0.068304636,-0.092267424,0.119188920,-0.020580903,-0.106606275,-0.068304636,0.092267424,-0.119188920,-0.020580903
121,train,11.441499710,0.020367064,0.000178207,0.106202386,-0.067098498,-0.092827067,0.117186889,-0.020027952,-0.106202386,-0.067098498,0.092827067,-0.117186889,-0.020027952
122,train,49.608001709,0.059500255,0.014247344,0.104800999,-0.063551940,-0.094574600,0.112119228,-0.020070447,-0.104800999,-0.063551940,0.094574600,-0.112119228,-0.020070447
123,train,0.577499986,0.001615496,0.000000000,0.106614783,-0.068485625,-0.092184097,0.119431660,-0.020624332,-0.106614783,-0.068485625,0.092184097,-0.119431660,-0.020624332
124,train,3.877000093,0.002232197,0.000000000,0.106593303,-0.068315998,-0.092273124,0.119213946,-0.020569803,-0.106593303,-0.068315998,0.092273124,-0.119213946,-0.020569803
125,holdout,73.871002197,0.226415470,0.036356384,0.096807294,-0.046423670,-0.101592280,0.093456663,-0.015170285,-0.096807294,-0.046423670,0.101592280,-0.093456663,-0.015170285
126,holdout,9.102499962,0.011334208,0.000532305,0.106325492,-0.067713276,-0.092511199,0.118163683,-0.020361321,-0.106325492,-0.067713276,0.092511199,-0.118163683,-0.020361321
127,train,3.954999924,0.002308546,0.000000000,0.106604509,-0.068340823,-0.092258103,0.119219445,-0.020577494,-0.106604509,-0.068340823,0.092258103,-0.119219445,-0.020577494
128,validation,109.144500732,0.384967953,0.072158910,0.099822849,-0.051870331,-0.099504799,0.097355001,-0.019784112,-0.099822849,-0.051870331,0.099504799,-0.097355001,-0.019784112
129,train,18.053499222,0.022353094,0.000866822,0.105674744,-0.066506624,-0.093254134,0.116138987,-0.020008666,-0.105674744,-0.066506624,0.093254134,-0.116138987,-0.020008666
130,train,69.467498779,0.138291255,0.026149925,0.103935026,-0.061186664,-0.095662788,0.108326592,-0.020450437,-0.103935026,-0.061186664,0.095662788,-0.108326592,-0.020450437
131,holdout,20.791999817,0.250695616,0.002526915,0.105919220,-0.065994963,-0.093640700,0.117004380,-0.020044137,-0.105919220,-0.065994963,0.093640700,-0.117004380,-0.020044137
132,train,27.899000168,0.022890724,0.002057809,0.105935097,-0.066435978,-0.093300410,0.116017282,-0.020212172,-0.105935097,-0.066435978,0.093300410,-0.116017282,-0.020212172
133,validation,26.064500809,0.033222452,0.024247836,0.104935393,-0.065274820,-0.093501851,0.114701666,-0.019876687,-0.104935393,-0.065274820,0.093501851,-0.114701666,-0.019876687
134,train,149.631500244,0.789519250,0.235158883,0.089541100,-0.030977156,-0.112494081,0.070316136,-0.016927734,-0.089541100,-0.030977156,0.112494081,-0.070316136,-0.016927734
135,train,9.130999565,0.003555486,0.001414675,0.106428199,-0.067759082,-0.092367560,0.118043602,-0.020168928,-0.106428199,-0.067759082,0.092367560,-0.118043602,-0.020168928
136,validation,7.826499939,0.007817648,0.000000000,0.106486253,-0.068032250,-0.092379697,0.118814930,-0.020516181,-0.106486253,-0.068032250,0.092379697,-0.118814930,-0.020516181
137,train,24.877500534,0.006292592,0.000000000,0.106413819,-0.067926556,-0.092534475,0.118523575,-0.020398252,-0.106413819,-0.067926556,0.092534475,-0.118523575,-0.020398252
138,train,45.957000732,0.125105605,0.007855581,0.105267271,-0.063715979,-0.094793595,0.113618046,-0.019838622,-0.105267271,-0.063715979,0.094793595,-0.113618046,-0.019838622
139,train,21.148500443,0.013803198,0.000469763,0.106155597,-0.067117296,-0.092848271,0.117512919,-0.020361543,-0.106155597,-0.067117296,0.092848271,-0.117512919,-0.020361543
140,train,24.993499756,0.009586184,0.001966594,0.106223032,-0.067176066,-0.092710726,0.117173932,-0.020263297,-0.106223032,-0.067176066,0.092710726,-0.117173932,-0.020263297
141,holdout,19.325500488,0.015165960,0.000233240,0.106170833,-0.067025766,-0.092915453,0.117342763,-0.020188397,-0.106170833,-0.067025766,0.092915453,-0.117342763,-0.020188397
142,train,12.168499947,0.012734124,0.003597613,0.106243514,-0.067132086,-0.092794351,0.117372058,-0.020308185,-0.106243514,-0.067132086,0.092794351,-0.117372058,-0.020308185
143,holdout,126.177001953,0.588814497,0.188131414,0.094343051,-0.043538589,-0.103997186,0.085436121,-0.017509500,-0.094343051,-0.043538589,0.103997186,-0.085436121,-0.017509500
144,train,0.365999997,0.001616112,0.000000000,0.106612839,-0.068487443,-0.092183262,0.119439386,-0.020621350,-0.106612839,-0.068487443,0.092183262,-0.119439386,-0.020621350
145,train,4.352499962,0.006235356,0.000709179,0.106559217,-0.068183683,-0.092334293,0.119041756,-0.020548912,-0.106559217,-0.068183683,0.092334293,-0.119041756,-0.020548912
146,train,54.423999786,0.253196150,0.032915852,0.099602312,-0.053356715,-0.099199019,0.098290674,-0.017815072,-0.099602312,-0.053356715,0.099199019,-0.098290674,-0.017815072
147,train,89.272499084,0.253137469,0.070675864,0.097837411,-0.047144383,-0.101648942,0.088591799,-0.015831335,-0.097837411,-0.047144383,0.101648942,-0.088591799,-0.015831335
148,train,51.294998169,0.270151138,0.025036122,0.103169687,-0.058708627,-0.097511955,0.106712066,-0.018935451,-0.103169687,-0.058708627,0.097511955,-0.106712066,-0.018935451
149,train,19.666500092,0.004953289,0.001898768,0.106493041,-0.067948133,-0.092289105,0.118310101,-0.020224756,-0.106493041,-0.067948133,0.092289105,-0.118310101,-0.020224756
150,holdout,56.362998962,0.136946172,0.015554384,0.104469553,-0.062285691,-0.095420234,0.111080065,-0.020062828,-0.104469553,-0.062285691,0.095420234,-0.111080065,-0.020062828
151,validation,73.275001526,0.308916271,0.024010113,0.104256168,-0.059756532,-0.096486390,0.106815472,-0.018396663,-0.104256168,-0.059756532,0.096486390,-0.106815472,-0.018396663
152,holdout,59.747501373,0.096411295,0.027502090,0.104082979,-0.062680244,-0.095621504,0.110484965,-0.017981872,-0.104082979,-0.062680244,0.095621504,-0.110484965,-0.017981872
153,holdout,37.400501251,0.031090155,0.004961269,0.105894573,-0.065586008,-0.093502268,0.115734041,-0.020107932,-0.105894573,-0.065586008,0.093502268,-0.115734041,-0.020107932
154,train,7.472499847,0.019198082,0.000234525,0.106182665,-0.067200921,-0.092771351,0.117870115,-0.020560544,-0.106182665,-0.067200921,0.092771351,-0.117870115,-0.020560544
155,train,85.238998413,0.137320161,0.022802086,0.103517026,-0.059961870,-0.095850967,0.107622236,-0.018886250,-0.103517026,-0.059961870,0.095850967,-0.107622236,-0.018886250
156,train,46.821498871,0.256192386,0.017329572,0.103772379,-0.061270483,-0.096269466,0.109176464,-0.021130040,-0.103772379,-0.061270483,0.096269466,-0.109176464,-0.021130040
157,train,98.761497498,0.121575721,0.033337441,0.103251986,-0.059927445,-0.096914850,0.107537188,-0.019399485,-0.103251986,-0.059927445,0.096914850,-0.107537188,-0.019399485
158,train,50.206001282,0.293840051,0.042067697,0.097084761,-0.045264725,-0.102716625,0.093217820,-0.016495991,-0.097084761,-0.045264725,0.102716625,-0.093217820,-0.016495991
159,train,77.628501892,0.241567791,0.034248139,0.101565368,-0.056626715,-0.098363347,0.104794092,-0.018930299,-0.101565368,-0.056626715,0.098363347,-0.104794092,-0.018930299
160,train,7.939000130,0.009389695,0.000000000,0.106375933,-0.067532532,-0.092595309,0.118154675,-0.020431047,-0.106375933,-0.067532532,0.092595309,-0.118154675,-0.020431047
161,train,6.199500084,0.019134583,0.007578522,0.106434882,-0.067559980,-0.092694104,0.118016236,-0.020180749,-0.106434882,-0.067559980,0.092694104,-0.118016236,-0.020180749
162,train,3.604000092,0.007170533,0.000000000,0.106496774,-0.068229184,-0.092329703,0.119077757,-0.020570377,-0.106496774,-0.068229184,0.092329703,-0.119077757,-0.020570377
163,validation,26.217500687,0.026794877,0.001093668,0.105151355,-0.066235617,-0.093243919,0.115165956,-0.019625185,-0.105151355,-0.066235617,0.093243919,-0.115165956,-0.019625185
164,validation,4.255499840,0.009320159,0.000250628,0.106298007,-0.067700371,-0.092532225,0.118291967,-0.020534920,-0.106298007,-0.067700371,0.092532225,-0.118291967,-0.020534920
165,validation,131.878494263,0.603073657,0.136831223,0.098823622,-0.047362983,-0.102622069,0.089944340,-0.019729203,-0.098823622,-0.047362983,0.102622069,-0.089944340,-0.019729203
166,holdout,4.570000172,0.002008645,0.000000000,0.106564522,-0.068328448,-0.092233188,0.119163029,-0.020550756,-0.106564522,-0.068328448,0.092233188,-0.119163029,-0.020550756
167,train,7.999499798,0.012610531,0.000454549,0.106298551,-0.067413315,-0.092655756,0.118004769,-0.020463215,-0.106298551,-0.067413315,0.092655756,-0.118004769,-0.020463215
168,validation,20.426000595,0.045705166,0.007605764,0.104685970,-0.065134764,-0.093846254,0.112528965,-0.018530564,-0.104685970,-0.065134764,0.093846254,-0.112528965,-0.018530564
169,train,3.763999939,0.003091644,0.000000000,0.106556565,-0.068261288,-0.092290699,0.119133629,-0.020536799,-0.106556565,-0.068261288,0.092290699,-0.119133629,-0.020536799
170,train,12.809000015,0.020318788,0.001588838,0.105972886,-0.066725455,-0.092904717,0.117293760,-0.020303853,-0.105972886,-0.066725455,0.092904717,-0.117293760,-0.020303853
171,train,128.888504028,0.575716555,0.157457604,0.094810374,-0.041498955,-0.104430586,0.081088245,-0.014867528,-0.094810374,-0.041498955,0.104430586,-0.081088245,-0.014867528
172,validation,26.319499969,0.028449599,0.001108486,0.106178068,-0.066382818,-0.093308344,0.116864897,-0.020305641,-0.106178068,-0.066382818,0.093308344,-0.116864897,-0.020305641
173,train,1.488000035,0.004551659,0.000000000,0.106588431,-0.068267658,-0.092301548,0.119172513,-0.020551924,-0.106588431,-0.068267658,0.092301548,-0.119172513,-0.020551924
174,train,5.594500065,0.010566026,0.000345287,0.106376648,-0.067588583,-0.092611313,0.118413933,-0.020596521,-0.106376648,-0.067588583,0.092611313,-0.118413933,-0.020596521
175,train,11.583000183,0.021851895,0.000211379,0.106074192,-0.067093536,-0.092964940,0.117551789,-0.020353056,-0.106074192,-0.067093536,0.092964940,-0.117551789,-0.020353056
176,train,3.967000008,0.008304350,0.000000000,0.106495805,-0.068172202,-0.092339523,0.119014278,-0.020581312,-0.106495805,-0.068172202,0.092339523,-0.119014278,-0.020581312
177,train,4.719999790,0.005968969,0.000171377,0.106588654,-0.068259962,-0.092300743,0.119154364,-0.020588128,-0.106588654,-0.068259962,0.092300743,-0.119154364,-0.020588128
178,train,15.532500267,0.006336379,0.000000000,0.106445476,-0.067985542,-0.092542276,0.118727714,-0.020495474,-0.106445476,-0.067985542,0.092542276,-0.118727714,-0.020495474
179,train,5.870999813,0.006467975,0.000430351,0.106537715,-0.068219431,-0.092325665,0.119126849,-0.020592738,-0.106537715,-0.068219431,0.092325665,-0.119126849,-0.020592738
180,train,55.734500885,0.081249490,0.014317669,0.104404934,-0.063074991,-0.094879866,0.111586452,-0.019368343,-0.104404934,-0.063074991,0.094879866,-0.111586452,-0.019368343
181,validation,35.610000610,0.093647122,0.007237662,0.104461126,-0.061219066,-0.095378265,0.107677519,-0.017763309,-0.104461126,-0.061219066,0.095378265,-0.107677519,-0.017763309
182,validation,19.343999863,0.030006761,0.018873078,0.105431497,-0.065875553,-0.093420893,0.115812585,-0.020052103,-0.105431497,-0.065875553,0.093420893,-0.115812585,-0.020052103
183,train,4.965499878,0.009779035,0.000213527,0.106494240,-0.068131581,-0.092342585,0.118975498,-0.020580903,-0.106494240,-0.068131581,0.092342585,-0.118975498,-0.020580903
184,train,34.957500458,0.040024884,0.002588986,0.103653647,-0.063861735,-0.094276652,0.112826556,-0.018969733,-0.103653647,-0.063861735,0.094276652,-0.112826556,-0.018969733
185,validation,5.614999771,0.009915541,0.000000000,0.106368028,-0.067961574,-0.092461824,0.118803628,-0.020599050,-0.106368028,-0.067961574,0.092461824,-0.118803628,-0.020599050
186,train,8.086000443,0.020721128,0.000234525,0.106152207,-0.067147627,-0.092875399,0.117765322,-0.020592855,-0.106152207,-0.067147627,0.092875399,-0.117765322,-0.020592855
187,train,23.842500687,0.014207445,0.017154811,0.106093168,-0.067084104,-0.092734985,0.117143042,-0.020065550,-0.106093168,-0.067084104,0.092734985,-0.117143042,-0.020065550
188,validation,10.450499535,0.009701858,0.002053929,0.106114998,-0.066826895,-0.092983879,0.116994731,-0.020049985,-0.106114998,-0.066826895,0.092983879,-0.116994731,-0.020049985
189,train,1.075999975,0.000282744,0.000000000,0.106641643,-0.068397477,-0.092286937,0.119194031,-0.020582611,-0.106641643,-0.068397477,0.092286937,-0.119194031,-0.020582611
190,train,6.098499775,0.018338496,0.000478601,0.106265344,-0.067229629,-0.092740305,0.117972128,-0.020585017,-0.106265344,-0.067229629,0.092740305,-0.117972128,-0.020585017
191,holdout,51.832000732,0.105608165,0.008063787,0.105016239,-0.064414382,-0.094522625,0.112953022,-0.019401368,-0.105016239,-0.064414382,0.094522625,-0.112953022,-0.019401368
192,train,94.055000305,0.275511473,0.065608274,0.100368880,-0.050601225,-0.099034227,0.091782182,-0.016412595,-0.100368880,-0.050601225,0.099034227,-0.091782182,-0.016412595
193,train,14.730999947,0.000071483,0.000000000,0.106576778,-0.068422236,-0.092197828,0.119340785,-0.020567743,-0.106576778,-0.068422236,0.092197828,-0.119340785,-0.020567743
194,train,5.164999962,0.007642416,0.000010145,0.106495313,-0.067991532,-0.092401907,0.118757062,-0.020565454,-0.106495313,-0.067991532,0.092401907,-0.118757062,-0.020565454
195,train,25.290000916,0.033258438,0.001156726,0.106361449,-0.066662952,-0.093172453,0.117357157,-0.020387156,-0.106361449,-0.066662952,0.093172453,-0.117357157,-0.020387156
196,train,30.784999847,0.102741256,0.003494651,0.101799525,-0.059178948,-0.096572183,0.107169881,-0.017774187,-0.101799525,-0.059178948,0.096572183,-0.107169881,-0.017774187
197,holdout,25.903499603,0.030809417,0.003013046,0.104993552,-0.065813027,-0.093643583,0.114143081,-0.019857176,-0.104993552,-0.065813027,0.093643583,-0.114143081,-0.019857176
198,holdout,111.362503052,0.281898618,0.095575569,0.097005971,-0.046952587,-0.102539048,0.089042671,-0.016967988,-0.097005971,-0.046952587,0.102539048,-0.089042671,-0.016967988
199,train,33.576000214,0.031451490,0.002399672,0.105826743,-0.066341378,-0.093237214,0.116304964,-0.019880023,-0.105826743,-0.066341378,0.093237214,-0.116304964,-0.019880023
200,train,27.033000946,0.041274719,0.006140165,0.104026362,-0.062205318,-0.094734222,0.108122990,-0.017754244,-0.104026362,-0.062205318,0.094734222,-0.108122990,-0.017754244
201,holdout,126.938003540,0.490178049,0.123456485,0.094928160,-0.040049072,-0.105418451,0.075419419,-0.015517091,-0.094928160,-0.040049072,0.105418451,-0.075419419,-0.015517091
202,holdout,19.519500732,0.027267249,0.000050745,0.105849259,-0.067077577,-0.092971891,0.117615409,-0.020298485,-0.105849259,-0.067077577,0.092971891,-0.117615409,-0.020298485
203,train,4.143000126,0.005643840,0.000057864,0.106443934,-0.067844905,-0.092440508,0.118640609,-0.020465018,-0.106443934,-0.067844905,0.092440508,-0.118640609,-0.020465018
204,train,32.666000366,0.020282717,0.004369955,0.105536588,-0.065804429,-0.093266539,0.114607021,-0.019144552,-0.105536588,-0.065804429,0.093266539,-0.114607021,-0.019144552
205,holdout,11.821999550,0.005105297,0.000000000,0.106518418,-0.067992516,-0.092407845,0.118624672,-0.020495605,-0.106518418,-0.067992516,0.092407845,-0.118624672,-0.020495605
206,train,4.077000141,0.005462854,0.000000000,0.106537886,-0.068206713,-0.092321888,0.119063616,-0.020580329,-0.106537886,-0.068206713,0.092321888,-0.119063616,-0.020580329
207,train,53.188999176,0.236097068,0.017139357,0.103671812,-0.061357696,-0.095506415,0.109081559,-0.021192970,-0.103671812,-0.061357696,0.095506415,-0.109081559,-0.021192970
208,holdout,51.381999969,0.140180200,0.012996325,0.101844452,-0.058919329,-0.097298339,0.103118040,-0.016246982,-0.101844452,-0.058919329,0.097298339,-0.103118040,-0.016246982
209,validation,140.251998901,0.734974623,0.178693259,0.091383293,-0.031546537,-0.110176004,0.067844406,-0.017667357,-0.091383293,-0.031546537,0.110176004,-0.067844406,-0.017667357
210,train,34.106498718,0.061575472,0.006932863,0.103768453,-0.061883390,-0.095698811,0.111144945,-0.018996488,-0.103768453,-0.061883390,0.095698811,-0.111144945,-0.018996488
211,train,116.168998718,0.470861524,0.125258142,0.097571082,-0.040246230,-0.103635959,0.076226182,-0.014496638,-0.097571082,-0.040246230,0.103635959,-0.076226182,-0.014496638
212,holdout,10.459500313,0.022310752,0.000287163,0.106165349,-0.067371756,-0.092657499,0.117830597,-0.020595664,-0.106165349,-0.067371756,0.092657499,-0.117830597,-0.020595664
213,train,83.975997925,0.610176921,0.052193151,0.093469307,-0.041523013,-0.110779352,0.085938863,-0.017131399,-0.093469307,-0.041523013,0.110779352,-0.085938863,-0.017131399
214,train,4.407000065,0.003610989,0.000171377,0.106615312,-0.068333730,-0.092284314,0.119182840,-0.020574162,-0.106615312,-0.068333730,0.092284314,-0.119182840,-0.020574162
215,holdout,4.300499916,0.006898451,0.000000000,0.106518343,-0.068124183,-0.092358604,0.118956655,-0.020590566,-0.106518343,-0.068124183,0.092358604,-0.118956655,-0.020590566
216,train,45.078498840,0.051332310,0.018231872,0.102779441,-0.061355565,-0.095108822,0.108210117,-0.018456241,-0.102779441,-0.061355565,0.095108822,-0.108210117,-0.018456241
217,validation,170.656005859,1.128592730,0.121856615,0.092325009,-0.034171384,-0.107535571,0.072073601,-0.019103419,-0.092325009,-0.034171384,0.107535571,-0.072073601,-0.019103419
218,holdout,30.714000702,0.021793248,0.005214910,0.105374351,-0.065819286,-0.093285941,0.114426188,-0.019037906,-0.105374351,-0.065819286,0.093285941,-0.114426188,-0.019037906
219,train,3.758500099,0.005252679,0.000000000,0.106584720,-0.068236060,-0.092319191,0.119154081,-0.020584334,-0.106584720,-0.068236060,0.092319191,-0.119154081,-0.020584334
220,train,61.957000732,0.128029451,0.017633646,0.101365618,-0.057960290,-0.096898824,0.103097543,-0.018325919,-0.101365618,-0.057960290,0.096898824,-0.103097543,-0.018325919
221,train,121.048500061,0.527707458,0.102594862,0.099321067,-0.050033815,-0.101825923,0.095551349,-0.018955845,-0.099321067,-0.050033815,0.101825923,-0.095551349,-0.018955845
222,train,6.276999950,0.005750658,0.000234525,0.106545113,-0.068197213,-0.092317700,0.119097367,-0.020540811,-0.106545113,-0.068197213,0.092317700,-0.119097367,-0.020540811
223,holdout,6.910999775,0.006232176,0.000000000,0.106524684,-0.068192959,-0.092326030,0.119079128,-0.020593261,-0.106524684,-0.068192959,0.092326030,-0.119079128,-0.020593261
224,train,58.678501129,0.097416446,0.009580121,0.104616567,-0.062320750,-0.095221311,0.110667735,-0.018896770,-0.104616567,-0.062320750,0.095221311,-0.110667735,-0.018896770
225,holdout,39.395500183,0.099415086,0.019692049,0.104457699,-0.062363829,-0.095705442,0.111724354,-0.018976562,-0.104457699,-0.062363829,0.095705442,-0.111724354,-0.018976562
226,train,29.343000412,0.011561485,0.001269548,0.106210902,-0.067189187,-0.092654169,0.117777050,-0.020352319,-0.106210902,-0.067189187,0.092654169,-0.117777050,-0.020352319
227,train,106.354499817,0.245550469,0.042736536,0.101655230,-0.056755763,-0.098791778,0.102972925,-0.018106937,-0.101655230,-0.056755763,0.098791778,-0.102972925,-0.018106937
228,train,17.256000519,0.004936370,0.000816690,0.106441706,-0.068163976,-0.092283092,0.118593551,-0.020395566,-0.106441706,-0.068163976,0.092283092,-0.118593551,-0.020395566
229,validation,127.814498901,0.606640100,0.174834357,0.098290749,-0.047663547,-0.102697067,0.091581292,-0.019170834,-0.098290749,-0.047663547,0.102697067,-0.091581292,-0.019170834
230,validation,10.117500305,0.009971589,0.000000000,0.106523469,-0.068181828,-0.092400089,0.119077303,-0.020575685,-0.106523469,-0.068181828,0.092400089,-0.119077303,-0.020575685
231,validation,4.587500095,0.002953609,0.000000000,0.106575705,-0.068318166,-0.092275642,0.119197741,-0.020542977,-0.106575705,-0.068318166,0.092275642,-0.119197741,-0.020542977
232,validation,64.841499329,0.238520160,0.024426479,0.101790413,-0.058303021,-0.096932955,0.105530098,-0.019054770,-0.101790413,-0.058303021,0.096932955,-0.105530098,-0.019054770
233,train,74.181999207,0.134958580,0.030283748,0.103247844,-0.059507996,-0.096796796,0.106812030,-0.019787846,-0.103247844,-0.059507996,0.096796796,-0.106812030,-0.019787846
234,train,24.316999435,0.022514265,0.000463964,0.106338523,-0.066829942,-0.093164474,0.117442220,-0.020253085,-0.106338523,-0.066829942,0.093164474,-0.117442220,-0.020253085
235,train,11.775500298,0.009007008,0.000996831,0.106173195,-0.067188270,-0.092488579,0.117230296,-0.019896146,-0.106173195,-0.067188270,0.092488579,-0.117230296,-0.019896146
236,train,3.602999926,0.001780008,0.000000000,0.106603757,-0.068387046,-0.092238188,0.119334966,-0.020608738,-0.106603757,-0.068387046,0.092238188,-0.119334966,-0.020608738
237,holdout,39.213500977,0.101911590,0.018890449,0.104056612,-0.062467735,-0.096263044,0.111248985,-0.018431503,-0.104056612,-0.062467735,0.096263044,-0.111248985,-0.018431503
238,train,27.618999481,0.026916906,0.000451998,0.105545111,-0.066461809,-0.093253046,0.115042299,-0.019443724,-0.105545111,-0.066461809,0.093253046,-0.115042299,-0.019443724
239,validation,5.208000183,0.006807392,0.000219238,0.106403127,-0.068054527,-0.092352830,0.118700929,-0.020380791,-0.106403127,-0.068054527,0.092352830,-0.118700929,-0.020380791
240,train,13.347499847,0.009597864,0.000000000,0.106518231,-0.068161331,-0.092402630,0.119048387,-0.020563712,-0.106518231,-0.068161331,0.092402630,-0.119048387,-0.020563712
241,train,4.774499893,0.006264609,0.000228691,0.106544085,-0.068212837,-0.092316307,0.119059138,-0.020581819,-0.106544085,-0.068212837,0.092316307,-0.119059138,-0.020581819
242,train,12.357000351,0.023678565,0.002701891,0.105860859,-0.066533841,-0.093289137,0.116788328,-0.020115687,-0.105860859,-0.066533841,0.093289137,-0.116788328,-0.020115687
243,validation,2.976999998,0.009077571,0.000000000,0.106227756,-0.067948826,-0.092506781,0.118672587,-0.020547260,-0.106227756,-0.067948826,0.092506781,-0.118672587,-0.020547260
244,train,35.030998230,0.052328795,0.010648629,0.105245054,-0.064802811,-0.093962289,0.114110924,-0.019997710,-0.105245054,-0.064802811,0.093962289,-0.114110924,-0.019997710
245,train,33.302501678,0.054040279,0.015103031,0.105276302,-0.064690575,-0.093983777,0.114555098,-0.020162962,-0.105276302,-0.064690575,0.093983777,-0.114555098,-0.020162962
246,holdout,10.188500404,0.027660441,0.000292968,0.106126048,-0.067210115,-0.092718013,0.117816910,-0.020559138,-0.106126048,-0.067210115,0.092718013,-0.117816910,-0.020559138
247,train,78.945999146,0.151699424,0.028772139,0.099362351,-0.050669957,-0.101633094,0.093921922,-0.015692923,-0.099362351,-0.050669957,0.101633094,-0.093921922,-0.015692923
248,train,21.816499710,0.008714464,0.002972838,0.106391586,-0.067785338,-0.092463672,0.118185088,-0.020261228,-0.106391586,-0.067785338,0.092463672,-0.118185088,-0.020261228
249,train,52.147499084,0.217021734,0.011342732,0.103735596,-0.061408058,-0.095476128,0.109792322,-0.021097964,-0.103735596,-0.061408058,0.095476128,-0.109792322,-0.021097964
250,holdout,69.755996704,0.160636097,0.042739153,0.102592990,-0.058309428,-0.097191833,0.105773807,-0.020083481,-0.102592990,-0.058309428,0.097191833,-0.105773807,-0.020083481
251,validation,23.152000427,0.016207330,0.000182531,0.106015205,-0.066665716,-0.093087383,0.117222153,-0.020371268,-0.106015205,-0.066665716,0.093087383,-0.117222153,-0.020371268
252,validation,5.519499779,0.006170796,0.000000000,0.106524296,-0.068173803,-0.092302203,0.118897691,-0.020505652,-0.106524296,-0.068173803,0.092302203,-0.118897691,-0.020505652
253,validation,131.774505615,0.509738982,0.101501484,0.096860781,-0.046651367,-0.102885559,0.092036836,-0.019321650,-0.096860781,-0.046651367,0.102885559,-0.092036836,-0.019321650
254,validation,118.111999512,0.451086223,0.137944625,0.096018314,-0.039468821,-0.104883507,0.078466892,-0.017030213,-0.096018314,-0.039468821,0.104883507,-0.078466892,-0.017030213
255,train,4.466000080,0.009320007,0.000708444,0.106545463,-0.068151966,-0.092362314,0.119034007,-0.020541355,-0.106545463,-0.068151966,0.092362314,-0.119034007,-0.020541355
256,train,83.566497803,0.314799428,0.061980050,0.100672320,-0.054110430,-0.098298177,0.097944006,-0.019608570,-0.100672320,-0.054110430,0.098298177,-0.097944006,-0.019608570
257,train,20.337999344,0.031663548,0.005656031,0.105514541,-0.065982416,-0.093413115,0.116023101,-0.020300698,-0.105514541,-0.065982416,0.093413115,-0.116023101,-0.020300698
258,validation,24.203500748,0.022495991,0.000854258,0.105599955,-0.066757038,-0.092995830,0.116537794,-0.020067951,-0.105599955,-0.066757038,0.092995830,-0.116537794,-0.020067951
259,train,5.933000088,0.006940980,0.000368878,0.106502190,-0.068205737,-0.092338145,0.119101726,-0.020578207,-0.106502190,-0.068205737,0.092338145,-0.119101726,-0.020578207
260,train,68.922500610,0.158371225,0.047547118,0.100415699,-0.051943239,-0.099887110,0.096422859,-0.015100045,-0.100415699,-0.051943239,0.099887110,-0.096422859,-0.015100045
261,holdout,5.498499870,0.006203626,0.000000000,0.106527895,-0.068120591,-0.092307597,0.118893698,-0.020465560,-0.106527895,-0.068120591,0.092307597,-0.118893698,-0.020465560
262,train,30.909999847,0.036729362,0.002765083,0.105669253,-0.066021919,-0.093545839,0.115790859,-0.019929703,-0.105669253,-0.066021919,0.093545839,-0.115790859,-0.019929703
263,train,26.940000534,0.029313866,0.000912078,0.105500706,-0.066399977,-0.092842080,0.115001127,-0.018964723,-0.105500706,-0.066399977,0.092842080,-0.115001127,-0.018964723
264,train,35.833499908,0.048701823,0.004438075,0.105206929,-0.065274313,-0.093854085,0.114446230,-0.019513236,-0.105206929,-0.065274313,0.093854085,-0.114446230,-0.019513236
265,validation,19.229499817,0.024984380,0.002922234,0.105215140,-0.065688007,-0.093192376,0.114273377,-0.019217420,-0.105215140,-0.065688007,0.093192376,-0.114273377,-0.019217420
266,train,31.708000183,0.028970098,0.002896327,0.104631536,-0.065115109,-0.093502492,0.112952717,-0.018322229,-0.104631536,-0.065115109,0.093502492,-0.112952717,-0.018322229
267,validation,10.738499641,0.015363492,0.000783200,0.106227294,-0.066806339,-0.092870966,0.117564179,-0.020391205,-0.106227294,-0.066806339,0.092870966,-0.117564179,-0.020391205
268,train,10.515999794,0.029810324,0.000626167,0.106175877,-0.067061231,-0.092808917,0.117796436,-0.020550231,-0.106175877,-0.067061231,0.092808917,-0.117796436,-0.020550231
269,train,8.859000206,0.008163060,0.001277917,0.106330432,-0.067979679,-0.092279285,0.118418954,-0.020269660,-0.106330432,-0.067979679,0.092279285,-0.118418954,-0.020269660
270,train,91.350502014,0.595432281,0.064495534,0.093794338,-0.042249415,-0.109393269,0.085899621,-0.017108785,-0.093794338,-0.042249415,0.109393269,-0.085899621,-0.017108785
271,train,15.585000038,0.013499759,0.000001870,0.105213456,-0.065984957,-0.093508780,0.116009615,-0.019957403,-0.105213456,-0.065984957,0.093508780,-0.116009615,-0.019957403
272,train,129.905502319,0.310555547,0.082711511,0.098229058,-0.049427647,-0.101804823,0.093701996,-0.018669000,-0.098229058,-0.049427647,0.101804823,-0.093701996,-0.018669000
273,holdout,6.018000126,0.004699780,0.000000000,0.106566146,-0.068253115,-0.092268534,0.119151078,-0.020572316,-0.106566146,-0.068253115,0.092268534,-0.119151078,-0.020572316
274,train,19.945999146,0.043550596,0.002224284,0.106118657,-0.066811621,-0.093199424,0.117384501,-0.020259347,-0.106118657,-0.066811621,0.093199424,-0.117384501,-0.020259347
275,train,17.976499557,0.020531654,0.000952854,0.106059730,-0.067125693,-0.092742756,0.117247224,-0.020215658,-0.106059730,-0.067125693,0.092742756,-0.117247224,-0.020215658
276,holdout,32.271499634,0.031688958,0.005340622,0.105638608,-0.065591089,-0.093504228,0.115610473,-0.020000448,-0.105638608,-0.065591089,0.093504228,-0.115610473,-0.020000448
277,train,4.690000057,0.008765968,0.000222659,0.106383607,-0.067773767,-0.092518240,0.118491292,-0.020590993,-0.106383607,-0.067773767,0.092518240,-0.118491292,-0.020590993
278,validation,30.433000565,0.072223328,0.005968296,0.105530292,-0.065909676,-0.093566410,0.115942866,-0.020354683,-0.105530292,-0.065909676,0.093566410,-0.115942866,-0.020354683
279,train,5.371500015,0.010324692,0.000224275,0.106380366,-0.067547426,-0.092602350,0.118224539,-0.020556724,-0.106380366,-0.067547426,0.092602350,-0.118224539,-0.020556724
280,train,12.432499886,0.024861332,0.000366148,0.105978176,-0.066929892,-0.093038946,0.117287718,-0.020343103,-0.105978176,-0.066929892,0.093038946,-0.117287718,-0.020343103
281,holdout,30.020500183,0.041624919,0.002015528,0.104092553,-0.063149244,-0.094764359,0.111394182,-0.018795447,-0.104092553,-0.063149244,0.094764359,-0.111394182,-0.018795447
282,validation,18.089500427,0.026026996,0.001449364,0.106401592,-0.067590378,-0.092790864,0.118124388,-0.020192100,-0.106401592,-0.067590378,0.092790864,-0.118124388,-0.020192100
283,holdout,6.024000168,0.014382912,0.000234525,0.106275335,-0.067253247,-0.092669696,0.117778972,-0.020434989,-0.106275335,-0.067253247,0.092669696,-0.117778972,-0.020434989
284,holdout,1.849499941,0.001608433,0.000000000,0.106592461,-0.068382792,-0.092256069,0.119209193,-0.020583713,-0.106592461,-0.068382792,0.092256069,-0.119209193,-0.020583713
285,train,14.289999962,0.018775361,0.000710796,0.105855972,-0.067131922,-0.092882387,0.116822846,-0.020122096,-0.105855972,-0.067131922,0.092882387,-0.116822846,-0.020122096
286,train,29.774499893,0.032012850,0.054307710,0.105201080,-0.065090910,-0.093784928,0.114563800,-0.019631116,-0.105201080,-0.065090910,0.093784928,-0.114563800,-0.019631116
287,validation,40.785999298,0.225906059,0.021179727,0.104248919,-0.061443754,-0.096943170,0.109660491,-0.020008026,-0.104248919,-0.061443754,0.096943170,-0.109660491,-0.020008026
288,train,23.062500000,0.007544058,0.000483089,0.106231727,-0.067954399,-0.092418179,0.118634164,-0.020401344,-0.106231727,-0.067954399,0.092418179,-0.118634164,-0.020401344
289,train,18.586999893,0.028662411,0.006306777,0.105536141,-0.065324493,-0.093776643,0.114976518,-0.019491281,-0.105536141,-0.065324493,0.093776643,-0.114976518,-0.019491281
290,train,146.201507568,1.134037495,0.258095044,0.087195531,-0.026858587,-0.113926701,0.064056009,-0.018326854,-0.087195531,-0.026858587,0.113926701,-0.064056009,-0.018326854
291,validation,79.966499329,0.180320993,0.057077526,0.100916378,-0.054559156,-0.099022895,0.100401498,-0.016325708,-0.100916378,-0.054559156,0.099022895,-0.100401498,-0.016325708
292,train,8.887999535,0.008405937,0.000234525,0.106562883,-0.068153441,-0.092389539,0.118995868,-0.020559866,-0.106562883,-0.068153441,0.092389539,-0.118995868,-0.020559866
293,validation,21.439500809,0.028721403,0.002089711,0.105919920,-0.067506820,-0.092956886,0.118393667,-0.020302333,-0.105919920,-0.067506820,0.092956886,-0.118393667,-0.020302333
294,train,52.788501740,0.271413982,0.057170555,0.099029347,-0.050287139,-0.101714671,0.095277749,-0.015222217,-0.099029347,-0.050287139,0.101714671,-0.095277749,-0.015222217
295,train,24.859500885,0.033992324,0.006981339,0.105438910,-0.065858342,-0.093340360,0.115828514,-0.020367295,-0.105438910,-0.065858342,0.093340360,-0.115828514,-0.020367295
296,validation,3.462500095,0.004999410,0.000000000,0.106544599,-0.068251662,-0.092369415,0.118993625,-0.020485951,-0.106544599,-0.068251662,0.092369415,-0.118993625,-0.020485951
297,validation,21.461999893,0.025201894,0.001186269,0.106010884,-0.066955917,-0.092879079,0.116614528,-0.019913182,-0.106010884,-0.066955917,0.092879079,-0.116614528,-0.019913182
298,train,0.755999982,0.001576580,0.000000000,0.106605262,-0.068466328,-0.092185274,0.119394310,-0.020604352,-0.106605262,-0.068466328,0.092185274,-0.119394310,-0.020604352
299,train,39.237998962,0.035705276,0.005098852,0.105299771,-0.065356657,-0.093483329,0.114781372,-0.019570015,-0.105299771,-0.065356657,0.093483329,-0.114781372,-0.019570015
300,train,170.123504639,1.323004961,0.179981577,0.091560937,-0.032423459,-0.109267414,0.067502163,-0.019630427,-0.091560937,-0.032423459,0.109267414,-0.067502163,-0.019630427
301,holdout,7.696000099,0.003502294,0.000000000,0.106505096,-0.068093710,-0.092335150,0.118933797,-0.020534897,-0.106505096,-0.068093710,0.092335150,-0.118933797,-0.020534897
302,holdout,6.054999828,0.006863451,0.000000000,0.106548652,-0.068191111,-0.092316948,0.119097061,-0.020551410,-0.106548652,-0.068191111,0.092316948,-0.119097061,-0.020551410
303,validation,24.916000366,0.026849229,0.001037418,0.105344824,-0.066188604,-0.093471780,0.115088597,-0.019724414,-0.105344824,-0.066188604,0.093471780,-0.115088597,-0.019724414
304,train,65.517501831,0.258651912,0.044980713,0.099359468,-0.052433226,-0.099488936,0.096890442,-0.017637476,-0.099359468,-0.052433226,0.099488936,-0.096890442,-0.017637476
305,holdout,4.051000118,0.007227400,0.000000000,0.106567517,-0.068183504,-0.092357546,0.119076543,-0.020575583,-0.106567517,-0.068183504,0.092357546,-0.119076543,-0.020575583
306,train,50.880001068,0.111340031,0.016895297,0.103437893,-0.061309937,-0.095549107,0.108060203,-0.019357691,-0.103437893,-0.061309937,0.095549107,-0.108060203,-0.019357691
307,holdout,47.537498474,0.075034313,0.005953018,0.105674975,-0.065020412,-0.094141878,0.114666730,-0.019671252,-0.105674975,-0.065020412,0.094141878,-0.114666730,-0.019671252
308,train,7.294000149,0.001620217,0.000000000,0.106603123,-0.068458617,-0.092224076,0.119299911,-0.020580871,-0.106603123,-0.068458617,0.092224076,-0.119299911,-0.020580871
309,train,20.173000336,0.016068893,0.000446939,0.105959743,-0.066816330,-0.092991218,0.117476746,-0.020299844,-0.105959743,-0.066816330,0.092991218,-0.117476746,-0.020299844
310,validation,125.571502686,0.311349899,0.121990820,0.095927425,-0.046191409,-0.102776043,0.082077585,-0.014144078,-0.095927425,-0.046191409,0.102776043,-0.082077585,-0.014144078
311,train,0.280499995,0.001616091,0.000000000,0.106615201,-0.068487138,-0.092183195,0.119440362,-0.020620380,-0.106615201,-0.068487138,0.092183195,-0.119440362,-0.020620380
312,train,34.646999359,0.060659267,0.003240097,0.103361636,-0.062434934,-0.094828270,0.110522658,-0.018442964,-0.103361636,-0.062434934,0.094828270,-0.110522658,-0.018442964
313,holdout,83.517501831,0.116179980,0.025695575,0.104134589,-0.060848616,-0.096390463,0.108915284,-0.019471046,-0.104134589,-0.060848616,0.096390463,-0.108915284,-0.019471046
314,train,13.260000229,0.021555144,0.000706402,0.105962396,-0.067103952,-0.092850111,0.116746977,-0.020136086,-0.105962396,-0.067103952,0.092850111,-0.116746977,-0.020136086
315,train,4.361999989,0.008498153,0.000705147,0.106552593,-0.068158284,-0.092346102,0.119032554,-0.020574862,-0.106552593,-0.068158284,0.092346102,-0.119032554,-0.020574862
316,validation,20.434999466,0.010566489,0.000000000,0.106247269,-0.067785479,-0.092388310,0.118011490,-0.020252367,-0.106247269,-0.067785479,0.092388310,-0.118011490,-0.020252367
317,train,31.234500885,0.018049441,0.025219025,0.105831124,-0.066747591,-0.092986315,0.116891325,-0.020138072,-0.105831124,-0.066747591,0.092986315,-0.116891325,-0.020138072
318,train,26.318500519,0.011150676,0.018827288,0.106053673,-0.067206450,-0.092682883,0.117458150,-0.020298369,-0.106053673,-0.067206450,0.092682883,-0.117458150,-0.020298369
319,validation,24.347499847,0.017575370,0.000010149,0.106336027,-0.066870317,-0.093108244,0.117350176,-0.020309303,-0.106336027,-0.066870317,0.093108244,-0.117350176,-0.020309303
320,train,12.578000069,0.013952919,0.000234525,0.106343694,-0.068059936,-0.092348389,0.118630558,-0.020378903,-0.106343694,-0.068059936,0.092348389,-0.118630558,-0.020378903
321,train,38.505500793,0.114609554,0.023491897,0.103846952,-0.056727529,-0.096942469,0.101769686,-0.016823495,-0.103846952,-0.056727529,0.096942469,-0.101769686,-0.016823495
322,validation,5.836500168,0.008493290,0.000264590,0.106437914,-0.068105593,-0.092317924,0.118964031,-0.020607254,-0.106437914,-0.068105593,0.092317924,-0.118964031,-0.020607254
323,holdout,15.821999550,0.013055028,0.000000000,0.106208920,-0.067137487,-0.092866786,0.117603235,-0.020309007,-0.106208920,-0.067137487,0.092866786,-0.117603235,-0.020309007
324,train,28.217500687,0.020065494,0.004549133,0.105896488,-0.066672496,-0.093187697,0.116678402,-0.019763108,-0.105896488,-0.066672496,0.093187697,-0.116678402,-0.019763108
325,validation,54.369998932,0.107164852,0.015524390,0.104637057,-0.063118070,-0.094542876,0.112177685,-0.020446710,-0.104637057,-0.063118070,0.094542876,-0.112177685,-0.020446710
326,train,10.819499969,0.007195091,0.000217181,0.106517173,-0.068153851,-0.092280500,0.118904501,-0.020464070,-0.106517173,-0.068153851,0.092280500,-0.118904501,-0.020464070
327,holdout,72.446502686,0.239190578,0.031867502,0.101717733,-0.057309985,-0.097739011,0.103429370,-0.019712385,-0.101717733,-0.057309985,0.097739011,-0.103429370,-0.019712385
328,train,23.062500000,0.023153212,0.001132639,0.106140442,-0.067321278,-0.093003698,0.118072882,-0.020211218,-0.106140442,-0.067321278,0.093003698,-0.118072882,-0.020211218
329,holdout,22.154499054,0.035831682,0.001001403,0.106286444,-0.066993311,-0.093145169,0.117331572,-0.020175226,-0.106286444,-0.066993311,0.093145169,-0.117331572,-0.020175226
330,train,3.869499922,0.004930600,0.000000000,0.106548876,-0.068248600,-0.092294641,0.119071677,-0.020570830,-0.106548876,-0.068248600,0.092294641,-0.119071677,-0.020570830
331,train,9.484999657,0.014736880,0.000000000,0.105414964,-0.066561535,-0.093148775,0.116127685,-0.019939734,-0.105414964,-0.066561535,0.093148775,-0.116127685,-0.019939734
332,train,58.870498657,0.198507354,0.019457040,0.103906550,-0.061483335,-0.095922381,0.108503893,-0.021231595,-0.103906550,-0.061483335,0.095922381,-0.108503893,-0.021231595
333,train,18.398500443,0.013431486,0.000459555,0.106082447,-0.067575924,-0.092750341,0.118024565,-0.020320892,-0.106082447,-0.067575924,0.092750341,-0.118024565,-0.020320892
334,train,10.739999771,0.009717055,0.000802952,0.106079705,-0.067303225,-0.092519298,0.117229514,-0.019922325,-0.106079705,-0.067303225,0.092519298,-0.117229514,-0.019922325
335,train,5.785999775,0.007624050,0.000000000,0.105932556,-0.067822941,-0.092619330,0.118233949,-0.020276871,-0.105932556,-0.067822941,0.092619330,-0.118233949,-0.020276871
336,validation,7.117000103,0.005507607,0.000000000,0.106448732,-0.068101168,-0.092503063,0.118851639,-0.020498769,-0.106448732,-0.068101168,0.092503063,-0.118851639,-0.020498769
337,train,51.195499420,0.064929284,0.013386289,0.104459003,-0.063599668,-0.094547324,0.112295926,-0.019414326,-0.104459003,-0.063599668,0.094547324,-0.112295926,-0.019414326
338,validation,124.321502686,0.446884453,0.147523875,0.095136471,-0.038684655,-0.106294803,0.076487511,-0.017290413,-0.095136471,-0.038684655,0.106294803,-0.076487511,-0.017290413
339,validation,30.334499359,0.155956820,0.013030358,0.103326686,-0.060445968,-0.097008884,0.104148351,-0.016678929,-0.103326686,-0.060445968,0.097008884,-0.104148351,-0.016678929
340,train,1.072999954,0.005804523,0.000452475,0.106417015,-0.068131849,-0.092453212,0.118942335,-0.020514870,-0.106417015,-0.068131849,0.092453212,-0.118942335,-0.020514870
341,holdout,4.236499786,0.006462581,0.000000000,0.106504485,-0.068216942,-0.092339002,0.119069293,-0.020567261,-0.106504485,-0.068216942,0.092339002,-0.119069293,-0.020567261
342,train,4.431499958,0.007825956,0.000933838,0.106541499,-0.068163268,-0.092339583,0.119021527,-0.020581366,-0.106541499,-0.068163268,0.092339583,-0.119021527,-0.020581366
343,train,9.022500038,0.028020747,0.000410375,0.106119037,-0.067076735,-0.092806116,0.117757477,-0.020581460,-0.106119037,-0.067076735,0.092806116,-0.117757477,-0.020581460
344,train,20.714000702,0.007572026,0.001977628,0.106438108,-0.067787357,-0.092428342,0.118363351,-0.020303892,-0.106438108,-0.067787357,0.092428342,-0.118363351,-0.020303892
345,train,114.357498169,0.424123943,0.165046970,0.096455872,-0.039766137,-0.102978155,0.076037474,-0.016478976,-0.096455872,-0.039766137,0.102978155,-0.076037474,-0.016478976
346,train,99.130996704,0.356540948,0.071956168,0.100563578,-0.051407281,-0.099686109,0.092526741,-0.016650943,-0.100563578,-0.051407281,0.099686109,-0.092526741,-0.016650943
347,train,39.993999481,0.137890279,0.009109780,0.104462393,-0.061490789,-0.095777355,0.110193327,-0.019300275,-0.104462393,-0.061490789,0.095777355,-0.110193327,-0.019300275
348,train,54.180500031,0.228150576,0.027242922,0.100249507,-0.054774676,-0.098570801,0.100322649,-0.018180810,-0.100249507,-0.054774676,0.098570801,-0.100322649,-0.018180810
349,train,33.759998322,0.043575253,0.003027054,0.105263941,-0.065323666,-0.093809932,0.114905119,-0.019584481,-0.105263941,-0.065323666,0.093809932,-0.114905119,-0.019584481
350,holdout,21.660999298,0.021138689,0.003731244,0.105858162,-0.066088028,-0.093087517,0.116197564,-0.019957446,-0.105858162,-0.066088028,0.093087517,-0.116197564,-0.019957446
351,validation,25.513500214,0.037008666,0.004991324,0.105217271,-0.064906336,-0.094038390,0.114651792,-0.019629622,-0.105217271,-0.064906336,0.094038390,-0.114651792,-0.019629622
352,holdout,40.599998474,0.091431588,0.007163701,0.103481695,-0.061795183,-0.095349915,0.109709300,-0.018362381,-0.103481695,-0.061795183,0.095349915,-0.109709300,-0.018362381
353,train,51.412498474,0.215691343,0.018621126,0.103680104,-0.061361950,-0.096052833,0.109140135,-0.021259302,-0.103680104,-0.061361950,0.096052833,-0.109140135,-0.021259302
354,holdout,26.086500168,0.029762985,0.000537427,0.106334955,-0.067557752,-0.092716858,0.118345857,-0.020329876,-0.106334955,-0.067557752,0.092716858,-0.118345857,-0.020329876
355,holdout,103.552497864,0.446745694,0.067473406,0.098311558,-0.051398259,-0.099966705,0.096646413,-0.018382499,-0.098311558,-0.051398259,0.099966705,-0.096646413,-0.018382499
356,holdout,140.895004272,0.731674969,0.202921313,0.093610294,-0.028943527,-0.109081112,0.064941071,-0.015607208,-0.093610294,-0.028943527,0.109081112,-0.064941071,-0.015607208
357,train,7.809500217,0.005823568,0.000000000,0.106523782,-0.068022355,-0.092425689,0.118791498,-0.020563962,-0.106523782,-0.068022355,0.092425689,-0.118791498,-0.020563962
358,train,4.386000156,0.002527867,0.000000000,0.106568836,-0.068265013,-0.092318527,0.119078115,-0.020555127,-0.106568836,-0.068265013,0.092318527,-0.119078115,-0.020555127
359,train,17.741500854,0.034939822,0.000000000,0.106003501,-0.067626491,-0.092975505,0.117639445,-0.019835606,-0.106003501,-0.067626491,0.092975505,-0.117639445,-0.019835606
360,holdout,68.075500488,0.094276749,0.033808696,0.103842467,-0.060238142,-0.096654132,0.107671648,-0.019309983,-0.103842467,-0.060238142,0.096654132,-0.107671648,-0.019309983
361,train,45.727001190,0.038306743,0.009566141,0.105171338,-0.065595970,-0.093667530,0.114232503,-0.019521825,-0.105171338,-0.065595970,0.093667530,-0.114232503,-0.019521825
362,train,13.171500206,0.031423539,0.014557234,0.104557760,-0.064987257,-0.093592517,0.112541698,-0.018708320,-0.104557760,-0.064987257,0.093592517,-0.112541698,-0.018708320
363,train,54.222999573,0.233661905,0.028106995,0.099865690,-0.054750320,-0.098145753,0.099808395,-0.018339163,-0.099865690,-0.054750320,0.098145753,-0.099808395,-0.018339163
364,train,5.698500156,0.009757239,0.000234525,0.106325828,-0.067521758,-0.092520460,0.118037738,-0.020481812,-0.106325828,-0.067521758,0.092520460,-0.118037738,-0.020481812
365,validation,82.758499146,0.160472885,0.025587765,0.103713930,-0.060243111,-0.096356653,0.107638918,-0.020179113,-0.103713930,-0.060243111,0.096356653,-0.107638918,-0.020179113
366,train,96.350997925,0.245442301,0.050789646,0.101678692,-0.052744508,-0.098396868,0.096405864,-0.017231319,-0.101678692,-0.052744508,0.098396868,-0.096405864,-0.017231319
367,train,17.937000275,0.013105964,0.000666716,0.105274282,-0.065835722,-0.093062505,0.113685250,-0.018657193,-0.105274282,-0.065835722,0.093062505,-0.113685250,-0.018657193
368,train,0.889999986,0.000264801,0.000000000,0.106637090,-0.068423629,-0.092258319,0.119231388,-0.020578276,-0.106637090,-0.068423629,0.092258319,-0.119231388,-0.020578276
369,holdout,26.235000610,0.024261625,0.011402172,0.106164433,-0.066396005,-0.093043782,0.116562702,-0.019913118,-0.106164433,-0.066396005,0.093043782,-0.116562702,-0.019913118
370,train,92.431503296,0.158299208,0.015395855,0.101144962,-0.057164259,-0.097250968,0.104207903,-0.019620098,-0.101144962,-0.057164259,0.097250968,-0.104207903,-0.019620098
371,train,175.524505615,0.995963931,0.191080970,0.089756705,-0.027768595,-0.111700960,0.063006409,-0.019675186,-0.089756705,-0.027768595,0.111700960,-0.063006409,-0.019675186
372,validation,22.159000397,0.009007792,0.000000000,0.106418170,-0.067422867,-0.092674069,0.118208751,-0.020344729,-0.106418170,-0.067422867,0.092674069,-0.118208751,-0.020344729
373,train,14.073499680,0.020348821,0.002618898,0.105849348,-0.066531822,-0.093245670,0.116782099,-0.020162754,-0.105849348,-0.066531822,0.093245670,-0.116782099,-0.020162754
374,train,8.650500298,0.006403432,0.000297464,0.106571577,-0.068205118,-0.092334017,0.119043335,-0.020539194,-0.106571577,-0.068205118,0.092334017,-0.119043335,-0.020539194
375,train,24.983499527,0.018785583,0.000163563,0.106311105,-0.067430750,-0.092641510,0.118162572,-0.020281531,-0.106311105,-0.067430750,0.092641510,-0.118162572,-0.020281531
376,validation,95.129501343,0.326138884,0.106331563,0.099306881,-0.043956220,-0.101757333,0.083566055,-0.015192919,-0.099306881,-0.043956220,0.101757333,-0.083566055,-0.015192919
377,holdout,24.283000946,0.009028065,0.000000000,0.106355853,-0.067365512,-0.092721708,0.118092373,-0.020305799,-0.106355853,-0.067365512,0.092721708,-0.118092373,-0.020305799
378,train,24.591499329,0.015080149,0.002860800,0.105823129,-0.066812493,-0.093003958,0.117162772,-0.020078214,-0.105823129,-0.066812493,0.093003958,-0.117162772,-0.020078214
379,train,3.601500034,0.004604109,0.000000000,0.106565319,-0.068277031,-0.092292160,0.119206883,-0.020561123,-0.106565319,-0.068277031,0.092292160,-0.119206883,-0.020561123
380,validation,30.460500717,0.024385158,0.008424738,0.105976246,-0.066466741,-0.093127325,0.116500095,-0.020044649,-0.105976246,-0.066466741,0.093127325,-0.116500095,-0.020044649
381,train,56.757999420,0.143649086,0.022700363,0.104310699,-0.062096719,-0.095848955,0.109875031,-0.019221243,-0.104310699,-0.062096719,0.095848955,-0.109875031,-0.019221243
382,train,5.006000042,0.011094553,0.000969909,0.106445506,-0.068055280,-0.092328385,0.118897006,-0.020600494,-0.106445506,-0.068055280,0.092328385,-0.118897006,-0.020600494
383,train,31.549999237,0.057338513,0.005906049,0.104484245,-0.063048080,-0.094723143,0.111184262,-0.018792614,-0.104484245,-0.063048080,0.094723143,-0.111184262,-0.018792614
384,train,98.515502930,0.248636976,0.052931610,0.101689376,-0.051985700,-0.098796211,0.096158393,-0.017108219,-0.101689376,-0.051985700,0.098796211,-0.096158393,-0.017108219
385,train,20.274000168,0.042659625,0.001336913,0.106101558,-0.066851355,-0.093180120,0.117431633,-0.020301096,-0.106101558,-0.066851355,0.093180120,-0.117431633,-0.020301096
386,train,16.008499146,0.019207329,0.000390796,0.106147103,-0.067158565,-0.092752032,0.117538072,-0.020240679,-0.106147103,-0.067158565,0.092752032,-0.117538072,-0.020240679
387,train,87.058502197,0.213089079,0.049908588,0.096444927,-0.046351768,-0.102514334,0.091986321,-0.014866809,-0.096444927,-0.046351768,0.102514334,-0.091986321,-0.014866809
388,train,123.270500183,0.720611691,0.087871558,0.097428784,-0.046565905,-0.103195108,0.085196808,-0.015433987,-0.097428784,-0.046565905,0.103195108,-0.085196808,-0.015433987
389,train,25.938999176,0.023905804,0.002655160,0.105339549,-0.065750845,-0.093447186,0.114200003,-0.019589657,-0.105339549,-0.065750845,0.093447186,-0.114200003,-0.019589657
390,train,98.991500854,0.201204762,0.018892084,0.100217350,-0.054349061,-0.099874802,0.100284345,-0.018785411,-0.100217350,-0.054349061,0.099874802,-0.100284345,-0.018785411
391,train,20.142999649,0.014777822,0.001340106,0.106140889,-0.067104429,-0.092906162,0.117631696,-0.020395378,-0.106140889,-0.067104429,0.092906162,-0.117631696,-0.020395378
392,validation,25.059499741,0.028849702,0.006500593,0.104948230,-0.065647505,-0.093119919,0.114797078,-0.019814033,-0.104948230,-0.065647505,0.093119919,-0.114797078,-0.019814033
393,train,25.935499191,0.071629494,0.004621042,0.105677903,-0.066043504,-0.093490496,0.116133250,-0.020317648,-0.105677903,-0.066043504,0.093490496,-0.116133250,-0.020317648
394,validation,26.236999512,0.026386147,0.000920091,0.106235564,-0.066339217,-0.093275622,0.116832279,-0.020327078,-0.106235564,-0.066339217,0.093275622,-0.116832279,-0.020327078
395,train,40.652500153,0.040396765,0.005608794,0.105352044,-0.065649368,-0.093727775,0.114448681,-0.020044710,-0.105352044,-0.065649368,0.093727775,-0.114448681,-0.020044710
396,holdout,24.284500122,0.008534813,0.000000000,0.106456146,-0.067261875,-0.092815824,0.117831595,-0.020351293,-0.106456146,-0.067261875,0.092815824,-0.117831595,-0.020351293
397,holdout,10.581000328,0.016692413,0.000000000,0.106305912,-0.067284845,-0.092708230,0.117803909,-0.020292237,-0.106305912,-0.067284845,0.092708230,-0.117803909,-0.020292237
398,train,8.699000359,0.011005875,0.000454549,0.106313065,-0.067482300,-0.092586033,0.117860548,-0.020359434,-0.106313065,-0.067482300,0.092586033,-0.117860548,-0.020359434
399,holdout,1.692999959,0.001076174,0.000000000,0.106579199,-0.068387799,-0.092280589,0.119267605,-0.020565152,-0.106579199,-0.068387799,0.092280589,-0.119267605,-0.020565152
400,train,33.261501312,0.032450277,0.005474268,0.105619572,-0.065814622,-0.093312465,0.115824796,-0.020172529,-0.105619572,-0.065814622,0.093312465,-0.115824796,-0.020172529
401,train,5.365499973,0.014999686,0.000219238,0.106229387,-0.067689218,-0.092622064,0.118521400,-0.020432577,-0.106229387,-0.067689218,0.092622064,-0.118521400,-0.020432577
402,train,148.393997192,0.690608263,0.198501950,0.094626486,-0.031808734,-0.109038405,0.067098103,-0.014800667,-0.094626486,-0.031808734,0.109038405,-0.067098103,-0.014800667
403,train,10.447500229,0.022623314,0.012796577,0.105662435,-0.066415302,-0.093114287,0.116202466,-0.019915674,-0.105662435,-0.066415302,0.093114287,-0.116202466,-0.019915674
404,train,53.993999481,0.035143472,0.008690634,0.105528988,-0.065196887,-0.093661219,0.114465818,-0.019655611,-0.105528988,-0.065196887,0.093661219,-0.114465818,-0.019655611
405,train,150.040496826,0.735091269,0.225770581,0.090547048,-0.034763329,-0.110248193,0.072458580,-0.015530729,-0.090547048,-0.034763329,0.110248193,-0.072458580,-0.015530729
406,train,6.740499973,0.006970563,0.000000000,0.106522866,-0.068186909,-0.092324249,0.119086929,-0.020595914,-0.106522866,-0.068186909,0.092324249,-0.119086929,-0.020595914
407,validation,92.288497925,0.197170570,0.058007128,0.100139059,-0.053120263,-0.099608332,0.098605186,-0.016298560,-0.100139059,-0.053120263,0.099608332,-0.098605186,-0.016298560
408,train,14.350999832,0.007504150,0.000164519,0.106592491,-0.068096325,-0.092440374,0.118762448,-0.020401262,-0.106592491,-0.068096325,0.092440374,-0.118762448,-0.020401262
409,train,39.493000031,0.056905076,0.006856910,0.103633672,-0.063033991,-0.094641745,0.111035727,-0.017934620,-0.103633672,-0.063033991,0.094641745,-0.111035727,-0.017934620
410,train,113.797996521,0.449266583,0.181411002,0.094907835,-0.037675921,-0.105032511,0.074065812,-0.015734827,-0.094907835,-0.037675921,0.105032511,-0.074065812,-0.015734827
411,train,14.565999985,0.003644913,0.000006582,0.106556170,-0.068145044,-0.092374280,0.118747436,-0.020450391,-0.106556170,-0.068145044,0.092374280,-0.118747436,-0.020450391
412,validation,5.020999908,0.012589023,0.000000000,0.105826132,-0.067409948,-0.092648476,0.117441557,-0.020119550,-0.105826132,-0.067409948,0.092648476,-0.117441557,-0.020119550
413,train,0.396499991,0.001615816,0.000000000,0.106596850,-0.068471298,-0.092183292,0.119413592,-0.020610183,-0.106596850,-0.068471298,0.092183292,-0.119413592,-0.020610183
414,validation,2.588000059,0.005647178,0.000000000,0.106557362,-0.068188943,-0.092351615,0.119090714,-0.020610455,-0.106557362,-0.068188943,0.092351615,-0.119090714,-0.020610455
415,train,5.072500229,0.007059292,0.000000000,0.106511787,-0.068081573,-0.092367090,0.118900396,-0.020601792,-0.106511787,-0.068081573,0.092367090,-0.118900396,-0.020601792
416,validation,28.388500214,0.017376931,0.004292610,0.105936006,-0.066362254,-0.093309902,0.116138138,-0.020041756,-0.105936006,-0.066362254,0.093309902,-0.116138138,-0.020041756
417,validation,41.164501190,0.059568815,0.008998562,0.104788348,-0.063922159,-0.094715849,0.113129653,-0.020209301,-0.104788348,-0.063922159,0.094715849,-0.113129653,-0.020209301
418,train,31.475999832,0.032632019,0.020871746,0.105365776,-0.065003753,-0.093967415,0.113881901,-0.019807784,-0.105365776,-0.065003753,0.093967415,-0.113881901,-0.019807784
419,holdout,42.156501770,0.081261419,0.007485276,0.104894616,-0.062680438,-0.095059030,0.111088343,-0.018906826,-0.104894616,-0.062680438,0.095059030,-0.111088343,-0.018906826
420,validation,36.014999390,0.030038716,0.006459787,0.105927147,-0.066293858,-0.093307629,0.116517931,-0.020001478,-0.105927147,-0.066293858,0.093307629,-0.116517931,-0.020001478
421,train,0.209500000,0.001314324,0.000000000,0.106617182,-0.068471543,-0.092185453,0.119413592,-0.020600468,-0.106617182,-0.068471543,0.092185453,-0.119413592,-0.020600468
422,validation,97.810501099,0.153277695,0.037258779,0.102811858,-0.058776386,-0.097685978,0.105866924,-0.018372698,-0.102811858,-0.058776386,0.097685978,-0.105866924,-0.018372698
423,train,4.692999840,0.013679152,0.000214749,0.106468000,-0.067778431,-0.092510790,0.118513003,-0.020437457,-0.106468000,-0.067778431,0.092510790,-0.118513003,-0.020437457
424,validation,177.977493286,1.237535477,0.233381517,0.090392739,-0.026680399,-0.112260655,0.061423790,-0.019435491,-0.090392739,-0.026680399,0.112260655,-0.061423790,-0.019435491
425,holdout,23.795499802,0.012809410,0.000240520,0.106201753,-0.067033626,-0.092829697,0.117527135,-0.020356605,-0.106201753,-0.067033626,0.092829697,-0.117527135,-0.020356605
426,train,1.041499972,0.002853909,0.000000000,0.106571801,-0.068331435,-0.092233457,0.119159639,-0.020515630,-0.106571801,-0.068331435,0.092233457,-0.119159639,-0.020515630
427,train,4.626500130,0.003530653,0.000000000,0.106615119,-0.068299666,-0.092285343,0.119165652,-0.020586642,-0.106615119,-0.068299666,0.092285343,-0.119165652,-0.020586642
428,validation,55.647499084,0.126501068,0.013643836,0.103411667,-0.060565479,-0.095919497,0.108942538,-0.019373201,-0.103411667,-0.060565479,0.095919497,-0.108942538,-0.019373201
429,train,1.843999982,0.005025118,0.000000000,0.106526121,-0.068245418,-0.092313915,0.119151525,-0.020590391,-0.106526121,-0.068245418,0.092313915,-0.119151525,-0.020590391
430,validation,5.768499851,0.023587830,0.003266135,0.105966516,-0.067385435,-0.092889242,0.117735617,-0.020058956,-0.105966516,-0.067385435,0.092889242,-0.117735617,-0.020058956
431,train,4.160999775,0.007938365,0.000229240,0.106487133,-0.067978926,-0.092427671,0.118794732,-0.020514371,-0.106487133,-0.067978926,0.092427671,-0.118794732,-0.020514371
432,train,102.574996948,0.489109010,0.122153433,0.098006301,-0.048688971,-0.100980341,0.094160303,-0.019213717,-0.098006301,-0.048688971,0.100980341,-0.094160303,-0.019213717
433,train,18.525499344,0.034402676,0.001812429,0.106171511,-0.067031667,-0.093058005,0.117645942,-0.020286685,-0.106171511,-0.067031667,0.093058005,-0.117645942,-0.020286685
434,train,8.998499870,0.018345062,0.000000000,0.104923286,-0.066298060,-0.093428388,0.116033882,-0.019889627,-0.104923286,-0.066298060,0.093428388,-0.116033882,-0.019889627
435,validation,4.792500019,0.008118718,0.000000000,0.106520541,-0.068103202,-0.092367508,0.118926264,-0.020603245,-0.106520541,-0.068103202,0.092367508,-0.118926264,-0.020603245
436,train,56.051498413,0.139101446,0.010219640,0.103886865,-0.062659964,-0.095284738,0.111332886,-0.019183435,-0.103886865,-0.062659964,0.095284738,-0.111332886,-0.019183435
437,train,64.913002014,0.110753924,0.017560094,0.103993647,-0.060371593,-0.096416727,0.108870193,-0.019052871,-0.103993647,-0.060371593,0.096416727,-0.108870193,-0.019052871
438,train,6.611999989,0.005575890,0.000234525,0.106551781,-0.068202607,-0.092313141,0.119101278,-0.020541279,-0.106551781,-0.068202607,0.092313141,-0.119101278,-0.020541279
439,validation,23.603000641,0.017935619,0.000302665,0.106054619,-0.066878743,-0.092702933,0.116524756,-0.020016793,-0.106054619,-0.066878743,0.092702933,-0.116524756,-0.020016793
440,train,28.295499802,0.003459243,0.002581141,0.106458388,-0.067642882,-0.092527695,0.118135251,-0.020455005,-0.106458388,-0.067642882,0.092527695,-0.118135251,-0.020455005
441,train,129.679992676,0.561138928,0.144410894,0.099304639,-0.048923578,-0.102447495,0.092338271,-0.019614194,-0.099304639,-0.048923578,0.102447495,-0.092338271,-0.019614194
442,holdout,4.679500103,0.003076080,0.000443057,0.106594704,-0.068279378,-0.092308931,0.119158208,-0.020579861,-0.106594704,-0.068279378,0.092308931,-0.119158208,-0.020579861
443,holdout,4.616000175,0.007116797,0.000000000,0.106504463,-0.068141975,-0.092357650,0.119022615,-0.020569481,-0.106504463,-0.068141975,0.092357650,-0.119022615,-0.020569481
444,validation,37.990001678,0.034843825,0.007694165,0.105770074,-0.066054381,-0.093396895,0.116025396,-0.019851865,-0.105770074,-0.066054381,0.093396895,-0.116025396,-0.019851865
445,holdout,10.152000427,0.010035360,0.000000000,0.105516672,-0.066963665,-0.092928462,0.116638176,-0.019760147,-0.105516672,-0.066963665,0.092928462,-0.116638176,-0.019760147
446,validation,8.102000237,0.011909660,0.000217181,0.106325403,-0.067900836,-0.092511401,0.118818745,-0.020552617,-0.106325403,-0.067900836,0.092511401,-0.118818745,-0.020552617
447,holdout,18.781999588,0.017344980,0.000233240,0.106300943,-0.067015082,-0.093057692,0.117468297,-0.020181730,-0.106300943,-0.067015082,0.093057692,-0.117468297,-0.020181730
448,train,9.670499802,0.008654193,0.000000000,0.106512196,-0.067725763,-0.092451051,0.118370228,-0.020248050,-0.106512196,-0.067725763,0.092451051,-0.118370228,-0.020248050
449,train,8.859499931,0.013518646,0.000407161,0.105576031,-0.066543981,-0.093254015,0.116482161,-0.019949546,-0.105576031,-0.066543981,0.093254015,-0.116482161,-0.019949546
450,train,25.953500748,0.022766395,0.000725045,0.105730683,-0.066221528,-0.093115367,0.116030850,-0.019856267,-0.105730683,-0.066221528,0.093115367,-0.116030850,-0.019856267
451,train,1.683500051,0.004041450,0.000000000,0.106599793,-0.068291478,-0.092243321,0.119109333,-0.020521671,-0.106599793,-0.068291478,0.092243321,-0.119109333,-0.020521671
452,train,92.338500977,0.150350198,0.032453442,0.102763988,-0.058238946,-0.096430734,0.104706094,-0.019356294,-0.102763988,-0.058238946,0.096430734,-0.104706094,-0.019356294
453,train,46.867500305,0.084129050,0.009949768,0.104951002,-0.063992471,-0.094673887,0.113263145,-0.019620379,-0.104951002,-0.063992471,0.094673887,-0.113263145,-0.019620379
454,holdout,4.751999855,0.006169489,0.000234525,0.106562689,-0.068208940,-0.092352115,0.119074233,-0.020568796,-0.106562689,-0.068208940,0.092352115,-0.119074233,-0.020568796
455,train,3.970499992,0.000007100,0.000000000,0.106580697,-0.068420976,-0.092186600,0.119242162,-0.020537883,-0.106580697,-0.068420976,0.092186600,-0.119242162,-0.020537883
456,train,1.832499981,0.003565414,0.000000000,0.106544092,-0.068291433,-0.092296347,0.119165540,-0.020584755,-0.106544092,-0.068291433,0.092296347,-0.119165540,-0.020584755
457,train,80.932502747,0.155622870,0.019906279,0.102456741,-0.059323870,-0.096802533,0.107678548,-0.018661998,-0.102456741,-0.059323870,0.096802533,-0.107678548,-0.018661998
458,train,58.430500031,0.142834127,0.012012314,0.102753192,-0.061716788,-0.095263608,0.107766427,-0.017984459,-0.102753192,-0.061716788,0.095263608,-0.107766427,-0.017984459
459,validation,66.719001770,0.196577966,0.030769477,0.103130884,-0.061446883,-0.096720733,0.110325441,-0.018502457,-0.103130884,-0.061446883,0.096720733,-0.110325441,-0.018502457
460,train,14.224499702,0.009116070,0.000000000,0.105802983,-0.067209579,-0.092635974,0.117239952,-0.019796293,-0.105802983,-0.067209579,0.092635974,-0.117239952,-0.019796293
461,train,56.368999481,0.242082104,0.038605370,0.099847049,-0.053862672,-0.098747022,0.097792491,-0.017765395,-0.099847049,-0.053862672,0.098747022,-0.097792491,-0.017765395
462,train,18.790500641,0.031367779,0.002010161,0.106242545,-0.067067511,-0.093064256,0.117647536,-0.020226173,-0.106242545,-0.067067511,0.093064256,-0.117647536,-0.020226173
463,holdout,6.129000187,0.016764021,0.000433131,0.106165610,-0.067641795,-0.092650317,0.118498608,-0.020439710,-0.106165610,-0.067641795,0.092650317,-0.118498608,-0.020439710
464,train,4.342500210,0.008432262,0.000152834,0.106468976,-0.067958519,-0.092418440,0.118745416,-0.020428784,-0.106468976,-0.067958519,0.092418440,-0.118745416,-0.020428784
465,train,34.425498962,0.051391069,0.004490891,0.105607674,-0.065369926,-0.093727522,0.115535125,-0.020193145,-0.105607674,-0.065369926,0.093727522,-0.115535125,-0.020193145
466,train,3.611000061,0.005953455,0.000000000,0.106494114,-0.068224140,-0.092321940,0.119081028,-0.020552052,-0.106494114,-0.068224140,0.092321940,-0.119081028,-0.020552052
467,train,81.232498169,0.167070091,0.027312557,0.101257026,-0.056773871,-0.096969046,0.102327332,-0.019429868,-0.101257026,-0.056773871,0.096969046,-0.102327332,-0.019429868
468,train,1.879500031,0.005344200,0.000000000,0.106519468,-0.068238273,-0.092313804,0.119148605,-0.020572836,-0.106519468,-0.068238273,0.092313804,-0.119148605,-0.020572836
469,train,1.616500020,0.004340099,0.000000000,0.106557712,-0.068285629,-0.092286043,0.119179145,-0.020570315,-0.106557712,-0.068285629,0.092286043,-0.119179145,-0.020570315
470,train,1.685999990,0.004541139,0.000000000,0.106555097,-0.068281442,-0.092288569,0.119173922,-0.020569256,-0.106555097,-0.068281442,0.092288569,-0.119173922,-0.020569256
471,validation,21.114999771,0.011364240,0.003923172,0.106352679,-0.067424737,-0.092560984,0.117947035,-0.020289715,-0.106352679,-0.067424737,0.092560984,-0.117947035,-0.020289715
472,train,53.478500366,0.120139480,0.045815399,0.103353903,-0.058168463,-0.097043328,0.102480091,-0.015400309,-0.103353903,-0.058168463,0.097043328,-0.102480091,-0.015400309
473,train,3.282000065,0.005538337,0.000000000,0.106548071,-0.068222217,-0.092319712,0.119086459,-0.020584775,-0.106548071,-0.068222217,0.092319712,-0.119086459,-0.020584775
474,train,110.211997986,0.299087405,0.071140454,0.100901127,-0.054120988,-0.099948667,0.099765889,-0.017854819,-0.100901127,-0.054120988,0.099948667,-0.099765889,-0.017854819
475,holdout,19.153999329,0.016741933,0.000233240,0.106209159,-0.067008339,-0.093041122,0.117538825,-0.020208959,-0.106209159,-0.067008339,0.093041122,-0.117538825,-0.020208959
476,validation,57.633998871,0.119120866,0.015396399,0.104240485,-0.061799195,-0.095384635,0.111227036,-0.019652208,-0.104240485,-0.061799195,0.095384635,-0.111227036,-0.019652208
477,train,31.113000870,0.035578482,0.002879937,0.106030867,-0.065890379,-0.093447454,0.116239429,-0.020175567,-0.106030867,-0.065890379,0.093447454,-0.116239429,-0.020175567
478,train,4.873499870,0.008554023,0.000000000,0.106112435,-0.067864008,-0.092478424,0.118370242,-0.020272421,-0.106112435,-0.067864008,0.092478424,-0.118370242,-0.020272421
479,train,37.993499756,0.129885882,0.008071646,0.104250863,-0.061544430,-0.095332220,0.110650443,-0.020246385,-0.104250863,-0.061544430,0.095332220,-0.110650443,-0.020246385
480,train,120.013000488,0.413373947,0.105653450,0.096170105,-0.043832343,-0.103082970,0.082369447,-0.017341005,-0.096170105,-0.043832343,0.103082970,-0.082369447,-0.017341005
481,train,3.180999994,0.006412058,0.000000000,0.106546856,-0.068192400,-0.092350520,0.119081341,-0.020621451,-0.106546856,-0.068192400,0.092350520,-0.119081341,-0.020621451
482,train,4.453499794,0.006289547,0.000229240,0.106387623,-0.067798994,-0.092545621,0.118535385,-0.020582277,-0.106387623,-0.067798994,0.092545621,-0.118535385,-0.020582277
483,train,33.126998901,0.035633329,0.001742324,0.104226500,-0.064571984,-0.094188005,0.113955095,-0.019298714,-0.104226500,-0.064571984,0.094188005,-0.113955095,-0.019298714
484,holdout,20.457500458,0.250334144,0.002544719,0.105954587,-0.065995805,-0.093650155,0.117032729,-0.020027621,-0.105954587,-0.065995805,0.093650155,-0.117032729,-0.020027621
485,train,91.608001709,0.254825890,0.054909763,0.102218673,-0.057068776,-0.098315790,0.102250859,-0.019890876,-0.102218673,-0.057068776,0.098315790,-0.102250859,-0.019890876
486,holdout,43.126998901,0.058148727,0.021772320,0.104817197,-0.063592345,-0.094631284,0.112283781,-0.020157168,-0.104817197,-0.063592345,0.094631284,-0.112283781,-0.020157168
487,train,1.856500030,0.003086407,0.000000000,0.106603771,-0.068273738,-0.092307828,0.119175546,-0.020589465,-0.106603771,-0.068273738,0.092307828,-0.119175546,-0.020589465
488,validation,2.598999977,0.008619900,0.000000000,0.106173217,-0.067855671,-0.092575617,0.118408382,-0.020427251,-0.106173217,-0.067855671,0.092575617,-0.118408382,-0.020427251
489,train,0.200000003,0.005012481,0.000405902,0.106517218,-0.068072058,-0.092347659,0.119033627,-0.020504344,-0.106517218,-0.068072058,0.092347659,-0.119033627,-0.020504344
490,validation,32.111000061,0.032479081,0.013662426,0.105910487,-0.065926969,-0.093451940,0.116017617,-0.020032138,-0.105910487,-0.065926969,0.093451940,-0.116017617,-0.020032138
491,validation,2.334000111,0.002803228,0.000000000,0.106585518,-0.068337224,-0.092258409,0.119232379,-0.020598102,-0.106585518,-0.068337224,0.092258409,-0.119232379,-0.020598102
492,holdout,56.306499481,0.130719766,0.015891876,0.104493380,-0.062176101,-0.095398024,0.111022554,-0.020111891,-0.104493380,-0.062176101,0.095398024,-0.111022554,-0.020111891
493,holdout,19.927999496,0.016043443,0.000000000,0.106291391,-0.067181356,-0.092819214,0.117793575,-0.020211354,-0.106291391,-0.067181356,0.092819214,-0.117793575,-0.020211354
494,train,7.653500080,0.009395852,0.000294885,0.106508560,-0.068004556,-0.092462912,0.118815474,-0.020598508,-0.106508560,-0.068004556,0.092462912,-0.118815474,-0.020598508
495,train,40.710998535,0.042272285,0.006556504,0.103200190,-0.062461708,-0.094823830,0.109275497,-0.017873095,-0.103200190,-0.062461708,0.094823830,-0.109275497,-0.017873095
496,validation,13.387000084,0.027302457,0.001286933,0.106264345,-0.067106634,-0.092824705,0.117882371,-0.020369699,-0.106264345,-0.067106634,0.092824705,-0.117882371,-0.020369699
497,validation,1.464499950,0.002951729,0.000000000,0.106588148,-0.068305172,-0.092248447,0.119148962,-0.020528585,-0.106588148,-0.068305172,0.092248447,-0.119148962,-0.020528585
498,train,5.876500130,0.011758318,0.000219238,0.106354013,-0.067900054,-0.092390426,0.118548706,-0.020398092,-0.106354013,-0.067900054,0.092390426,-0.118548706,-0.020398092
499,validation,21.149499893,0.020836465,0.007287137,0.105095603,-0.065829277,-0.093502298,0.115184382,-0.019521179,-0.105095603,-0.065829277,0.093502298,-0.115184382,-0.019521179
500,train,28.497999191,0.034310393,0.003191597,0.103975557,-0.063872539,-0.094487943,0.112285949,-0.019075910,-0.103975557,-0.063872539,0.094487943,-0.112285949,-0.019075910
501,train,1.460999966,0.004256120,0.000000000,0.106577821,-0.068247117,-0.092331514,0.119126804,-0.020588208,-0.106577821,-0.068247117,0.092331514,-0.119126804,-0.020588208
502,train,147.085998535,0.627450883,0.146979059,0.096798159,-0.043642431,-0.103909753,0.084558874,-0.018740473,-0.096798159,-0.043642431,0.103909753,-0.084558874,-0.018740473
503,validation,16.120000839,0.015781138,0.008928357,0.105576642,-0.066443883,-0.093011051,0.115835853,-0.019717587,-0.105576642,-0.066443883,0.093011051,-0.115835853,-0.019717587
504,holdout,21.822000504,0.014897092,0.000000000,0.106412932,-0.067319416,-0.092823260,0.117797256,-0.020241464,-0.106412932,-0.067319416,0.092823260,-0.117797256,-0.020241464
505,train,31.142499924,0.017432813,0.015983225,0.105961598,-0.066673122,-0.092991963,0.116929621,-0.020173427,-0.105961598,-0.066673122,0.092991963,-0.116929621,-0.020173427
506,train,28.314500809,0.021364694,0.003981474,0.105730012,-0.066873275,-0.092935853,0.116798602,-0.019888731,-0.105730012,-0.066873275,0.092935853,-0.116798602,-0.019888731
507,train,106.343498230,0.447192729,0.106822356,0.097879566,-0.049440637,-0.100055784,0.093795985,-0.018038392,-0.097879566,-0.049440637,0.100055784,-0.093795985,-0.018038392
508,train,148.107498169,0.718191743,0.183607586,0.098805539,-0.046076529,-0.103374407,0.088421553,-0.019742087,-0.098805539,-0.046076529,0.103374407,-0.088421553,-0.019742087
509,train,26.060499191,0.026091605,0.026752268,0.105963118,-0.066332020,-0.092986494,0.116212808,-0.019782495,-0.105963118,-0.066332020,0.092986494,-0.116212808,-0.019782495
510,train,51.032001495,0.029005008,0.007312477,0.105766036,-0.065453306,-0.093442582,0.114791155,-0.019616943,-0.105766036,-0.065453306,0.093442582,-0.114791155,-0.019616943
511,train,22.973499298,0.033279028,0.005601923,0.105526716,-0.065974288,-0.093280412,0.115895659,-0.020349890,-0.105526716,-0.065974288,0.093280412,-0.115895659,-0.020349890
512,train,16.434499741,0.021581469,0.000898881,0.106038891,-0.066637136,-0.093083829,0.117197171,-0.020489944,-0.106038891,-0.066637136,0.093083829,-0.117197171,-0.020489944
513,holdout,1.883999944,0.002551307,0.000000000,0.106583469,-0.068282127,-0.092340805,0.119140625,-0.020597884,-0.106583469,-0.068282127,0.092340805,-0.119140625,-0.020597884
514,train,3.818500042,0.010738574,0.000008734,0.106458448,-0.067677081,-0.092505626,0.118320920,-0.020536566,-0.106458448,-0.067677081,0.092505626,-0.118320920,-0.020536566
515,train,6.199999809,0.005660072,0.000000000,0.106534980,-0.068241529,-0.092301361,0.119116016,-0.020585665,-0.106534980,-0.068241529,0.092301361,-0.119116016,-0.020585665
516,train,46.532001495,0.056299798,0.008237896,0.105268613,-0.064874530,-0.094159372,0.113015167,-0.018707339,-0.105268613,-0.064874530,0.094159372,-0.113015167,-0.018707339
517,validation,29.916000366,0.019858457,0.032292237,0.105715543,-0.066642731,-0.093104608,0.116849251,-0.020088017,-0.105715543,-0.066642731,0.093104608,-0.116849251,-0.020088017
518,train,115.091003418,0.573464394,0.137063626,0.093647897,-0.043506660,-0.103743389,0.084969588,-0.015987674,-0.093647897,-0.043506660,0.103743389,-0.084969588,-0.015987674
519,validation,4.716000080,0.004768787,0.000234525,0.106550768,-0.068257451,-0.092313386,0.119109012,-0.020581670,-0.106550768,-0.068257451,0.092313386,-0.119109012,-0.020581670
520,train,43.043498993,0.043244403,0.020577649,0.103671096,-0.062944107,-0.094317630,0.110557348,-0.018962018,-0.103671096,-0.062944107,0.094317630,-0.110557348,-0.018962018
521,train,55.217498779,0.117589422,0.010554864,0.103802346,-0.061336774,-0.095194399,0.110409997,-0.019956015,-0.103802346,-0.061336774,0.095194399,-0.110409997,-0.019956015
522,validation,89.164497375,0.192346111,0.021459208,0.102236606,-0.057362031,-0.097478949,0.104018509,-0.019656749,-0.102236606,-0.057362031,0.097478949,-0.104018509,-0.019656749
523,train,13.997500420,0.001409965,0.000000000,0.106596805,-0.068448573,-0.092214823,0.119327590,-0.020570833,-0.106596805,-0.068448573,0.092214823,-0.119327590,-0.020570833
524,train,42.061000824,0.075523429,0.003460177,0.105236597,-0.065303750,-0.094290897,0.114024036,-0.019067699,-0.105236597,-0.065303750,0.094290897,-0.114024036,-0.019067699
525,train,21.098499298,0.027466105,0.005757760,0.106028341,-0.067354888,-0.092949457,0.118041366,-0.020177491,-0.106028341,-0.067354888,0.092949457,-0.118041366,-0.020177491
526,holdout,3.574500084,0.006076285,0.000000000,0.106517658,-0.068247795,-0.092322238,0.119093038,-0.020568263,-0.106517658,-0.068247795,0.092322238,-0.119093038,-0.020568263
527,train,2.525000095,0.002084667,0.000000000,0.106602862,-0.068321809,-0.092239857,0.119183078,-0.020563496,-0.106602862,-0.068321809,0.092239857,-0.119183078,-0.020563496
528,train,1.651999950,0.004301813,0.000000000,0.106559873,-0.068269126,-0.092283882,0.119192280,-0.020566527,-0.106559873,-0.068269126,0.092283882,-0.119192280,-0.020566527
529,holdout,150.289993286,1.164732933,0.195606456,0.090992972,-0.030578047,-0.111615717,0.062973931,-0.019278927,-0.090992972,-0.030578047,0.111615717,-0.062973931,-0.019278927
530,train,4.986499786,0.005849783,0.000234525,0.106558137,-0.068238460,-0.092302054,0.119118936,-0.020581901,-0.106558137,-0.068238460,0.092302054,-0.119118936,-0.020581901
531,train,96.990997314,0.142332435,0.009760177,0.101520382,-0.057088010,-0.097334519,0.102979787,-0.018780388,-0.101520382,-0.057088010,0.097334519,-0.102979787,-0.018780388
532,train,35.192001343,0.041740727,0.006362666,0.105391525,-0.064438879,-0.094314054,0.113988243,-0.019899476,-0.105391525,-0.064438879,0.094314054,-0.113988243,-0.019899476
533,train,18.496999741,0.026801638,0.001559810,0.106071271,-0.066541731,-0.093190134,0.116812684,-0.020368695,-0.106071271,-0.066541731,0.093190134,-0.116812684,-0.020368695
534,holdout,36.959499359,0.031022614,0.004884829,0.105877295,-0.065649740,-0.093515322,0.115662083,-0.020084456,-0.105877295,-0.065649740,0.093515322,-0.115662083,-0.020084456
535,train,5.863999844,0.006409370,0.000368878,0.106518663,-0.068220854,-0.092327319,0.119126178,-0.020569831,-0.106518663,-0.068220854,0.092327319,-0.119126178,-0.020569831
536,train,1.138499975,0.001514853,0.000000000,0.106614016,-0.068427049,-0.092214234,0.119294278,-0.020595763,-0.106614016,-0.068427049,0.092214234,-0.119294278,-0.020595763
537,train,152.447998047,1.278423548,0.274284525,0.088343501,-0.025970420,-0.113861501,0.062425163,-0.019141106,-0.088343501,-0.025970420,0.113861501,-0.062425163,-0.019141106
538,train,6.107500076,0.012216225,0.000427633,0.106250636,-0.067863919,-0.092502631,0.118640654,-0.020481640,-0.106250636,-0.067863919,0.092502631,-0.118640654,-0.020481640
539,train,90.660003662,0.255867451,0.039661756,0.098585963,-0.046148103,-0.103611924,0.091173850,-0.016356433,-0.098585963,-0.046148103,0.103611924,-0.091173850,-0.016356433
540,validation,24.205999374,0.023024246,0.007121017,0.104898974,-0.065843627,-0.093168251,0.114792526,-0.019666335,-0.104898974,-0.065843627,0.093168251,-0.114792526,-0.019666335
541,train,85.888000488,0.231103957,0.040781120,0.101000004,-0.054592632,-0.097624533,0.099727653,-0.018633839,-0.101000004,-0.054592632,0.097624533,-0.099727653,-0.018633839
542,validation,20.938999176,0.008294846,0.000000000,0.106411047,-0.067418255,-0.092660032,0.118224785,-0.020351406,-0.106411047,-0.067418255,0.092660032,-0.118224785,-0.020351406
543,train,17.248500824,0.013615794,0.000004393,0.105964400,-0.067374609,-0.092930533,0.117834747,-0.020157402,-0.105964400,-0.067374609,0.092930533,-0.117834747,-0.020157402
544,train,141.395004272,0.873168170,0.122276720,0.085279703,-0.027582310,-0.115521461,0.067291558,-0.016765174,-0.085279703,-0.027582310,0.115521461,-0.067291558,-0.016765174
545,train,3.677500010,0.005652254,0.000000000,0.106577247,-0.068233490,-0.092338331,0.119105518,-0.020587716,-0.106577247,-0.068233490,0.092338331,-0.119105518,-0.020587716
546,train,4.203499794,0.006199236,0.000000000,0.106531754,-0.068191089,-0.092329688,0.119053796,-0.020586956,-0.106531754,-0.068191089,0.092329688,-0.119053796,-0.020586956
547,train,26.806499481,0.026100827,0.021404053,0.105524294,-0.066075176,-0.093072653,0.115574166,-0.019846857,-0.105524294,-0.066075176,0.093072653,-0.115574166,-0.019846857
548,validation,18.318500519,0.021825748,0.015194745,0.105931893,-0.067066245,-0.092734337,0.116870761,-0.020122483,-0.105931893,-0.067066245,0.092734337,-0.116870761,-0.020122483
549,train,34.951000214,0.045163598,0.006211615,0.105620191,-0.065374628,-0.093773015,0.115583971,-0.020174954,-0.105620191,-0.065374628,0.093773015,-0.115583971,-0.020174954
550,train,6.914999962,0.005660331,0.000000000,0.106531635,-0.068179205,-0.092301041,0.119032986,-0.020556649,-0.106531635,-0.068179205,0.092301041,-0.119032986,-0.020556649
551,train,38.468498230,0.071076334,0.002951245,0.105541296,-0.065887883,-0.093705826,0.115182534,-0.019321380,-0.105541296,-0.065887883,0.093705826,-0.115182534,-0.019321380
552,train,14.590000153,0.002769234,0.000000000,0.106582716,-0.068390645,-0.092232369,0.119348422,-0.020596631,-0.106582716,-0.068390645,0.092232369,-0.119348422,-0.020596631
553,train,28.863500595,0.012081087,0.009032681,0.106135413,-0.067170821,-0.092722781,0.117431536,-0.020278195,-0.106135413,-0.067170821,0.092722781,-0.117431536,-0.020278195
554,train,4.821499825,0.005680617,0.000234525,0.106567785,-0.068240024,-0.092304096,0.119121410,-0.020567855,-0.106567785,-0.068240024,0.092304096,-0.119121410,-0.020567855
555,holdout,3.783499956,0.007296013,0.000958922,0.106530949,-0.068077244,-0.092391558,0.118891843,-0.020521937,-0.106530949,-0.068077244,0.092391558,-0.118891843,-0.020521937
556,train,8.354499817,0.010411976,0.001562001,0.106323048,-0.067829400,-0.092490777,0.118546352,-0.020544278,-0.106323048,-0.067829400,0.092490777,-0.118546352,-0.020544278
557,train,175.509002686,1.083747745,0.199355615,0.090476677,-0.031647600,-0.110236347,0.065831028,-0.019837776,-0.090476677,-0.031647600,0.110236347,-0.065831028,-0.019837776
558,train,76.194000244,0.302601308,0.052618070,0.101638339,-0.055236742,-0.097777881,0.101335667,-0.020551646,-0.101638339,-0.055236742,0.097777881,-0.101335667,-0.020551646
559,holdout,15.265500069,0.014035954,0.000009370,0.106316760,-0.067133568,-0.092866682,0.117534235,-0.020282008,-0.106316760,-0.067133568,0.092866682,-0.117534235,-0.020282008
560,train,86.013496399,0.385926723,0.054256517,0.093874440,-0.041604459,-0.106412522,0.086140536,-0.016777070,-0.093874440,-0.041604459,0.106412522,-0.086140536,-0.016777070
561,train,24.113500595,0.010340114,0.000000000,0.106385089,-0.067466952,-0.092779368,0.118074648,-0.020273216,-0.106385089,-0.067466952,0.092779368,-0.118074648,-0.020273216
562,validation,81.392997742,0.216676652,0.071549362,0.100402541,-0.053124055,-0.099263258,0.098643370,-0.017846325,-0.100402541,-0.053124055,0.099263258,-0.098643370,-0.017846325
563,validation,27.863500595,0.007088546,0.000509113,0.106364392,-0.067727670,-0.092469320,0.118163526,-0.020299317,-0.106364392,-0.067727670,0.092469320,-0.118163526,-0.020299317
564,validation,60.027000427,0.125535533,0.025900160,0.100075223,-0.054442391,-0.097988024,0.098293379,-0.015229344,-0.100075223,-0.054442391,0.097988024,-0.098293379,-0.015229344
565,train,112.805000305,0.432155102,0.109703800,0.098651730,-0.044638060,-0.103374429,0.082756571,-0.016273011,-0.098651730,-0.044638060,0.103374429,-0.082756571,-0.016273011
566,validation,19.931499481,0.027442355,0.005832625,0.105141081,-0.065636739,-0.093619928,0.115365118,-0.019581391,-0.105141081,-0.065636739,0.093619928,-0.115365118,-0.019581391
567,train,49.935501099,0.238820955,0.041172279,0.102339141,-0.056909379,-0.098787680,0.103220820,-0.017730687,-0.102339141,-0.056909379,0.098787680,-0.103220820,-0.017730687
568,holdout,10.114500046,0.005845489,0.000000000,0.106484480,-0.068115756,-0.092342809,0.118842117,-0.020501494,-0.106484480,-0.068115756,0.092342809,-0.118842117,-0.020501494
569,train,31.179500580,0.064716540,0.008530945,0.103143439,-0.059110023,-0.096807845,0.103890955,-0.017524827,-0.103143439,-0.059110023,0.096807845,-0.103890955,-0.017524827
570,holdout,37.780998230,0.086578943,0.006913440,0.103293404,-0.061914295,-0.095251359,0.110157251,-0.018510368,-0.103293404,-0.061914295,0.095251359,-0.110157251,-0.018510368
571,train,8.253499985,0.002693168,0.000219179,0.106551297,-0.068229936,-0.092277080,0.119001791,-0.020485956,-0.106551297,-0.068229936,0.092277080,-0.119001791,-0.020485956
572,train,54.572498322,0.061540172,0.015243397,0.104905739,-0.063386396,-0.094578020,0.112233356,-0.019172952,-0.104905739,-0.063386396,0.094578020,-0.112233356,-0.019172952
573,train,18.538999557,0.023076512,0.000000000,0.106257640,-0.067029946,-0.093006454,0.117598228,-0.020234875,-0.106257640,-0.067029946,0.093006454,-0.117598228,-0.020234875
574,train,114.075996399,0.526385367,0.084575211,0.098276682,-0.048549946,-0.103034467,0.093554266,-0.017589319,-0.098276682,-0.048549946,0.103034467,-0.093554266,-0.017589319
575,train,110.725997925,0.318193436,0.099619161,0.098505422,-0.044314049,-0.101314463,0.082597464,-0.015126979,-0.098505422,-0.044314049,0.101314463,-0.082597464,-0.015126979
576,train,4.962999821,0.010919788,0.000223632,0.106320091,-0.067929551,-0.092419446,0.118592843,-0.020368610,-0.106320091,-0.067929551,0.092419446,-0.118592843,-0.020368610
577,train,11.673999786,0.006187810,0.000000000,0.106537879,-0.068237498,-0.092311315,0.119097993,-0.020536887,-0.106537879,-0.068237498,0.092311315,-0.119097993,-0.020536887
578,train,8.399000168,0.014219952,0.000004388,0.105544887,-0.066445693,-0.093282036,0.116469771,-0.019973172,-0.105544887,-0.066445693,0.093282036,-0.116469771,-0.019973172
579,train,1.111999989,0.002948049,0.000211368,0.106491700,-0.068279780,-0.092345558,0.119016983,-0.020493615,-0.106491700,-0.068279780,0.092345558,-0.119016983,-0.020493615
580,train,8.806500435,0.003358902,0.000015320,0.106377557,-0.068116836,-0.092293173,0.118546784,-0.020345395,-0.106377557,-0.068116836,0.092293173,-0.118546784,-0.020345395
581,train,72.086502075,0.106802911,0.022033326,0.102042653,-0.059229054,-0.097054958,0.106586643,-0.018708294,-0.102042653,-0.059229054,0.097054958,-0.106586643,-0.018708294
582,train,26.869499207,0.026516914,0.000449483,0.105523370,-0.066542536,-0.093195587,0.115163505,-0.019578319,-0.105523370,-0.066542536,0.093195587,-0.115163505,-0.019578319
583,holdout,167.923492432,0.912427127,0.220932957,0.090865895,-0.028580090,-0.110025272,0.065804154,-0.017596047,-0.090865895,-0.028580090,0.110025272,-0.065804154,-0.017596047
584,validation,28.210500717,0.038715474,0.013339899,0.104041852,-0.063894548,-0.094015904,0.112490222,-0.019074894,-0.104041852,-0.063894548,0.094015904,-0.112490222,-0.019074894
585,train,34.785499573,0.043498203,0.007262180,0.105923764,-0.066052593,-0.093168661,0.115827508,-0.020058500,-0.105923764,-0.066052593,0.093168661,-0.115827508,-0.020058500
586,train,19.368999481,0.020408137,0.000906575,0.104502939,-0.065016672,-0.093761101,0.114331678,-0.019395279,-0.104502939,-0.065016672,0.093761101,-0.114331678,-0.019395279
587,validation,5.979000092,0.002361244,0.000000000,0.106587820,-0.068385899,-0.092224672,0.119320825,-0.020568054,-0.106587820,-0.068385899,0.092224672,-0.119320825,-0.020568054
588,train,4.276999950,0.002877271,0.000234525,0.106598191,-0.068360701,-0.092250362,0.119221956,-0.020559240,-0.106598191,-0.068360701,0.092250362,-0.119221956,-0.020559240
589,train,43.857498169,0.057714935,0.010435285,0.104989842,-0.064110428,-0.094622105,0.113458104,-0.020367740,-0.104989842,-0.064110428,0.094622105,-0.113458104,-0.020367740
590,train,11.689999580,0.006652335,0.000000000,0.106537022,-0.068213582,-0.092332944,0.119060412,-0.020543071,-0.106537022,-0.068213582,0.092332944,-0.119060412,-0.020543071
591,train,8.088000298,0.009622412,0.000000000,0.106409058,-0.067932069,-0.092417911,0.118742220,-0.020426795,-0.106409058,-0.067932069,0.092417911,-0.118742220,-0.020426795
592,train,4.985499859,0.008035386,0.000228691,0.106532075,-0.068187341,-0.092311852,0.119058244,-0.020598745,-0.106532075,-0.068187341,0.092311852,-0.119058244,-0.020598745
593,holdout,13.277999878,0.010608870,0.000211682,0.106437512,-0.067657650,-0.092500210,0.118188389,-0.020354649,-0.106437512,-0.067657650,0.092500210,-0.118188389,-0.020354649
594,holdout,79.503501892,0.274591863,0.058805755,0.101011485,-0.054649942,-0.098578170,0.100478642,-0.018336115,-0.101011485,-0.054649942,0.098578170,-0.100478642,-0.018336115
595,holdout,7.863999844,0.010781384,0.000836952,0.106449336,-0.067873724,-0.092484809,0.118649371,-0.020599227,-0.106449336,-0.067873724,0.092484809,-0.118649371,-0.020599227
596,holdout,36.759998322,0.068838626,0.008167506,0.104416929,-0.062015187,-0.095238142,0.109470218,-0.018281555,-0.104416929,-0.062015187,0.095238142,-0.109470218,-0.018281555
597,train,25.645000458,0.013085460,0.000234525,0.106324904,-0.066999890,-0.092868574,0.117535360,-0.020186942,-0.106324904,-0.066999890,0.092868574,-0.117535360,-0.020186942
598,train,2.888999939,0.002294463,0.000000000,0.106591403,-0.068274803,-0.092268072,0.119141459,-0.020585638,-0.106591403,-0.068274803,0.092268072,-0.119141459,-0.020585638
599,validation,151.009994507,1.220734358,0.139672897,0.090434536,-0.032810330,-0.110049874,0.068944477,-0.019981852,-0.090434536,-0.032810330,0.110049874,-0.068944477,-0.019981852
600,validation,8.092000008,0.013186702,0.000217181,0.106342934,-0.067903042,-0.092535399,0.118818745,-0.020544963,-0.106342934,-0.067903042,0.092535399,-0.118818745,-0.020544963
601,holdout,101.992500305,0.447278857,0.064908757,0.098096035,-0.051288005,-0.099883161,0.096479230,-0.017920282,-0.098096035,-0.051288005,0.099883161,-0.096479230,-0.017920282
602,validation,6.704500198,0.002360804,0.000000000,0.106577978,-0.068368353,-0.092228189,0.119305454,-0.020570686,-0.106577978,-0.068368353,0.092228189,-0.119305454,-0.020570686
603,train,13.923500061,0.015741128,0.000451706,0.105837598,-0.067210406,-0.092740238,0.116735332,-0.019979434,-0.105837598,-0.067210406,0.092740238,-0.116735332,-0.019979434
604,validation,47.031501770,0.073610730,0.040968424,0.103956796,-0.061900776,-0.095331430,0.108979538,-0.018934445,-0.103956796,-0.061900776,0.095331430,-0.108979538,-0.018934445
605,validation,7.590000153,0.001678472,0.000234525,0.106572293,-0.068349779,-0.092222206,0.119260281,-0.020562341,-0.106572293,-0.068349779,0.092222206,-0.119260281,-0.020562341
606,train,38.718498230,0.067341365,0.008536791,0.104963444,-0.064221762,-0.094326362,0.112712480,-0.019441960,-0.104963444,-0.064221762,0.094326362,-0.112712480,-0.019441960
607,train,9.575499535,0.008680248,0.000063149,0.106552355,-0.068162709,-0.092397526,0.118995570,-0.020555316,-0.106552355,-0.068162709,0.092397526,-0.118995570,-0.020555316
608,train,3.641000032,0.008024598,0.000000000,0.106503509,-0.068186186,-0.092335895,0.119022809,-0.020581437,-0.106503509,-0.068186186,0.092335895,-0.119022809,-0.020581437
609,train,71.290000916,0.111919142,0.021920712,0.103866167,-0.060162563,-0.096738078,0.108501829,-0.019168219,-0.103866167,-0.060162563,0.096738078,-0.108501829,-0.019168219
610,train,10.591500282,0.019906970,0.000428475,0.106099077,-0.066908263,-0.093104638,0.117613152,-0.020373520,-0.106099077,-0.066908263,0.093104638,-0.117613152,-0.020373520
611,holdout,39.771999359,0.044644535,0.018520461,0.105152659,-0.064201385,-0.094416179,0.113237768,-0.020182708,-0.105152659,-0.064201385,0.094416179,-0.113237768,-0.020182708
612,train,63.678501129,0.180943355,0.021047587,0.102972865,-0.059401426,-0.096589737,0.106705986,-0.018655382,-0.102972865,-0.059401426,0.096589737,-0.106705986,-0.018655382
613,train,44.467998505,0.157176003,0.011499974,0.104959674,-0.064653493,-0.094703652,0.113616541,-0.019920003,-0.104959674,-0.064653493,0.094703652,-0.113616541,-0.019920003
614,train,10.773500443,0.006326637,0.001907711,0.106288023,-0.067726992,-0.092491269,0.118128024,-0.020282364,-0.106288023,-0.067726992,0.092491269,-0.118128024,-0.020282364
615,train,0.930499971,0.005625709,0.000217950,0.106420800,-0.068134010,-0.092437491,0.118936040,-0.020508939,-0.106420800,-0.068134010,0.092437491,-0.118936040,-0.020508939
616,train,32.134498596,0.106300816,0.011377618,0.102964260,-0.057482529,-0.098036386,0.102576651,-0.017518966,-0.102964260,-0.057482529,0.098036386,-0.102576651,-0.017518966
617,train,31.173999786,0.048568755,0.006200632,0.104684256,-0.063907936,-0.094348297,0.111653507,-0.018652806,-0.104684256,-0.063907936,0.094348297,-0.111653507,-0.018652806
618,train,107.914497375,0.131938711,0.039026900,0.102181822,-0.058139849,-0.096667923,0.102703623,-0.019441020,-0.102181822,-0.058139849,0.096667923,-0.102703623,-0.019441020
619,train,109.706001282,0.705458760,0.092900466,0.098295026,-0.046201449,-0.103273705,0.087490872,-0.016115589,-0.098295026,-0.046201449,0.103273705,-0.087490872,-0.016115589
620,train,21.551500320,0.015772918,0.001848587,0.106411137,-0.067072444,-0.092756808,0.117207401,-0.020173665,-0.106411137,-0.067072444,0.092756808,-0.117207401,-0.020173665
621,holdout,11.723999977,0.016528482,0.001376324,0.105934687,-0.067234494,-0.092907064,0.117421195,-0.020244984,-0.105934687,-0.067234494,0.092907064,-0.117421195,-0.020244984
622,train,62.589000702,0.120904557,0.021797476,0.102878489,-0.059559960,-0.096526913,0.107581802,-0.018771147,-0.102878489,-0.059559960,0.096526913,-0.107581802,-0.018771147
623,train,4.472000122,0.008379883,0.000161570,0.106509708,-0.068145722,-0.092318952,0.119000308,-0.020603763,-0.106509708,-0.068145722,0.092318952,-0.119000308,-0.020603763
624,train,131.717498779,0.596487522,0.185045061,0.094952621,-0.033699751,-0.107587710,0.068746082,-0.014949349,-0.094952621,-0.033699751,0.107587710,-0.068746082,-0.014949349
625,train,0.640999973,0.001478062,0.000000000,0.106593609,-0.068443000,-0.092187017,0.119366519,-0.020591769,-0.106593609,-0.068443000,0.092187017,-0.119366519,-0.020591769
626,holdout,29.052999496,0.026015103,0.003012372,0.106218368,-0.066371113,-0.093169071,0.116752513,-0.020191370,-0.106218368,-0.066371113,0.093169071,-0.116752513,-0.020191370
627,train,70.225502014,0.164105728,0.022839919,0.100028992,-0.056606229,-0.097635016,0.102402955,-0.018682927,-0.100028992,-0.056606229,0.097635016,-0.102402955,-0.018682927
628,train,57.244998932,0.201718301,0.008443365,0.103595249,-0.061337795,-0.095493674,0.109870821,-0.020854196,-0.103595249,-0.061337795,0.095493674,-0.109870821,-0.020854196
629,validation,9.213000298,0.008185390,0.001864054,0.106341444,-0.068074510,-0.092334598,0.118830979,-0.020408699,-0.106341444,-0.068074510,0.092334598,-0.118830979,-0.020408699
630,train,26.978000641,0.004964059,0.002822196,0.106419250,-0.067730084,-0.092503063,0.118198626,-0.020447191,-0.106419250,-0.067730084,0.092503063,-0.118198626,-0.020447191
631,holdout,36.814998627,0.060871042,0.006677051,0.104033686,-0.062587596,-0.095226638,0.110825382,-0.018913554,-0.104033686,-0.062587596,0.095226638,-0.110825382,-0.018913554
632,validation,91.380500793,0.295741647,0.076079954,0.098316416,-0.049683120,-0.100078546,0.092117220,-0.017917246,-0.098316416,-0.049683120,0.100078546,-0.092117220,-0.017917246
633,train,45.572498322,0.046524446,0.018688095,0.103335798,-0.062106609,-0.094372630,0.107379153,-0.018123280,-0.103335798,-0.062106609,0.094372630,-0.107379153,-0.018123280
634,train,2.688499928,0.005858480,0.000000000,0.106560215,-0.068182915,-0.092345282,0.119077563,-0.020621214,-0.106560215,-0.068182915,0.092345282,-0.119077563,-0.020621214
635,holdout,183.414001465,0.910375714,0.214321446,0.090693645,-0.027833460,-0.109736800,0.065597467,-0.017583959,-0.090693645,-0.027833460,0.109736800,-0.065597467,-0.017583959
636,train,14.833999634,0.024984613,0.002705853,0.105585113,-0.066373408,-0.093190141,0.116467707,-0.020148724,-0.105585113,-0.066373408,0.093190141,-0.116467707,-0.020148724
637,holdout,7.255499840,0.011863784,0.000000000,0.106378116,-0.067503892,-0.092632942,0.118219703,-0.020428553,-0.106378116,-0.067503892,0.092632942,-0.118219703,-0.020428553
638,train,28.705999374,0.031631473,0.002628752,0.105996519,-0.065889783,-0.093333691,0.116138659,-0.020355798,-0.105996519,-0.065889783,0.093333691,-0.116138659,-0.020355798
639,holdout,75.336997986,0.182983711,0.024493263,0.103388496,-0.059637796,-0.097288840,0.104938909,-0.017048176,-0.103388496,-0.059637796,0.097288840,-0.104938909,-0.017048176
640,validation,26.163000107,0.021390487,0.000915742,0.106365278,-0.066578865,-0.093280837,0.117144257,-0.020195972,-0.106365278,-0.066578865,0.093280837,-0.117144257,-0.020195972
641,train,15.016500473,0.004725927,0.000000000,0.106503375,-0.068094283,-0.092378743,0.118775420,-0.020473678,-0.106503375,-0.068094283,0.092378743,-0.118775420,-0.020473678
642,train,13.329500198,0.024468444,0.000214892,0.106027171,-0.066985443,-0.092980154,0.117394224,-0.020386409,-0.106027171,-0.066985443,0.092980154,-0.117394224,-0.020386409
643,train,15.244500160,0.018277502,0.000713725,0.105808280,-0.066951416,-0.092943557,0.116622277,-0.020144327,-0.105808280,-0.066951416,0.092943557,-0.116622277,-0.020144327
644,train,24.909999847,0.027724024,0.001666292,0.105206706,-0.065733641,-0.093086697,0.113801681,-0.018744349,-0.105206706,-0.065733641,0.093086697,-0.113801681,-0.018744349
645,train,39.873001099,0.130715296,0.006508816,0.104475163,-0.062655456,-0.095454484,0.111491449,-0.019447628,-0.104475163,-0.062655456,0.095454484,-0.111491449,-0.019447628
646,holdout,125.814002991,0.406046122,0.113199417,0.095673867,-0.043467723,-0.103435516,0.079999447,-0.016041910,-0.095673867,-0.043467723,0.103435516,-0.079999447,-0.016041910
647,holdout,16.513999939,0.009269538,0.000215053,0.106541395,-0.067739345,-0.092546515,0.118316904,-0.020440537,-0.106541395,-0.067739345,0.092546515,-0.118316904,-0.020440537
648,holdout,5.205999851,0.011131275,0.001331751,0.106431849,-0.067999765,-0.092336766,0.118817262,-0.020590283,-0.106431849,-0.067999765,0.092336766,-0.118817262,-0.020590283
649,train,37.700000763,0.038626529,0.006869494,0.105942659,-0.066198625,-0.093121924,0.115695201,-0.019860091,-0.105942659,-0.066198625,0.093121924,-0.115695201,-0.019860091
650,train,38.779998779,0.244186059,0.033459621,0.103518754,-0.059034411,-0.097755894,0.106896013,-0.018377380,-0.103518754,-0.059034411,0.097755894,-0.106896013,-0.018377380
651,train,1.973000050,0.005118298,0.000000000,0.106519744,-0.068234153,-0.092321202,0.119123749,-0.020582786,-0.106519744,-0.068234153,0.092321202,-0.119123749,-0.020582786
652,train,163.860504150,0.996122420,0.242483640,0.094129317,-0.029645551,-0.114333481,0.066070132,-0.016929913,-0.094129317,-0.029645551,0.114333481,-0.066070132,-0.016929913
653,holdout,13.890500069,0.026206078,0.001210096,0.106208988,-0.067304477,-0.092869662,0.118087538,-0.020362297,-0.106208988,-0.067304477,0.092869662,-0.118087538,-0.020362297
654,train,108.943496704,0.400548011,0.094653408,0.098651581,-0.046441466,-0.101426035,0.085270591,-0.016357703,-0.098651581,-0.046441466,0.101426035,-0.085270591,-0.016357703
655,validation,7.019000053,0.013575382,0.000171377,0.106055208,-0.067140952,-0.092799909,0.117491446,-0.019980988,-0.106055208,-0.067140952,0.092799909,-0.117491446,-0.019980988
656,holdout,100.519996643,0.307409614,0.087394330,0.099315017,-0.047171004,-0.101385601,0.087415434,-0.015905106,-0.099315017,-0.047171004,0.101385601,-0.087415434,-0.015905106
657,train,13.308500290,0.002378657,0.000000000,0.106607251,-0.068467736,-0.092217468,0.119362481,-0.020587845,-0.106607251,-0.068467736,0.092217468,-0.119362481,-0.020587845
658,train,20.004499435,0.019128755,0.000275563,0.105910257,-0.066933177,-0.093072310,0.117478378,-0.020225175,-0.105910257,-0.066933177,0.093072310,-0.117478378,-0.020225175
659,train,22.319999695,0.015198871,0.002468914,0.106270425,-0.066972204,-0.092729889,0.117092371,-0.020315554,-0.106270425,-0.066972204,0.092729889,-0.117092371,-0.020315554
660,train,65.462501526,0.148649201,0.018029662,0.104301572,-0.061324231,-0.095734484,0.109618366,-0.020248864,-0.104301572,-0.061324231,0.095734484,-0.109618366,-0.020248864
661,train,25.677999496,0.032475688,0.005231763,0.104460791,-0.063815452,-0.093895063,0.110609993,-0.018147135,-0.104460791,-0.063815452,0.093895063,-0.110609993,-0.018147135
662,train,26.168500900,0.028214553,0.002608432,0.104834720,-0.065236054,-0.093588330,0.113922998,-0.018927872,-0.104834720,-0.065236054,0.093588330,-0.113922998,-0.018927872
663,holdout,28.972000122,0.038895544,0.004257549,0.104565099,-0.064908363,-0.094117135,0.113060102,-0.019758243,-0.104565099,-0.064908363,0.094117135,-0.113060102,-0.019758243
664,train,32.397998810,0.104175001,0.003302956,0.101731941,-0.058456726,-0.096583217,0.105938144,-0.017785180,-0.101731941,-0.058456726,0.096583217,-0.105938144,-0.017785180
665,train,28.920999527,0.020396560,0.004081569,0.106134266,-0.067043878,-0.092876658,0.117114015,-0.019933673,-0.106134266,-0.067043878,0.092876658,-0.117114015,-0.019933673
666,train,23.800500870,0.018971449,0.007673722,0.106409475,-0.066770956,-0.093318701,0.116931811,-0.020177446,-0.106409475,-0.066770956,0.093318701,-0.116931811,-0.020177446
667,train,11.090000153,0.024212966,0.000058410,0.106068790,-0.066942014,-0.092958920,0.117043346,-0.020193700,-0.106068790,-0.066942014,0.092958920,-0.117043346,-0.020193700
668,train,7.489500046,0.009485315,0.000196074,0.106332004,-0.067908220,-0.092367500,0.118400931,-0.020328892,-0.106332004,-0.067908220,0.092367500,-0.118400931,-0.020328892
669,validation,145.550003052,0.818449020,0.188047022,0.092197135,-0.033167522,-0.110720657,0.070429966,-0.018324642,-0.092197135,-0.033167522,0.110720657,-0.070429966,-0.018324642
670,validation,28.216999054,0.051359389,0.005515324,0.103530079,-0.061080307,-0.095471092,0.107735902,-0.017490545,-0.103530079,-0.061080307,0.095471092,-0.107735902,-0.017490545
671,train,28.678499222,0.031402383,0.005784764,0.105637580,-0.065934688,-0.093150079,0.115855850,-0.020302182,-0.105637580,-0.065934688,0.093150079,-0.115855850,-0.020302182
672,validation,33.175998688,0.049794555,0.007230544,0.104541019,-0.063576967,-0.095170304,0.111969233,-0.018854959,-0.104541019,-0.063576967,0.095170304,-0.111969233,-0.018854959
673,validation,30.684000015,0.061952293,0.029479973,0.103209436,-0.062789634,-0.095292196,0.111611351,-0.019080799,-0.103209436,-0.062789634,0.095292196,-0.111611351,-0.019080799
674,train,30.420999527,0.038400561,0.004414585,0.105690315,-0.065648817,-0.093601391,0.115621343,-0.020020181,-0.105690315,-0.065648817,0.093601391,-0.115621343,-0.020020181
675,train,3.250999928,0.001464973,0.000000000,0.106523335,-0.068190902,-0.092339136,0.119061850,-0.020562146,-0.106523335,-0.068190902,0.092339136,-0.119061850,-0.020562146
676,validation,4.592999935,0.006278468,0.000000000,0.106525637,-0.068161003,-0.092351295,0.119013369,-0.020572824,-0.106525637,-0.068161003,0.092351295,-0.119013369,-0.020572824
677,train,88.669502258,0.241690606,0.049795383,0.102569066,-0.057577055,-0.097787403,0.102844365,-0.020240948,-0.102569066,-0.057577055,0.097787403,-0.102844365,-0.020240948
678,train,12.844499588,0.014468383,0.000243312,0.105985038,-0.067133367,-0.092832290,0.116888940,-0.019942656,-0.105985038,-0.067133367,0.092832290,-0.116888940,-0.019942656
679,validation,5.822500229,0.010959311,0.000007615,0.106296673,-0.067932151,-0.092474729,0.118729562,-0.020551102,-0.106296673,-0.067932151,0.092474729,-0.118729562,-0.020551102
680,holdout,39.689498901,0.091872342,0.006498218,0.103029668,-0.061746676,-0.095690869,0.110553019,-0.018228529,-0.103029668,-0.061746676,0.095690869,-0.110553019,-0.018228529
681,train,14.588999748,0.007671602,0.000000000,0.105473563,-0.067446813,-0.092549384,0.116572157,-0.019951453,-0.105473563,-0.067446813,0.092549384,-0.116572157,-0.019951453
682,train,80.204498291,0.150895074,0.035958037,0.099758506,-0.052210033,-0.100011192,0.095163092,-0.015556284,-0.099758506,-0.052210033,0.100011192,-0.095163092,-0.015556284
683,train,131.575500488,0.701287985,0.198153542,0.088449679,-0.033013053,-0.112217098,0.071668334,-0.015230307,-0.088449679,-0.033013053,0.112217098,-0.071668334,-0.015230307
684,train,59.838500977,0.128025591,0.011878139,0.103620321,-0.061301060,-0.095486425,0.109921925,-0.019546703,-0.103620321,-0.061301060,0.095486425,-0.109921925,-0.019546703
685,train,3.647500038,0.004838790,0.000000000,0.106591426,-0.068253450,-0.092305131,0.119133048,-0.020591998,-0.106591426,-0.068253450,0.092305131,-0.119133048,-0.020591998
686,train,13.241000175,0.014803284,0.001479213,0.106182702,-0.066662870,-0.093086436,0.116798833,-0.020079777,-0.106182702,-0.066662870,0.093086436,-0.116798833,-0.020079777
687,train,22.777999878,0.025097137,0.010406190,0.106065743,-0.066535182,-0.093209803,0.116877213,-0.019997498,-0.106065743,-0.066535182,0.093209803,-0.116877213,-0.019997498
688,train,36.359001160,0.052531768,0.007511932,0.105713807,-0.065284356,-0.093891732,0.115166791,-0.019819332,-0.105713807,-0.065284356,0.093891732,-0.115166791,-0.019819332
689,holdout,3.654000044,0.006125293,0.000000000,0.106514908,-0.068254784,-0.092324317,0.119091161,-0.020568468,-0.106514908,-0.068254784,0.092324317,-0.119091161,-0.020568468
690,validation,69.123001099,0.103446245,0.018549446,0.103700541,-0.060051106,-0.095872298,0.107027508,-0.019285012,-0.103700541,-0.060051106,0.095872298,-0.107027508,-0.019285012
691,train,94.385498047,0.164699703,0.038113780,0.102578402,-0.058729578,-0.097473539,0.104868785,-0.019324858,-0.102578402,-0.058729578,0.097473539,-0.104868785,-0.019324858
692,validation,3.608500004,0.002936526,0.000000000,0.106557772,-0.068288550,-0.092258498,0.119089134,-0.020537687,-0.106557772,-0.068288550,0.092258498,-0.119089134,-0.020537687
693,holdout,9.238499641,0.012407204,0.000217181,0.106323175,-0.067920387,-0.092519201,0.118820414,-0.020591293,-0.106323175,-0.067920387,0.092519201,-0.118820414,-0.020591293
694,train,27.945499420,0.033729240,0.003166589,0.104973823,-0.065606020,-0.093801767,0.114833459,-0.019838765,-0.104973823,-0.065606020,0.093801767,-0.114833459,-0.019838765
695,train,128.174499512,0.448247850,0.075267513,0.099241659,-0.050456032,-0.101021759,0.094860584,-0.018450834,-0.099241659,-0.050456032,0.101021759,-0.094860584,-0.018450834
696,validation,125.035003662,0.640542090,0.160152666,0.097795799,-0.047590572,-0.102832466,0.091846161,-0.019387243,-0.097795799,-0.047590572,0.102832466,-0.091846161,-0.019387243
697,train,30.599000931,0.032890916,0.002765134,0.105974302,-0.065958537,-0.093494341,0.115871556,-0.020009954,-0.105974302,-0.065958537,0.093494341,-0.115871556,-0.020009954
698,train,24.152000427,0.040044576,0.005353891,0.105649680,-0.065045394,-0.093733475,0.113906749,-0.019662231,-0.105649680,-0.065045394,0.093733475,-0.113906749,-0.019662231
699,train,63.354999542,0.159303233,0.007793242,0.103664808,-0.061522461,-0.095341042,0.109421603,-0.020369448,-0.103664808,-0.061522461,0.095341042,-0.109421603,-0.020369448
700,train,5.227499962,0.005716097,0.000000000,0.106546000,-0.068281889,-0.092288412,0.119087525,-0.020522764,-0.106546000,-0.068281889,0.092288412,-0.119087525,-0.020522764
701,holdout,6.412000179,0.014452428,0.001960608,0.106419794,-0.067837983,-0.092466965,0.118603773,-0.020587303,-0.106419794,-0.067837983,0.092466965,-0.118603773,-0.020587303
702,holdout,5.514500141,0.011759796,0.001396971,0.106448494,-0.067966647,-0.092388064,0.118716650,-0.020580897,-0.106448494,-0.067966647,0.092388064,-0.118716650,-0.020580897
703,holdout,88.379997253,0.282211840,0.070849004,0.100612164,-0.052825157,-0.098751456,0.096931703,-0.018620264,-0.100612164,-0.052825157,0.098751456,-0.096931703,-0.018620264
704,train,6.211500168,0.005775709,0.000234525,0.106552586,-0.068195857,-0.092313871,0.119090527,-0.020546809,-0.106552586,-0.068195857,0.092313871,-0.119090527,-0.020546809
705,train,128.362503052,0.479545742,0.067679290,0.099042349,-0.050595883,-0.101439536,0.095241249,-0.018100768,-0.099042349,-0.050595883,0.101439536,-0.095241249,-0.018100768
706,validation,26.657499313,0.025836311,0.000915742,0.106207497,-0.066386983,-0.093250707,0.116853945,-0.020333884,-0.106207497,-0.066386983,0.093250707,-0.116853945,-0.020333884
707,train,7.491000175,0.008462400,0.000000000,0.106495395,-0.067679010,-0.092485264,0.118476294,-0.020518882,-0.106495395,-0.067679010,0.092485264,-0.118476294,-0.020518882
708,train,13.204500198,0.017936179,0.001055069,0.106283955,-0.067371115,-0.092672475,0.117906958,-0.020566087,-0.106283955,-0.067371115,0.092672475,-0.117906958,-0.020566087
709,train,167.194000244,1.133777380,0.292248195,0.089812510,-0.026542654,-0.114608794,0.061973080,-0.018486939,-0.089812510,-0.026542654,0.114608794,-0.061973080,-0.018486939
710,train,157.199493408,1.212427855,0.290617126,0.087608337,-0.024949625,-0.114710249,0.060352467,-0.019421997,-0.087608337,-0.024949625,0.114710249,-0.060352467,-0.019421997
711,train,126.729499817,0.543995380,0.101434867,0.099149689,-0.049541246,-0.102173775,0.093437031,-0.019295685,-0.099149689,-0.049541246,0.102173775,-0.093437031,-0.019295685
712,train,91.267501831,0.210727230,0.029868506,0.100425251,-0.053596385,-0.098348878,0.096972875,-0.018040691,-0.100425251,-0.053596385,0.098348878,-0.096972875,-0.018040691
713,train,31.187000275,0.039812468,0.029245402,0.104627863,-0.064476609,-0.093756199,0.112993270,-0.019216191,-0.104627863,-0.064476609,0.093756199,-0.112993270,-0.019216191
714,train,29.831499100,0.046585683,0.006727576,0.105353042,-0.065422930,-0.093625672,0.115329422,-0.020391973,-0.105353042,-0.065422930,0.093625672,-0.115329422,-0.020391973
715,train,83.478996277,0.174255058,0.034023434,0.103170976,-0.057882886,-0.096742727,0.105411015,-0.019414203,-0.103170976,-0.057882886,0.096742727,-0.105411015,-0.019414203
716,train,1.560999990,0.004960401,0.000638239,0.106505945,-0.068081208,-0.092339188,0.119054280,-0.020510603,-0.106505945,-0.068081208,0.092339188,-0.119054280,-0.020510603
717,train,12.451000214,0.024748538,0.004130221,0.105764903,-0.066122621,-0.093421407,0.116410583,-0.020133113,-0.105764903,-0.066122621,0.093421407,-0.116410583,-0.020133113
718,train,3.547499895,0.005975566,0.000000000,0.106519163,-0.068052560,-0.092419021,0.118949354,-0.020558564,-0.106519163,-0.068052560,0.092419021,-0.118949354,-0.020558564
719,validation,78.806999207,0.107207857,0.024807281,0.104101174,-0.060095210,-0.097027309,0.108026758,-0.019345246,-0.104101174,-0.060095210,0.097027309,-0.108026758,-0.019345246
720,train,114.093498230,0.399687737,0.121465326,0.097195134,-0.041943632,-0.102295607,0.078984022,-0.014873330,-0.097195134,-0.041943632,0.102295607,-0.078984022,-0.014873330
721,validation,16.860000610,0.022049785,0.001170602,0.105277859,-0.066201463,-0.092749231,0.113955118,-0.019174788,-0.105277859,-0.066201463,0.092749231,-0.113955118,-0.019174788
722,train,36.862998962,0.040154502,0.002444201,0.103295781,-0.063676968,-0.094543725,0.110871896,-0.018277552,-0.103295781,-0.063676968,0.094543725,-0.110871896,-0.018277552
723,train,39.270999908,0.044446461,0.007260145,0.105268657,-0.065231688,-0.094017640,0.114286274,-0.020119993,-0.105268657,-0.065231688,0.094017640,-0.114286274,-0.020119993
724,train,26.210500717,0.056294028,0.003965747,0.105772853,-0.066323191,-0.093290195,0.116397567,-0.020329157,-0.105772853,-0.066323191,0.093290195,-0.116397567,-0.020329157
725,holdout,4.067500114,0.005884696,0.000234525,0.106567658,-0.068220831,-0.092330404,0.119114287,-0.020587852,-0.106567658,-0.068220831,0.092330404,-0.119114287,-0.020587852
726,train,5.012499809,0.005754509,0.000228691,0.106535077,-0.068210423,-0.092307739,0.119071499,-0.020581584,-0.106535077,-0.068210423,0.092307739,-0.119071499,-0.020581584
727,holdout,4.378499985,0.009665525,0.000214749,0.106466748,-0.067935854,-0.092453890,0.118690960,-0.020515777,-0.106466748,-0.067935854,0.092453890,-0.118690960,-0.020515777
728,train,9.867500305,0.017218003,0.000441653,0.106168963,-0.067115836,-0.092973977,0.117640778,-0.020394484,-0.106168963,-0.067115836,0.092973977,-0.117640778,-0.020394484
729,train,38.173000336,0.062394273,0.003764199,0.102946185,-0.062651254,-0.095121421,0.110735424,-0.018612118,-0.102946185,-0.062651254,0.095121421,-0.110735424,-0.018612118
730,train,11.530500412,0.014211119,0.001260033,0.106396943,-0.066629685,-0.093112677,0.116787262,-0.020130089,-0.106396943,-0.066629685,0.093112677,-0.116787262,-0.020130089
731,validation,1.702999949,0.003793970,0.000000000,0.106589764,-0.068356141,-0.092283942,0.119238734,-0.020583097,-0.106589764,-0.068356141,0.092283942,-0.119238734,-0.020583097
732,validation,7.359499931,0.016470443,0.001629724,0.105975360,-0.067604452,-0.092537530,0.118104845,-0.020257160,-0.105975360,-0.067604452,0.092537530,-0.118104845,-0.020257160
733,train,122.008003235,0.582715273,0.176008789,0.093872800,-0.040469524,-0.104858913,0.081048392,-0.015206621,-0.093872800,-0.040469524,0.104858913,-0.081048392,-0.015206621
734,validation,4.394499779,0.005797796,0.000000000,0.106514618,-0.068179525,-0.092358381,0.119059525,-0.020574234,-0.106514618,-0.068179525,0.092358381,-0.119059525,-0.020574234
735,holdout,38.245998383,0.104722448,0.013942495,0.103697926,-0.061908010,-0.095918320,0.110606901,-0.018625721,-0.103697926,-0.061908010,0.095918320,-0.110606901,-0.018625721
736,train,51.766998291,0.120186210,0.007848660,0.103859998,-0.061690323,-0.095283858,0.111092791,-0.020123184,-0.103859998,-0.061690323,0.095283858,-0.111092791,-0.020123184
737,train,144.236999512,0.794956565,0.150459282,0.086887538,-0.028558660,-0.116176918,0.069400460,-0.016152009,-0.086887538,-0.028558660,0.116176918,-0.069400460,-0.016152009
738,train,91.001502991,0.313349873,0.085943287,0.098654166,-0.046325646,-0.101997465,0.087022454,-0.015852448,-0.098654166,-0.046325646,0.101997465,-0.087022454,-0.015852448
739,train,43.520999908,0.038040411,0.007740297,0.105352841,-0.065523364,-0.093691088,0.114784338,-0.019676736,-0.105352841,-0.065523364,0.093691088,-0.114784338,-0.019676736
740,train,18.722499847,0.005888583,0.000000000,0.106494613,-0.068145245,-0.092339635,0.118593484,-0.020371929,-0.106494613,-0.068145245,0.092339635,-0.118593484,-0.020371929
741,train,26.762500763,0.042006049,0.001430735,0.106090896,-0.066854626,-0.093175285,0.117081903,-0.020086993,-0.106090896,-0.066854626,0.093175285,-0.117081903,-0.020086993
742,validation,4.614500046,0.001520041,0.000000000,0.106586151,-0.068410955,-0.092222571,0.119253747,-0.020557797,-0.106586151,-0.068410955,0.092222571,-0.119253747,-0.020557797
743,validation,100.578002930,0.379316360,0.072948912,0.100040324,-0.052692138,-0.098768689,0.097225554,-0.020289738,-0.100040324,-0.052692138,0.098768689,-0.097225554,-0.020289738
744,holdout,63.599998474,0.166141018,0.019040530,0.103412263,-0.059876963,-0.096358672,0.106880307,-0.018785330,-0.103412263,-0.059876963,0.096358672,-0.106880307,-0.018785330
745,holdout,124.306999207,0.616063058,0.178839639,0.093485683,-0.043202654,-0.104257576,0.083427124,-0.016159127,-0.093485683,-0.043202654,0.104257576,-0.083427124,-0.016159127
746,train,28.768499374,0.066570476,0.006013352,0.105242573,-0.063787490,-0.094437003,0.113095567,-0.019625295,-0.105242573,-0.063787490,0.094437003,-0.113095567,-0.019625295
747,validation,27.341499329,0.098202646,0.002766668,0.102321193,-0.060197733,-0.096159957,0.108612075,-0.018413782,-0.102321193,-0.060197733,0.096159957,-0.108612075,-0.018413782
748,train,49.889499664,0.159984887,0.019209742,0.103452347,-0.059933398,-0.095861323,0.107038893,-0.019626195,-0.103452347,-0.059933398,0.095861323,-0.107038893,-0.019626195
749,validation,30.649499893,0.024967477,0.003579063,0.105994903,-0.065092459,-0.093678504,0.114455476,-0.019522790,-0.105994903,-0.065092459,0.093678504,-0.114455476,-0.019522790
750,validation,29.423500061,0.031654809,0.002187058,0.105829015,-0.065822460,-0.093447767,0.115897134,-0.020363543,-0.105829015,-0.065822460,0.093447767,-0.115897134,-0.020363543
751,train,3.351000071,0.004142612,0.000000000,0.106501758,-0.068248644,-0.092338696,0.119108185,-0.020581825,-0.106501758,-0.068248644,0.092338696,-0.119108185,-0.020581825
752,train,42.766998291,0.046541773,0.024103798,0.103713468,-0.063058913,-0.094105557,0.110706188,-0.019046182,-0.103713468,-0.063058913,0.094105557,-0.110706188,-0.019046182
753,train,29.477500916,0.037404243,0.006408778,0.105075970,-0.064757742,-0.094067991,0.114324681,-0.019730467,-0.105075970,-0.064757742,0.094067991,-0.114324681,-0.019730467
754,train,3.236500025,0.004600314,0.000152834,0.106446765,-0.068110541,-0.092258006,0.118903205,-0.020486081,-0.106446765,-0.068110541,0.092258006,-0.118903205,-0.020486081
755,train,23.838499069,0.031135473,0.018822034,0.105529629,-0.065850951,-0.093268737,0.115608074,-0.019966289,-0.105529629,-0.065850951,0.093268737,-0.115608074,-0.019966289
756,train,113.900001526,0.328111470,0.083525344,0.099967599,-0.052299242,-0.100544177,0.097963557,-0.017946579,-0.099967599,-0.052299242,0.100544177,-0.097963557,-0.017946579
757,train,46.033000946,0.059501916,0.013758103,0.104747050,-0.063524202,-0.094646968,0.112148605,-0.020134876,-0.104747050,-0.063524202,0.094646968,-0.112148605,-0.020134876
758,train,91.966003418,0.164927095,0.013469495,0.100749299,-0.056838602,-0.097439103,0.103930764,-0.019586228,-0.100749299,-0.056838602,0.097439103,-0.103930764,-0.019586228
759,train,7.356999874,0.004582421,0.000000000,0.106537104,-0.068104103,-0.092316203,0.118657589,-0.020426968,-0.106537104,-0.068104103,0.092316203,-0.118657589,-0.020426968
760,train,23.226499557,0.011585199,0.003419040,0.105941109,-0.066896014,-0.092963628,0.117224097,-0.020021645,-0.105941109,-0.066896014,0.092963628,-0.117224097,-0.020021645
761,train,47.168498993,0.229182601,0.041139193,0.099990457,-0.049367290,-0.099916875,0.096406974,-0.016416205,-0.099990457,-0.049367290,0.099916875,-0.096406974,-0.016416205
762,train,9.602999687,0.007105357,0.000000000,0.106476121,-0.068122044,-0.092315450,0.118970037,-0.020572746,-0.106476121,-0.068122044,0.092315450,-0.118970037,-0.020572746
763,train,3.632999897,0.006186919,0.000000000,0.106580339,-0.068213321,-0.092345133,0.119074784,-0.020599851,-0.106580339,-0.068213321,0.092345133,-0.119074784,-0.020599851
764,train,10.102000237,0.024020143,0.000888955,0.106107630,-0.067121647,-0.092796594,0.117770292,-0.020620544,-0.106107630,-0.067121647,0.092796594,-0.117770292,-0.020620544
765,holdout,1.705000043,0.001458517,0.000000000,0.106575377,-0.068391457,-0.092219800,0.119271748,-0.020580389,-0.106575377,-0.068391457,0.092219800,-0.119271748,-0.020580389
766,train,14.857000351,0.026820468,0.000800362,0.105901584,-0.066910312,-0.093044691,0.117175579,-0.020400848,-0.105901584,-0.066910312,0.093044691,-0.117175579,-0.020400848
767,train,43.928001404,0.052542962,0.004860365,0.105419122,-0.065641627,-0.094036035,0.114608370,-0.019222956,-0.105419122,-0.065641627,0.094036035,-0.114608370,-0.019222956
768,train,168.779495239,1.326140642,0.176977737,0.090983711,-0.030688390,-0.109361157,0.064934991,-0.019517530,-0.090983711,-0.030688390,0.109361157,-0.064934991,-0.019517530
769,train,36.707500458,0.076778062,0.004685652,0.103178099,-0.062021475,-0.095328644,0.110681348,-0.018433869,-0.103178099,-0.062021475,0.095328644,-0.110681348,-0.018433869
770,train,9.302499771,0.026424365,0.018838767,0.105838157,-0.066346750,-0.093064263,0.115607843,-0.019568589,-0.105838157,-0.066346750,0.093064263,-0.115607843,-0.019568589
771,train,7.989999771,0.014294552,0.000000000,0.106308378,-0.068098545,-0.092333190,0.118807733,-0.020527463,-0.106308378,-0.068098545,0.092333190,-0.118807733,-0.020527463
772,train,133.660995483,0.422477722,0.117335527,0.097753234,-0.046876635,-0.101906061,0.089498319,-0.017818177,-0.097753234,-0.046876635,0.101906061,-0.089498319,-0.017818177
773,train,61.101001740,0.072669081,0.021954112,0.104704723,-0.063785218,-0.094616272,0.111042023,-0.017863624,-0.104704723,-0.063785218,0.094616272,-0.111042023,-0.017863624
774,train,22.711500168,0.009169159,0.019920729,0.106330395,-0.067442477,-0.092595622,0.117858142,-0.020465530,-0.106330395,-0.067442477,0.092595622,-0.117858142,-0.020465530
775,train,32.947498322,0.031050574,0.001476077,0.105905458,-0.066364467,-0.093232699,0.116335295,-0.019887697,-0.105905458,-0.066364467,0.093232699,-0.116335295,-0.019887697
776,train,3.847500086,0.006908149,0.000229240,0.106470361,-0.067968287,-0.092449144,0.118768752,-0.020535909,-0.106470361,-0.067968287,0.092449144,-0.118768752,-0.020535909
777,holdout,12.724499702,0.012236817,0.000104411,0.105033919,-0.066125423,-0.093234800,0.115349956,-0.019497093,-0.105033919,-0.066125423,0.093234800,-0.115349956,-0.019497093
778,train,32.717498779,0.027297555,0.001085040,0.105768271,-0.066599347,-0.093084767,0.116553187,-0.019976897,-0.105768271,-0.066599347,0.093084767,-0.116553187,-0.019976897
779,holdout,174.913497925,1.311909199,0.178665494,0.090929739,-0.033781726,-0.110455334,0.069921419,-0.020245252,-0.090929739,-0.033781726,0.110455334,-0.069921419,-0.020245252
780,train,10.112500191,0.012990694,0.010717532,0.105746686,-0.067126930,-0.092694171,0.117248207,-0.019875100,-0.105746686,-0.067126930,0.092694171,-0.117248207,-0.019875100
781,holdout,83.282997131,0.155058563,0.022288130,0.103878647,-0.060642771,-0.095979616,0.108011276,-0.020052910,-0.103878647,-0.060642771,0.095979616,-0.108011276,-0.020052910
782,train,3.665499926,0.006821237,0.000000000,0.106543839,-0.068038024,-0.092374608,0.119011469,-0.020566963,-0.106543839,-0.068038024,0.092374608,-0.119011469,-0.020566963
783,train,54.551998138,0.217611045,0.013375690,0.103637166,-0.061246239,-0.095408909,0.109653503,-0.021032659,-0.103637166,-0.061246239,0.095408909,-0.109653503,-0.021032659
784,holdout,48.221000671,0.240943968,0.018639075,0.104373462,-0.061809923,-0.095573410,0.109961428,-0.019811338,-0.104373462,-0.061809923,0.095573410,-0.109961428,-0.019811338
785,train,12.284999847,0.017043721,0.001580196,0.106125914,-0.066882432,-0.092820652,0.117371008,-0.020269843,-0.106125914,-0.066882432,0.092820652,-0.117371008,-0.020269843
786,train,53.131000519,0.042667016,0.010101047,0.105183430,-0.064371504,-0.094071373,0.113578781,-0.019359909,-0.105183430,-0.064371504,0.094071373,-0.113578781,-0.019359909
787,holdout,6.567999840,0.014057594,0.000171377,0.106371976,-0.067594565,-0.092599638,0.118334100,-0.020479178,-0.106371976,-0.067594565,0.092599638,-0.118334100,-0.020479178
788,train,6.757500172,0.008298060,0.000000000,0.106421821,-0.067769401,-0.092498466,0.118233085,-0.020440854,-0.106421821,-0.067769401,0.092498466,-0.118233085,-0.020440854
789,train,22.470500946,0.010480003,0.003449350,0.106223434,-0.067600541,-0.092504963,0.117498204,-0.019950263,-0.106223434,-0.067600541,0.092504963,-0.117498204,-0.019950263
790,train,4.441500187,0.006547166,0.000000000,0.106529966,-0.068176121,-0.092339568,0.119046107,-0.020586822,-0.106529966,-0.068176121,0.092339568,-0.119046107,-0.020586822
791,train,38.827999115,0.074669771,0.005676016,0.105320625,-0.064887211,-0.094316818,0.114259794,-0.019372692,-0.105320625,-0.064887211,0.094316818,-0.114259794,-0.019372692
792,train,22.650499344,0.010338321,0.019085084,0.106316172,-0.067399383,-0.092786849,0.117742695,-0.020346127,-0.106316172,-0.067399383,0.092786849,-0.117742695,-0.020346127
793,holdout,1.473999977,0.000024747,0.000000000,0.106603548,-0.068431959,-0.092225999,0.119273536,-0.020560535,-0.106603548,-0.068431959,0.092225999,-0.119273536,-0.020560535
794,train,25.066499710,0.026703965,0.002683450,0.105835766,-0.065436162,-0.093645371,0.115371622,-0.019938758,-0.105835766,-0.065436162,0.093645371,-0.115371622,-0.019938758
795,train,4.540999889,0.013672754,0.000214749,0.106435589,-0.067792870,-0.092497274,0.118466020,-0.020434471,-0.106435589,-0.067792870,0.092497274,-0.118466020,-0.020434471
796,train,96.305496216,0.379556388,0.072602219,0.101084188,-0.052011199,-0.099618703,0.092771269,-0.016628120,-0.101084188,-0.052011199,0.099618703,-0.092771269,-0.016628120
797,train,171.285507202,0.943206310,0.225363296,0.088493794,-0.028294019,-0.111658059,0.064686179,-0.019053759,-0.088493794,-0.028294019,0.111658059,-0.064686179,-0.019053759
798,holdout,82.705497742,0.143434882,0.023709093,0.102779724,-0.058824498,-0.096018791,0.104947887,-0.018951297,-0.102779724,-0.058824498,0.096018791,-0.104947887,-0.018951297
799,train,11.767999649,0.009428291,0.000411741,0.106454603,-0.068114102,-0.092366621,0.118864737,-0.020503420,-0.106454603,-0.068114102,0.092366621,-0.118864737,-0.020503420
800,train,4.301499844,0.002659177,0.000232337,0.106526986,-0.068083271,-0.092341349,0.119059667,-0.020545725,-0.106526986,-0.068083271,0.092341349,-0.119059667,-0.020545725
801,train,78.965499878,0.150291622,0.012661408,0.102814071,-0.059667006,-0.095891379,0.107166804,-0.019592365,-0.102814071,-0.059667006,0.095891379,-0.107166804,-0.019592365
802,train,23.580999374,0.013356829,0.002026389,0.106335625,-0.067274578,-0.092659898,0.117614105,-0.020411078,-0.106335625,-0.067274578,0.092659898,-0.117614105,-0.020411078
803,holdout,7.686999798,0.008950137,0.000211682,0.106426872,-0.067826398,-0.092453502,0.118583113,-0.020440016,-0.106426872,-0.067826398,0.092453502,-0.118583113,-0.020440016
804,train,31.000499725,0.064035170,0.005861747,0.104830399,-0.062691607,-0.095328949,0.111716792,-0.018602094,-0.104830399,-0.062691607,0.095328949,-0.111716792,-0.018602094
805,validation,35.710998535,0.070057087,0.006947217,0.104484968,-0.061979894,-0.094930373,0.109412909,-0.018161705,-0.104484968,-0.061979894,0.094930373,-0.109412909,-0.018161705
806,train,3.838000059,0.012864759,0.000244076,0.106457442,-0.067720480,-0.092466049,0.118392408,-0.020530785,-0.106457442,-0.067720480,0.092466049,-0.118392408,-0.020530785
807,train,23.266000748,0.015773542,0.000000000,0.106225118,-0.067073241,-0.092889510,0.117552653,-0.020196486,-0.106225118,-0.067073241,0.092889510,-0.117552653,-0.020196486
808,train,10.445500374,0.015911948,0.017446882,0.105844662,-0.066654846,-0.092914902,0.116131581,-0.019605990,-0.105844662,-0.066654846,0.092914902,-0.116131581,-0.019605990
809,train,97.675498962,0.223754197,0.022301014,0.099613599,-0.053295236,-0.100392900,0.098886073,-0.018540785,-0.099613599,-0.053295236,0.100392900,-0.098886073,-0.018540785
810,train,23.790500641,0.024278894,0.001133872,0.106192537,-0.066689096,-0.093234792,0.117280096,-0.020180104,-0.106192537,-0.066689096,0.093234792,-0.117280096,-0.020180104
811,train,72.235496521,0.274007499,0.042445423,0.098736934,-0.051260762,-0.100263312,0.095393091,-0.018262155,-0.098736934,-0.051260762,0.100263312,-0.095393091,-0.018262155
812,validation,20.665000916,0.026892971,0.000763849,0.105618089,-0.066553839,-0.093283363,0.116056524,-0.020024939,-0.105618089,-0.066553839,0.093283363,-0.116056524,-0.020024939
813,train,4.585000038,0.001599959,0.000000000,0.106618159,-0.068326987,-0.092290014,0.119207792,-0.020544905,-0.106618159,-0.068326987,0.092290014,-0.119207792,-0.020544905
814,holdout,88.929496765,0.122023955,0.025924749,0.103466488,-0.060320996,-0.096648149,0.108076252,-0.019496080,-0.103466488,-0.060320996,0.096648149,-0.108076252,-0.019496080
815,train,23.173500061,0.029440783,0.000732426,0.106348418,-0.066846229,-0.093160011,0.117543399,-0.020367615,-0.106348418,-0.066846229,0.093160011,-0.117543399,-0.020367615
816,train,5.196000099,0.005517578,0.000000000,0.106523007,-0.068275198,-0.092278771,0.119082689,-0.020528561,-0.106523007,-0.068275198,0.092278771,-0.119082689,-0.020528561
817,train,10.937000275,0.024197521,0.001297302,0.106166504,-0.067269616,-0.092685938,0.117786162,-0.020600742,-0.106166504,-0.067269616,0.092685938,-0.117786162,-0.020600742
818,train,63.613998413,0.175956324,0.048667916,0.101828240,-0.053465400,-0.098799281,0.095718168,-0.013946857,-0.101828240,-0.053465400,0.098799281,-0.095718168,-0.013946857
819,train,22.069499969,0.049192250,0.024653488,0.104554757,-0.064476296,-0.093946435,0.112173058,-0.018528894,-0.104554757,-0.064476296,0.093946435,-0.112173058,-0.018528894
820,validation,2.714999914,0.009781429,0.000000000,0.106253430,-0.067922704,-0.092516065,0.118543103,-0.020454682,-0.106253430,-0.067922704,0.092516065,-0.118543103,-0.020454682
821,train,4.697999954,0.007079945,0.000366469,0.106492072,-0.068135336,-0.092321433,0.119014196,-0.020607330,-0.106492072,-0.068135336,0.092321433,-0.119014196,-0.020607330
822,train,32.776000977,0.047049847,0.027291458,0.105392829,-0.064724356,-0.093826771,0.114289388,-0.020000875,-0.105392829,-0.064724356,0.093826771,-0.114289388,-0.020000875
823,validation,22.544500351,0.036316134,0.001749779,0.106305592,-0.066783234,-0.093155727,0.117297404,-0.020298744,-0.106305592,-0.066783234,0.093155727,-0.117297404,-0.020298744
824,train,51.111499786,0.099897496,0.007588689,0.104523793,-0.064425990,-0.094345726,0.112001926,-0.018685194,-0.104523793,-0.064425990,0.094345726,-0.112001926,-0.018685194
825,train,16.407499313,0.025336765,0.001916813,0.106035046,-0.066449367,-0.092983782,0.116894647,-0.020233994,-0.106035046,-0.066449367,0.092983782,-0.116894647,-0.020233994
826,train,106.171997070,0.387163162,0.053587057,0.099540740,-0.053026203,-0.098865777,0.097947568,-0.018437795,-0.099540740,-0.053026203,0.098865777,-0.097947568,-0.018437795
827,train,89.508499146,0.272177249,0.052435342,0.101167805,-0.053007357,-0.098051302,0.097354002,-0.017982161,-0.101167805,-0.053007357,0.098051302,-0.097354002,-0.017982161
828,train,27.393499374,0.019336535,0.000200812,0.106340803,-0.067020506,-0.093005344,0.117386959,-0.020246582,-0.106340803,-0.067020506,0.093005344,-0.117386959,-0.020246582
829,holdout,25.405500412,0.016608045,0.000200812,0.106322005,-0.067092292,-0.092929907,0.117691062,-0.020251224,-0.106322005,-0.067092292,0.092929907,-0.117691062,-0.020251224
830,train,3.934499979,0.007935117,0.000000000,0.106520459,-0.068099596,-0.092379734,0.118894361,-0.020547919,-0.106520459,-0.068099596,0.092379734,-0.118894361,-0.020547919
831,holdout,0.390500009,0.001394161,0.000000000,0.106621929,-0.068491362,-0.092185557,0.119444795,-0.020619668,-0.106621929,-0.068491362,0.092185557,-0.119444795,-0.020619668
832,train,9.732000351,0.000367491,0.000000000,0.106608406,-0.068477243,-0.092198052,0.119341217,-0.020588536,-0.106608406,-0.068477243,0.092198052,-0.119341217,-0.020588536
833,holdout,7.875000000,0.007196520,0.000152795,0.106571011,-0.068148471,-0.092335314,0.119048648,-0.020519473,-0.106571011,-0.068148471,0.092335314,-0.119048648,-0.020519473
834,train,71.550003052,0.288636804,0.050558059,0.101792015,-0.055938460,-0.097494088,0.102478117,-0.020542488,-0.101792015,-0.055938460,0.097494088,-0.102478117,-0.020542488
835,train,11.668999672,0.018837659,0.001951826,0.105943955,-0.066668473,-0.093248412,0.117007822,-0.020152040,-0.105943955,-0.066668473,0.093248412,-0.117007822,-0.020152040
836,train,1.695500016,0.004537478,0.000000000,0.106548004,-0.068288006,-0.092281088,0.119171649,-0.020560596,-0.106548004,-0.068288006,0.092281088,-0.119171649,-0.020560596
837,holdout,12.728500366,0.003780473,0.000000000,0.106571473,-0.068284065,-0.092267029,0.119156003,-0.020534635,-0.106571473,-0.068284065,0.092267029,-0.119156003,-0.020534635
838,holdout,2.438999891,0.004797521,0.000000000,0.106555253,-0.068208106,-0.092354380,0.119100459,-0.020605868,-0.106555253,-0.068208106,0.092354380,-0.119100459,-0.020605868
839,train,27.537000656,0.019699709,0.000729377,0.105524808,-0.066807121,-0.092759848,0.115137644,-0.019513261,-0.105524808,-0.066807121,0.092759848,-0.115137644,-0.019513261
840,train,31.148500443,0.022580432,0.006275130,0.105688795,-0.066023633,-0.093285464,0.116097338,-0.020155307,-0.105688795,-0.066023633,0.093285464,-0.116097338,-0.020155307
841,train,20.780500412,0.005897820,0.000000000,0.106574789,-0.068092227,-0.092336006,0.118790366,-0.020409644,-0.106574789,-0.068092227,0.092336006,-0.118790366,-0.020409644
842,train,14.826999664,0.007442800,0.000000000,0.106472611,-0.067976587,-0.092517376,0.118689910,-0.020510932,-0.106472611,-0.067976587,0.092517376,-0.118689910,-0.020510932
843,validation,32.821498871,0.030606821,0.005891763,0.104231372,-0.063570954,-0.094699085,0.111170121,-0.017995941,-0.104231372,-0.063570954,0.094699085,-0.111170121,-0.017995941
844,train,1.919499993,0.005046460,0.000000000,0.106516764,-0.068242997,-0.092314579,0.119135268,-0.020575464,-0.106516764,-0.068242997,0.092314579,-0.119135268,-0.020575464
845,train,32.566501617,0.033399522,0.009167989,0.105220512,-0.065103538,-0.093853749,0.114125036,-0.019880086,-0.105220512,-0.065103538,0.093853749,-0.114125036,-0.019880086
846,train,23.802999496,0.054637179,0.002515859,0.105865143,-0.066407181,-0.093269683,0.116754338,-0.020273509,-0.105865143,-0.066407181,0.093269683,-0.116754338,-0.020273509
847,train,117.936500549,0.399687767,0.087803019,0.096744768,-0.045716990,-0.102317907,0.085194416,-0.017626693,-0.096744768,-0.045716990,0.102317907,-0.085194416,-0.017626693
848,train,176.855499268,1.021933913,0.226707743,0.090529338,-0.029570535,-0.110907003,0.063360929,-0.019842975,-0.090529338,-0.029570535,0.110907003,-0.063360929,-0.019842975
849,train,45.881000519,0.132738993,0.013004444,0.104767859,-0.063078597,-0.095299847,0.112431325,-0.019319074,-0.104767859,-0.063078597,0.095299847,-0.112431325,-0.019319074
850,holdout,67.847000122,0.193648025,0.030432456,0.102565207,-0.058380369,-0.097158551,0.105732828,-0.018381780,-0.102565207,-0.058380369,0.097158551,-0.105732828,-0.018381780
851,holdout,6.399000168,0.011818758,0.000000000,0.106390253,-0.067586303,-0.092596084,0.118337482,-0.020459685,-0.106390253,-0.067586303,0.092596084,-0.118337482,-0.020459685
852,train,5.329999924,0.004709304,0.000222109,0.106560484,-0.068230830,-0.092299305,0.119095244,-0.020583004,-0.106560484,-0.068230830,0.092299305,-0.119095244,-0.020583004
853,holdout,48.016498566,0.056897942,0.010465256,0.102576591,-0.061397091,-0.095203988,0.108458355,-0.018452378,-0.102576591,-0.061397091,0.095203988,-0.108458355,-0.018452378
854,train,4.934999943,0.006116240,0.000476374,0.106542081,-0.068198092,-0.092321374,0.119050525,-0.020569833,-0.106542081,-0.068198092,0.092321374,-0.119050525,-0.020569833
855,train,43.966999054,0.115004063,0.006734102,0.105305880,-0.064112976,-0.094641514,0.114145078,-0.019926727,-0.105305880,-0.064112976,0.094641514,-0.114145078,-0.019926727
856,train,10.340499878,0.027252717,0.001184315,0.106110319,-0.067145973,-0.092757277,0.117721364,-0.020632539,-0.106110319,-0.067145973,0.092757277,-0.117721364,-0.020632539
857,train,34.275501251,0.028071346,0.002237291,0.105509065,-0.066105440,-0.093175098,0.116352461,-0.020051276,-0.105509065,-0.066105440,0.093175098,-0.116352461,-0.020051276
858,train,67.546501160,0.154612824,0.005249978,0.103469051,-0.061343130,-0.095354699,0.108911775,-0.020115739,-0.103469051,-0.061343130,0.095354699,-0.108911775,-0.020115739
859,train,5.736999989,0.011120088,0.000219238,0.106261350,-0.067844689,-0.092496298,0.118606500,-0.020456934,-0.106261350,-0.067844689,0.092496298,-0.118606500,-0.020456934
860,train,8.254500389,0.010011312,0.001123908,0.106490470,-0.067964494,-0.092478618,0.118769005,-0.020569421,-0.106490470,-0.067964494,0.092478618,-0.118769005,-0.020569421
861,train,18.722000122,0.019060588,0.001597714,0.106338501,-0.067003757,-0.092731819,0.117022701,-0.019993039,-0.106338501,-0.067003757,0.092731819,-0.117022701,-0.019993039
862,train,15.416000366,0.006267879,0.000000000,0.106479153,-0.068020716,-0.092439108,0.118735284,-0.020469090,-0.106479153,-0.068020716,0.092439108,-0.118735284,-0.020469090
863,holdout,8.338999748,0.004961567,0.000460281,0.106507681,-0.068069950,-0.092340015,0.119029358,-0.020516146,-0.106507681,-0.068069950,0.092340015,-0.119029358,-0.020516146
864,train,4.777999878,0.006149999,0.000291697,0.106560931,-0.068206340,-0.092314459,0.119076595,-0.020558558,-0.106560931,-0.068206340,0.092314459,-0.119076595,-0.020558558
865,train,65.444999695,0.197897494,0.026105518,0.102258496,-0.058406278,-0.096774779,0.104201734,-0.017528435,-0.102258496,-0.058406278,0.096774779,-0.104201734,-0.017528435
866,train,37.260501862,0.044766422,0.008674413,0.105294213,-0.064374983,-0.094310105,0.113852248,-0.019803656,-0.105294213,-0.064374983,0.094310105,-0.113852248,-0.019803656
867,train,30.725500107,0.035702400,0.003160960,0.106019430,-0.065850869,-0.093482055,0.116057888,-0.020098573,-0.106019430,-0.065850869,0.093482055,-0.116057888,-0.020098573
868,holdout,38.058498383,0.061354712,0.009275953,0.102602653,-0.059685595,-0.096228413,0.106216945,-0.017494841,-0.102602653,-0.059685595,0.096228413,-0.106216945,-0.017494841
869,train,16.763999939,0.022666186,0.000967664,0.106016912,-0.066630483,-0.093091287,0.117159568,-0.020479934,-0.106016912,-0.066630483,0.093091287,-0.117159568,-0.020479934
870,train,15.651499748,0.018280283,0.000519057,0.106273882,-0.067394532,-0.092690952,0.117853515,-0.020505143,-0.106273882,-0.067394532,0.092690952,-0.117853515,-0.020505143
871,train,19.591499329,0.013378792,0.000459555,0.106057473,-0.067519255,-0.092764884,0.117947832,-0.020299299,-0.106057473,-0.067519255,0.092764884,-0.117947832,-0.020299299
872,validation,8.015500069,0.009663555,0.000707745,0.106525078,-0.068166107,-0.092330553,0.119075477,-0.020544389,-0.106525078,-0.068166107,0.092330553,-0.119075477,-0.020544389
873,train,30.145500183,0.033973806,0.003534489,0.105831854,-0.065977909,-0.093414500,0.115835682,-0.019943994,-0.105831854,-0.065977909,0.093414500,-0.115835682,-0.019943994
874,holdout,5.086999893,0.013407761,0.000250628,0.106315173,-0.067524515,-0.092587560,0.118275620,-0.020521395,-0.106315173,-0.067524515,0.092587560,-0.118275620,-0.020521395
875,train,132.612503052,0.643173099,0.109996799,0.097962655,-0.046025671,-0.103537716,0.088805690,-0.018457199,-0.097962655,-0.046025671,0.103537716,-0.088805690,-0.018457199
876,validation,36.625999451,0.081479475,0.013007008,0.102964573,-0.056181703,-0.096206591,0.102646463,-0.017016375,-0.102964573,-0.056181703,0.096206591,-0.102646463,-0.017016375
877,holdout,18.238500595,0.038375176,0.022406827,0.105229124,-0.065551050,-0.093646087,0.115531802,-0.019983422,-0.105229124,-0.065551050,0.093646087,-0.115531802,-0.019983422
878,train,92.843002319,0.097425416,0.031659501,0.103029497,-0.059333488,-0.095961869,0.106021456,-0.019109068,-0.103029497,-0.059333488,0.095961869,-0.106021456,-0.019109068
879,train,65.486999512,0.120362207,0.022359347,0.102540128,-0.060110893,-0.095929727,0.105369836,-0.017478699,-0.102540128,-0.060110893,0.095929727,-0.105369836,-0.017478699
880,train,7.141499996,0.013800414,0.000234525,0.106340267,-0.067515306,-0.092502132,0.118011370,-0.020506341,-0.106340267,-0.067515306,0.092502132,-0.118011370,-0.020506341
881,validation,33.780998230,0.033655711,0.003560075,0.105744295,-0.065372467,-0.093774252,0.114925660,-0.020092387,-0.105744295,-0.065372467,0.093774252,-0.114925660,-0.020092387
882,train,26.531499863,0.021805560,0.000234525,0.106084377,-0.066492595,-0.093148403,0.117012173,-0.020310508,-0.106084377,-0.066492595,0.093148403,-0.117012173,-0.020310508
883,holdout,85.555496216,0.290586531,0.068005120,0.100144364,-0.053675894,-0.099594593,0.098683566,-0.018448779,-0.100144364,-0.053675894,0.099594593,-0.098683566,-0.018448779
884,validation,51.820999146,0.110203438,0.010258158,0.103971638,-0.063234128,-0.094733343,0.109917924,-0.017928287,-0.103971638,-0.063234128,0.094733343,-0.109917924,-0.017928287
885,train,56.975498199,0.092059210,0.027779399,0.104199976,-0.062057655,-0.095740765,0.109805197,-0.018870318,-0.104199976,-0.062057655,0.095740765,-0.109805197,-0.018870318
886,validation,33.174499512,0.050083727,0.004611136,0.105927169,-0.066301294,-0.093372606,0.116401754,-0.020109482,-0.105927169,-0.066301294,0.093372606,-0.116401754,-0.020109482
887,train,91.470001221,0.109910227,0.031599683,0.102876380,-0.059015166,-0.096221313,0.105203964,-0.018965250,-0.102876380,-0.059015166,0.096221313,-0.105203964,-0.018965250
888,train,91.242500305,0.623846650,0.055412377,0.093717597,-0.041607160,-0.110407278,0.085099652,-0.017544668,-0.093717597,-0.041607160,0.110407278,-0.085099652,-0.017544668
889,train,49.106998444,0.099837154,0.012298992,0.102168165,-0.058356900,-0.096356973,0.103661507,-0.016229155,-0.102168165,-0.058356900,0.096356973,-0.103661507,-0.016229155
890,holdout,24.283500671,0.030785324,0.000527256,0.106285065,-0.067441463,-0.092754394,0.118282326,-0.020394864,-0.106285065,-0.067441463,0.092754394,-0.118282326,-0.020394864
891,train,164.044006348,1.347485185,0.173555430,0.090782560,-0.031751487,-0.109073736,0.064818315,-0.019712826,-0.090782560,-0.031751487,0.109073736,-0.064818315,-0.019712826
892,train,86.370002747,0.148434907,0.043542012,0.098604463,-0.052400935,-0.099869251,0.094900481,-0.015502919,-0.098604463,-0.052400935,0.099869251,-0.094900481,-0.015502919
893,train,29.333499908,0.046373069,0.002548392,0.106052138,-0.066652365,-0.093216002,0.116841301,-0.020206558,-0.106052138,-0.066652365,0.093216002,-0.116841301,-0.020206558
894,train,27.337499619,0.018602321,0.001236928,0.106059931,-0.066704407,-0.092961244,0.116583794,-0.020262444,-0.106059931,-0.066704407,0.092961244,-0.116583794,-0.020262444
895,train,50.390998840,0.100746885,0.014043564,0.104689114,-0.063199617,-0.094606988,0.112007767,-0.020237880,-0.104689114,-0.063199617,0.094606988,-0.112007767,-0.020237880
896,holdout,73.577499390,0.307764322,0.018915920,0.103586309,-0.060923688,-0.096446462,0.107171163,-0.017150190,-0.103586309,-0.060923688,0.096446462,-0.107171163,-0.017150190
897,train,112.317001343,0.432455063,0.093532905,0.097953156,-0.045984678,-0.102788292,0.085307971,-0.016176991,-0.097953156,-0.045984678,0.102788292,-0.085307971,-0.016176991
898,holdout,5.221000195,0.009094031,0.000431885,0.106510907,-0.068155982,-0.092339687,0.119050033,-0.020561941,-0.106510907,-0.068155982,0.092339687,-0.119050033,-0.020561941
899,train,31.344999313,0.062640376,0.003092675,0.103298292,-0.062236242,-0.095310271,0.110013470,-0.018733131,-0.103298292,-0.062236242,0.095310271,-0.110013470,-0.018733131
900,train,2.093499899,0.003559383,0.000000000,0.106578328,-0.068227507,-0.092330880,0.119144335,-0.020580189,-0.106578328,-0.068227507,0.092330880,-0.119144335,-0.020580189
901,holdout,47.998500824,0.061375935,0.010846361,0.101773247,-0.060092516,-0.095294014,0.105011202,-0.016475745,-0.101773247,-0.060092516,0.095294014,-0.105011202,-0.016475745
902,train,18.750999451,0.018548561,0.000000000,0.105983533,-0.067067809,-0.093030766,0.117660083,-0.020247551,-0.105983533,-0.067067809,0.093030766,-0.117660083,-0.020247551
903,train,115.473999023,0.437488735,0.114298387,0.098095030,-0.044429388,-0.102664784,0.082405828,-0.016328380,-0.098095030,-0.044429388,0.102664784,-0.082405828,-0.016328380
904,validation,58.388000488,0.155254379,0.041375326,0.100263409,-0.053141970,-0.099616326,0.098514386,-0.016499393,-0.100263409,-0.053141970,0.099616326,-0.098514386,-0.016499393
905,validation,106.563003540,0.142685965,0.031476788,0.102685027,-0.058863487,-0.097384155,0.106068321,-0.018419823,-0.102685027,-0.058863487,0.097384155,-0.106068321,-0.018419823
906,holdout,40.511001587,0.107123204,0.005105242,0.101633117,-0.060121819,-0.096621074,0.107480086,-0.017868798,-0.101633117,-0.060121819,0.096621074,-0.107480086,-0.017868798
907,train,1.027999997,0.002759622,0.000000000,0.106588997,-0.068327919,-0.092231452,0.119236723,-0.020545598,-0.106588997,-0.068327919,0.092231452,-0.119236723,-0.020545598
908,train,31.581499100,0.035927448,0.002425525,0.105948664,-0.065746762,-0.093391046,0.115953848,-0.020382417,-0.105948664,-0.065746762,0.093391046,-0.115953848,-0.020382417
909,train,39.027000427,0.079966277,0.013443039,0.103891961,-0.061316207,-0.096475542,0.107905023,-0.017939499,-0.103891961,-0.061316207,0.096475542,-0.107905023,-0.017939499
910,train,76.921501160,0.196919948,0.028772819,0.101156682,-0.056490541,-0.097188041,0.101981543,-0.019254450,-0.101156682,-0.056490541,0.097188041,-0.101981543,-0.019254450
911,train,91.760002136,0.320254177,0.064677301,0.101591557,-0.055823240,-0.098786525,0.101186939,-0.019755462,-0.101591557,-0.055823240,0.098786525,-0.101186939,-0.019755462
912,train,22.196500778,0.006294587,0.000000000,0.106523469,-0.068075269,-0.092378914,0.118662275,-0.020402420,-0.106523469,-0.068075269,0.092378914,-0.118662275,-0.020402420
913,validation,26.142499924,0.026335239,0.000915742,0.106321715,-0.066445448,-0.093365341,0.117092960,-0.020215359,-0.106321715,-0.066445448,0.093365341,-0.117092960,-0.020215359
914,holdout,6.839499950,0.005038870,0.000000000,0.106554374,-0.068223521,-0.092314743,0.119124658,-0.020543654,-0.106554374,-0.068223521,0.092314743,-0.119124658,-0.020543654
915,train,143.257507324,0.575279057,0.168584588,0.095223539,-0.036330767,-0.107450165,0.074643895,-0.016717963,-0.095223539,-0.036330767,0.107450165,-0.074643895,-0.016717963
916,train,11.985500336,0.021909988,0.000227944,0.106022380,-0.066963725,-0.092976019,0.116997197,-0.020049393,-0.106022380,-0.066963725,0.092976019,-0.116997197,-0.020049393
917,validation,106.258499146,0.944515586,0.050163432,0.094235934,-0.037901532,-0.107413657,0.081943177,-0.017189479,-0.094235934,-0.037901532,0.107413657,-0.081943177,-0.017189479
918,train,4.169000149,0.005261513,0.000000000,0.106576964,-0.068199031,-0.092320375,0.119149655,-0.020567356,-0.106576964,-0.068199031,0.092320375,-0.119149655,-0.020567356
919,train,26.917999268,0.032377984,0.005185023,0.105089091,-0.064925551,-0.094121888,0.114596233,-0.019695250,-0.105089091,-0.064925551,0.094121888,-0.114596233,-0.019695250
920,holdout,175.138000488,0.981409669,0.269341499,0.090014197,-0.026149781,-0.113556251,0.062355176,-0.018513957,-0.090014197,-0.026149781,0.113556251,-0.062355176,-0.018513957
921,train,7.859000206,0.006742795,0.000000000,0.106508233,-0.068017431,-0.092358656,0.118799731,-0.020464342,-0.106508233,-0.068017431,0.092358656,-0.118799731,-0.020464342
922,train,24.292999268,0.029781422,0.002100944,0.106335290,-0.066757254,-0.093165450,0.117458560,-0.020354899,-0.106335290,-0.066757254,0.093165450,-0.117458560,-0.020354899
923,train,136.103500366,0.563682437,0.175901473,0.098518908,-0.048312783,-0.102716960,0.090270445,-0.019693539,-0.098518908,-0.048312783,0.102716960,-0.090270445,-0.019693539
924,train,21.014499664,0.009060632,0.000021469,0.106461830,-0.067307033,-0.092560343,0.117741972,-0.020329695,-0.106461830,-0.067307033,0.092560343,-0.117741972,-0.020329695
925,train,22.062000275,0.044214725,0.020984326,0.105198793,-0.064020716,-0.094049364,0.113003053,-0.019003233,-0.105198793,-0.064020716,0.094049364,-0.113003053,-0.019003233
926,train,26.583999634,0.009618210,0.002337406,0.105467990,-0.066404358,-0.092672378,0.114691928,-0.018850300,-0.105467990,-0.066404358,0.092672378,-0.114691928,-0.018850300
927,train,2.270999908,0.006691190,0.000000000,0.106512442,-0.068224192,-0.092310876,0.119101010,-0.020569162,-0.106512442,-0.068224192,0.092310876,-0.119101010,-0.020569162
928,holdout,130.949996948,0.589091718,0.149762935,0.094818860,-0.037941866,-0.106727928,0.072609514,-0.015072349,-0.094818860,-0.037941866,0.106727928,-0.072609514,-0.015072349
929,train,8.080499649,0.012796349,0.000000000,0.105067573,-0.066414237,-0.093411319,0.116350181,-0.019926252,-0.105067573,-0.066414237,0.093411319,-0.116350181,-0.019926252
930,train,89.397499084,0.268001467,0.045192293,0.100986227,-0.053270817,-0.097793609,0.097842179,-0.018258126,-0.100986227,-0.053270817,0.097793609,-0.097842179,-0.018258126
931,train,3.764499903,0.005470881,0.000000000,0.106585100,-0.068215244,-0.092343509,0.119097292,-0.020593768,-0.106585100,-0.068215244,0.092343509,-0.119097292,-0.020593768
932,train,35.847000122,0.034867931,0.004791184,0.104335487,-0.064252160,-0.094004653,0.112182572,-0.018023187,-0.104335487,-0.064252160,0.094004653,-0.112182572,-0.018023187
933,train,20.482999802,0.025177963,0.000951811,0.105403654,-0.066067398,-0.093301229,0.115203276,-0.019744866,-0.105403654,-0.066067398,0.093301229,-0.115203276,-0.019744866
934,train,133.423492432,0.503672242,0.144196748,0.095096759,-0.037855882,-0.107006520,0.075103819,-0.017529747,-0.095096759,-0.037855882,0.107006520,-0.075103819,-0.017529747
935,validation,28.080499649,0.034136459,0.002437451,0.105153657,-0.065773219,-0.093612172,0.115025669,-0.019825220,-0.105153657,-0.065773219,0.093612172,-0.115025669,-0.019825220
936,validation,18.114500046,0.026820272,0.017310869,0.105604053,-0.066125669,-0.093159616,0.116034947,-0.020125492,-0.105604053,-0.066125669,0.093159616,-0.116034947,-0.020125492
937,validation,12.878000259,0.028140768,0.000449953,0.106293291,-0.067228422,-0.092804007,0.117998458,-0.020307517,-0.106293291,-0.067228422,0.092804007,-0.117998458,-0.020307517
938,train,89.666496277,0.324661404,0.083803217,0.098987557,-0.046973914,-0.101754062,0.087622277,-0.015932089,-0.098987557,-0.046973914,0.101754062,-0.087622277,-0.015932089
939,train,1.031999946,0.001242285,0.000000000,0.106603190,-0.068408646,-0.092194609,0.119307645,-0.020565448,-0.106603190,-0.068408646,0.092194609,-0.119307645,-0.020565448
940,train,36.414001465,0.075452507,0.004193914,0.103305601,-0.062079508,-0.095129564,0.110288374,-0.018255841,-0.103305601,-0.062079508,0.095129564,-0.110288374,-0.018255841
941,train,28.727500916,0.025246620,0.000200812,0.106196515,-0.066701010,-0.093057886,0.117307797,-0.020216083,-0.106196515,-0.066701010,0.093057886,-0.117307797,-0.020216083
942,train,16.156999588,0.001645766,0.000000000,0.106432930,-0.068005629,-0.092350326,0.118730910,-0.020417552,-0.106432930,-0.068005629,0.092350326,-0.118730910,-0.020417552
943,train,11.381999969,0.019058231,0.004210896,0.105978079,-0.066373952,-0.093273260,0.116756238,-0.020237891,-0.105978079,-0.066373952,0.093273260,-0.116756238,-0.020237891
944,holdout,7.888500214,0.006332347,0.000008202,0.106514007,-0.068216562,-0.092329465,0.119109325,-0.020554001,-0.106514007,-0.068216562,0.092329465,-0.119109325,-0.020554001
945,train,25.028999329,0.035453409,0.006682515,0.105413407,-0.065850548,-0.093505487,0.115793377,-0.020304786,-0.105413407,-0.065850548,0.093505487,-0.115793377,-0.020304786
946,train,72.692001343,0.134101540,0.028494819,0.103822902,-0.060598675,-0.096003920,0.108170889,-0.020278797,-0.103822902,-0.060598675,0.096003920,-0.108170889,-0.020278797
947,validation,53.153999329,0.105475955,0.012997143,0.104737386,-0.063350320,-0.094474681,0.112710893,-0.020336399,-0.104737386,-0.063350320,0.094474681,-0.112710893,-0.020336399
948,validation,57.624000549,0.154421926,0.016026130,0.103386693,-0.061232455,-0.095950946,0.108477525,-0.018501975,-0.103386693,-0.061232455,0.095950946,-0.108477525,-0.018501975
949,holdout,35.642501831,0.088159211,0.012679840,0.103691936,-0.061988134,-0.095675536,0.111178234,-0.019034162,-0.103691936,-0.061988134,0.095675536,-0.111178234,-0.019034162
950,validation,4.419000149,0.007368880,0.000000000,0.106501281,-0.068176292,-0.092339665,0.119048096,-0.020555444,-0.106501281,-0.068176292,0.092339665,-0.119048096,-0.020555444
951,train,103.899002075,0.381106585,0.083475428,0.099048398,-0.049349546,-0.100154676,0.089595631,-0.016327973,-0.099048398,-0.049349546,0.100154676,-0.089595631,-0.016327973
952,train,13.722999573,0.023209736,0.000933615,0.106227167,-0.067315862,-0.092682086,0.117902249,-0.020515626,-0.106227167,-0.067315862,0.092682086,-0.117902249,-0.020515626
953,train,38.717998505,0.076464839,0.006028229,0.105025925,-0.064676724,-0.094312392,0.113964953,-0.019453334,-0.105025925,-0.064676724,0.094312392,-0.113964953,-0.019453334
954,train,31.517499924,0.022492070,0.004188945,0.105623730,-0.066225350,-0.093073986,0.115495652,-0.019221792,-0.105623730,-0.066225350,0.093073986,-0.115495652,-0.019221792
955,train,24.166999817,0.013122359,0.014310808,0.106065780,-0.066830680,-0.092722967,0.116758212,-0.019927446,-0.106065780,-0.066830680,0.092722967,-0.116758212,-0.019927446
956,train,23.839500427,0.024815137,0.008118712,0.105371863,-0.065191939,-0.093737565,0.115449391,-0.019685317,-0.105371863,-0.065191939,0.093737565,-0.115449391,-0.019685317
957,train,39.322498322,0.042212617,0.024113942,0.103883177,-0.063477062,-0.093872264,0.111354060,-0.019033520,-0.103883177,-0.063477062,0.093872264,-0.111354060,-0.019033520
958,validation,5.035500050,0.005799514,0.000161665,0.106446408,-0.068127103,-0.092272609,0.118832491,-0.020381920,-0.106446408,-0.068127103,0.092272609,-0.118832491,-0.020381920
959,train,23.610500336,0.013030196,0.017065971,0.106460355,-0.067286462,-0.092955567,0.117613755,-0.020342743,-0.106460355,-0.067286462,0.092955567,-0.117613755,-0.020342743
960,train,65.461997986,0.161275774,0.004648960,0.103222139,-0.061317667,-0.096249193,0.108317703,-0.020182081,-0.103222139,-0.061317667,0.096249193,-0.108317703,-0.020182081
961,train,43.298000336,0.049358021,0.009518162,0.105303176,-0.065110415,-0.093737774,0.114290111,-0.019711452,-0.105303176,-0.065110415,0.093737774,-0.114290111,-0.019711452
962,train,6.282499790,0.007714227,0.000234525,0.106573813,-0.068167225,-0.092359781,0.119003072,-0.020563670,-0.106573813,-0.068167225,0.092359781,-0.119003072,-0.020563670
963,train,94.598503113,0.705945253,0.094186541,0.097269431,-0.048432510,-0.101875797,0.084365733,-0.015339992,-0.097269431,-0.048432510,0.101875797,-0.084365733,-0.015339992
964,train,46.669998169,0.286721498,0.034423629,0.102774791,-0.058065698,-0.097485147,0.105640680,-0.018770926,-0.102774791,-0.058065698,0.097485147,-0.105640680,-0.018770926
965,validation,89.236503601,0.167330205,0.018601226,0.101909436,-0.057663780,-0.097205251,0.104759984,-0.019374253,-0.101909436,-0.057663780,0.097205251,-0.104759984,-0.019374253
966,train,14.610500336,0.011362500,0.000000000,0.106460407,-0.067995653,-0.092520319,0.118720986,-0.020527516,-0.106460407,-0.067995653,0.092520319,-0.118720986,-0.020527516
967,train,6.165500164,0.006516152,0.000348385,0.106506452,-0.068207666,-0.092327662,0.119115360,-0.020578275,-0.106506452,-0.068207666,0.092327662,-0.119115360,-0.020578275
968,train,66.399002075,0.204384342,0.034508912,0.101701416,-0.058331858,-0.096898027,0.103618249,-0.017418070,-0.101701416,-0.058331858,0.096898027,-0.103618249,-0.017418070
969,train,20.187999725,0.006030010,0.000000000,0.106476337,-0.068060495,-0.092422113,0.118563481,-0.020341620,-0.106476337,-0.068060495,0.092422113,-0.118563481,-0.020341620
970,holdout,25.429500580,0.018562213,0.008870900,0.106373191,-0.065973066,-0.093226299,0.116227083,-0.020089088,-0.106373191,-0.065973066,0.093226299,-0.116227083,-0.020089088
971,train,20.115999222,0.044617150,0.001290916,0.106128030,-0.066833697,-0.093178339,0.117353715,-0.020321202,-0.106128030,-0.066833697,0.093178339,-0.117353715,-0.020321202
972,train,37.558998108,0.056871783,0.028615004,0.104977287,-0.064199857,-0.094033740,0.113062665,-0.019642262,-0.104977287,-0.064199857,0.094033740,-0.113062665,-0.019642262
973,validation,148.277496338,0.738340080,0.182738924,0.090706974,-0.032797538,-0.111746296,0.068982095,-0.017704487,-0.090706974,-0.032797538,0.111746296,-0.068982095,-0.017704487
974,train,22.017999649,0.008223252,0.001535758,0.106395252,-0.067814097,-0.092425913,0.118193813,-0.020248320,-0.106395252,-0.067814097,0.092425913,-0.118193813,-0.020248320
975,train,175.155502319,0.800370336,0.198404302,0.092895046,-0.029327204,-0.107889742,0.065834425,-0.015681120,-0.092895046,-0.029327204,0.107889742,-0.065834425,-0.015681120
976,holdout,4.814499855,0.003125464,0.000000000,0.106603190,-0.068330616,-0.092256874,0.119218118,-0.020595253,-0.106603190,-0.068330616,0.092256874,-0.119218118,-0.020595253
977,train,23.516500473,0.024357401,0.005889219,0.106006615,-0.066203438,-0.093166947,0.116716392,-0.019895254,-0.106006615,-0.066203438,0.093166947,-0.116716392,-0.019895254
978,train,94.843498230,0.182395607,0.033356263,0.101809166,-0.055153906,-0.097274721,0.099073045,-0.018496146,-0.101809166,-0.055153906,0.097274721,-0.099073045,-0.018496146
979,holdout,148.343505859,1.212182522,0.121176824,0.088757321,-0.034315389,-0.110123597,0.069633171,-0.019297179,-0.088757321,-0.034315389,0.110123597,-0.069633171,-0.019297179
980,train,26.047500610,0.035695095,0.002018073,0.106266260,-0.066702224,-0.093171872,0.117033705,-0.020231236,-0.106266260,-0.066702224,0.093171872,-0.117033705,-0.020231236
981,validation,1.295500040,0.002549681,0.000000000,0.106600754,-0.068385810,-0.092240810,0.119334169,-0.020610237,-0.106600754,-0.068385810,0.092240810,-0.119334169,-0.020610237
982,train,14.859000206,0.002615573,0.000000000,0.106582515,-0.068384029,-0.092232369,0.119348451,-0.020596154,-0.106582515,-0.068384029,0.092232369,-0.119348451,-0.020596154
983,train,29.343500137,0.014033207,0.000496091,0.106170021,-0.067169189,-0.092787214,0.117468722,-0.020338207,-0.106170021,-0.067169189,0.092787214,-0.117468722,-0.020338207
984,holdout,15.699500084,0.020997528,0.000794485,0.106247440,-0.067737870,-0.092671074,0.118422821,-0.020367295,-0.106247440,-0.067737870,0.092671074,-0.118422821,-0.020367295
985,train,41.402000427,0.232024550,0.021286011,0.103815608,-0.060150675,-0.097226776,0.108261637,-0.018731739,-0.103815608,-0.060150675,0.097226776,-0.108261637,-0.018731739
986,train,30.722499847,0.052292030,0.003435010,0.105680801,-0.066333801,-0.093437456,0.116468742,-0.020291187,-0.105680801,-0.066333801,0.093437456,-0.116468742,-0.020291187
987,train,4.580999851,0.007400733,0.000000000,0.106593877,-0.068194993,-0.092336096,0.119077705,-0.020569634,-0.106593877,-0.068194993,0.092336096,-0.119077705,-0.020569634
988,train,181.537506104,1.352652073,0.171258094,0.091560654,-0.030291015,-0.110008195,0.064540625,-0.019394761,-0.091560654,-0.030291015,0.110008195,-0.064540625,-0.019394761
989,train,20.979999542,0.007846102,0.003260420,0.106411889,-0.067596570,-0.092505358,0.117795102,-0.020039767,-0.106411889,-0.067596570,0.092505358,-0.117795102,-0.020039767
990,train,4.269499779,0.007985253,0.000229240,0.106440499,-0.067976631,-0.092426725,0.118702352,-0.020536888,-0.106440499,-0.067976631,0.092426725,-0.118702352,-0.020536888
991,train,45.279499054,0.124492206,0.024317659,0.099631287,-0.051764291,-0.098888554,0.098878890,-0.016021779,-0.099631287,-0.051764291,0.098888554,-0.098878890,-0.016021779
992,train,5.731500149,0.011527184,0.000219238,0.106269792,-0.067817844,-0.092573673,0.118598416,-0.020446785,-0.106269792,-0.067817844,0.092573673,-0.118598416,-0.020446785
993,train,15.376500130,0.026469316,0.004501028,0.105737768,-0.065963857,-0.093581788,0.115982018,-0.019990953,-0.105737768,-0.065963857,0.093581788,-0.115982018,-0.019990953
994,train,53.708000183,0.214211985,0.010785372,0.103766099,-0.061350130,-0.095360175,0.109980017,-0.021007981,-0.103766099,-0.061350130,0.095360175,-0.109980017,-0.021007981
995,train,29.173500061,0.017180832,0.013202005,0.106036358,-0.066939197,-0.092748985,0.117194168,-0.020185694,-0.106036358,-0.066939197,0.092748985,-0.117194168,-0.020185694
996,holdout,112.558502197,0.104174837,0.038771164,0.102743022,-0.058445655,-0.096596181,0.104576722,-0.018176535,-0.102743022,-0.058445655,0.096596181,-0.104576722,-0.018176535
997,train,122.803001404,0.695207655,0.070820745,0.097942099,-0.048576094,-0.101859741,0.087901540,-0.015303065,-0.097942099,-0.048576094,0.101859741,-0.087901540,-0.015303065
998,validation,5.945499897,0.007553834,0.000000000,0.106524184,-0.068205871,-0.092351496,0.119090147,-0.020558015,-0.106524184,-0.068205871,0.092351496,-0.119090147,-0.020558015
999,train,135.798004150,0.636013150,0.197280787,0.095063724,-0.032802865,-0.108506843,0.068047345,-0.015015653,-0.095063724,-0.032802865,0.108506843,-0.068047345,-0.015015653
1000,train,7.156000137,0.008771941,0.000000000,0.105810560,-0.067236222,-0.092705846,0.117087677,-0.019775949,-0.105810560,-0.067236222,0.092705846,-0.117087677,-0.019775949
1001,train,19.024499893,0.014719863,0.001578372,0.106109738,-0.067108236,-0.092957988,0.117655121,-0.020413604,-0.106109738,-0.067108236,0.092957988,-0.117655121,-0.020413604
1002,train,64.648002625,0.279919446,0.047610446,0.098439038,-0.051113028,-0.099940367,0.094306178,-0.017728142,-0.098439038,-0.051113028,0.099940367,-0.094306178,-0.017728142
1003,validation,181.605499268,1.272784948,0.163256005,0.091629460,-0.031723868,-0.109598443,0.067805260,-0.019938065,-0.091629460,-0.031723868,0.109598443,-0.067805260,-0.019938065
1004,train,78.313003540,0.150593758,0.017991714,0.103578255,-0.060896620,-0.096180834,0.109229177,-0.018367432,-0.103578255,-0.060896620,0.096180834,-0.109229177,-0.018367432
1005,train,27.803499222,0.032486163,0.001639649,0.106283046,-0.066351600,-0.093178287,0.116581909,-0.020214954,-0.106283046,-0.066351600,0.093178287,-0.116581909,-0.020214954
1006,train,37.282501221,0.132540226,0.023045477,0.102749527,-0.054382406,-0.098521702,0.099841557,-0.016999768,-0.102749527,-0.054382406,0.098521702,-0.099841557,-0.016999768
1007,train,15.595000267,0.018847505,0.000666143,0.105876110,-0.066942327,-0.092950501,0.116649821,-0.020065308,-0.105876110,-0.066942327,0.092950501,-0.116649821,-0.020065308
1008,train,12.850999832,0.020635596,0.000706402,0.105954908,-0.067055933,-0.092865579,0.116699412,-0.020108270,-0.105954908,-0.067055933,0.092865579,-0.116699412,-0.020108270
1009,validation,5.477000237,0.008585861,0.000000000,0.106551841,-0.068159655,-0.092380792,0.118996955,-0.020595316,-0.106551841,-0.068159655,0.092380792,-0.118996955,-0.020595316
1010,train,40.247001648,0.038003746,0.007499210,0.105200484,-0.065195605,-0.093677744,0.114979431,-0.019811299,-0.105200484,-0.065195605,0.093677744,-0.114979431,-0.019811299
1011,holdout,18.378999710,0.025179263,0.003784408,0.105684854,-0.066364400,-0.093134120,0.116590433,-0.020094736,-0.105684854,-0.066364400,0.093134120,-0.116590433,-0.020094736
1012,train,8.772000313,0.003158437,0.001236923,0.106517605,-0.067962743,-0.092320882,0.118668243,-0.020391477,-0.106517605,-0.067962743,0.092320882,-0.118668243,-0.020391477
1013,train,114.673500061,0.305865437,0.078825513,0.100011386,-0.053230807,-0.100360282,0.098748282,-0.017638797,-0.100011386,-0.053230807,0.100360282,-0.098748282,-0.017638797
1014,holdout,27.477500916,0.027150268,0.004338942,0.105845176,-0.066017039,-0.093202226,0.115988746,-0.020148037,-0.105845176,-0.066017039,0.093202226,-0.115988746,-0.020148037
1015,holdout,82.099998474,0.102379277,0.017045649,0.103270076,-0.059779901,-0.095841773,0.106511146,-0.019546781,-0.103270076,-0.059779901,0.095841773,-0.106511146,-0.019546781
1016,train,53.847000122,0.133031175,0.022580584,0.100741602,-0.056007132,-0.098033905,0.102142841,-0.017985644,-0.100741602,-0.056007132,0.098033905,-0.102142841,-0.017985644
1017,train,30.375000000,0.027936140,0.006536037,0.105619796,-0.065915883,-0.093287192,0.115792364,-0.020270852,-0.105619796,-0.065915883,0.093287192,-0.115792364,-0.020270852
1018,train,101.998001099,0.264297336,0.045233573,0.101899467,-0.056710858,-0.098802008,0.103691876,-0.018710550,-0.101899467,-0.056710858,0.098802008,-0.103691876,-0.018710550
1019,train,7.311500072,0.006644165,0.000306680,0.106510513,-0.068098508,-0.092431605,0.118871920,-0.020568432,-0.106510513,-0.068098508,0.092431605,-0.118871920,-0.020568432
1020,train,96.221496582,0.357901096,0.067521838,0.101435833,-0.052803017,-0.098982759,0.094277851,-0.017130058,-0.101435833,-0.052803017,0.098982759,-0.094277851,-0.017130058
1021,train,24.489999771,0.008688688,0.001583335,0.105570458,-0.066747390,-0.092351124,0.115479790,-0.019054703,-0.105570458,-0.066747390,0.092351124,-0.115479790,-0.019054703
1022,train,23.159999847,0.020061059,0.007116291,0.106251851,-0.066865049,-0.093114153,0.117163762,-0.020274559,-0.106251851,-0.066865049,0.093114153,-0.117163762,-0.020274559
1023,train,1.695500016,0.003482781,0.000000000,0.106563069,-0.068291120,-0.092287190,0.119184941,-0.020563856,-0.106563069,-0.068291120,0.092287190,-0.119184941,-0.020563856
1024,train,105.461997986,0.321473628,0.070721727,0.100783780,-0.054075055,-0.099891558,0.099886633,-0.018414259,-0.100783780,-0.054075055,0.099891558,-0.099886633,-0.018414259
1025,train,33.077499390,0.135691300,0.014221973,0.104951352,-0.064454556,-0.094591238,0.113083139,-0.019424649,-0.104951352,-0.064454556,0.094591238,-0.113083139,-0.019424649
1026,train,3.317500114,0.005303142,0.000000000,0.106531575,-0.068220377,-0.092337154,0.119096071,-0.020587888,-0.106531575,-0.068220377,0.092337154,-0.119096071,-0.020587888
1027,train,64.537498474,0.179598242,0.022609945,0.102959707,-0.059776708,-0.096568473,0.107593231,-0.019044438,-0.102959707,-0.059776708,0.096568473,-0.107593231,-0.019044438
1028,train,21.934000015,0.019137569,0.000275563,0.105898321,-0.066835716,-0.093070135,0.117334902,-0.020273743,-0.105898321,-0.066835716,0.093070135,-0.117334902,-0.020273743
1029,train,29.341499329,0.014556509,0.010257255,0.106098011,-0.066827528,-0.092948057,0.117125876,-0.020185497,-0.106098011,-0.066827528,0.092948057,-0.117125876,-0.020185497
1030,train,4.319499969,0.009846132,0.000214749,0.106471673,-0.067942679,-0.092455432,0.118688278,-0.020503936,-0.106471673,-0.067942679,0.092455432,-0.118688278,-0.020503936
1031,train,171.197998047,1.190610766,0.272627750,0.093309365,-0.027091188,-0.115472212,0.063853309,-0.017693434,-0.093309365,-0.027091188,0.115472212,-0.063853309,-0.017693434
1032,holdout,48.471000671,0.198899448,0.024374353,0.098619565,-0.049657680,-0.100794807,0.097327821,-0.016121464,-0.098619565,-0.049657680,0.100794807,-0.097327821,-0.016121464
1033,train,14.854000092,0.019354811,0.000501400,0.106346548,-0.067316324,-0.092729986,0.117828555,-0.020552933,-0.106346548,-0.067316324,0.092729986,-0.117828555,-0.020552933
1034,train,25.895500183,0.028968284,0.003977726,0.105738349,-0.066295683,-0.093544297,0.116263561,-0.020130146,-0.105738349,-0.066295683,0.093544297,-0.116263561,-0.020130146
1035,holdout,54.527500153,0.114682056,0.027260868,0.103853911,-0.061523002,-0.096409544,0.109674990,-0.018021436,-0.103853911,-0.061523002,0.096409544,-0.109674990,-0.018021436
1036,train,27.106000900,0.019352142,0.001637395,0.106106840,-0.066621840,-0.092949875,0.116788760,-0.020288326,-0.106106840,-0.066621840,0.092949875,-0.116788760,-0.020288326
1037,train,55.624500275,0.187156588,0.023945875,0.103709608,-0.060662095,-0.096241079,0.107979357,-0.019143810,-0.103709608,-0.060662095,0.096241079,-0.107979357,-0.019143810
1038,holdout,20.565500259,0.018869139,0.000233240,0.106246218,-0.066930719,-0.093046278,0.117561847,-0.020210629,-0.106246218,-0.066930719,0.093046278,-0.117561847,-0.020210629
1039,validation,71.793998718,0.129843131,0.019169101,0.103966899,-0.060410973,-0.096113175,0.107656188,-0.019013053,-0.103966899,-0.060410973,0.096113175,-0.107656188,-0.019013053
1040,train,76.198997498,0.167261541,0.009056511,0.102774344,-0.059587736,-0.096541315,0.107165292,-0.019675074,-0.102774344,-0.059587736,0.096541315,-0.107165292,-0.019675074
1041,train,24.119499207,0.026297662,0.003472858,0.105402991,-0.065795764,-0.093381606,0.114253014,-0.019670321,-0.105402991,-0.065795764,0.093381606,-0.114253014,-0.019670321
1042,train,1.313500047,0.005410341,0.000437129,0.106407821,-0.068172425,-0.092449121,0.118938364,-0.020509956,-0.106407821,-0.068172425,0.092449121,-0.118938364,-0.020509956
1043,train,4.907499790,0.010608269,0.000254853,0.106377281,-0.067632802,-0.092450149,0.118243851,-0.020527253,-0.106377281,-0.067632802,0.092450149,-0.118243851,-0.020527253
1044,train,32.517501831,0.104592368,0.004785648,0.101706162,-0.058435779,-0.096757807,0.106327772,-0.017838351,-0.101706162,-0.058435779,0.096757807,-0.106327772,-0.017838351
1045,train,43.590000153,0.159589902,0.014156010,0.104786336,-0.064094976,-0.095037200,0.113123164,-0.019822288,-0.104786336,-0.064094976,0.095037200,-0.113123164,-0.019822288
1046,validation,4.659500122,0.006251710,0.000234525,0.106439948,-0.068122596,-0.092400141,0.118764326,-0.020491950,-0.106439948,-0.068122596,0.092400141,-0.118764326,-0.020491950
1047,train,36.944999695,0.113053620,0.006037493,0.101355173,-0.058121525,-0.096964061,0.105763003,-0.017773667,-0.101355173,-0.058121525,0.096964061,-0.105763003,-0.017773667
1048,train,14.088999748,0.017323876,0.000496493,0.106258921,-0.067038126,-0.092650361,0.117308497,-0.020082813,-0.106258921,-0.067038126,0.092650361,-0.117308497,-0.020082813
1049,train,28.899000168,0.044453960,0.006322329,0.105300874,-0.065473348,-0.093625002,0.115412943,-0.020358196,-0.105300874,-0.065473348,0.093625002,-0.115412943,-0.020358196
1050,validation,27.312000275,0.031922124,0.000659906,0.105302714,-0.065605149,-0.093589410,0.114125878,-0.019429522,-0.105302714,-0.065605149,0.093589410,-0.114125878,-0.019429522
1051,validation,21.836500168,0.020235522,0.000207975,0.105732709,-0.066702075,-0.092934728,0.115501456,-0.019688491,-0.105732709,-0.066702075,0.092934728,-0.115501456,-0.019688491
1052,train,14.259499550,0.010296416,0.000000000,0.106467165,-0.067992911,-0.092533089,0.118726946,-0.020520102,-0.106467165,-0.067992911,0.092533089,-0.118726946,-0.020520102
1053,train,4.387000084,0.009260322,0.000933838,0.106545299,-0.068156883,-0.092360221,0.119033933,-0.020551110,-0.106545299,-0.068156883,0.092360221,-0.119033933,-0.020551110
1054,train,30.686500549,0.048021931,0.006884629,0.105307065,-0.065351233,-0.093624100,0.115266971,-0.020405959,-0.105307065,-0.065351233,0.093624100,-0.115266971,-0.020405959
1055,validation,110.526496887,0.402968705,0.081714023,0.099125326,-0.050592165,-0.100494258,0.094510049,-0.019391252,-0.099125326,-0.050592165,0.100494258,-0.094510049,-0.019391252
1056,train,40.414001465,0.042887338,0.007439028,0.105252922,-0.065074660,-0.093536094,0.114372060,-0.019665450,-0.105252922,-0.065074660,0.093536094,-0.114372060,-0.019665450
1057,train,4.450500011,0.003178188,0.000040953,0.106608607,-0.068269327,-0.092296600,0.119186975,-0.020599002,-0.106608607,-0.068269327,0.092296600,-0.119186975,-0.020599002
1058,validation,11.946999550,0.008925577,0.000000000,0.106084958,-0.067486584,-0.092638150,0.117785774,-0.020063248,-0.106084958,-0.067486584,0.092638150,-0.117785774,-0.020063248
1059,train,37.682498932,0.132824227,0.011150333,0.104456313,-0.061472323,-0.095426075,0.109950855,-0.019418187,-0.104456313,-0.061472323,0.095426075,-0.109950855,-0.019418187
1060,validation,46.121498108,0.057070781,0.038624270,0.103357010,-0.062105689,-0.094976783,0.109006748,-0.018890616,-0.103357010,-0.062105689,0.094976783,-0.109006748,-0.018890616
1061,holdout,3.403000116,0.006727524,0.000264590,0.106400214,-0.068156473,-0.092276245,0.118741266,-0.020451853,-0.106400214,-0.068156473,0.092276245,-0.118741266,-0.020451853
1062,train,23.538000107,0.009114023,0.003330740,0.106292598,-0.067558408,-0.092483856,0.117659509,-0.019993380,-0.106292598,-0.067558408,0.092483856,-0.117659509,-0.019993380
1063,train,35.438999176,0.053142630,0.004687245,0.105695330,-0.066443533,-0.093500122,0.116461143,-0.019784113,-0.105695330,-0.066443533,0.093500122,-0.116461143,-0.019784113
1064,train,17.924499512,0.020407377,0.002221183,0.106027469,-0.066437840,-0.093120925,0.116937883,-0.020371413,-0.106027469,-0.066437840,0.093120925,-0.116937883,-0.020371413
1065,train,21.393999100,0.014781890,0.017117665,0.106218085,-0.067332990,-0.092712738,0.117355250,-0.020143576,-0.106218085,-0.067332990,0.092712738,-0.117355250,-0.020143576
1066,train,10.336999893,0.006413597,0.001352791,0.106359124,-0.067991778,-0.092340939,0.118413992,-0.020299498,-0.106359124,-0.067991778,0.092340939,-0.118413992,-0.020299498
1067,train,32.001499176,0.136169523,0.010269948,0.103156596,-0.059724670,-0.096788250,0.104583859,-0.017197326,-0.103156596,-0.059724670,0.096788250,-0.104583859,-0.017197326
1068,train,56.583499908,0.224186718,0.014673660,0.103577755,-0.061336573,-0.095531322,0.109355167,-0.021097198,-0.103577755,-0.061336573,0.095531322,-0.109355167,-0.021097198
1069,train,8.302000046,0.023740973,0.021708161,0.105927743,-0.067089587,-0.092802323,0.117053382,-0.019693743,-0.105927743,-0.067089587,0.092802323,-0.117053382,-0.019693743
1070,train,28.909000397,0.026472338,0.027786349,0.105484039,-0.065844253,-0.093207084,0.115302451,-0.019826474,-0.105484039,-0.065844253,0.093207084,-0.115302451,-0.019826474
1071,train,102.527999878,0.354927689,0.067275015,0.100531667,-0.051240731,-0.100409545,0.091921605,-0.016727537,-0.100531667,-0.051240731,0.100409545,-0.091921605,-0.016727537
1072,train,24.520500183,0.012482974,0.018361260,0.106289715,-0.067373477,-0.092616543,0.117957197,-0.020560931,-0.106289715,-0.067373477,0.092616543,-0.117957197,-0.020560931
1073,holdout,116.699996948,0.234406173,0.061678010,0.101260349,-0.054601081,-0.098977588,0.100636356,-0.019130610,-0.101260349,-0.054601081,0.098977588,-0.100636356,-0.019130610
1074,train,17.608499527,0.005104002,0.000000000,0.106557183,-0.068148091,-0.092334732,0.118744135,-0.020425519,-0.106557183,-0.068148091,0.092334732,-0.118744135,-0.020425519
1075,validation,45.611999512,0.065441497,0.008426940,0.103001773,-0.059430905,-0.095961988,0.106215253,-0.017282801,-0.103001773,-0.059430905,0.095961988,-0.106215253,-0.017282801
1076,train,106.444999695,0.442180812,0.158698757,0.096840993,-0.041518517,-0.102521673,0.079336651,-0.017080769,-0.096840993,-0.041518517,0.102521673,-0.079336651,-0.017080769
1077,train,33.820999146,0.043626424,0.002956215,0.103803113,-0.063711293,-0.094658874,0.112059221,-0.018563654,-0.103803113,-0.063711293,0.094658874,-0.112059221,-0.018563654
1078,train,24.805500031,0.035016198,0.001082422,0.106348887,-0.066636175,-0.093169540,0.117215961,-0.020330664,-0.106348887,-0.066636175,0.093169540,-0.117215961,-0.020330664
1079,train,15.480999947,0.027750358,0.003243065,0.105570599,-0.066241801,-0.093202166,0.116377212,-0.020133909,-0.105570599,-0.066241801,0.093202166,-0.116377212,-0.020133909
1080,train,14.696999550,0.018531434,0.000496533,0.106277406,-0.066984661,-0.092770010,0.117158569,-0.020065231,-0.106277406,-0.066984661,0.092770010,-0.117158569,-0.020065231
1081,train,11.034500122,0.025147706,0.001233855,0.106159776,-0.067106806,-0.092798293,0.117776856,-0.020603236,-0.106159776,-0.067106806,0.092798293,-0.117776856,-0.020603236
1082,train,108.175498962,0.398128867,0.083235072,0.098685905,-0.048507992,-0.101761907,0.088230655,-0.016122229,-0.098685905,-0.048507992,0.101761907,-0.088230655,-0.016122229
1083,train,3.498500109,0.004537895,0.000000000,0.106567182,-0.068228230,-0.092321157,0.119094774,-0.020604877,-0.106567182,-0.068228230,0.092321157,-0.119094774,-0.020604877
1084,validation,48.888500214,0.076234639,0.034323131,0.103227176,-0.061383903,-0.095743075,0.107687950,-0.018795628,-0.103227176,-0.061383903,0.095743075,-0.107687950,-0.018795628
1085,train,6.809999943,0.003692705,0.000919283,0.106485844,-0.068291456,-0.092100590,0.119056150,-0.020516967,-0.106485844,-0.068291456,0.092100590,-0.119056150,-0.020516967
1086,train,51.887500763,0.025457986,0.007108970,0.105728887,-0.065830283,-0.093439914,0.115381196,-0.019827558,-0.105728887,-0.065830283,0.093439914,-0.115381196,-0.019827558
1087,train,12.277500153,0.019102629,0.003933964,0.105976745,-0.066347800,-0.093270406,0.116742671,-0.020266913,-0.105976745,-0.066347800,0.093270406,-0.116742671,-0.020266913
1088,validation,30.137500763,0.067873351,0.004929407,0.105624400,-0.065992489,-0.093556851,0.116193503,-0.020408191,-0.105624400,-0.065992489,0.093556851,-0.116193503,-0.020408191
1089,train,9.501000404,0.006746616,0.000000000,0.106537074,-0.068108186,-0.092351392,0.118898824,-0.020544240,-0.106537074,-0.068108186,0.092351392,-0.118898824,-0.020544240
1090,train,3.512500048,0.009548512,0.000728340,0.106527045,-0.068084002,-0.092412859,0.118868575,-0.020557689,-0.106527045,-0.068084002,0.092412859,-0.118868575,-0.020557689
1091,train,75.333999634,0.130388677,0.030351583,0.103528090,-0.059693571,-0.096879713,0.107382871,-0.019700054,-0.103528090,-0.059693571,0.096879713,-0.107382871,-0.019700054
1092,train,11.812000275,0.015689751,0.001479213,0.106304988,-0.066804536,-0.093029760,0.117090672,-0.020225519,-0.106304988,-0.066804536,0.093029760,-0.117090672,-0.020225519
1093,validation,173.031494141,0.810421765,0.154225473,0.091679037,-0.034081940,-0.109311976,0.069974355,-0.018150073,-0.091679037,-0.034081940,0.109311976,-0.069974355,-0.018150073
1094,train,15.579000473,0.014946462,0.000000000,0.106042922,-0.067586958,-0.092602484,0.118160702,-0.020339420,-0.106042922,-0.067586958,0.092602484,-0.118160702,-0.020339420
1095,train,29.534500122,0.009936566,0.001144609,0.106196232,-0.067350194,-0.092688560,0.117869273,-0.020372706,-0.106196232,-0.067350194,0.092688560,-0.117869273,-0.020372706
1096,train,34.297500610,0.076934494,0.016075240,0.104572520,-0.063926615,-0.094928950,0.112081498,-0.018273586,-0.104572520,-0.063926615,0.094928950,-0.112081498,-0.018273586
1097,train,13.307999611,0.008253540,0.000015310,0.106274642,-0.068024628,-0.092398308,0.118572392,-0.020480165,-0.106274642,-0.068024628,0.092398308,-0.118572392,-0.020480165
1098,train,8.939000130,0.008145129,0.000427195,0.106440276,-0.067771971,-0.092430122,0.117996253,-0.020322880,-0.106440276,-0.067771971,0.092430122,-0.117996253,-0.020322880
1099,train,58.955001831,0.079146519,0.018971310,0.104078531,-0.063017152,-0.095110297,0.110825941,-0.018105356,-0.104078531,-0.063017152,0.095110297,-0.110825941,-0.018105356
1100,train,3.737999916,0.006921642,0.000000000,0.106576063,-0.068198845,-0.092360504,0.119078510,-0.020599317,-0.106576063,-0.068198845,0.092360504,-0.119078510,-0.020599317
1101,train,145.307998657,1.296095133,0.144407234,0.089669265,-0.034174006,-0.110155553,0.071430363,-0.020311976,-0.089669265,-0.034174006,0.110155553,-0.071430363,-0.020311976
1102,validation,20.062000275,0.036026351,0.001385755,0.106261455,-0.067297243,-0.092954762,0.117728196,-0.020174194,-0.106261455,-0.067297243,0.092954762,-0.117728196,-0.020174194
1103,train,97.959503174,0.437110305,0.086985576,0.098934844,-0.051603902,-0.099239618,0.095583037,-0.018663213,-0.098934844,-0.051603902,0.099239618,-0.095583037,-0.018663213
1104,validation,23.255500793,0.008636962,0.000000000,0.106453873,-0.067328110,-0.092917137,0.117780648,-0.020352734,-0.106453873,-0.067328110,0.092917137,-0.117780648,-0.020352734
1105,train,75.126502991,0.162372127,0.011680300,0.103589877,-0.060601249,-0.095431678,0.108294658,-0.019659465,-0.103589877,-0.060601249,0.095431678,-0.108294658,-0.019659465
1106,train,8.076999664,0.010905496,0.001712960,0.106279515,-0.067739248,-0.092470661,0.118425906,-0.020532062,-0.106279515,-0.067739248,0.092470661,-0.118425906,-0.020532062
1107,train,21.483999252,0.023496252,0.001247360,0.106194206,-0.067472205,-0.092923924,0.118074521,-0.020201387,-0.106194206,-0.067472205,0.092923924,-0.118074521,-0.020201387
1108,holdout,26.133499146,0.031600192,0.004113691,0.103953138,-0.063094079,-0.094390951,0.110580757,-0.017958868,-0.103953138,-0.063094079,0.094390951,-0.110580757,-0.017958868
1109,holdout,24.284999847,0.127913326,0.002008943,0.106083989,-0.066227391,-0.093514465,0.116992883,-0.020084707,-0.106083989,-0.066227391,0.093514465,-0.116992883,-0.020084707
1110,train,12.647000313,0.017764509,0.001158710,0.106206529,-0.067296542,-0.092695072,0.117816031,-0.020568876,-0.106206529,-0.067296542,0.092695072,-0.117816031,-0.020568876
1111,validation,34.554000854,0.040149275,0.006959662,0.104788810,-0.063638195,-0.094933458,0.111988805,-0.018544186,-0.104788810,-0.063638195,0.094933458,-0.111988805,-0.018544186
1112,holdout,7.220499992,0.017948300,0.000000000,0.106269948,-0.067386582,-0.092657216,0.118116215,-0.020527629,-0.106269948,-0.067386582,0.092657216,-0.118116215,-0.020527629
1113,validation,0.879999995,0.006885915,0.000519938,0.106387250,-0.068030953,-0.092493504,0.118729144,-0.020445511,-0.106387250,-0.068030953,0.092493504,-0.118729144,-0.020445511
1114,holdout,36.493000031,0.070686869,0.053659116,0.101882078,-0.059538499,-0.096772693,0.107396841,-0.017948607,-0.101882078,-0.059538499,0.096772693,-0.107396841,-0.017948607
1115,train,36.545501709,0.117103711,0.021044345,0.103683911,-0.058193542,-0.097669162,0.103588596,-0.017499816,-0.103683911,-0.058193542,0.097669162,-0.103588596,-0.017499816
1116,validation,49.022998810,0.093868397,0.005314114,0.105011180,-0.064381488,-0.094238684,0.112745054,-0.019041929,-0.105011180,-0.064381488,0.094238684,-0.112745054,-0.019041929
1117,train,119.385002136,0.301138073,0.097559295,0.096995421,-0.046513457,-0.102375321,0.087644972,-0.016285585,-0.096995421,-0.046513457,0.102375321,-0.087644972,-0.016285585
1118,train,5.058499813,0.005678847,0.000234525,0.106570899,-0.068241365,-0.092305899,0.119126968,-0.020557728,-0.106570899,-0.068241365,0.092305899,-0.119126968,-0.020557728
1119,train,175.724502563,0.999087989,0.229996082,0.090081707,-0.028499568,-0.110731624,0.063796647,-0.019859575,-0.090081707,-0.028499568,0.110731624,-0.063796647,-0.019859575
1120,train,28.676000595,0.010924988,0.014471008,0.106040224,-0.067252785,-0.092767887,0.117311053,-0.020219201,-0.106040224,-0.067252785,0.092767887,-0.117311053,-0.020219201
1121,validation,5.240499973,0.006038750,0.000000000,0.106465839,-0.068073846,-0.092506327,0.118878923,-0.020475062,-0.106465839,-0.068073846,0.092506327,-0.118878923,-0.020475062
1122,holdout,4.956999779,0.013238923,0.001206916,0.106348209,-0.067851886,-0.092425592,0.118587583,-0.020401066,-0.106348209,-0.067851886,0.092425592,-0.118587583,-0.020401066
1123,holdout,26.415500641,0.017239073,0.009449880,0.106177911,-0.066706240,-0.092938907,0.116814829,-0.019936560,-0.106177911,-0.066706240,0.092938907,-0.116814829,-0.019936560
1124,train,98.659500122,0.362389058,0.092747450,0.098229609,-0.045421124,-0.102940314,0.085162148,-0.016434813,-0.098229609,-0.045421124,0.102940314,-0.085162148,-0.016434813
1125,validation,18.168500900,0.010456553,0.000000000,0.106397651,-0.067527704,-0.092609249,0.118267670,-0.020532779,-0.106397651,-0.067527704,0.092609249,-0.118267670,-0.020532779
1126,train,4.382999897,0.001844134,0.000000000,0.106622376,-0.068276413,-0.092324704,0.119163074,-0.020547906,-0.106622376,-0.068276413,0.092324704,-0.119163074,-0.020547906
1127,train,105.694503784,0.288764179,0.059885389,0.101568192,-0.055140313,-0.099481158,0.101536721,-0.018293174,-0.101568192,-0.055140313,0.099481158,-0.101536721,-0.018293174
1128,train,4.565000057,0.009085313,0.000314499,0.106415175,-0.067980833,-0.092416592,0.118735887,-0.020406900,-0.106415175,-0.067980833,0.092416592,-0.118735887,-0.020406900
1129,train,35.899501801,0.037117437,0.002383816,0.103653744,-0.063938670,-0.094281584,0.113096580,-0.018931875,-0.103653744,-0.063938670,0.094281584,-0.113096580,-0.018931875
1130,train,4.681000233,0.010680597,0.000372072,0.106407158,-0.067964241,-0.092410661,0.118689075,-0.020380266,-0.106407158,-0.067964241,0.092410661,-0.118689075,-0.020380266
1131,holdout,66.257003784,0.254711032,0.033577901,0.101629421,-0.057150252,-0.097189523,0.103746057,-0.019706303,-0.101629421,-0.057150252,0.097189523,-0.103746057,-0.019706303
1132,train,11.050499916,0.017114792,0.001578980,0.105982892,-0.066466771,-0.093143813,0.116674371,-0.020166859,-0.105982892,-0.066466771,0.093143813,-0.116674371,-0.020166859
1133,train,50.920501709,0.109739892,0.025764734,0.101515770,-0.057243016,-0.097485147,0.103544042,-0.017768256,-0.101515770,-0.057243016,0.097485147,-0.103544042,-0.017768256
1134,train,108.943496704,0.447850078,0.101723697,0.098273255,-0.050029680,-0.100070789,0.094834782,-0.018353315,-0.098273255,-0.050029680,0.100070789,-0.094834782,-0.018353315
1135,train,13.097000122,0.022544881,0.001152555,0.106205881,-0.067283787,-0.092704892,0.117799699,-0.020570930,-0.106205881,-0.067283787,0.092704892,-0.117799699,-0.020570930
1136,train,176.228500366,1.154293895,0.251824714,0.093799822,-0.027739247,-0.115463443,0.064723082,-0.017151732,-0.093799822,-0.027739247,0.115463443,-0.064723082,-0.017151732
1137,train,37.479499817,0.065629698,0.003296831,0.105633743,-0.065697208,-0.093685411,0.115333445,-0.019405121,-0.105633743,-0.065697208,0.093685411,-0.115333445,-0.019405121
1138,train,25.435499191,0.020315031,0.002049891,0.106086992,-0.066792876,-0.092993796,0.117026649,-0.020249812,-0.106086992,-0.066792876,0.092993796,-0.117026649,-0.020249812
1139,validation,9.283499718,0.009819080,0.000040996,0.106402181,-0.068080358,-0.092380941,0.118860967,-0.020497745,-0.106402181,-0.068080358,0.092380941,-0.118860967,-0.020497745
1140,train,6.361000061,0.004669638,0.000000000,0.106558383,-0.068006180,-0.092402682,0.118745215,-0.020533415,-0.106558383,-0.068006180,0.092402682,-0.118745215,-0.020533415
1141,train,4.922999859,0.005968714,0.000006582,0.106586881,-0.068266682,-0.092299238,0.119157165,-0.020583034,-0.106586881,-0.068266682,0.092299238,-0.119157165,-0.020583034
1142,train,67.316497803,0.142361358,0.019271473,0.103745170,-0.060738277,-0.095893934,0.108389281,-0.019451814,-0.103745170,-0.060738277,0.095893934,-0.108389281,-0.019451814
1143,train,121.577499390,0.283299923,0.083270763,0.099870212,-0.053445593,-0.099420294,0.098368175,-0.017888635,-0.099870212,-0.053445593,0.099420294,-0.098368175,-0.017888635
1144,holdout,26.359500885,0.014682548,0.001338479,0.106029108,-0.066732511,-0.092962839,0.116496220,-0.020147361,-0.106029108,-0.066732511,0.092962839,-0.116496220,-0.020147361
1145,train,25.089000702,0.017529994,0.000218374,0.106466390,-0.066786751,-0.093215659,0.117282227,-0.020169638,-0.106466390,-0.066786751,0.093215659,-0.117282227,-0.020169638
1146,train,40.894001007,0.141307116,0.009002967,0.104498632,-0.061170232,-0.095814131,0.109871320,-0.019302594,-0.104498632,-0.061170232,0.095814131,-0.109871320,-0.019302594
1147,train,6.538499832,0.005641962,0.000234525,0.106548145,-0.068194024,-0.092314787,0.119102277,-0.020535842,-0.106548145,-0.068194024,0.092314787,-0.119102277,-0.020535842
1148,train,36.142501831,0.074449539,0.020283040,0.104671091,-0.063646987,-0.095004402,0.111964636,-0.018330760,-0.104671091,-0.063646987,0.095004402,-0.111964636,-0.018330760
1149,train,16.694499969,0.010784183,0.000000000,0.106001839,-0.067472026,-0.092771001,0.117588736,-0.019891838,-0.106001839,-0.067472026,0.092771001,-0.117588736,-0.019891838
1150,train,10.237999916,0.007268289,0.000217181,0.106482483,-0.068058223,-0.092284948,0.118798956,-0.020442685,-0.106482483,-0.068058223,0.092284948,-0.118798956,-0.020442685
1151,holdout,107.095001221,0.118633978,0.034928748,0.102598429,-0.058794912,-0.096850507,0.105921172,-0.018363791,-0.102598429,-0.058794912,0.096850507,-0.105921172,-0.018363791
1152,train,11.163999557,0.015326903,0.001224994,0.106319606,-0.066468664,-0.093083695,0.116773799,-0.020084541,-0.106319606,-0.066468664,0.093083695,-0.116773799,-0.020084541
1153,train,83.346496582,0.152609542,0.018433445,0.102424636,-0.058707956,-0.096485749,0.106352091,-0.019404154,-0.102424636,-0.058707956,0.096485749,-0.106352091,-0.019404154
1154,holdout,21.003000259,0.027451608,0.000232551,0.105839953,-0.067116238,-0.092965297,0.117553309,-0.020307481,-0.105839953,-0.067116238,0.092965297,-0.117553309,-0.020307481
1155,train,24.165000916,0.015548779,0.016068016,0.106344901,-0.066961482,-0.093080342,0.117358245,-0.020312693,-0.106344901,-0.066961482,0.093080342,-0.117358245,-0.020312693
1156,train,17.899499893,0.006607856,0.000559641,0.106462747,-0.068129025,-0.092333965,0.118599191,-0.020388031,-0.106462747,-0.068129025,0.092333965,-0.118599191,-0.020388031
1157,train,4.385000229,0.003041543,0.000000000,0.106599286,-0.068282411,-0.092319079,0.119159788,-0.020534983,-0.106599286,-0.068282411,0.092319079,-0.119159788,-0.020534983
1158,train,86.600997925,0.193746462,0.043394001,0.102051474,-0.056532573,-0.097382590,0.102518804,-0.019811820,-0.102051474,-0.056532573,0.097382590,-0.102518804,-0.019811820
1159,holdout,147.222000122,0.492549479,0.159518802,0.096585378,-0.039489083,-0.106996909,0.076198675,-0.017504055,-0.096585378,-0.039489083,0.106996909,-0.076198675,-0.017504055
1160,train,4.921500206,0.008132568,0.000228691,0.106541209,-0.068186335,-0.092313319,0.119049750,-0.020584581,-0.106541209,-0.068186335,0.092313319,-0.119049750,-0.020584581
1161,train,27.161500931,0.049410600,0.001355863,0.106064901,-0.066659726,-0.093350552,0.117045745,-0.020157600,-0.106064901,-0.066659726,0.093350552,-0.117045745,-0.020157600
1162,holdout,41.875499725,0.069712698,0.030107182,0.104227409,-0.062701032,-0.094991706,0.110451661,-0.018993178,-0.104227409,-0.062701032,0.094991706,-0.110451661,-0.018993178
1163,train,108.462501526,0.295511335,0.067484351,0.101580195,-0.055016953,-0.099708065,0.100809291,-0.017931705,-0.101580195,-0.055016953,0.099708065,-0.100809291,-0.017931705
1164,train,47.994499207,0.041888602,0.011605204,0.105023734,-0.065432563,-0.093737125,0.113940053,-0.019527920,-0.105023734,-0.065432563,0.093737125,-0.113940053,-0.019527920
1165,train,74.703498840,0.236906573,0.028609257,0.101591386,-0.057122961,-0.098295510,0.105148517,-0.018998953,-0.101591386,-0.057122961,0.098295510,-0.105148517,-0.018998953
1166,holdout,19.172000885,0.017448610,0.000233240,0.106108107,-0.066741571,-0.093005441,0.117145263,-0.020205183,-0.106108107,-0.066741571,0.093005441,-0.117145263,-0.020205183
1167,train,91.289497375,0.219942108,0.044918929,0.102085367,-0.057246394,-0.097746044,0.102914818,-0.019938635,-0.102085367,-0.057246394,0.097746044,-0.102914818,-0.019938635
1168,train,29.444499969,0.053607285,0.003742484,0.103687696,-0.062811084,-0.095357791,0.110993735,-0.018653458,-0.103687696,-0.062811084,0.095357791,-0.110993735,-0.018653458
1169,train,23.917999268,0.020982474,0.003270961,0.106239885,-0.066792078,-0.093196385,0.117063805,-0.020203674,-0.106239885,-0.066792078,0.093196385,-0.117063805,-0.020203674
1170,train,10.076000214,0.008661246,0.001529467,0.106239527,-0.066841573,-0.092862837,0.117163554,-0.020080721,-0.106239527,-0.066841573,0.092862837,-0.117163554,-0.020080721
1171,train,144.746505737,0.742269158,0.158692929,0.095171690,-0.043241143,-0.104499534,0.082577370,-0.017439498,-0.095171690,-0.043241143,0.104499534,-0.082577370,-0.017439498
1172,train,40.794498444,0.057252392,0.017612341,0.103086382,-0.060928538,-0.095447592,0.105971619,-0.017601361,-0.103086382,-0.060928538,0.095447592,-0.105971619,-0.017601361
1173,train,84.642501831,0.175885484,0.042961865,0.102701813,-0.057957321,-0.096443430,0.104170352,-0.019639131,-0.102701813,-0.057957321,0.096443430,-0.104170352,-0.019639131
1174,train,31.686500549,0.036636416,0.017856769,0.105565749,-0.065299422,-0.093725868,0.115245834,-0.019779144,-0.105565749,-0.065299422,0.093725868,-0.115245834,-0.019779144
1175,train,30.579500198,0.041755799,0.062872826,0.104707651,-0.064749107,-0.093744949,0.113769867,-0.019411014,-0.104707651,-0.064749107,0.093744949,-0.113769867,-0.019411014
1176,train,68.717002869,0.083793610,0.022828684,0.104001611,-0.062995344,-0.095471397,0.109467953,-0.017879950,-0.104001611,-0.062995344,0.095471397,-0.109467953,-0.017879950
1177,validation,110.226501465,0.436342448,0.090761959,0.098653384,-0.051334526,-0.099030226,0.095081396,-0.017556753,-0.098653384,-0.051334526,0.099030226,-0.095081396,-0.017556753
1178,train,10.011500359,0.012023488,0.000238267,0.106461048,-0.067879044,-0.092397116,0.118703812,-0.020584287,-0.106461048,-0.067879044,0.092397116,-0.118703812,-0.020584287
1179,train,5.804500103,0.008570338,0.000234525,0.106554665,-0.068146482,-0.092382491,0.118992068,-0.020579280,-0.106554665,-0.068146482,0.092382491,-0.118992068,-0.020579280
1180,train,6.657499790,0.012966939,0.000224275,0.106341779,-0.067484282,-0.092649527,0.118131578,-0.020562619,-0.106341779,-0.067484282,0.092649527,-0.118131578,-0.020562619
1181,train,35.381500244,0.131121323,0.008407038,0.104579739,-0.061414246,-0.095720202,0.110407256,-0.018961197,-0.104579739,-0.061414246,0.095720202,-0.110407256,-0.018961197
1182,train,50.583000183,0.170219287,0.016780633,0.104516238,-0.063591368,-0.095231242,0.112022474,-0.019395730,-0.104516238,-0.063591368,0.095231242,-0.112022474,-0.019395730
1183,validation,6.743500233,0.017632242,0.000171377,0.105822802,-0.066828966,-0.093111530,0.117100842,-0.020071667,-0.105822802,-0.066828966,0.093111530,-0.117100842,-0.020071667
1184,train,94.541496277,0.260795951,0.054550610,0.101036869,-0.052680679,-0.098252334,0.097187154,-0.017630864,-0.101036869,-0.052680679,0.098252334,-0.097187154,-0.017630864
1185,train,94.430496216,0.215362057,0.049659542,0.100380242,-0.051828545,-0.099183604,0.096052907,-0.017100252,-0.100380242,-0.051828545,0.099183604,-0.096052907,-0.017100252
1186,train,98.000503540,0.247093961,0.059667768,0.100284860,-0.050717767,-0.098400570,0.091260806,-0.014953352,-0.100284860,-0.050717767,0.098400570,-0.091260806,-0.014953352
1187,holdout,26.940500259,0.016038481,0.001965203,0.106089562,-0.066844165,-0.092930153,0.116872169,-0.020018846,-0.106089562,-0.066844165,0.092930153,-0.116872169,-0.020018846
1188,train,4.395999908,0.012635102,0.000265974,0.106355235,-0.067639560,-0.092463814,0.118301637,-0.020525323,-0.106355235,-0.067639560,0.092463814,-0.118301637,-0.020525323
1189,train,29.159500122,0.015639309,0.017225985,0.105902128,-0.066842109,-0.092998922,0.117178537,-0.020217530,-0.105902128,-0.066842109,0.092998922,-0.117178537,-0.020217530
1190,train,3.342499971,0.007336025,0.000000000,0.106519587,-0.068243645,-0.092317678,0.119060464,-0.020588299,-0.106519587,-0.068243645,0.092317678,-0.119060464,-0.020588299
1191,train,14.920000076,0.019748762,0.001633331,0.106216118,-0.066844210,-0.092849657,0.117376007,-0.020356448,-0.106216118,-0.066844210,0.092849657,-0.117376007,-0.020356448
1192,train,24.008499146,0.013363453,0.015388246,0.106278427,-0.067088433,-0.092961557,0.117368139,-0.020223998,-0.106278427,-0.067088433,0.092961557,-0.117368139,-0.020223998
1193,train,4.637499809,0.008588854,0.000705147,0.106551215,-0.068127736,-0.092346407,0.119022578,-0.020560153,-0.106551215,-0.068127736,0.092346407,-0.119022578,-0.020560153
1194,train,45.769001007,0.078421772,0.003229649,0.105427317,-0.065404557,-0.094013177,0.114855409,-0.019507937,-0.105427317,-0.065404557,0.094013177,-0.114855409,-0.019507937
1195,holdout,25.285999298,0.014396783,0.000477452,0.106154680,-0.066984467,-0.092838660,0.117372654,-0.020379264,-0.106154680,-0.066984467,0.092838660,-0.117372654,-0.020379264
1196,train,27.222499847,0.030159656,0.002494189,0.104057997,-0.063320249,-0.094809383,0.113028064,-0.019276831,-0.104057997,-0.063320249,0.094809383,-0.113028064,-0.019276831
1197,train,7.711500168,0.010372425,0.000224275,0.106412552,-0.067617267,-0.092603512,0.118175499,-0.020460552,-0.106412552,-0.067617267,0.092603512,-0.118175499,-0.020460552
1198,train,128.238006592,0.607688725,0.178082100,0.098325007,-0.047367945,-0.103058621,0.090004392,-0.020153893,-0.098325007,-0.047367945,0.103058621,-0.090004392,-0.020153893
1199,validation,68.439498901,0.152680457,0.020614001,0.104309224,-0.061144248,-0.095744312,0.109159522,-0.020287748,-0.104309224,-0.061144248,0.095744312,-0.109159522,-0.020287748
