region_id,selection_method,seed_node,node_count,boundary_count,internal_node_count,shortcut_count,label_query_count,reachable_query_count,endpoint_access_query_count,endpoint_access_rate_pct,baseline_avg_expanded,indexed_avg_expanded,indexed_avg_graph_expanded,indexed_avg_access_expanded,avg_workload_gain,total_workload_gain,positive_gain_query_rate_pct,baseline_avg_ms_unpaired,indexed_avg_ms_unpaired,indexed_p95_ms_unpaired,preprocessing_seconds,evaluation_seconds,correctness_rate
0,fixed_random_bfs,261130664,512,63,449,2664,2000,2000,2,0.100000000,3240.418500000,3236.671500000,3235.941500000,0.730000000,3.747000000,7494,2.350000000,3.314701307,6.800521903,27.410371743,1.277490442,13.895956398,1.000000000
1,fixed_random_bfs,261245312,512,49,463,1144,2000,2000,84,4.200000000,3240.418500000,3222.190500000,3201.290500000,20.900000000,18.228000000,36456,12.250000000,3.314701307,4.760569213,19.114619061,1.004364354,9.718074763,1.000000000
2,fixed_random_bfs,709360166,512,56,456,1447,2000,2000,57,2.850000000,3240.418500000,3184.748500000,3175.609000000,9.139500000,55.670000000,111340,26.600000000,3.314701307,5.319458989,21.754345211,1.274572702,10.861386198,1.000000000
3,fixed_random_bfs,1296625442,512,45,467,1135,2000,2000,23,1.150000000,3240.418500000,3225.762000000,3219.456500000,6.305500000,14.656500000,29313,7.750000000,3.314701307,4.816984887,19.372142112,1.006441608,9.842756501,1.000000000
4,fixed_random_bfs,5495808193,512,69,443,3972,2000,2000,0,0.000000000,3240.418500000,3240.197000000,3240.197000000,0.000000000,0.221500000,443,0.050000000,3.314701307,5.651045893,22.876309709,1.279119250,11.550137476,1.000000000
5,fixed_random_bfs,1647496589,512,60,452,484,2000,2000,35,1.750000000,3240.418500000,3200.000500000,3197.818500000,2.182000000,40.418000000,80836,28.100000000,3.314701307,5.494676817,21.532807852,0.938294943,11.225025583,1.000000000
6,fixed_random_bfs,739118563,512,41,471,594,2000,2000,125,6.250000000,3240.418500000,3197.693000000,3173.089000000,24.604000000,42.725500000,85451,24.950000000,3.314701307,5.741485161,22.903703597,1.274951468,11.714622322,1.000000000
7,fixed_random_bfs,1308232052,512,51,461,1529,2000,2000,7,0.350000000,3240.418500000,3235.119500000,3232.917500000,2.202000000,5.299000000,10598,3.950000000,3.314701307,5.881894754,23.602798043,1.309219939,12.017205343,1.000000000
8,fixed_random_bfs,2402712172,512,43,469,1162,2000,2000,1,0.050000000,3240.418500000,3239.608500000,3239.362500000,0.246000000,0.810000000,1620,0.750000000,3.314701307,5.963151966,23.672141342,1.276181639,12.182836163,1.000000000
9,fixed_random_bfs,8229753272,512,58,454,1266,2000,2000,69,3.450000000,3240.418500000,3192.269500000,3183.170500000,9.099000000,48.149000000,96298,25.400000000,3.314701307,4.788555447,19.016225055,0.941199468,9.775781724,1.000000000
10,fixed_random_bfs,5870701665,512,60,452,1595,2000,2000,1,0.050000000,3240.418500000,3237.473500000,3237.028500000,0.445000000,2.945000000,5890,2.750000000,3.314701307,4.957635588,20.010065144,0.949458761,10.131540115,1.000000000
11,fixed_random_bfs,9074937013,512,40,472,824,2000,2000,35,1.750000000,3240.418500000,3246.139000000,3235.304000000,10.835000000,-5.720500000,-11441,0.850000000,3.314701307,4.862268224,19.254684448,1.002339470,9.936516534,1.000000000
12,fixed_random_bfs,602411024,512,34,478,768,2000,2000,5,0.250000000,3240.418500000,3236.997000000,3235.745500000,1.251500000,3.421500000,6843,1.750000000,3.314701307,6.727219028,27.338130795,1.272644043,13.746204571,1.000000000
13,fixed_random_bfs,727782494,512,40,472,939,2000,2000,0,0.000000000,3240.418500000,3239.913000000,3239.913000000,0.000000000,0.505500000,1011,0.550000000,3.314701307,4.761930593,19.141408250,0.933502249,9.730110857,1.000000000
14,fixed_random_bfs,261312107,512,46,466,1644,2000,2000,0,0.000000000,3240.418500000,3240.245500000,3240.245500000,0.000000000,0.173000000,346,0.100000000,3.314701307,4.752256973,19.031574197,0.935024872,9.709723427,1.000000000
15,fixed_random_bfs,2401929340,512,45,467,1200,2000,2000,3,0.150000000,3240.418500000,3237.532000000,3236.802500000,0.729500000,2.886500000,5773,2.650000000,3.314701307,6.724407171,27.445635998,1.272666136,13.736826362,1.000000000
16,fixed_random_bfs,709547089,512,38,474,1093,2000,2000,5,0.250000000,3240.418500000,3240.084500000,3238.571000000,1.513500000,0.334000000,668,0.850000000,3.314701307,4.956312703,19.742433653,1.295781635,10.129717543,1.000000000
17,fixed_random_bfs,261201660,512,66,446,4097,2000,2000,0,0.000000000,3240.418500000,3240.007500000,3240.007500000,0.000000000,0.411000000,822,0.100000000,3.314701307,4.759592937,19.131221293,1.026665234,9.725336907,1.000000000
18,fixed_random_bfs,261210238,512,42,470,1162,2000,2000,0,0.000000000,3240.418500000,3239.835000000,3239.835000000,0.000000000,0.583500000,1167,0.400000000,3.314701307,6.437517867,26.051861009,1.269126457,13.151260842,1.000000000
19,fixed_random_bfs,7396450160,512,45,467,1526,2000,2000,4,0.200000000,3240.418500000,3239.478500000,3238.495500000,0.983000000,0.940000000,1880,0.550000000,3.314701307,6.769626787,27.366652144,1.277863511,13.829553424,1.000000000
20,fixed_random_bfs,2183538570,512,47,465,1238,2000,2000,0,0.000000000,3240.418500000,3239.475000000,3239.475000000,0.000000000,0.943500000,1887,0.400000000,3.314701307,4.768083836,19.187786155,1.004740056,9.744129487,1.000000000
21,fixed_random_bfs,2243177979,512,52,460,1419,2000,2000,20,1.000000000,3240.418500000,3234.800500000,3229.542500000,5.258000000,5.618000000,11236,4.350000000,3.314701307,6.742930183,26.973832288,1.279957492,13.771367598,1.000000000
22,fixed_random_bfs,259745633,512,35,477,710,2000,2000,25,1.250000000,3240.418500000,3237.612000000,3231.516000000,6.096000000,2.806500000,5613,2.750000000,3.314701307,4.875969112,19.538324899,1.220726439,9.963584117,1.000000000
23,fixed_random_bfs,1894564272,512,38,474,849,2000,2000,27,1.350000000,3240.418500000,3219.318000000,3213.398500000,5.919500000,21.100500000,42201,11.800000000,3.314701307,6.699433662,27.098945811,1.273906583,13.684136151,1.000000000
24,fixed_random_bfs,367763450,512,49,463,1524,2000,2000,0,0.000000000,3240.418500000,3240.187000000,3240.187000000,0.000000000,0.231500000,463,0.050000000,3.314701307,4.725409314,19.029203601,0.931959060,9.654924673,1.000000000
25,fixed_random_bfs,2396652983,512,54,458,1254,2000,2000,4,0.200000000,3240.418500000,3227.985000000,3227.053000000,0.932000000,12.433500000,24867,7.100000000,3.314701307,6.690607800,27.485929057,1.271685977,13.666110748,1.000000000
26,fixed_random_bfs,261115691,512,37,475,812,2000,2000,0,0.000000000,3240.418500000,3240.064000000,3240.064000000,0.000000000,0.354500000,709,0.200000000,3.314701307,6.772649341,27.262100954,1.278640832,13.840026695,1.000000000
27,fixed_random_bfs,1317862230,512,52,460,1570,2000,2000,35,1.750000000,3240.418500000,3226.676500000,3217.724500000,8.952000000,13.742000000,27484,8.450000000,3.314701307,4.782553399,19.283041402,0.935374314,9.767913797,1.000000000
28,fixed_random_bfs,2431739453,512,43,469,1377,2000,2000,3,0.150000000,3240.418500000,3239.815500000,3239.066000000,0.749500000,0.603000000,1206,0.650000000,3.314701307,4.831703070,19.738869955,0.933010165,9.871252149,1.000000000
29,fixed_random_bfs,367783431,512,40,472,1064,2000,2000,0,0.000000000,3240.418500000,3240.140000000,3240.140000000,0.000000000,0.278500000,557,0.150000000,3.314701307,4.831399356,19.212062359,0.933383956,9.873216735,1.000000000
30,fixed_random_bfs,2402691813,512,55,457,1946,2000,2000,3,0.150000000,3240.418500000,3238.867000000,3237.877000000,0.990000000,1.551500000,3103,1.450000000,3.314701307,6.790076911,27.384067207,1.272558461,13.870087910,1.000000000
31,fixed_random_bfs,1929916051,512,43,469,1565,2000,2000,1,0.050000000,3240.418500000,3239.622000000,3239.371500000,0.250500000,0.796500000,1593,0.350000000,3.314701307,6.720588195,27.240689804,1.305550531,13.727707176,1.000000000
32,fixed_random_bfs,261102572,512,54,458,1386,2000,2000,0,0.000000000,3240.418500000,3240.155000000,3240.155000000,0.000000000,0.263500000,527,0.200000000,3.314701307,4.759322371,18.994631343,0.994746483,9.724735736,1.000000000
33,fixed_random_bfs,365020486,512,56,456,1431,2000,2000,68,3.400000000,3240.418500000,3223.858500000,3206.539500000,17.319000000,16.560000000,33120,11.900000000,3.314701307,4.788732338,19.111915362,0.931592123,9.775888236,1.000000000
34,fixed_random_bfs,2172916655,512,44,468,1353,2000,2000,2,0.100000000,3240.418500000,3238.931000000,3238.437000000,0.494000000,1.487500000,2975,1.000000000,3.314701307,4.752741736,19.239701958,1.176031725,9.710362220,1.000000000
35,fixed_random_bfs,408454273,512,61,451,2408,2000,2000,1,0.050000000,3240.418500000,3238.939500000,3238.453000000,0.486500000,1.479000000,2958,1.200000000,3.314701307,4.874650372,19.475158102,1.272512636,9.962090572,1.000000000
36,fixed_random_bfs,258019611,512,61,451,1326,2000,2000,8,0.400000000,3240.418500000,3235.589000000,3234.107500000,1.481500000,4.829500000,9659,4.350000000,3.314701307,5.620804374,21.665868098,0.924145030,11.485581891,1.000000000
37,fixed_random_bfs,1473072794,512,45,467,913,2000,2000,14,0.700000000,3240.418500000,3230.553500000,3226.961500000,3.592000000,9.865000000,19730,3.950000000,3.314701307,6.422505372,25.735586892,0.991774460,13.121999657,1.000000000
38,fixed_random_bfs,5307840552,512,49,463,1813,2000,2000,105,5.250000000,3240.418500000,3203.886500000,3175.902500000,27.984000000,36.532000000,73064,24.600000000,3.314701307,5.115451718,20.280676997,1.369792641,10.441653050,1.000000000
39,fixed_random_bfs,6341895472,512,46,466,849,2000,2000,8,0.400000000,3240.418500000,3236.194000000,3234.923000000,1.271000000,4.224500000,8449,4.700000000,3.314701307,6.751188365,27.419548150,1.259402747,13.791034579,1.000000000
40,fixed_random_bfs,7187140191,512,42,470,1066,2000,2000,57,2.850000000,3240.418500000,3194.652000000,3180.268000000,14.384000000,45.766500000,91533,26.900000000,3.314701307,4.798484671,19.397888103,0.796865073,9.799272990,1.000000000
41,fixed_random_bfs,4881223217,512,46,466,1341,2000,2000,0,0.000000000,3240.418500000,3240.218000000,3240.218000000,0.000000000,0.200500000,401,0.050000000,3.314701307,4.835367454,19.488850552,0.813748140,9.880627464,1.000000000
42,fixed_random_bfs,366588631,512,55,457,1577,2000,2000,0,0.000000000,3240.418500000,3240.206000000,3240.206000000,0.000000000,0.212500000,425,0.150000000,3.314701307,6.692692010,26.771260546,0.817996778,13.676614597,1.000000000
43,fixed_random_bfs,2174877840,512,50,462,1079,2000,2000,26,1.300000000,3240.418500000,3227.180000000,3221.004500000,6.175500000,13.238500000,26477,5.900000000,3.314701307,4.866319966,19.568806748,0.815973309,9.941350847,1.000000000
44,fixed_random_bfs,728736502,512,43,469,1034,2000,2000,0,0.000000000,3240.418500000,3239.761500000,3239.761500000,0.000000000,0.657000000,1314,0.200000000,3.314701307,4.866622733,19.528700205,0.810143110,9.943933707,1.000000000
45,fixed_random_bfs,2426839445,512,59,453,2366,2000,2000,0,0.000000000,3240.418500000,3240.192000000,3240.192000000,0.000000000,0.226500000,453,0.050000000,3.314701307,4.872282920,19.600484842,0.809073178,9.957161865,1.000000000
46,fixed_random_bfs,1494455687,512,56,456,2041,2000,2000,0,0.000000000,3240.418500000,3240.418500000,3240.418500000,0.000000000,0.000000000,0,0.000000000,3.314701307,4.857276378,19.477646955,0.805202217,9.925129916,1.000000000
47,fixed_random_bfs,736861058,512,57,455,899,2000,2000,84,4.200000000,3240.418500000,3174.632000000,3155.019500000,19.612500000,65.786500000,131573,28.900000000,3.314701307,4.782823317,19.227734605,0.797986688,9.763936090,1.000000000
48,fixed_random_bfs,261211056,512,43,469,722,2000,2000,0,0.000000000,3240.418500000,3240.185500000,3240.185500000,0.000000000,0.233000000,466,0.050000000,3.314701307,4.858658933,19.561407151,0.808058002,9.931645147,1.000000000
49,fixed_random_bfs,6042061913,512,39,473,1226,2000,2000,9,0.450000000,3240.418500000,3226.285500000,3224.036500000,2.249000000,14.133000000,28266,6.850000000,3.314701307,4.841953863,19.392886799,0.804125401,9.892617360,1.000000000
50,fixed_random_bfs,261135255,512,33,479,760,2000,2000,0,0.000000000,3240.418500000,3240.179500000,3240.179500000,0.000000000,0.239000000,478,0.050000000,3.314701307,4.909100500,19.468125755,0.799382612,10.032453526,1.000000000
51,fixed_random_bfs,4384635707,512,41,471,1097,2000,2000,128,6.400000000,3240.418500000,3206.781500000,3173.272000000,33.509500000,33.637000000,67274,18.650000000,3.314701307,4.860014174,19.528999649,0.794572768,9.919246091,1.000000000
52,fixed_random_bfs,9239252083,512,50,462,1587,2000,2000,0,0.000000000,3240.418500000,3240.056500000,3240.056500000,0.000000000,0.362000000,724,0.450000000,3.314701307,4.898972828,19.517908102,0.795363795,10.010575583,1.000000000
53,fixed_random_bfs,9169043132,512,49,463,1770,2000,2000,66,3.300000000,3240.418500000,3184.304000000,3167.337000000,16.967000000,56.114500000,112229,25.900000000,3.314701307,4.875667890,19.698298008,0.780413096,9.955012918,1.000000000
54,fixed_random_bfs,261152732,512,39,473,747,2000,2000,0,0.000000000,3240.418500000,3240.418500000,3240.418500000,0.000000000,0.000000000,0,0.000000000,3.314701307,6.772905856,27.594504197,1.102668433,13.839327917,1.000000000
55,fixed_random_bfs,1482492926,512,60,452,2229,2000,2000,37,1.850000000,3240.418500000,3226.830000000,3217.904000000,8.926000000,13.588500000,27177,8.850000000,3.314701307,6.780355157,27.401049298,1.084067991,13.843877929,1.000000000
56,fixed_random_bfs,6290594072,512,34,478,933,2000,2000,0,0.000000000,3240.418500000,3240.418500000,3240.418500000,0.000000000,0.000000000,0,0.000000000,3.314701307,4.829838312,18.884039194,0.751165799,9.870751700,1.000000000
57,fixed_random_bfs,8041709691,512,45,467,1808,2000,2000,7,0.350000000,3240.418500000,3240.412000000,3238.636000000,1.776000000,0.006500000,13,0.350000000,3.314701307,4.857333582,19.022336501,0.754722318,9.926922740,1.000000000
58,fixed_random_bfs,6986257372,512,28,484,389,2000,2000,0,0.000000000,3240.418500000,3240.216000000,3240.216000000,0.000000000,0.202500000,405,0.050000000,3.314701307,6.716079967,26.961982892,1.080716176,13.722650512,1.000000000
59,fixed_random_bfs,4070073402,512,39,473,577,2000,2000,129,6.450000000,3240.418500000,3188.587000000,3163.714500000,24.872500000,51.831500000,103663,27.800000000,3.314701307,4.859215660,19.548857598,0.754156832,9.917082174,1.000000000
60,fixed_random_bfs,261164801,512,44,468,777,2000,2000,6,0.300000000,3240.418500000,3235.000500000,3233.575500000,1.425000000,5.418000000,10836,2.400000000,3.314701307,4.885746236,19.869690204,0.747243529,9.985406079,1.000000000
61,fixed_random_bfs,261127767,512,42,470,1523,2000,2000,0,0.000000000,3240.418500000,3240.183500000,3240.183500000,0.000000000,0.235000000,470,0.050000000,3.314701307,6.736277577,27.235221150,1.070208486,13.762635381,1.000000000
62,fixed_random_bfs,713241889,512,48,464,1529,2000,2000,3,0.150000000,3240.418500000,3229.285500000,3228.550500000,0.735000000,11.133000000,22266,5.650000000,3.314701307,6.710220787,26.822674848,1.067818408,13.708376357,1.000000000
63,fixed_random_bfs,2871468811,512,29,483,534,2000,2000,116,5.800000000,3240.418500000,3175.526000000,3146.133000000,29.393000000,64.892500000,129785,26.400000000,3.314701307,4.843704204,19.831895354,0.774383653,9.887458201,1.000000000
64,fixed_random_bfs,5892601787,512,58,454,2507,2000,2000,33,1.650000000,3240.418500000,3210.632000000,3202.464000000,8.168000000,29.786500000,59573,16.900000000,3.314701307,4.954874086,20.044387607,0.775069159,10.119467192,1.000000000
65,fixed_random_bfs,2005928505,512,35,477,964,2000,2000,0,0.000000000,3240.418500000,3240.105500000,3240.105500000,0.000000000,0.313000000,626,0.250000000,3.314701307,4.900786531,19.844515950,0.754630610,10.017012403,1.000000000
66,fixed_random_bfs,8113178951,512,55,457,1307,2000,2000,8,0.400000000,3240.418500000,3234.776500000,3232.650500000,2.126000000,5.642000000,11284,3.300000000,3.314701307,4.950214415,20.305841351,0.755061780,10.114273350,1.000000000
67,fixed_random_bfs,2264917066,512,54,458,1613,2000,2000,41,2.050000000,3240.418500000,3231.216500000,3220.750000000,10.466500000,9.202000000,18404,7.150000000,3.314701307,6.821547414,27.529053397,1.120508959,13.930842275,1.000000000
68,fixed_random_bfs,4489793464,512,45,467,777,2000,2000,110,5.500000000,3240.418500000,3188.259500000,3164.298500000,23.961000000,52.159000000,104318,26.700000000,3.314701307,6.671329169,27.136619304,1.134444433,13.609336967,1.000000000
69,fixed_random_bfs,308441105,512,54,458,1783,2000,2000,41,2.050000000,3240.418500000,3198.022000000,3186.859500000,11.162500000,42.396500000,84793,22.500000000,3.314701307,6.743940034,27.419874749,1.146232648,13.771084723,1.000000000
70,fixed_random_bfs,5930773268,512,50,462,1854,2000,2000,5,0.250000000,3240.418500000,3235.067500000,3233.567500000,1.500000000,5.351000000,10702,3.150000000,3.314701307,6.768251461,27.723244199,1.141087637,13.826642466,1.000000000
71,fixed_random_bfs,5435951427,512,59,453,2056,2000,2000,5,0.250000000,3240.418500000,3237.474500000,3236.147000000,1.327500000,2.944000000,5888,3.550000000,3.314701307,6.778994991,27.570220695,1.122278752,13.848580896,1.000000000
72,fixed_random_bfs,2196336941,512,46,466,1000,2000,2000,5,0.250000000,3240.418500000,3231.940000000,3230.762500000,1.177500000,8.478500000,16957,5.100000000,3.314701307,6.782878607,27.687489006,1.113637639,13.857786980,1.000000000
73,fixed_random_bfs,375650309,512,37,475,733,2000,2000,0,0.000000000,3240.418500000,3239.207500000,3239.207500000,0.000000000,1.211000000,2422,0.400000000,3.314701307,6.768176048,27.520730691,1.126666070,13.827726415,1.000000000
74,fixed_random_bfs,1394106985,512,44,468,785,2000,2000,12,0.600000000,3240.418500000,3237.554500000,3235.232500000,2.322000000,2.864000000,5728,5.600000000,3.314701307,6.796888996,27.530344950,1.111591986,13.883312394,1.000000000
75,fixed_random_bfs,9277914711,512,40,472,1032,2000,2000,0,0.000000000,3240.418500000,3240.239000000,3240.239000000,0.000000000,0.179500000,359,0.100000000,3.314701307,6.787274034,27.482564463,1.103967805,13.866203010,1.000000000
76,fixed_random_bfs,7531090318,512,60,452,2777,2000,2000,3,0.150000000,3240.418500000,3238.309500000,3237.316500000,0.993000000,2.109000000,4218,2.100000000,3.314701307,6.807660903,27.611371103,1.130321491,13.907765619,1.000000000
77,fixed_random_bfs,1954479040,512,44,468,1101,2000,2000,7,0.350000000,3240.418500000,3236.349000000,3235.123000000,1.226000000,4.069500000,8139,2.050000000,3.314701307,6.758575838,27.284110750,1.121557412,13.809166584,1.000000000
78,fixed_random_bfs,2336611287,512,48,464,1045,2000,2000,0,0.000000000,3240.418500000,3240.416000000,3240.416000000,0.000000000,0.002500000,5,0.050000000,3.314701307,6.825991085,27.645948548,1.113777870,13.944474377,1.000000000
79,fixed_random_bfs,2367780576,512,54,458,2552,2000,2000,0,0.000000000,3240.418500000,3240.189500000,3240.189500000,0.000000000,0.229000000,458,0.050000000,3.314701307,6.769614157,27.458509699,1.104169989,13.828419276,1.000000000
80,fixed_random_bfs,8626045146,512,47,465,1895,2000,2000,3,0.150000000,3240.418500000,3237.389000000,3236.379000000,1.010000000,3.029500000,6059,2.900000000,3.314701307,4.845072722,19.619031196,0.795364468,9.899459449,1.000000000
81,fixed_random_bfs,7494313985,512,49,463,1041,2000,2000,1,0.050000000,3240.418500000,3239.842500000,3239.603000000,0.239500000,0.576000000,1152,0.300000000,3.314701307,4.826211823,19.640127345,0.804378997,9.861510793,1.000000000
82,fixed_random_bfs,261193478,512,57,455,1901,2000,2000,5,0.250000000,3240.418500000,3240.525500000,3239.312500000,1.213000000,-0.107000000,-214,0.500000000,3.314701307,4.854831031,19.597220003,0.798401695,9.919859928,1.000000000
83,fixed_random_bfs,9236153615,512,47,465,737,2000,2000,47,2.350000000,3240.418500000,3227.035500000,3221.379000000,5.656500000,13.383000000,26766,9.850000000,3.314701307,4.866555420,19.645278192,0.796082154,9.937501648,1.000000000
84,fixed_random_bfs,261171328,512,52,460,956,2000,2000,120,6.000000000,3240.418500000,3164.432000000,3134.984000000,29.448000000,75.986500000,151973,32.150000000,3.314701307,4.834310597,19.656793706,0.796146718,9.864977353,1.000000000
85,fixed_random_bfs,7856845932,512,42,470,1525,2000,2000,7,0.350000000,3240.418500000,3240.701000000,3238.695000000,2.006000000,-0.282500000,-565,0.250000000,3.314701307,4.884392860,19.692188153,0.796130383,9.980209142,1.000000000
86,fixed_random_bfs,8017887231,512,50,462,1495,2000,2000,42,2.100000000,3240.418500000,3225.225500000,3214.193000000,11.032500000,15.193000000,30386,10.300000000,3.314701307,4.879224968,19.712651640,0.790354161,9.961585818,1.000000000
87,fixed_random_bfs,7191919415,512,38,474,570,2000,2000,16,0.800000000,3240.418500000,3229.651000000,3227.277500000,2.373500000,10.767500000,21535,5.350000000,3.314701307,4.874292914,19.611979600,0.789842757,9.960458238,1.000000000
88,fixed_random_bfs,1393853856,512,39,473,680,2000,2000,3,0.150000000,3240.418500000,3239.650000000,3239.172500000,0.477500000,0.768500000,1537,0.350000000,3.314701307,4.879488475,19.606817361,0.788213300,9.973581943,1.000000000
89,fixed_random_bfs,261149456,512,49,463,1453,2000,2000,0,0.000000000,3240.418500000,3240.190500000,3240.190500000,0.000000000,0.228000000,456,0.050000000,3.314701307,4.921917473,19.913786006,0.781188616,10.056924959,1.000000000
90,fixed_random_bfs,4976423070,512,37,475,1158,2000,2000,0,0.000000000,3240.418500000,3240.105000000,3240.105000000,0.000000000,0.313500000,627,0.100000000,3.314701307,4.846841070,19.558398497,0.774313757,9.904326683,1.000000000
91,fixed_random_bfs,2042883327,512,56,456,2309,2000,2000,1,0.050000000,3240.418500000,3238.912000000,3238.419500000,0.492500000,1.506500000,3013,1.100000000,3.314701307,4.913041968,19.817949400,0.777359533,10.039256605,1.000000000
92,fixed_random_bfs,253960322,512,50,462,1858,2000,2000,1,0.050000000,3240.418500000,3239.252500000,3239.003500000,0.249000000,1.166000000,2332,0.900000000,3.314701307,4.917927130,19.867506603,0.759489826,10.049352725,1.000000000
93,fixed_random_bfs,1478062763,512,47,465,1308,2000,2000,1,0.050000000,3240.418500000,3240.075500000,3239.831000000,0.244500000,0.343000000,686,0.300000000,3.314701307,4.834608151,19.435164406,0.742825852,9.879156622,1.000000000
94,fixed_random_bfs,5116576437,512,40,472,854,2000,2000,25,1.250000000,3240.418500000,3241.931500000,3235.046000000,6.885500000,-1.513000000,-3026,1.250000000,3.314701307,4.870877369,19.616546162,0.739257980,9.953761950,1.000000000
95,fixed_random_bfs,4792888728,512,44,468,1603,2000,2000,0,0.000000000,3240.418500000,3240.184500000,3240.184500000,0.000000000,0.234000000,468,0.050000000,3.314701307,4.927458354,19.551991799,0.750464234,10.071203260,1.000000000
96,fixed_random_bfs,917877739,512,38,474,1159,2000,2000,123,6.150000000,3240.418500000,3186.976500000,3153.985500000,32.991000000,53.442000000,106884,26.400000000,3.314701307,4.903886782,19.790690905,0.733467769,10.008791687,1.000000000
97,fixed_random_bfs,261182324,512,39,473,1062,2000,2000,0,0.000000000,3240.418500000,3240.151000000,3240.151000000,0.000000000,0.267500000,535,0.250000000,3.314701307,4.936641113,19.634837102,0.756448891,10.088887101,1.000000000
98,fixed_random_bfs,261115066,512,54,458,1903,2000,2000,0,0.000000000,3240.418500000,3240.189500000,3240.189500000,0.000000000,0.229000000,458,0.050000000,3.314701307,4.974267543,19.936683056,0.764267335,10.165989948,1.000000000
99,fixed_random_bfs,2123140688,512,39,473,1094,2000,2000,0,0.000000000,3240.418500000,3240.418500000,3240.418500000,0.000000000,0.000000000,0,0.000000000,3.314701307,4.938369665,19.937066588,0.741598557,10.092870990,1.000000000
100,fixed_random_bfs,2303511313,512,43,469,1198,2000,2000,2,0.100000000,3240.418500000,3198.754500000,3198.320000000,0.434500000,41.664000000,83328,26.550000000,3.314701307,4.940740871,19.830123108,0.740057064,10.096652569,1.000000000
101,fixed_random_bfs,367763375,512,55,457,1902,2000,2000,0,0.000000000,3240.418500000,3240.190000000,3240.190000000,0.000000000,0.228500000,457,0.050000000,3.314701307,6.867829506,27.554049745,1.114631958,14.031326052,1.000000000
102,fixed_random_bfs,261272306,512,60,452,1665,2000,2000,1,0.050000000,3240.418500000,3238.822000000,3238.606000000,0.216000000,1.596500000,3193,0.950000000,3.314701307,6.767350019,27.389648151,1.098328258,13.827652877,1.000000000
103,fixed_random_bfs,261303606,512,42,470,702,2000,2000,0,0.000000000,3240.418500000,3240.418500000,3240.418500000,0.000000000,0.000000000,0,0.000000000,3.314701307,6.750773878,27.557024402,1.089258925,13.792694357,1.000000000
104,fixed_random_bfs,26218644,512,69,443,1748,2000,2000,0,0.000000000,3240.418500000,3239.895500000,3239.895500000,0.000000000,0.523000000,1046,0.750000000,3.314701307,6.712324691,27.094377791,1.082588892,13.712859895,1.000000000
105,fixed_random_bfs,7506141998,512,43,469,938,2000,2000,17,0.850000000,3240.418500000,3208.938500000,3204.968500000,3.970000000,31.480000000,62960,15.250000000,3.314701307,6.725989963,26.691598600,1.075793443,13.737461515,1.000000000
106,fixed_random_bfs,2057016417,512,46,466,1566,2000,2000,0,0.000000000,3240.418500000,3240.404000000,3240.404000000,0.000000000,0.014500000,29,0.200000000,3.314701307,6.735265739,26.890928448,1.071611153,13.761698959,1.000000000
107,fixed_random_bfs,4279631996,512,40,472,1443,2000,2000,0,0.000000000,3240.418500000,3240.129500000,3240.129500000,0.000000000,0.289000000,578,0.150000000,3.314701307,6.755907906,27.250141196,1.121050658,13.803227192,1.000000000
108,fixed_random_bfs,2473877290,512,43,469,1381,2000,2000,0,0.000000000,3240.418500000,3240.184000000,3240.184000000,0.000000000,0.234500000,469,0.050000000,3.314701307,6.838896386,27.476522258,1.113764638,13.974817038,1.000000000
109,fixed_random_bfs,261134259,512,45,467,1306,2000,2000,26,1.300000000,3240.418500000,3220.338500000,3213.617000000,6.721500000,20.080000000,40160,12.900000000,3.314701307,6.801286964,27.653138860,1.132294206,13.894383055,1.000000000
110,fixed_random_bfs,365012201,512,43,469,1062,2000,2000,1,0.050000000,3240.418500000,3238.213500000,3237.971500000,0.242000000,2.205000000,4410,1.400000000,3.314701307,6.840189404,27.811133161,1.150626532,13.977989197,1.000000000
111,fixed_random_bfs,367773094,512,58,454,3027,2000,2000,0,0.000000000,3240.418500000,3240.121500000,3240.121500000,0.000000000,0.297000000,594,0.100000000,3.314701307,6.834609036,27.794480553,1.136579403,13.966364755,1.000000000
112,fixed_random_bfs,1445893731,512,51,461,1616,2000,2000,6,0.300000000,3240.418500000,3234.616500000,3233.155000000,1.461500000,5.802000000,11604,4.800000000,3.314701307,6.846194849,27.796586950,1.131600648,13.988233371,1.000000000
113,fixed_random_bfs,261135318,512,53,459,2125,2000,2000,3,0.150000000,3240.418500000,3225.014500000,3224.261000000,0.753500000,15.404000000,30808,10.500000000,3.314701307,6.824874146,27.807819947,1.123193198,13.944100915,1.000000000
114,fixed_random_bfs,7063731978,512,37,475,454,2000,2000,159,7.950000000,3240.418500000,3206.221500000,3173.195500000,33.026000000,34.197000000,68394,23.700000000,3.314701307,6.799834342,27.670441944,1.122999874,13.869079055,1.000000000
115,fixed_random_bfs,261180759,512,42,470,1521,2000,2000,1,0.050000000,3240.418500000,3238.917500000,3238.664500000,0.253000000,1.501000000,3002,0.850000000,3.314701307,6.863560732,27.852170549,1.130035657,14.025767925,1.000000000
116,fixed_random_bfs,739187890,512,38,474,594,2000,2000,34,1.700000000,3240.418500000,3190.385500000,3181.920500000,8.465000000,50.033000000,100066,25.850000000,3.314701307,6.730407102,27.254921546,1.116873656,13.751815621,1.000000000
117,fixed_random_bfs,261156595,512,45,467,1234,2000,2000,21,1.050000000,3240.418500000,3227.048000000,3222.373500000,4.674500000,13.370500000,26741,9.100000000,3.314701307,6.870973260,27.348550356,1.123127808,14.034649488,1.000000000
118,fixed_random_bfs,2386562875,512,36,476,911,2000,2000,0,0.000000000,3240.418500000,3240.181000000,3240.181000000,0.000000000,0.237500000,475,0.050000000,3.314701307,6.871698564,27.591805140,1.122430153,14.044328644,1.000000000
119,fixed_random_bfs,5496096219,512,44,468,922,2000,2000,0,0.000000000,3240.418500000,3240.254000000,3240.254000000,0.000000000,0.164500000,329,0.050000000,3.314701307,6.908885901,27.756740601,1.100369263,14.116026660,1.000000000
120,fixed_random_bfs,26703893,512,47,465,770,2000,2000,21,1.050000000,3240.418500000,3207.731000000,3203.655500000,4.075500000,32.687500000,65375,23.550000000,3.314701307,4.744470147,18.931009102,0.790389221,9.689848827,1.000000000
121,fixed_random_bfs,9242098661,512,51,461,1610,2000,2000,0,0.000000000,3240.418500000,3239.416500000,3239.416500000,0.000000000,1.002000000,2004,0.400000000,3.314701307,4.767398284,19.182905195,0.806468729,9.739801131,1.000000000
122,fixed_random_bfs,5689964629,512,44,468,1199,2000,2000,0,0.000000000,3240.418500000,3240.375500000,3240.375500000,0.000000000,0.043000000,86,0.050000000,3.314701307,4.790251014,19.319303957,0.805907332,9.786909244,1.000000000
123,fixed_random_bfs,2435280669,512,50,462,1310,2000,2000,1,0.050000000,3240.418500000,3239.361500000,3239.121000000,0.240500000,1.057000000,2114,0.550000000,3.314701307,4.806931674,19.226590399,0.812710057,9.820671062,1.000000000
124,fixed_random_bfs,1597888136,512,63,449,2274,2000,2000,21,1.050000000,3240.418500000,3216.155500000,3211.263500000,4.892000000,24.263000000,48526,16.300000000,3.314701307,4.825972641,19.406326804,0.800266745,9.856307691,1.000000000
125,fixed_random_bfs,5617711225,512,40,472,489,2000,2000,0,0.000000000,3240.418500000,3240.123500000,3240.123500000,0.000000000,0.295000000,590,0.100000000,3.314701307,4.813020498,19.426663900,0.791170756,9.834159857,1.000000000
126,fixed_random_bfs,2151764547,512,47,465,1071,2000,2000,0,0.000000000,3240.418500000,3239.729500000,3239.729500000,0.000000000,0.689000000,1378,0.350000000,3.314701307,4.821080176,19.258287649,0.797261705,9.850462856,1.000000000
127,fixed_random_bfs,2135709540,512,52,460,1339,2000,2000,0,0.000000000,3240.418500000,3240.405000000,3240.405000000,0.000000000,0.013500000,27,0.050000000,3.314701307,4.824998860,19.332722558,0.798960672,9.858684136,1.000000000
128,fixed_random_bfs,1643577885,512,43,469,914,2000,2000,69,3.450000000,3240.418500000,3219.737000000,3202.875500000,16.861500000,20.681500000,41363,12.400000000,3.314701307,4.816285083,19.219555263,0.789018003,9.836854162,1.000000000
129,fixed_random_bfs,261287986,512,49,463,2028,2000,2000,10,0.500000000,3240.418500000,3235.919500000,3233.378000000,2.541500000,4.499000000,8998,3.450000000,3.314701307,4.810357882,19.353742099,0.798097374,9.827295485,1.000000000
130,fixed_random_bfs,360120089,512,51,461,1239,2000,2000,0,0.000000000,3240.418500000,3240.188500000,3240.188500000,0.000000000,0.230000000,460,0.050000000,3.314701307,4.821943178,19.269266861,0.780472577,9.852296487,1.000000000
131,fixed_random_bfs,4322806046,512,45,467,789,2000,2000,96,4.800000000,3240.418500000,3203.782000000,3180.927000000,22.855000000,36.636500000,73273,21.900000000,3.314701307,4.741157053,18.863038091,0.773535893,9.678157810,1.000000000
132,fixed_random_bfs,4332690390,512,51,461,1243,2000,2000,1,0.050000000,3240.418500000,3236.721500000,3236.482500000,0.239000000,3.697000000,7394,3.300000000,3.314701307,4.860656581,19.205064258,0.773618472,9.930932181,1.000000000
133,fixed_random_bfs,9208865764,512,46,466,1726,2000,2000,0,0.000000000,3240.418500000,3240.185500000,3240.185500000,0.000000000,0.233000000,466,0.050000000,3.314701307,4.861933736,19.334779707,0.766306754,9.934179193,1.000000000
134,fixed_random_bfs,2028351625,512,21,491,292,2000,2000,0,0.000000000,3240.418500000,3240.294000000,3240.294000000,0.000000000,0.124500000,249,0.150000000,3.314701307,4.801217670,19.036340205,0.747070322,9.813030531,1.000000000
135,fixed_random_bfs,2014120467,512,35,477,790,2000,2000,37,1.850000000,3240.418500000,3201.864500000,3192.729500000,9.135000000,38.554000000,77108,19.800000000,3.314701307,4.827912108,19.154716298,0.753399512,9.859819118,1.000000000
136,fixed_random_bfs,261174198,512,45,467,1201,2000,2000,1,0.050000000,3240.418500000,3240.010000000,3239.514000000,0.496000000,0.408500000,817,0.250000000,3.314701307,4.868971996,19.864119148,0.739870711,9.947716168,1.000000000
137,fixed_random_bfs,1445186626,512,28,484,556,2000,2000,1,0.050000000,3240.418500000,3237.561500000,3237.310500000,0.251000000,2.857000000,5714,1.700000000,3.314701307,4.885680334,19.955479392,0.756069860,9.985838787,1.000000000
138,fixed_random_bfs,261164835,512,49,463,1569,2000,2000,0,0.000000000,3240.418500000,3239.882500000,3239.882500000,0.000000000,0.536000000,1072,0.250000000,3.314701307,4.948515872,20.081702758,0.761788334,10.112959181,1.000000000
139,fixed_random_bfs,6341305562,512,36,476,766,2000,2000,4,0.200000000,3240.418500000,3233.466000000,3232.805000000,0.661000000,6.952500000,13905,7.050000000,3.314701307,4.902436746,19.822900103,0.745851391,10.019399412,1.000000000
140,fixed_random_bfs,2274081686,512,51,461,987,2000,2000,0,0.000000000,3240.418500000,3240.418500000,3240.418500000,0.000000000,0.000000000,0,0.000000000,3.314701307,4.941144497,19.730870052,0.745115969,10.098287572,1.000000000
141,fixed_random_bfs,7871418170,512,49,463,1206,2000,2000,22,1.100000000,3240.418500000,3216.297500000,3212.165000000,4.132500000,24.121000000,48242,12.400000000,3.314701307,6.846961192,27.281685301,1.112197244,13.985512990,1.000000000
142,fixed_random_bfs,3632057617,512,42,470,995,2000,2000,0,0.000000000,3240.418500000,3240.183500000,3240.183500000,0.000000000,0.235000000,470,0.050000000,3.314701307,6.818000780,27.399961551,1.104095634,13.934938481,1.000000000
143,fixed_random_bfs,369880755,512,57,455,1820,2000,2000,66,3.300000000,3240.418500000,3220.103500000,3203.354500000,16.749000000,20.315000000,40630,12.050000000,3.314701307,6.795169308,27.181082398,1.098754198,13.871948800,1.000000000
144,fixed_random_bfs,2930349077,512,65,447,595,2000,2000,0,0.000000000,3240.418500000,3240.254500000,3240.254500000,0.000000000,0.164000000,328,0.250000000,3.314701307,6.750622572,27.169674510,1.089761303,13.794716650,1.000000000
145,fixed_random_bfs,2399479627,512,51,461,1572,2000,2000,20,1.000000000,3240.418500000,3213.256500000,3208.763500000,4.493000000,27.162000000,54324,16.400000000,3.314701307,6.805843962,27.401728598,1.098169804,13.902825812,1.000000000
146,fixed_random_bfs,1795321856,512,46,466,1765,2000,2000,1,0.050000000,3240.418500000,3239.055000000,3238.801000000,0.254000000,1.363500000,2727,0.850000000,3.314701307,6.784396005,27.680899499,1.101766535,13.862477670,1.000000000
147,fixed_random_bfs,7017083742,512,45,467,1496,2000,2000,5,0.250000000,3240.418500000,3224.433500000,3223.194000000,1.239500000,15.985000000,31970,10.050000000,3.314701307,4.852394447,19.520032760,0.797691619,9.913986870,1.000000000
148,fixed_random_bfs,1737929805,512,36,476,755,2000,2000,10,0.500000000,3240.418500000,3236.657500000,3233.949500000,2.708000000,3.761000000,7522,2.000000000,3.314701307,4.823536385,19.557736993,0.800538950,9.855084753,1.000000000
149,fixed_random_bfs,4335564244,512,41,471,1135,2000,2000,39,1.950000000,3240.418500000,3183.578500000,3173.838000000,9.740500000,56.840000000,113680,29.650000000,3.314701307,4.806222393,18.937527598,0.815658452,9.816793871,1.000000000
150,fixed_random_bfs,2402711916,512,43,469,1059,2000,2000,2,0.100000000,3240.418500000,3239.383500000,3238.892500000,0.491000000,1.035000000,2070,1.150000000,3.314701307,4.856077311,19.619416545,0.815163522,9.923296198,1.000000000
151,fixed_random_bfs,4335598503,512,42,470,756,2000,2000,1,0.050000000,3240.418500000,3238.801000000,3238.560500000,0.240500000,1.617500000,3235,0.850000000,3.314701307,4.869189102,19.381858801,0.808880533,9.949400408,1.000000000
152,fixed_random_bfs,263350032,512,66,446,2179,2000,2000,13,0.650000000,3240.418500000,3213.332500000,3210.415500000,2.917000000,27.086000000,54172,14.600000000,3.314701307,4.860979014,19.235874146,0.817101912,9.929363346,1.000000000
153,fixed_random_bfs,5871742216,512,43,469,978,2000,2000,151,7.550000000,3240.418500000,3194.099000000,3157.110000000,36.989000000,46.319500000,92639,22.650000000,3.314701307,6.532065188,25.374718846,0.800556877,13.323041501,1.000000000
154,fixed_random_bfs,5493314572,512,41,471,1032,2000,2000,13,0.650000000,3240.418500000,3190.968000000,3187.990500000,2.977500000,49.450500000,98901,30.800000000,3.314701307,4.767705153,18.859765855,0.792250793,9.740250630,1.000000000
155,fixed_random_bfs,9042234669,512,47,465,1240,2000,2000,34,1.700000000,3240.418500000,3192.490500000,3184.103500000,8.387000000,47.928000000,95856,22.800000000,3.314701307,4.831320020,19.355062494,0.798256715,9.869012459,1.000000000
156,fixed_random_bfs,5863833619,512,41,471,978,2000,2000,7,0.350000000,3240.418500000,3239.839500000,3238.125500000,1.714000000,0.579000000,1158,0.950000000,3.314701307,4.865575974,19.364207349,0.808743882,9.942586458,1.000000000
157,fixed_random_bfs,271164958,512,49,463,427,2000,2000,39,1.950000000,3240.418500000,3176.112000000,3173.150000000,2.962000000,64.306500000,128613,34.450000000,3.314701307,4.771367132,19.189654406,0.780717703,9.746130403,1.000000000
158,fixed_random_bfs,2405462971,512,50,462,1875,2000,2000,14,0.700000000,3240.418500000,3239.482500000,3235.978500000,3.504000000,0.936000000,1872,1.600000000,3.314701307,4.874175512,19.265856741,0.793402401,9.958368792,1.000000000
159,fixed_random_bfs,2480086448,512,59,453,1867,2000,2000,0,0.000000000,3240.418500000,3240.209000000,3240.209000000,0.000000000,0.209500000,419,0.050000000,3.314701307,4.895009505,19.530270041,0.768833663,10.003070585,1.000000000
160,fixed_random_bfs,2188243554,512,52,460,1693,2000,2000,0,0.000000000,3240.418500000,3240.184000000,3240.184000000,0.000000000,0.234500000,469,0.100000000,3.314701307,4.904884253,19.378769860,0.765483296,10.023586106,1.000000000
161,fixed_random_bfs,1397539076,512,28,484,427,2000,2000,0,0.000000000,3240.418500000,3238.486000000,3238.486000000,0.000000000,1.932500000,3865,1.100000000,3.314701307,4.843809073,19.355586195,0.762685071,9.900291585,1.000000000
162,fixed_random_bfs,261181863,512,50,462,1857,2000,2000,0,0.000000000,3240.418500000,3240.402000000,3240.402000000,0.000000000,0.016500000,33,0.050000000,3.314701307,4.886139814,19.515076358,0.790290182,9.985763590,1.000000000
163,fixed_random_bfs,7936276311,512,41,471,914,2000,2000,0,0.000000000,3240.418500000,3240.183000000,3240.183000000,0.000000000,0.235500000,471,0.050000000,3.314701307,4.886465567,19.690837942,0.776220180,9.989305015,1.000000000
164,fixed_random_bfs,7734676442,512,49,463,1542,2000,2000,1,0.050000000,3240.418500000,3238.395000000,3237.916500000,0.478500000,2.023500000,4047,1.650000000,3.314701307,4.887292639,19.936969943,0.764461868,9.984888610,1.000000000
165,fixed_random_bfs,261114705,512,35,477,904,2000,2000,0,0.000000000,3240.418500000,3240.180000000,3240.180000000,0.000000000,0.238500000,477,0.050000000,3.314701307,6.828995224,27.623683494,1.148642730,13.952223568,1.000000000
166,fixed_random_bfs,2404049883,512,32,480,871,2000,2000,6,0.300000000,3240.418500000,3236.587500000,3234.809000000,1.778500000,3.831000000,7662,2.550000000,3.314701307,6.767902160,27.477048199,1.157319284,13.829048997,1.000000000
167,fixed_random_bfs,281229814,512,44,468,1642,2000,2000,0,0.000000000,3240.418500000,3239.896000000,3239.896000000,0.000000000,0.522500000,1045,0.500000000,3.314701307,6.782333900,27.388923299,1.167155843,13.857127692,1.000000000
168,fixed_random_bfs,2050482941,512,52,460,2032,2000,2000,0,0.000000000,3240.418500000,3240.038000000,3240.038000000,0.000000000,0.380500000,761,0.250000000,3.314701307,4.894249906,19.545336155,0.816964053,10.001052602,1.000000000
169,fixed_random_bfs,2426852360,512,69,443,2299,2000,2000,0,0.000000000,3240.418500000,3240.197000000,3240.197000000,0.000000000,0.221500000,443,0.050000000,3.314701307,6.794274157,27.498478406,1.157364080,13.878408787,1.000000000
170,fixed_random_bfs,7505741189,512,46,466,1383,2000,2000,1,0.050000000,3240.418500000,3239.407500000,3239.159500000,0.248000000,1.011000000,2022,0.850000000,3.314701307,6.793389190,27.157231213,1.160741371,13.879503788,1.000000000
171,fixed_random_bfs,2393951750,512,62,450,2046,2000,2000,6,0.300000000,3240.418500000,3240.910000000,3239.472000000,1.438000000,-0.491500000,-983,0.300000000,3.314701307,6.787748398,27.428178901,1.151485676,13.867169445,1.000000000
172,fixed_random_bfs,4827622741,512,40,472,668,2000,2000,79,3.950000000,3240.418500000,3195.653000000,3180.711500000,14.941500000,44.765500000,89531,20.600000000,3.314701307,6.731961515,26.879695700,1.128997136,13.743131078,1.000000000
173,fixed_random_bfs,2012166679,512,49,463,1860,2000,2000,0,0.000000000,3240.418500000,3240.187000000,3240.187000000,0.000000000,0.231500000,463,0.050000000,3.314701307,6.803374239,27.341003999,1.163631726,13.900964278,1.000000000
174,fixed_random_bfs,1438096343,512,31,481,655,2000,2000,1,0.050000000,3240.418500000,3237.985000000,3237.738500000,0.246500000,2.433500000,4867,1.500000000,3.314701307,6.819548778,27.086541706,1.152558704,13.936851755,1.000000000
175,fixed_random_bfs,1959739357,512,36,476,659,2000,2000,28,1.400000000,3240.418500000,3243.047000000,3235.184000000,7.863000000,-2.628500000,-5257,1.000000000,3.314701307,6.797665353,26.881851105,1.126564952,13.888068138,1.000000000
176,fixed_random_bfs,4333092001,512,45,467,1454,2000,2000,87,4.350000000,3240.418500000,3186.223000000,3163.449000000,22.774000000,54.195500000,108391,27.250000000,3.314701307,6.797907405,26.944082594,1.137471852,13.875026241,1.000000000
177,fixed_random_bfs,351093305,512,60,452,2175,2000,2000,0,0.000000000,3240.418500000,3239.905500000,3239.905500000,0.000000000,0.513000000,1026,0.350000000,3.314701307,6.841667411,27.361144444,1.112567020,13.976463043,1.000000000
178,fixed_random_bfs,6782473095,512,46,466,1645,2000,2000,0,0.000000000,3240.418500000,3239.735000000,3239.735000000,0.000000000,0.683500000,1367,0.900000000,3.314701307,4.911627892,19.746530406,0.817102093,10.036481532,1.000000000
179,fixed_random_bfs,1497324911,512,36,476,845,2000,2000,0,0.000000000,3240.418500000,3239.850500000,3239.850500000,0.000000000,0.568000000,1136,0.250000000,3.314701307,4.876705138,19.968305400,0.804532760,9.966378370,1.000000000
180,fixed_random_bfs,5527903287,512,36,476,1059,2000,2000,0,0.000000000,3240.418500000,3237.618000000,3237.618000000,0.000000000,2.800500000,5601,1.350000000,3.314701307,4.898205894,19.918910607,0.795531427,10.008547421,1.000000000
181,fixed_random_bfs,261184683,512,46,466,1343,2000,2000,0,0.000000000,3240.418500000,3240.186000000,3240.186000000,0.000000000,0.232500000,465,0.050000000,3.314701307,4.875836663,19.643069404,0.682828166,9.964040239,1.000000000
182,fixed_random_bfs,2214199925,512,61,451,1790,2000,2000,24,1.200000000,3240.418500000,3223.676000000,3217.765500000,5.910500000,16.742500000,33485,8.200000000,3.314701307,4.849393134,19.306099907,0.789256206,9.905961342,1.000000000
183,fixed_random_bfs,2419354241,512,41,471,1264,2000,2000,0,0.000000000,3240.418500000,3239.018500000,3239.018500000,0.000000000,1.400000000,2800,0.500000000,3.314701307,4.889983743,19.584681950,0.700017529,9.993170407,1.000000000
184,fixed_random_bfs,1393807333,512,32,480,559,2000,2000,18,0.900000000,3240.418500000,3240.223500000,3236.416500000,3.807000000,0.195000000,390,2.050000000,3.314701307,4.836007883,19.430671690,0.689331053,9.881549482,1.000000000
185,fixed_random_bfs,4427781284,512,53,459,1376,2000,2000,17,0.850000000,3240.418500000,3234.568500000,3229.989500000,4.579000000,5.850000000,11700,5.200000000,3.314701307,4.860572441,19.300810752,0.794846115,9.929289595,1.000000000
186,fixed_random_bfs,5840035299,512,46,466,1037,2000,2000,0,0.000000000,3240.418500000,3240.418500000,3240.418500000,0.000000000,0.000000000,0,0.000000000,3.314701307,4.887577917,19.666668209,0.698949799,9.987418047,1.000000000
187,fixed_random_bfs,354053082,512,53,459,1693,2000,2000,44,2.200000000,3240.418500000,3215.764000000,3204.221000000,11.543000000,24.654500000,49309,12.950000000,3.314701307,4.915727107,19.685024000,0.795542130,10.038889074,1.000000000
188,fixed_random_bfs,1647449809,512,53,459,1287,2000,2000,56,2.800000000,3240.418500000,3189.218000000,3181.854000000,7.364000000,51.200500000,102401,26.550000000,3.314701307,4.868602923,19.465011550,0.785425525,9.941334065,1.000000000
189,fixed_random_bfs,2400936835,512,62,450,2174,2000,2000,24,1.200000000,3240.418500000,3218.778500000,3212.922500000,5.856000000,21.640000000,43280,13.100000000,3.314701307,4.896751635,19.522180205,0.697048412,10.001222231,1.000000000
190,fixed_random_bfs,705766475,512,54,458,1399,2000,2000,6,0.300000000,3240.418500000,3232.498000000,3231.187000000,1.311000000,7.920500000,15841,4.750000000,3.314701307,4.892473067,19.644636443,0.693837186,9.997279137,1.000000000
191,fixed_random_bfs,7298406744,512,47,465,1489,2000,2000,0,0.000000000,3240.418500000,3240.397000000,3240.397000000,0.000000000,0.021500000,43,0.050000000,3.314701307,5.164531806,20.529741948,0.678115267,10.552791009,1.000000000
192,fixed_random_bfs,1894138903,512,61,451,2289,2000,2000,2,0.100000000,3240.418500000,3238.333500000,3237.431500000,0.902000000,2.085000000,4170,2.450000000,3.314701307,4.871783427,19.620322307,0.757198968,9.955815603,1.000000000
193,fixed_random_bfs,2378580234,512,32,480,759,2000,2000,0,0.000000000,3240.418500000,3240.178500000,3240.178500000,0.000000000,0.240000000,480,0.050000000,3.314701307,4.919917413,19.733073799,0.655486504,10.056233039,1.000000000
194,fixed_random_bfs,261148356,512,42,470,1337,2000,2000,0,0.000000000,3240.418500000,3240.183500000,3240.183500000,0.000000000,0.235000000,470,0.050000000,3.314701307,4.956616985,19.910965049,0.758065138,10.129203899,1.000000000
195,fixed_random_bfs,2462093374,512,49,463,1612,2000,2000,0,0.000000000,3240.418500000,3239.914000000,3239.914000000,0.000000000,0.504500000,1009,0.300000000,3.314701307,4.933409177,19.515671601,0.677311431,10.082704855,1.000000000
196,fixed_random_bfs,2425978828,512,39,473,1161,2000,2000,0,0.000000000,3240.418500000,3240.182000000,3240.182000000,0.000000000,0.236500000,473,0.050000000,3.314701307,4.923364642,19.559764655,0.766374235,10.063399589,1.000000000
197,fixed_random_bfs,4024547734,512,44,468,527,2000,2000,100,5.000000000,3240.418500000,3178.200000000,3159.916000000,18.284000000,62.218500000,124437,28.450000000,3.314701307,4.858201021,19.424263105,0.651849494,9.919611043,1.000000000
198,fixed_random_bfs,4334398303,512,37,475,968,2000,2000,0,0.000000000,3240.418500000,3240.181000000,3240.181000000,0.000000000,0.237500000,475,0.050000000,3.314701307,6.857048292,27.623822156,1.120945677,14.010412077,1.000000000
199,fixed_random_bfs,4605879631,512,64,448,2393,2000,2000,0,0.000000000,3240.418500000,3238.325500000,3238.325500000,0.000000000,2.093000000,4186,1.550000000,3.314701307,4.953849973,19.957080556,0.682417003,10.124100010,1.000000000
200,fixed_random_bfs,261177282,512,43,469,1106,2000,2000,0,0.000000000,3240.418500000,3240.405500000,3240.405500000,0.000000000,0.013000000,26,0.050000000,3.314701307,6.816193464,27.307166945,1.123108954,13.929252157,1.000000000
201,fixed_random_bfs,3327927162,512,47,465,1296,2000,2000,19,0.950000000,3240.418500000,3212.167500000,3207.503000000,4.664500000,28.251000000,56502,16.200000000,3.314701307,6.744405406,27.111007846,1.107515269,13.774981565,1.000000000
202,fixed_random_bfs,261304685,512,32,480,710,2000,2000,86,4.300000000,3240.418500000,3170.553500000,3149.318500000,21.235000000,69.865000000,139730,27.200000000,3.314701307,6.645059953,26.600379349,1.110497549,13.566120056,1.000000000
203,fixed_random_bfs,2392207431,512,67,445,3047,2000,2000,1,0.050000000,3240.418500000,3236.328000000,3235.839500000,0.488500000,4.090500000,8181,2.500000000,3.314701307,4.950474712,20.139126345,0.692217568,10.116021833,1.000000000
204,fixed_random_bfs,4326974776,512,35,477,1090,2000,2000,0,0.000000000,3240.418500000,3240.411000000,3240.411000000,0.000000000,0.007500000,15,0.050000000,3.314701307,4.976036790,20.118347106,0.685246577,10.170562665,1.000000000
205,fixed_random_bfs,391366423,512,56,456,2085,2000,2000,5,0.250000000,3240.418500000,3223.105500000,3221.893500000,1.212000000,17.313000000,34626,11.100000000,3.314701307,4.962728575,20.003491644,0.688106509,10.141019661,1.000000000
206,fixed_random_bfs,1743805340,512,30,482,410,2000,2000,1,0.050000000,3240.418500000,3240.307000000,3240.089000000,0.218000000,0.111500000,223,0.050000000,3.314701307,6.784942319,27.095015256,1.102443878,13.864664723,1.000000000
207,fixed_random_bfs,5496619637,512,47,465,1276,2000,2000,5,0.250000000,3240.418500000,3230.330500000,3229.123500000,1.207000000,10.088000000,20176,4.800000000,3.314701307,6.783101990,27.195346649,1.104343533,13.857565359,1.000000000
208,fixed_random_bfs,9301122538,512,36,476,763,2000,2000,83,4.150000000,3240.418500000,3172.613500000,3151.696000000,20.917500000,67.805000000,135610,27.400000000,3.314701307,6.670849551,26.650252258,1.081286211,13.618537793,1.000000000
209,fixed_random_bfs,1880226051,512,54,458,2123,2000,2000,0,0.000000000,3240.418500000,3240.418500000,3240.418500000,0.000000000,0.000000000,0,0.000000000,3.314701307,6.815332451,27.541745253,1.153377304,13.923949069,1.000000000
210,fixed_random_bfs,1514372955,512,37,475,1094,2000,2000,0,0.000000000,3240.418500000,3240.181000000,3240.181000000,0.000000000,0.237500000,475,0.050000000,3.314701307,6.759666549,27.116922593,1.171160662,13.811311370,1.000000000
211,fixed_random_bfs,4626514796,512,46,466,1413,2000,2000,95,4.750000000,3240.418500000,3194.387000000,3170.622000000,23.765000000,46.031500000,92063,22.050000000,3.314701307,6.755013183,26.968229207,1.166333065,13.785877615,1.000000000
212,fixed_random_bfs,2185494618,512,46,466,1449,2000,2000,0,0.000000000,3240.418500000,3239.233000000,3239.233000000,0.000000000,1.185500000,2371,0.550000000,3.314701307,6.778341154,26.965365340,1.149860975,13.849163722,1.000000000
213,fixed_random_bfs,9074967745,512,39,473,850,2000,2000,32,1.600000000,3240.418500000,3245.034000000,3234.808500000,10.225500000,-4.615500000,-9231,0.900000000,3.314701307,6.797448245,27.121564000,1.151475515,13.884117263,1.000000000
214,fixed_random_bfs,261347786,512,43,469,1036,2000,2000,28,1.400000000,3240.418500000,3228.725000000,3221.661000000,7.064000000,11.693500000,23387,6.950000000,3.314701307,6.773874308,27.090263608,1.146983008,13.834417402,1.000000000
215,fixed_random_bfs,739119154,512,43,469,593,2000,2000,219,10.950000000,3240.418500000,3215.653000000,3171.101500000,44.551500000,24.765500000,49531,24.650000000,3.314701307,6.796193861,26.857549344,1.135751501,13.848452487,1.000000000
216,fixed_random_bfs,1317323829,512,48,464,1425,2000,2000,0,0.000000000,3240.418500000,3240.186500000,3240.186500000,0.000000000,0.232000000,464,0.050000000,3.314701307,6.794440513,27.221513598,1.162900063,13.882192307,1.000000000
217,fixed_random_bfs,929515240,512,53,459,790,2000,2000,129,6.450000000,3240.418500000,3164.354000000,3138.016500000,26.337500000,76.064500000,152129,35.900000000,3.314701307,6.729263046,26.734086695,1.119629280,13.726239046,1.000000000
218,fixed_random_bfs,1733496306,512,59,453,1833,2000,2000,44,2.200000000,3240.418500000,3207.219500000,3195.817500000,11.402000000,33.199000000,66398,20.750000000,3.314701307,6.820116228,27.145084903,1.122396042,13.924328895,1.000000000
219,fixed_random_bfs,261280506,512,49,463,1494,2000,2000,14,0.700000000,3240.418500000,3238.121500000,3234.160500000,3.961000000,2.297000000,4594,2.100000000,3.314701307,6.808867177,27.252902104,1.137031246,13.905290223,1.000000000
220,fixed_random_bfs,2427232594,512,31,481,628,2000,2000,0,0.000000000,3240.418500000,3240.178000000,3240.178000000,0.000000000,0.240500000,481,0.050000000,3.314701307,6.856740197,27.458476702,1.099376819,14.007910115,1.000000000
221,fixed_random_bfs,2336611315,512,35,477,612,2000,2000,0,0.000000000,3240.418500000,3240.418500000,3240.418500000,0.000000000,0.000000000,0,0.000000000,3.314701307,4.807778235,19.104027299,0.864873931,9.824584037,1.000000000
222,fixed_random_bfs,1478062784,512,52,460,1463,2000,2000,2,0.100000000,3240.418500000,3240.544000000,3240.061000000,0.483000000,-0.125500000,-251,0.200000000,3.314701307,4.787832735,19.112999200,0.706208861,9.780146121,1.000000000
223,fixed_random_bfs,4336093356,512,51,461,1277,2000,2000,24,1.200000000,3240.418500000,3211.661500000,3206.341500000,5.320000000,28.757000000,57514,15.450000000,3.314701307,4.814683084,19.061693006,0.883204159,9.835271512,1.000000000
224,fixed_random_bfs,2316742035,512,61,451,2515,2000,2000,37,1.850000000,3240.418500000,3219.448500000,3209.891000000,9.557500000,20.970000000,41940,11.000000000,3.314701307,4.785727319,19.226235960,0.782619240,9.771868105,1.000000000
225,fixed_random_bfs,5495456879,512,58,454,2313,2000,2000,131,6.550000000,3240.418500000,3198.664000000,3165.878500000,32.785500000,41.754500000,83509,22.800000000,3.314701307,4.860995178,19.646461857,0.797598906,9.914018253,1.000000000
226,fixed_random_bfs,2174728737,512,40,472,1229,2000,2000,0,0.000000000,3240.418500000,3238.853000000,3238.853000000,0.000000000,1.565500000,3131,1.000000000,3.314701307,5.975697055,23.306930805,0.704667539,12.211174101,1.000000000
227,fixed_random_bfs,9336064470,512,51,461,987,2000,2000,0,0.000000000,3240.418500000,3239.791000000,3239.791000000,0.000000000,0.627500000,1255,0.350000000,3.314701307,4.833789482,19.183782041,0.873924549,9.876715156,1.000000000
228,fixed_random_bfs,27729782,512,29,483,379,2000,2000,17,0.850000000,3240.418500000,3239.817000000,3236.410000000,3.407000000,0.601500000,1203,1.550000000,3.314701307,4.814446538,19.123744407,0.693134712,9.837475639,1.000000000
229,fixed_random_bfs,1283059496,512,41,471,1066,2000,2000,0,0.000000000,3240.418500000,3239.943000000,3239.943000000,0.000000000,0.475500000,951,0.450000000,3.314701307,4.846382864,19.239754954,0.864845820,9.902278797,1.000000000
230,fixed_random_bfs,261151737,512,44,468,1453,2000,2000,0,0.000000000,3240.418500000,3240.184500000,3240.184500000,0.000000000,0.234000000,468,0.050000000,3.314701307,4.811529820,18.952126640,0.696715209,9.830748979,1.000000000
231,fixed_random_bfs,368002991,512,59,453,1994,2000,2000,37,1.850000000,3240.418500000,3219.683500000,3210.420500000,9.263000000,20.735000000,41470,12.750000000,3.314701307,4.830141629,19.158061950,0.782144628,9.865383633,1.000000000
232,fixed_random_bfs,4336128945,512,38,474,1094,2000,2000,0,0.000000000,3240.418500000,3240.181500000,3240.181500000,0.000000000,0.237000000,474,0.050000000,3.314701307,4.869550248,19.176238696,0.833094867,9.950341597,1.000000000
233,fixed_random_bfs,305523782,512,54,458,1432,2000,2000,7,0.350000000,3240.418500000,3235.052000000,3233.613000000,1.439000000,5.366500000,10733,3.700000000,3.314701307,4.914406518,19.347799312,0.670687984,10.041363987,1.000000000
234,fixed_random_bfs,7211189927,512,47,465,982,2000,2000,9,0.450000000,3240.418500000,3207.907000000,3206.948500000,0.958500000,32.511500000,65023,14.200000000,3.314701307,5.080848837,20.422529148,1.011390333,10.386109013,1.000000000
235,fixed_random_bfs,716923162,512,47,465,994,2000,2000,0,0.000000000,3240.418500000,3240.328000000,3240.328000000,0.000000000,0.090500000,181,0.050000000,3.314701307,4.884153376,19.615952190,0.751996274,9.979810926,1.000000000
236,fixed_random_bfs,2922933139,512,53,459,1499,2000,2000,15,0.750000000,3240.418500000,3220.055000000,3216.502500000,3.552500000,20.363500000,40727,11.900000000,3.314701307,4.864640829,19.399573155,0.828892756,9.936067843,1.000000000
237,fixed_random_bfs,261203526,512,31,481,634,2000,2000,0,0.000000000,3240.418500000,3240.318500000,3240.318500000,0.000000000,0.100000000,200,0.050000000,3.314701307,4.871963201,19.506935891,0.661827681,9.957841903,1.000000000
238,fixed_random_bfs,261214665,512,44,468,1172,2000,2000,29,1.450000000,3240.418500000,3228.894000000,3222.978000000,5.916000000,11.524500000,23049,6.950000000,3.314701307,4.931291393,19.893280458,0.751499972,10.073843895,1.000000000
239,fixed_random_bfs,538646987,512,32,480,706,2000,2000,27,1.350000000,3240.418500000,3232.105500000,3225.354500000,6.751000000,8.313000000,16626,5.850000000,3.314701307,4.914709552,20.045573651,0.748059261,10.041690892,1.000000000
240,fixed_random_bfs,1394106980,512,47,465,1210,2000,2000,7,0.350000000,3240.418500000,3237.627500000,3236.121000000,1.506500000,2.791000000,5582,4.500000000,3.314701307,4.957281579,20.004157340,0.751808768,10.129308343,1.000000000
241,fixed_random_bfs,7280997431,512,43,469,1026,2000,2000,1,0.050000000,3240.418500000,3239.800500000,3239.563000000,0.237500000,0.618000000,1236,0.450000000,3.314701307,4.952365867,20.138752249,0.832306067,10.119599604,1.000000000
242,fixed_random_bfs,9279000881,512,61,451,1623,2000,2000,1,0.050000000,3240.418500000,3239.658500000,3239.421500000,0.237000000,0.760000000,1520,0.400000000,3.314701307,6.821695037,27.657512596,0.981439180,13.935826575,1.000000000
243,fixed_random_bfs,5492891001,512,29,483,580,2000,2000,34,1.700000000,3240.418500000,3220.526500000,3211.719500000,8.807000000,19.892000000,39784,10.300000000,3.314701307,6.681547377,26.909530742,0.963136319,13.647517813,1.000000000
244,fixed_random_bfs,4337202271,512,44,468,1137,2000,2000,0,0.000000000,3240.418500000,3240.084500000,3240.084500000,0.000000000,0.334000000,668,0.250000000,3.314701307,6.749090820,27.142215447,1.098372997,13.786990601,1.000000000
245,fixed_random_bfs,261336595,512,42,470,1065,2000,2000,0,0.000000000,3240.418500000,3239.613000000,3239.613000000,0.000000000,0.805500000,1611,0.400000000,3.314701307,6.783410750,27.209359752,0.957882355,13.859614387,1.000000000
246,fixed_random_bfs,2279339851,512,45,467,1232,2000,2000,1,0.050000000,3240.418500000,3239.976000000,3239.726500000,0.249500000,0.442500000,885,0.600000000,3.314701307,6.723918429,27.039347361,0.964141334,13.738978446,1.000000000
247,fixed_random_bfs,9318936097,512,42,470,651,2000,2000,178,8.900000000,3240.418500000,3181.281000000,3137.857500000,43.423500000,59.137500000,118275,28.750000000,3.314701307,6.710453877,27.219074907,0.958564810,13.681338627,1.000000000
248,fixed_random_bfs,2404057191,512,46,466,1685,2000,2000,18,0.900000000,3240.418500000,3235.873000000,3230.883000000,4.990000000,4.545500000,9091,4.200000000,3.314701307,6.762232170,27.170288253,0.960497020,13.813658785,1.000000000
249,fixed_random_bfs,367787791,512,34,478,683,2000,2000,1,0.050000000,3240.418500000,3240.175000000,3239.926000000,0.249000000,0.243500000,487,0.150000000,3.314701307,4.810111544,19.290797308,0.782702249,9.827444276,1.000000000
250,fixed_random_bfs,619011828,512,36,476,381,2000,2000,101,5.050000000,3240.418500000,3183.091000000,3163.557500000,19.533500000,57.327500000,114655,27.850000000,3.314701307,4.776347629,19.072369853,0.700250148,9.752026656,1.000000000
251,fixed_random_bfs,2203792358,512,35,477,610,2000,2000,39,1.950000000,3240.418500000,3220.170000000,3210.423000000,9.747000000,20.248500000,40497,12.000000000,3.314701307,6.838143227,27.833937099,1.009676580,13.970444231,1.000000000
252,fixed_random_bfs,2367880074,512,58,454,2341,2000,2000,0,0.000000000,3240.418500000,3240.191500000,3240.191500000,0.000000000,0.227000000,454,0.050000000,3.314701307,4.789795068,19.142509549,0.790751271,9.786620091,1.000000000
253,fixed_random_bfs,261250921,512,59,453,2509,2000,2000,0,0.000000000,3240.418500000,3240.192000000,3240.192000000,0.000000000,0.226500000,453,0.050000000,3.314701307,4.841675979,19.508790703,0.724160132,9.894077429,1.000000000
254,fixed_random_bfs,4334645297,512,39,473,504,2000,2000,124,6.200000000,3240.418500000,3196.769000000,3172.674000000,24.095000000,43.649500000,87299,26.700000000,3.314701307,4.808356853,19.349504461,0.797441459,9.810731704,1.000000000
255,fixed_random_bfs,261262017,512,57,455,1745,2000,2000,44,2.200000000,3240.418500000,3227.138500000,3215.681000000,11.457500000,13.280000000,26560,9.300000000,3.314701307,4.852917967,19.302517200,0.800859009,9.909276499,1.000000000
256,fixed_random_bfs,728378182,512,50,462,1386,2000,2000,0,0.000000000,3240.418500000,3239.085500000,3239.085500000,0.000000000,1.333000000,2666,0.950000000,3.314701307,6.827635976,27.979773598,1.023574537,13.953269675,1.000000000
257,fixed_random_bfs,2195139430,512,55,457,1825,2000,2000,5,0.250000000,3240.418500000,3236.292500000,3235.081500000,1.211000000,4.126000000,8252,2.600000000,3.314701307,4.838881987,19.126798645,0.802419399,9.885378184,1.000000000
258,fixed_random_bfs,369881057,512,50,462,1610,2000,2000,16,0.800000000,3240.418500000,3209.521500000,3205.482000000,4.039500000,30.897000000,61794,14.450000000,3.314701307,6.823442205,27.953949650,1.156810277,13.938382939,1.000000000
259,fixed_random_bfs,305527080,512,46,466,1210,2000,2000,5,0.250000000,3240.418500000,3233.990000000,3232.772000000,1.218000000,6.428500000,12857,3.950000000,3.314701307,6.833971669,28.033056861,1.162790962,13.964197606,1.000000000
260,fixed_random_bfs,408469164,512,32,480,681,2000,2000,4,0.200000000,3240.418500000,3239.345000000,3238.389000000,0.956000000,1.073500000,2147,0.550000000,3.314701307,4.854244202,19.165348153,0.707518134,9.919831349,1.000000000
261,fixed_random_bfs,4065557360,512,43,469,1139,2000,2000,15,0.750000000,3240.418500000,3227.988500000,3224.274500000,3.714000000,12.430000000,24860,5.150000000,3.314701307,4.853796116,19.316063753,0.713393038,9.915950847,1.000000000
262,fixed_random_bfs,365019784,512,57,455,1773,2000,2000,44,2.200000000,3240.418500000,3224.377500000,3214.063500000,10.314000000,16.041000000,32082,10.550000000,3.314701307,6.856631770,27.993515999,1.012569310,14.002916336,1.000000000
263,fixed_random_bfs,2386573675,512,52,460,1537,2000,2000,0,0.000000000,3240.418500000,3240.188500000,3240.188500000,0.000000000,0.230000000,460,0.050000000,3.314701307,6.846953589,28.135433795,1.011096855,13.991320309,1.000000000
264,fixed_random_bfs,261234098,512,62,450,2625,2000,2000,3,0.150000000,3240.418500000,3238.760500000,3237.778500000,0.982000000,1.658000000,3316,1.850000000,3.314701307,6.849952869,27.915211757,1.154642353,13.994113613,1.000000000
265,fixed_random_bfs,257110153,512,34,478,660,2000,2000,61,3.050000000,3240.418500000,3222.372000000,3207.048000000,15.324000000,18.046500000,36093,11.900000000,3.314701307,4.802085919,19.139380451,0.696739708,9.805114632,1.000000000
266,fixed_random_bfs,261199427,512,62,450,2076,2000,2000,1,0.050000000,3240.418500000,3239.945500000,3239.701000000,0.244500000,0.473000000,946,0.350000000,3.314701307,6.843481997,27.671635800,1.135982734,13.983249379,1.000000000
267,fixed_random_bfs,2292113308,512,52,460,1576,2000,2000,1,0.050000000,3240.418500000,3240.129500000,3239.882500000,0.247000000,0.289000000,578,0.300000000,3.314701307,6.844561509,27.725638598,1.024911309,13.986543473,1.000000000
268,fixed_random_bfs,2419965076,512,56,456,2033,2000,2000,0,0.000000000,3240.418500000,3240.108500000,3240.108500000,0.000000000,0.310000000,620,0.350000000,3.314701307,6.870532395,27.907107101,1.005004674,14.040139902,1.000000000
269,fixed_random_bfs,261202964,512,55,457,1653,2000,2000,31,1.550000000,3240.418500000,3229.579000000,3222.549500000,7.029500000,10.839500000,21679,6.250000000,3.314701307,4.908486961,19.356128050,0.687247098,10.025924027,1.000000000
270,fixed_random_bfs,8372666150,512,53,459,2187,2000,2000,0,0.000000000,3240.418500000,3240.189000000,3240.189000000,0.000000000,0.229500000,459,0.050000000,3.314701307,6.876838108,28.097218591,1.165797038,14.051605286,1.000000000
271,fixed_random_bfs,1396421606,512,53,459,1744,2000,2000,0,0.000000000,3240.418500000,3240.203000000,3240.203000000,0.000000000,0.215500000,431,0.200000000,3.314701307,4.910204119,19.642670848,0.777126702,10.034519685,1.000000000
272,fixed_random_bfs,365211939,512,45,467,1412,2000,2000,10,0.500000000,3240.418500000,3232.895500000,3230.396500000,2.499000000,7.523000000,15046,5.150000000,3.314701307,6.904327383,28.049591248,1.146492810,14.105240050,1.000000000
273,fixed_random_bfs,350565960,512,47,465,1018,2000,2000,5,0.250000000,3240.418500000,3238.894000000,3238.181000000,0.713000000,1.524500000,3049,3.500000000,3.314701307,4.870593408,19.724571599,0.780374145,9.952109849,1.000000000
274,fixed_random_bfs,261150111,512,28,484,579,2000,2000,1,0.050000000,3240.418500000,3240.399000000,3240.150500000,0.248500000,0.019500000,39,0.050000000,3.314701307,4.867301449,19.822689245,0.775759546,9.946114755,1.000000000
275,fixed_random_bfs,4336148072,512,21,491,344,2000,2000,0,0.000000000,3240.418500000,3240.388000000,3240.388000000,0.000000000,0.030500000,61,0.050000000,3.314701307,4.868303855,19.835584254,0.689791356,9.947846386,1.000000000
276,fixed_random_bfs,1949900397,512,51,461,2216,2000,2000,0,0.000000000,3240.418500000,3240.009500000,3240.009500000,0.000000000,0.409000000,818,0.100000000,3.314701307,5.116823486,20.917556499,0.805736607,10.462186055,1.000000000
277,fixed_random_bfs,261133094,512,56,456,1712,2000,2000,19,0.950000000,3240.418500000,3226.294000000,3220.916000000,5.378000000,14.124500000,28249,8.200000000,3.314701307,6.811226866,27.302250155,1.107845992,13.912965640,1.000000000
278,fixed_random_bfs,261213349,512,41,471,913,2000,2000,0,0.000000000,3240.418500000,3240.183000000,3240.183000000,0.000000000,0.235500000,471,0.050000000,3.314701307,4.899170597,20.057538060,0.766028094,10.012925713,1.000000000
279,fixed_random_bfs,7799912114,512,53,459,1262,2000,2000,1,0.050000000,3240.418500000,3239.282500000,3239.073000000,0.209500000,1.136000000,2272,1.300000000,3.314701307,4.882556411,19.747166847,0.744900441,9.977028479,1.000000000
280,fixed_random_bfs,6784431237,512,54,458,1699,2000,2000,0,0.000000000,3240.418500000,3240.198000000,3240.198000000,0.000000000,0.220500000,441,0.150000000,3.314701307,4.919924812,19.786007303,0.748656321,10.054530222,1.000000000
281,fixed_random_bfs,5870964593,512,58,454,1703,2000,2000,1,0.050000000,3240.418500000,3239.522500000,3239.296000000,0.226500000,0.896000000,1792,0.900000000,3.314701307,4.915716261,19.841946007,0.667564881,10.044217196,1.000000000
282,fixed_random_bfs,9259144973,512,50,462,1455,2000,2000,0,0.000000000,3240.418500000,3239.718000000,3239.718000000,0.000000000,0.700500000,1401,0.300000000,3.314701307,4.877204138,19.519619894,0.774377178,9.966899787,1.000000000
283,fixed_random_bfs,713242029,512,44,468,426,2000,2000,8,0.400000000,3240.418500000,3231.607000000,3231.096500000,0.510500000,8.811500000,17623,5.650000000,3.314701307,4.861098791,19.355358907,0.773090065,9.932764057,1.000000000
284,fixed_random_bfs,2465509022,512,39,473,565,2000,2000,0,0.000000000,3240.418500000,3240.182500000,3240.182500000,0.000000000,0.236000000,472,0.050000000,3.314701307,4.846352999,19.294324004,0.871386128,9.905035706,1.000000000
285,fixed_random_bfs,5894674881,512,55,457,1267,2000,2000,9,0.450000000,3240.418500000,3215.137000000,3213.215500000,1.921500000,25.281500000,50563,12.500000000,3.314701307,6.740770590,27.436437139,1.092251303,13.770147188,1.000000000
286,fixed_random_bfs,387578312,512,56,456,1286,2000,2000,0,0.000000000,3240.418500000,3240.418500000,3240.418500000,0.000000000,0.000000000,0,0.000000000,3.314701307,4.883108008,19.487231996,0.794823586,9.979691774,1.000000000
287,fixed_random_bfs,5764089873,512,35,477,733,2000,2000,16,0.800000000,3240.418500000,3238.068500000,3233.956500000,4.112000000,2.350000000,4700,2.100000000,3.314701307,4.887625315,19.648783350,0.775844726,9.988445949,1.000000000
288,fixed_random_bfs,6780269106,512,49,463,1264,2000,2000,29,1.450000000,3240.418500000,3228.513500000,3221.202500000,7.311000000,11.905000000,23810,6.300000000,3.314701307,6.889143307,28.292098092,1.231492464,14.071462256,1.000000000
289,fixed_random_bfs,261184475,512,46,466,1100,2000,2000,0,0.000000000,3240.418500000,3240.418000000,3240.418000000,0.000000000,0.000500000,1,0.050000000,3.314701307,4.894264498,19.624323498,0.784400239,10.000727477,1.000000000
290,fixed_random_bfs,261209975,512,38,474,1093,2000,2000,0,0.000000000,3240.418500000,3240.418500000,3240.418500000,0.000000000,0.000000000,0,0.000000000,3.314701307,4.898201967,19.593783054,0.769391803,10.009766005,1.000000000
291,fixed_random_bfs,5492696974,512,51,461,1457,2000,2000,1,0.050000000,3240.418500000,3238.340500000,3238.098000000,0.242500000,2.078000000,4156,2.400000000,3.314701307,4.913014825,19.541086004,0.787631630,10.039188609,1.000000000
292,fixed_random_bfs,7185840224,512,53,459,990,2000,2000,0,0.000000000,3240.418500000,3240.269000000,3240.269000000,0.000000000,0.149500000,299,0.250000000,3.314701307,4.886009181,19.521081347,0.774266697,9.985433280,1.000000000
293,fixed_random_bfs,1842179913,512,36,476,934,2000,2000,110,5.500000000,3240.418500000,3188.959000000,3160.289000000,28.670000000,51.459500000,102919,25.600000000,3.314701307,6.750229588,27.444589555,0.978860477,13.779325961,1.000000000
294,fixed_random_bfs,4426305542,512,36,476,764,2000,2000,32,1.600000000,3240.418500000,3224.254500000,3215.697000000,8.557500000,16.164000000,32328,9.900000000,3.314701307,4.897633506,19.394073200,0.774017857,10.007387579,1.000000000
295,fixed_random_bfs,2480086191,512,54,458,1323,2000,2000,0,0.000000000,3240.418500000,3240.202500000,3240.202500000,0.000000000,0.216000000,432,0.050000000,3.314701307,6.826655625,28.220069806,1.100390766,13.950451125,1.000000000
296,fixed_random_bfs,261203541,512,31,481,680,2000,2000,0,0.000000000,3240.418500000,3240.399000000,3240.399000000,0.000000000,0.019500000,39,0.050000000,3.314701307,4.935913115,19.745327793,0.752620634,10.089616354,1.000000000
297,fixed_random_bfs,619038707,512,64,448,1435,2000,2000,71,3.550000000,3240.418500000,3170.684500000,3154.531000000,16.153500000,69.734000000,139468,34.150000000,3.314701307,4.939344237,19.743150343,0.771424777,10.085434940,1.000000000
298,fixed_random_bfs,7156357255,512,54,458,2117,2000,2000,1,0.050000000,3240.418500000,3240.044500000,3239.796500000,0.248000000,0.374000000,748,0.300000000,3.314701307,6.769576547,27.133352799,1.269772711,13.831930263,1.000000000
299,fixed_random_bfs,5902590113,512,50,462,1273,2000,2000,2,0.100000000,3240.418500000,3236.280000000,3235.791000000,0.489000000,4.138500000,8277,2.900000000,3.314701307,6.791379911,27.372261446,1.108643486,13.875843243,1.000000000
300,fixed_random_bfs,7643023898,512,52,460,1817,2000,2000,16,0.800000000,3240.418500000,3233.594500000,3229.428500000,4.166000000,6.824000000,13648,3.200000000,3.314701307,6.807741551,27.790922043,1.123055843,13.907790969,1.000000000
301,fixed_random_bfs,1102978830,512,47,465,1781,2000,2000,0,0.000000000,3240.418500000,3240.186000000,3240.186000000,0.000000000,0.232500000,465,0.050000000,3.314701307,4.927606572,19.995303053,0.855085298,10.071078047,1.000000000
302,fixed_random_bfs,261193134,512,37,475,687,2000,2000,0,0.000000000,3240.418500000,3240.179500000,3240.179500000,0.000000000,0.239000000,478,0.100000000,3.314701307,4.943522630,19.903358856,0.759768300,10.102001741,1.000000000
303,fixed_random_bfs,2135709543,512,51,461,1776,2000,2000,0,0.000000000,3240.418500000,3240.418500000,3240.418500000,0.000000000,0.000000000,0,0.000000000,3.314701307,4.926042262,20.059594441,0.760393211,10.067950034,1.000000000
304,fixed_random_bfs,2179102854,512,51,461,1301,2000,2000,1,0.050000000,3240.418500000,3238.867000000,3238.632000000,0.235000000,1.551500000,3103,0.850000000,3.314701307,6.050484131,23.437749992,0.891733360,12.366124656,1.000000000
305,fixed_random_bfs,4334600809,512,49,463,659,2000,2000,110,5.500000000,3240.418500000,3160.163000000,3139.019000000,21.144000000,80.255500000,160511,36.300000000,3.314701307,4.885347746,19.752048550,0.767835969,9.970875044,1.000000000
306,fixed_random_bfs,27367001,512,35,477,685,2000,2000,0,0.000000000,3240.418500000,3240.384500000,3240.384500000,0.000000000,0.034000000,68,0.050000000,3.314701307,4.921064236,19.857775896,0.858619668,10.058510355,1.000000000
307,fixed_random_bfs,261290980,512,62,450,1630,2000,2000,40,2.000000000,3240.418500000,3227.239000000,3218.819000000,8.420000000,13.179500000,26359,9.100000000,3.314701307,4.959073082,20.285346946,0.757236871,10.128273543,1.000000000
308,fixed_random_bfs,2480100323,512,47,465,1107,2000,2000,0,0.000000000,3240.418500000,3240.187500000,3240.187500000,0.000000000,0.231000000,462,0.050000000,3.314701307,4.941719606,19.868709446,0.762284474,10.098048133,1.000000000
309,fixed_random_bfs,365218624,512,55,457,1902,2000,2000,0,0.000000000,3240.418500000,3240.190000000,3240.190000000,0.000000000,0.228500000,457,0.050000000,3.314701307,6.811337684,27.698373995,1.156283547,13.917085825,1.000000000
310,fixed_random_bfs,261298967,512,40,472,1165,2000,2000,0,0.000000000,3240.418500000,3240.182500000,3240.182500000,0.000000000,0.236000000,472,0.050000000,3.314701307,6.757736858,27.011398848,1.286425053,13.808104494,1.000000000
311,fixed_random_bfs,6965703926,512,65,447,2167,2000,2000,47,2.350000000,3240.418500000,3209.353000000,3199.170000000,10.183000000,31.065500000,62131,17.750000000,3.314701307,6.787495056,26.935003151,1.043869444,13.857304914,1.000000000
312,fixed_random_bfs,2896388413,512,32,480,451,2000,2000,0,0.000000000,3240.418500000,3240.181000000,3240.181000000,0.000000000,0.237500000,475,0.050000000,3.314701307,6.777653280,27.082888738,1.018982447,13.848936188,1.000000000
313,fixed_random_bfs,261239922,512,59,453,1997,2000,2000,0,0.000000000,3240.418500000,3240.192000000,3240.192000000,0.000000000,0.226500000,453,0.050000000,3.314701307,6.779879734,27.225450708,1.133806816,13.852543495,1.000000000
314,fixed_random_bfs,365489167,512,58,454,2223,2000,2000,76,3.800000000,3240.418500000,3185.197500000,3166.067500000,19.130000000,55.221000000,110442,25.950000000,3.314701307,6.810031594,27.005392753,1.270779048,13.899005492,1.000000000
315,fixed_random_bfs,2419951297,512,57,455,1908,2000,2000,0,0.000000000,3240.418500000,3240.208000000,3240.208000000,0.000000000,0.210500000,421,0.200000000,3.314701307,6.805909888,27.249756952,1.141875766,13.905624912,1.000000000
316,fixed_random_bfs,3994772551,512,47,465,1982,2000,2000,0,0.000000000,3240.418500000,3239.663500000,3239.663500000,0.000000000,0.755000000,1510,0.400000000,3.314701307,6.795433240,27.292453448,1.013101082,13.881942921,1.000000000
317,fixed_random_bfs,4957704707,512,47,465,1466,2000,2000,7,0.350000000,3240.418500000,3240.247500000,3238.552000000,1.695500000,0.171000000,342,0.300000000,3.314701307,6.785639298,27.064212698,1.140876938,13.860297681,1.000000000
318,fixed_random_bfs,261163665,512,42,470,1031,2000,2000,1,0.050000000,3240.418500000,3237.815500000,3237.571000000,0.244500000,2.603000000,5206,2.000000000,3.314701307,6.828814066,26.934094558,1.249049831,13.950844116,1.000000000
319,fixed_random_bfs,4614850650,512,37,475,737,2000,2000,22,1.100000000,3240.418500000,3235.488000000,3229.782000000,5.706000000,4.930500000,9861,4.150000000,3.314701307,6.829726131,26.920057295,0.990587691,13.951225141,1.000000000
320,fixed_random_bfs,2418138343,512,66,446,2049,2000,2000,0,0.000000000,3240.418500000,3240.198000000,3240.198000000,0.000000000,0.220500000,441,0.150000000,3.314701307,6.856216813,27.086411044,0.973952944,14.008204478,1.000000000
321,fixed_random_bfs,8061828022,512,45,467,1200,2000,2000,25,1.250000000,3240.418500000,3226.135000000,3219.945500000,6.189500000,14.283500000,28567,9.400000000,3.314701307,6.759023605,26.991808147,1.081565128,13.803607962,1.000000000
322,fixed_random_bfs,5894738647,512,31,481,630,2000,2000,1,0.050000000,3240.418500000,3238.617000000,3238.366500000,0.250500000,1.801500000,3603,1.400000000,3.314701307,4.832434664,19.483963850,0.762886210,9.874816420,1.000000000
323,fixed_random_bfs,4334600817,512,36,476,934,2000,2000,90,4.500000000,3240.418500000,3161.117500000,3141.636500000,19.481000000,79.301000000,158602,30.750000000,3.314701307,4.780221708,18.871061743,0.759720183,9.759895374,1.000000000
324,fixed_random_bfs,2624378884,512,43,469,855,2000,2000,94,4.700000000,3240.418500000,3190.062000000,3169.777000000,20.285000000,50.356500000,100713,25.050000000,3.314701307,4.783487790,18.909703790,0.679885387,9.764042603,1.000000000
325,fixed_random_bfs,261224263,512,39,473,594,2000,2000,8,0.400000000,3240.418500000,3221.756000000,3219.977000000,1.779000000,18.662500000,37325,9.750000000,3.314701307,4.832296798,19.600622557,0.768899089,9.874533467,1.000000000
326,fixed_random_bfs,1309310795,512,38,474,850,2000,2000,35,1.750000000,3240.418500000,3219.543000000,3210.487500000,9.055500000,20.875500000,41751,13.500000000,3.314701307,4.847247741,19.516482152,0.759533969,9.903880214,1.000000000
327,fixed_random_bfs,6777591890,512,39,473,1298,2000,2000,1,0.050000000,3240.418500000,3240.405000000,3240.152500000,0.252500000,0.013500000,27,0.050000000,3.314701307,4.866475948,19.857044352,0.765209838,9.943330529,1.000000000
328,fixed_random_bfs,5492872100,512,48,464,1074,2000,2000,1,0.050000000,3240.418500000,3239.422000000,3239.193500000,0.228500000,0.996500000,1993,0.700000000,3.314701307,4.855671763,19.711216999,0.762321794,9.921431550,1.000000000
329,fixed_random_bfs,8595362337,512,44,468,1100,2000,2000,41,2.050000000,3240.418500000,3198.894500000,3188.828500000,10.066000000,41.524000000,83048,22.400000000,3.314701307,4.820275679,19.188080299,0.769856029,9.845526253,1.000000000
330,fixed_random_bfs,2747976290,512,28,484,118,2000,2000,0,0.000000000,3240.418500000,3237.726000000,3237.726000000,0.000000000,2.692500000,5385,4.900000000,3.314701307,4.878787593,19.710975400,0.757783440,9.970314217,1.000000000
331,fixed_random_bfs,2426171242,512,46,466,1611,2000,2000,0,0.000000000,3240.418500000,3240.185500000,3240.185500000,0.000000000,0.233000000,466,0.050000000,3.314701307,4.897287277,19.738857399,0.769756003,10.007876595,1.000000000
332,fixed_random_bfs,257095287,512,36,476,819,2000,2000,85,4.250000000,3240.418500000,3220.648500000,3198.161500000,22.487000000,19.770000000,39540,14.550000000,3.314701307,4.910449403,19.407314697,0.744319350,10.026411320,1.000000000
333,fixed_random_bfs,261172297,512,44,468,1036,2000,2000,16,0.800000000,3240.418500000,3213.942000000,3209.951500000,3.990500000,26.476500000,52953,13.400000000,3.314701307,4.937112899,19.939145807,0.755486963,10.085619835,1.000000000
334,fixed_random_bfs,5871742225,512,37,475,878,2000,2000,117,5.850000000,3240.418500000,3197.382000000,3167.071000000,30.311000000,43.036500000,86073,22.150000000,3.314701307,4.889442673,19.419888801,0.672794598,9.979517699,1.000000000
335,fixed_random_bfs,270857417,512,36,476,682,2000,2000,0,0.000000000,3240.418500000,3238.404500000,3238.404500000,0.000000000,2.014000000,4028,1.200000000,3.314701307,4.906081297,19.592028295,0.747379413,10.025584831,1.000000000
336,fixed_random_bfs,5952137584,512,56,456,1990,2000,2000,1,0.050000000,3240.418500000,3239.054000000,3238.808000000,0.246000000,1.364500000,2729,0.900000000,3.314701307,4.908975971,19.847494742,0.745643809,10.032952930,1.000000000
337,fixed_random_bfs,368065607,512,33,479,608,2000,2000,4,0.200000000,3240.418500000,3241.040000000,3239.803500000,1.236500000,-0.621500000,-1243,0.250000000,3.314701307,4.955254942,19.900691302,0.767846917,10.128587622,1.000000000
338,fixed_random_bfs,1639968782,512,67,445,1547,2000,2000,7,0.350000000,3240.418500000,3219.941500000,3218.656500000,1.285000000,20.477000000,40954,16.900000000,3.314701307,4.943367890,19.863521046,0.682947436,10.099732888,1.000000000
339,fixed_random_bfs,2416732090,512,42,470,1163,2000,2000,0,0.000000000,3240.418500000,3238.749000000,3238.749000000,0.000000000,1.669500000,3339,0.550000000,3.314701307,4.979646066,20.048145496,0.752798573,10.176479987,1.000000000
340,fixed_random_bfs,713242122,512,47,465,791,2000,2000,12,0.600000000,3240.418500000,3229.128500000,3227.763000000,1.365500000,11.290000000,22580,7.550000000,3.314701307,4.999183640,20.116852556,0.762092396,10.213026935,1.000000000
341,fixed_random_bfs,707990943,512,53,459,1572,2000,2000,47,2.350000000,3240.418500000,3199.971000000,3188.519500000,11.451500000,40.447500000,80895,19.950000000,3.314701307,6.705102799,26.658413200,1.092573215,13.686849929,1.000000000
342,fixed_random_bfs,2295344602,512,51,461,2167,2000,2000,12,0.600000000,3240.418500000,3235.863000000,3232.832500000,3.030500000,4.555500000,9111,3.500000000,3.314701307,6.756474647,27.454980901,1.112059948,13.801830452,1.000000000
343,fixed_random_bfs,261339656,512,45,467,1069,2000,2000,0,0.000000000,3240.418500000,3240.184000000,3240.184000000,0.000000000,0.234500000,469,0.100000000,3.314701307,6.846604132,27.750705651,0.979523071,13.988921002,1.000000000
344,fixed_random_bfs,7330451402,512,44,468,948,2000,2000,76,3.800000000,3240.418500000,3162.757500000,3144.152000000,18.605500000,77.661000000,155322,29.900000000,3.314701307,6.695861339,27.048681793,1.082318072,13.670689149,1.000000000
345,fixed_random_bfs,9243539055,512,58,454,1360,2000,2000,0,0.000000000,3240.418500000,3217.318000000,3217.318000000,0.000000000,23.100500000,46201,12.550000000,3.314701307,6.209075028,23.791838345,0.675046487,12.686210875,1.000000000
346,fixed_random_bfs,7306110742,512,24,488,366,2000,2000,0,0.000000000,3240.418500000,3240.406500000,3240.406500000,0.000000000,0.012000000,24,0.050000000,3.314701307,6.780910865,27.091015498,1.065050634,13.855053653,1.000000000
347,fixed_random_bfs,2317743084,512,63,449,2231,2000,2000,0,0.000000000,3240.418500000,3239.785000000,3239.785000000,0.000000000,0.633500000,1267,0.350000000,3.314701307,6.745638955,26.913848756,0.966322398,13.780283026,1.000000000
348,fixed_random_bfs,5902732797,512,41,471,1267,2000,2000,1,0.050000000,3240.418500000,3238.515000000,3238.267500000,0.247500000,1.903500000,3807,1.050000000,3.314701307,6.787439465,26.901015548,1.084966219,13.867442815,1.000000000
349,fixed_random_bfs,261169693,512,54,458,2409,2000,2000,2,0.100000000,3240.418500000,3239.637500000,3239.131500000,0.506000000,0.781000000,1562,0.550000000,3.314701307,6.833936853,27.744191742,1.134112103,13.960660764,1.000000000
350,fixed_random_bfs,5492736451,512,49,463,1819,2000,2000,1,0.050000000,3240.418500000,3238.966500000,3238.715500000,0.251000000,1.452000000,2904,1.300000000,3.314701307,6.789783705,27.361477045,1.155050092,13.872846103,1.000000000
351,fixed_random_bfs,2468042237,512,46,466,1604,2000,2000,28,1.400000000,3240.418500000,3243.516500000,3235.519500000,7.997000000,-3.098000000,-6196,1.400000000,3.314701307,6.787448329,27.570167500,1.028004685,13.867127256,1.000000000
352,fixed_random_bfs,2213095738,512,40,472,1030,2000,2000,6,0.300000000,3240.418500000,3236.307000000,3234.808000000,1.499000000,4.111500000,8223,3.600000000,3.314701307,6.793277639,27.439153606,1.136887844,13.877433949,1.000000000
353,fixed_random_bfs,1974927896,512,64,448,3100,2000,2000,1,0.050000000,3240.418500000,3236.562000000,3236.312000000,0.250000000,3.856500000,7713,2.050000000,3.314701307,6.807791709,27.145500298,1.156701768,13.908203785,1.000000000
354,fixed_random_bfs,4332885320,512,47,465,1567,2000,2000,5,0.250000000,3240.418500000,3239.642500000,3238.420500000,1.222000000,0.776000000,1552,0.800000000,3.314701307,6.807053425,27.143167348,1.122339865,13.906092971,1.000000000
355,fixed_random_bfs,27440234,512,41,471,622,2000,2000,147,7.350000000,3240.418500000,3202.066500000,3166.758500000,35.308000000,38.352000000,76704,25.250000000,3.314701307,6.779792921,27.039667145,1.004377171,13.828059237,1.000000000
356,fixed_random_bfs,2363202716,512,54,458,1533,2000,2000,4,0.200000000,3240.418500000,3237.093000000,3236.128000000,0.965000000,3.325500000,6651,2.250000000,3.314701307,6.797146755,27.145541247,1.142247501,13.885002447,1.000000000
357,fixed_random_bfs,5498848802,512,29,483,653,2000,2000,0,0.000000000,3240.418500000,3240.417000000,3240.417000000,0.000000000,0.001500000,3,0.050000000,3.314701307,6.840027427,27.463255655,1.125778080,13.977068221,1.000000000
358,fixed_random_bfs,5496076427,512,43,469,1123,2000,2000,4,0.200000000,3240.418500000,3240.779000000,3239.539000000,1.240000000,-0.360500000,-721,0.600000000,3.314701307,6.849694629,27.312871550,1.108152577,13.996319180,1.000000000
359,fixed_random_bfs,2402573930,512,32,480,625,2000,2000,150,7.500000000,3240.418500000,3192.205000000,3153.997000000,38.208000000,48.213500000,96427,21.450000000,3.314701307,6.764918416,27.197144654,0.988545081,13.798837254,1.000000000
360,fixed_random_bfs,5404725099,512,44,468,1035,2000,2000,3,0.150000000,3240.418500000,3240.315000000,3239.575000000,0.740000000,0.103500000,207,0.400000000,3.314701307,6.910375294,27.403915447,1.085596498,14.117298044,1.000000000
361,fixed_random_bfs,5498401987,512,41,471,1337,2000,2000,0,0.000000000,3240.418500000,3240.104000000,3240.104000000,0.000000000,0.314500000,629,0.500000000,3.314701307,4.824901100,19.239744304,0.792909676,9.857873233,1.000000000
362,fixed_random_bfs,153026029,512,34,478,1122,2000,2000,0,0.000000000,3240.418500000,3240.418500000,3240.418500000,0.000000000,0.000000000,0,0.000000000,3.314701307,4.820912689,19.466580651,0.785492106,9.850651881,1.000000000
363,fixed_random_bfs,2004538924,512,38,474,662,2000,2000,36,1.800000000,3240.418500000,3222.316500000,3214.019500000,8.297000000,18.102000000,36204,9.850000000,3.314701307,4.783396357,19.002900794,0.779166563,9.771132774,1.000000000
364,fixed_random_bfs,2111333419,512,41,471,1001,2000,2000,135,6.750000000,3240.418500000,3204.225500000,3169.648000000,34.577500000,36.193000000,72386,19.850000000,3.314701307,4.831834812,19.303268850,0.798577487,9.859356143,1.000000000
365,fixed_random_bfs,367776964,512,34,478,710,2000,2000,0,0.000000000,3240.418500000,3239.976500000,3239.976500000,0.000000000,0.442000000,884,0.350000000,3.314701307,4.847554915,19.645958144,0.783565052,9.907040883,1.000000000
366,fixed_random_bfs,1992978463,512,43,469,797,2000,2000,6,0.300000000,3240.418500000,3234.171500000,3232.772500000,1.399000000,6.247000000,12494,2.600000000,3.314701307,6.811033456,27.378368798,1.085701761,13.914040149,1.000000000
367,fixed_random_bfs,8026070181,512,41,471,1372,2000,2000,13,0.650000000,3240.418500000,3224.661500000,3222.062000000,2.599500000,15.757000000,31514,7.950000000,3.314701307,4.829722588,19.421922147,0.790354527,9.865957646,1.000000000
368,fixed_random_bfs,2479290645,512,53,459,1485,2000,2000,0,0.000000000,3240.418500000,3240.339500000,3240.339500000,0.000000000,0.079000000,158,0.050000000,3.314701307,4.839214899,19.377437900,0.785570578,9.888513181,1.000000000
369,fixed_random_bfs,261262136,512,59,453,1544,2000,2000,9,0.450000000,3240.418500000,3234.087000000,3231.701500000,2.385500000,6.331500000,12663,4.300000000,3.314701307,4.845787885,19.428860686,0.775398716,9.899477088,1.000000000
370,fixed_random_bfs,2188888636,512,33,479,772,2000,2000,2,0.100000000,3240.418500000,3235.998000000,3235.504000000,0.494000000,4.420500000,8841,2.750000000,3.314701307,4.863986991,19.411663649,0.777237542,9.937904075,1.000000000
371,fixed_random_bfs,2352805673,512,45,467,1524,2000,2000,0,0.000000000,3240.418500000,3239.412500000,3239.412500000,0.000000000,1.006000000,2012,0.400000000,3.314701307,4.857274152,19.610210400,0.778697206,9.924541132,1.000000000
372,fixed_random_bfs,5493109167,512,33,479,788,2000,2000,0,0.000000000,3240.418500000,3240.160000000,3240.160000000,0.000000000,0.258500000,517,0.150000000,3.314701307,4.879446565,19.432318594,0.760702600,9.971448920,1.000000000
373,fixed_random_bfs,7286345979,512,57,455,2512,2000,2000,13,0.650000000,3240.418500000,3237.916500000,3235.158500000,2.758000000,2.502000000,5004,2.600000000,3.314701307,4.908854128,20.116090547,0.794804130,10.027637478,1.000000000
374,fixed_random_bfs,261276481,512,41,471,1231,2000,2000,17,0.850000000,3240.418500000,3236.661500000,3232.188500000,4.473000000,3.757000000,7514,2.200000000,3.314701307,4.861288791,19.280978546,0.777967727,9.932704296,1.000000000
375,fixed_random_bfs,261189820,512,54,458,1535,2000,2000,0,0.000000000,3240.418500000,3240.418500000,3240.418500000,0.000000000,0.000000000,0,0.000000000,3.314701307,4.856483956,19.465466803,0.763952409,9.922343548,1.000000000
376,fixed_random_bfs,9074967711,512,37,475,684,2000,2000,16,0.800000000,3240.418500000,3239.968000000,3236.163500000,3.804500000,0.450500000,901,1.250000000,3.314701307,4.864054976,19.539240793,0.854224931,9.941009226,1.000000000
377,fixed_random_bfs,4332812191,512,46,466,733,2000,2000,1,0.050000000,3240.418500000,3234.463500000,3234.235000000,0.228500000,5.955000000,11910,2.400000000,3.314701307,4.907776745,19.931712149,0.769946914,10.029628275,1.000000000
378,fixed_random_bfs,356949025,512,45,467,1236,2000,2000,7,0.350000000,3240.418500000,3232.139000000,3230.427000000,1.712000000,8.279500000,16559,5.100000000,3.314701307,4.903685827,19.909437306,0.756183602,10.019213576,1.000000000
379,fixed_random_bfs,261188164,512,57,455,1629,2000,2000,0,0.000000000,3240.418500000,3240.156500000,3240.156500000,0.000000000,0.262000000,524,0.150000000,3.314701307,4.955224810,19.611199098,0.848269002,10.126449703,1.000000000
380,fixed_random_bfs,713056951,512,49,463,1113,2000,2000,0,0.000000000,3240.418500000,3228.080500000,3228.080500000,0.000000000,12.338000000,24676,7.800000000,3.314701307,4.955331209,19.949138898,0.754460204,10.124862538,1.000000000
381,fixed_random_bfs,261192490,512,47,465,1234,2000,2000,1,0.050000000,3240.418500000,3240.536500000,3240.291000000,0.245500000,-0.118000000,-236,0.100000000,3.314701307,6.876902177,27.651333309,1.099986284,14.050406195,1.000000000
382,fixed_random_bfs,9203546720,512,47,465,1768,2000,2000,0,0.000000000,3240.418500000,3240.186000000,3240.186000000,0.000000000,0.232500000,465,0.050000000,3.314701307,6.726221508,26.865828354,1.087764477,13.740897292,1.000000000
383,fixed_random_bfs,1953908341,512,23,489,400,2000,2000,0,0.000000000,3240.418500000,3240.175000000,3240.175000000,0.000000000,0.243500000,487,0.050000000,3.314701307,6.751113025,27.420764609,1.082510892,13.794754366,1.000000000
384,fixed_random_bfs,5496050330,512,32,480,607,2000,2000,0,0.000000000,3240.418500000,3240.174000000,3240.174000000,0.000000000,0.244500000,489,0.150000000,3.314701307,6.765314626,27.470528404,1.089912303,13.824679943,1.000000000
385,fixed_random_bfs,250278972,512,36,476,653,2000,2000,114,5.700000000,3240.418500000,3197.324500000,3172.201500000,25.123000000,43.094000000,86188,24.300000000,3.314701307,6.792757045,27.398428545,1.092628887,13.855264835,1.000000000
386,fixed_random_bfs,2393951808,512,61,451,2086,2000,2000,6,0.300000000,3240.418500000,3240.470500000,3238.758000000,1.712500000,-0.052000000,-104,1.050000000,3.314701307,6.741579905,27.080620948,1.099667389,13.774054510,1.000000000
387,fixed_random_bfs,9170735825,512,41,471,1235,2000,2000,4,0.200000000,3240.418500000,3235.760000000,3234.758000000,1.002000000,4.658500000,9317,3.800000000,3.314701307,6.771998789,27.286928794,1.082687020,13.834450006,1.000000000
388,fixed_random_bfs,7506029000,512,52,460,1732,2000,2000,13,0.650000000,3240.418500000,3225.486500000,3222.323500000,3.163000000,14.932000000,29864,8.950000000,3.314701307,6.779969245,27.195328297,1.090286097,13.849513393,1.000000000
389,fixed_random_bfs,7564863077,512,55,457,2502,2000,2000,9,0.450000000,3240.418500000,3236.471000000,3234.214000000,2.257000000,3.947500000,7895,2.700000000,3.314701307,4.880319856,19.264368540,0.789532896,9.971167803,1.000000000
390,fixed_random_bfs,1255567914,512,42,470,1523,2000,2000,0,0.000000000,3240.418500000,3240.418500000,3240.418500000,0.000000000,0.000000000,0,0.000000000,3.314701307,4.872127187,19.334728052,0.776986678,9.956081604,1.000000000
391,fixed_random_bfs,5527916822,512,53,459,1794,2000,2000,0,0.000000000,3240.418500000,3237.670500000,3237.670500000,0.000000000,2.748000000,5496,1.500000000,3.314701307,4.855111543,19.378661345,0.763160317,9.921940648,1.000000000
392,fixed_random_bfs,261134222,512,45,467,1115,2000,2000,26,1.300000000,3240.418500000,3217.330500000,3211.890000000,5.440500000,23.088000000,46176,11.500000000,3.314701307,4.867495844,19.446401810,0.779327684,9.943521143,1.000000000
393,fixed_random_bfs,9338930525,512,54,458,1571,2000,2000,0,0.000000000,3240.418500000,3240.124500000,3240.124500000,0.000000000,0.294000000,588,0.100000000,3.314701307,4.890766004,19.404572409,0.771557025,9.994534745,1.000000000
394,fixed_random_bfs,9239402772,512,53,459,1278,2000,2000,1,0.050000000,3240.418500000,3239.894000000,3239.656000000,0.238000000,0.524500000,1049,0.300000000,3.314701307,4.878949622,19.528005403,0.779185117,9.969779338,1.000000000
395,fixed_random_bfs,4335564248,512,36,476,1157,2000,2000,64,3.200000000,3240.418500000,3170.337500000,3152.823500000,17.514000000,70.081000000,140162,33.600000000,3.314701307,4.843819242,19.181079746,0.774282667,9.893063965,1.000000000
396,fixed_random_bfs,2480059911,512,53,459,1688,2000,2000,70,3.500000000,3240.418500000,3172.289000000,3154.794500000,17.494500000,68.129500000,136259,31.450000000,3.314701307,4.882854363,19.450689106,0.765525108,9.969400910,1.000000000
397,fixed_random_bfs,2099948883,512,54,458,1847,2000,2000,1,0.050000000,3240.418500000,3238.260000000,3238.023000000,0.237000000,2.158500000,4317,1.450000000,3.314701307,4.908578613,19.484523600,0.779819449,10.030153367,1.000000000
398,fixed_random_bfs,7391027050,512,37,475,907,2000,2000,0,0.000000000,3240.418500000,3239.285000000,3239.285000000,0.000000000,1.133500000,2267,0.400000000,3.314701307,4.910539935,19.518693154,0.773094409,10.035001531,1.000000000
399,fixed_random_bfs,9262367021,512,49,463,1007,2000,2000,7,0.350000000,3240.418500000,3211.460500000,3209.855500000,1.605000000,28.958000000,57916,13.050000000,3.314701307,4.909001824,19.917478607,0.772860213,10.029538957,1.000000000
400,fixed_random_bfs,2998723575,512,42,470,1197,2000,2000,0,0.000000000,3240.418500000,3240.238000000,3240.238000000,0.000000000,0.180500000,361,0.300000000,3.314701307,4.935076346,20.018250302,0.687157104,10.084731525,1.000000000
401,fixed_random_bfs,5091147289,512,45,467,983,2000,2000,25,1.250000000,3240.418500000,3226.400500000,3220.475000000,5.925500000,14.018000000,28036,7.000000000,3.314701307,4.912430164,19.984794590,0.772829324,10.035908673,1.000000000
402,fixed_random_bfs,1210044139,512,42,470,826,2000,2000,1,0.050000000,3240.418500000,3240.286500000,3240.097000000,0.189500000,0.132000000,264,0.050000000,3.314701307,4.903468835,19.630041000,0.773817859,10.020721846,1.000000000
403,fixed_random_bfs,5930021906,512,41,471,1226,2000,2000,5,0.250000000,3240.418500000,3231.483500000,3230.234000000,1.249500000,8.935000000,17870,4.000000000,3.314701307,4.913385628,20.070772650,0.688782092,10.040809382,1.000000000
404,fixed_random_bfs,347268868,512,44,468,312,2000,2000,0,0.000000000,3240.418500000,3234.016500000,3234.016500000,0.000000000,6.402000000,12804,6.750000000,3.314701307,6.801341032,27.238392949,1.331725333,13.896130268,1.000000000
405,fixed_random_bfs,5689465479,512,31,481,608,2000,2000,92,4.600000000,3240.418500000,3173.479500000,3149.998500000,23.481000000,66.939000000,133878,27.600000000,3.314701307,6.714498040,27.308193700,1.186157658,13.711431826,1.000000000
406,fixed_random_bfs,2420815941,512,61,451,1953,2000,2000,0,0.000000000,3240.418500000,3240.155500000,3240.155500000,0.000000000,0.263000000,526,0.300000000,3.314701307,6.802616741,27.625555098,1.212286730,13.897272078,1.000000000
407,fixed_random_bfs,2180600343,512,44,468,837,2000,2000,130,6.500000000,3240.418500000,3198.669000000,3167.178500000,31.490500000,41.749500000,83499,24.650000000,3.314701307,6.777943045,27.336003401,1.186957576,13.830567310,1.000000000
408,fixed_random_bfs,1521353027,512,44,468,1526,2000,2000,0,0.000000000,3240.418500000,3240.184500000,3240.184500000,0.000000000,0.234000000,468,0.050000000,3.314701307,6.826656293,27.596045944,1.208919252,13.947791188,1.000000000
409,fixed_random_bfs,261214701,512,47,465,1686,2000,2000,0,0.000000000,3240.418500000,3240.198000000,3240.198000000,0.000000000,0.220500000,441,0.150000000,3.314701307,6.809525811,27.504517738,1.344927463,13.911078734,1.000000000
410,fixed_random_bfs,5495577108,512,52,460,1535,2000,2000,3,0.150000000,3240.418500000,3240.579000000,3239.602000000,0.977000000,-0.160500000,-321,0.450000000,3.314701307,6.824041882,27.578003451,1.160683391,13.940266323,1.000000000
411,fixed_random_bfs,738189708,512,36,476,712,2000,2000,0,0.000000000,3240.418500000,3240.181000000,3240.181000000,0.000000000,0.237500000,475,0.050000000,3.314701307,6.812557438,27.608341500,1.033813350,13.920806687,1.000000000
412,fixed_random_bfs,5495455383,512,59,453,2226,2000,2000,2,0.100000000,3240.418500000,3237.032000000,3236.545000000,0.487000000,3.386500000,6773,1.900000000,3.314701307,6.831162084,27.432372097,1.161898743,13.953327740,1.000000000
413,fixed_random_bfs,261121530,512,61,451,1554,2000,2000,0,0.000000000,3240.418500000,3239.904500000,3239.904500000,0.000000000,0.514000000,1028,0.350000000,3.314701307,6.813161634,27.492353896,1.157935933,13.920245159,1.000000000
414,fixed_random_bfs,261114187,512,54,458,1618,2000,2000,0,0.000000000,3240.418500000,3239.990500000,3239.990500000,0.000000000,0.428000000,856,0.400000000,3.314701307,4.929899950,20.192859296,0.703800304,10.074627580,1.000000000
415,fixed_random_bfs,706911656,512,41,471,1135,2000,2000,7,0.350000000,3240.418500000,3234.996000000,3233.276500000,1.719500000,5.422500000,10845,3.100000000,3.314701307,6.835743398,27.409637696,1.151003119,13.965957875,1.000000000
416,fixed_random_bfs,7185816172,512,58,454,2043,2000,2000,2,0.100000000,3240.418500000,3239.039000000,3238.332500000,0.706500000,1.379500000,2759,1.650000000,3.314701307,6.882400022,27.337132546,1.125366137,14.061379269,1.000000000
417,fixed_random_bfs,261162572,512,35,477,620,2000,2000,0,0.000000000,3240.418500000,3240.180000000,3240.180000000,0.000000000,0.238500000,477,0.050000000,3.314701307,4.912851842,19.656352092,0.773988450,10.040808768,1.000000000
418,fixed_random_bfs,5689509437,512,40,472,884,2000,2000,113,5.650000000,3240.418500000,3176.730500000,3148.945500000,27.785000000,63.688000000,127376,26.300000000,3.314701307,4.881457067,19.289880604,0.704296971,9.967537927,1.000000000
419,fixed_random_bfs,4334632927,512,44,468,1069,2000,2000,90,4.500000000,3240.418500000,3205.015500000,3182.451000000,22.564500000,35.403000000,70806,18.550000000,3.314701307,4.909702001,19.442177550,0.798795145,10.024166658,1.000000000
420,fixed_random_bfs,313781237,512,35,477,875,2000,2000,0,0.000000000,3240.418500000,3240.331500000,3240.331500000,0.000000000,0.087000000,174,0.100000000,3.314701307,6.764459018,27.271828243,1.111637261,13.821526238,1.000000000
421,fixed_random_bfs,3731253682,512,25,487,508,2000,2000,0,0.000000000,3240.418500000,3240.175000000,3240.175000000,0.000000000,0.243500000,487,0.050000000,3.314701307,4.858968952,19.237052852,0.665053551,9.930138003,1.000000000
422,fixed_random_bfs,261126470,512,49,463,1528,2000,2000,2,0.100000000,3240.418500000,3239.682000000,3239.185000000,0.497000000,0.736500000,1473,0.950000000,3.314701307,4.848674203,19.352585907,0.756102539,9.907235580,1.000000000
423,fixed_random_bfs,5701144597,512,38,474,824,2000,2000,133,6.650000000,3240.418500000,3166.472500000,3135.725000000,30.747500000,73.946000000,147892,30.700000000,3.314701307,4.813832228,19.028784907,0.651729771,9.822863637,1.000000000
424,fixed_random_bfs,353715742,512,46,466,1526,2000,2000,0,0.000000000,3240.418500000,3240.159000000,3240.159000000,0.000000000,0.259500000,519,0.300000000,3.314701307,4.887025375,19.546916946,0.777677915,9.987237252,1.000000000
425,fixed_random_bfs,261209245,512,44,468,1234,2000,2000,6,0.300000000,3240.418500000,3235.153000000,3233.662000000,1.491000000,5.265500000,10531,3.450000000,3.314701307,4.894754386,19.608236546,0.762312908,10.002342695,1.000000000
426,fixed_random_bfs,2057016326,512,44,468,1303,2000,2000,0,0.000000000,3240.418500000,3240.404000000,3240.404000000,0.000000000,0.014500000,29,0.150000000,3.314701307,4.894052874,19.622657793,0.676940772,10.001227952,1.000000000
427,fixed_random_bfs,2396639637,512,43,469,1065,2000,2000,15,0.750000000,3240.418500000,3230.898500000,3226.962500000,3.936000000,9.520000000,19040,6.800000000,3.314701307,4.888070060,19.621679249,0.765377518,9.987190379,1.000000000
428,fixed_random_bfs,5884248604,512,55,457,1741,2000,2000,0,0.000000000,3240.418500000,3240.136000000,3240.136000000,0.000000000,0.282500000,565,0.300000000,3.314701307,4.887789237,19.703617742,0.759719050,9.988626690,1.000000000
429,fixed_random_bfs,716927534,512,51,461,1684,2000,2000,0,0.000000000,3240.418500000,3240.349000000,3240.349000000,0.000000000,0.069500000,139,0.050000000,3.314701307,4.917011823,19.865038642,0.669566685,10.047472917,1.000000000
430,fixed_random_bfs,2204039642,512,42,470,1097,2000,2000,49,2.450000000,3240.418500000,3213.436500000,3201.719500000,11.717000000,26.982000000,53964,16.550000000,3.314701307,4.897727262,19.634722255,0.669631129,10.002615149,1.000000000
431,fixed_random_bfs,1249891078,512,43,469,1105,2000,2000,1,0.050000000,3240.418500000,3237.513000000,3237.264500000,0.248500000,2.905500000,5811,1.500000000,3.314701307,4.944466465,19.895531755,0.775666354,10.104166566,1.000000000
432,fixed_random_bfs,261116664,512,50,462,1771,2000,2000,0,0.000000000,3240.418500000,3240.169500000,3240.169500000,0.000000000,0.249000000,498,0.100000000,3.314701307,6.885778931,27.495996846,1.108931266,14.070798624,1.000000000
433,fixed_random_bfs,5493262211,512,45,467,1067,2000,2000,6,0.300000000,3240.418500000,3230.924500000,3229.466000000,1.458500000,9.494000000,18988,5.100000000,3.314701307,4.948452426,19.991273247,0.769727909,10.110609810,1.000000000
434,fixed_random_bfs,261339649,512,29,483,558,2000,2000,0,0.000000000,3240.418500000,3240.177000000,3240.177000000,0.000000000,0.241500000,483,0.050000000,3.314701307,6.779595662,27.520632403,1.079807077,13.854952712,1.000000000
435,fixed_random_bfs,8387153520,512,42,470,884,2000,2000,2,0.100000000,3240.418500000,3240.321000000,3239.833500000,0.487500000,0.097500000,195,0.400000000,3.314701307,4.931355459,19.740291396,0.780767054,10.077074906,1.000000000
436,fixed_random_bfs,7342408454,512,42,470,1065,2000,2000,97,4.850000000,3240.418500000,3162.887500000,3139.091000000,23.796500000,77.531000000,155062,31.250000000,3.314701307,4.874710184,19.611205608,0.680023177,9.950433719,1.000000000
437,fixed_random_bfs,2185533612,512,39,473,964,2000,2000,0,0.000000000,3240.418500000,3239.552000000,3239.552000000,0.000000000,0.866500000,1733,0.450000000,3.314701307,4.934801824,19.803846194,0.764306882,10.085735042,1.000000000
438,fixed_random_bfs,2334189528,512,55,457,1871,2000,2000,4,0.200000000,3240.418500000,3237.456000000,3236.252000000,1.204000000,2.962500000,5925,2.300000000,3.314701307,6.804277464,27.593934445,1.120689563,13.902207690,1.000000000
439,fixed_random_bfs,1941037305,512,36,476,685,2000,2000,0,0.000000000,3240.418500000,3240.356000000,3240.356000000,0.000000000,0.062500000,125,0.050000000,3.314701307,6.815302905,27.573841655,1.121731320,13.928722961,1.000000000
440,fixed_random_bfs,2356424496,512,24,488,312,2000,2000,0,0.000000000,3240.418500000,3240.348500000,3240.348500000,0.000000000,0.070000000,140,0.100000000,3.314701307,6.882614137,27.920287501,1.130251516,14.064808795,1.000000000
441,fixed_random_bfs,261198714,512,44,468,1070,2000,2000,0,0.000000000,3240.418500000,3240.178000000,3240.178000000,0.000000000,0.240500000,481,0.150000000,3.314701307,6.773246003,27.566485097,1.143867323,13.840547786,1.000000000
442,fixed_random_bfs,1943831259,512,32,480,631,2000,2000,0,0.000000000,3240.418500000,3240.345500000,3240.345500000,0.000000000,0.073000000,146,0.050000000,3.314701307,6.794521881,27.441671253,1.127730984,13.883641197,1.000000000
443,fixed_random_bfs,5891205773,512,54,458,2078,2000,2000,44,2.200000000,3240.418500000,3206.686500000,3196.070000000,10.616500000,33.732000000,67464,20.550000000,3.314701307,4.968062477,20.122668448,0.768216847,10.145647755,1.000000000
444,fixed_random_bfs,6970037177,512,50,462,1421,2000,2000,8,0.400000000,3240.418500000,3228.108500000,3226.167500000,1.941000000,12.310000000,24620,8.000000000,3.314701307,6.783760551,27.132097438,1.172291441,13.857033056,1.000000000
445,fixed_random_bfs,261154171,512,50,462,1308,2000,2000,1,0.050000000,3240.418500000,3239.804000000,3239.558500000,0.245500000,0.614500000,1229,0.400000000,3.314701307,4.945941775,19.851101355,0.768532190,10.107134343,1.000000000
446,fixed_random_bfs,2404049888,512,54,458,2123,2000,2000,16,0.800000000,3240.418500000,3234.671500000,3230.427500000,4.244000000,5.747000000,11494,4.800000000,3.314701307,4.991413392,19.904573498,0.767402187,10.198706599,1.000000000
447,fixed_random_bfs,261250076,512,45,467,921,2000,2000,0,0.000000000,3240.418500000,3240.206000000,3240.206000000,0.000000000,0.212500000,425,0.050000000,3.314701307,4.969450389,19.958685502,0.763422538,10.155861115,1.000000000
448,fixed_random_bfs,8387133819,512,42,470,859,2000,2000,3,0.150000000,3240.418500000,3237.020000000,3236.292500000,0.727500000,3.398500000,6797,1.850000000,3.314701307,6.784179954,27.450130199,1.136290051,13.863095768,1.000000000
449,fixed_random_bfs,3731253686,512,23,489,422,2000,2000,0,0.000000000,3240.418500000,3240.195000000,3240.195000000,0.000000000,0.223500000,447,0.050000000,3.314701307,6.814485274,27.421401445,1.022781018,13.923724759,1.000000000
450,fixed_random_bfs,9169043116,512,37,475,905,2000,2000,42,2.100000000,3240.418500000,3180.449500000,3169.822500000,10.627000000,59.969000000,119938,28.350000000,3.314701307,6.737881505,26.892327703,1.168559169,13.757229003,1.000000000
451,fixed_random_bfs,1843163902,512,58,454,1785,2000,2000,0,0.000000000,3240.418500000,3240.191500000,3240.191500000,0.000000000,0.227000000,454,0.050000000,3.314701307,6.805164893,27.224032841,1.161252784,13.901674434,1.000000000
452,fixed_random_bfs,295526809,512,46,466,1070,2000,2000,14,0.700000000,3240.418500000,3223.752000000,3220.510000000,3.242000000,16.666500000,33333,10.150000000,3.314701307,6.809738089,26.974174895,1.139371192,13.909895160,1.000000000
453,fixed_random_bfs,261163533,512,47,465,1529,2000,2000,5,0.250000000,3240.418500000,3237.788000000,3236.556500000,1.231500000,2.630500000,5261,1.450000000,3.314701307,6.802037691,27.052403390,1.129722500,13.894939519,1.000000000
454,fixed_random_bfs,5495413651,512,46,466,1137,2000,2000,2,0.100000000,3240.418500000,3239.483000000,3238.987000000,0.496000000,0.935500000,1871,0.750000000,3.314701307,6.820652912,27.160984401,1.109555034,13.933613414,1.000000000
455,fixed_random_bfs,5924522003,512,43,469,1002,2000,2000,119,5.950000000,3240.418500000,3164.400500000,3135.280000000,29.120500000,76.018000000,152036,32.800000000,3.314701307,6.743365950,26.890146705,0.995418728,13.761063761,1.000000000
456,fixed_random_bfs,261272704,512,35,477,1057,2000,2000,1,0.050000000,3240.418500000,3239.851500000,3239.599000000,0.252500000,0.567000000,1134,0.400000000,3.314701307,6.830444870,27.484361599,1.130208631,13.956060164,1.000000000
457,fixed_random_bfs,9269735400,512,45,467,695,2000,2000,4,0.200000000,3240.418500000,3233.563000000,3233.017000000,0.546000000,6.855500000,13711,6.550000000,3.314701307,6.795948996,27.135586903,1.252167348,13.884453998,1.000000000
458,fixed_random_bfs,9252307296,512,48,464,1040,2000,2000,23,1.150000000,3240.418500000,3225.484000000,3221.118000000,4.366000000,14.934500000,29869,9.150000000,3.314701307,6.819276038,27.417632253,1.100712824,13.930387293,1.000000000
459,fixed_random_bfs,5496395596,512,53,459,1614,2000,2000,9,0.450000000,3240.418500000,3230.356500000,3228.163500000,2.193000000,10.062000000,20124,7.200000000,3.314701307,6.880884825,27.450703595,1.092556321,14.055807986,1.000000000
460,fixed_random_bfs,255729915,512,46,466,1606,2000,2000,0,0.000000000,3240.418500000,3239.836500000,3239.836500000,0.000000000,0.582000000,1164,0.200000000,3.314701307,6.788087546,27.023041607,1.106179232,13.869386700,1.000000000
461,fixed_random_bfs,2185494665,512,38,474,1093,2000,2000,2,0.100000000,3240.418500000,3239.585500000,3239.081500000,0.504000000,0.833000000,1666,0.550000000,3.314701307,4.804961815,19.147505749,0.845201071,9.817043600,1.000000000
462,fixed_random_bfs,5500099862,512,40,472,780,2000,2000,34,1.700000000,3240.418500000,3187.930000000,3179.564000000,8.366000000,52.488500000,104977,23.600000000,3.314701307,4.761211657,18.950251053,0.753930472,9.723220351,1.000000000
463,fixed_random_bfs,2186461351,512,47,465,1522,2000,2000,2,0.100000000,3240.418500000,3239.755000000,3239.264000000,0.491000000,0.663500000,1327,0.550000000,3.314701307,4.796311114,19.242315557,0.779494615,9.799839536,1.000000000
464,fixed_random_bfs,2425965720,512,49,463,1572,2000,2000,0,0.000000000,3240.418500000,3240.187000000,3240.187000000,0.000000000,0.231500000,463,0.050000000,3.314701307,4.817298035,19.391491399,0.699513117,9.842393324,1.000000000
465,fixed_random_bfs,8442097264,512,56,456,1503,2000,2000,1,0.050000000,3240.418500000,3238.699000000,3238.458500000,0.240500000,1.719500000,3439,1.300000000,3.314701307,4.820334866,19.300855650,0.773468776,9.848813697,1.000000000
466,fixed_random_bfs,5492730491,512,47,465,1770,2000,2000,0,0.000000000,3240.418500000,3239.749000000,3239.749000000,0.000000000,0.669500000,1339,1.000000000,3.314701307,4.821634023,19.213097390,0.876752432,9.851840726,1.000000000
467,fixed_random_bfs,2276241579,512,63,449,1916,2000,2000,0,0.000000000,3240.418500000,3240.418500000,3240.418500000,0.000000000,0.000000000,0,0.000000000,3.314701307,4.822651517,19.481002798,0.693103643,9.852293545,1.000000000
468,fixed_random_bfs,708306439,512,50,462,1610,2000,2000,1,0.050000000,3240.418500000,3235.561000000,3235.065000000,0.496000000,4.857500000,9715,4.000000000,3.314701307,4.828095920,19.341691951,0.791037262,9.864557241,1.000000000
469,fixed_random_bfs,261285282,512,46,466,1009,2000,2000,0,0.000000000,3240.418500000,3240.110500000,3240.110500000,0.000000000,0.308000000,616,0.400000000,3.314701307,4.849052301,19.243462700,0.748422459,9.906992105,1.000000000
470,fixed_random_bfs,2469366770,512,40,472,883,2000,2000,2,0.100000000,3240.418500000,3240.001500000,3239.513500000,0.488000000,0.417000000,834,0.400000000,3.314701307,4.850827700,19.537006502,0.754650408,9.911705460,1.000000000
471,fixed_random_bfs,2386573669,512,54,458,1574,2000,2000,0,0.000000000,3240.418500000,3240.189500000,3240.189500000,0.000000000,0.229000000,458,0.050000000,3.314701307,4.878866569,19.524184247,0.678134039,9.968785400,1.000000000
472,fixed_random_bfs,1439714778,512,56,456,1814,2000,2000,37,1.850000000,3240.418500000,3213.621000000,3204.105000000,9.516000000,26.797500000,53595,14.850000000,3.314701307,4.916115685,19.622026345,0.763376988,10.040251160,1.000000000
473,fixed_random_bfs,6961063044,512,34,478,709,2000,2000,76,3.800000000,3240.418500000,3164.968000000,3146.529500000,18.438500000,75.450500000,150901,27.850000000,3.314701307,4.788128602,19.126820893,0.746307750,9.776621701,1.000000000
474,fixed_random_bfs,2391067961,512,59,453,1194,2000,2000,137,6.850000000,3240.418500000,3166.579000000,3141.233500000,25.345500000,73.839500000,147679,35.750000000,3.314701307,4.858583464,19.475258858,0.670684917,9.911202681,1.000000000
475,fixed_random_bfs,3946160207,512,39,473,1262,2000,2000,0,0.000000000,3240.418500000,3239.961500000,3239.961500000,0.000000000,0.457000000,914,0.350000000,3.314701307,4.886226092,19.761818153,0.757538591,9.985882289,1.000000000
476,fixed_random_bfs,5294860884,512,33,479,682,2000,2000,129,6.450000000,3240.418500000,3216.623000000,3182.024000000,34.599000000,23.795500000,47591,17.300000000,3.314701307,4.938443001,19.773294406,0.849082833,10.078644695,1.000000000
477,fixed_random_bfs,2183538578,512,41,471,1158,2000,2000,0,0.000000000,3240.418500000,3239.310000000,3239.310000000,0.000000000,1.108500000,2217,0.500000000,3.314701307,4.931241603,19.883776900,0.767910159,10.077567167,1.000000000
478,fixed_random_bfs,261212711,512,25,487,443,2000,2000,0,0.000000000,3240.418500000,3240.418500000,3240.418500000,0.000000000,0.000000000,0,0.000000000,3.314701307,4.974123325,20.170294254,0.752220995,10.167150554,1.000000000
479,fixed_random_bfs,7662839812,512,44,468,1131,2000,2000,30,1.500000000,3240.418500000,3225.810000000,3218.271000000,7.539000000,14.608500000,29217,7.950000000,3.314701307,4.951079720,19.948272549,0.667415291,10.114572495,1.000000000
480,fixed_random_bfs,1255184880,512,33,479,633,2000,2000,0,0.000000000,3240.418500000,3240.418500000,3240.418500000,0.000000000,0.000000000,0,0.000000000,3.314701307,6.852082097,27.028326243,1.132734153,14.000708404,1.000000000
481,fixed_random_bfs,255730175,512,40,472,1445,2000,2000,0,0.000000000,3240.418500000,3240.297000000,3240.297000000,0.000000000,0.121500000,243,0.050000000,3.314701307,6.745188068,26.729532956,1.232429141,13.779585790,1.000000000
482,fixed_random_bfs,5840492349,512,42,470,914,2000,2000,20,1.000000000,3240.418500000,3229.113500000,3224.825500000,4.288000000,11.305000000,22610,7.450000000,3.314701307,6.762030331,26.837562647,1.104799594,13.812090015,1.000000000
483,fixed_random_bfs,261221422,512,45,467,1139,2000,2000,3,0.150000000,3240.418500000,3229.451500000,3228.719500000,0.732000000,10.967000000,21934,5.700000000,3.314701307,6.772089077,27.379172252,1.220299269,13.835347991,1.000000000
484,fixed_random_bfs,5840492345,512,35,477,589,2000,2000,29,1.450000000,3240.418500000,3226.226500000,3219.311500000,6.915000000,14.192000000,28384,8.350000000,3.314701307,6.832960811,27.480674702,1.113659221,13.959478797,1.000000000
485,fixed_random_bfs,5689468857,512,29,483,367,2000,2000,57,2.850000000,3240.418500000,3156.388500000,3144.426500000,11.962000000,84.030000000,168060,30.250000000,3.314701307,6.595532780,26.580478249,1.087656014,13.470791446,1.000000000
486,fixed_random_bfs,8072910551,512,38,474,638,2000,2000,0,0.000000000,3240.418500000,3240.300000000,3240.300000000,0.000000000,0.118500000,237,0.050000000,3.314701307,6.790493687,27.080296204,1.077694130,13.876956642,1.000000000
487,fixed_random_bfs,5495861317,512,53,459,1660,2000,2000,0,0.000000000,3240.418500000,3240.388500000,3240.388500000,0.000000000,0.030000000,60,0.200000000,3.314701307,6.780584735,27.046876902,1.104360169,13.853185621,1.000000000
488,fixed_random_bfs,1583266082,512,35,477,963,2000,2000,5,0.250000000,3240.418500000,3238.732000000,3237.007500000,1.724500000,1.686500000,3373,1.100000000,3.314701307,4.863604187,19.350078553,0.744840523,9.938505102,1.000000000
489,fixed_random_bfs,261147317,512,41,471,1230,2000,2000,0,0.000000000,3240.418500000,3239.778000000,3239.778000000,0.000000000,0.640500000,1281,0.350000000,3.314701307,4.877484730,19.489264543,0.663488670,9.966350083,1.000000000
490,fixed_random_bfs,261197819,512,48,464,995,2000,2000,0,0.000000000,3240.418500000,3240.186500000,3240.186500000,0.000000000,0.232000000,464,0.050000000,3.314701307,4.861456982,19.463978888,0.656325119,9.934648104,1.000000000
491,fixed_random_bfs,2412356346,512,49,463,1340,2000,2000,0,0.000000000,3240.418500000,3240.418500000,3240.418500000,0.000000000,0.000000000,0,0.000000000,3.314701307,4.882813885,19.763059655,0.774372749,9.978242374,1.000000000
492,fixed_random_bfs,1842179840,512,36,476,791,2000,2000,89,4.450000000,3240.418500000,3177.269000000,3155.025500000,22.243500000,63.149500000,126299,27.950000000,3.314701307,4.833451805,19.516473560,0.884928607,9.869023489,1.000000000
493,fixed_random_bfs,8627488565,512,56,456,2811,2000,2000,0,0.000000000,3240.418500000,3240.190500000,3240.190500000,0.000000000,0.228000000,456,0.050000000,3.314701307,4.880412748,19.579847250,0.813262465,9.972335556,1.000000000
494,fixed_random_bfs,3615823956,512,40,472,1263,2000,2000,4,0.200000000,3240.418500000,3238.357500000,3237.374500000,0.983000000,2.061000000,4122,1.250000000,3.314701307,6.801768219,27.564612554,1.195537745,13.897661020,1.000000000
495,fixed_random_bfs,9243224361,512,56,456,2456,2000,2000,0,0.000000000,3240.418500000,3240.411000000,3240.411000000,0.000000000,0.007500000,15,0.050000000,3.314701307,4.871749888,19.524133198,0.725420912,9.955620889,1.000000000
496,fixed_random_bfs,7998757662,512,50,462,1527,2000,2000,5,0.250000000,3240.418500000,3235.840000000,3234.880000000,0.960000000,4.578500000,9157,2.850000000,3.314701307,6.835366996,27.234789239,1.143361589,13.966106158,1.000000000
497,fixed_random_bfs,5492800610,512,44,468,1568,2000,2000,12,0.600000000,3240.418500000,3236.561000000,3233.531000000,3.030000000,3.857500000,7715,3.100000000,3.314701307,4.888699842,19.558434347,0.818843199,9.988643486,1.000000000
498,fixed_random_bfs,261173981,512,54,458,1112,2000,2000,0,0.000000000,3240.418500000,3240.418500000,3240.418500000,0.000000000,0.000000000,0,0.000000000,3.314701307,6.805102525,27.621971007,1.157033482,13.904517807,1.000000000
499,fixed_random_bfs,2437640477,512,55,457,1388,2000,2000,0,0.000000000,3240.418500000,3239.812500000,3239.812500000,0.000000000,0.606000000,1212,0.500000000,3.314701307,4.904353676,19.734801701,0.774114054,10.020582638,1.000000000
500,fixed_random_bfs,1641480230,512,40,472,941,2000,2000,0,0.000000000,3240.418500000,3239.601000000,3239.601000000,0.000000000,0.817500000,1635,0.550000000,3.314701307,4.904464658,19.859790103,0.775551168,10.022321670,1.000000000
501,fixed_random_bfs,5498881318,512,45,467,1201,2000,2000,0,0.000000000,3240.418500000,3240.291500000,3240.291500000,0.000000000,0.127000000,254,0.050000000,3.314701307,6.801775425,27.265982296,1.160594625,13.897255371,1.000000000
502,fixed_random_bfs,6046775691,512,44,468,1492,2000,2000,7,0.350000000,3240.418500000,3236.063000000,3234.097000000,1.966000000,4.355500000,8711,2.950000000,3.314701307,6.821365611,27.498560103,1.129769228,13.937683224,1.000000000
503,fixed_random_bfs,261137992,512,38,474,1128,2000,2000,0,0.000000000,3240.418500000,3240.181500000,3240.181500000,0.000000000,0.237000000,474,0.050000000,3.314701307,6.840597858,27.345137155,1.137741351,13.977154008,1.000000000
504,fixed_random_bfs,5495388795,512,56,456,2077,2000,2000,149,7.450000000,3240.418500000,3209.214500000,3170.128500000,39.086000000,31.204000000,62408,20.200000000,3.314701307,6.911357806,27.478602791,1.148151130,14.093694595,1.000000000
505,fixed_random_bfs,314768636,512,71,441,2058,2000,2000,25,1.250000000,3240.418500000,3226.335000000,3221.519000000,4.816000000,14.083500000,28167,7.200000000,3.314701307,6.861247518,27.203508649,1.130844562,14.013505989,1.000000000
506,fixed_random_bfs,1310649653,512,43,469,800,2000,2000,28,1.400000000,3240.418500000,3228.115000000,3221.468000000,6.647000000,12.303500000,24607,7.000000000,3.314701307,6.838716874,27.326302156,1.123064461,13.969212397,1.000000000
507,fixed_random_bfs,4881330626,512,33,479,873,2000,2000,0,0.000000000,3240.418500000,3240.392000000,3240.392000000,0.000000000,0.026500000,53,0.100000000,3.314701307,6.828576264,26.981626598,1.010972598,13.955526363,1.000000000
508,fixed_random_bfs,261169974,512,48,464,1173,2000,2000,0,0.000000000,3240.418500000,3239.189500000,3239.189500000,0.000000000,1.229000000,2458,0.950000000,3.314701307,4.906406370,19.728837700,0.786867333,10.025989867,1.000000000
509,fixed_random_bfs,7608395928,512,56,456,1816,2000,2000,0,0.000000000,3240.418500000,3239.408500000,3239.408500000,0.000000000,1.010000000,2020,0.900000000,3.314701307,6.877494821,27.452699799,1.105820294,14.055343541,1.000000000
510,fixed_random_bfs,287272224,512,28,484,246,2000,2000,35,1.750000000,3240.418500000,3224.492000000,3217.436000000,7.056000000,15.926500000,31853,13.900000000,3.314701307,4.871232367,19.478888404,0.774295940,9.952281143,1.000000000
511,fixed_random_bfs,740237254,512,38,474,522,2000,2000,104,5.200000000,3240.418500000,3195.202000000,3169.882500000,25.319500000,45.216500000,90433,25.350000000,3.314701307,4.870378603,19.593025753,0.790714804,9.942311509,1.000000000
512,fixed_random_bfs,1886250963,512,59,453,1844,2000,2000,6,0.300000000,3240.418500000,3234.205500000,3233.031500000,1.174000000,6.213000000,12426,4.850000000,3.314701307,4.898885741,19.965738347,0.785611204,10.010617395,1.000000000
513,fixed_random_bfs,8852624128,512,46,466,1209,2000,2000,1,0.050000000,3240.418500000,3231.577500000,3231.333000000,0.244500000,8.841000000,17682,4.600000000,3.314701307,6.906480155,27.336444502,1.088923160,14.109609309,1.000000000
514,fixed_random_bfs,305902117,512,43,469,1147,2000,2000,0,0.000000000,3240.418500000,3238.111500000,3238.111500000,0.000000000,2.307000000,4614,1.050000000,3.314701307,4.890183660,20.073091256,0.775289655,9.994877561,1.000000000
515,fixed_random_bfs,6341896497,512,43,469,499,2000,2000,3,0.150000000,3240.418500000,3237.039500000,3236.830000000,0.209500000,3.379000000,6758,4.500000000,3.314701307,6.828758469,27.406378357,0.974909426,13.954668982,1.000000000
516,fixed_random_bfs,5495839581,512,53,459,1614,2000,2000,0,0.000000000,3240.418500000,3240.296500000,3240.296500000,0.000000000,0.122000000,244,0.200000000,3.314701307,4.915971607,19.952836350,0.688798005,10.045652510,1.000000000
517,fixed_random_bfs,2393934962,512,48,464,1533,2000,2000,1,0.050000000,3240.418500000,3239.181000000,3238.931500000,0.249500000,1.237500000,2475,1.050000000,3.314701307,4.901092806,19.486585358,0.681812664,10.014955689,1.000000000
518,fixed_random_bfs,6369696624,512,48,464,1495,2000,2000,0,0.000000000,3240.418500000,3239.976000000,3239.976000000,0.000000000,0.442500000,885,0.250000000,3.314701307,4.922880865,19.643774037,0.790192955,10.059902702,1.000000000
519,fixed_random_bfs,258486125,512,42,470,851,2000,2000,56,2.800000000,3240.418500000,3222.246000000,3214.688500000,7.557500000,18.172500000,36345,12.350000000,3.314701307,4.908672813,19.568384752,0.767307526,10.021588949,1.000000000
520,fixed_random_bfs,9318954747,512,46,466,949,2000,2000,84,4.200000000,3240.418500000,3156.264500000,3136.290000000,19.974500000,84.154000000,168308,32.900000000,3.314701307,4.799800782,19.202322048,0.770576356,9.797195396,1.000000000
521,fixed_random_bfs,4334671754,512,49,463,1314,2000,2000,0,0.000000000,3240.418500000,3240.418500000,3240.418500000,0.000000000,0.000000000,0,0.000000000,3.314701307,4.859417340,19.295718450,0.759131319,9.929874996,1.000000000
522,fixed_random_bfs,2424209265,512,52,460,1565,2000,2000,0,0.000000000,3240.418500000,3240.191000000,3240.191000000,0.000000000,0.227500000,455,0.050000000,3.314701307,4.845068452,19.792202596,0.757251613,9.900325377,1.000000000
523,fixed_random_bfs,305911109,512,60,452,1582,2000,2000,11,0.550000000,3240.418500000,3235.891500000,3233.018500000,2.873000000,4.527000000,9054,3.300000000,3.314701307,6.741863053,27.134820009,0.985190827,13.769889998,1.000000000
524,fixed_random_bfs,5893628576,512,50,462,1249,2000,2000,0,0.000000000,3240.418500000,3240.196500000,3240.196500000,0.000000000,0.222000000,444,0.050000000,3.314701307,6.847097123,27.344304255,1.115907571,13.988840830,1.000000000
525,fixed_random_bfs,2434522764,512,40,472,1039,2000,2000,0,0.000000000,3240.418500000,3240.182500000,3240.182500000,0.000000000,0.236000000,472,0.050000000,3.314701307,4.889760499,19.780853804,0.760440470,9.992059589,1.000000000
526,fixed_random_bfs,2419345053,512,41,471,1300,2000,2000,4,0.200000000,3240.418500000,3239.527500000,3238.543500000,0.984000000,0.891000000,1782,0.450000000,3.314701307,6.744561486,27.383098562,1.105673118,13.779792847,1.000000000
527,fixed_random_bfs,1368276084,512,41,471,1125,2000,2000,17,0.850000000,3240.418500000,3234.600000000,3230.146000000,4.454000000,5.818500000,11637,3.150000000,3.314701307,4.891441470,19.654758494,0.698511580,9.994784680,1.000000000
528,fixed_random_bfs,7238192390,512,45,467,1340,2000,2000,20,1.000000000,3240.418500000,3219.089500000,3214.163500000,4.926000000,21.329000000,42658,12.900000000,3.314701307,4.863667796,19.484263100,0.786854115,9.936804134,1.000000000
529,fixed_random_bfs,540530299,512,52,460,1617,2000,2000,0,0.000000000,3240.418500000,3240.188500000,3240.188500000,0.000000000,0.230000000,460,0.050000000,3.314701307,4.893222508,19.770544452,0.777342125,9.998958006,1.000000000
530,fixed_random_bfs,5891132890,512,43,469,1337,2000,2000,36,1.800000000,3240.418500000,3197.585500000,3188.751500000,8.834000000,42.833000000,85666,20.950000000,3.314701307,6.741704099,26.965017396,0.988796634,13.765007938,1.000000000
531,fixed_random_bfs,2424209408,512,50,462,1609,2000,2000,0,0.000000000,3240.418500000,3240.188000000,3240.188000000,0.000000000,0.230500000,461,0.050000000,3.314701307,4.896312134,19.483592860,0.707208775,10.005189267,1.000000000
532,fixed_random_bfs,261221952,512,39,473,1064,2000,2000,0,0.000000000,3240.418500000,3240.418500000,3240.418500000,0.000000000,0.000000000,0,0.000000000,3.314701307,6.752831792,27.313093499,1.094842533,13.797494182,1.000000000
533,fixed_random_bfs,739118682,512,56,456,584,2000,2000,70,3.500000000,3240.418500000,3185.480000000,3178.737500000,6.742500000,54.938500000,109877,29.750000000,3.314701307,4.861876141,19.379927352,0.843918275,9.926196136,1.000000000
534,fixed_random_bfs,369888206,512,43,469,1099,2000,2000,24,1.200000000,3240.418500000,3222.789500000,3216.768500000,6.021000000,17.629000000,35258,9.400000000,3.314701307,4.904173606,19.665228754,0.763602785,10.018663430,1.000000000
535,fixed_random_bfs,2050780851,512,43,469,1524,2000,2000,0,0.000000000,3240.418500000,3240.388500000,3240.388500000,0.000000000,0.030000000,60,0.050000000,3.314701307,6.859252871,27.742511704,1.125663274,14.016525011,1.000000000
536,fixed_random_bfs,709393378,512,51,461,752,2000,2000,32,1.600000000,3240.418500000,3188.885500000,3184.441000000,4.444500000,51.533000000,103066,33.500000000,3.314701307,6.744815153,26.778458949,1.073726217,13.777062664,1.000000000
537,fixed_random_bfs,1482492935,512,54,458,1366,2000,2000,11,0.550000000,3240.418500000,3226.036000000,3223.240000000,2.796000000,14.382500000,28765,8.600000000,3.314701307,4.919165615,19.911782249,0.771629392,10.050821221,1.000000000
538,fixed_random_bfs,2207156021,512,42,470,977,2000,2000,20,1.000000000,3240.418500000,3237.637000000,3232.304500000,5.332500000,2.781500000,5563,2.450000000,3.314701307,6.803182421,27.147922298,0.968299703,13.898034247,1.000000000
539,fixed_random_bfs,261114969,512,47,465,1452,2000,2000,62,3.100000000,3240.418500000,3217.218500000,3200.787500000,16.431000000,23.200000000,46400,14.100000000,3.314701307,4.907932533,19.612266347,0.766969988,10.022030645,1.000000000
540,fixed_random_bfs,1514348244,512,33,479,842,2000,2000,0,0.000000000,3240.418500000,3240.179000000,3240.179000000,0.000000000,0.239500000,479,0.050000000,3.314701307,4.950453991,19.942022357,0.784072943,10.117517469,1.000000000
541,fixed_random_bfs,2411174981,512,46,466,1039,2000,2000,1,0.050000000,3240.418500000,3240.576500000,3240.337000000,0.239500000,-0.158000000,-316,0.150000000,3.314701307,4.921502662,19.900400148,0.759636822,10.057873104,1.000000000
542,fixed_random_bfs,1478353642,512,39,473,1060,2000,2000,5,0.250000000,3240.418500000,3236.511500000,3235.244000000,1.267500000,3.907000000,7814,2.200000000,3.314701307,4.908204671,19.709591656,0.761173993,10.029099850,1.000000000
543,fixed_random_bfs,2292118086,512,54,458,1275,2000,2000,0,0.000000000,3240.418500000,3240.173000000,3240.173000000,0.000000000,0.245500000,491,0.100000000,3.314701307,4.934058247,19.487067289,0.760764452,10.083603062,1.000000000
544,fixed_random_bfs,261152000,512,38,474,716,2000,2000,0,0.000000000,3240.418500000,3240.159500000,3240.159500000,0.000000000,0.259000000,518,0.200000000,3.314701307,4.948862310,19.633366941,0.746937204,10.114836335,1.000000000
545,fixed_random_bfs,6341896468,512,39,473,381,2000,2000,0,0.000000000,3240.418500000,3232.976500000,3232.976500000,0.000000000,7.442000000,14884,5.400000000,3.314701307,6.781908662,27.554868200,1.207392798,13.858469658,1.000000000
546,fixed_random_bfs,8017887228,512,57,455,1583,2000,2000,42,2.100000000,3240.418500000,3225.127000000,3214.681000000,10.446000000,15.291500000,30583,9.700000000,3.314701307,6.829790737,27.818723907,1.205068823,13.946614433,1.000000000
547,fixed_random_bfs,1475142977,512,51,461,1348,2000,2000,11,0.550000000,3240.418500000,3236.348000000,3233.431500000,2.916500000,4.070500000,8141,3.000000000,3.314701307,6.809210814,27.532885352,1.052548063,13.908008151,1.000000000
548,fixed_random_bfs,261160917,512,41,471,1098,2000,2000,3,0.150000000,3240.418500000,3237.817000000,3237.067500000,0.749500000,2.601500000,5203,1.500000000,3.314701307,4.969496849,20.343155699,0.703270248,10.155457687,1.000000000
549,fixed_random_bfs,261309262,512,49,463,1384,2000,2000,11,0.550000000,3240.418500000,3225.957000000,3223.384000000,2.573000000,14.461500000,28923,7.350000000,3.314701307,4.952915573,19.699008612,0.791949939,10.118868830,1.000000000
550,fixed_random_bfs,5492745715,512,53,459,1863,2000,2000,1,0.050000000,3240.418500000,3240.229500000,3239.985500000,0.244000000,0.189000000,378,0.350000000,3.314701307,6.783981015,27.396327044,1.204143709,13.859461594,1.000000000
551,fixed_random_bfs,9246474547,512,73,439,617,2000,2000,11,0.550000000,3240.418500000,3205.767000000,3205.119500000,0.647500000,34.651500000,69303,28.400000000,3.314701307,6.752150258,27.110718558,1.145349834,13.793588422,1.000000000
552,fixed_random_bfs,2050786079,512,47,465,1606,2000,2000,0,0.000000000,3240.418500000,3240.418500000,3240.418500000,0.000000000,0.000000000,0,0.000000000,3.314701307,6.801008542,27.553146549,1.154958685,13.893915088,1.000000000
553,fixed_random_bfs,4334398087,512,50,462,832,2000,2000,0,0.000000000,3240.418500000,3240.324000000,3240.324000000,0.000000000,0.094500000,189,0.050000000,3.314701307,6.815241063,27.560717295,1.133612448,13.922205516,1.000000000
554,fixed_random_bfs,7613901691,512,46,466,1451,2000,2000,3,0.150000000,3240.418500000,3237.975500000,3237.259000000,0.716500000,2.443000000,4886,2.650000000,3.314701307,6.826892613,27.591354300,1.166473919,13.949360951,1.000000000
555,fixed_random_bfs,4334620141,512,26,486,487,2000,2000,76,3.800000000,3240.418500000,3159.810500000,3140.008000000,19.802500000,80.608000000,161216,31.200000000,3.314701307,6.663127713,26.773082709,1.123498677,13.601728633,1.000000000
556,fixed_random_bfs,5496496774,512,22,490,218,2000,2000,0,0.000000000,3240.418500000,3240.398500000,3240.398500000,0.000000000,0.020000000,40,0.050000000,3.314701307,6.853242166,27.989161205,1.127048258,14.007151005,1.000000000
557,fixed_random_bfs,261224547,512,45,467,839,2000,2000,7,0.350000000,3240.418500000,3238.655000000,3236.841000000,1.814000000,1.763500000,3527,1.400000000,3.314701307,6.844586420,27.479091458,1.106335039,13.983658941,1.000000000
558,fixed_random_bfs,1394127116,512,31,481,559,2000,2000,19,0.950000000,3240.418500000,3241.476000000,3237.182000000,4.294000000,-1.057500000,-2115,0.950000000,3.314701307,6.892747683,27.089804947,1.095986277,14.078465155,1.000000000
559,fixed_random_bfs,2065205777,512,60,452,1291,2000,2000,0,0.000000000,3240.418500000,3240.242000000,3240.242000000,0.000000000,0.176500000,353,0.250000000,3.314701307,6.775024872,26.825348257,1.084308415,13.841208969,1.000000000
560,fixed_random_bfs,2420815922,512,59,453,1905,2000,2000,0,0.000000000,3240.418500000,3240.206500000,3240.206500000,0.000000000,0.212000000,424,0.150000000,3.314701307,4.817411724,19.360968406,0.785714412,9.842141299,1.000000000
561,fixed_random_bfs,6717996924,512,41,471,1372,2000,2000,0,0.000000000,3240.418500000,3239.844500000,3239.844500000,0.000000000,0.574000000,1148,0.450000000,3.314701307,4.823681107,19.340580190,0.768356084,9.854998295,1.000000000
562,fixed_random_bfs,2223565132,512,55,457,1504,2000,2000,0,0.000000000,3240.418500000,3239.986500000,3239.986500000,0.000000000,0.432000000,864,0.200000000,3.314701307,4.794880185,19.199701954,0.749662066,9.796741679,1.000000000
563,fixed_random_bfs,468419455,512,64,448,2546,2000,2000,2,0.100000000,3240.418500000,3238.451500000,3237.504500000,0.947000000,1.967000000,3934,2.350000000,3.314701307,4.840661685,19.279053046,0.763096281,9.891275844,1.000000000
564,fixed_random_bfs,5082996279,512,59,453,2658,2000,2000,1,0.050000000,3240.418500000,3236.912000000,3236.665000000,0.247000000,3.506500000,7013,1.650000000,3.314701307,4.856284447,19.455232361,0.781040505,9.921298772,1.000000000
565,fixed_random_bfs,2005928693,512,38,474,1099,2000,2000,0,0.000000000,3240.418500000,3240.139500000,3240.139500000,0.000000000,0.279000000,558,0.250000000,3.314701307,4.836018167,19.214244456,0.771836654,9.881823129,1.000000000
566,fixed_random_bfs,2998778472,512,45,467,776,2000,2000,23,1.150000000,3240.418500000,3201.211500000,3197.839500000,3.372000000,39.207000000,78414,27.500000000,3.314701307,4.814922973,19.073426552,0.757332100,9.834916537,1.000000000
567,fixed_random_bfs,2256944385,512,46,466,1420,2000,2000,29,1.450000000,3240.418500000,3225.539000000,3217.871500000,7.667500000,14.879500000,29759,6.750000000,3.314701307,4.852028219,19.615824751,0.758306035,9.907988454,1.000000000
568,fixed_random_bfs,386561171,512,37,475,935,2000,2000,1,0.050000000,3240.418500000,3238.765500000,3238.513000000,0.252500000,1.653000000,3306,1.400000000,3.314701307,4.854823984,19.431696145,0.664799868,9.918101598,1.000000000
569,fixed_random_bfs,350981480,512,53,459,1423,2000,2000,0,0.000000000,3240.418500000,3239.685000000,3239.685000000,0.000000000,0.733500000,1467,0.500000000,3.314701307,4.896912627,19.637243495,0.747805804,10.005604226,1.000000000
570,fixed_random_bfs,261136271,512,38,474,937,2000,2000,0,0.000000000,3240.418500000,3240.151500000,3240.151500000,0.000000000,0.267000000,534,0.150000000,3.314701307,4.904548745,19.618861301,0.763981150,10.021599786,1.000000000
571,fixed_random_bfs,740260420,512,55,457,987,2000,2000,131,6.550000000,3240.418500000,3179.657000000,3152.617000000,27.040000000,60.761500000,121523,30.650000000,3.314701307,4.850788626,19.586194093,0.756367727,9.900148767,1.000000000
572,fixed_random_bfs,261178099,512,64,448,1910,2000,2000,0,0.000000000,3240.418500000,3236.852500000,3236.852500000,0.000000000,3.566000000,7132,1.950000000,3.314701307,4.919321078,19.949774851,0.680992830,10.051678381,1.000000000
573,fixed_random_bfs,2184958752,512,48,464,834,2000,2000,1,0.050000000,3240.418500000,3234.280500000,3234.052000000,0.228500000,6.138000000,12276,2.450000000,3.314701307,4.891165214,19.783190453,0.745955906,9.995719005,1.000000000
574,fixed_random_bfs,2405473465,512,40,472,967,2000,2000,8,0.400000000,3240.418500000,3237.450500000,3235.492500000,1.958000000,2.968000000,5936,1.850000000,3.314701307,4.898977456,19.924765846,0.665971629,10.012656604,1.000000000
575,fixed_random_bfs,5493660724,512,48,464,1209,2000,2000,0,0.000000000,3240.418500000,3240.186500000,3240.186500000,0.000000000,0.232000000,464,0.050000000,3.314701307,6.769630514,27.426207950,1.115414047,13.830757587,1.000000000
576,fixed_random_bfs,5689450321,512,38,474,770,2000,2000,94,4.700000000,3240.418500000,3168.277500000,3145.662500000,22.615000000,72.141000000,144282,27.650000000,3.314701307,4.896155872,19.520507155,0.777860748,9.997838999,1.000000000
577,fixed_random_bfs,2478078050,512,55,457,1331,2000,2000,0,0.000000000,3240.418500000,3240.265500000,3240.265500000,0.000000000,0.153000000,306,0.050000000,3.314701307,6.871927834,28.191186606,1.015334331,14.040084640,1.000000000
578,fixed_random_bfs,1699189516,512,56,456,1558,2000,2000,16,0.800000000,3240.418500000,3236.417500000,3232.512000000,3.905500000,4.001000000,8002,3.800000000,3.314701307,6.774987323,27.576816104,1.162755378,13.838691208,1.000000000
579,fixed_random_bfs,9236706238,512,36,476,564,2000,2000,7,0.350000000,3240.418500000,3234.624000000,3233.427000000,1.197000000,5.794500000,11589,2.450000000,3.314701307,4.938976287,19.905651755,0.753229227,10.093895679,1.000000000
580,fixed_random_bfs,540555861,512,55,457,2354,2000,2000,1,0.050000000,3240.418500000,3240.288500000,3240.037000000,0.251500000,0.130000000,260,0.050000000,3.314701307,6.806786595,27.459926088,1.161522627,13.906176688,1.000000000
581,fixed_random_bfs,2213405566,512,42,470,1109,2000,2000,38,1.900000000,3240.418500000,3214.269500000,3204.767000000,9.502500000,26.149000000,52298,12.450000000,3.314701307,6.729205858,27.237383804,1.151687912,13.741802207,1.000000000
582,fixed_random_bfs,5323683078,512,44,468,1567,2000,2000,6,0.300000000,3240.418500000,3229.952000000,3228.445000000,1.507000000,10.466500000,20933,5.900000000,3.314701307,4.958753536,19.837733099,0.766488667,10.134020519,1.000000000
583,fixed_random_bfs,727701146,512,38,474,822,2000,2000,2,0.100000000,3240.418500000,3239.535000000,3239.053500000,0.481500000,0.883500000,1767,0.950000000,3.314701307,6.761798321,27.152159809,1.115995861,13.813519838,1.000000000
584,fixed_random_bfs,7505487601,512,38,474,911,2000,2000,1,0.050000000,3240.418500000,3240.158500000,3239.913500000,0.245000000,0.260000000,520,0.200000000,3.314701307,4.965257889,19.788194790,0.772127254,10.148783207,1.000000000
585,fixed_random_bfs,1427745578,512,43,469,755,2000,2000,9,0.450000000,3240.418500000,3229.400000000,3228.042000000,1.358000000,11.018500000,22037,5.550000000,3.314701307,6.842293890,27.638885149,1.157390487,13.976457346,1.000000000
586,fixed_random_bfs,2196447423,512,49,463,1487,2000,2000,4,0.200000000,3240.418500000,3236.823500000,3235.840500000,0.983000000,3.595000000,7190,2.150000000,3.314701307,6.790783944,27.145973805,1.103607099,13.873720800,1.000000000
587,fixed_random_bfs,1980577617,512,56,456,1398,2000,2000,16,0.800000000,3240.418500000,3219.589000000,3216.937000000,2.652000000,20.829500000,41659,12.150000000,3.314701307,6.794960095,27.438713501,1.026082803,13.880763966,1.000000000
588,fixed_random_bfs,9102166235,512,47,465,1378,2000,2000,32,1.600000000,3240.418500000,3245.231500000,3235.168000000,10.063500000,-4.813000000,-9626,1.050000000,3.314701307,6.827407406,27.142860689,1.141681780,13.947393922,1.000000000
589,fixed_random_bfs,2784698010,512,36,476,996,2000,2000,9,0.450000000,3240.418500000,3227.211000000,3225.005000000,2.206000000,13.207500000,26415,6.350000000,3.314701307,6.800718875,27.196230456,1.163181760,13.893061391,1.000000000
590,fixed_random_bfs,9265084061,512,50,462,1384,2000,2000,1,0.050000000,3240.418500000,3237.916500000,3237.678500000,0.238000000,2.502000000,5004,1.350000000,3.314701307,6.795186302,27.271079800,1.144471564,13.883243414,1.000000000
591,fixed_random_bfs,2998723553,512,59,453,1373,2000,2000,2,0.100000000,3240.418500000,3238.951000000,3238.749500000,0.201500000,1.467500000,2935,1.800000000,3.314701307,6.777463180,27.246888150,1.015395842,13.844824972,1.000000000
592,fixed_random_bfs,7131905791,512,50,462,1414,2000,2000,1,0.050000000,3240.418500000,3240.312000000,3240.065000000,0.247000000,0.106500000,213,0.150000000,3.314701307,6.791479928,27.016711901,1.141764900,13.875700009,1.000000000
593,fixed_random_bfs,5497960556,512,50,462,1819,2000,2000,0,0.000000000,3240.418500000,3239.270000000,3239.270000000,0.000000000,1.148500000,2297,0.550000000,3.314701307,4.847089147,19.273575304,0.703846142,9.904739089,1.000000000
594,fixed_random_bfs,4277031543,512,37,475,1125,2000,2000,0,0.000000000,3240.418500000,3240.176000000,3240.176000000,0.000000000,0.242500000,485,0.100000000,3.314701307,6.801975163,27.623562598,1.135907838,13.897337922,1.000000000
595,fixed_random_bfs,368016393,512,41,471,1067,2000,2000,2,0.100000000,3240.418500000,3240.190000000,3239.444500000,0.745500000,0.228500000,457,0.400000000,3.314701307,4.840115706,19.513935252,0.785931794,9.889754314,1.000000000
596,fixed_random_bfs,4332898176,512,45,467,1098,2000,2000,0,0.000000000,3240.418500000,3239.792000000,3239.792000000,0.000000000,0.626500000,1253,0.350000000,3.314701307,4.856260743,19.625768501,0.776864624,9.923934275,1.000000000
597,fixed_random_bfs,1687257494,512,37,475,1158,2000,2000,0,0.000000000,3240.418500000,3238.856000000,3238.856000000,0.000000000,1.562500000,3125,0.750000000,3.314701307,6.827265136,27.577530939,1.128346960,13.948061322,1.000000000
598,fixed_random_bfs,261137151,512,58,454,1781,2000,2000,0,0.000000000,3240.418500000,3240.126500000,3240.126500000,0.000000000,0.292000000,584,0.250000000,3.314701307,6.823800210,27.641822547,0.992648479,13.942568557,1.000000000
599,fixed_random_bfs,5493314543,512,39,473,909,2000,2000,13,0.650000000,3240.418500000,3198.339000000,3195.574000000,2.765000000,42.079500000,84159,28.800000000,3.314701307,6.775718827,27.591452696,0.979702854,13.841851265,1.000000000
600,fixed_random_bfs,261098649,512,51,461,1373,2000,2000,0,0.000000000,3240.418500000,3239.722000000,3239.722000000,0.000000000,0.696500000,1393,0.300000000,3.314701307,6.834693486,27.343865301,1.109884117,13.965902096,1.000000000
601,fixed_random_bfs,2123140695,512,38,474,1029,2000,2000,0,0.000000000,3240.418500000,3240.418000000,3240.418000000,0.000000000,0.000500000,1,0.050000000,3.314701307,4.854179707,19.625495657,0.882436066,9.919243900,1.000000000
602,fixed_random_bfs,5676440288,512,26,486,468,2000,2000,1,0.050000000,3240.418500000,3238.406000000,3238.158500000,0.247500000,2.012500000,4025,1.250000000,3.314701307,4.880611859,19.647978203,0.792212528,9.974187675,1.000000000
603,fixed_random_bfs,5493541437,512,51,461,1902,2000,2000,1,0.050000000,3240.418500000,3240.280500000,3240.034000000,0.246500000,0.138000000,276,0.050000000,3.314701307,6.786517571,27.206091001,1.091964422,13.865542809,1.000000000
604,fixed_random_bfs,1317862217,512,50,462,1462,2000,2000,20,1.000000000,3240.418500000,3221.268500000,3215.693000000,5.575500000,19.150000000,38300,10.100000000,3.314701307,4.856596655,19.631062548,0.798257677,9.922307466,1.000000000
605,fixed_random_bfs,1775826060,512,68,444,4227,2000,2000,0,0.000000000,3240.418500000,3240.007000000,3240.007000000,0.000000000,0.411500000,823,0.150000000,3.314701307,6.891928926,27.162450198,1.101939583,14.080896964,1.000000000
606,fixed_random_bfs,253265812,512,52,460,2452,2000,2000,0,0.000000000,3240.418500000,3239.891500000,3239.891500000,0.000000000,0.527000000,1054,0.200000000,3.314701307,4.869801293,19.659079790,0.795608849,9.951150295,1.000000000
607,fixed_random_bfs,3456306383,512,42,470,887,2000,2000,124,6.200000000,3240.418500000,3196.681000000,3163.936000000,32.745000000,43.737500000,87475,22.850000000,3.314701307,4.837447777,19.251953793,0.778803941,9.867893132,1.000000000
608,fixed_random_bfs,261146936,512,44,468,1134,2000,2000,31,1.550000000,3240.418500000,3209.847000000,3202.870000000,6.977000000,30.571500000,61143,21.400000000,3.314701307,4.868086930,19.645226499,0.752333968,9.941868100,1.000000000
609,fixed_random_bfs,4332898182,512,41,471,1065,2000,2000,0,0.000000000,3240.418500000,3239.694000000,3239.694000000,0.000000000,0.724500000,1449,0.350000000,3.314701307,4.892394710,19.908634799,0.767674950,9.998187130,1.000000000
610,fixed_random_bfs,1934126358,512,57,455,2357,2000,2000,0,0.000000000,3240.418500000,3240.269000000,3240.269000000,0.000000000,0.149500000,299,0.150000000,3.314701307,4.895403475,19.800783756,0.822752167,10.002640816,1.000000000
611,fixed_random_bfs,1394106968,512,49,463,1116,2000,2000,3,0.150000000,3240.418500000,3237.091000000,3236.644500000,0.446500000,3.327500000,6655,3.200000000,3.314701307,4.865924162,19.745703513,0.800613568,9.941683302,1.000000000
612,fixed_random_bfs,7513078923,512,45,467,945,2000,2000,0,0.000000000,3240.418500000,3239.705000000,3239.705000000,0.000000000,0.713500000,1427,0.250000000,3.314701307,4.892986036,19.864979162,0.771016559,9.998295971,1.000000000
613,fixed_random_bfs,387576733,512,56,456,1122,2000,2000,0,0.000000000,3240.418500000,3240.418500000,3240.418500000,0.000000000,0.000000000,0,0.000000000,3.314701307,4.874417040,19.673119951,0.775624689,9.961045351,1.000000000
614,fixed_random_bfs,540530317,512,51,461,1464,2000,2000,0,0.000000000,3240.418500000,3240.188000000,3240.188000000,0.000000000,0.230500000,461,0.050000000,3.314701307,4.861588222,19.720079997,0.759282789,9.935468038,1.000000000
615,fixed_random_bfs,2993041266,512,56,456,1035,2000,2000,10,0.500000000,3240.418500000,3237.047000000,3235.699000000,1.348000000,3.371500000,6743,4.250000000,3.314701307,4.913569462,19.484380996,0.779597874,10.039134454,1.000000000
616,fixed_random_bfs,2446586846,512,55,457,1220,2000,2000,132,6.600000000,3240.418500000,3164.520500000,3132.761000000,31.759500000,75.898000000,151796,32.450000000,3.314701307,4.873309811,19.280632705,0.758235998,9.945260552,1.000000000
617,fixed_random_bfs,7505802750,512,60,452,2611,2000,2000,10,0.500000000,3240.418500000,3238.723500000,3236.255000000,2.468500000,1.695000000,3390,2.200000000,3.314701307,4.941420323,19.634352354,0.756901707,10.098057132,1.000000000
618,fixed_random_bfs,5441019411,512,43,469,1230,2000,2000,149,7.450000000,3240.418500000,3190.011000000,3154.083000000,35.928000000,50.407500000,100815,21.800000000,3.314701307,4.926747940,19.594949098,0.766647373,10.048341975,1.000000000
619,fixed_random_bfs,261337071,512,27,485,350,2000,2000,0,0.000000000,3240.418500000,3240.170000000,3240.170000000,0.000000000,0.248500000,497,0.100000000,3.314701307,6.763881693,27.188894507,1.091638623,13.820586450,1.000000000
620,fixed_random_bfs,305522120,512,48,464,1106,2000,2000,6,0.300000000,3240.418500000,3235.757500000,3234.324500000,1.433000000,4.661000000,9322,3.300000000,3.314701307,6.841551613,27.273205141,1.101291775,13.977391738,1.000000000
621,fixed_random_bfs,1991196151,512,52,460,1503,2000,2000,84,4.200000000,3240.418500000,3226.330500000,3204.337500000,21.993000000,14.088000000,28176,11.550000000,3.314701307,6.781475444,26.904609903,0.978276928,13.838041971,1.000000000
622,fixed_random_bfs,5577869763,512,41,471,911,2000,2000,1,0.050000000,3240.418500000,3240.388000000,3240.144500000,0.243500000,0.030500000,61,0.050000000,3.314701307,6.805748445,27.417755358,1.114094402,13.901127005,1.000000000
623,fixed_random_bfs,263399268,512,50,462,1169,2000,2000,6,0.300000000,3240.418500000,3218.301000000,3216.945000000,1.356000000,22.117500000,44235,10.800000000,3.314701307,6.742257778,27.037871053,1.116944087,13.772303415,1.000000000
624,fixed_random_bfs,3196434332,512,46,466,1200,2000,2000,0,0.000000000,3240.418500000,3240.191000000,3240.191000000,0.000000000,0.227500000,455,0.050000000,3.314701307,4.858924601,19.592152048,0.758208445,9.929204689,1.000000000
625,fixed_random_bfs,261186029,512,39,473,876,2000,2000,13,0.650000000,3240.418500000,3233.568000000,3231.345500000,2.222500000,6.850500000,13701,3.950000000,3.314701307,6.758607444,27.277014606,1.062947806,13.806699716,1.000000000
626,fixed_random_bfs,3001456955,512,53,459,1120,2000,2000,3,0.150000000,3240.418500000,3235.545500000,3234.925000000,0.620500000,4.873000000,9746,2.650000000,3.314701307,4.848251680,19.366074596,0.762877232,9.906224925,1.000000000
627,fixed_random_bfs,2144878428,512,41,471,911,2000,2000,0,0.000000000,3240.418500000,3239.670000000,3239.670000000,0.000000000,0.748500000,1497,0.400000000,3.314701307,6.869892394,27.739736349,0.980837874,14.036398978,1.000000000
628,fixed_random_bfs,261260787,512,56,456,1868,2000,2000,2,0.100000000,3240.418500000,3239.817500000,3239.085500000,0.732000000,0.601000000,1202,0.850000000,3.314701307,4.859449790,19.443350652,0.766620794,9.930186745,1.000000000
629,fixed_random_bfs,1318962846,512,44,468,1069,2000,2000,34,1.700000000,3240.418500000,3225.973000000,3218.003500000,7.969500000,14.445500000,28891,8.200000000,3.314701307,6.777909476,27.346920592,1.085350576,13.843877270,1.000000000
630,fixed_random_bfs,551405054,512,44,468,947,2000,2000,2,0.100000000,3240.418500000,3237.284000000,3236.801000000,0.483000000,3.134500000,6269,2.350000000,3.314701307,4.877511658,19.597599859,0.685467366,9.966992520,1.000000000
631,fixed_random_bfs,261142089,512,46,466,1197,2000,2000,0,0.000000000,3240.418500000,3240.185500000,3240.185500000,0.000000000,0.233000000,466,0.050000000,3.314701307,4.877682159,19.492528294,0.784930154,9.967723488,1.000000000
632,fixed_random_bfs,8684845837,512,57,455,1916,2000,2000,52,2.600000000,3240.418500000,3219.583000000,3206.588500000,12.994500000,20.835500000,41671,12.350000000,3.314701307,4.898227436,19.752227552,0.778907962,10.003345962,1.000000000
633,fixed_random_bfs,2393935017,512,43,469,941,2000,2000,3,0.150000000,3240.418500000,3240.365500000,3239.380500000,0.985000000,0.053000000,106,0.800000000,3.314701307,4.887673497,19.587580995,0.770294204,9.988681598,1.000000000
634,fixed_random_bfs,261140922,512,39,473,770,2000,2000,5,0.250000000,3240.418500000,3234.655500000,3233.673500000,0.982000000,5.763000000,11526,3.300000000,3.314701307,4.877363581,19.470880643,0.776315195,9.967476545,1.000000000
635,fixed_random_bfs,261156059,512,48,464,1770,2000,2000,0,0.000000000,3240.418500000,3240.418500000,3240.418500000,0.000000000,0.000000000,0,0.000000000,3.314701307,4.902093219,19.558369742,0.760371069,10.016144586,1.000000000
636,fixed_random_bfs,1395192640,512,47,465,1309,2000,2000,16,0.800000000,3240.418500000,3240.355000000,3236.601000000,3.754000000,0.063500000,127,1.200000000,3.314701307,4.912506172,19.348670298,0.757120033,10.038159744,1.000000000
637,fixed_random_bfs,5493494915,512,44,468,915,2000,2000,0,0.000000000,3240.418500000,3240.418500000,3240.418500000,0.000000000,0.000000000,0,0.000000000,3.314701307,4.928098640,20.013323598,0.674670543,10.069557221,1.000000000
638,fixed_random_bfs,704972469,512,48,464,555,2000,2000,87,4.350000000,3240.418500000,3170.806000000,3157.947500000,12.858500000,69.612500000,139225,35.400000000,3.314701307,4.870886526,19.414056603,0.672728011,9.942353468,1.000000000
639,fixed_random_bfs,1924187054,512,51,461,1691,2000,2000,108,5.400000000,3240.418500000,3183.057000000,3154.722000000,28.335000000,57.361500000,114723,25.550000000,3.314701307,4.947981406,20.060995848,0.756845757,10.098019760,1.000000000
640,fixed_random_bfs,2758167232,512,50,462,1348,2000,2000,23,1.150000000,3240.418500000,3223.903500000,3217.378500000,6.525000000,16.515000000,33030,9.000000000,3.314701307,4.917545396,19.649823845,0.778477178,10.047927476,1.000000000
641,fixed_random_bfs,2050791786,512,44,468,1412,2000,2000,0,0.000000000,3240.418500000,3240.418500000,3240.418500000,0.000000000,0.000000000,0,0.000000000,3.314701307,5.464190517,21.639291104,0.767452405,11.167358037,1.000000000
642,fixed_random_bfs,261274650,512,57,455,2171,2000,2000,110,5.500000000,3240.418500000,3188.873500000,3158.339500000,30.534000000,51.545000000,103090,25.600000000,3.314701307,6.864255184,27.669862796,1.154630582,14.009014566,1.000000000
643,fixed_random_bfs,261158675,512,52,460,1177,2000,2000,1,0.050000000,3240.418500000,3239.947500000,3239.712000000,0.235500000,0.471000000,942,0.300000000,3.314701307,6.850723808,27.850296652,1.143663042,13.997932518,1.000000000
644,fixed_random_bfs,312929650,512,50,462,1457,2000,2000,0,0.000000000,3240.418500000,3240.371000000,3240.371000000,0.000000000,0.047500000,95,0.050000000,3.314701307,6.874434345,28.168454755,1.184445161,14.047667005,1.000000000
645,fixed_random_bfs,5492668841,512,49,463,1693,2000,2000,19,0.950000000,3240.418500000,3233.830000000,3228.664000000,5.166000000,6.588500000,13177,5.600000000,3.314701307,6.861776894,27.697997752,1.155617640,14.017595636,1.000000000
646,fixed_random_bfs,365053765,512,52,460,1142,2000,2000,22,1.100000000,3240.418500000,3229.900500000,3226.299000000,3.601500000,10.518000000,21036,5.400000000,3.314701307,6.844169024,27.544984950,1.176885588,13.980176016,1.000000000
647,fixed_random_bfs,261332124,512,41,471,1190,2000,2000,0,0.000000000,3240.418500000,3239.942000000,3239.942000000,0.000000000,0.476500000,953,0.350000000,3.314701307,6.858611466,27.601523955,1.164863296,14.015562402,1.000000000
648,fixed_random_bfs,2330595657,512,34,478,682,2000,2000,95,4.750000000,3240.418500000,3172.017000000,3149.440000000,22.577000000,68.401500000,136803,27.200000000,3.314701307,6.757051202,27.279347252,1.174740110,13.793901609,1.000000000
649,fixed_random_bfs,7025408055,512,50,462,791,2000,2000,105,5.250000000,3240.418500000,3167.621000000,3143.752000000,23.869000000,72.797500000,145595,33.000000000,3.314701307,6.787182024,27.093398446,1.010017494,13.854234103,1.000000000
650,fixed_random_bfs,2454915162,512,45,467,620,2000,2000,55,2.750000000,3240.418500000,3167.004000000,3157.915500000,9.088500000,73.414500000,146829,29.750000000,3.314701307,6.768122048,27.204571849,1.138310716,13.821750278,1.000000000
651,fixed_random_bfs,736686175,512,51,461,737,2000,2000,94,4.700000000,3240.418500000,3181.855500000,3165.968500000,15.887000000,58.563000000,117126,29.700000000,3.314701307,6.812318733,27.242334195,1.118813627,13.907685089,1.000000000
652,fixed_random_bfs,261298944,512,52,460,1352,2000,2000,1,0.050000000,3240.418500000,3240.087000000,3239.602500000,0.484500000,0.331500000,663,0.200000000,3.314701307,6.892459461,27.553351846,1.268650416,14.085050244,1.000000000
653,fixed_random_bfs,4333087171,512,51,461,1571,2000,2000,1,0.050000000,3240.418500000,3240.461000000,3240.217500000,0.243500000,-0.042500000,-85,0.100000000,3.314701307,4.928789240,19.565322239,0.804443983,10.073275959,1.000000000
654,fixed_random_bfs,261212551,512,49,463,1452,2000,2000,10,0.500000000,3240.418500000,3236.270500000,3233.555500000,2.715000000,4.148000000,8296,3.150000000,3.314701307,6.823653066,27.494740694,1.116847694,13.939361994,1.000000000
655,fixed_random_bfs,261158001,512,48,464,1214,2000,2000,32,1.600000000,3240.418500000,3243.924000000,3234.791000000,9.133000000,-3.505500000,-7011,1.000000000,3.314701307,4.925756460,19.896008111,0.774102813,10.064475696,1.000000000
656,fixed_random_bfs,7396450155,512,44,468,1416,2000,2000,0,0.000000000,3240.418500000,3239.008500000,3239.008500000,0.000000000,1.410000000,2820,0.500000000,3.314701307,6.939011889,28.048547448,1.131061805,14.177652318,1.000000000
657,fixed_random_bfs,6375121288,512,63,449,1748,2000,2000,0,0.000000000,3240.418500000,3239.987500000,3239.987500000,0.000000000,0.431000000,862,0.350000000,3.314701307,4.942774003,19.908633604,0.861567217,10.100650671,1.000000000
658,fixed_random_bfs,5892613799,512,52,460,1813,2000,2000,16,0.800000000,3240.418500000,3210.398500000,3206.497500000,3.901000000,30.020000000,60040,15.000000000,3.314701307,4.934610589,19.502542153,0.686214581,10.079961820,1.000000000
659,fixed_random_bfs,537982629,512,49,463,1242,2000,2000,1,0.050000000,3240.418500000,3239.613500000,3239.378000000,0.235500000,0.805000000,1610,0.500000000,3.314701307,4.831679826,19.439996542,0.754857562,9.871674551,1.000000000
660,fixed_random_bfs,5493273523,512,52,460,1902,2000,2000,1,0.050000000,3240.418500000,3239.564500000,3239.315500000,0.249000000,0.854000000,1708,0.500000000,3.314701307,4.809334306,19.413916752,0.767948259,9.825955295,1.000000000
661,fixed_random_bfs,261199857,512,57,455,2459,2000,2000,10,0.500000000,3240.418500000,3233.246000000,3230.511000000,2.735000000,7.172500000,14345,5.000000000,3.314701307,4.830850822,19.417818393,0.664772135,9.868017956,1.000000000
662,fixed_random_bfs,261169908,512,32,480,658,2000,2000,0,0.000000000,3240.418500000,3239.939000000,3239.939000000,0.000000000,0.479500000,959,0.300000000,3.314701307,4.843509194,19.279908503,0.758229086,9.898282955,1.000000000
663,fixed_random_bfs,369881726,512,46,466,1441,2000,2000,49,2.450000000,3240.418500000,3224.447500000,3211.488500000,12.959000000,15.971000000,31942,10.050000000,3.314701307,4.849856586,19.536052803,0.785260590,9.903652219,1.000000000
664,fixed_random_bfs,5492684410,512,51,461,1778,2000,2000,1,0.050000000,3240.418500000,3235.313500000,3235.066500000,0.247000000,5.105000000,10210,3.500000000,3.314701307,4.866993159,19.842790438,0.782838443,9.944771984,1.000000000
665,fixed_random_bfs,387578595,512,65,447,1687,2000,2000,0,0.000000000,3240.418500000,3240.418500000,3240.418500000,0.000000000,0.000000000,0,0.000000000,3.314701307,4.854408406,19.719986252,0.770749027,9.918298743,1.000000000
666,fixed_random_bfs,2166683937,512,49,463,1494,2000,2000,5,0.250000000,3240.418500000,3228.330000000,3227.120000000,1.210000000,12.088500000,24177,6.250000000,3.314701307,4.851317699,19.609712352,0.777438197,9.911967186,1.000000000
667,fixed_random_bfs,4332741648,512,44,468,755,2000,2000,10,0.500000000,3240.418500000,3218.072500000,3215.758500000,2.314000000,22.346000000,44692,12.600000000,3.314701307,4.862491976,19.662285403,0.750572936,9.933296994,1.000000000
668,fixed_random_bfs,368090738,512,45,467,1166,2000,2000,16,0.800000000,3240.418500000,3224.591000000,3220.439000000,4.152000000,15.827500000,31655,9.000000000,3.314701307,4.891710921,19.598888990,0.666373213,9.994610514,1.000000000
669,fixed_random_bfs,261148972,512,44,468,1449,2000,2000,17,0.850000000,3240.418500000,3235.014000000,3230.283000000,4.731000000,5.404500000,10809,4.650000000,3.314701307,6.585489652,26.140234756,1.106967483,13.452572672,1.000000000
670,fixed_random_bfs,2470391260,512,47,465,1308,2000,2000,9,0.450000000,3240.418500000,3233.825500000,3231.605500000,2.220000000,6.593000000,13186,4.300000000,3.314701307,4.896937950,19.987009543,0.759914772,10.004296999,1.000000000
671,fixed_random_bfs,7649865130,512,51,461,1023,2000,2000,152,7.600000000,3240.418500000,3166.655500000,3133.535500000,33.120000000,73.763000000,147526,33.900000000,3.314701307,4.920488870,19.795979497,0.755713905,10.035823566,1.000000000
672,fixed_random_bfs,350989894,512,58,454,1665,2000,2000,0,0.000000000,3240.418500000,3239.855000000,3239.855000000,0.000000000,0.563500000,1127,0.400000000,3.314701307,6.765619765,27.261517856,1.094809197,13.822512249,1.000000000
673,fixed_random_bfs,1062997585,512,28,484,301,2000,2000,58,2.900000000,3240.418500000,3224.636000000,3210.588500000,14.047500000,15.782500000,31565,16.100000000,3.314701307,6.823168280,27.558488002,1.083454024,13.934157241,1.000000000
674,fixed_random_bfs,2350768487,512,39,473,1126,2000,2000,1,0.050000000,3240.418500000,3238.703500000,3238.453000000,0.250500000,1.715000000,3430,1.600000000,3.314701307,4.928144744,19.680804142,0.753324141,10.070542543,1.000000000
675,fixed_random_bfs,6776350346,512,37,475,1158,2000,2000,0,0.000000000,3240.418500000,3240.334000000,3240.334000000,0.000000000,0.084500000,169,0.050000000,3.314701307,4.917833048,19.617800045,0.791446370,10.049142869,1.000000000
676,fixed_random_bfs,3192598214,512,42,470,1601,2000,2000,0,0.000000000,3240.418500000,3240.183500000,3240.183500000,0.000000000,0.235000000,470,0.050000000,3.314701307,6.777608905,27.369975053,0.983954327,13.849339027,1.000000000
677,fixed_random_bfs,367756399,512,52,460,1343,2000,2000,17,0.850000000,3240.418500000,3230.530000000,3226.479000000,4.051000000,9.888500000,19777,5.200000000,3.314701307,6.824693512,27.758516750,1.107702411,13.942114223,1.000000000
678,fixed_random_bfs,261115545,512,58,454,1813,2000,2000,4,0.200000000,3240.418500000,3235.841500000,3234.895500000,0.946000000,4.577000000,9154,2.900000000,3.314701307,6.799051006,27.497258156,1.238356247,13.892076789,1.000000000
679,fixed_random_bfs,9271211977,512,44,468,1099,2000,2000,31,1.550000000,3240.418500000,3219.786500000,3213.105000000,6.681500000,20.632000000,41264,12.400000000,3.314701307,6.910704844,27.205422040,1.125825864,14.118821854,1.000000000
680,fixed_random_bfs,6961247535,512,48,464,1734,2000,2000,119,5.950000000,3240.418500000,3180.130000000,3149.715500000,30.414500000,60.288500000,120577,25.750000000,3.314701307,6.800423637,27.240550951,1.103705562,13.874779411,1.000000000
681,fixed_random_bfs,257095265,512,54,458,1945,2000,2000,31,1.550000000,3240.418500000,3218.613500000,3211.147500000,7.466000000,21.805000000,43610,11.250000000,3.314701307,5.002055319,19.815031939,0.762940175,10.217505973,1.000000000
682,fixed_random_bfs,261172259,512,46,466,1201,2000,2000,38,1.900000000,3240.418500000,3217.017500000,3207.392000000,9.625500000,23.401000000,46802,14.350000000,3.314701307,4.934075773,19.844146106,0.681564599,10.079417306,1.000000000
683,fixed_random_bfs,8999407973,512,36,476,589,2000,2000,131,6.550000000,3240.418500000,3179.092500000,3147.344500000,31.748000000,61.326000000,122652,26.200000000,3.314701307,4.881769343,19.700466701,0.759344384,9.963471453,1.000000000
684,fixed_random_bfs,5498767579,512,49,463,1614,2000,2000,0,0.000000000,3240.418500000,3240.187000000,3240.187000000,0.000000000,0.231500000,463,0.050000000,3.314701307,4.976891688,19.971210048,0.748646082,10.169780198,1.000000000
685,fixed_random_bfs,9239051241,512,44,468,1001,2000,2000,43,2.150000000,3240.418500000,3208.775500000,3198.373000000,10.402500000,31.643000000,63286,16.100000000,3.314701307,4.967758526,19.765478143,0.665442857,10.148324372,1.000000000
686,fixed_random_bfs,2445152691,512,55,457,1424,2000,2000,0,0.000000000,3240.418500000,3240.125000000,3240.125000000,0.000000000,0.293500000,587,0.200000000,3.314701307,6.783308657,27.172384054,1.143879423,13.859263603,1.000000000
687,fixed_random_bfs,261194733,512,48,464,1613,2000,2000,3,0.150000000,3240.418500000,3239.950000000,3239.206500000,0.743500000,0.468500000,937,0.550000000,3.314701307,6.812259757,27.212770254,1.125343748,13.915015956,1.000000000
688,fixed_random_bfs,2315413156,512,60,452,2003,2000,2000,32,1.600000000,3240.418500000,3221.060500000,3213.197500000,7.863000000,19.358000000,38716,9.900000000,3.314701307,6.827845656,27.281460205,1.134015740,13.945273309,1.000000000
689,fixed_random_bfs,9322428731,512,56,456,2310,2000,2000,8,0.400000000,3240.418500000,3239.196500000,3237.208500000,1.988000000,1.222000000,2444,1.650000000,3.314701307,6.829749219,27.450073208,1.026944130,13.952064810,1.000000000
690,fixed_random_bfs,261162212,512,49,463,1568,2000,2000,24,1.200000000,3240.418500000,3232.539000000,3226.364000000,6.175000000,7.879500000,15759,6.950000000,3.314701307,6.812002825,27.331202051,1.007594278,13.913118400,1.000000000
691,fixed_random_bfs,261241154,512,49,463,1306,2000,2000,2,0.100000000,3240.418500000,3238.376500000,3237.881500000,0.495000000,2.042000000,4084,1.500000000,3.314701307,6.807560801,27.514529357,1.003155400,13.905936901,1.000000000
692,fixed_random_bfs,5492735980,512,57,455,2409,2000,2000,5,0.250000000,3240.418500000,3236.382000000,3234.888000000,1.494000000,4.036500000,8073,3.150000000,3.314701307,6.836941391,27.606771295,1.116956407,13.965906195,1.000000000
693,fixed_random_bfs,2419955286,512,43,469,941,2000,2000,0,0.000000000,3240.418500000,3240.111000000,3240.111000000,0.000000000,0.307500000,615,0.250000000,3.314701307,6.804365356,27.385235450,1.141461659,13.904144931,1.000000000
694,fixed_random_bfs,736035796,512,50,462,1652,2000,2000,69,3.450000000,3240.418500000,3220.642000000,3202.520000000,18.122000000,19.776500000,39553,12.650000000,3.314701307,6.830272606,27.025398504,1.133100864,13.944650802,1.000000000
695,fixed_random_bfs,261170308,512,56,456,2082,2000,2000,3,0.150000000,3240.418500000,3238.446000000,3237.711000000,0.735000000,1.972500000,3945,1.350000000,3.314701307,6.823396474,27.113089096,1.092620536,13.939514428,1.000000000
696,fixed_random_bfs,261151106,512,51,461,1210,2000,2000,0,0.000000000,3240.418500000,3239.575500000,3239.575500000,0.000000000,0.843000000,1686,0.700000000,3.314701307,6.843135612,27.462353552,1.006073948,13.981414556,1.000000000
697,fixed_random_bfs,4332856183,512,44,468,1601,2000,2000,1,0.050000000,3240.418500000,3239.942500000,3239.688500000,0.254000000,0.476000000,952,0.450000000,3.314701307,6.782567177,27.000291246,1.115355177,13.858248752,1.000000000
698,fixed_random_bfs,3599290738,512,40,472,1164,2000,2000,94,4.700000000,3240.418500000,3182.959500000,3159.745500000,23.214000000,57.459000000,114918,29.400000000,3.314701307,6.875798469,27.506055856,1.074631683,14.032611230,1.000000000
699,fixed_random_bfs,1102974572,512,43,469,1566,2000,2000,0,0.000000000,3240.418500000,3240.184000000,3240.184000000,0.000000000,0.234500000,469,0.050000000,3.314701307,4.831021772,19.149069192,0.771624088,9.871798013,1.000000000
700,fixed_random_bfs,261163758,512,60,452,2075,2000,2000,0,0.000000000,3240.418500000,3239.338000000,3239.338000000,0.000000000,1.080500000,2161,0.900000000,3.314701307,4.830605800,19.056641802,0.680915496,9.870990943,1.000000000
701,fixed_random_bfs,2393667739,512,55,457,1861,2000,2000,7,0.350000000,3240.418500000,3225.091500000,3223.382000000,1.709500000,15.327000000,30654,9.050000000,3.314701307,4.833241025,19.346097206,0.749769239,9.874443885,1.000000000
702,fixed_random_bfs,1941068286,512,18,494,273,2000,2000,0,0.000000000,3240.418500000,3240.216000000,3240.216000000,0.000000000,0.202500000,405,0.050000000,3.314701307,4.839482607,19.256863488,0.773746786,9.890711388,1.000000000
703,fixed_random_bfs,261089379,512,48,464,1492,2000,2000,0,0.000000000,3240.418500000,3238.380500000,3238.380500000,0.000000000,2.038000000,4076,1.250000000,3.314701307,4.840292630,19.568494794,0.702463498,9.891071394,1.000000000
704,fixed_random_bfs,261140906,512,35,477,846,2000,2000,1,0.050000000,3240.418500000,3237.909000000,3237.661500000,0.247500000,2.509500000,5019,1.500000000,3.314701307,4.848616665,19.583861501,0.790733195,9.908028948,1.000000000
705,fixed_random_bfs,5493144370,512,40,472,1161,2000,2000,1,0.050000000,3240.418500000,3238.984500000,3238.731500000,0.253000000,1.434000000,2868,1.000000000,3.314701307,4.844405965,19.693674106,0.698400243,9.898529812,1.000000000
706,fixed_random_bfs,5884157736,512,39,473,1406,2000,2000,2,0.100000000,3240.418500000,3239.637500000,3239.125500000,0.512000000,0.781000000,1562,1.200000000,3.314701307,4.860011726,19.440808641,0.810185079,9.930498255,1.000000000
707,fixed_random_bfs,705685522,512,43,469,863,2000,2000,1,0.050000000,3240.418500000,3238.764000000,3238.569500000,0.194500000,1.654500000,3309,1.500000000,3.314701307,4.862438952,19.752870259,0.776044944,9.934539189,1.000000000
708,fixed_random_bfs,1842027926,512,26,486,577,2000,2000,5,0.250000000,3240.418500000,3240.552500000,3239.284500000,1.268000000,-0.134000000,-268,0.200000000,3.314701307,4.878869535,19.509676191,0.843289795,9.970121853,1.000000000
709,fixed_random_bfs,2390118810,512,46,466,1608,2000,2000,5,0.250000000,3240.418500000,3238.636500000,3237.387500000,1.249000000,1.782000000,3564,1.050000000,3.314701307,4.860296206,19.664877604,0.762635010,9.930044834,1.000000000
710,fixed_random_bfs,261185761,512,59,453,2277,2000,2000,0,0.000000000,3240.418500000,3240.250500000,3240.250500000,0.000000000,0.168000000,336,0.050000000,3.314701307,4.890465686,19.573053400,0.759391197,9.991196959,1.000000000
711,fixed_random_bfs,1884637793,512,41,471,1409,2000,2000,11,0.550000000,3240.418500000,3234.971000000,3232.179500000,2.791500000,5.447500000,10895,4.200000000,3.314701307,4.900213968,19.658294495,0.737409037,10.011708981,1.000000000
712,fixed_random_bfs,6968167868,512,47,465,1343,2000,2000,4,0.200000000,3240.418500000,3224.887000000,3223.891000000,0.996000000,15.531500000,31063,6.100000000,3.314701307,4.873316342,19.565138048,0.677353266,9.957184463,1.000000000
713,fixed_random_bfs,368378467,512,67,445,2124,2000,2000,0,0.000000000,3240.418500000,3240.210000000,3240.210000000,0.000000000,0.208500000,417,0.150000000,3.314701307,6.859284584,27.635648740,1.136958968,14.015022082,1.000000000
714,fixed_random_bfs,2398914184,512,54,458,1271,2000,2000,0,0.000000000,3240.418500000,3240.295500000,3240.295500000,0.000000000,0.123000000,246,0.250000000,3.314701307,4.926686583,19.706977192,0.753969251,10.067737992,1.000000000
715,fixed_random_bfs,2480363097,512,53,459,1992,2000,2000,0,0.000000000,3240.418500000,3240.325500000,3240.325500000,0.000000000,0.093000000,186,0.050000000,3.314701307,4.930740023,20.208815701,0.674791266,10.076306860,1.000000000
716,fixed_random_bfs,7662877965,512,39,473,617,2000,2000,149,7.450000000,3240.418500000,3186.828500000,3155.329000000,31.499500000,53.590000000,107180,29.150000000,3.314701307,5.096476650,20.667159549,0.794265999,10.402438962,1.000000000
717,fixed_random_bfs,2391052811,512,49,463,750,2000,2000,102,5.100000000,3240.418500000,3161.401500000,3143.895000000,17.506500000,79.017000000,158034,35.300000000,3.314701307,4.914259699,19.692806151,0.759619256,10.028608864,1.000000000
718,fixed_random_bfs,3996540993,512,51,461,2030,2000,2000,0,0.000000000,3240.418500000,3240.198500000,3240.198500000,0.000000000,0.220000000,440,0.050000000,3.314701307,4.998929157,20.007670800,0.759017345,10.214534450,1.000000000
719,fixed_random_bfs,369631002,512,57,455,1528,2000,2000,3,0.150000000,3240.418500000,3237.721000000,3237.012500000,0.708500000,2.697500000,5395,1.750000000,3.314701307,6.787987706,27.598749949,1.125757486,13.866500589,1.000000000
720,fixed_random_bfs,2424209571,512,53,459,1651,2000,2000,0,0.000000000,3240.418500000,3240.189000000,3240.189000000,0.000000000,0.229500000,459,0.050000000,3.314701307,6.846441934,27.547441847,1.141481081,13.987827118,1.000000000
721,fixed_random_bfs,2282204709,512,42,470,974,2000,2000,0,0.000000000,3240.418500000,3240.148500000,3240.148500000,0.000000000,0.270000000,540,0.250000000,3.314701307,6.762293343,27.055015693,1.131160338,13.816572410,1.000000000
722,fixed_random_bfs,2408303740,512,46,466,1645,2000,2000,0,0.000000000,3240.418500000,3240.374000000,3240.374000000,0.000000000,0.044500000,89,0.150000000,3.314701307,6.820004477,27.450713146,1.143852788,13.934473949,1.000000000
723,fixed_random_bfs,4332992898,512,62,450,2815,2000,2000,3,0.150000000,3240.418500000,3238.011500000,3237.022500000,0.989000000,2.407000000,4814,2.200000000,3.314701307,6.808102919,27.478294958,0.992833368,13.911009846,1.000000000
724,fixed_random_bfs,261149705,512,57,455,1541,2000,2000,18,0.900000000,3240.418500000,3233.924000000,3228.942000000,4.982000000,6.494500000,12989,4.750000000,3.314701307,6.801227092,26.717003304,1.106795523,13.893434336,1.000000000
725,fixed_random_bfs,1262548716,512,46,466,1767,2000,2000,7,0.350000000,3240.418500000,3240.428500000,3238.678500000,1.750000000,-0.010000000,-20,0.250000000,3.314701307,6.876431482,27.680751854,1.102294440,14.050342096,1.000000000
726,fixed_random_bfs,1923617735,512,35,477,738,2000,2000,0,0.000000000,3240.418500000,3238.647000000,3238.647000000,0.000000000,1.771500000,3543,1.000000000,3.314701307,4.878962315,19.416949060,0.756951178,9.970208783,1.000000000
727,fixed_random_bfs,2164772138,512,43,469,1410,2000,2000,0,0.000000000,3240.418500000,3240.184500000,3240.184500000,0.000000000,0.234000000,468,0.100000000,3.314701307,4.863014516,19.301332898,0.740066869,9.938414595,1.000000000
728,fixed_random_bfs,2408303684,512,65,447,2072,2000,2000,1,0.050000000,3240.418500000,3240.434000000,3240.190500000,0.243500000,-0.015500000,-31,0.150000000,3.314701307,4.887333524,19.540165556,0.838288132,9.986530267,1.000000000
729,fixed_random_bfs,740365200,512,52,460,728,2000,2000,42,2.100000000,3240.418500000,3172.477000000,3165.956500000,6.520500000,67.941500000,135883,27.600000000,3.314701307,4.821694122,19.153346096,0.761473167,9.849890383,1.000000000
730,fixed_random_bfs,2565193678,512,35,477,709,2000,2000,102,5.100000000,3240.418500000,3219.395500000,3192.008500000,27.387000000,21.023000000,42046,14.700000000,3.314701307,4.886181506,19.272762951,0.763456393,9.979009774,1.000000000
731,fixed_random_bfs,4336249482,512,44,468,584,2000,2000,107,5.350000000,3240.418500000,3194.506000000,3169.438000000,25.068000000,45.912500000,91825,27.550000000,3.314701307,4.882896285,19.464079095,0.751281940,9.967319515,1.000000000
732,fixed_random_bfs,261257288,512,46,466,1566,2000,2000,0,0.000000000,3240.418500000,3240.418500000,3240.418500000,0.000000000,0.000000000,0,0.000000000,3.314701307,4.913736164,19.823521690,0.781138562,10.041530932,1.000000000
733,fixed_random_bfs,261210825,512,46,466,1344,2000,2000,12,0.600000000,3240.418500000,3231.744000000,3228.766000000,2.978000000,8.674500000,17349,6.950000000,3.314701307,4.914048935,19.790159843,0.681758608,10.040339812,1.000000000
734,fixed_random_bfs,6489421215,512,62,450,2604,2000,2000,0,0.000000000,3240.418500000,3238.837500000,3238.837500000,0.000000000,1.581000000,3162,0.650000000,3.314701307,6.800866403,26.911751340,1.159253273,13.894646862,1.000000000
735,fixed_random_bfs,258019650,512,22,490,115,2000,2000,16,0.800000000,3240.418500000,3223.896500000,3221.240000000,2.656500000,16.522000000,33044,12.150000000,3.314701307,4.900992134,19.632626197,0.679360514,10.013632510,1.000000000
736,fixed_random_bfs,9175802585,512,58,454,1618,2000,2000,0,0.000000000,3240.418500000,3237.071500000,3237.071500000,0.000000000,3.347000000,6694,1.850000000,3.314701307,6.823572950,27.601274155,1.305984124,13.943240184,1.000000000
737,fixed_random_bfs,5492786773,512,46,466,1649,2000,2000,11,0.550000000,3240.418500000,3234.822500000,3232.061500000,2.761000000,5.596000000,11192,4.250000000,3.314701307,6.816987551,27.187554603,1.140175239,13.925745361,1.000000000
738,fixed_random_bfs,2424399935,512,64,448,1833,2000,2000,42,2.100000000,3240.418500000,3224.552000000,3214.222000000,10.330000000,15.866500000,31733,9.900000000,3.314701307,6.836597525,27.131049607,1.139586020,13.961446734,1.000000000
739,fixed_random_bfs,367598759,512,49,463,1856,2000,2000,4,0.200000000,3240.418500000,3224.962500000,3223.957000000,1.005500000,15.456000000,30912,10.500000000,3.314701307,4.936362194,19.817098593,0.695838978,10.087140660,1.000000000
740,fixed_random_bfs,3192423914,512,48,464,1770,2000,2000,0,0.000000000,3240.418500000,3240.186500000,3240.186500000,0.000000000,0.232000000,464,0.050000000,3.314701307,6.815430931,27.461567061,1.159225107,13.926425244,1.000000000
741,fixed_random_bfs,365212218,512,47,465,1168,2000,2000,9,0.450000000,3240.418500000,3231.215000000,3229.036000000,2.179000000,9.203500000,18407,5.800000000,3.314701307,6.811095666,26.991343348,1.121229649,13.913135779,1.000000000
742,fixed_random_bfs,4121470134,512,50,462,1773,2000,2000,101,5.050000000,3240.418500000,3180.803500000,3153.472000000,27.331500000,59.615000000,119230,27.000000000,3.314701307,6.833857784,27.432756710,1.128630015,13.946452213,1.000000000
743,fixed_random_bfs,7180632863,512,40,472,852,2000,2000,0,0.000000000,3240.418500000,3240.061000000,3240.061000000,0.000000000,0.357500000,715,0.600000000,3.314701307,6.815705396,27.444325243,1.010149954,13.926405207,1.000000000
744,fixed_random_bfs,2180438904,512,58,454,1951,2000,2000,7,0.350000000,3240.418500000,3235.896000000,3234.182000000,1.714000000,4.522500000,9045,2.800000000,3.314701307,6.850771092,27.095558495,1.143991186,13.996240938,1.000000000
745,fixed_random_bfs,7472855082,512,42,470,1262,2000,2000,111,5.550000000,3240.418500000,3188.967500000,3160.656500000,28.311000000,51.451000000,102902,28.500000000,3.314701307,6.827426126,27.315783197,1.255220149,13.935835070,1.000000000
746,fixed_random_bfs,2838780504,512,21,491,292,2000,2000,0,0.000000000,3240.418500000,3240.174000000,3240.174000000,0.000000000,0.244500000,489,0.050000000,3.314701307,4.926827344,19.939263800,0.761082550,10.068977835,1.000000000
747,fixed_random_bfs,369879253,512,56,456,1904,2000,2000,48,2.400000000,3240.418500000,3212.837500000,3201.004500000,11.833000000,27.581000000,55162,15.950000000,3.314701307,4.936107350,19.925961252,0.878718109,10.080839927,1.000000000
748,fixed_random_bfs,5493532322,512,53,459,1744,2000,2000,10,0.500000000,3240.418500000,3235.827000000,3232.719000000,3.108000000,4.591500000,9183,2.800000000,3.314701307,6.878676750,27.731382954,1.111263940,14.056334995,1.000000000
749,fixed_random_bfs,1607719856,512,46,466,959,2000,2000,0,0.000000000,3240.418500000,3239.845500000,3239.845500000,0.000000000,0.573000000,1146,0.350000000,3.314701307,4.922131165,19.734585206,0.766951634,10.057860331,1.000000000
750,fixed_random_bfs,1869956278,512,44,468,1724,2000,2000,0,0.000000000,3240.418500000,3240.184500000,3240.184500000,0.000000000,0.234000000,468,0.050000000,3.314701307,4.937371153,19.472424839,0.760963040,10.089589431,1.000000000
751,fixed_random_bfs,8627733097,512,49,463,1208,2000,2000,0,0.000000000,3240.418500000,3240.187500000,3240.187500000,0.000000000,0.231000000,462,0.050000000,3.314701307,6.803726482,27.132263605,1.110970447,13.902117993,1.000000000
752,fixed_random_bfs,261147701,512,47,465,1226,2000,2000,1,0.050000000,3240.418500000,3239.797000000,3239.558000000,0.239000000,0.621500000,1243,0.350000000,3.314701307,6.916869658,27.462985249,1.084067609,14.132370786,1.000000000
753,fixed_random_bfs,5496171960,512,46,466,1388,2000,2000,1,0.050000000,3240.418500000,3240.433500000,3240.183500000,0.250000000,-0.015000000,-30,0.050000000,3.314701307,4.931644347,19.878058297,0.782211515,10.075301908,1.000000000
754,fixed_random_bfs,734204290,512,43,469,1092,2000,2000,51,2.550000000,3240.418500000,3198.342000000,3184.917000000,13.425000000,42.076500000,84153,24.550000000,3.314701307,4.887358769,19.826785849,0.767575082,9.981385003,1.000000000
755,fixed_random_bfs,261147160,512,51,461,1460,2000,2000,4,0.200000000,3240.418500000,3237.968000000,3237.240000000,0.728000000,2.450500000,4901,1.950000000,3.314701307,5.095027942,20.495941007,0.824010151,10.418131597,1.000000000
756,fixed_random_bfs,9244708303,512,36,476,573,2000,2000,3,0.150000000,3240.418500000,3236.201500000,3235.485000000,0.716500000,4.217000000,8434,2.800000000,3.314701307,4.935587858,19.743726039,0.775343100,10.085828616,1.000000000
757,fixed_random_bfs,5495940337,512,38,474,733,2000,2000,4,0.200000000,3240.418500000,3240.624000000,3239.642000000,0.982000000,-0.205500000,-411,0.350000000,3.314701307,4.941039559,19.957978805,0.854424302,10.097299337,1.000000000
758,fixed_random_bfs,261213403,512,28,484,487,2000,2000,3,0.150000000,3240.418500000,3240.236000000,3239.480000000,0.756000000,0.182500000,365,0.200000000,3.314701307,6.866832627,27.481379294,1.117127805,14.030353910,1.000000000
759,fixed_random_bfs,261134347,512,28,484,533,2000,2000,0,0.000000000,3240.418500000,3240.177000000,3240.177000000,0.000000000,0.241500000,483,0.050000000,3.314701307,4.836342646,19.208440502,0.747687299,9.882784229,1.000000000
760,fixed_random_bfs,2282214673,512,38,474,1066,2000,2000,1,0.050000000,3240.418500000,3239.867000000,3239.615000000,0.252000000,0.551500000,1103,0.350000000,3.314701307,4.834874917,19.160083493,0.752447465,9.879038564,1.000000000
761,fixed_random_bfs,5497933637,512,62,450,2981,2000,2000,0,0.000000000,3240.418500000,3239.892500000,3239.892500000,0.000000000,0.526000000,1052,0.300000000,3.314701307,4.846100826,19.627385848,0.667620483,9.901717471,1.000000000
762,fixed_random_bfs,29412107,512,50,462,919,2000,2000,124,6.200000000,3240.418500000,3163.233500000,3132.344500000,30.889000000,77.185000000,154370,32.450000000,3.314701307,6.703579898,26.992580457,1.220473924,13.678333836,1.000000000
763,fixed_random_bfs,2373086377,512,57,455,1320,2000,2000,0,0.000000000,3240.418500000,3240.191000000,3240.191000000,0.000000000,0.227500000,455,0.050000000,3.314701307,4.865583651,19.435580999,0.779279381,9.942922444,1.000000000
764,fixed_random_bfs,8511659094,512,51,461,1737,2000,2000,1,0.050000000,3240.418500000,3239.466000000,3239.217000000,0.249000000,0.952500000,1905,0.450000000,3.314701307,6.815353615,27.441037800,1.112091098,13.922698326,1.000000000
765,fixed_random_bfs,8113173939,512,44,468,1303,2000,2000,10,0.500000000,3240.418500000,3233.967500000,3231.236000000,2.731500000,6.451000000,12902,4.100000000,3.314701307,6.732663584,27.005433405,1.084603201,13.752463087,1.000000000
766,fixed_random_bfs,5493313012,512,49,463,1397,2000,2000,2,0.100000000,3240.418500000,3239.423500000,3238.936500000,0.487000000,0.995000000,1990,0.950000000,3.314701307,4.869155966,19.531022799,0.780282947,9.950427801,1.000000000
767,fixed_random_bfs,261132228,512,41,471,913,2000,2000,4,0.200000000,3240.418500000,3233.464000000,3232.478000000,0.986000000,6.954500000,13909,4.300000000,3.314701307,4.871660062,19.719097841,0.765785924,9.954527074,1.000000000
768,fixed_random_bfs,261194648,512,45,467,1452,2000,2000,26,1.300000000,3240.418500000,3235.648000000,3228.724000000,6.924000000,4.770500000,9541,5.500000000,3.314701307,4.905377005,19.879463245,0.682074802,10.020056846,1.000000000
769,fixed_random_bfs,5710403553,512,42,470,943,2000,2000,27,1.350000000,3240.418500000,3242.026000000,3235.200500000,6.825500000,-1.607500000,-3215,1.350000000,3.314701307,4.892726762,19.506458303,0.766457649,9.996107797,1.000000000
770,fixed_random_bfs,7663217393,512,36,476,686,2000,2000,34,1.700000000,3240.418500000,3219.303000000,3211.698000000,7.605000000,21.115500000,42231,11.650000000,3.314701307,6.749893835,27.162972049,0.966518848,13.788815379,1.000000000
771,fixed_random_bfs,261269628,512,55,457,1662,2000,2000,1,0.050000000,3240.418500000,3237.474500000,3237.231000000,0.243500000,2.944000000,5888,1.450000000,3.314701307,4.889233834,19.574324154,0.759013110,9.989472955,1.000000000
772,fixed_random_bfs,1937474087,512,41,471,1129,2000,2000,7,0.350000000,3240.418500000,3239.595500000,3237.847500000,1.748000000,0.823000000,1646,0.950000000,3.314701307,6.750682326,27.273321807,1.097076006,13.791616254,1.000000000
773,fixed_random_bfs,9207025467,512,45,467,918,2000,2000,0,0.000000000,3240.418500000,3240.137500000,3240.137500000,0.000000000,0.281000000,562,0.100000000,3.314701307,4.912280681,19.997779310,0.755199994,10.038193752,1.000000000
774,fixed_random_bfs,2282214630,512,40,472,1297,2000,2000,1,0.050000000,3240.418500000,3239.759500000,3239.509500000,0.250000000,0.659000000,1318,0.400000000,3.314701307,6.776277164,27.139210554,1.102763651,13.844668869,1.000000000
775,fixed_random_bfs,261280294,512,45,467,1201,2000,2000,112,5.600000000,3240.418500000,3218.116000000,3187.151000000,30.965000000,22.302500000,44605,15.900000000,3.314701307,6.866874200,27.220912450,1.102774625,14.009623956,1.000000000
776,fixed_random_bfs,2402714224,512,49,463,1457,2000,2000,1,0.050000000,3240.418500000,3239.623500000,3239.377000000,0.246500000,0.795000000,1590,0.800000000,3.314701307,4.916679683,19.970594759,0.744869835,10.046889427,1.000000000
777,fixed_random_bfs,261135325,512,49,463,1612,2000,2000,23,1.150000000,3240.418500000,3225.962000000,3220.228500000,5.733500000,14.456500000,28913,11.250000000,3.314701307,4.939546900,19.796592103,0.683592450,10.090139829,1.000000000
778,fixed_random_bfs,4334163594,512,52,460,1990,2000,2000,0,0.000000000,3240.418500000,3240.386500000,3240.386500000,0.000000000,0.032000000,64,0.200000000,3.314701307,4.919215274,19.867114141,0.754298991,10.053105944,1.000000000
779,fixed_random_bfs,305911078,512,57,455,1703,2000,2000,8,0.400000000,3240.418500000,3236.251000000,3234.091000000,2.160000000,4.167500000,8335,3.050000000,3.314701307,4.955089325,19.983785394,0.732800144,10.123673318,1.000000000
780,fixed_random_bfs,8370697853,512,51,461,1245,2000,2000,0,0.000000000,3240.418500000,3240.365000000,3240.365000000,0.000000000,0.053500000,107,0.100000000,3.314701307,4.962963242,20.074202405,0.771888472,10.143423086,1.000000000
781,fixed_random_bfs,261151767,512,42,470,1301,2000,2000,2,0.100000000,3240.418500000,3240.609500000,3240.106500000,0.503000000,-0.191000000,-382,0.000000000,3.314701307,4.955061851,20.072404854,0.761030533,10.123304141,1.000000000
782,fixed_random_bfs,4156113209,512,50,462,734,2000,2000,123,6.150000000,3240.418500000,3184.321500000,3159.468000000,24.853500000,56.097000000,112194,30.200000000,3.314701307,6.772762774,27.541377545,1.156251623,13.823041073,1.000000000
783,fixed_random_bfs,1254091879,512,41,471,1228,2000,2000,0,0.000000000,3240.418500000,3240.413000000,3240.413000000,0.000000000,0.005500000,11,0.050000000,3.314701307,6.832189884,27.740257652,1.154269256,13.957503815,1.000000000
784,fixed_random_bfs,5902585373,512,47,465,1271,2000,2000,4,0.200000000,3240.418500000,3235.669000000,3234.698500000,0.970500000,4.749500000,9499,3.200000000,3.314701307,6.850424801,27.726295847,1.162138885,13.997831347,1.000000000
785,fixed_random_bfs,5689486451,512,34,478,684,2000,2000,114,5.700000000,3240.418500000,3171.850500000,3143.523500000,28.327000000,68.568000000,137136,28.100000000,3.314701307,6.757985498,27.122858494,1.159462807,13.795509459,1.000000000
786,fixed_random_bfs,6991230872,512,41,471,740,2000,2000,101,5.050000000,3240.418500000,3161.327000000,3139.710500000,21.616500000,79.091500000,158183,34.000000000,3.314701307,6.747408098,27.472203394,1.181345337,13.769429758,1.000000000
787,fixed_random_bfs,6997186964,512,55,457,2082,2000,2000,0,0.000000000,3240.418500000,3240.316500000,3240.316500000,0.000000000,0.102000000,204,0.050000000,3.314701307,6.839534627,27.669531506,1.049141734,13.974507482,1.000000000
788,fixed_random_bfs,2356412304,512,49,463,1380,2000,2000,0,0.000000000,3240.418500000,3240.182000000,3240.182000000,0.000000000,0.236500000,473,0.100000000,3.314701307,6.833578995,27.328264108,1.156221576,13.962671373,1.000000000
789,fixed_random_bfs,739118831,512,48,464,535,2000,2000,68,3.400000000,3240.418500000,3184.750000000,3172.446000000,12.304000000,55.668500000,111337,28.000000000,3.314701307,6.794369248,27.194523592,1.127056680,13.873106446,1.000000000
790,fixed_random_bfs,1698261485,512,54,458,2503,2000,2000,0,0.000000000,3240.418500000,3240.058500000,3240.058500000,0.000000000,0.360000000,720,0.200000000,3.314701307,6.855025971,27.842978805,1.180303100,14.007388327,1.000000000
791,fixed_random_bfs,9042234650,512,47,465,1163,2000,2000,57,2.850000000,3240.418500000,3210.969500000,3198.275000000,12.694500000,29.449000000,58898,16.000000000,3.314701307,6.844289092,27.988330194,1.018060971,13.974723820,1.000000000
792,fixed_random_bfs,2349068449,512,45,467,1564,2000,2000,1,0.050000000,3240.418500000,3240.357500000,3240.106000000,0.251500000,0.061000000,122,0.100000000,3.314701307,4.967449887,19.972923996,0.795472190,10.153159487,1.000000000
793,fixed_random_bfs,261303042,512,55,457,1655,2000,2000,55,2.750000000,3240.418500000,3211.908000000,3198.262500000,13.645500000,28.510500000,57021,19.500000000,3.314701307,5.120686652,20.534532157,0.719746540,10.463235517,1.000000000
794,fixed_random_bfs,8627795809,512,53,459,1903,2000,2000,27,1.350000000,3240.418500000,3200.046000000,3193.356500000,6.689500000,40.372500000,80745,21.050000000,3.314701307,4.958645009,19.876548092,0.697030507,10.126755380,1.000000000
795,fixed_random_bfs,1722190527,512,45,467,1007,2000,2000,35,1.750000000,3240.418500000,3211.693000000,3202.936000000,8.757000000,28.725500000,57451,15.100000000,3.314701307,6.821052793,27.210958491,1.143535985,13.933983635,1.000000000
796,fixed_random_bfs,2174877925,512,47,465,1305,2000,2000,32,1.600000000,3240.418500000,3226.612000000,3218.348000000,8.264000000,13.806500000,27613,7.300000000,3.314701307,6.779876884,27.074936250,1.010172488,13.847131519,1.000000000
797,fixed_random_bfs,2262224078,512,40,472,780,2000,2000,2,0.100000000,3240.418500000,3239.544500000,3239.300000000,0.244500000,0.874000000,1748,0.450000000,3.314701307,6.882263111,27.566062155,1.103452193,14.059676022,1.000000000
798,fixed_random_bfs,1293577249,512,54,458,1951,2000,2000,4,0.200000000,3240.418500000,3236.365000000,3235.369000000,0.996000000,4.053500000,8107,2.150000000,3.314701307,4.817200206,19.380541144,0.784828298,9.840791945,1.000000000
799,fixed_random_bfs,1927734780,512,50,462,1982,2000,2000,1,0.050000000,3240.418500000,3239.799500000,3239.547500000,0.252000000,0.619000000,1238,0.400000000,3.314701307,4.834092573,19.237321907,0.691338379,9.877590594,1.000000000
800,fixed_random_bfs,715564711,512,45,467,1374,2000,2000,0,0.000000000,3240.418500000,3240.185500000,3240.185500000,0.000000000,0.233000000,466,0.050000000,3.314701307,4.831928400,19.430743394,0.769280000,9.872954044,1.000000000
801,fixed_random_bfs,5493226964,512,34,478,614,2000,2000,0,0.000000000,3240.418500000,3239.771500000,3239.771500000,0.000000000,0.647000000,1294,0.350000000,3.314701307,4.854378305,19.359094905,0.778672642,9.920015252,1.000000000
802,fixed_random_bfs,1393823620,512,36,476,520,2000,2000,21,1.050000000,3240.418500000,3240.674000000,3236.061000000,4.613000000,-0.255500000,-511,1.150000000,3.314701307,4.850735520,19.463605947,0.778942803,9.910742912,1.000000000
803,fixed_random_bfs,366254594,512,44,468,1267,2000,2000,32,1.600000000,3240.418500000,3224.582500000,3216.002500000,8.580000000,15.836000000,31672,9.150000000,3.314701307,4.858232091,19.675640256,0.769256048,9.920544055,1.000000000
804,fixed_random_bfs,5498765240,512,36,476,905,2000,2000,0,0.000000000,3240.418500000,3240.418500000,3240.418500000,0.000000000,0.000000000,0,0.000000000,3.314701307,4.869729179,19.598769900,0.768841547,9.950805157,1.000000000
805,fixed_random_bfs,8627521325,512,56,456,2273,2000,2000,3,0.150000000,3240.418500000,3232.260500000,3231.269500000,0.991000000,8.158000000,16316,7.650000000,3.314701307,4.872283576,19.707569254,0.782872835,9.953784041,1.000000000
806,fixed_random_bfs,2405485566,512,31,481,814,2000,2000,3,0.150000000,3240.418500000,3235.890500000,3235.128500000,0.762000000,4.528000000,9056,2.750000000,3.314701307,4.862354254,19.398295037,0.761464658,9.933906425,1.000000000
807,fixed_random_bfs,9266726874,512,54,458,1283,2000,2000,1,0.050000000,3240.418500000,3238.086000000,3237.855500000,0.230500000,2.332500000,4665,2.750000000,3.314701307,4.894519202,19.699644143,0.759875392,10.001021455,1.000000000
808,fixed_random_bfs,8396779905,512,41,471,974,2000,2000,6,0.300000000,3240.418500000,3235.189000000,3234.203000000,0.986000000,5.229500000,10459,2.350000000,3.314701307,4.877659339,19.887568047,0.751497354,9.966922672,1.000000000
809,fixed_random_bfs,733197651,512,58,454,1583,2000,2000,0,0.000000000,3240.418500000,3240.172000000,3240.172000000,0.000000000,0.246500000,493,0.100000000,3.314701307,6.819228941,27.216512603,0.976226946,13.932914378,1.000000000
810,fixed_random_bfs,1445190604,512,58,454,1623,2000,2000,6,0.300000000,3240.418500000,3236.723500000,3235.289500000,1.434000000,3.695000000,7390,2.950000000,3.314701307,4.910455436,19.834130543,0.769246283,10.032349183,1.000000000
811,fixed_random_bfs,8558846927,512,51,461,1857,2000,2000,5,0.250000000,3240.418500000,3237.311500000,3235.803500000,1.508000000,3.107000000,6214,2.750000000,3.314701307,4.896945426,19.422689796,0.749463412,10.006013050,1.000000000
812,fixed_random_bfs,261120619,512,32,480,655,2000,2000,0,0.000000000,3240.418500000,3239.620000000,3239.620000000,0.000000000,0.798500000,1597,0.250000000,3.314701307,4.916760249,19.910724294,0.836595805,10.047688313,1.000000000
813,fixed_random_bfs,740363285,512,63,449,1035,2000,2000,128,6.400000000,3240.418500000,3168.008000000,3143.803500000,24.204500000,72.410500000,144821,35.600000000,3.314701307,6.804024017,27.409647643,0.988460223,13.885185308,1.000000000
814,fixed_random_bfs,712890869,512,42,470,881,2000,2000,0,0.000000000,3240.418500000,3239.320000000,3239.320000000,0.000000000,1.098500000,2197,0.350000000,3.314701307,6.787536849,27.261913758,1.099275278,13.869059123,1.000000000
815,fixed_random_bfs,2285851073,512,57,455,1663,2000,2000,1,0.050000000,3240.418500000,3239.729500000,3239.493500000,0.236000000,0.689000000,1378,0.600000000,3.314701307,6.868452964,27.672014747,1.265126899,14.033298603,1.000000000
816,fixed_random_bfs,261126813,512,66,446,1873,2000,2000,0,0.000000000,3240.418500000,3240.407500000,3240.407500000,0.000000000,0.011000000,22,0.150000000,3.314701307,6.826840030,27.353547054,1.107719510,13.949816292,1.000000000
817,fixed_random_bfs,1447042984,512,45,467,1132,2000,2000,1,0.050000000,3240.418500000,3236.748500000,3236.505500000,0.243000000,3.670000000,7340,2.200000000,3.314701307,4.939796502,19.864162942,0.783067654,10.095540630,1.000000000
818,fixed_random_bfs,5495577082,512,50,462,1496,2000,2000,5,0.250000000,3240.418500000,3240.581500000,3239.349000000,1.232500000,-0.163000000,-326,0.500000000,3.314701307,4.933830520,19.705397148,0.759806293,10.081793283,1.000000000
819,fixed_random_bfs,261119245,512,41,471,1310,2000,2000,3,0.150000000,3240.418500000,3238.213500000,3237.458000000,0.755500000,2.205000000,4410,1.150000000,3.314701307,6.828156538,27.702585795,1.126183338,13.953113927,1.000000000
820,fixed_random_bfs,8559110869,512,47,465,1490,2000,2000,38,1.900000000,3240.418500000,3201.777000000,3191.557000000,10.220000000,38.641500000,77283,20.850000000,3.314701307,6.794362536,27.370405595,0.994526198,13.873811849,1.000000000
821,fixed_random_bfs,3590702524,512,50,462,1691,2000,2000,3,0.150000000,3240.418500000,3239.614000000,3238.874500000,0.739500000,0.804500000,1609,0.600000000,3.314701307,6.893873310,28.190414900,1.141249566,14.085804184,1.000000000
822,fixed_random_bfs,2052085901,512,44,468,680,2000,2000,62,3.100000000,3240.418500000,3191.429000000,3180.289500000,11.139500000,48.989500000,97979,26.550000000,3.314701307,4.917103034,19.557556546,0.682622067,10.045704451,1.000000000
823,fixed_random_bfs,261199431,512,60,452,1287,2000,2000,0,0.000000000,3240.418500000,3239.734500000,3239.734500000,0.000000000,0.684000000,1368,0.400000000,3.314701307,4.968217589,20.018549489,0.764783408,10.151977956,1.000000000
824,fixed_random_bfs,2204462531,512,43,469,1303,2000,2000,75,3.750000000,3240.418500000,3195.179500000,3175.884000000,19.295500000,45.239000000,90478,26.450000000,3.314701307,5.094960925,20.245186405,0.780724100,10.411837164,1.000000000
825,fixed_random_bfs,1308231985,512,52,460,1542,2000,2000,4,0.200000000,3240.418500000,3231.357000000,3230.174000000,1.183000000,9.061500000,18123,6.850000000,3.314701307,4.866793921,19.645196199,0.860735404,9.944681321,1.000000000
826,fixed_random_bfs,5498764112,512,42,470,1485,2000,2000,0,0.000000000,3240.418500000,3240.418500000,3240.418500000,0.000000000,0.000000000,0,0.000000000,3.314701307,4.860353849,19.500318389,0.784911395,9.931564112,1.000000000
827,fixed_random_bfs,4334474208,512,61,451,3250,2000,2000,0,0.000000000,3240.418500000,3240.194500000,3240.194500000,0.000000000,0.224000000,448,0.150000000,3.314701307,6.788313323,27.480302400,1.156898175,13.869481869,1.000000000
828,fixed_random_bfs,4336249484,512,51,461,710,2000,2000,99,4.950000000,3240.418500000,3183.117000000,3163.313000000,19.804000000,57.301500000,114603,29.400000000,3.314701307,4.827604623,19.288292245,0.766606729,9.855949191,1.000000000
829,fixed_random_bfs,712831801,512,54,458,1789,2000,2000,7,0.350000000,3240.418500000,3238.769000000,3237.062000000,1.707000000,1.649500000,3299,1.350000000,3.314701307,6.812774461,27.080709852,1.176614602,13.917294855,1.000000000
830,fixed_random_bfs,4664178243,512,45,467,1892,2000,2000,13,0.650000000,3240.418500000,3237.657500000,3234.336500000,3.321000000,2.761000000,5522,2.600000000,3.314701307,6.814179924,27.203378049,1.175281488,13.920937523,1.000000000
831,fixed_random_bfs,2424209390,512,52,460,1650,2000,2000,0,0.000000000,3240.418500000,3240.188500000,3240.188500000,0.000000000,0.230000000,460,0.050000000,3.314701307,6.800858605,27.112026295,1.145187593,13.892255738,1.000000000
832,fixed_random_bfs,3235485014,512,55,457,1657,2000,2000,21,1.050000000,3240.418500000,3241.613500000,3236.284500000,5.329000000,-1.195000000,-2390,1.050000000,3.314701307,6.823279574,27.311486748,1.154648745,13.939883235,1.000000000
833,fixed_random_bfs,8559015718,512,49,463,1460,2000,2000,0,0.000000000,3240.418500000,3240.065000000,3240.065000000,0.000000000,0.353500000,707,0.200000000,3.314701307,6.826482941,27.462198650,1.163445354,13.947396973,1.000000000
834,fixed_random_bfs,368085355,512,55,457,1617,2000,2000,11,0.550000000,3240.418500000,3233.932000000,3231.052000000,2.880000000,6.486500000,12973,4.850000000,3.314701307,6.837983536,27.559934500,1.141737281,13.967206973,1.000000000
835,fixed_random_bfs,261187945,512,53,459,1850,2000,2000,0,0.000000000,3240.418500000,3240.152500000,3240.152500000,0.000000000,0.266000000,532,0.100000000,3.314701307,6.804600398,27.329368695,1.151538025,13.902736447,1.000000000
836,fixed_random_bfs,5495425441,512,63,449,2278,2000,2000,0,0.000000000,3240.418500000,3240.170500000,3240.170500000,0.000000000,0.248000000,496,0.150000000,3.314701307,6.843331039,27.481216863,1.142693578,13.981508535,1.000000000
837,fixed_random_bfs,1895426602,512,40,472,682,2000,2000,0,0.000000000,3240.418500000,3239.396500000,3239.396500000,0.000000000,1.022000000,2044,0.500000000,3.314701307,6.821633158,27.409513052,1.146794708,13.939308890,1.000000000
838,fixed_random_bfs,2264917058,512,62,450,2007,2000,2000,8,0.400000000,3240.418500000,3233.314000000,3231.205500000,2.108500000,7.104500000,14209,4.950000000,3.314701307,4.884010493,19.338611459,0.688052716,9.979428323,1.000000000
839,fixed_random_bfs,252016065,512,53,459,2653,2000,2000,0,0.000000000,3240.418500000,3239.901000000,3239.901000000,0.000000000,0.517500000,1035,0.200000000,3.314701307,4.877547394,19.755945604,0.800639919,9.967522237,1.000000000
840,fixed_random_bfs,2059926481,512,62,450,2565,2000,2000,1,0.050000000,3240.418500000,3240.292500000,3240.044000000,0.248500000,0.126000000,252,0.050000000,3.314701307,6.780281322,27.018906497,1.093827032,13.852005254,1.000000000
841,fixed_random_bfs,261159022,512,56,456,1701,2000,2000,6,0.300000000,3240.418500000,3236.774500000,3235.329500000,1.445000000,3.644000000,7288,2.500000000,3.314701307,4.882765772,19.507203255,0.765424658,9.976873103,1.000000000
842,fixed_random_bfs,263985418,512,60,452,1713,2000,2000,16,0.800000000,3240.418500000,3225.302000000,3221.522000000,3.780000000,15.116500000,30233,9.950000000,3.314701307,6.860918954,27.324800348,1.104225405,14.017735173,1.000000000
843,fixed_random_bfs,2470394513,512,53,459,1655,2000,2000,11,0.550000000,3240.418500000,3233.550000000,3230.854000000,2.696000000,6.868500000,13737,5.900000000,3.314701307,4.882273904,19.828867297,0.761665560,9.975775648,1.000000000
844,fixed_random_bfs,4334560534,512,45,467,1235,2000,2000,4,0.200000000,3240.418500000,3237.860500000,3236.886500000,0.974000000,2.558000000,5116,2.250000000,3.314701307,4.897417651,19.604397899,0.771631320,10.007734216,1.000000000
845,fixed_random_bfs,250755880,512,36,476,639,2000,2000,112,5.600000000,3240.418500000,3192.686000000,3170.825000000,21.861000000,47.732500000,95465,30.000000000,3.314701307,4.870074642,19.401206110,0.760598701,9.939810975,1.000000000
846,fixed_random_bfs,3188221477,512,56,456,996,2000,2000,65,3.250000000,3240.418500000,3195.949000000,3184.502000000,11.447000000,44.469500000,88939,28.500000000,3.314701307,4.909624553,19.695558902,0.770627035,10.027498456,1.000000000
847,fixed_random_bfs,9272040577,512,42,470,1303,2000,2000,0,0.000000000,3240.418500000,3240.404500000,3240.404500000,0.000000000,0.014000000,28,0.050000000,3.314701307,6.917434346,28.190976103,1.089107783,14.130731619,1.000000000
848,fixed_random_bfs,5493045897,512,35,477,933,2000,2000,6,0.300000000,3240.418500000,3236.096000000,3234.337500000,1.758500000,4.322500000,8645,2.750000000,3.314701307,4.911350027,19.808350948,0.747230759,10.035860700,1.000000000
849,fixed_random_bfs,2480086275,512,58,454,1396,2000,2000,0,0.000000000,3240.418500000,3240.201000000,3240.201000000,0.000000000,0.217500000,435,0.050000000,3.314701307,4.906507443,19.634882959,0.774910017,10.026834814,1.000000000
850,fixed_random_bfs,3243896896,512,39,473,767,2000,2000,2,0.100000000,3240.418500000,3236.386000000,3235.897500000,0.488500000,4.032500000,8065,2.600000000,3.314701307,4.904986640,19.588111946,0.754584234,10.023274851,1.000000000
851,fixed_random_bfs,5496018370,512,46,466,1340,2000,2000,2,0.100000000,3240.418500000,3240.232000000,3239.734000000,0.498000000,0.186500000,373,0.450000000,3.314701307,4.933755701,19.885521093,0.679374541,10.081186558,1.000000000
852,fixed_random_bfs,253265995,512,63,449,3543,2000,2000,0,0.000000000,3240.418500000,3239.970500000,3239.970500000,0.000000000,0.448000000,896,0.150000000,3.314701307,4.923003909,19.649469894,0.783275642,10.059686707,1.000000000
853,fixed_random_bfs,7210853318,512,52,460,1987,2000,2000,3,0.150000000,3240.418500000,3239.517500000,3238.772000000,0.745500000,0.901000000,1802,0.900000000,3.314701307,4.923263952,19.669410697,0.760647790,10.059662583,1.000000000
854,fixed_random_bfs,4332898188,512,50,462,1447,2000,2000,0,0.000000000,3240.418500000,3239.617000000,3239.617000000,0.000000000,0.801500000,1603,0.350000000,3.314701307,6.857744538,27.405746356,1.109737321,14.012584076,1.000000000
855,fixed_random_bfs,5893114055,512,47,465,1414,2000,2000,3,0.150000000,3240.418500000,3238.611000000,3237.679000000,0.932000000,1.807500000,3615,1.750000000,3.314701307,4.949712207,20.142263441,0.759403965,10.115077178,1.000000000
856,fixed_random_bfs,6993685404,512,44,468,890,2000,2000,28,1.400000000,3240.418500000,3229.600500000,3222.967500000,6.633000000,10.818000000,21636,6.850000000,3.314701307,4.940848179,19.784073790,0.771949719,10.091710842,1.000000000
857,fixed_random_bfs,739118799,512,50,462,598,2000,2000,106,5.300000000,3240.418500000,3194.439000000,3178.244000000,16.195000000,45.979500000,91959,27.900000000,3.314701307,5.087906798,20.177480148,0.779047129,10.389653753,1.000000000
858,fixed_random_bfs,4632950201,512,45,467,1604,2000,2000,0,0.000000000,3240.418500000,3240.187000000,3240.187000000,0.000000000,0.231500000,463,0.150000000,3.314701307,6.789649947,27.144672503,1.138069310,13.871008637,1.000000000
859,fixed_random_bfs,261154311,512,61,451,1157,2000,2000,95,4.750000000,3240.418500000,3185.789500000,3168.451000000,17.338500000,54.629000000,109258,29.150000000,3.314701307,6.747993670,27.021001144,1.095325120,13.772352571,1.000000000
860,fixed_random_bfs,5870665563,512,49,463,1185,2000,2000,7,0.350000000,3240.418500000,3232.697500000,3230.882500000,1.815000000,7.721000000,15442,5.800000000,3.314701307,6.839809756,27.294185410,1.086299745,13.971448019,1.000000000
861,fixed_random_bfs,5493141226,512,55,457,1783,2000,2000,70,3.500000000,3240.418500000,3218.856500000,3201.351500000,17.505000000,21.562000000,43124,14.000000000,3.314701307,6.862258989,27.296842801,1.004065439,14.007945380,1.000000000
862,fixed_random_bfs,26098098,512,32,480,344,2000,2000,34,1.700000000,3240.418500000,3220.424000000,3213.012500000,7.411500000,19.994500000,39989,16.650000000,3.314701307,4.833114441,19.251532041,0.765988828,9.875007662,1.000000000
863,fixed_random_bfs,1402601168,512,53,459,1901,2000,2000,1,0.050000000,3240.418500000,3240.371000000,3240.121500000,0.249500000,0.047500000,95,0.050000000,3.314701307,4.855152942,19.291939649,0.685054411,9.921108932,1.000000000
864,fixed_random_bfs,8632902383,512,56,456,1574,2000,2000,0,0.000000000,3240.418500000,3239.531000000,3239.531000000,0.000000000,0.887500000,1775,0.550000000,3.314701307,4.868853158,19.514664345,0.772100801,9.949249551,1.000000000
865,fixed_random_bfs,6412880561,512,59,453,1701,2000,2000,3,0.150000000,3240.418500000,3238.013500000,3237.535000000,0.478500000,2.405000000,4810,1.850000000,3.314701307,6.789819700,27.611168446,1.091618565,13.871778493,1.000000000
866,fixed_random_bfs,1394127133,512,32,480,510,2000,2000,7,0.350000000,3240.418500000,3239.456500000,3237.876500000,1.580000000,0.962000000,1924,1.000000000,3.314701307,6.779930823,27.473611600,1.074981216,13.853081321,1.000000000
867,fixed_random_bfs,2437252806,512,38,474,877,2000,2000,0,0.000000000,3240.418500000,3239.817500000,3239.817500000,0.000000000,0.601000000,1202,0.350000000,3.314701307,4.880215396,19.631597750,0.751038905,9.973756031,1.000000000
868,fixed_random_bfs,249721498,512,47,465,1271,2000,2000,0,0.000000000,3240.418500000,3240.312000000,3240.312000000,0.000000000,0.106500000,213,0.050000000,3.314701307,6.877764065,27.802870459,0.982585354,14.053046670,1.000000000
869,fixed_random_bfs,367783403,512,26,486,403,2000,2000,0,0.000000000,3240.418500000,3240.090500000,3240.090500000,0.000000000,0.328000000,656,0.150000000,3.314701307,4.871957894,19.687533005,0.771455088,9.957488814,1.000000000
870,fixed_random_bfs,261258730,512,48,464,1168,2000,2000,30,1.500000000,3240.418500000,3243.456500000,3235.116500000,8.340000000,-3.038000000,-6076,1.000000000,3.314701307,4.898855368,19.706231646,0.851273806,10.009688473,1.000000000
871,fixed_random_bfs,261151798,512,39,473,823,2000,2000,0,0.000000000,3240.418500000,3239.671000000,3239.671000000,0.000000000,0.747500000,1495,0.250000000,3.314701307,4.879779672,19.554967145,0.759379478,9.972993479,1.000000000
872,fixed_random_bfs,8781276440,512,46,466,1074,2000,2000,17,0.850000000,3240.418500000,3227.472000000,3224.115500000,3.356500000,12.946500000,25893,6.950000000,3.314701307,4.886913433,19.543640050,0.762007700,9.984240497,1.000000000
873,fixed_random_bfs,4332992576,512,61,451,2634,2000,2000,3,0.150000000,3240.418500000,3238.683500000,3237.703500000,0.980000000,1.735000000,3470,1.900000000,3.314701307,4.923447153,19.568786649,0.769205076,10.061497684,1.000000000
874,fixed_random_bfs,1925397776,512,46,466,1065,2000,2000,2,0.100000000,3240.418500000,3236.553000000,3236.061000000,0.492000000,3.865500000,7731,2.800000000,3.314701307,4.924363947,19.752279297,0.771572485,10.062735721,1.000000000
875,fixed_random_bfs,1767033494,512,30,482,812,2000,2000,5,0.250000000,3240.418500000,3240.308500000,3239.030500000,1.278000000,0.110000000,220,0.250000000,3.314701307,4.915263057,19.646131703,0.739789592,10.044123517,1.000000000
876,fixed_random_bfs,5492720491,512,45,467,950,2000,2000,24,1.200000000,3240.418500000,3228.948000000,3225.228000000,3.720000000,11.470500000,22941,5.450000000,3.314701307,4.941595960,19.775023148,0.770474483,10.095908911,1.000000000
877,fixed_random_bfs,2427056336,512,38,474,1061,2000,2000,0,0.000000000,3240.418500000,3240.182000000,3240.182000000,0.000000000,0.236500000,473,0.050000000,3.314701307,4.931217663,19.786164746,0.857907552,10.078487263,1.000000000
878,fixed_random_bfs,5892566527,512,53,459,1612,2000,2000,38,1.900000000,3240.418500000,3213.180500000,3203.636500000,9.544000000,27.238000000,54476,14.900000000,3.314701307,6.840976625,27.672706394,1.142815856,13.971219714,1.000000000
879,fixed_random_bfs,365281698,512,53,459,1231,2000,2000,4,0.200000000,3240.418500000,3233.076500000,3232.127500000,0.949000000,7.342000000,14684,3.850000000,3.314701307,4.936556358,19.904838253,0.765333254,10.087554193,1.000000000
880,fixed_random_bfs,257108485,512,46,466,1015,2000,2000,32,1.600000000,3240.418500000,3218.232500000,3210.843500000,7.389000000,22.186000000,44372,12.000000000,3.314701307,6.810200334,27.502495801,1.156475026,13.909178600,1.000000000
881,fixed_random_bfs,27728979,512,52,460,1034,2000,2000,8,0.400000000,3240.418500000,3235.764000000,3234.332500000,1.431500000,4.654500000,9309,4.300000000,3.314701307,6.822802469,27.306229099,1.022417714,13.940616124,1.000000000
882,fixed_random_bfs,6842444169,512,51,461,1259,2000,2000,40,2.000000000,3240.418500000,3230.415500000,3222.239500000,8.176000000,10.003000000,20006,5.650000000,3.314701307,6.840084809,27.533524149,1.134091575,13.967881115,1.000000000
883,fixed_random_bfs,2287552797,512,30,482,406,2000,2000,24,1.200000000,3240.418500000,3241.108500000,3235.191000000,5.917500000,-0.690000000,-1380,1.100000000,3.314701307,6.830938183,27.352876956,1.145030938,13.957364378,1.000000000
884,fixed_random_bfs,261351633,512,40,472,1263,2000,2000,17,0.850000000,3240.418500000,3234.185500000,3229.405000000,4.780500000,6.233000000,12466,5.150000000,3.314701307,6.861103117,27.816441892,1.162441088,14.016721067,1.000000000
885,fixed_random_bfs,7185483877,512,39,473,740,2000,2000,12,0.600000000,3240.418500000,3221.866500000,3219.014500000,2.852000000,18.552000000,37104,8.500000000,3.314701307,6.813259387,27.401972451,1.136864007,13.920853930,1.000000000
886,fixed_random_bfs,2276463726,512,49,463,1208,2000,2000,5,0.250000000,3240.418500000,3227.948500000,3227.252000000,0.696500000,12.470000000,24940,8.000000000,3.314701307,6.854635356,27.534999751,1.131646105,14.005334064,1.000000000
887,fixed_random_bfs,26794605,512,47,465,1236,2000,2000,29,1.450000000,3240.418500000,3210.257500000,3203.102000000,7.155500000,30.161000000,60322,15.650000000,3.314701307,6.830773475,27.830291989,1.123373690,13.955021203,1.000000000
888,fixed_random_bfs,8625790156,512,47,465,1341,2000,2000,52,2.600000000,3240.418500000,3213.484500000,3202.071500000,11.413000000,26.934000000,53868,17.350000000,3.314701307,6.850997273,27.658077296,1.003265205,13.989061022,1.000000000
889,fixed_random_bfs,619011820,512,48,464,675,2000,2000,114,5.700000000,3240.418500000,3182.360500000,3159.080500000,23.280000000,58.058000000,116116,29.150000000,3.314701307,6.757546201,26.519852806,1.099251456,13.792849197,1.000000000
890,fixed_random_bfs,4332690400,512,44,468,975,2000,2000,2,0.100000000,3240.418500000,3238.524500000,3238.040500000,0.484000000,1.894000000,3788,1.400000000,3.314701307,6.898438371,27.554814398,1.126326619,14.096488598,1.000000000
891,fixed_random_bfs,261267405,512,31,481,681,2000,2000,0,0.000000000,3240.418500000,3237.807500000,3237.807500000,0.000000000,2.611000000,5222,1.000000000,3.314701307,4.944972823,19.890539312,0.755509854,10.106649666,1.000000000
892,fixed_random_bfs,4034165814,512,60,452,2509,2000,2000,0,0.000000000,3240.418500000,3240.214500000,3240.214500000,0.000000000,0.204000000,408,0.050000000,3.314701307,4.938331283,19.743514995,0.798249323,10.092411979,1.000000000
893,fixed_random_bfs,261149741,512,33,479,689,2000,2000,0,0.000000000,3240.418500000,3240.125500000,3240.125500000,0.000000000,0.293000000,586,0.100000000,3.314701307,6.943312564,28.074465241,1.094330499,14.185435037,1.000000000
894,fixed_random_bfs,4121470137,512,63,449,2541,2000,2000,116,5.800000000,3240.418500000,3188.651000000,3157.176000000,31.475000000,51.767500000,103535,26.200000000,3.314701307,5.007272111,19.984149103,0.767571481,10.218135931,1.000000000
895,fixed_random_bfs,2386528553,512,41,471,1228,2000,2000,0,0.000000000,3240.418500000,3240.183000000,3240.183000000,0.000000000,0.235500000,471,0.050000000,3.314701307,4.957363248,19.722855949,0.772820349,10.130855543,1.000000000
896,fixed_random_bfs,2172902503,512,32,480,787,2000,2000,1,0.050000000,3240.418500000,3238.801500000,3238.560500000,0.241000000,1.617000000,3234,1.150000000,3.314701307,5.112904705,20.600203250,0.806310846,10.456015324,1.000000000
897,fixed_random_bfs,5871043170,512,42,470,884,2000,2000,1,0.050000000,3240.418500000,3238.930000000,3238.698000000,0.232000000,1.488500000,2977,1.350000000,3.314701307,4.823754159,19.374587891,0.667117617,9.855852000,1.000000000
898,fixed_random_bfs,261339802,512,37,475,796,2000,2000,2,0.100000000,3240.418500000,3239.611000000,3239.119000000,0.492000000,0.807500000,1615,0.900000000,3.314701307,4.837760975,19.496373554,0.749610998,9.884564074,1.000000000
899,fixed_random_bfs,6927923308,512,24,488,485,2000,2000,0,0.000000000,3240.418500000,3240.175000000,3240.175000000,0.000000000,0.243500000,487,0.050000000,3.314701307,4.838200829,19.450391906,0.658465597,9.886712184,1.000000000
900,fixed_random_bfs,261163058,512,31,481,628,2000,2000,9,0.450000000,3240.418500000,3234.843000000,3232.098500000,2.744500000,5.575500000,11151,3.500000000,3.314701307,4.848437397,19.463757752,0.757010289,9.907661827,1.000000000
901,fixed_random_bfs,1884321672,512,52,460,826,2000,2000,76,3.800000000,3240.418500000,3187.959000000,3173.275500000,14.683500000,52.459500000,104919,28.500000000,3.314701307,6.767338439,26.881259792,1.101863640,13.817149988,1.000000000
902,fixed_random_bfs,9252887577,512,65,447,571,2000,2000,0,0.000000000,3240.418500000,3240.231500000,3240.231500000,0.000000000,0.187000000,374,0.400000000,3.314701307,4.929566599,19.887798640,0.782206607,10.074521088,1.000000000
903,fixed_random_bfs,704745744,512,47,465,519,2000,2000,32,1.600000000,3240.418500000,3196.011500000,3192.021500000,3.990000000,44.407000000,88814,26.450000000,3.314701307,4.826390245,19.395453200,0.683483299,9.858462497,1.000000000
904,fixed_random_bfs,2410191493,512,42,470,969,2000,2000,1,0.050000000,3240.418500000,3240.466000000,3240.218000000,0.248000000,-0.047500000,-95,0.200000000,3.314701307,4.862794286,19.426465806,0.769915154,9.935105976,1.000000000
905,fixed_random_bfs,261260840,512,56,456,1511,2000,2000,5,0.250000000,3240.418500000,3239.963500000,3238.771000000,1.192500000,0.455000000,910,0.900000000,3.314701307,4.868722461,19.380576653,0.784640305,9.948309290,1.000000000
906,fixed_random_bfs,5530095678,512,51,461,1421,2000,2000,0,0.000000000,3240.418500000,3240.167000000,3240.167000000,0.000000000,0.251500000,503,0.150000000,3.314701307,4.895667858,19.605210402,0.778647822,10.002339889,1.000000000
907,fixed_random_bfs,1262464964,512,41,471,1372,2000,2000,7,0.350000000,3240.418500000,3240.354000000,3238.592500000,1.761500000,0.064500000,129,0.200000000,3.314701307,4.902643901,19.586976448,0.684409521,10.017472263,1.000000000
908,fixed_random_bfs,5866182641,512,53,459,1246,2000,2000,1,0.050000000,3240.418500000,3240.066000000,3239.829000000,0.237000000,0.352500000,705,0.300000000,3.314701307,6.779246436,27.102853711,1.111112422,13.850444014,1.000000000
909,fixed_random_bfs,253401399,512,45,467,1530,2000,2000,1,0.050000000,3240.418500000,3239.227000000,3238.975500000,0.251500000,1.191500000,2383,0.750000000,3.314701307,6.758344143,27.461633600,1.223283685,13.808834503,1.000000000
910,fixed_random_bfs,4276883026,512,52,460,1737,2000,2000,1,0.050000000,3240.418500000,3240.286500000,3240.038000000,0.248500000,0.132000000,264,0.050000000,3.314701307,4.896497354,19.927684248,0.858144258,10.004897536,1.000000000
911,fixed_random_bfs,261339598,512,59,453,1571,2000,2000,1,0.050000000,3240.418500000,3239.839000000,3239.600500000,0.238500000,0.579500000,1159,0.300000000,3.314701307,4.907914433,19.480195543,0.680692605,10.029486140,1.000000000
912,fixed_random_bfs,1562381470,512,39,473,749,2000,2000,14,0.700000000,3240.418500000,3239.037000000,3235.469500000,3.567500000,1.381500000,2763,1.750000000,3.314701307,6.840893122,27.309071103,1.101356453,13.974332039,1.000000000
913,fixed_random_bfs,261262157,512,46,466,1268,2000,2000,3,0.150000000,3240.418500000,3236.805000000,3236.066500000,0.738500000,3.613500000,7227,2.050000000,3.314701307,6.799120926,27.016364710,1.096858603,13.891864535,1.000000000
914,fixed_random_bfs,2462093305,512,48,464,1132,2000,2000,0,0.000000000,3240.418500000,3239.970000000,3239.970000000,0.000000000,0.448500000,897,0.300000000,3.314701307,4.906809957,19.681502445,0.687838271,10.027263758,1.000000000
915,fixed_random_bfs,5701128373,512,33,479,608,2000,2000,91,4.550000000,3240.418500000,3170.037500000,3147.570500000,22.467000000,70.381000000,140762,27.750000000,3.314701307,6.680900342,26.899548847,1.085509945,13.639234665,1.000000000
916,fixed_random_bfs,4332607630,512,48,464,1045,2000,2000,1,0.050000000,3240.418500000,3227.530500000,3227.313500000,0.217000000,12.888000000,25776,6.400000000,3.314701307,4.919323970,19.712379811,0.754514023,10.051554130,1.000000000
917,fixed_random_bfs,5496464808,512,34,478,929,2000,2000,0,0.000000000,3240.418500000,3240.179500000,3240.179500000,0.000000000,0.239000000,478,0.050000000,3.314701307,6.807726352,27.380291904,1.078403779,13.908916972,1.000000000
918,fixed_random_bfs,9268847893,512,49,463,2118,2000,2000,0,0.000000000,3240.418500000,3240.187000000,3240.187000000,0.000000000,0.231500000,463,0.050000000,3.314701307,6.890908395,27.509718603,1.092695774,14.080271634,1.000000000
919,fixed_random_bfs,1977373042,512,45,467,1168,2000,2000,78,3.900000000,3240.418500000,3161.346500000,3143.447500000,17.899000000,79.072000000,158144,32.000000000,3.314701307,4.899895981,19.343899451,0.739258088,10.004024194,1.000000000
920,fixed_random_bfs,356949537,512,49,463,1456,2000,2000,9,0.450000000,3240.418500000,3231.692000000,3229.469000000,2.223000000,8.726500000,17453,5.950000000,3.314701307,4.948831814,19.808901245,0.678234799,10.111821558,1.000000000
921,fixed_random_bfs,1886252471,512,54,458,1741,2000,2000,6,0.300000000,3240.418500000,3233.850500000,3232.637500000,1.213000000,6.568000000,13136,5.250000000,3.314701307,4.966251194,19.819198644,0.758570417,10.148890591,1.000000000
922,fixed_random_bfs,261292554,512,48,464,1271,2000,2000,0,0.000000000,3240.418500000,3240.097500000,3240.097500000,0.000000000,0.321000000,642,0.150000000,3.314701307,4.997069030,19.795184390,0.777645066,10.211546084,1.000000000
923,fixed_random_bfs,5493015857,512,58,454,1616,2000,2000,2,0.100000000,3240.418500000,3240.448000000,3239.975500000,0.472500000,-0.029500000,-59,0.200000000,3.314701307,6.816654048,27.652352046,1.196048612,13.925663323,1.000000000
924,fixed_random_bfs,261277989,512,28,484,363,2000,2000,3,0.150000000,3240.418500000,3239.794000000,3239.307500000,0.486500000,0.624500000,1249,0.300000000,3.314701307,6.811766144,27.557462757,1.151393454,13.919473585,1.000000000
925,fixed_random_bfs,8531005620,512,52,460,2032,2000,2000,0,0.000000000,3240.418500000,3240.308000000,3240.308000000,0.000000000,0.110500000,221,0.050000000,3.314701307,6.821851476,27.457368561,1.216202237,13.937532590,1.000000000
926,fixed_random_bfs,289549956,512,43,469,1104,2000,2000,2,0.100000000,3240.418500000,3240.128500000,3239.631500000,0.497000000,0.290000000,580,0.450000000,3.314701307,6.819397350,27.367073747,1.185092183,13.931977832,1.000000000
927,fixed_random_bfs,5492735310,512,46,466,630,2000,2000,22,1.100000000,3240.418500000,3209.547500000,3204.680500000,4.867000000,30.871000000,61742,19.650000000,3.314701307,6.773358122,27.150391152,1.181196031,13.836173049,1.000000000
928,fixed_random_bfs,261132207,512,54,458,1532,2000,2000,23,1.150000000,3240.418500000,3219.945000000,3214.409500000,5.535500000,20.473500000,40947,10.800000000,3.314701307,6.810192345,27.730165404,1.205444094,13.907405443,1.000000000
929,fixed_random_bfs,261115198,512,50,462,1458,2000,2000,10,0.500000000,3240.418500000,3237.355500000,3234.669000000,2.686500000,3.063000000,6126,2.250000000,3.314701307,6.832410216,27.760081102,1.197004992,13.955240233,1.000000000
930,fixed_random_bfs,733295897,512,70,442,1887,2000,2000,0,0.000000000,3240.418500000,3240.098000000,3240.098000000,0.000000000,0.320500000,641,0.250000000,3.314701307,6.843274263,27.642263400,1.173120038,13.981271066,1.000000000
931,fixed_random_bfs,9018086999,512,47,465,1567,2000,2000,0,0.000000000,3240.418500000,3240.333500000,3240.333500000,0.000000000,0.085000000,170,0.050000000,3.314701307,5.084995603,20.444005111,0.814367228,10.397212095,1.000000000
932,fixed_random_bfs,368372153,512,47,465,1137,2000,2000,0,0.000000000,3240.418500000,3240.186000000,3240.186000000,0.000000000,0.232500000,465,0.050000000,3.314701307,6.837480278,27.453524560,1.165748716,13.970845049,1.000000000
933,fixed_random_bfs,9268972339,512,53,459,1628,2000,2000,14,0.700000000,3240.418500000,3235.899500000,3231.678500000,4.221000000,4.519000000,9038,3.100000000,3.314701307,6.853427844,27.260497357,1.183527640,13.999528483,1.000000000
934,fixed_random_bfs,261149697,512,57,455,1581,2000,2000,5,0.250000000,3240.418500000,3235.694500000,3234.247500000,1.447000000,4.724000000,9448,4.000000000,3.314701307,6.780298773,27.132705200,1.154653966,13.851927339,1.000000000
935,fixed_random_bfs,2763340316,512,34,478,933,2000,2000,101,5.050000000,3240.418500000,3196.621500000,3169.016000000,27.605500000,43.797000000,87594,25.200000000,3.314701307,4.820885191,19.050024549,0.758458976,9.842832023,1.000000000
936,fixed_random_bfs,261118314,512,48,464,1773,2000,2000,3,0.150000000,3240.418500000,3238.734500000,3237.976500000,0.758000000,1.684000000,3368,1.400000000,3.314701307,4.865116388,19.565600843,0.761822508,9.941527639,1.000000000
937,fixed_random_bfs,367740196,512,48,464,1379,2000,2000,0,0.000000000,3240.418500000,3240.173500000,3240.173500000,0.000000000,0.245000000,490,0.100000000,3.314701307,4.865315236,19.637507547,0.748977775,9.942664170,1.000000000
938,fixed_random_bfs,345098470,512,57,455,1691,2000,2000,5,0.250000000,3240.418500000,3233.219500000,3231.895000000,1.324500000,7.199000000,14398,5.400000000,3.314701307,6.870982313,27.906967798,1.147632824,14.039586938,1.000000000
939,fixed_random_bfs,8481070057,512,36,476,582,2000,2000,0,0.000000000,3240.418500000,3240.124500000,3240.124500000,0.000000000,0.294000000,588,0.100000000,3.314701307,4.871639601,19.644321898,0.750970570,9.955634099,1.000000000
940,fixed_random_bfs,2180439086,512,57,455,1819,2000,2000,7,0.350000000,3240.418500000,3237.072500000,3235.620000000,1.452500000,3.346000000,6692,2.150000000,3.314701307,6.877324526,27.858243101,1.100032917,14.048439423,1.000000000
941,fixed_random_bfs,1959945901,512,54,458,1147,2000,2000,168,8.400000000,3240.418500000,3181.289000000,3140.501000000,40.788000000,59.129500000,118259,29.000000000,3.314701307,4.848962846,19.203708157,0.766835166,9.890533835,1.000000000
942,fixed_random_bfs,9297377520,512,47,465,1726,2000,2000,0,0.000000000,3240.418500000,3240.413500000,3240.413500000,0.000000000,0.005000000,10,0.050000000,3.314701307,4.905130214,19.751124298,0.701853954,10.025073023,1.000000000
943,fixed_random_bfs,677227295,512,63,449,2218,2000,2000,0,0.000000000,3240.418500000,3240.206000000,3240.206000000,0.000000000,0.212500000,425,0.200000000,3.314701307,4.870644249,19.584672242,0.776080766,9.953953775,1.000000000
944,fixed_random_bfs,713334253,512,53,459,928,2000,2000,147,7.350000000,3240.418500000,3173.765000000,3138.943000000,34.822000000,66.653500000,133307,30.000000000,3.314701307,4.850940578,19.493558149,0.675999785,9.896891474,1.000000000
945,fixed_random_bfs,365061644,512,46,466,1176,2000,2000,2,0.100000000,3240.418500000,3239.685500000,3239.197500000,0.488000000,0.733000000,1466,0.500000000,3.314701307,4.914554516,19.752628801,0.671529328,10.040533531,1.000000000
946,fixed_random_bfs,368016158,512,62,450,1796,2000,2000,0,0.000000000,3240.418500000,3240.073000000,3240.073000000,0.000000000,0.345500000,691,0.350000000,3.314701307,4.906136527,19.862995490,0.772642160,10.025069365,1.000000000
947,fixed_random_bfs,347273233,512,50,462,1422,2000,2000,0,0.000000000,3240.418500000,3238.950000000,3238.950000000,0.000000000,1.468500000,2937,1.800000000,3.314701307,4.894617282,20.158251608,0.687168057,9.999813630,1.000000000
948,fixed_random_bfs,2437665432,512,52,460,1652,2000,2000,0,0.000000000,3240.418500000,3240.096500000,3240.096500000,0.000000000,0.322000000,644,0.150000000,3.314701307,4.906245161,19.631192100,0.854675612,10.024476218,1.000000000
949,fixed_random_bfs,5926551917,512,49,463,1174,2000,2000,9,0.450000000,3240.418500000,3230.597000000,3228.452500000,2.144500000,9.821500000,19643,4.950000000,3.314701307,4.890243580,19.440537861,0.760306259,9.992320554,1.000000000
950,fixed_random_bfs,2437601165,512,62,450,2092,2000,2000,0,0.000000000,3240.418500000,3239.136500000,3239.136500000,0.000000000,1.282000000,2564,1.050000000,3.314701307,4.920869315,19.831118344,0.757855114,10.054124535,1.000000000
951,fixed_random_bfs,9253429567,512,44,468,975,2000,2000,0,0.000000000,3240.418500000,3240.016000000,3240.016000000,0.000000000,0.402500000,805,0.250000000,3.314701307,6.811072751,27.111828854,1.098593520,13.915010065,1.000000000
952,fixed_random_bfs,5978800441,512,48,464,1655,2000,2000,2,0.100000000,3240.418500000,3237.786500000,3237.046000000,0.740500000,2.632000000,5264,2.750000000,3.314701307,4.922707634,19.486308548,0.754220633,10.059078730,1.000000000
953,fixed_random_bfs,261137234,512,53,459,1769,2000,2000,1,0.050000000,3240.418500000,3238.597500000,3238.353500000,0.244000000,1.821000000,3642,1.050000000,3.314701307,4.926586168,19.754638296,0.763938036,10.066998868,1.000000000
954,fixed_random_bfs,8721374901,512,69,443,4101,2000,2000,0,0.000000000,3240.418500000,3240.197000000,3240.197000000,0.000000000,0.221500000,443,0.050000000,3.314701307,6.813153879,27.280118652,1.159507369,13.920474831,1.000000000
955,fixed_random_bfs,1967797035,512,54,458,1774,2000,2000,31,1.550000000,3240.418500000,3244.524000000,3234.986500000,9.537500000,-4.105500000,-8211,1.100000000,3.314701307,6.821207561,27.313990503,0.987203879,13.935910949,1.000000000
956,fixed_random_bfs,4332818848,512,46,466,1937,2000,2000,0,0.000000000,3240.418500000,3239.042500000,3239.042500000,0.000000000,1.376000000,2752,0.900000000,3.314701307,6.843935082,27.243943700,1.129005313,13.984455426,1.000000000
957,fixed_random_bfs,261122113,512,49,463,1307,2000,2000,0,0.000000000,3240.418500000,3240.187000000,3240.187000000,0.000000000,0.231500000,463,0.050000000,3.314701307,4.979012809,19.670945603,0.866905682,10.175213766,1.000000000
958,fixed_random_bfs,677227301,512,69,443,2099,2000,2000,0,0.000000000,3240.418500000,3240.234500000,3240.234500000,0.000000000,0.184000000,368,0.200000000,3.314701307,6.893122670,27.375029299,1.152952443,14.081975982,1.000000000
959,fixed_random_bfs,2399008216,512,47,465,953,2000,2000,11,0.550000000,3240.418500000,3230.188000000,3227.814000000,2.374000000,10.230500000,20461,6.600000000,3.314701307,6.816928674,26.915579552,1.122705145,13.924007622,1.000000000
960,fixed_random_bfs,317350363,512,42,470,1301,2000,2000,0,0.000000000,3240.418500000,3239.874000000,3239.874000000,0.000000000,0.544500000,1089,0.200000000,3.314701307,4.973526825,20.103832796,0.682920098,10.163284091,1.000000000
961,fixed_random_bfs,261199946,512,35,477,730,2000,2000,0,0.000000000,3240.418500000,3240.416000000,3240.416000000,0.000000000,0.002500000,5,0.050000000,3.314701307,6.821552548,27.834025649,1.099427647,13.939650279,1.000000000
962,fixed_random_bfs,7911759430,512,47,465,1608,2000,2000,0,0.000000000,3240.418500000,3240.186000000,3240.186000000,0.000000000,0.232500000,465,0.050000000,3.314701307,6.889135351,27.832584355,1.127780824,14.075066985,1.000000000
963,fixed_random_bfs,9169043147,512,51,461,1570,2000,2000,65,3.250000000,3240.418500000,3182.186500000,3166.132000000,16.054500000,58.232000000,116464,25.750000000,3.314701307,5.056088182,20.271152247,0.819493558,10.329294218,1.000000000
964,fixed_random_bfs,709393088,512,45,467,412,2000,2000,7,0.350000000,3240.418500000,3203.248000000,3202.909500000,0.338500000,37.170500000,74341,35.450000000,3.314701307,4.800729196,19.067596249,0.756827941,9.809943642,1.000000000
965,fixed_random_bfs,2196305496,512,44,468,1038,2000,2000,5,0.250000000,3240.418500000,3231.282500000,3230.057500000,1.225000000,9.136000000,18272,4.850000000,3.314701307,4.845320663,19.600230557,0.756023728,9.900296514,1.000000000
966,fixed_random_bfs,3996540999,512,46,466,1726,2000,2000,0,0.000000000,3240.418500000,3240.184500000,3240.184500000,0.000000000,0.234000000,468,0.100000000,3.314701307,4.859006318,19.562759191,0.747069013,9.928975008,1.000000000
967,fixed_random_bfs,4839269795,512,46,466,1535,2000,2000,0,0.000000000,3240.418500000,3240.135500000,3240.135500000,0.000000000,0.283000000,566,0.100000000,3.314701307,4.888033619,19.669180489,0.753485102,9.988785213,1.000000000
968,fixed_random_bfs,261163674,512,40,472,910,2000,2000,2,0.100000000,3240.418500000,3238.899500000,3238.408500000,0.491000000,1.519000000,3038,0.900000000,3.314701307,4.866043603,19.478542799,0.761530287,9.944922814,1.000000000
969,fixed_random_bfs,8499816162,512,57,455,1552,2000,2000,15,0.750000000,3240.418500000,3227.460000000,3224.662000000,2.798000000,12.958500000,25917,7.750000000,3.314701307,4.918809580,19.689683153,0.779975482,10.051119873,1.000000000
970,fixed_random_bfs,369884633,512,44,468,911,2000,2000,22,1.100000000,3240.418500000,3229.987000000,3225.152500000,4.834500000,10.431500000,20863,5.200000000,3.314701307,4.873967003,19.426878998,0.778962008,9.956970421,1.000000000
971,fixed_random_bfs,261199951,512,24,488,441,2000,2000,0,0.000000000,3240.418500000,3240.418500000,3240.418500000,0.000000000,0.000000000,0,0.000000000,3.314701307,4.900934173,19.438398052,0.764990056,10.016850744,1.000000000
972,fixed_random_bfs,705879757,512,52,460,1691,2000,2000,8,0.400000000,3240.418500000,3236.783500000,3234.613500000,2.170000000,3.635000000,7270,2.950000000,3.314701307,4.929849114,19.924069956,0.757967655,10.072985526,1.000000000
973,fixed_random_bfs,4332656997,512,53,459,1689,2000,2000,1,0.050000000,3240.418500000,3236.543000000,3236.294500000,0.248500000,3.875500000,7751,2.200000000,3.314701307,6.806434912,27.415395794,1.018354397,13.906992428,1.000000000
974,fixed_random_bfs,2057008463,512,49,463,1812,2000,2000,0,0.000000000,3240.418500000,3240.390000000,3240.390000000,0.000000000,0.028500000,57,0.150000000,3.314701307,6.815639510,27.503365797,1.156249609,13.925377921,1.000000000
975,fixed_random_bfs,8551854147,512,50,462,1612,2000,2000,19,0.950000000,3240.418500000,3237.452500000,3231.804500000,5.648000000,2.966000000,5932,2.750000000,3.314701307,6.813348815,27.309840497,1.001622400,13.915487641,1.000000000
976,fixed_random_bfs,5493273555,512,39,473,848,2000,2000,1,0.050000000,3240.418500000,3239.729000000,3239.485000000,0.244000000,0.689500000,1379,0.400000000,3.314701307,6.811166141,27.229388454,0.993024053,13.914958582,1.000000000
977,fixed_random_bfs,261161818,512,53,459,2033,2000,2000,25,1.250000000,3240.418500000,3230.059000000,3223.702000000,6.357000000,10.359500000,20719,8.800000000,3.314701307,6.823526667,27.330656800,1.143566368,13.936930515,1.000000000
978,fixed_random_bfs,5817385906,512,47,465,1488,2000,2000,14,0.700000000,3240.418500000,3230.950500000,3228.290000000,2.660500000,9.468000000,18936,6.000000000,3.314701307,4.928094134,19.903040856,0.767592548,10.069170470,1.000000000
979,fixed_random_bfs,258955476,512,40,472,1161,2000,2000,92,4.600000000,3240.418500000,3199.171500000,3175.097000000,24.074500000,41.247000000,82494,17.700000000,3.314701307,6.772262465,26.950642845,1.012415859,13.820293760,1.000000000
980,fixed_random_bfs,2540374035,512,60,452,3423,2000,2000,5,0.250000000,3240.418500000,3239.407500000,3237.621000000,1.786500000,1.011000000,2022,1.000000000,3.314701307,6.820280142,27.085370111,1.023147299,13.934518392,1.000000000
981,fixed_random_bfs,1400349659,512,40,472,1163,2000,2000,0,0.000000000,3240.418500000,3240.182500000,3240.182500000,0.000000000,0.236000000,472,0.050000000,3.314701307,6.701620248,26.645939042,0.981610358,13.692570782,1.000000000
982,fixed_random_bfs,6230333902,512,51,461,773,2000,2000,23,1.150000000,3240.418500000,3198.428500000,3194.764500000,3.664000000,41.990000000,83980,26.950000000,3.314701307,6.797984132,27.277949891,1.120785930,13.883994885,1.000000000
983,fixed_random_bfs,261133180,512,10,502,90,2000,2000,0,0.000000000,3240.418500000,3240.168000000,3240.168000000,0.000000000,0.250500000,501,0.050000000,3.314701307,6.853580728,27.530673992,1.118768610,14.006243016,1.000000000
984,fixed_random_bfs,287214059,512,44,468,1305,2000,2000,13,0.650000000,3240.418500000,3228.967000000,3225.746500000,3.220500000,11.451500000,22903,4.400000000,3.314701307,6.776317436,27.096108749,1.123752709,13.844267315,1.000000000
985,fixed_random_bfs,6029113308,512,40,472,772,2000,2000,75,3.750000000,3240.418500000,3172.338500000,3156.586500000,15.752000000,68.080000000,136160,32.750000000,3.314701307,4.873655428,19.721998149,0.749764589,9.951557548,1.000000000
986,fixed_random_bfs,1607719805,512,43,469,1259,2000,2000,0,0.000000000,3240.418500000,3240.188500000,3240.188500000,0.000000000,0.230000000,460,0.200000000,3.314701307,4.927894242,19.874130157,0.681089547,10.070183680,1.000000000
987,fixed_random_bfs,261177784,512,67,445,1608,2000,2000,83,4.150000000,3240.418500000,3185.408000000,3171.595000000,13.813000000,55.010500000,110021,27.800000000,3.314701307,4.914833878,19.555916091,0.766204564,10.033512165,1.000000000
988,fixed_random_bfs,5492789903,512,47,465,1461,2000,2000,2,0.100000000,3240.418500000,3239.201000000,3238.707000000,0.494000000,1.217500000,2435,1.350000000,3.314701307,6.862251340,27.398110508,0.975474575,14.023617135,1.000000000
989,fixed_random_bfs,26793385,512,54,458,1248,2000,2000,5,0.250000000,3240.418500000,3227.294000000,3226.455000000,0.839000000,13.124500000,26249,12.350000000,3.314701307,4.942401213,19.905352547,0.759333582,10.099832988,1.000000000
990,fixed_random_bfs,4990641071,512,43,469,749,2000,2000,93,4.650000000,3240.418500000,3159.530000000,3139.058500000,20.471500000,80.888500000,161777,33.250000000,3.314701307,6.829665024,27.628511402,1.091433888,13.938829369,1.000000000
991,fixed_random_bfs,2316614795,512,48,464,1455,2000,2000,38,1.900000000,3240.418500000,3210.781500000,3200.888500000,9.893000000,29.637000000,59274,15.050000000,3.314701307,4.926509648,19.594909150,0.861029971,10.061772566,1.000000000
992,fixed_random_bfs,739194076,512,49,463,1570,2000,2000,42,2.100000000,3240.418500000,3208.045000000,3198.016000000,10.029000000,32.373500000,64747,21.900000000,3.314701307,4.944991766,19.761997050,0.768436930,10.100653192,1.000000000
993,fixed_random_bfs,2373184925,512,38,474,1061,2000,2000,0,0.000000000,3240.418500000,3240.181500000,3240.181500000,0.000000000,0.237000000,474,0.050000000,3.314701307,4.955576776,19.947205910,0.685179682,10.127394706,1.000000000
994,fixed_random_bfs,2279339842,512,45,467,1229,2000,2000,1,0.050000000,3240.418500000,3239.829000000,3239.581500000,0.247500000,0.589500000,1179,0.700000000,3.314701307,4.999606322,19.839067252,0.758102809,10.214746675,1.000000000
995,fixed_random_bfs,1255980733,512,46,466,1172,2000,2000,1,0.050000000,3240.418500000,3236.786500000,3236.542500000,0.244000000,3.632000000,7264,1.800000000,3.314701307,6.828328307,27.609085709,1.160971995,13.949806259,1.000000000
996,fixed_random_bfs,5833349831,512,37,475,602,2000,2000,34,1.700000000,3240.418500000,3223.307000000,3216.424500000,6.882500000,17.111500000,34223,9.300000000,3.314701307,4.811268986,19.387801155,0.765098127,9.828997858,1.000000000
997,fixed_random_bfs,8489218692,512,51,461,2028,2000,2000,11,0.550000000,3240.418500000,3234.194500000,3231.458500000,2.736000000,6.224000000,12448,4.250000000,3.314701307,4.838681202,19.450819954,0.783608629,9.884533858,1.000000000
998,fixed_random_bfs,261149698,512,53,459,1256,2000,2000,34,1.700000000,3240.418500000,3227.859500000,3219.414500000,8.445000000,12.559000000,25118,8.000000000,3.314701307,4.881339558,19.721969457,0.748652176,9.967031333,1.000000000
999,fixed_random_bfs,2402897347,512,38,474,971,2000,2000,5,0.250000000,3240.418500000,3241.071000000,3239.819000000,1.252000000,-0.652500000,-1305,0.400000000,3.314701307,5.095304031,20.157946253,0.714862097,10.418348382,1.000000000
1000,fixed_random_bfs,734816043,512,33,479,902,2000,2000,0,0.000000000,3240.418500000,3240.402000000,3240.402000000,0.000000000,0.016500000,33,0.050000000,3.314701307,6.801006541,27.411609049,1.103787605,13.895744854,1.000000000
1001,fixed_random_bfs,5492762528,512,53,459,1818,2000,2000,7,0.350000000,3240.418500000,3225.262000000,3223.596500000,1.665500000,15.156500000,30313,11.050000000,3.314701307,4.865683920,19.619328508,0.770861786,9.940839691,1.000000000
1002,fixed_random_bfs,2286587309,512,32,480,627,2000,2000,3,0.150000000,3240.418500000,3239.529500000,3238.558500000,0.971000000,0.889000000,1778,1.000000000,3.314701307,6.776108820,27.200936996,1.101740452,13.844299681,1.000000000
1003,fixed_random_bfs,7956280319,512,40,472,1483,2000,2000,0,0.000000000,3240.418500000,3239.771500000,3239.771500000,0.000000000,0.647000000,1294,0.350000000,3.314701307,4.862957456,19.431358097,0.775070325,9.936635983,1.000000000
1004,fixed_random_bfs,261217624,512,40,472,1229,2000,2000,0,0.000000000,3240.418500000,3240.177000000,3240.177000000,0.000000000,0.241500000,483,0.100000000,3.314701307,4.864796183,19.404351457,0.696461274,9.940328002,1.000000000
1005,fixed_random_bfs,4332664542,512,44,468,1339,2000,2000,0,0.000000000,3240.418500000,3235.591500000,3235.591500000,0.000000000,4.827000000,9654,3.100000000,3.314701307,4.904735083,19.713415909,0.793896067,10.024048845,1.000000000
1006,fixed_random_bfs,6006133280,512,52,460,1535,2000,2000,0,0.000000000,3240.418500000,3239.601000000,3239.601000000,0.000000000,0.817500000,1635,0.500000000,3.314701307,6.848660135,27.412118454,1.109700268,13.995335617,1.000000000
1007,fixed_random_bfs,3196434312,512,34,478,789,2000,2000,0,0.000000000,3240.418500000,3240.179500000,3240.179500000,0.000000000,0.239000000,478,0.050000000,3.314701307,4.877040114,19.610929553,0.780113794,9.965647373,1.000000000
1008,fixed_random_bfs,261182407,512,37,475,1158,2000,2000,0,0.000000000,3240.418500000,3239.385000000,3239.385000000,0.000000000,1.033500000,2067,0.550000000,3.314701307,6.790362545,27.257186054,1.133203700,13.873816286,1.000000000
1009,fixed_random_bfs,5893133846,512,48,464,1308,2000,2000,3,0.150000000,3240.418500000,3238.472000000,3237.569000000,0.903000000,1.946500000,3893,1.950000000,3.314701307,6.831370151,27.571138744,1.126438372,13.955913271,1.000000000
1010,fixed_random_bfs,4187062645,512,46,466,1346,2000,2000,0,0.000000000,3240.418500000,3240.262500000,3240.262500000,0.000000000,0.156000000,312,0.150000000,3.314701307,4.912354776,19.643926102,0.764602558,10.038917375,1.000000000
1011,fixed_random_bfs,261150081,512,51,461,1348,2000,2000,0,0.000000000,3240.418500000,3240.188000000,3240.188000000,0.000000000,0.230500000,461,0.050000000,3.314701307,6.778652882,27.273024401,1.075402008,13.849906742,1.000000000
1012,fixed_random_bfs,2190712436,512,49,463,1768,2000,2000,4,0.200000000,3240.418500000,3237.024500000,3235.784500000,1.240000000,3.394000000,6788,3.150000000,3.314701307,4.938462260,19.811847358,0.756155632,10.089943979,1.000000000
1013,fixed_random_bfs,6318935736,512,51,461,1107,2000,2000,8,0.400000000,3240.418500000,3231.902000000,3231.017000000,0.885000000,8.516500000,17033,5.500000000,3.314701307,4.908894857,19.911562347,0.750584328,10.027872257,1.000000000
1014,fixed_random_bfs,2584233708,512,63,449,2485,2000,2000,36,1.800000000,3240.418500000,3202.244000000,3192.719000000,9.525000000,38.174500000,76349,21.200000000,3.314701307,6.901826531,27.565461254,1.085683036,14.091924415,1.000000000
1015,fixed_random_bfs,261151804,512,39,473,1037,2000,2000,0,0.000000000,3240.418500000,3239.728500000,3239.728500000,0.000000000,0.690000000,1380,0.200000000,3.314701307,4.921512665,19.955764552,0.747498647,10.057092133,1.000000000
1016,fixed_random_bfs,4332885333,512,36,476,790,2000,2000,4,0.200000000,3240.418500000,3239.066500000,3238.161500000,0.905000000,1.352000000,2704,1.300000000,3.314701307,4.925371926,19.831385552,0.758897589,10.065027624,1.000000000
1017,fixed_random_bfs,261155189,512,54,458,1440,2000,2000,6,0.300000000,3240.418500000,3233.118500000,3231.798500000,1.320000000,7.300000000,14600,4.550000000,3.314701307,4.940315398,19.647698809,0.662017360,10.095161920,1.000000000
1018,fixed_random_bfs,1752049572,512,27,485,554,2000,2000,12,0.600000000,3240.418500000,3237.776500000,3234.741500000,3.035000000,2.642000000,5284,2.100000000,3.314701307,6.818252847,27.852794248,1.123500585,13.930916049,1.000000000
1019,fixed_random_bfs,387577574,512,56,456,1260,2000,2000,0,0.000000000,3240.418500000,3240.418500000,3240.418500000,0.000000000,0.000000000,0,0.000000000,3.314701307,4.950903214,19.784396752,0.708441698,10.117048666,1.000000000
1020,fixed_random_bfs,5493606625,512,61,451,2131,2000,2000,0,0.000000000,3240.418500000,3240.173000000,3240.173000000,0.000000000,0.245500000,491,0.100000000,3.314701307,4.958025927,19.868742106,0.783310673,10.132621735,1.000000000
1021,fixed_random_bfs,261169971,512,61,451,1879,2000,2000,1,0.050000000,3240.418500000,3239.338000000,3239.100500000,0.237500000,1.080500000,2161,0.850000000,3.314701307,6.826793635,27.345304603,1.159365801,13.948889229,1.000000000
1022,fixed_random_bfs,261209686,512,57,455,1611,2000,2000,1,0.050000000,3240.418500000,3240.028500000,3239.789500000,0.239000000,0.390000000,780,0.350000000,3.314701307,6.827927657,27.343382407,1.136560182,13.951161203,1.000000000
1023,fixed_random_bfs,261214645,512,59,453,1839,2000,2000,0,0.000000000,3240.418500000,3240.305000000,3240.305000000,0.000000000,0.113500000,227,0.050000000,3.314701307,6.828667103,27.310907550,1.134988758,13.952812104,1.000000000
1024,fixed_random_bfs,7818589203,512,37,475,1156,2000,2000,1,0.050000000,3240.418500000,3240.393500000,3240.138000000,0.255500000,0.025000000,50,0.050000000,3.314701307,4.951568049,19.856241357,0.863091540,10.117720337,1.000000000
1025,fixed_random_bfs,1655436476,512,47,465,1139,2000,2000,19,0.950000000,3240.418500000,3217.696500000,3213.345000000,4.351500000,22.722000000,45444,13.200000000,3.314701307,6.824103084,27.414416742,1.146486235,13.941039183,1.000000000
1026,fixed_random_bfs,5980077973,512,50,462,2353,2000,2000,0,0.000000000,3240.418500000,3240.187500000,3240.187500000,0.000000000,0.231000000,462,0.050000000,3.314701307,6.835793611,27.460998339,1.192053066,13.967821589,1.000000000
1027,fixed_random_bfs,2266567740,512,56,456,1781,2000,2000,3,0.150000000,3240.418500000,3237.055500000,3236.327500000,0.728000000,3.363000000,6726,2.400000000,3.314701307,6.858838562,27.386177451,1.136941054,14.015058954,1.000000000
1028,fixed_random_bfs,5498875173,512,55,457,993,2000,2000,0,0.000000000,3240.418500000,3240.338000000,3240.338000000,0.000000000,0.080500000,161,0.050000000,3.314701307,6.874260267,27.842915955,1.134576706,14.047575981,1.000000000
1029,fixed_random_bfs,736018738,512,50,462,1242,2000,2000,89,4.450000000,3240.418500000,3192.308000000,3172.948500000,19.359500000,48.110500000,96221,21.650000000,3.314701307,6.791807073,27.196927153,0.985458791,13.861968946,1.000000000
1030,fixed_random_bfs,4616380652,512,48,464,1453,2000,2000,2,0.100000000,3240.418500000,3239.975000000,3239.481000000,0.494000000,0.443500000,887,0.850000000,3.314701307,6.884515264,27.707006841,0.990872438,14.069513313,1.000000000
1031,fixed_random_bfs,261222159,512,47,465,1051,2000,2000,0,0.000000000,3240.418500000,3240.186000000,3240.186000000,0.000000000,0.232500000,465,0.050000000,3.314701307,6.917257617,27.911643252,1.114516387,14.136364353,1.000000000
1032,fixed_random_bfs,5115166804,512,48,464,866,2000,2000,34,1.700000000,3240.418500000,3207.684000000,3199.475000000,8.209000000,32.734500000,65469,16.100000000,3.314701307,4.945029188,19.677207401,0.761481156,10.103924919,1.000000000
1033,fixed_random_bfs,9273512992,512,55,457,1164,2000,2000,33,1.650000000,3240.418500000,3224.923000000,3218.199000000,6.724000000,15.495500000,30991,10.300000000,3.314701307,4.963305671,19.709268407,0.756702255,10.139016155,1.000000000
1034,fixed_random_bfs,261318263,512,38,474,1262,2000,2000,0,0.000000000,3240.418500000,3240.418500000,3240.418500000,0.000000000,0.000000000,0,0.000000000,3.314701307,6.913414681,28.161432239,1.127070078,14.123698571,1.000000000
1035,fixed_random_bfs,305898855,512,53,459,1655,2000,2000,7,0.350000000,3240.418500000,3237.757000000,3235.777500000,1.979500000,2.661500000,5323,2.450000000,3.314701307,4.855170769,19.522054052,0.776973377,9.920658145,1.000000000
1036,fixed_random_bfs,261093629,512,60,452,1787,2000,2000,27,1.350000000,3240.418500000,3227.846500000,3222.187000000,5.659500000,12.572000000,25144,6.700000000,3.314701307,4.863000861,19.498834794,0.671607875,9.934118502,1.000000000
1037,fixed_random_bfs,7625584351,512,48,464,1643,2000,2000,1,0.050000000,3240.418500000,3239.560500000,3239.312000000,0.248500000,0.858000000,1716,1.000000000,3.314701307,4.859001148,19.608857788,0.757785598,9.929246432,1.000000000
1038,fixed_random_bfs,4332873452,512,55,457,1537,2000,2000,136,6.800000000,3240.418500000,3205.119500000,3172.469000000,32.650500000,35.299000000,70598,19.550000000,3.314701307,5.048380903,20.124288197,0.781919111,10.305752334,1.000000000
1039,fixed_random_bfs,261177304,512,49,463,1530,2000,2000,64,3.200000000,3240.418500000,3217.455500000,3200.561500000,16.894000000,22.963000000,45926,14.500000000,3.314701307,4.872848405,19.780818497,0.786745136,9.949994420,1.000000000
1040,fixed_random_bfs,288071382,512,47,465,1344,2000,2000,31,1.550000000,3240.418500000,3193.946000000,3186.394000000,7.552000000,46.472500000,92945,20.700000000,3.314701307,4.826439549,19.292788951,0.799358812,9.858240536,1.000000000
1041,fixed_random_bfs,2394653900,512,42,470,825,2000,2000,120,6.000000000,3240.418500000,3165.405000000,3136.914000000,28.491000000,75.013500000,150027,33.100000000,3.314701307,4.822096048,19.084469495,0.782935191,9.840757525,1.000000000
1042,fixed_random_bfs,261143286,512,39,473,909,2000,2000,61,3.050000000,3240.418500000,3200.837500000,3185.402000000,15.435500000,39.581000000,79162,18.100000000,3.314701307,4.846918773,19.405326503,0.795981537,9.897712767,1.000000000
1043,fixed_random_bfs,9203546719,512,33,479,682,2000,2000,0,0.000000000,3240.418500000,3240.179000000,3240.179000000,0.000000000,0.239500000,479,0.050000000,3.314701307,4.910504980,19.833077095,0.786639472,10.037096083,1.000000000
1044,fixed_random_bfs,261154545,512,42,470,743,2000,2000,14,0.700000000,3240.418500000,3222.902500000,3219.595500000,3.307000000,17.516000000,35032,7.800000000,3.314701307,4.877680512,19.593628340,0.760365989,9.963461016,1.000000000
1045,fixed_random_bfs,4335840638,512,35,477,561,2000,2000,0,0.000000000,3240.418500000,3240.176000000,3240.176000000,0.000000000,0.242500000,485,0.200000000,3.314701307,4.896959350,19.643089458,0.754744153,10.007599085,1.000000000
1046,fixed_random_bfs,305524146,512,57,455,1833,2000,2000,8,0.400000000,3240.418500000,3235.862000000,3233.982000000,1.880000000,4.556500000,9113,3.750000000,3.314701307,6.800984790,27.003569654,0.983058235,13.893655995,1.000000000
1047,fixed_random_bfs,8607502916,512,32,480,562,2000,2000,34,1.700000000,3240.418500000,3185.524000000,3176.806000000,8.718000000,54.894500000,109789,26.500000000,3.314701307,4.830925452,19.164737750,0.750603246,9.867780527,1.000000000
1048,fixed_random_bfs,7505809078,512,61,451,2663,2000,2000,7,0.350000000,3240.418500000,3238.396000000,3236.661000000,1.735000000,2.022500000,4045,1.950000000,3.314701307,4.913009516,19.528264299,0.769480090,10.038153592,1.000000000
1049,fixed_random_bfs,2198930096,512,63,449,3252,2000,2000,3,0.150000000,3240.418500000,3237.381500000,3236.630000000,0.751500000,3.037000000,6074,1.600000000,3.314701307,4.911737555,19.764611009,0.797771237,10.036923947,1.000000000
1050,fixed_random_bfs,261154169,512,43,469,1066,2000,2000,1,0.050000000,3240.418500000,3239.130000000,3238.887000000,0.243000000,1.288500000,2577,0.650000000,3.314701307,4.925290383,19.612622850,0.753276055,10.063522090,1.000000000
1051,fixed_random_bfs,1438064674,512,30,482,654,2000,2000,0,0.000000000,3240.418500000,3240.193500000,3240.193500000,0.000000000,0.225000000,450,0.400000000,3.314701307,6.791346698,27.362813709,0.968791089,13.878014080,1.000000000
1052,fixed_random_bfs,1884637809,512,53,459,2452,2000,2000,16,0.800000000,3240.418500000,3234.377500000,3230.109500000,4.268000000,6.041000000,12082,4.950000000,3.314701307,6.830319108,27.559108953,1.102006583,13.954222042,1.000000000
1053,fixed_random_bfs,5498874338,512,46,466,1064,2000,2000,0,0.000000000,3240.418500000,3240.294000000,3240.294000000,0.000000000,0.124500000,249,0.100000000,3.314701307,6.861587159,27.471631443,1.114539824,14.022244454,1.000000000
1054,fixed_random_bfs,1974927932,512,62,450,2421,2000,2000,2,0.100000000,3240.418500000,3236.491500000,3236.004000000,0.487500000,3.927000000,7854,2.250000000,3.314701307,6.819178938,27.335636241,0.996351408,13.933046506,1.000000000
1055,fixed_random_bfs,8251219915,512,44,468,1375,2000,2000,0,0.000000000,3240.418500000,3240.184500000,3240.184500000,0.000000000,0.234000000,468,0.050000000,3.314701307,6.854599399,27.541684591,1.133173185,14.004573413,1.000000000
1056,fixed_random_bfs,8709431499,512,70,442,4229,2000,2000,0,0.000000000,3240.418500000,3239.939500000,3239.939500000,0.000000000,0.479000000,958,0.250000000,3.314701307,6.816709152,27.510506404,1.099926848,13.926559066,1.000000000
1057,fixed_random_bfs,2400928048,512,40,472,717,2000,2000,8,0.400000000,3240.418500000,3221.983500000,3220.083500000,1.900000000,18.435000000,36870,9.650000000,3.314701307,4.911346680,19.603578941,0.769035805,10.036749806,1.000000000
1058,fixed_random_bfs,1935895509,512,41,471,1189,2000,2000,7,0.350000000,3240.418500000,3240.198500000,3238.456000000,1.742500000,0.220000000,440,0.600000000,3.314701307,4.956881550,19.566606342,0.864928728,10.129060207,1.000000000
1059,fixed_random_bfs,5361576699,512,32,480,931,2000,2000,0,0.000000000,3240.418500000,3239.853000000,3239.853000000,0.000000000,0.565500000,1131,0.250000000,3.314701307,4.940305372,19.765958750,0.678299321,10.095725159,1.000000000
1060,fixed_random_bfs,2401539906,512,53,459,1858,2000,2000,66,3.300000000,3240.418500000,3189.945500000,3173.567500000,16.378000000,50.473000000,100946,24.600000000,3.314701307,6.901872140,27.861663051,1.100073290,14.086198435,1.000000000
1061,fixed_random_bfs,2174736617,512,55,457,1744,2000,2000,114,5.700000000,3240.418500000,3197.273000000,3169.482500000,27.790500000,43.145500000,86291,23.200000000,3.314701307,4.991431116,20.045887845,0.768610310,10.184720568,1.000000000
1062,fixed_random_bfs,261169002,512,46,466,1163,2000,2000,0,0.000000000,3240.418500000,3239.653500000,3239.653500000,0.000000000,0.765000000,1530,0.250000000,3.314701307,4.964107191,20.032138153,0.753265403,10.144833310,1.000000000
1063,fixed_random_bfs,261303579,512,42,470,916,2000,2000,6,0.300000000,3240.418500000,3233.249000000,3231.855500000,1.393500000,7.169500000,14339,4.400000000,3.314701307,4.839501896,19.344496093,0.770734901,9.887956408,1.000000000
1064,fixed_random_bfs,365212210,512,42,470,1070,2000,2000,12,0.600000000,3240.418500000,3232.717500000,3229.759500000,2.958000000,7.701000000,15402,5.800000000,3.314701307,4.863842132,19.278572253,0.833340055,9.936790952,1.000000000
1065,fixed_random_bfs,733198275,512,55,457,2081,2000,2000,1,0.050000000,3240.418500000,3239.727000000,3239.479000000,0.248000000,0.691500000,1383,0.500000000,3.314701307,4.877372181,19.533469094,0.749222168,9.966510662,1.000000000
1066,fixed_random_bfs,261288779,512,48,464,1009,2000,2000,4,0.200000000,3240.418500000,3230.606500000,3229.676500000,0.930000000,9.812000000,19624,5.100000000,3.314701307,6.803200244,27.230851351,1.151502102,13.898457237,1.000000000
1067,fixed_random_bfs,8815131632,512,48,464,925,2000,2000,55,2.750000000,3240.418500000,3189.110500000,3183.978000000,5.132500000,51.308000000,102616,28.000000000,3.314701307,5.109226850,20.666183847,0.808577787,10.440082007,1.000000000
1068,fixed_random_bfs,2437421274,512,47,465,1207,2000,2000,0,0.000000000,3240.418500000,3239.652000000,3239.652000000,0.000000000,0.766500000,1533,0.350000000,3.314701307,6.827925859,27.616275149,1.161147999,13.950876755,1.000000000
1069,fixed_random_bfs,261114688,512,50,462,2305,2000,2000,0,0.000000000,3240.418500000,3240.187500000,3240.187500000,0.000000000,0.231000000,462,0.050000000,3.314701307,6.833746596,27.529558103,1.151551584,13.962274491,1.000000000
1070,fixed_random_bfs,261136293,512,51,461,1650,2000,2000,0,0.000000000,3240.418500000,3240.188000000,3240.188000000,0.000000000,0.230500000,461,0.050000000,3.314701307,6.821150185,27.541071754,1.202325414,13.937355840,1.000000000
1071,fixed_random_bfs,4333087178,512,51,461,1727,2000,2000,1,0.050000000,3240.418500000,3240.432500000,3240.181500000,0.251000000,-0.014000000,-28,0.150000000,3.314701307,6.836308320,27.291050548,1.143512396,13.966979518,1.000000000
1072,fixed_random_bfs,1938960005,512,61,451,3087,2000,2000,0,0.000000000,3240.418500000,3239.972500000,3239.972500000,0.000000000,0.446000000,892,0.200000000,3.314701307,6.836990869,27.471776758,1.041219006,13.969056583,1.000000000
1073,fixed_random_bfs,5689964622,512,59,453,2508,2000,2000,0,0.000000000,3240.418500000,3240.357000000,3240.357000000,0.000000000,0.061500000,123,0.050000000,3.314701307,4.885793630,19.832140103,0.694701446,9.983011126,1.000000000
1074,fixed_random_bfs,261172207,512,41,471,1063,2000,2000,0,0.000000000,3240.418500000,3238.921000000,3238.921000000,0.000000000,1.497500000,2995,0.550000000,3.314701307,6.847611874,27.484990502,1.139547871,13.992098334,1.000000000
1075,fixed_random_bfs,315400616,512,60,452,1460,2000,2000,7,0.350000000,3240.418500000,3235.576000000,3233.732500000,1.843500000,4.842500000,9685,4.050000000,3.314701307,6.805323854,27.284542906,1.126113795,13.902503346,1.000000000
1076,fixed_random_bfs,2382775985,512,49,463,1449,2000,2000,0,0.000000000,3240.418500000,3240.133000000,3240.133000000,0.000000000,0.285500000,571,0.250000000,3.314701307,6.863958431,27.691584557,1.134850381,14.025946807,1.000000000
1077,fixed_random_bfs,4626636995,512,43,469,1263,2000,2000,3,0.150000000,3240.418500000,3240.067500000,3239.323000000,0.744500000,0.351000000,702,0.450000000,3.314701307,4.872132094,19.700964804,0.787109868,9.954144971,1.000000000
1078,fixed_random_bfs,371033963,512,40,472,940,2000,2000,0,0.000000000,3240.418500000,3240.344000000,3240.344000000,0.000000000,0.074500000,149,0.100000000,3.314701307,6.872711411,27.635780502,1.109116391,14.043026587,1.000000000
1079,fixed_random_bfs,6776291286,512,52,460,1732,2000,2000,9,0.450000000,3240.418500000,3234.255000000,3231.788500000,2.466500000,6.163500000,12327,3.350000000,3.314701307,4.887472854,19.826316991,0.769177859,9.985120493,1.000000000
1080,fixed_random_bfs,2404427657,512,37,475,967,2000,2000,0,0.000000000,3240.418500000,3238.926000000,3238.926000000,0.000000000,1.492500000,2985,0.800000000,3.314701307,4.896093334,19.496759957,0.778272570,10.005464771,1.000000000
1081,fixed_random_bfs,3259286845,512,44,468,1073,2000,2000,7,0.350000000,3240.418500000,3238.395000000,3236.533000000,1.862000000,2.023500000,4047,1.550000000,3.314701307,4.929824074,19.557139208,0.777836281,10.075553661,1.000000000
1082,fixed_random_bfs,261211264,512,73,439,4428,2000,2000,0,0.000000000,3240.418500000,3240.199000000,3240.199000000,0.000000000,0.219500000,439,0.050000000,3.314701307,4.910435057,20.038123106,0.777459455,10.035703579,1.000000000
1083,fixed_random_bfs,7811526864,512,43,469,1338,2000,2000,0,0.000000000,3240.418500000,3240.273500000,3240.273500000,0.000000000,0.145000000,290,0.100000000,3.314701307,6.888491197,27.817567204,1.100764914,14.076383490,1.000000000
1084,fixed_random_bfs,2869210430,512,49,463,1498,2000,2000,48,2.400000000,3240.418500000,3218.192500000,3205.109500000,13.083000000,22.226000000,44452,13.750000000,3.314701307,4.921545084,19.581698449,0.767084547,10.051023036,1.000000000
1085,fixed_random_bfs,2596258149,512,54,458,1338,2000,2000,22,1.100000000,3240.418500000,3230.028500000,3224.759000000,5.269500000,10.390000000,20780,5.900000000,3.314701307,4.913850832,19.542938595,0.765005105,10.037278687,1.000000000
1086,fixed_random_bfs,5496096203,512,46,466,1153,2000,2000,0,0.000000000,3240.418500000,3240.293500000,3240.293500000,0.000000000,0.125000000,250,0.050000000,3.314701307,6.902240119,28.033513443,0.974920057,14.101904924,1.000000000
1087,fixed_random_bfs,1783622602,512,58,454,1661,2000,2000,0,0.000000000,3240.418500000,3239.319000000,3239.319000000,0.000000000,1.099500000,2199,0.750000000,3.314701307,4.926871428,19.860106903,0.753181994,10.067521026,1.000000000
1088,fixed_random_bfs,5495434203,512,55,457,1899,2000,2000,8,0.400000000,3240.418500000,3232.988000000,3230.780000000,2.208000000,7.430500000,14861,4.400000000,3.314701307,4.921516922,19.830269802,0.677728854,10.053414755,1.000000000
1089,fixed_random_bfs,497398793,512,65,447,3428,2000,2000,2,0.100000000,3240.418500000,3237.822500000,3237.075500000,0.747000000,2.596000000,5192,2.250000000,3.314701307,4.948011789,19.971229612,0.750098332,10.110000869,1.000000000
1090,fixed_random_bfs,8559123563,512,57,455,1906,2000,2000,0,0.000000000,3240.418500000,3240.082000000,3240.082000000,0.000000000,0.336500000,673,0.200000000,3.314701307,4.926327033,19.936927652,0.780150392,10.065850325,1.000000000
1091,fixed_random_bfs,4334461938,512,47,465,976,2000,2000,12,0.600000000,3240.418500000,3231.733000000,3228.931000000,2.802000000,8.685500000,17371,5.050000000,3.314701307,4.920031535,19.830128695,0.751063746,10.051477131,1.000000000
1092,fixed_random_bfs,5716468548,512,34,478,1089,2000,2000,0,0.000000000,3240.418500000,3240.017500000,3240.017500000,0.000000000,0.401000000,802,0.100000000,3.314701307,4.916018989,19.788502997,0.682936928,10.046413414,1.000000000
1093,fixed_random_bfs,4337116987,512,42,470,1374,2000,2000,0,0.000000000,3240.418500000,3240.005000000,3240.005000000,0.000000000,0.413500000,827,0.250000000,3.314701307,6.811915632,27.212801405,1.115330523,13.917472246,1.000000000
1094,fixed_random_bfs,257381547,512,49,463,834,2000,2000,94,4.700000000,3240.418500000,3191.303500000,3174.641500000,16.662000000,49.115000000,98230,25.200000000,3.314701307,4.926889924,19.893563657,0.782888179,10.057156760,1.000000000
1095,fixed_random_bfs,2418138340,512,62,450,1731,2000,2000,0,0.000000000,3240.418500000,3240.181000000,3240.181000000,0.000000000,0.237500000,475,0.150000000,3.314701307,4.952727683,19.866172446,0.783162715,10.119458109,1.000000000
1096,fixed_random_bfs,369879006,512,45,467,1304,2000,2000,32,1.600000000,3240.418500000,3216.698000000,3208.354000000,8.344000000,23.720500000,47441,12.800000000,3.314701307,6.813466365,27.685306594,1.106542940,13.915937101,1.000000000
1097,fixed_random_bfs,351097920,512,43,469,1006,2000,2000,0,0.000000000,3240.418500000,3240.336000000,3240.336000000,0.000000000,0.082500000,165,0.200000000,3.314701307,6.823376286,27.649549357,1.125507072,13.942751266,1.000000000
1098,fixed_random_bfs,261140891,512,45,467,1205,2000,2000,0,0.000000000,3240.418500000,3240.350500000,3240.350500000,0.000000000,0.068000000,136,0.300000000,3.314701307,4.822494300,19.289092098,0.681458218,9.853618102,1.000000000
1099,fixed_random_bfs,1647790180,512,60,452,376,2000,2000,7,0.350000000,3240.418500000,3201.936000000,3201.601500000,0.334500000,38.482500000,76965,29.300000000,3.314701307,4.809842281,18.945160144,0.668346442,9.827506653,1.000000000
1100,fixed_random_bfs,5492702442,512,49,463,1088,2000,2000,2,0.100000000,3240.418500000,3239.400000000,3238.931500000,0.468500000,1.018500000,2037,0.550000000,3.314701307,4.850805525,19.462031856,0.762733240,9.909639571,1.000000000
1101,fixed_random_bfs,5498755749,512,47,465,1493,2000,2000,0,0.000000000,3240.418500000,3240.418500000,3240.418500000,0.000000000,0.000000000,0,0.000000000,3.314701307,6.807766945,27.430474339,1.121815823,13.907853623,1.000000000
1102,fixed_random_bfs,734833304,512,56,456,1654,2000,2000,1,0.050000000,3240.418500000,3239.176500000,3238.941500000,0.235000000,1.242000000,2484,0.600000000,3.314701307,6.848702039,27.361803405,1.149494349,13.994567761,1.000000000
1103,fixed_random_bfs,5890849514,512,67,445,3031,2000,2000,56,2.800000000,3240.418500000,3201.929500000,3187.319500000,14.610000000,38.489000000,76978,22.150000000,3.314701307,6.928659584,27.515744544,1.034410719,14.139318834,1.000000000
1104,fixed_random_bfs,408452344,512,47,465,1372,2000,2000,1,0.050000000,3240.418500000,3238.702500000,3238.454000000,0.248500000,1.716000000,3432,0.900000000,3.314701307,6.809658678,27.250771545,1.264231851,13.912754296,1.000000000
1105,fixed_random_bfs,9320998266,512,64,448,2174,2000,2000,6,0.300000000,3240.418500000,3238.320000000,3237.017000000,1.303000000,2.098500000,4197,3.200000000,3.314701307,4.871542776,19.621413347,0.763072114,9.953505654,1.000000000
1106,fixed_random_bfs,261152700,512,65,447,2185,2000,2000,0,0.000000000,3240.418500000,3240.059000000,3240.059000000,0.000000000,0.359500000,719,0.200000000,3.314701307,5.133816325,20.735617910,0.806989024,10.498667448,1.000000000
1107,fixed_random_bfs,365005051,512,48,464,1016,2000,2000,2,0.100000000,3240.418500000,3240.413000000,3239.930000000,0.483000000,0.005500000,11,0.250000000,3.314701307,4.857360089,19.357874048,0.675932679,9.924233217,1.000000000
1108,fixed_random_bfs,5492734449,512,59,453,1737,2000,2000,61,3.050000000,3240.418500000,3229.480000000,3214.105500000,15.374500000,10.938500000,21877,9.700000000,3.314701307,4.921061037,19.843827651,0.764522200,10.046458983,1.000000000
1109,fixed_random_bfs,1249540652,512,45,467,1684,2000,2000,0,0.000000000,3240.418500000,3239.780500000,3239.780500000,0.000000000,0.638000000,1276,0.400000000,3.314701307,4.902460356,19.717198696,0.676751891,10.018786572,1.000000000
1110,fixed_random_bfs,2294317376,512,26,486,258,2000,2000,90,4.500000000,3240.418500000,3165.944000000,3144.165500000,21.778500000,74.474500000,148949,29.150000000,3.314701307,6.747455230,27.038144352,1.218409289,13.777306376,1.000000000
1111,fixed_random_bfs,6340822719,512,38,474,1299,2000,2000,0,0.000000000,3240.418500000,3240.418500000,3240.418500000,0.000000000,0.000000000,0,0.000000000,3.314701307,4.921089561,19.841421046,0.677065947,10.058773204,1.000000000
1112,fixed_random_bfs,7465373644,512,50,462,1415,2000,2000,4,0.200000000,3240.418500000,3236.771000000,3235.782000000,0.989000000,3.647500000,7295,2.600000000,3.314701307,4.926787693,19.911286156,0.770404833,10.067801728,1.000000000
1113,fixed_random_bfs,5894969538,512,46,466,1414,2000,2000,0,0.000000000,3240.418500000,3240.185500000,3240.185500000,0.000000000,0.233000000,466,0.050000000,3.314701307,4.939096352,19.948574098,0.762988405,10.092936804,1.000000000
1114,fixed_random_bfs,262186823,512,35,477,995,2000,2000,11,0.550000000,3240.418500000,3225.593000000,3222.909000000,2.684000000,14.825500000,29651,7.200000000,3.314701307,4.918085394,19.747284152,0.751240998,10.048482079,1.000000000
1115,fixed_random_bfs,406121298,512,48,464,1273,2000,2000,25,1.250000000,3240.418500000,3228.121000000,3222.088000000,6.033000000,12.297500000,24595,8.650000000,3.314701307,4.950922872,19.814183841,0.771500567,10.114268422,1.000000000
1116,fixed_random_bfs,256181097,512,49,463,1769,2000,2000,10,0.500000000,3240.418500000,3235.274000000,3232.762000000,2.512000000,5.144500000,10289,4.250000000,3.314701307,6.817603262,27.096595561,1.115255435,13.928069842,1.000000000
1117,fixed_random_bfs,2437421231,512,47,465,1272,2000,2000,1,0.050000000,3240.418500000,3239.254000000,3239.014000000,0.240000000,1.164500000,2329,0.550000000,3.314701307,4.935746761,19.685607099,0.766403556,10.087939946,1.000000000
1118,fixed_random_bfs,266651092,512,38,474,663,2000,2000,0,0.000000000,3240.418500000,3239.650500000,3239.650500000,0.000000000,0.768000000,1536,0.400000000,3.314701307,4.965377470,19.984361396,0.751933023,10.148963305,1.000000000
1119,fixed_random_bfs,268166094,512,48,464,1808,2000,2000,0,0.000000000,3240.418500000,3240.251500000,3240.251500000,0.000000000,0.167000000,334,0.250000000,3.314701307,6.827350186,27.397709853,1.114450427,13.949818352,1.000000000
1120,fixed_random_bfs,6341925902,512,36,476,349,2000,2000,0,0.000000000,3240.418500000,3239.119000000,3239.119000000,0.000000000,1.299500000,2599,3.000000000,3.314701307,6.816971828,27.259009296,1.111724029,13.929209404,1.000000000
1121,fixed_random_bfs,2378557056,512,37,475,877,2000,2000,0,0.000000000,3240.418500000,3240.181000000,3240.181000000,0.000000000,0.237500000,475,0.050000000,3.314701307,6.824402230,27.481423294,1.024551872,13.945992826,1.000000000
1122,fixed_random_bfs,261117444,512,52,460,1449,2000,2000,1,0.050000000,3240.418500000,3236.918500000,3236.677000000,0.241500000,3.500000000,7000,1.600000000,3.314701307,6.812809242,27.385664699,1.132545878,13.920368397,1.000000000
1123,fixed_random_bfs,261142376,512,33,479,307,2000,2000,0,0.000000000,3240.418500000,3240.418500000,3240.418500000,0.000000000,0.000000000,0,0.000000000,3.314701307,6.816034132,27.138872537,1.256557586,13.929388801,1.000000000
1124,fixed_random_bfs,261318329,512,31,481,814,2000,2000,4,0.200000000,3240.418500000,3239.675500000,3238.659500000,1.016000000,0.743000000,1486,0.500000000,3.314701307,6.830351710,27.335086209,1.112908712,13.957008632,1.000000000
1125,fixed_random_bfs,1640004518,512,48,464,1015,2000,2000,32,1.600000000,3240.418500000,3214.717500000,3207.274000000,7.443500000,25.701000000,51402,15.000000000,3.314701307,6.748424477,27.024943149,1.086354827,13.782866267,1.000000000
1126,fixed_random_bfs,261146840,512,40,472,1030,2000,2000,0,0.000000000,3240.418500000,3239.038500000,3239.038500000,0.000000000,1.380000000,2760,0.550000000,3.314701307,6.863244280,27.348489049,0.983530356,14.024866829,1.000000000
1127,fixed_random_bfs,1536820557,512,55,457,1818,2000,2000,24,1.200000000,3240.418500000,3213.956000000,3207.552000000,6.404000000,26.462500000,52925,15.650000000,3.314701307,6.904018553,27.800301896,1.096786143,14.101150567,1.000000000
1128,fixed_random_bfs,5892628808,512,44,468,1487,2000,2000,9,0.450000000,3240.418500000,3207.219500000,3204.977000000,2.242500000,33.199000000,66398,15.050000000,3.314701307,6.854543210,27.504474203,1.107315758,14.004696409,1.000000000
1129,fixed_random_bfs,261170554,512,54,458,1537,2000,2000,60,3.000000000,3240.418500000,3227.165000000,3212.048000000,15.117000000,13.253500000,26507,9.550000000,3.314701307,5.010939132,19.984546396,0.774400042,10.229872219,1.000000000
1130,fixed_random_bfs,271145540,512,41,471,773,2000,2000,181,9.050000000,3240.418500000,3203.824000000,3165.949000000,37.875000000,36.594500000,73189,24.450000000,3.314701307,4.949930206,19.937345997,0.756703512,10.095999449,1.000000000
1131,fixed_random_bfs,7327191689,512,48,464,852,2000,2000,154,7.700000000,3240.418500000,3167.760500000,3132.929000000,34.831500000,72.658000000,145316,31.800000000,3.314701307,4.930556498,19.655104296,0.755917017,10.057818871,1.000000000
1132,fixed_random_bfs,391366425,512,52,460,1857,2000,2000,12,0.600000000,3240.418500000,3217.687000000,3216.232000000,1.455000000,22.731500000,45463,12.200000000,3.314701307,6.896189832,27.881779713,1.100970611,14.086486891,1.000000000
1133,fixed_random_bfs,7649225325,512,38,474,1297,2000,2000,59,2.950000000,3240.418500000,3184.528000000,3168.857000000,15.671000000,55.890500000,111781,29.400000000,3.314701307,4.951267843,19.668934339,0.792007445,10.114082567,1.000000000
1134,fixed_random_bfs,261288755,512,43,469,912,2000,2000,6,0.300000000,3240.418500000,3234.427000000,3232.973000000,1.454000000,5.991500000,11983,4.800000000,3.314701307,4.963893026,20.175212204,0.787280805,10.142004359,1.000000000
1135,fixed_random_bfs,261198872,512,51,461,2079,2000,2000,0,0.000000000,3240.418500000,3240.188000000,3240.188000000,0.000000000,0.230500000,461,0.050000000,3.314701307,4.855086859,19.747554340,0.760987628,9.921428415,1.000000000
1136,fixed_random_bfs,1992606964,512,58,454,1659,2000,2000,10,0.500000000,3240.418500000,3235.519000000,3232.897000000,2.622000000,4.899500000,9799,3.600000000,3.314701307,4.882518635,19.383384247,0.756697144,9.974821888,1.000000000
1137,fixed_random_bfs,261185742,512,59,453,1576,2000,2000,0,0.000000000,3240.418500000,3240.414000000,3240.414000000,0.000000000,0.004500000,9,0.050000000,3.314701307,4.889680779,19.657012643,0.766415311,9.992370007,1.000000000
1138,fixed_random_bfs,2086586219,512,50,462,1385,2000,2000,7,0.350000000,3240.418500000,3230.087500000,3228.394000000,1.693500000,10.331000000,20662,5.350000000,3.314701307,4.858262765,19.724565950,0.770446579,9.925208366,1.000000000
1139,fixed_random_bfs,716929551,512,49,463,1244,2000,2000,0,0.000000000,3240.418500000,3240.264500000,3240.264500000,0.000000000,0.154000000,308,0.150000000,3.314701307,6.825891134,27.275851048,1.120997435,13.945838500,1.000000000
1140,fixed_random_bfs,3555358066,512,44,468,1231,2000,2000,2,0.100000000,3240.418500000,3240.581000000,3239.836500000,0.744500000,-0.162500000,-325,0.250000000,3.314701307,4.847108313,19.616079593,0.771249581,9.902187200,1.000000000
1141,fixed_random_bfs,708314290,512,59,453,2361,2000,2000,66,3.300000000,3240.418500000,3189.172500000,3172.323000000,16.849500000,51.246000000,102492,24.450000000,3.314701307,5.129082275,20.481924299,0.817153078,10.475672667,1.000000000
1142,fixed_random_bfs,4226924439,512,42,470,747,2000,2000,24,1.200000000,3240.418500000,3209.711500000,3204.305500000,5.406000000,30.707000000,61414,17.800000000,3.314701307,4.833262982,19.339185947,0.772543020,9.874375387,1.000000000
1143,fixed_random_bfs,1314248313,512,40,472,1229,2000,2000,1,0.050000000,3240.418500000,3237.952500000,3237.447000000,0.505500000,2.466000000,4932,2.500000000,3.314701307,4.878958850,19.708165205,0.756210257,9.968505042,1.000000000
1144,fixed_random_bfs,5495786891,512,68,444,1716,2000,2000,0,0.000000000,3240.418500000,3240.418500000,3240.418500000,0.000000000,0.000000000,0,0.000000000,3.314701307,4.888181178,19.611566243,0.846110916,9.989656769,1.000000000
1145,fixed_random_bfs,6343133156,512,39,473,797,2000,2000,5,0.250000000,3240.418500000,3229.742000000,3228.791000000,0.951000000,10.676500000,21353,7.050000000,3.314701307,4.883747223,19.605218997,0.663399011,9.978239399,1.000000000
1146,fixed_random_bfs,468418855,512,48,464,1687,2000,2000,2,0.100000000,3240.418500000,3239.479500000,3238.986000000,0.493500000,0.939000000,1878,0.650000000,3.314701307,6.787909147,27.167228097,1.080795663,13.868310222,1.000000000
1147,fixed_random_bfs,2813507887,512,34,478,845,2000,2000,9,0.450000000,3240.418500000,3226.371500000,3224.229500000,2.142000000,14.047000000,28094,6.900000000,3.314701307,6.755276884,27.213115952,1.092717401,13.799915845,1.000000000
1148,fixed_random_bfs,7608453742,512,50,462,1377,2000,2000,0,0.000000000,3240.418500000,3240.357500000,3240.357500000,0.000000000,0.061000000,122,0.050000000,3.314701307,4.893636148,19.637841899,0.783994445,9.998974910,1.000000000
1149,fixed_random_bfs,6343393817,512,40,472,1031,2000,2000,6,0.300000000,3240.418500000,3229.048500000,3227.724500000,1.324000000,11.370000000,22740,7.050000000,3.314701307,4.906850910,19.610369356,0.778712235,10.023998831,1.000000000
1150,fixed_random_bfs,4183860322,512,41,471,1600,2000,2000,0,0.000000000,3240.418500000,3240.183000000,3240.183000000,0.000000000,0.235500000,471,0.050000000,3.314701307,6.783661376,27.270037798,1.128636519,13.858949112,1.000000000
1151,fixed_random_bfs,4424144420,512,52,460,1740,2000,2000,131,6.550000000,3240.418500000,3198.381000000,3166.086000000,32.295000000,42.037500000,84075,22.800000000,3.314701307,6.838902565,27.244259842,1.110352211,13.947685837,1.000000000
1152,fixed_random_bfs,7637266244,512,54,458,1537,2000,2000,37,1.850000000,3240.418500000,3228.493500000,3219.007500000,9.486000000,11.925000000,23850,7.950000000,3.314701307,4.911489679,19.887791838,0.793659672,10.029952983,1.000000000
1153,fixed_random_bfs,5495474065,512,39,473,890,2000,2000,4,0.200000000,3240.418500000,3241.004000000,3239.764500000,1.239500000,-0.585500000,-1171,0.350000000,3.314701307,6.862231831,27.580112188,1.101017106,14.020046270,1.000000000
1154,fixed_random_bfs,261265774,512,50,462,1525,2000,2000,21,1.050000000,3240.418500000,3206.184000000,3201.094500000,5.089500000,34.234500000,68469,16.750000000,3.314701307,4.887895145,19.631010250,0.867874714,9.984561511,1.000000000
1155,fixed_random_bfs,5493462735,512,34,478,633,2000,2000,0,0.000000000,3240.418500000,3240.180000000,3240.180000000,0.000000000,0.238500000,477,0.050000000,3.314701307,6.809946028,27.465438745,0.973404913,13.915371169,1.000000000
1156,fixed_random_bfs,345514956,512,40,472,1194,2000,2000,21,1.050000000,3240.418500000,3231.216000000,3225.964500000,5.251500000,9.202500000,18405,7.000000000,3.314701307,4.923026542,19.929450390,0.748518658,10.056152369,1.000000000
1157,fixed_random_bfs,261114201,512,42,470,830,2000,2000,8,0.400000000,3240.418500000,3233.882000000,3231.999000000,1.883000000,6.536500000,13073,4.050000000,3.314701307,6.884481633,27.760433045,0.972452374,14.067639655,1.000000000
1158,fixed_random_bfs,6369524348,512,66,446,1141,2000,2000,7,0.350000000,3240.418500000,3231.689500000,3231.111500000,0.578000000,8.729000000,17458,6.500000000,3.314701307,4.926280812,19.747422798,0.778184743,10.063882734,1.000000000
1159,fixed_random_bfs,2174877692,512,52,460,1341,2000,2000,26,1.300000000,3240.418500000,3226.434000000,3219.618000000,6.816000000,13.984500000,27969,6.400000000,3.314701307,4.927297867,19.587498302,0.767367133,10.063360182,1.000000000
1160,fixed_random_bfs,261151250,512,51,461,1730,2000,2000,0,0.000000000,3240.418500000,3240.188000000,3240.188000000,0.000000000,0.230500000,461,0.050000000,3.314701307,4.939044273,19.788612691,0.754798591,10.092324424,1.000000000
1161,fixed_random_bfs,8627110425,512,44,468,705,2000,2000,105,5.250000000,3240.418500000,3159.527500000,3135.116500000,24.411000000,80.891000000,161782,35.850000000,3.314701307,6.740100221,27.289484440,1.143904603,13.755818718,1.000000000
1162,fixed_random_bfs,1884311454,512,54,458,904,2000,2000,101,5.050000000,3240.418500000,3195.958000000,3175.070000000,20.888000000,44.460500000,88921,25.200000000,3.314701307,4.975771045,19.725642209,0.704323525,10.157676184,1.000000000
1163,fixed_random_bfs,1511584444,512,41,471,980,2000,2000,0,0.000000000,3240.418500000,3240.232000000,3240.232000000,0.000000000,0.186500000,373,0.150000000,3.314701307,6.835989727,27.779291502,1.139806802,13.968592822,1.000000000
1164,fixed_random_bfs,2437421279,512,49,463,1019,2000,2000,0,0.000000000,3240.418500000,3239.419500000,3239.419500000,0.000000000,0.999000000,1998,0.750000000,3.314701307,6.823311166,27.715132750,1.139070765,13.941714509,1.000000000
1165,fixed_random_bfs,5853464090,512,41,471,1066,2000,2000,2,0.100000000,3240.418500000,3240.042000000,3239.540000000,0.502000000,0.376500000,753,0.250000000,3.314701307,6.817007977,27.392404900,1.275360878,13.928284633,1.000000000
1166,fixed_random_bfs,4332660441,512,59,453,2579,2000,2000,14,0.700000000,3240.418500000,3239.587500000,3236.835000000,2.752500000,0.831000000,1662,1.600000000,3.314701307,4.856144072,19.589772300,0.784660368,9.920764234,1.000000000
1167,fixed_random_bfs,1446668525,512,49,463,1292,2000,2000,2,0.100000000,3240.418500000,3237.733500000,3237.261500000,0.472000000,2.685000000,5370,2.300000000,3.314701307,6.817128397,27.259447245,1.146543753,13.929075928,1.000000000
1168,fixed_random_bfs,2418138331,512,60,452,1538,2000,2000,0,0.000000000,3240.418500000,3240.171500000,3240.171500000,0.000000000,0.247000000,494,0.150000000,3.314701307,6.811874758,27.235566296,1.023648239,13.918433627,1.000000000
1169,fixed_random_bfs,2317748310,512,46,466,1137,2000,2000,0,0.000000000,3240.418500000,3239.869500000,3239.869500000,0.000000000,0.549000000,1098,0.200000000,3.314701307,4.947895868,20.002599651,0.799728267,10.110663707,1.000000000
1170,fixed_random_bfs,2350034957,512,39,473,1262,2000,2000,4,0.200000000,3240.418500000,3239.445500000,3238.438500000,1.007000000,0.973000000,1946,0.750000000,3.314701307,6.767597439,26.919891302,1.130528714,13.826752464,1.000000000
1171,fixed_random_bfs,1939012545,512,64,448,3593,2000,2000,0,0.000000000,3240.418500000,3239.960000000,3239.960000000,0.000000000,0.458500000,917,0.250000000,3.314701307,6.833703070,27.284133908,1.153498827,13.963220382,1.000000000
1172,fixed_random_bfs,288990130,512,48,464,1854,2000,2000,0,0.000000000,3240.418500000,3239.773000000,3239.773000000,0.000000000,0.645500000,1291,0.650000000,3.314701307,4.855993903,19.347113098,0.772120989,9.923299434,1.000000000
1173,fixed_random_bfs,255730529,512,56,456,2758,2000,2000,0,0.000000000,3240.418500000,3239.943500000,3239.943500000,0.000000000,0.475000000,950,0.200000000,3.314701307,6.840304126,27.387795095,1.131948628,13.976677301,1.000000000
1174,fixed_random_bfs,261209743,512,45,467,1039,2000,2000,39,1.950000000,3240.418500000,3228.119000000,3218.364500000,9.754500000,12.299500000,24599,8.400000000,3.314701307,4.852199912,19.504287206,0.764559466,9.909944822,1.000000000
1175,fixed_random_bfs,4332656998,512,57,455,2608,2000,2000,2,0.100000000,3240.418500000,3237.159000000,3236.658000000,0.501000000,3.259500000,6519,1.650000000,3.314701307,6.840692507,27.595855947,1.143372606,13.975342839,1.000000000
1176,fixed_random_bfs,5902255154,512,57,455,1695,2000,2000,25,1.250000000,3240.418500000,3229.552500000,3223.844500000,5.708000000,10.866000000,21732,7.000000000,3.314701307,6.784620270,27.350354654,1.146391892,13.855044390,1.000000000
1177,fixed_random_bfs,365281554,512,44,468,953,2000,2000,5,0.250000000,3240.418500000,3234.254000000,3233.060500000,1.193500000,6.164500000,12329,3.450000000,3.314701307,4.839538833,19.402238956,0.741029368,9.888854127,1.000000000
1178,fixed_random_bfs,4332517012,512,40,472,909,2000,2000,31,1.550000000,3240.418500000,3223.862500000,3216.179500000,7.683000000,16.556000000,33112,10.600000000,3.314701307,4.818188114,18.997930910,0.748230086,9.844732198,1.000000000
1179,fixed_random_bfs,5496247281,512,49,463,1940,2000,2000,0,0.000000000,3240.418500000,3240.187000000,3240.187000000,0.000000000,0.231500000,463,0.050000000,3.314701307,4.840417141,19.118568095,0.684401337,9.891428748,1.000000000
1180,fixed_random_bfs,2001526195,512,36,476,995,2000,2000,0,0.000000000,3240.418500000,3240.418500000,3240.418500000,0.000000000,0.000000000,0,0.000000000,3.314701307,6.749130778,27.048925654,1.122098031,13.784697770,1.000000000
1181,fixed_random_bfs,5495978537,512,61,451,3366,2000,2000,0,0.000000000,3240.418500000,3240.193000000,3240.193000000,0.000000000,0.225500000,451,0.050000000,3.314701307,4.834283018,19.221909498,0.782146415,9.877772868,1.000000000
1182,fixed_random_bfs,5894560262,512,49,463,1651,2000,2000,158,7.900000000,3240.418500000,3221.545000000,3180.385500000,41.159500000,18.873500000,37747,16.000000000,3.314701307,5.087694303,20.274942052,0.825828491,10.382388882,1.000000000
1183,fixed_random_bfs,3731239667,512,36,476,613,2000,2000,0,0.000000000,3240.418500000,3240.253000000,3240.253000000,0.000000000,0.165500000,331,0.050000000,3.314701307,4.843366431,19.274368652,0.685612943,9.898979308,1.000000000
1184,fixed_random_bfs,5495921620,512,41,471,1064,2000,2000,0,0.000000000,3240.418500000,3240.383500000,3240.383500000,0.000000000,0.035000000,70,0.050000000,3.314701307,4.828818974,19.319098595,0.751127635,9.866078765,1.000000000
1185,fixed_random_bfs,261275876,512,47,465,1193,2000,2000,1,0.050000000,3240.418500000,3236.012000000,3235.773500000,0.238500000,4.406500000,8813,3.450000000,3.314701307,4.813278971,19.251185255,0.671744396,9.832590879,1.000000000
1186,fixed_random_bfs,5493045883,512,28,484,703,2000,2000,4,0.200000000,3240.418500000,3236.246500000,3234.988000000,1.258500000,4.172000000,8344,2.700000000,3.314701307,4.799674145,19.025322451,0.662965449,9.806443461,1.000000000
1187,fixed_random_bfs,5493712253,512,59,453,2083,2000,2000,0,0.000000000,3240.418500000,3240.192000000,3240.192000000,0.000000000,0.226500000,453,0.050000000,3.314701307,4.776819969,19.200100694,0.689954661,9.758823600,1.000000000
1188,fixed_random_bfs,261104999,512,40,472,1163,2000,2000,1,0.050000000,3240.418500000,3240.416500000,3240.167000000,0.249500000,0.002000000,4,0.050000000,3.314701307,4.759764518,18.842388641,0.700952427,9.722614678,1.000000000
1189,fixed_random_bfs,7662534488,512,49,463,1490,2000,2000,25,1.250000000,3240.418500000,3231.270500000,3225.341500000,5.929000000,9.148000000,18296,6.200000000,3.314701307,4.765373057,19.582991001,0.764031717,9.731426389,1.000000000
1190,fixed_random_bfs,537981666,512,33,479,536,2000,2000,1,0.050000000,3240.418500000,3225.834500000,3225.592000000,0.242500000,14.584000000,29168,6.500000000,3.314701307,6.479468205,26.096582161,1.103591537,13.234290784,1.000000000
1191,fixed_random_bfs,4156112899,512,47,465,598,2000,2000,162,8.100000000,3240.418500000,3181.512000000,3145.480500000,36.031500000,58.906500000,117813,31.300000000,3.314701307,6.322600920,25.326555689,1.071817398,12.891093802,1.000000000
1192,fixed_random_bfs,9258025162,512,37,475,877,2000,2000,6,0.300000000,3240.418500000,3239.273000000,3237.807500000,1.465500000,1.145500000,2291,1.100000000,3.314701307,6.307125814,25.232973445,1.099171572,12.880111910,1.000000000
1193,fixed_random_bfs,261140711,512,35,477,875,2000,2000,158,7.900000000,3240.418500000,3185.727000000,3148.575500000,37.151500000,54.691500000,109383,25.100000000,3.314701307,4.618648191,18.603133359,0.684286789,9.418849553,1.000000000
1194,fixed_random_bfs,261108614,512,54,458,1949,2000,2000,15,0.750000000,3240.418500000,3217.535500000,3213.909000000,3.626500000,22.883000000,45766,12.450000000,3.314701307,4.729666577,19.229781906,0.786074818,9.658364840,1.000000000
1195,fixed_random_bfs,261214998,512,40,472,1229,2000,2000,20,1.000000000,3240.418500000,3235.501500000,3229.958500000,5.543000000,4.917000000,9834,2.850000000,3.314701307,5.121703111,20.493420951,0.766250306,10.457972545,1.000000000
1196,fixed_random_bfs,4337248985,512,43,469,1164,2000,2000,44,2.200000000,3240.418500000,3213.577000000,3203.479000000,10.098000000,26.841500000,53683,18.050000000,3.314701307,6.190053901,24.795745595,1.124859576,12.631301521,1.000000000
1197,fixed_random_bfs,1884459468,512,45,467,1166,2000,2000,5,0.250000000,3240.418500000,3226.742500000,3226.037000000,0.705500000,13.676000000,27352,7.550000000,3.314701307,5.544858522,22.394305801,1.137306425,11.327316625,1.000000000
1198,fixed_random_bfs,7280997434,512,56,456,1504,2000,2000,0,0.000000000,3240.418500000,3239.602000000,3239.602000000,0.000000000,0.816500000,1633,0.550000000,3.314701307,6.135410717,24.663252242,1.131881876,12.526928869,1.000000000
1199,fixed_random_bfs,365053818,512,44,468,1166,2000,2000,29,1.450000000,3240.418500000,3229.097500000,3222.641000000,6.456500000,11.321000000,22642,6.100000000,3.314701307,6.166875345,24.689758792,1.106639407,12.584792014,1.000000000
