region_id,selection_method,seed_node,node_count,boundary_count,internal_node_count,shortcut_count,label_query_count,reachable_query_count,endpoint_access_query_count,endpoint_access_rate_pct,baseline_avg_expanded,indexed_avg_expanded,indexed_avg_graph_expanded,indexed_avg_access_expanded,avg_workload_gain,total_workload_gain,positive_gain_query_rate_pct,baseline_avg_ms_unpaired,indexed_avg_ms_unpaired,indexed_p95_ms_unpaired,preprocessing_seconds,evaluation_seconds,correctness_rate
0,fixed_random_bfs,261130664,512,63,449,2664,2000,2000,3,0.150000000,3323.308500000,3319.220000000,3318.483000000,0.737000000,4.088500000,8177,2.450000000,3.400481498,7.019783078,29.960843053,1.264375266,14.291264662,1.000000000
1,fixed_random_bfs,261245312,512,49,463,1144,2000,2000,83,4.150000000,3323.308500000,3301.705500000,3280.800000000,20.905500000,21.603000000,43206,12.650000000,3.400481498,4.936855502,21.057814700,0.997796720,10.050521262,1.000000000
2,fixed_random_bfs,709360166,512,56,456,1447,2000,2000,62,3.100000000,3323.308500000,3262.664500000,3252.060000000,10.604500000,60.644000000,121288,28.100000000,3.400481498,4.860866986,20.501392552,0.995414075,9.894511879,1.000000000
3,fixed_random_bfs,1296625442,512,45,467,1135,2000,2000,22,1.100000000,3323.308500000,3308.910500000,3303.093000000,5.817500000,14.398000000,28796,7.800000000,3.400481498,4.918496240,21.265748706,0.996475762,10.015448333,1.000000000
4,fixed_random_bfs,5495808193,512,69,443,3972,2000,2000,0,0.000000000,3323.308500000,3323.308500000,3323.308500000,0.000000000,0.000000000,0,0.000000000,3.400481498,7.104411603,30.130565641,1.263837391,14.468236493,1.000000000
5,fixed_random_bfs,1647496589,512,60,452,484,2000,2000,46,2.300000000,3323.308500000,3277.812500000,3275.716500000,2.096000000,45.496000000,90992,29.500000000,3.400481498,6.867880961,29.316575398,1.345360002,13.977585632,1.000000000
6,fixed_random_bfs,739118563,512,41,471,594,2000,2000,115,5.750000000,3323.308500000,3280.536500000,3258.397000000,22.139500000,42.772000000,85544,24.500000000,3.400481498,4.904467966,20.936297244,0.996701563,9.978182732,1.000000000
7,fixed_random_bfs,1308232052,512,51,461,1529,2000,2000,17,0.850000000,3323.308500000,3318.791000000,3314.169000000,4.622000000,4.517500000,9035,4.150000000,3.400481498,4.914704645,21.196919838,0.995032272,10.009590929,1.000000000
8,fixed_random_bfs,2402712172,512,43,469,1162,2000,2000,1,0.050000000,3323.308500000,3320.345000000,3320.093500000,0.251500000,2.963500000,5927,1.400000000,3.400481498,4.942256214,21.381739699,0.993617038,10.066684373,1.000000000
9,fixed_random_bfs,8229753272,512,58,454,1266,2000,2000,71,3.550000000,3323.308500000,3268.551000000,3259.252500000,9.298500000,54.757500000,109515,27.550000000,3.400481498,4.916345452,21.042496594,1.051774382,10.006919645,1.000000000
10,fixed_random_bfs,5870701665,512,60,452,1595,2000,2000,4,0.200000000,3323.308500000,3319.935000000,3318.819000000,1.116000000,3.373500000,6747,3.350000000,3.400481498,6.956759669,29.870400843,1.178450150,14.162187007,1.000000000
11,fixed_random_bfs,9074937013,512,40,472,824,2000,2000,35,1.750000000,3323.308500000,3327.740000000,3316.925000000,10.815000000,-4.431500000,-8863,1.300000000,3.400481498,4.983453329,21.175847643,0.984941160,10.149405546,1.000000000
12,fixed_random_bfs,602411024,512,34,478,768,2000,2000,4,0.200000000,3323.308500000,3317.913500000,3316.912500000,1.001000000,5.395000000,10790,2.350000000,3.400481498,5.058903024,21.461578889,1.324888300,10.303396376,1.000000000
13,fixed_random_bfs,727782494,512,40,472,939,2000,2000,0,0.000000000,3323.308500000,3323.233500000,3323.233500000,0.000000000,0.075000000,150,0.500000000,3.400481498,5.291347960,22.210340991,1.248852840,10.779936138,1.000000000
14,fixed_random_bfs,261312107,512,46,466,1644,2000,2000,0,0.000000000,3323.308500000,3322.811500000,3322.811500000,0.000000000,0.497000000,994,0.200000000,3.400481498,6.501560579,27.033182496,0.986646718,13.239480072,1.000000000
15,fixed_random_bfs,2401929340,512,45,467,1200,2000,2000,7,0.350000000,3323.308500000,3318.892500000,3317.165000000,1.727500000,4.416000000,8832,2.650000000,3.400481498,6.966125228,29.838456052,1.245632873,14.181945557,1.000000000
16,fixed_random_bfs,709547089,512,38,474,1093,2000,2000,2,0.100000000,3323.308500000,3321.775500000,3320.766500000,1.009000000,1.533000000,3066,1.350000000,3.400481498,6.254426633,25.803419963,0.982967141,12.739058264,1.000000000
17,fixed_random_bfs,261201660,512,66,446,4097,2000,2000,0,0.000000000,3323.308500000,3322.897500000,3322.897500000,0.000000000,0.411000000,822,0.400000000,3.400481498,6.163393681,25.776149098,1.014281726,12.552220804,1.000000000
18,fixed_random_bfs,261210238,512,42,470,1162,2000,2000,0,0.000000000,3323.308500000,3322.406000000,3322.406000000,0.000000000,0.902500000,1805,0.400000000,3.400481498,6.994058669,29.836585754,1.242365044,14.240672535,1.000000000
19,fixed_random_bfs,7396450160,512,45,467,1526,2000,2000,1,0.050000000,3323.308500000,3321.732000000,3321.484000000,0.248000000,1.576500000,3153,0.900000000,3.400481498,5.911738633,24.095557643,0.986080893,12.041667457,1.000000000
20,fixed_random_bfs,2183538570,512,47,465,1238,2000,2000,0,0.000000000,3323.308500000,3322.196500000,3322.196500000,0.000000000,1.112000000,2224,0.500000000,3.400481498,7.060892455,31.008127995,1.246215247,14.377789487,1.000000000
21,fixed_random_bfs,2243177979,512,52,460,1419,2000,2000,9,0.450000000,3323.308500000,3313.886500000,3311.739500000,2.147000000,9.422000000,18844,5.000000000,3.400481498,5.555025043,23.034232999,0.979767629,11.312344259,1.000000000
22,fixed_random_bfs,259745633,512,35,477,710,2000,2000,21,1.050000000,3323.308500000,3319.384500000,3314.628500000,4.756000000,3.924000000,7848,3.300000000,3.400481498,6.462207556,27.350223606,1.245505225,13.158791304,1.000000000
23,fixed_random_bfs,1894564272,512,38,474,849,2000,2000,21,1.050000000,3323.308500000,3299.723000000,3295.448000000,4.275000000,23.585500000,47171,11.600000000,3.400481498,7.006054164,29.904047097,1.247762966,14.259380580,1.000000000
24,fixed_random_bfs,367763450,512,49,463,1524,2000,2000,0,0.000000000,3323.308500000,3323.066000000,3323.066000000,0.000000000,0.242500000,485,0.100000000,3.400481498,7.007401643,29.912862305,1.246002675,14.266442899,1.000000000
25,fixed_random_bfs,2396652983,512,54,458,1254,2000,2000,11,0.550000000,3323.308500000,3311.970500000,3309.437500000,2.533000000,11.338000000,22676,6.100000000,3.400481498,6.912739935,29.482536154,1.239485874,14.071845322,1.000000000
26,fixed_random_bfs,261115691,512,37,475,812,2000,2000,0,0.000000000,3323.308500000,3321.980000000,3321.980000000,0.000000000,1.328500000,2657,0.400000000,3.400481498,4.919419386,21.302798596,0.981880267,10.018252577,1.000000000
27,fixed_random_bfs,1317862230,512,52,460,1570,2000,2000,32,1.600000000,3323.308500000,3309.301500000,3301.336500000,7.965000000,14.007000000,28014,8.550000000,3.400481498,6.545638226,27.035823895,1.243867435,13.324764816,1.000000000
28,fixed_random_bfs,2431739453,512,43,469,1377,2000,2000,0,0.000000000,3323.308500000,3321.655000000,3321.655000000,0.000000000,1.653500000,3307,0.900000000,3.400481498,6.997971534,29.734232152,1.242911349,14.249024268,1.000000000
29,fixed_random_bfs,367783431,512,40,472,1064,2000,2000,0,0.000000000,3323.308500000,3322.845500000,3322.845500000,0.000000000,0.463000000,926,0.250000000,3.400481498,4.877669936,20.684824899,0.979380054,9.934672252,1.000000000
30,fixed_random_bfs,2402691813,512,55,457,1946,2000,2000,5,0.250000000,3323.308500000,3320.124000000,3318.887000000,1.237000000,3.184500000,6369,1.900000000,3.400481498,4.885266923,20.730607003,0.980362061,9.948829094,1.000000000
31,fixed_random_bfs,1929916051,512,43,469,1565,2000,2000,1,0.050000000,3323.308500000,3322.493000000,3322.238000000,0.255000000,0.815500000,1631,0.450000000,3.400481498,4.883871105,21.032448891,1.039352134,9.946385401,1.000000000
32,fixed_random_bfs,261102572,512,54,458,1386,2000,2000,0,0.000000000,3323.308500000,3322.150500000,3322.150500000,0.000000000,1.158000000,2316,0.350000000,3.400481498,4.860716204,20.607605154,0.979171502,9.899507919,1.000000000
33,fixed_random_bfs,365020486,512,56,456,1431,2000,2000,62,3.100000000,3323.308500000,3301.973500000,3286.819000000,15.154500000,21.335000000,42670,13.050000000,3.400481498,4.921256200,21.271793158,0.982594752,10.017510164,1.000000000
34,fixed_random_bfs,2172916655,512,44,468,1353,2000,2000,2,0.100000000,3323.308500000,3321.693500000,3321.199500000,0.494000000,1.615000000,3230,1.050000000,3.400481498,5.928476474,24.588771692,1.238556593,12.069678008,1.000000000
35,fixed_random_bfs,408454273,512,61,451,2408,2000,2000,1,0.050000000,3323.308500000,3320.892500000,3320.654000000,0.238500000,2.416000000,4832,1.700000000,3.400481498,6.857979052,28.885019150,1.384575612,13.968025550,1.000000000
36,fixed_random_bfs,258019611,512,61,451,1326,2000,2000,5,0.250000000,3323.308500000,3316.560000000,3315.647000000,0.913000000,6.748500000,13497,4.800000000,3.400481498,4.886353147,20.696638503,0.978831892,9.951292712,1.000000000
37,fixed_random_bfs,1473072794,512,45,467,913,2000,2000,17,0.850000000,3323.308500000,3314.142000000,3310.304500000,3.837500000,9.166500000,18333,3.800000000,3.400481498,6.938320027,29.569175438,1.237073063,14.123841227,1.000000000
38,fixed_random_bfs,5307840552,512,49,463,1813,2000,2000,102,5.100000000,3323.308500000,3289.886500000,3262.895000000,26.991500000,33.422000000,66844,24.500000000,3.400481498,4.922066854,21.037224392,0.993063176,10.018689058,1.000000000
39,fixed_random_bfs,6341895472,512,46,466,849,2000,2000,5,0.250000000,3323.308500000,3317.409500000,3316.542000000,0.867500000,5.899000000,11798,5.200000000,3.400481498,4.952133912,21.375530655,0.981485714,10.086654366,1.000000000
40,fixed_random_bfs,7187140191,512,42,470,1066,2000,2000,61,3.050000000,3323.308500000,3281.085000000,3265.215000000,15.870000000,42.223500000,84447,26.750000000,3.400481498,4.946485062,21.050580847,0.814094321,10.071601122,1.000000000
41,fixed_random_bfs,4881223217,512,46,466,1341,2000,2000,0,0.000000000,3323.308500000,3323.278000000,3323.278000000,0.000000000,0.030500000,61,0.050000000,3.400481498,4.948284582,21.009078690,0.810658903,10.078406137,1.000000000
42,fixed_random_bfs,366588631,512,55,457,1577,2000,2000,1,0.050000000,3323.308500000,3323.009000000,3322.766500000,0.242500000,0.299500000,599,0.150000000,3.400481498,4.956364754,21.161648751,0.809650014,10.094783941,1.000000000
43,fixed_random_bfs,2174877840,512,50,462,1079,2000,2000,21,1.050000000,3323.308500000,3309.712000000,3304.938000000,4.774000000,13.596500000,27193,7.050000000,3.400481498,4.954690131,21.079947695,0.814936048,10.083762698,1.000000000
44,fixed_random_bfs,728736502,512,43,469,1034,2000,2000,0,0.000000000,3323.308500000,3323.185000000,3323.185000000,0.000000000,0.123500000,247,0.200000000,3.400481498,4.977955959,21.273571142,0.812503616,10.139049799,1.000000000
45,fixed_random_bfs,2426839445,512,59,453,2366,2000,2000,0,0.000000000,3323.308500000,3323.073000000,3323.073000000,0.000000000,0.235500000,471,0.100000000,3.400481498,5.035121679,21.633172996,0.823662341,10.256934791,1.000000000
46,fixed_random_bfs,1494455687,512,56,456,2041,2000,2000,0,0.000000000,3323.308500000,3322.727500000,3322.727500000,0.000000000,0.581000000,1162,0.200000000,3.400481498,4.985885304,21.357140146,0.819123414,10.154958403,1.000000000
47,fixed_random_bfs,736861058,512,57,455,899,2000,2000,75,3.750000000,3323.308500000,3259.257000000,3242.869500000,16.387500000,64.051500000,128103,29.650000000,3.400481498,4.929348436,20.722168094,0.813719876,10.033869073,1.000000000
48,fixed_random_bfs,261211056,512,43,469,722,2000,2000,2,0.100000000,3323.308500000,3322.855000000,3322.619000000,0.236000000,0.453500000,907,0.200000000,3.400481498,5.023403356,21.606931752,0.807897852,10.231200586,1.000000000
49,fixed_random_bfs,6042061913,512,39,473,1226,2000,2000,10,0.500000000,3323.308500000,3306.812000000,3304.312000000,2.500000000,16.496500000,32993,5.950000000,3.400481498,7.019106735,30.257008241,0.957347934,14.287069786,1.000000000
50,fixed_random_bfs,261135255,512,33,479,760,2000,2000,0,0.000000000,3323.308500000,3323.308500000,3323.308500000,0.000000000,0.000000000,0,0.000000000,3.400481498,5.036405616,21.663705252,0.805080914,10.257384817,1.000000000
51,fixed_random_bfs,4384635707,512,41,471,1097,2000,2000,125,6.250000000,3323.308500000,3293.169500000,3260.428000000,32.741500000,30.139000000,60278,17.450000000,3.400481498,4.977732584,21.276576148,0.805252590,10.126442743,1.000000000
52,fixed_random_bfs,9239252083,512,50,462,1587,2000,2000,2,0.100000000,3323.308500000,3323.124500000,3322.389000000,0.735500000,0.184000000,368,0.700000000,3.400481498,5.028704472,21.551734798,0.810244707,10.244697807,1.000000000
53,fixed_random_bfs,9169043132,512,49,463,1770,2000,2000,83,4.150000000,3323.308500000,3268.329500000,3246.872500000,21.457000000,54.979000000,109958,25.450000000,3.400481498,5.006361258,21.690424451,0.808619753,10.189600774,1.000000000
54,fixed_random_bfs,261152732,512,39,473,747,2000,2000,0,0.000000000,3323.308500000,3323.007500000,3323.007500000,0.000000000,0.301000000,602,0.150000000,3.400481498,5.048866317,21.662570145,0.815549204,10.284261599,1.000000000
55,fixed_random_bfs,1482492926,512,60,452,2229,2000,2000,32,1.600000000,3323.308500000,3309.380000000,3301.648000000,7.732000000,13.928500000,27857,9.150000000,3.400481498,5.117824255,21.831616358,0.814035171,10.420816575,1.000000000
56,fixed_random_bfs,6290594072,512,34,478,933,2000,2000,0,0.000000000,3323.308500000,3322.928000000,3322.928000000,0.000000000,0.380500000,761,0.150000000,3.400481498,5.033175651,21.701847263,0.795738222,10.251755382,1.000000000
57,fixed_random_bfs,8041709691,512,45,467,1808,2000,2000,3,0.150000000,3323.308500000,3322.049000000,3321.287500000,0.761500000,1.259500000,2519,0.800000000,3.400481498,5.033209711,21.551350391,0.767567870,10.252143928,1.000000000
58,fixed_random_bfs,6986257372,512,28,484,389,2000,2000,0,0.000000000,3323.308500000,3323.308500000,3323.308500000,0.000000000,0.000000000,0,0.000000000,3.400481498,5.093291750,21.500875863,0.748915769,10.375024499,1.000000000
59,fixed_random_bfs,4070073402,512,39,473,577,2000,2000,110,5.500000000,3323.308500000,3272.672000000,3252.782000000,19.890000000,50.636500000,101273,28.050000000,3.400481498,6.900357466,29.723722342,1.102684051,14.036032691,1.000000000
60,fixed_random_bfs,261164801,512,44,468,777,2000,2000,6,0.300000000,3323.308500000,3317.516000000,3316.089000000,1.427000000,5.792500000,11585,3.000000000,3.400481498,6.953486980,29.310991057,1.112602345,14.154662725,1.000000000
61,fixed_random_bfs,261127767,512,42,470,1523,2000,2000,0,0.000000000,3323.308500000,3323.308500000,3323.308500000,0.000000000,0.000000000,0,0.000000000,3.400481498,4.990977868,21.475780656,0.746662138,10.166006903,1.000000000
62,fixed_random_bfs,713241889,512,48,464,1529,2000,2000,3,0.150000000,3323.308500000,3310.270000000,3309.532000000,0.738000000,13.038500000,26077,5.800000000,3.400481498,6.965022058,29.671695601,1.129307928,14.177637697,1.000000000
63,fixed_random_bfs,2871468811,512,29,483,534,2000,2000,122,6.100000000,3323.308500000,3266.736000000,3234.330500000,32.405500000,56.572500000,113145,25.150000000,3.400481498,6.830668968,28.943570150,1.093157942,13.897416044,1.000000000
64,fixed_random_bfs,5892601787,512,58,454,2507,2000,2000,32,1.600000000,3323.308500000,3291.994000000,3284.073000000,7.921000000,31.314500000,62629,18.000000000,3.400481498,7.009410306,29.913662703,1.086862877,14.262664605,1.000000000
65,fixed_random_bfs,2005928505,512,35,477,964,2000,2000,0,0.000000000,3323.308500000,3322.326000000,3322.326000000,0.000000000,0.982500000,1965,0.550000000,3.400481498,6.969676100,30.012610746,1.089504536,14.187776051,1.000000000
66,fixed_random_bfs,8113178951,512,55,457,1307,2000,2000,7,0.350000000,3323.308500000,3317.647000000,3315.511000000,2.136000000,5.661500000,11323,3.950000000,3.400481498,4.990917558,21.225980449,0.774798342,10.163876078,1.000000000
67,fixed_random_bfs,2264917066,512,54,458,1613,2000,2000,30,1.500000000,3323.308500000,3310.777500000,3302.988000000,7.789500000,12.531000000,25062,7.500000000,3.400481498,6.927075062,29.430728553,1.129388172,14.098543402,1.000000000
68,fixed_random_bfs,4489793464,512,45,467,777,2000,2000,140,7.000000000,3323.308500000,3268.594500000,3237.548000000,31.046500000,54.714000000,109428,27.450000000,3.400481498,6.872679363,28.464551944,1.126204244,13.971543064,1.000000000
69,fixed_random_bfs,308441105,512,54,458,1783,2000,2000,39,1.950000000,3323.308500000,3283.152000000,3273.722000000,9.430000000,40.156500000,80313,20.900000000,3.400481498,4.975833999,20.898003912,0.822109506,10.131893809,1.000000000
70,fixed_random_bfs,5930773268,512,50,462,1854,2000,2000,14,0.700000000,3323.308500000,3318.468500000,3314.745500000,3.723000000,4.840000000,9680,3.400000000,3.400481498,6.959016683,29.787996748,1.139985482,14.164994829,1.000000000
71,fixed_random_bfs,5435951427,512,59,453,2056,2000,2000,12,0.600000000,3323.308500000,3319.873500000,3317.205500000,2.668000000,3.435000000,6870,3.350000000,3.400481498,6.928006529,29.580403840,1.141246943,14.101244678,1.000000000
72,fixed_random_bfs,2196336941,512,46,466,1000,2000,2000,4,0.200000000,3323.308500000,3313.838500000,3312.885000000,0.953500000,9.470000000,18940,5.000000000,3.400481498,6.889948561,29.434989240,1.129167903,14.024381099,1.000000000
73,fixed_random_bfs,375650309,512,37,475,733,2000,2000,1,0.050000000,3323.308500000,3321.111500000,3320.870000000,0.241500000,2.197000000,4394,0.650000000,3.400481498,6.928651019,29.699201458,1.115920125,14.104842796,1.000000000
74,fixed_random_bfs,1394106985,512,44,468,785,2000,2000,10,0.500000000,3323.308500000,3319.602500000,3317.873500000,1.729000000,3.706000000,7412,5.850000000,3.400481498,6.944227994,29.862147452,1.106056754,14.135191195,1.000000000
75,fixed_random_bfs,9277914711,512,40,472,1032,2000,2000,1,0.050000000,3323.308500000,3323.051000000,3322.816000000,0.235000000,0.257500000,515,0.150000000,3.400481498,6.984648868,30.065428854,1.117897653,14.219503467,1.000000000
76,fixed_random_bfs,7531090318,512,60,452,2777,2000,2000,7,0.350000000,3323.308500000,3321.056000000,3319.316000000,1.740000000,2.252500000,4505,2.000000000,3.400481498,7.033552770,29.983784394,1.140333229,14.317737320,1.000000000
77,fixed_random_bfs,1954479040,512,44,468,1101,2000,2000,3,0.150000000,3323.308500000,3318.739000000,3317.989000000,0.750000000,4.569500000,9139,1.950000000,3.400481498,7.022959182,30.050239002,1.110304268,14.297611007,1.000000000
78,fixed_random_bfs,2336611287,512,48,464,1045,2000,2000,0,0.000000000,3323.308500000,3322.553500000,3322.553500000,0.000000000,0.755000000,1510,0.250000000,3.400481498,7.025468451,30.238917092,1.123573853,14.302812185,1.000000000
79,fixed_random_bfs,2367780576,512,54,458,2552,2000,2000,0,0.000000000,3323.308500000,3323.308500000,3323.308500000,0.000000000,0.000000000,0,0.000000000,3.400481498,7.063543132,30.413593502,1.121815370,14.381381551,1.000000000
80,fixed_random_bfs,8626045146,512,47,465,1895,2000,2000,2,0.100000000,3323.308500000,3318.400500000,3317.895500000,0.505000000,4.908000000,9816,3.950000000,3.400481498,5.026407294,21.302562100,0.822884547,10.236890062,1.000000000
81,fixed_random_bfs,7494313985,512,49,463,1041,2000,2000,1,0.050000000,3323.308500000,3321.497500000,3321.258000000,0.239500000,1.811000000,3622,0.600000000,3.400481498,4.983769091,21.155441238,0.814937882,10.150248393,1.000000000
82,fixed_random_bfs,261193478,512,57,455,1901,2000,2000,4,0.200000000,3323.308500000,3321.827000000,3320.862000000,0.965000000,1.481500000,2963,1.050000000,3.400481498,4.983255181,21.064373395,0.811897418,10.149672589,1.000000000
83,fixed_random_bfs,9236153615,512,47,465,737,2000,2000,31,1.550000000,3323.308500000,3308.208500000,3303.540500000,4.668000000,15.100000000,30200,11.100000000,3.400481498,4.979738987,21.062997652,0.800567334,10.133222689,1.000000000
84,fixed_random_bfs,261171328,512,52,460,956,2000,2000,95,4.750000000,3323.308500000,3246.012500000,3222.819500000,23.193000000,77.296000000,154592,31.500000000,3.400481498,4.957484461,20.948912101,0.818589103,10.089482190,1.000000000
85,fixed_random_bfs,7856845932,512,42,470,1525,2000,2000,4,0.200000000,3323.308500000,3322.471500000,3321.224500000,1.247000000,0.837000000,1674,0.500000000,3.400481498,5.017623527,21.302533593,0.814462526,10.219624029,1.000000000
86,fixed_random_bfs,8017887231,512,50,462,1495,2000,2000,42,2.100000000,3323.308500000,3305.891500000,3294.859000000,11.032500000,17.417000000,34834,10.550000000,3.400481498,5.008141317,21.644980611,0.805324968,10.195555605,1.000000000
87,fixed_random_bfs,7191919415,512,38,474,570,2000,2000,8,0.400000000,3323.308500000,3312.536000000,3311.371000000,1.165000000,10.772500000,21545,5.000000000,3.400481498,5.014090844,21.742184644,0.791167264,10.211450840,1.000000000
88,fixed_random_bfs,1393853856,512,39,473,680,2000,2000,5,0.250000000,3323.308500000,3322.198500000,3320.798000000,1.400500000,1.110000000,2220,0.650000000,3.400481498,5.067801997,21.862438907,0.793568480,10.319717438,1.000000000
89,fixed_random_bfs,261149456,512,49,463,1453,2000,2000,0,0.000000000,3323.308500000,3322.848000000,3322.848000000,0.000000000,0.460500000,921,0.300000000,3.400481498,5.056350944,21.912546398,0.801344737,10.301167494,1.000000000
90,fixed_random_bfs,4976423070,512,37,475,1158,2000,2000,0,0.000000000,3323.308500000,3323.193000000,3323.193000000,0.000000000,0.115500000,231,0.250000000,3.400481498,5.032712809,21.917882158,0.789021306,10.251714151,1.000000000
91,fixed_random_bfs,2042883327,512,56,456,2309,2000,2000,2,0.100000000,3323.308500000,3321.238000000,3320.745500000,0.492500000,2.070500000,4141,1.550000000,3.400481498,5.049384664,21.853757805,0.797015294,10.284346004,1.000000000
92,fixed_random_bfs,253960322,512,50,462,1858,2000,2000,4,0.200000000,3323.308500000,3321.462000000,3320.466500000,0.995500000,1.846500000,3693,1.200000000,3.400481498,5.051143684,21.581685446,0.799492590,10.290267967,1.000000000
93,fixed_random_bfs,1478062763,512,47,465,1308,2000,2000,0,0.000000000,3323.308500000,3321.717500000,3321.717500000,0.000000000,1.591000000,3182,0.950000000,3.400481498,5.045821060,21.623662089,0.795512785,10.278325038,1.000000000
94,fixed_random_bfs,5116576437,512,40,472,854,2000,2000,26,1.300000000,3323.308500000,3323.838000000,3317.364000000,6.474000000,-0.529500000,-1059,1.600000000,3.400481498,5.017647177,21.414246243,0.777635825,10.219727618,1.000000000
95,fixed_random_bfs,4792888728,512,44,468,1603,2000,2000,0,0.000000000,3323.308500000,3323.308500000,3323.308500000,0.000000000,0.000000000,0,0.000000000,3.400481498,5.068489114,21.861898750,0.771514219,10.324452548,1.000000000
96,fixed_random_bfs,917877739,512,38,474,1159,2000,2000,132,6.600000000,3323.308500000,3279.848000000,3245.381000000,34.467000000,43.460500000,86921,25.950000000,3.400481498,5.032119912,20.994441251,0.751695450,10.241705538,1.000000000
97,fixed_random_bfs,261182324,512,39,473,1062,2000,2000,0,0.000000000,3323.308500000,3322.788500000,3322.788500000,0.000000000,0.520000000,1040,0.250000000,3.400481498,5.107319114,21.573987698,0.751322456,10.402895824,1.000000000
98,fixed_random_bfs,261115066,512,54,458,1903,2000,2000,0,0.000000000,3323.308500000,3323.048000000,3323.048000000,0.000000000,0.260500000,521,0.150000000,3.400481498,5.044745711,21.628520405,0.743077758,10.275580682,1.000000000
99,fixed_random_bfs,2123140688,512,39,473,1094,2000,2000,0,0.000000000,3323.308500000,3323.268000000,3323.268000000,0.000000000,0.040500000,81,0.050000000,3.400481498,5.047247814,21.371121645,0.743774517,10.279678797,1.000000000
100,fixed_random_bfs,2303511313,512,43,469,1198,2000,2000,3,0.150000000,3323.308500000,3280.526000000,3279.870500000,0.655500000,42.782500000,85565,26.800000000,3.400481498,6.998720650,29.866607950,1.090391468,14.247310460,1.000000000
101,fixed_random_bfs,367763375,512,55,457,1902,2000,2000,0,0.000000000,3323.308500000,3323.077500000,3323.077500000,0.000000000,0.231000000,462,0.100000000,3.400481498,5.047659665,21.448692502,0.767786574,10.281590959,1.000000000
102,fixed_random_bfs,261272306,512,60,452,1665,2000,2000,2,0.100000000,3323.308500000,3321.518000000,3321.099000000,0.419000000,1.790500000,3581,1.200000000,3.400481498,6.991897385,30.049499450,1.086915861,14.231730197,1.000000000
103,fixed_random_bfs,261303606,512,42,470,702,2000,2000,0,0.000000000,3323.308500000,3323.076000000,3323.076000000,0.000000000,0.232500000,465,0.100000000,3.400481498,7.042969760,30.271220905,1.091921585,14.339025824,1.000000000
104,fixed_random_bfs,26218644,512,69,443,1748,2000,2000,1,0.050000000,3323.308500000,3322.583000000,3322.465500000,0.117500000,0.725500000,1451,0.850000000,3.400481498,7.013598977,30.047735939,1.085318947,14.278612812,1.000000000
105,fixed_random_bfs,7506141998,512,43,469,938,2000,2000,23,1.150000000,3323.308500000,3291.697000000,3286.353000000,5.344000000,31.611500000,63223,15.750000000,3.400481498,7.035368647,30.258429646,1.107456995,14.319551994,1.000000000
106,fixed_random_bfs,2057016417,512,46,466,1566,2000,2000,0,0.000000000,3323.308500000,3322.722000000,3322.722000000,0.000000000,0.586500000,1173,0.350000000,3.400481498,7.058135700,29.974493499,1.112024411,14.368669993,1.000000000
107,fixed_random_bfs,4279631996,512,40,472,1443,2000,2000,0,0.000000000,3323.308500000,3322.350500000,3322.350500000,0.000000000,0.958000000,1916,0.500000000,3.400481498,7.032045070,29.856625489,1.121201106,14.315788778,1.000000000
108,fixed_random_bfs,2473877290,512,43,469,1381,2000,2000,0,0.000000000,3323.308500000,3323.308500000,3323.308500000,0.000000000,0.000000000,0,0.000000000,3.400481498,7.006847991,30.083698041,1.145310018,14.265163899,1.000000000
109,fixed_random_bfs,261134259,512,45,467,1306,2000,2000,26,1.300000000,3323.308500000,3303.829000000,3297.364500000,6.464500000,19.479500000,38959,13.150000000,3.400481498,6.989885781,29.730662554,1.149751954,14.228414959,1.000000000
110,fixed_random_bfs,365012201,512,43,469,1062,2000,2000,1,0.050000000,3323.308500000,3318.684000000,3318.438000000,0.246000000,4.624500000,9249,2.350000000,3.400481498,6.964711248,29.830202597,1.145115452,14.180006458,1.000000000
111,fixed_random_bfs,367773094,512,58,454,3027,2000,2000,0,0.000000000,3323.308500000,3323.148500000,3323.148500000,0.000000000,0.160000000,320,0.150000000,3.400481498,7.004098385,29.860029461,1.163068546,14.259165007,1.000000000
112,fixed_random_bfs,1445893731,512,51,461,1616,2000,2000,7,0.350000000,3323.308500000,3316.273500000,3314.069000000,2.204500000,7.035000000,14070,4.700000000,3.400481498,7.023010270,30.102347448,1.145297282,14.296805647,1.000000000
113,fixed_random_bfs,261135318,512,53,459,2125,2000,2000,2,0.100000000,3323.308500000,3307.002000000,3306.249500000,0.752500000,16.306500000,32613,11.250000000,3.400481498,7.005738837,30.162870152,1.138456667,14.262654507,1.000000000
114,fixed_random_bfs,7063731978,512,37,475,454,2000,2000,135,6.750000000,3323.308500000,3287.364500000,3259.200000000,28.164500000,35.944000000,71888,24.400000000,3.400481498,6.987373595,29.767140346,1.114671333,14.204230153,1.000000000
115,fixed_random_bfs,261180759,512,42,470,1521,2000,2000,2,0.100000000,3323.308500000,3321.435000000,3320.925000000,0.510000000,1.873500000,3747,1.050000000,3.400481498,7.064808724,30.285921249,1.132478015,14.384353140,1.000000000
116,fixed_random_bfs,739187890,512,38,474,594,2000,2000,51,2.550000000,3323.308500000,3275.311000000,3263.265500000,12.045500000,47.997500000,95995,25.100000000,3.400481498,7.003976127,30.290730341,1.127965435,14.255653324,1.000000000
117,fixed_random_bfs,261156595,512,45,467,1234,2000,2000,13,0.650000000,3323.308500000,3307.701500000,3304.749500000,2.952000000,15.607000000,31214,10.550000000,3.400481498,7.116244630,30.369272957,1.123572799,14.488065504,1.000000000
118,fixed_random_bfs,2386562875,512,36,476,911,2000,2000,0,0.000000000,3323.308500000,3323.175500000,3323.175500000,0.000000000,0.133000000,266,0.050000000,3.400481498,7.111136494,30.705451455,1.108241127,14.478688339,1.000000000
119,fixed_random_bfs,5496096219,512,44,468,922,2000,2000,0,0.000000000,3323.308500000,3323.288000000,3323.288000000,0.000000000,0.020500000,41,0.050000000,3.400481498,7.136588275,30.596500955,1.112439448,14.530224501,1.000000000
120,fixed_random_bfs,26703893,512,47,465,770,2000,2000,31,1.550000000,3323.308500000,3290.291500000,3284.548000000,5.743500000,33.017000000,66034,22.850000000,3.400481498,4.926537670,21.151072893,0.812704306,10.031585846,1.000000000
121,fixed_random_bfs,9242098661,512,51,461,1610,2000,2000,0,0.000000000,3323.308500000,3322.169000000,3322.169000000,0.000000000,1.139500000,2279,0.600000000,3.400481498,4.974498144,21.099054398,0.827302258,10.133136285,1.000000000
122,fixed_random_bfs,5689964629,512,44,468,1199,2000,2000,0,0.000000000,3323.308500000,3322.828500000,3322.828500000,0.000000000,0.480000000,960,0.150000000,3.400481498,5.007809381,21.271505547,0.817927487,10.197593254,1.000000000
123,fixed_random_bfs,2435280669,512,50,462,1310,2000,2000,1,0.050000000,3323.308500000,3322.381000000,3321.895500000,0.485500000,0.927500000,1855,0.800000000,3.400481498,4.948549938,20.894121747,0.820355336,10.077770055,1.000000000
124,fixed_random_bfs,1597888136,512,63,449,2274,2000,2000,22,1.100000000,3323.308500000,3299.928000000,3295.036000000,4.892000000,23.380500000,46761,15.400000000,3.400481498,4.987647004,21.293917147,0.824302736,10.154763706,1.000000000
125,fixed_random_bfs,5617711225,512,40,472,489,2000,2000,0,0.000000000,3323.308500000,3323.307500000,3323.307500000,0.000000000,0.001000000,2,0.050000000,3.400481498,4.965635892,21.027670947,0.809932594,10.113868351,1.000000000
126,fixed_random_bfs,2151764547,512,47,465,1071,2000,2000,1,0.050000000,3323.308500000,3322.556000000,3322.319500000,0.236500000,0.752500000,1505,0.500000000,3.400481498,4.973652008,21.451070654,0.812844943,10.129787798,1.000000000
127,fixed_random_bfs,2135709540,512,52,460,1339,2000,2000,0,0.000000000,3323.308500000,3323.278500000,3323.278500000,0.000000000,0.030000000,60,0.100000000,3.400481498,4.963506052,21.503907388,0.798703062,10.109644400,1.000000000
128,fixed_random_bfs,1643577885,512,43,469,914,2000,2000,59,2.950000000,3323.308500000,3301.401500000,3286.199000000,15.202500000,21.907000000,43814,12.300000000,3.400481498,4.991895602,21.516017653,0.807092733,10.163020172,1.000000000
129,fixed_random_bfs,261287986,512,49,463,2028,2000,2000,1,0.050000000,3323.308500000,3316.573500000,3316.319000000,0.254500000,6.735000000,13470,4.100000000,3.400481498,5.027460649,21.521345146,0.806859962,10.240093771,1.000000000
130,fixed_random_bfs,360120089,512,51,461,1239,2000,2000,1,0.050000000,3323.308500000,3323.072000000,3322.826000000,0.246000000,0.236500000,473,0.150000000,3.400481498,5.016552990,21.404555746,0.802273216,10.217330088,1.000000000
131,fixed_random_bfs,4322806046,512,45,467,789,2000,2000,79,3.950000000,3323.308500000,3279.240500000,3261.060500000,18.180000000,44.068000000,88136,22.450000000,3.400481498,4.986826260,21.067261705,0.797772222,10.151483689,1.000000000
132,fixed_random_bfs,4332690390,512,51,461,1243,2000,2000,6,0.300000000,3323.308500000,3318.347000000,3316.909000000,1.438000000,4.961500000,9923,3.350000000,3.400481498,5.000305801,21.558824912,0.798606300,10.184176024,1.000000000
133,fixed_random_bfs,9208865764,512,46,466,1726,2000,2000,0,0.000000000,3323.308500000,3323.308500000,3323.308500000,0.000000000,0.000000000,0,0.000000000,3.400481498,4.993365534,21.560097398,0.801298767,10.172360649,1.000000000
134,fixed_random_bfs,2028351625,512,21,491,292,2000,2000,0,0.000000000,3323.308500000,3322.937500000,3322.937500000,0.000000000,0.371000000,742,0.200000000,3.400481498,5.032145409,21.718842047,0.785215497,10.248132287,1.000000000
135,fixed_random_bfs,2014120467,512,35,477,790,2000,2000,45,2.250000000,3323.308500000,3289.618500000,3278.023000000,11.595500000,33.690000000,67380,18.100000000,3.400481498,5.006985881,21.197324850,0.774727836,10.195389416,1.000000000
136,fixed_random_bfs,261174198,512,45,467,1201,2000,2000,3,0.150000000,3323.308500000,3324.175000000,3322.935000000,1.240000000,-0.866500000,-1733,0.300000000,3.400481498,5.003468356,21.440796207,0.757187077,10.191148347,1.000000000
137,fixed_random_bfs,1445186626,512,28,484,556,2000,2000,2,0.100000000,3323.308500000,3318.286000000,3317.787000000,0.499000000,5.022500000,10045,2.100000000,3.400481498,5.081099170,21.751279187,0.752580663,10.348384154,1.000000000
138,fixed_random_bfs,261164835,512,49,463,1569,2000,2000,0,0.000000000,3323.308500000,3322.536000000,3322.536000000,0.000000000,0.772500000,1545,0.350000000,3.400481498,5.030663527,21.208307688,0.747200807,10.246751181,1.000000000
139,fixed_random_bfs,6341305562,512,36,476,766,2000,2000,2,0.100000000,3323.308500000,3312.902000000,3312.571500000,0.330500000,10.406500000,20813,6.650000000,3.400481498,5.030679701,21.479307546,0.731596310,10.246444236,1.000000000
140,fixed_random_bfs,2274081686,512,51,461,987,2000,2000,0,0.000000000,3323.308500000,3323.078000000,3323.078000000,0.000000000,0.230500000,461,0.050000000,3.400481498,5.066591449,21.327218503,0.744528136,10.319900643,1.000000000
141,fixed_random_bfs,7871418170,512,49,463,1206,2000,2000,47,2.350000000,3323.308500000,3298.665500000,3289.356500000,9.309000000,24.643000000,49286,13.250000000,3.400481498,7.057458580,30.202453854,1.096184168,14.360227221,1.000000000
142,fixed_random_bfs,3632057617,512,42,470,995,2000,2000,0,0.000000000,3323.308500000,3323.227500000,3323.227500000,0.000000000,0.081000000,162,0.050000000,3.400481498,7.011482897,30.126884547,1.161691878,14.272792099,1.000000000
143,fixed_random_bfs,369880755,512,57,455,1820,2000,2000,64,3.200000000,3323.308500000,3302.167000000,3285.900500000,16.266500000,21.141500000,42283,12.000000000,3.400481498,4.968771784,21.324284752,0.826174191,10.114651879,1.000000000
144,fixed_random_bfs,2930349077,512,65,447,595,2000,2000,1,0.050000000,3323.308500000,3322.355500000,3322.350500000,0.005000000,0.953000000,1906,0.550000000,3.400481498,4.975805991,21.514923049,0.831173378,10.133534046,1.000000000
145,fixed_random_bfs,2399479627,512,51,461,1572,2000,2000,17,0.850000000,3323.308500000,3296.549000000,3292.757500000,3.791500000,26.759500000,53519,16.400000000,3.400481498,4.987277235,21.297095693,0.839986529,10.156226292,1.000000000
146,fixed_random_bfs,1795321856,512,46,466,1765,2000,2000,2,0.100000000,3323.308500000,3321.860500000,3321.355500000,0.505000000,1.448000000,2896,1.050000000,3.400481498,6.990183655,29.853364400,1.141021967,14.232123975,1.000000000
147,fixed_random_bfs,7017083742,512,45,467,1496,2000,2000,5,0.250000000,3323.308500000,3306.381500000,3305.143000000,1.238500000,16.927000000,33854,9.700000000,3.400481498,4.956982899,21.243119537,0.833418805,10.094626468,1.000000000
148,fixed_random_bfs,1737929805,512,36,476,755,2000,2000,5,0.250000000,3323.308500000,3318.321000000,3317.090500000,1.230500000,4.987500000,9975,2.300000000,3.400481498,4.963151123,21.188384351,0.837958223,10.107757754,1.000000000
149,fixed_random_bfs,4335564244,512,41,471,1135,2000,2000,60,3.000000000,3323.308500000,3271.198500000,3256.262500000,14.936000000,52.110000000,104220,28.400000000,3.400481498,4.921700185,20.621071602,0.834276321,10.019903433,1.000000000
150,fixed_random_bfs,2402711916,512,43,469,1059,2000,2000,3,0.150000000,3323.308500000,3320.123500000,3319.380000000,0.743500000,3.185000000,6370,1.400000000,3.400481498,4.997263412,21.467359262,0.832962702,10.177692123,1.000000000
151,fixed_random_bfs,4335598503,512,42,470,756,2000,2000,5,0.250000000,3323.308500000,3321.659500000,3320.264000000,1.395500000,1.649000000,3298,1.250000000,3.400481498,4.976570733,21.325424639,0.829350052,10.135123788,1.000000000
152,fixed_random_bfs,263350032,512,66,446,2179,2000,2000,20,1.000000000,3323.308500000,3298.931000000,3294.801000000,4.130000000,24.377500000,48755,13.700000000,3.400481498,5.014212020,21.642025349,0.826771359,10.210665930,1.000000000
153,fixed_random_bfs,5871742216,512,43,469,978,2000,2000,136,6.800000000,3323.308500000,3282.617000000,3248.768000000,33.849000000,40.691500000,81383,20.900000000,3.400481498,6.898323848,28.938536606,1.127520859,14.026121023,1.000000000
154,fixed_random_bfs,5493314572,512,41,471,1032,2000,2000,16,0.800000000,3323.308500000,3274.643000000,3270.990500000,3.652500000,48.665500000,97331,30.350000000,3.400481498,4.978204947,21.582893350,0.827894902,10.139329690,1.000000000
155,fixed_random_bfs,9042234669,512,47,465,1240,2000,2000,49,2.450000000,3323.308500000,3277.227500000,3265.557500000,11.670000000,46.081000000,92162,22.950000000,3.400481498,4.980863893,21.554239655,0.817767854,10.141906045,1.000000000
156,fixed_random_bfs,5863833619,512,41,471,978,2000,2000,6,0.300000000,3323.308500000,3321.703000000,3320.237000000,1.466000000,1.605500000,3211,1.100000000,3.400481498,4.989443494,21.449998757,0.809097115,10.162560920,1.000000000
157,fixed_random_bfs,271164958,512,49,463,427,2000,2000,46,2.300000000,3323.308500000,3253.424500000,3250.075500000,3.349000000,69.884000000,139768,35.850000000,3.400481498,4.939866544,21.283775700,0.802218036,10.058152516,1.000000000
158,fixed_random_bfs,2405462971,512,50,462,1875,2000,2000,19,0.950000000,3323.308500000,3321.630000000,3316.651000000,4.979000000,1.678500000,3357,2.100000000,3.400481498,5.030190791,21.754892346,0.818150834,10.243817540,1.000000000
159,fixed_random_bfs,2480086448,512,59,453,1867,2000,2000,0,0.000000000,3323.308500000,3323.085000000,3323.085000000,0.000000000,0.223500000,447,0.050000000,3.400481498,5.039629355,21.729307093,0.816928173,10.264833616,1.000000000
160,fixed_random_bfs,2188243554,512,52,460,1693,2000,2000,0,0.000000000,3323.308500000,3323.305000000,3323.305000000,0.000000000,0.003500000,7,0.050000000,3.400481498,7.001821492,30.065673855,1.153374439,14.254218771,1.000000000
161,fixed_random_bfs,1397539076,512,28,484,427,2000,2000,5,0.250000000,3323.308500000,3321.441000000,3320.231000000,1.210000000,1.867500000,3735,1.050000000,3.400481498,5.037281976,21.539515046,0.794354266,10.258895815,1.000000000
162,fixed_random_bfs,261181863,512,50,462,1857,2000,2000,0,0.000000000,3323.308500000,3323.305500000,3323.305500000,0.000000000,0.003000000,6,0.050000000,3.400481498,5.012081007,21.459595997,0.780615360,10.208439415,1.000000000
163,fixed_random_bfs,7936276311,512,41,471,914,2000,2000,0,0.000000000,3323.308500000,3323.267500000,3323.267500000,0.000000000,0.041000000,82,0.050000000,3.400481498,6.983650229,29.932470597,1.150026708,14.215859466,1.000000000
164,fixed_random_bfs,7734676442,512,49,463,1542,2000,2000,2,0.100000000,3323.308500000,3320.523000000,3320.055000000,0.468000000,2.785500000,5571,2.150000000,3.400481498,7.017823482,30.141608350,1.131751484,14.282959993,1.000000000
165,fixed_random_bfs,261114705,512,35,477,904,2000,2000,0,0.000000000,3323.308500000,3323.308500000,3323.308500000,0.000000000,0.000000000,0,0.000000000,3.400481498,5.052939264,21.697157551,0.832131462,10.291731798,1.000000000
166,fixed_random_bfs,2404049883,512,32,480,871,2000,2000,2,0.100000000,3323.308500000,3318.636000000,3318.127000000,0.509000000,4.672500000,9345,3.050000000,3.400481498,6.916777795,29.813442051,1.186436663,14.079480414,1.000000000
167,fixed_random_bfs,281229814,512,44,468,1642,2000,2000,1,0.050000000,3323.308500000,3322.302500000,3322.050000000,0.252500000,1.006000000,2012,0.800000000,3.400481498,6.923856954,29.739526442,1.168423546,14.094225504,1.000000000
168,fixed_random_bfs,2050482941,512,52,460,2032,2000,2000,0,0.000000000,3323.308500000,3322.548500000,3322.548500000,0.000000000,0.760000000,1520,0.350000000,3.400481498,6.906119186,29.486263159,1.166249977,14.059520815,1.000000000
169,fixed_random_bfs,2426852360,512,69,443,2299,2000,2000,0,0.000000000,3323.308500000,3323.087000000,3323.087000000,0.000000000,0.221500000,443,0.050000000,3.400481498,6.904111458,29.572271107,1.172593114,14.054518137,1.000000000
170,fixed_random_bfs,7505741189,512,46,466,1383,2000,2000,1,0.050000000,3323.308500000,3320.838000000,3320.590000000,0.248000000,2.470500000,4941,1.150000000,3.400481498,6.948139436,29.919150363,1.160997154,14.144987412,1.000000000
171,fixed_random_bfs,2393951750,512,62,450,2046,2000,2000,6,0.300000000,3323.308500000,3322.572000000,3320.885000000,1.687000000,0.736500000,1473,0.900000000,3.400481498,6.977330424,30.131988249,1.164779104,14.201826467,1.000000000
172,fixed_random_bfs,4827622741,512,40,472,668,2000,2000,86,4.300000000,3323.308500000,3272.608500000,3255.234000000,17.374500000,50.700000000,101400,22.650000000,3.400481498,6.845149489,28.912643758,1.144795191,13.922009026,1.000000000
173,fixed_random_bfs,2012166679,512,49,463,1860,2000,2000,0,0.000000000,3323.308500000,3323.308500000,3323.308500000,0.000000000,0.000000000,0,0.000000000,3.400481498,4.966700192,21.314250055,0.779924101,10.115594692,1.000000000
174,fixed_random_bfs,1438096343,512,31,481,655,2000,2000,2,0.100000000,3323.308500000,3318.724000000,3318.231000000,0.493000000,4.584500000,9169,1.900000000,3.400481498,7.004913191,29.979450794,1.130976012,14.260032543,1.000000000
175,fixed_random_bfs,1959739357,512,36,476,659,2000,2000,32,1.600000000,3323.308500000,3325.401000000,3316.562000000,8.839000000,-2.092500000,-4185,1.450000000,3.400481498,7.010643629,30.018883558,1.133937321,14.269183220,1.000000000
176,fixed_random_bfs,4333092001,512,45,467,1454,2000,2000,93,4.650000000,3323.308500000,3275.467000000,3251.440000000,24.027000000,47.841500000,95683,26.450000000,3.400481498,7.016415748,30.048134146,1.127282923,14.276959992,1.000000000
177,fixed_random_bfs,351093305,512,60,452,2175,2000,2000,1,0.050000000,3323.308500000,3321.938000000,3321.935500000,0.002500000,1.370500000,2741,0.650000000,3.400481498,7.053784477,30.160681393,1.113418064,14.357734537,1.000000000
178,fixed_random_bfs,6782473095,512,46,466,1645,2000,2000,0,0.000000000,3323.308500000,3321.221500000,3321.221500000,0.000000000,2.087000000,4174,1.200000000,3.400481498,7.077591089,30.304542199,1.121205335,14.409070623,1.000000000
179,fixed_random_bfs,1497324911,512,36,476,845,2000,2000,1,0.050000000,3323.308500000,3323.046000000,3322.799000000,0.247000000,0.262500000,525,0.300000000,3.400481498,4.982561551,21.524673158,0.750042797,10.147529080,1.000000000
180,fixed_random_bfs,5527903287,512,36,476,1059,2000,2000,3,0.150000000,3323.308500000,3319.322500000,3318.560500000,0.762000000,3.986000000,7972,1.800000000,3.400481498,5.003290011,21.288522650,0.750903172,10.189040570,1.000000000
181,fixed_random_bfs,261184683,512,46,466,1343,2000,2000,0,0.000000000,3323.308500000,3323.082500000,3323.082500000,0.000000000,0.226000000,452,0.050000000,3.400481498,5.030835706,21.458145550,0.807895942,10.246925082,1.000000000
182,fixed_random_bfs,2214199925,512,61,451,1790,2000,2000,24,1.200000000,3323.308500000,3306.598000000,3300.752500000,5.845500000,16.710500000,33421,9.500000000,3.400481498,4.996615322,21.303399058,0.699293055,10.170775019,1.000000000
183,fixed_random_bfs,2419354241,512,41,471,1264,2000,2000,0,0.000000000,3323.308500000,3323.022000000,3323.022000000,0.000000000,0.286500000,573,0.450000000,3.400481498,5.021476895,21.368500544,0.698440048,10.226989325,1.000000000
184,fixed_random_bfs,1393807333,512,32,480,559,2000,2000,21,1.050000000,3323.308500000,3322.615000000,3317.909000000,4.706000000,0.693500000,1387,2.400000000,3.400481498,5.011598427,21.515410252,0.807557773,10.201939775,1.000000000
185,fixed_random_bfs,4427781284,512,53,459,1376,2000,2000,9,0.450000000,3323.308500000,3314.908000000,3312.481000000,2.427000000,8.400500000,16801,5.600000000,3.400481498,5.029875092,21.408940449,0.701805305,10.244579899,1.000000000
186,fixed_random_bfs,5840035299,512,46,466,1037,2000,2000,0,0.000000000,3323.308500000,3322.781000000,3322.781000000,0.000000000,0.527500000,1055,0.200000000,3.400481498,5.011942415,21.271964446,0.699209003,10.208153911,1.000000000
187,fixed_random_bfs,354053082,512,53,459,1693,2000,2000,32,1.600000000,3323.308500000,3292.363500000,3284.510500000,7.853000000,30.945000000,61890,14.450000000,3.400481498,5.009043590,21.448059197,0.700904039,10.199773671,1.000000000
188,fixed_random_bfs,1647449809,512,53,459,1287,2000,2000,56,2.800000000,3323.308500000,3266.191500000,3257.950500000,8.241000000,57.117000000,114234,28.550000000,3.400481498,5.026501530,21.742338941,0.806666820,10.232488079,1.000000000
189,fixed_random_bfs,2400936835,512,62,450,2174,2000,2000,18,0.900000000,3323.308500000,3300.802000000,3296.410000000,4.392000000,22.506500000,45013,13.600000000,3.400481498,5.062800448,21.563345904,0.698772996,10.310084084,1.000000000
190,fixed_random_bfs,705766475,512,54,458,1399,2000,2000,5,0.250000000,3323.308500000,3313.784000000,3312.689000000,1.095000000,9.524500000,19049,5.400000000,3.400481498,5.071619015,21.603580906,0.695761464,10.330127967,1.000000000
191,fixed_random_bfs,7298406744,512,47,465,1489,2000,2000,0,0.000000000,3323.308500000,3323.308500000,3323.308500000,0.000000000,0.000000000,0,0.000000000,3.400481498,5.062826725,21.506727498,0.801744151,10.313575635,1.000000000
192,fixed_random_bfs,1894138903,512,61,451,2289,2000,2000,5,0.250000000,3323.308500000,3320.136000000,3319.008000000,1.128000000,3.172500000,6345,2.800000000,3.400481498,5.065045351,21.661713197,0.793337128,10.316047999,1.000000000
193,fixed_random_bfs,2378580234,512,32,480,759,2000,2000,0,0.000000000,3323.308500000,3323.308500000,3323.308500000,0.000000000,0.000000000,0,0.000000000,3.400481498,5.079565064,21.757313250,0.681583354,10.346224215,1.000000000
194,fixed_random_bfs,261148356,512,42,470,1337,2000,2000,0,0.000000000,3323.308500000,3323.308500000,3323.308500000,0.000000000,0.000000000,0,0.000000000,3.400481498,5.062801028,21.915619002,0.683270703,10.312231709,1.000000000
195,fixed_random_bfs,2462093374,512,49,463,1612,2000,2000,1,0.050000000,3323.308500000,3322.723000000,3322.473500000,0.249500000,0.585500000,1171,0.400000000,3.400481498,5.102134105,21.822630748,0.677592317,10.391485224,1.000000000
196,fixed_random_bfs,2425978828,512,39,473,1161,2000,2000,0,0.000000000,3323.308500000,3323.308500000,3323.308500000,0.000000000,0.000000000,0,0.000000000,3.400481498,5.065397445,21.737131042,0.670324945,10.318021628,1.000000000
197,fixed_random_bfs,4024547734,512,44,468,527,2000,2000,97,4.850000000,3323.308500000,3262.834000000,3244.015000000,18.819000000,60.474500000,120949,28.300000000,3.400481498,5.011542484,21.321978755,0.657619401,10.198356881,1.000000000
198,fixed_random_bfs,4334398303,512,37,475,968,2000,2000,0,0.000000000,3323.308500000,3322.802000000,3322.802000000,0.000000000,0.506500000,1013,0.300000000,3.400481498,5.126762641,21.817855599,0.671501948,10.441788257,1.000000000
199,fixed_random_bfs,4605879631,512,64,448,2393,2000,2000,4,0.200000000,3323.308500000,3321.569000000,3320.337500000,1.231500000,1.739500000,3479,1.650000000,3.400481498,7.047851922,29.854340397,1.110083740,14.346606816,1.000000000
200,fixed_random_bfs,261177282,512,43,469,1106,2000,2000,0,0.000000000,3323.308500000,3323.066000000,3323.066000000,0.000000000,0.242500000,485,0.100000000,3.400481498,5.035184283,21.616569491,0.790684356,10.255405231,1.000000000
201,fixed_random_bfs,3327927162,512,47,465,1296,2000,2000,17,0.850000000,3323.308500000,3295.646000000,3291.474000000,4.172000000,27.662500000,55325,15.450000000,3.400481498,6.946786905,29.753848150,1.101466830,14.139841198,1.000000000
202,fixed_random_bfs,261304685,512,32,480,710,2000,2000,96,4.800000000,3323.308500000,3260.801000000,3236.576000000,24.225000000,62.507500000,125015,25.200000000,3.400481498,4.980501473,21.156942241,0.757359386,10.137651858,1.000000000
203,fixed_random_bfs,2392207431,512,67,445,3047,2000,2000,3,0.150000000,3323.308500000,3318.975000000,3318.243000000,0.732000000,4.333500000,8667,2.700000000,3.400481498,7.020546427,30.225971643,1.117359288,14.291061418,1.000000000
204,fixed_random_bfs,4326974776,512,35,477,1090,2000,2000,0,0.000000000,3323.308500000,3323.053500000,3323.053500000,0.000000000,0.255000000,510,0.150000000,3.400481498,6.991813202,30.023364093,1.106003943,14.233270403,1.000000000
205,fixed_random_bfs,391366423,512,56,456,2085,2000,2000,3,0.150000000,3323.308500000,3304.736000000,3304.009000000,0.727000000,18.572500000,37145,11.350000000,3.400481498,5.091082617,21.737870794,0.780419886,10.367788783,1.000000000
206,fixed_random_bfs,1743805340,512,30,482,410,2000,2000,0,0.000000000,3323.308500000,3323.267000000,3323.267000000,0.000000000,0.041500000,83,0.050000000,3.400481498,7.024815954,30.493447553,1.117802467,14.301693506,1.000000000
207,fixed_random_bfs,5496619637,512,47,465,1276,2000,2000,4,0.200000000,3323.308500000,3312.875500000,3311.907500000,0.968000000,10.433000000,20866,4.700000000,3.400481498,7.012643831,30.085718948,1.154334154,14.274499996,1.000000000
208,fixed_random_bfs,9301122538,512,36,476,763,2000,2000,92,4.600000000,3323.308500000,3261.701000000,3238.820500000,22.880500000,61.607500000,123215,25.400000000,3.400481498,6.901899477,29.070693001,1.153142442,14.042668444,1.000000000
209,fixed_random_bfs,1880226051,512,54,458,2123,2000,2000,0,0.000000000,3323.308500000,3323.182500000,3323.182500000,0.000000000,0.126000000,252,0.100000000,3.400481498,6.958470718,30.176443554,1.185283778,14.166144998,1.000000000
210,fixed_random_bfs,1514372955,512,37,475,1094,2000,2000,0,0.000000000,3323.308500000,3323.308500000,3323.308500000,0.000000000,0.000000000,0,0.000000000,3.400481498,6.965989673,29.733015646,1.175133847,14.182280761,1.000000000
211,fixed_random_bfs,4626514796,512,46,466,1413,2000,2000,94,4.700000000,3323.308500000,3271.336000000,3248.061000000,23.275000000,51.972500000,103945,23.550000000,3.400481498,6.909194315,29.843004001,1.167647693,14.052266917,1.000000000
212,fixed_random_bfs,2185494618,512,46,466,1449,2000,2000,0,0.000000000,3323.308500000,3321.811000000,3321.811000000,0.000000000,1.497500000,2995,0.700000000,3.400481498,6.962228535,29.744560902,1.152988580,14.173713728,1.000000000
213,fixed_random_bfs,9074967745,512,39,473,850,2000,2000,35,1.750000000,3323.308500000,3326.842500000,3316.831000000,10.011500000,-3.534000000,-7068,1.200000000,3.400481498,6.990319102,29.832166254,1.158627942,14.229506275,1.000000000
214,fixed_random_bfs,261347786,512,43,469,1036,2000,2000,24,1.200000000,3323.308500000,3309.431000000,3303.574500000,5.856500000,13.877500000,27755,7.200000000,3.400481498,6.956387913,29.511743005,1.161356449,14.156658560,1.000000000
215,fixed_random_bfs,739119154,512,43,469,593,2000,2000,198,9.900000000,3323.308500000,3298.274000000,3257.135000000,41.139000000,25.034500000,50069,24.000000000,3.400481498,7.004713428,29.873194355,1.145991585,14.231673631,1.000000000
216,fixed_random_bfs,1317323829,512,48,464,1425,2000,2000,0,0.000000000,3323.308500000,3323.230500000,3323.230500000,0.000000000,0.078000000,156,0.050000000,3.400481498,7.050395252,30.455368846,1.141897185,14.354320495,1.000000000
217,fixed_random_bfs,929515240,512,53,459,790,2000,2000,132,6.600000000,3323.308500000,3245.662000000,3219.055500000,26.606500000,77.646500000,155293,35.300000000,3.400481498,6.940475307,29.722417152,1.132166007,14.113728177,1.000000000
218,fixed_random_bfs,1733496306,512,59,453,1833,2000,2000,44,2.200000000,3323.308500000,3292.892000000,3281.258000000,11.634000000,30.416500000,60833,18.850000000,3.400481498,7.094420257,30.092922849,1.131756593,14.440085578,1.000000000
219,fixed_random_bfs,261280506,512,49,463,1494,2000,2000,14,0.700000000,3323.308500000,3318.321500000,3314.608500000,3.713000000,4.987000000,9974,2.600000000,3.400481498,7.061835134,30.210098403,1.125412465,14.375598523,1.000000000
220,fixed_random_bfs,2427232594,512,31,481,628,2000,2000,0,0.000000000,3323.308500000,3323.308500000,3323.308500000,0.000000000,0.000000000,0,0.000000000,3.400481498,7.128293302,30.854561002,1.121147519,14.514094322,1.000000000
221,fixed_random_bfs,2336611315,512,35,477,612,2000,2000,0,0.000000000,3323.308500000,3322.945000000,3322.945000000,0.000000000,0.363500000,727,0.200000000,3.400481498,4.979295980,21.312495248,0.904251948,10.141075419,1.000000000
222,fixed_random_bfs,1478062784,512,52,460,1463,2000,2000,2,0.100000000,3323.308500000,3322.791000000,3322.308000000,0.483000000,0.517500000,1035,0.350000000,3.400481498,4.983548820,21.455381600,0.712305465,10.150069576,1.000000000
223,fixed_random_bfs,4336093356,512,51,461,1277,2000,2000,15,0.750000000,3323.308500000,3290.069000000,3286.477000000,3.592000000,33.239500000,66479,16.800000000,3.400481498,4.959839924,20.986551848,0.914417367,10.099616543,1.000000000
224,fixed_random_bfs,2316742035,512,61,451,2515,2000,2000,45,2.250000000,3323.308500000,3302.742500000,3291.459500000,11.283000000,20.566000000,41132,11.000000000,3.400481498,4.986397705,21.452751753,0.801014055,10.151139968,1.000000000
225,fixed_random_bfs,5495456879,512,58,454,2313,2000,2000,126,6.300000000,3323.308500000,3288.274500000,3256.475000000,31.799500000,35.034000000,70068,20.550000000,3.400481498,5.029144747,21.328682844,0.802717454,10.229234695,1.000000000
226,fixed_random_bfs,2174728737,512,40,472,1229,2000,2000,2,0.100000000,3323.308500000,3321.250000000,3320.752000000,0.498000000,2.058500000,4117,1.050000000,3.400481498,4.968782695,21.216531098,0.706362094,10.119794383,1.000000000
227,fixed_random_bfs,9336064470,512,51,461,987,2000,2000,1,0.050000000,3323.308500000,3322.627500000,3322.400500000,0.227000000,0.681000000,1362,0.500000000,3.400481498,4.988945272,21.194210448,0.913771778,10.160920088,1.000000000
228,fixed_random_bfs,27729782,512,29,483,379,2000,2000,22,1.100000000,3323.308500000,3321.687500000,3317.787000000,3.900500000,1.621000000,3242,2.100000000,3.400481498,5.003734101,21.222027398,0.702449830,10.185940704,1.000000000
229,fixed_random_bfs,1283059496,512,41,471,1066,2000,2000,3,0.150000000,3323.308500000,3322.853000000,3322.116500000,0.736500000,0.455500000,911,0.800000000,3.400481498,5.030947875,21.604558050,0.896287689,10.246409911,1.000000000
230,fixed_random_bfs,261151737,512,44,468,1453,2000,2000,0,0.000000000,3323.308500000,3323.308500000,3323.308500000,0.000000000,0.000000000,0,0.000000000,3.400481498,5.050113057,21.575181203,0.799913681,10.286192890,1.000000000
231,fixed_random_bfs,368002991,512,59,453,1994,2000,2000,34,1.700000000,3323.308500000,3300.781000000,3292.006500000,8.774500000,22.527500000,45055,13.200000000,3.400481498,5.026890543,21.419271256,0.782620275,10.235540124,1.000000000
232,fixed_random_bfs,4336128945,512,38,474,1094,2000,2000,0,0.000000000,3323.308500000,3323.308500000,3323.308500000,0.000000000,0.000000000,0,0.000000000,3.400481498,5.033041014,21.526686801,0.698310114,10.252560299,1.000000000
233,fixed_random_bfs,305523782,512,54,458,1432,2000,2000,4,0.200000000,3323.308500000,3315.495000000,3314.776000000,0.719000000,7.813500000,15627,3.600000000,3.400481498,5.023056902,21.324278437,0.695252914,10.231190128,1.000000000
234,fixed_random_bfs,7211189927,512,47,465,982,2000,2000,12,0.600000000,3323.308500000,3292.459000000,3289.938000000,2.521000000,30.849500000,61699,15.200000000,3.400481498,4.994004033,21.349879797,0.783210939,10.170782686,1.000000000
235,fixed_random_bfs,716923162,512,47,465,994,2000,2000,0,0.000000000,3323.308500000,3323.276500000,3323.276500000,0.000000000,0.032000000,64,0.050000000,3.400481498,5.043746691,21.461944396,0.755824765,10.273214953,1.000000000
236,fixed_random_bfs,2922933139,512,53,459,1499,2000,2000,10,0.500000000,3323.308500000,3302.226000000,3299.861000000,2.365000000,21.082500000,42165,11.950000000,3.400481498,5.015625275,21.308311245,0.863703757,10.213974233,1.000000000
237,fixed_random_bfs,261203526,512,31,481,634,2000,2000,0,0.000000000,3323.308500000,3323.308500000,3323.308500000,0.000000000,0.000000000,0,0.000000000,3.400481498,5.078598993,21.665355150,0.864532971,10.344964690,1.000000000
238,fixed_random_bfs,261214665,512,44,468,1172,2000,2000,27,1.350000000,3323.308500000,3310.053500000,3304.871000000,5.182500000,13.255000000,26510,7.150000000,3.400481498,5.086644709,21.589782340,0.756382145,10.356272834,1.000000000
239,fixed_random_bfs,538646987,512,32,480,706,2000,2000,21,1.050000000,3323.308500000,3313.278500000,3307.527500000,5.751000000,10.030000000,20060,5.950000000,3.400481498,4.999074157,21.523802445,0.651960860,10.181250682,1.000000000
240,fixed_random_bfs,1394106980,512,47,465,1210,2000,2000,6,0.300000000,3323.308500000,3319.772000000,3318.719500000,1.052500000,3.536500000,7073,4.950000000,3.400481498,5.024660872,21.620794696,0.650979417,10.233346736,1.000000000
241,fixed_random_bfs,7280997431,512,43,469,1026,2000,2000,0,0.000000000,3323.308500000,3322.931000000,3322.931000000,0.000000000,0.377500000,755,0.550000000,3.400481498,6.966741774,29.650475398,0.964068254,14.182801353,1.000000000
242,fixed_random_bfs,9279000881,512,61,451,1623,2000,2000,1,0.050000000,3323.308500000,3322.302000000,3322.061500000,0.240500000,1.006500000,2013,0.500000000,3.400481498,7.081364505,30.331810956,0.965798203,14.415002164,1.000000000
243,fixed_random_bfs,5492891001,512,29,483,580,2000,2000,36,1.800000000,3323.308500000,3304.184500000,3295.138500000,9.046000000,19.124000000,38248,10.500000000,3.400481498,7.015582075,30.592212846,0.948227731,14.276426650,1.000000000
244,fixed_random_bfs,4337202271,512,44,468,1137,2000,2000,0,0.000000000,3323.308500000,3322.681000000,3322.681000000,0.000000000,0.627500000,1255,0.300000000,3.400481498,7.056051007,29.985091495,1.169828100,14.366247341,1.000000000
245,fixed_random_bfs,261336595,512,42,470,1065,2000,2000,0,0.000000000,3323.308500000,3323.221000000,3323.221000000,0.000000000,0.087500000,175,0.100000000,3.400481498,6.999360783,30.319735753,1.006522047,14.249476900,1.000000000
246,fixed_random_bfs,2279339851,512,45,467,1232,2000,2000,1,0.050000000,3323.308500000,3322.129500000,3321.884000000,0.245500000,1.179000000,2358,1.150000000,3.400481498,7.045698242,30.249947002,1.015634396,14.343876973,1.000000000
247,fixed_random_bfs,9318936097,512,42,470,651,2000,2000,148,7.400000000,3323.308500000,3261.874500000,3225.534500000,36.340000000,61.434000000,122868,27.900000000,3.400481498,6.957634556,29.308656204,0.998874035,14.145288335,1.000000000
248,fixed_random_bfs,2404057191,512,46,466,1685,2000,2000,5,0.250000000,3323.308500000,3313.706500000,3312.459000000,1.247500000,9.602000000,19204,4.450000000,3.400481498,7.064740324,30.145731647,1.021298306,14.380275986,1.000000000
249,fixed_random_bfs,367787791,512,34,478,683,2000,2000,3,0.150000000,3323.308500000,3322.500500000,3321.759500000,0.741000000,0.808000000,1616,0.400000000,3.400481498,4.956429251,21.312776452,0.801159959,10.092751384,1.000000000
250,fixed_random_bfs,619011828,512,36,476,381,2000,2000,92,4.600000000,3323.308500000,3266.655500000,3247.582000000,19.073500000,56.653000000,113306,27.300000000,3.400481498,6.880488989,29.242862351,1.014142769,13.995220385,1.000000000
251,fixed_random_bfs,2203792358,512,35,477,610,2000,2000,30,1.500000000,3323.308500000,3299.446000000,3292.309000000,7.137000000,23.862500000,47725,13.350000000,3.400481498,6.948509285,29.803824348,1.025160595,14.138385140,1.000000000
252,fixed_random_bfs,2367880074,512,58,454,2341,2000,2000,0,0.000000000,3323.308500000,3323.308500000,3323.308500000,0.000000000,0.000000000,0,0.000000000,3.400481498,6.992029986,29.911203853,1.033398722,14.234025407,1.000000000
253,fixed_random_bfs,261250921,512,59,453,2509,2000,2000,0,0.000000000,3323.308500000,3323.038000000,3323.038000000,0.000000000,0.270500000,541,0.150000000,3.400481498,4.965489741,21.645441293,0.823349291,10.113025455,1.000000000
254,fixed_random_bfs,4334645297,512,39,473,504,2000,2000,127,6.350000000,3323.308500000,3278.316500000,3253.375000000,24.941500000,44.992000000,89984,26.250000000,3.400481498,4.917872133,21.004759052,0.704998514,10.003811756,1.000000000
255,fixed_random_bfs,261262017,512,57,455,1745,2000,2000,42,2.100000000,3323.308500000,3307.473500000,3297.918500000,9.555000000,15.835000000,31670,9.200000000,3.400481498,6.970495538,29.912864305,1.018856055,14.182157059,1.000000000
256,fixed_random_bfs,728378182,512,50,462,1386,2000,2000,0,0.000000000,3323.308500000,3322.160500000,3322.160500000,0.000000000,1.148000000,2296,0.800000000,3.400481498,4.975488790,21.385001398,0.928277418,10.132757320,1.000000000
257,fixed_random_bfs,2195139430,512,55,457,1825,2000,2000,8,0.400000000,3323.308500000,3317.136500000,3315.187000000,1.949500000,6.172000000,12344,2.800000000,3.400481498,4.970091660,21.650250495,0.721193002,10.122381441,1.000000000
258,fixed_random_bfs,369881057,512,50,462,1610,2000,2000,23,1.150000000,3323.308500000,3294.997500000,3289.550000000,5.447500000,28.311000000,56622,13.700000000,3.400481498,4.996050109,21.347035001,0.817406421,10.172001855,1.000000000
259,fixed_random_bfs,305527080,512,46,466,1210,2000,2000,6,0.300000000,3323.308500000,3315.396500000,3314.189500000,1.207000000,7.912000000,15824,3.450000000,3.400481498,6.958668434,29.699249094,1.171233444,14.163341928,1.000000000
260,fixed_random_bfs,408469164,512,32,480,681,2000,2000,1,0.050000000,3323.308500000,3321.763000000,3321.520500000,0.242500000,1.545500000,3091,0.900000000,3.400481498,6.986879299,29.789948712,1.173560687,14.223181787,1.000000000
261,fixed_random_bfs,4065557360,512,43,469,1139,2000,2000,17,0.850000000,3323.308500000,3312.492000000,3308.043000000,4.449000000,10.816500000,21633,4.900000000,3.400481498,4.964881159,21.442983789,0.809396583,10.107952336,1.000000000
262,fixed_random_bfs,365019784,512,57,455,1773,2000,2000,51,2.550000000,3323.308500000,3307.315500000,3295.061000000,12.254500000,15.993000000,31986,11.250000000,3.400481498,4.984269182,21.324957488,0.716621520,10.144770706,1.000000000
263,fixed_random_bfs,2386573675,512,52,460,1537,2000,2000,0,0.000000000,3323.308500000,3323.078500000,3323.078500000,0.000000000,0.230000000,460,0.050000000,3.400481498,7.032784786,30.175847791,1.164862074,14.319223084,1.000000000
264,fixed_random_bfs,261234098,512,62,450,2625,2000,2000,3,0.150000000,3323.308500000,3320.301000000,3319.565500000,0.735500000,3.007500000,6015,2.000000000,3.400481498,7.027487400,30.227000043,1.011301683,14.303316337,1.000000000
265,fixed_random_bfs,257110153,512,34,478,660,2000,2000,92,4.600000000,3323.308500000,3307.010500000,3284.274500000,22.736000000,16.298000000,32596,11.500000000,3.400481498,4.991442576,21.130653941,0.817502632,10.160712648,1.000000000
266,fixed_random_bfs,261199427,512,62,450,2076,2000,2000,1,0.050000000,3323.308500000,3322.525500000,3322.281000000,0.244500000,0.783000000,1566,0.450000000,3.400481498,5.010675395,21.465314495,0.802680699,10.206272938,1.000000000
267,fixed_random_bfs,2292113308,512,52,460,1576,2000,2000,1,0.050000000,3323.308500000,3322.690500000,3322.443500000,0.247000000,0.618000000,1236,0.400000000,3.400481498,5.000087675,21.355667497,0.794383690,10.183547634,1.000000000
268,fixed_random_bfs,2419965076,512,56,456,2033,2000,2000,2,0.100000000,3323.308500000,3323.008000000,3322.515000000,0.493000000,0.300500000,601,0.600000000,3.400481498,5.005946965,21.544933743,0.719301590,10.195733047,1.000000000
269,fixed_random_bfs,261202964,512,55,457,1653,2000,2000,27,1.350000000,3323.308500000,3311.273000000,3304.758000000,6.515000000,12.035500000,24071,6.200000000,3.400481498,5.029962545,21.498857906,0.793339799,10.240182386,1.000000000
270,fixed_random_bfs,8372666150,512,53,459,2187,2000,2000,0,0.000000000,3323.308500000,3323.308500000,3323.308500000,0.000000000,0.000000000,0,0.000000000,3.400481498,5.004273921,21.422008951,0.806633002,10.193179778,1.000000000
271,fixed_random_bfs,1396421606,512,53,459,1744,2000,2000,0,0.000000000,3323.308500000,3322.124000000,3322.124000000,0.000000000,1.184500000,2369,0.350000000,3.400481498,7.056396685,30.219526852,1.132418652,14.366370641,1.000000000
272,fixed_random_bfs,365211939,512,45,467,1412,2000,2000,9,0.450000000,3323.308500000,3315.508000000,3313.007000000,2.501000000,7.800500000,15601,5.600000000,3.400481498,5.019310300,21.260434250,0.779626944,10.222937411,1.000000000
273,fixed_random_bfs,350565960,512,47,465,1018,2000,2000,2,0.100000000,3323.308500000,3320.239000000,3320.053000000,0.186000000,3.069500000,6139,4.250000000,3.400481498,5.011112539,21.371040402,0.687980862,10.206363959,1.000000000
274,fixed_random_bfs,261150111,512,28,484,579,2000,2000,0,0.000000000,3323.308500000,3323.291000000,3323.291000000,0.000000000,0.017500000,35,0.050000000,3.400481498,7.112294023,30.032148407,1.153767387,14.482074524,1.000000000
275,fixed_random_bfs,4336148072,512,21,491,344,2000,2000,0,0.000000000,3323.308500000,3323.308500000,3323.308500000,0.000000000,0.000000000,0,0.000000000,3.400481498,5.036220391,21.439285001,0.680363647,10.258751149,1.000000000
276,fixed_random_bfs,1949900397,512,51,461,2216,2000,2000,2,0.100000000,3323.308500000,3323.131000000,3322.628000000,0.503000000,0.177500000,355,0.200000000,3.400481498,7.065260167,30.111512408,1.153208221,14.383206301,1.000000000
277,fixed_random_bfs,261133094,512,56,456,1712,2000,2000,16,0.800000000,3323.308500000,3308.412500000,3304.433500000,3.979000000,14.896000000,29792,8.050000000,3.400481498,7.086483415,30.106135357,0.990506536,14.421445042,1.000000000
278,fixed_random_bfs,261213349,512,41,471,913,2000,2000,0,0.000000000,3323.308500000,3323.087500000,3323.087500000,0.000000000,0.221000000,442,0.100000000,3.400481498,5.066175354,21.514372755,0.757218164,10.318899358,1.000000000
279,fixed_random_bfs,7799912114,512,53,459,1262,2000,2000,2,0.100000000,3323.308500000,3321.457000000,3321.038000000,0.419000000,1.851500000,3703,1.650000000,3.400481498,4.992279330,21.203306303,0.749001215,10.167810035,1.000000000
280,fixed_random_bfs,6784431237,512,54,458,1699,2000,2000,0,0.000000000,3323.308500000,3323.004000000,3323.004000000,0.000000000,0.304500000,609,0.100000000,3.400481498,5.011329881,21.305434305,0.739954392,10.207825786,1.000000000
281,fixed_random_bfs,5870964593,512,58,454,1703,2000,2000,0,0.000000000,3323.308500000,3321.714500000,3321.714500000,0.000000000,1.594000000,3188,1.150000000,3.400481498,7.015027005,30.138350242,1.150240554,14.282293282,1.000000000
282,fixed_random_bfs,9259144973,512,50,462,1455,2000,2000,0,0.000000000,3323.308500000,3321.584500000,3321.584500000,0.000000000,1.724000000,3448,0.550000000,3.400481498,4.984965610,21.345637963,0.799857521,10.152003913,1.000000000
283,fixed_random_bfs,713242029,512,44,468,426,2000,2000,5,0.250000000,3323.308500000,3313.661000000,3313.338500000,0.322500000,9.647500000,19295,5.850000000,3.400481498,4.969939701,20.983820400,0.779810250,10.121409184,1.000000000
284,fixed_random_bfs,2465509022,512,39,473,565,2000,2000,1,0.050000000,3323.308500000,3322.477500000,3322.232000000,0.245500000,0.831000000,1662,0.250000000,3.400481498,4.976580981,21.430756540,0.786629713,10.135741714,1.000000000
285,fixed_random_bfs,5894674881,512,55,457,1267,2000,2000,12,0.600000000,3323.308500000,3298.344000000,3295.567000000,2.777000000,24.964500000,49929,12.650000000,3.400481498,4.977834931,21.531869797,0.779105409,10.137240217,1.000000000
286,fixed_random_bfs,387578312,512,56,456,1286,2000,2000,0,0.000000000,3323.308500000,3323.050500000,3323.050500000,0.000000000,0.258000000,516,0.150000000,3.400481498,4.991372688,21.530285049,0.703727515,10.165301865,1.000000000
287,fixed_random_bfs,5764089873,512,35,477,733,2000,2000,18,0.900000000,3323.308500000,3320.245000000,3314.958000000,5.287000000,3.063500000,6127,2.250000000,3.400481498,5.012529312,21.574676957,0.786356777,10.209109340,1.000000000
288,fixed_random_bfs,6780269106,512,49,463,1264,2000,2000,26,1.300000000,3323.308500000,3311.201000000,3304.862000000,6.339000000,12.107500000,24215,6.350000000,3.400481498,4.998593833,21.322800259,0.796276531,10.176389423,1.000000000
289,fixed_random_bfs,261184475,512,46,466,1100,2000,2000,0,0.000000000,3323.308500000,3323.060500000,3323.060500000,0.000000000,0.248000000,496,0.100000000,3.400481498,5.007070187,21.556778355,0.795729719,10.197588484,1.000000000
290,fixed_random_bfs,261209975,512,38,474,1093,2000,2000,0,0.000000000,3323.308500000,3323.097000000,3323.097000000,0.000000000,0.211500000,423,0.100000000,3.400481498,7.059501448,30.354717856,1.122382649,14.371472512,1.000000000
291,fixed_random_bfs,5492696974,512,51,461,1457,2000,2000,3,0.150000000,3323.308500000,3320.805000000,3320.081000000,0.724000000,2.503500000,5007,3.000000000,3.400481498,5.027426483,21.618595308,0.812260886,10.238737955,1.000000000
292,fixed_random_bfs,7185840224,512,53,459,990,2000,2000,0,0.000000000,3323.308500000,3322.156500000,3322.156500000,0.000000000,1.152000000,2304,0.450000000,3.400481498,5.039950959,21.706954356,0.805443394,10.266150086,1.000000000
293,fixed_random_bfs,1842179913,512,36,476,934,2000,2000,111,5.550000000,3323.308500000,3279.535500000,3250.621500000,28.914000000,43.773000000,87546,24.500000000,3.400481498,4.998685588,21.148900739,0.794068962,10.174931432,1.000000000
294,fixed_random_bfs,4426305542,512,36,476,764,2000,2000,21,1.050000000,3323.308500000,3302.991000000,3297.856500000,5.134500000,20.317500000,40635,9.850000000,3.400481498,5.017829720,21.539862500,0.795516824,10.218507354,1.000000000
295,fixed_random_bfs,2480086191,512,54,458,1323,2000,2000,0,0.000000000,3323.308500000,3323.121000000,3323.121000000,0.000000000,0.187500000,375,0.050000000,3.400481498,5.029124774,21.548885800,0.785989610,10.243939994,1.000000000
296,fixed_random_bfs,261203541,512,31,481,680,2000,2000,0,0.000000000,3323.308500000,3323.308500000,3323.308500000,0.000000000,0.000000000,0,0.000000000,3.400481498,5.046252291,21.743359398,0.775357709,10.277752322,1.000000000
297,fixed_random_bfs,619038707,512,64,448,1435,2000,2000,68,3.400000000,3323.308500000,3255.423000000,3240.909000000,14.514000000,67.885500000,135771,34.100000000,3.400481498,4.991240265,21.252916611,0.781857916,10.159203362,1.000000000
298,fixed_random_bfs,7156357255,512,54,458,2117,2000,2000,0,0.000000000,3323.308500000,3323.076000000,3323.076000000,0.000000000,0.232500000,465,0.150000000,3.400481498,5.072212285,21.734769102,0.763689726,10.330148420,1.000000000
299,fixed_random_bfs,5902590113,512,50,462,1273,2000,2000,4,0.200000000,3323.308500000,3316.877000000,3315.897000000,0.980000000,6.431500000,12863,2.600000000,3.400481498,5.053522440,21.643978697,0.769846625,10.292215989,1.000000000
300,fixed_random_bfs,7643023898,512,52,460,1817,2000,2000,13,0.650000000,3323.308500000,3315.549500000,3312.123000000,3.426500000,7.759000000,15518,3.350000000,3.400481498,6.978582093,29.928581345,1.266429934,14.205410048,1.000000000
301,fixed_random_bfs,1102978830,512,47,465,1781,2000,2000,0,0.000000000,3323.308500000,3323.308500000,3323.308500000,0.000000000,0.000000000,0,0.000000000,3.400481498,5.078837113,21.695902049,0.781229790,10.344484357,1.000000000
302,fixed_random_bfs,261193134,512,37,475,687,2000,2000,1,0.050000000,3323.308500000,3322.926000000,3322.718500000,0.207500000,0.382500000,765,0.250000000,3.400481498,6.953656359,29.509410160,1.078825528,14.153998218,1.000000000
303,fixed_random_bfs,2135709543,512,51,461,1776,2000,2000,0,0.000000000,3323.308500000,3323.288500000,3323.288500000,0.000000000,0.020000000,40,0.100000000,3.400481498,4.984962212,21.104832993,0.785459912,10.152702554,1.000000000
304,fixed_random_bfs,2179102854,512,51,461,1301,2000,2000,2,0.100000000,3323.308500000,3321.541500000,3321.084500000,0.457000000,1.767000000,3534,1.050000000,3.400481498,7.025259808,30.206784458,0.978121857,14.301860309,1.000000000
305,fixed_random_bfs,4334600809,512,49,463,659,2000,2000,103,5.150000000,3323.308500000,3239.260500000,3219.771500000,19.489000000,84.048000000,168096,36.350000000,3.400481498,6.903357344,29.483957001,1.103664037,14.040521053,1.000000000
306,fixed_random_bfs,27367001,512,35,477,685,2000,2000,0,0.000000000,3323.308500000,3322.878000000,3322.878000000,0.000000000,0.430500000,861,0.150000000,3.400481498,7.008744773,29.811847891,1.111129556,14.267595920,1.000000000
307,fixed_random_bfs,261290980,512,62,450,1630,2000,2000,31,1.550000000,3323.308500000,3307.872500000,3300.864000000,7.008500000,15.436000000,30872,9.000000000,3.400481498,6.938807036,29.642871413,0.809076109,14.120857142,1.000000000
308,fixed_random_bfs,2480100323,512,47,465,1107,2000,2000,0,0.000000000,3323.308500000,3323.148500000,3323.148500000,0.000000000,0.160000000,320,0.050000000,3.400481498,7.009835417,30.008118298,1.112130877,14.269001316,1.000000000
309,fixed_random_bfs,365218624,512,55,457,1902,2000,2000,0,0.000000000,3323.308500000,3323.073500000,3323.073500000,0.000000000,0.235000000,470,0.100000000,3.400481498,6.950046035,29.966388943,1.278753273,14.148450666,1.000000000
310,fixed_random_bfs,261298967,512,40,472,1165,2000,2000,0,0.000000000,3323.308500000,3323.308500000,3323.308500000,0.000000000,0.000000000,0,0.000000000,3.400481498,6.960558875,29.674288751,1.112905398,14.169829406,1.000000000
311,fixed_random_bfs,6965703926,512,65,447,2167,2000,2000,55,2.750000000,3323.308500000,3295.504000000,3283.178500000,12.325500000,27.804500000,55609,17.400000000,3.400481498,6.201935159,25.582756499,1.276118103,12.621758181,1.000000000
312,fixed_random_bfs,2896388413,512,32,480,451,2000,2000,0,0.000000000,3323.308500000,3323.308500000,3323.308500000,0.000000000,0.000000000,0,0.000000000,3.400481498,6.948623517,29.887646252,1.114820499,14.145589387,1.000000000
313,fixed_random_bfs,261239922,512,59,453,1997,2000,2000,0,0.000000000,3323.308500000,3323.075000000,3323.075000000,0.000000000,0.233500000,467,0.100000000,3.400481498,6.970018238,29.736718345,0.995411915,14.188865884,1.000000000
314,fixed_random_bfs,365489167,512,58,454,2223,2000,2000,67,3.350000000,3323.308500000,3273.291500000,3256.829000000,16.462500000,50.017000000,100034,24.750000000,3.400481498,6.967289709,29.820942951,0.989386043,14.177400953,1.000000000
315,fixed_random_bfs,2419951297,512,57,455,1908,2000,2000,2,0.100000000,3323.308500000,3323.137500000,3322.646000000,0.491500000,0.171000000,342,0.150000000,3.400481498,7.017332477,30.201940646,1.003207339,14.286582951,1.000000000
316,fixed_random_bfs,3994772551,512,47,465,1982,2000,2000,0,0.000000000,3323.308500000,3321.882500000,3321.882500000,0.000000000,1.426000000,2852,0.550000000,3.400481498,7.043924205,30.093348861,1.270836554,14.338479907,1.000000000
317,fixed_random_bfs,4957704707,512,47,465,1466,2000,2000,3,0.150000000,3323.308500000,3322.029000000,3321.297000000,0.732000000,1.279500000,2559,0.700000000,3.400481498,7.058387477,30.071036062,1.146098147,14.370853374,1.000000000
318,fixed_random_bfs,261163665,512,42,470,1031,2000,2000,2,0.100000000,3323.308500000,3318.980500000,3318.482500000,0.498000000,4.328000000,8656,2.900000000,3.400481498,7.055632084,30.232807948,0.975167186,14.364860407,1.000000000
319,fixed_random_bfs,4614850650,512,37,475,737,2000,2000,16,0.800000000,3323.308500000,3316.556500000,3312.746500000,3.810000000,6.752000000,13504,4.050000000,3.400481498,7.108928210,30.079286398,0.978148982,14.472279917,1.000000000
320,fixed_random_bfs,2418138343,512,66,446,2049,2000,2000,2,0.100000000,3323.308500000,3322.642500000,3322.191500000,0.451000000,0.666000000,1332,0.450000000,3.400481498,7.104828003,30.277180859,1.093344748,14.465132752,1.000000000
321,fixed_random_bfs,8061828022,512,45,467,1200,2000,2000,19,0.950000000,3323.308500000,3306.695500000,3301.995000000,4.700500000,16.613000000,33226,11.400000000,3.400481498,5.025194609,21.811704854,0.791266852,10.232270532,1.000000000
322,fixed_random_bfs,5894738647,512,31,481,630,2000,2000,3,0.150000000,3323.308500000,3320.668000000,3319.923500000,0.744500000,2.640500000,5281,1.300000000,3.400481498,5.007010206,21.590206440,0.788708609,10.198088750,1.000000000
323,fixed_random_bfs,4334600817,512,36,476,934,2000,2000,105,5.250000000,3323.308500000,3246.736500000,3223.594000000,23.142500000,76.572000000,153144,31.450000000,3.400481498,4.945715202,20.954367051,0.772979893,10.065037673,1.000000000
324,fixed_random_bfs,2624378884,512,43,469,855,2000,2000,89,4.450000000,3323.308500000,3268.562500000,3249.001000000,19.561500000,54.746000000,109492,26.100000000,3.400481498,4.971732565,20.972674557,0.771681879,10.119312731,1.000000000
325,fixed_random_bfs,261224263,512,39,473,594,2000,2000,12,0.600000000,3323.308500000,3305.758500000,3302.851000000,2.907500000,17.550000000,35100,8.600000000,3.400481498,5.015305862,21.416152602,0.783052275,10.213296304,1.000000000
326,fixed_random_bfs,1309310795,512,38,474,850,2000,2000,26,1.300000000,3323.308500000,3298.546500000,3291.809000000,6.737500000,24.762000000,49524,14.900000000,3.400481498,5.009868471,21.656275300,0.779291266,10.200971178,1.000000000
327,fixed_random_bfs,6777591890,512,39,473,1298,2000,2000,1,0.050000000,3323.308500000,3323.538000000,3323.283000000,0.255000000,-0.229500000,-459,0.000000000,3.400481498,5.063722829,21.869201743,0.799555814,10.312839995,1.000000000
328,fixed_random_bfs,5492872100,512,48,464,1074,2000,2000,2,0.100000000,3323.308500000,3321.539500000,3321.082500000,0.457000000,1.769000000,3538,1.550000000,3.400481498,5.032181133,21.793582301,0.797142577,10.249766624,1.000000000
329,fixed_random_bfs,8595362337,512,44,468,1100,2000,2000,44,2.200000000,3323.308500000,3280.502000000,3269.921000000,10.581000000,42.806500000,85613,22.900000000,3.400481498,5.008745143,21.397043845,0.802132062,10.198484462,1.000000000
330,fixed_random_bfs,2747976290,512,28,484,118,2000,2000,1,0.050000000,3323.308500000,3319.479500000,3319.374500000,0.105000000,3.829000000,7658,4.850000000,3.400481498,5.041001617,21.585543994,0.798323441,10.266644231,1.000000000
331,fixed_random_bfs,2426171242,512,46,466,1611,2000,2000,0,0.000000000,3323.308500000,3323.308500000,3323.308500000,0.000000000,0.000000000,0,0.000000000,3.400481498,5.076094314,21.731967702,0.810841027,10.339302558,1.000000000
332,fixed_random_bfs,257095287,512,36,476,819,2000,2000,104,5.200000000,3323.308500000,3303.332500000,3276.066000000,27.266500000,19.976000000,39952,13.500000000,3.400481498,5.049218698,21.010671903,0.813531852,10.278626634,1.000000000
333,fixed_random_bfs,261172297,512,44,468,1036,2000,2000,23,1.150000000,3323.308500000,3298.715500000,3293.544500000,5.171000000,24.593000000,49186,12.650000000,3.400481498,5.039801618,21.400784997,0.791953555,10.263041344,1.000000000
334,fixed_random_bfs,5871742225,512,37,475,878,2000,2000,135,6.750000000,3323.308500000,3291.025000000,3256.223000000,34.802000000,32.283500000,64567,19.250000000,3.400481498,5.050173559,21.810101601,0.891960984,10.271490530,1.000000000
335,fixed_random_bfs,270857417,512,36,476,682,2000,2000,5,0.250000000,3323.308500000,3321.465000000,3320.242500000,1.222500000,1.843500000,3687,1.200000000,3.400481498,5.054010543,21.398650304,0.797549599,10.293042332,1.000000000
336,fixed_random_bfs,5952137584,512,56,456,1990,2000,2000,4,0.200000000,3323.308500000,3321.413000000,3320.454500000,0.958500000,1.895500000,3791,1.450000000,3.400481498,5.077246926,21.621677100,0.871599416,10.341524379,1.000000000
337,fixed_random_bfs,368065607,512,33,479,608,2000,2000,6,0.300000000,3323.308500000,3323.005500000,3321.274500000,1.731000000,0.303000000,606,0.750000000,3.400481498,5.085438104,21.730103999,0.767382312,10.358849011,1.000000000
338,fixed_random_bfs,1639968782,512,67,445,1547,2000,2000,7,0.350000000,3323.308500000,3301.108500000,3299.823500000,1.285000000,22.200000000,44400,18.000000000,3.400481498,5.023131861,21.168475295,0.787573800,10.229582695,1.000000000
339,fixed_random_bfs,2416732090,512,42,470,1163,2000,2000,0,0.000000000,3323.308500000,3322.634000000,3322.634000000,0.000000000,0.674500000,1349,0.500000000,3.400481498,5.093915639,21.946143058,0.766755315,10.375903278,1.000000000
340,fixed_random_bfs,713242122,512,47,465,791,2000,2000,13,0.650000000,3323.308500000,3311.269500000,3309.457000000,1.812500000,12.039000000,24078,7.650000000,3.400481498,6.957892957,29.317084655,1.101542446,14.161632706,1.000000000
341,fixed_random_bfs,707990943,512,53,459,1572,2000,2000,59,2.950000000,3323.308500000,3283.174500000,3268.786000000,14.388500000,40.134000000,80268,19.900000000,3.400481498,7.064416581,30.040353697,1.090077076,14.372651412,1.000000000
342,fixed_random_bfs,2295344602,512,51,461,2167,2000,2000,12,0.600000000,3323.308500000,3316.452000000,3313.418000000,3.034000000,6.856500000,13713,4.000000000,3.400481498,7.014194730,29.900505801,0.966291292,14.278368734,1.000000000
343,fixed_random_bfs,261339656,512,45,467,1069,2000,2000,0,0.000000000,3323.308500000,3322.847000000,3322.847000000,0.000000000,0.461500000,923,0.200000000,3.400481498,7.009386793,30.224630501,1.093452661,14.270049647,1.000000000
344,fixed_random_bfs,7330451402,512,44,468,948,2000,2000,83,4.150000000,3323.308500000,3252.852000000,3233.113000000,19.739000000,70.456500000,140913,27.550000000,3.400481498,6.982148466,30.054544358,1.112819938,14.204837935,1.000000000
345,fixed_random_bfs,9243539055,512,58,454,1360,2000,2000,5,0.250000000,3323.308500000,3301.972000000,3300.948500000,1.023500000,21.336500000,42673,11.450000000,3.400481498,6.731072869,28.246818901,0.702864448,13.707905856,1.000000000
346,fixed_random_bfs,7306110742,512,24,488,366,2000,2000,0,0.000000000,3323.308500000,3323.308500000,3323.308500000,0.000000000,0.000000000,0,0.000000000,3.400481498,7.061459804,30.451507343,1.114570650,14.377948933,1.000000000
347,fixed_random_bfs,2317743084,512,63,449,2231,2000,2000,0,0.000000000,3323.308500000,3321.639000000,3321.639000000,0.000000000,1.669500000,3339,0.650000000,3.400481498,7.027865411,30.100045742,1.149690044,14.307868446,1.000000000
348,fixed_random_bfs,5902732797,512,41,471,1267,2000,2000,2,0.100000000,3323.308500000,3319.843500000,3319.343000000,0.500500000,3.465000000,6930,1.700000000,3.400481498,7.069200554,30.363351605,1.145077173,14.391785194,1.000000000
349,fixed_random_bfs,261169693,512,54,458,2409,2000,2000,2,0.100000000,3323.308500000,3322.411500000,3321.906500000,0.505000000,0.897000000,1794,0.800000000,3.400481498,7.026348782,30.028492898,1.167541775,14.303910449,1.000000000
350,fixed_random_bfs,5492736451,512,49,463,1819,2000,2000,1,0.050000000,3323.308500000,3319.940000000,3319.689500000,0.250500000,3.368500000,6737,1.900000000,3.400481498,6.998823807,30.185300160,1.013899265,14.247725138,1.000000000
351,fixed_random_bfs,2468042237,512,46,466,1604,2000,2000,32,1.600000000,3323.308500000,3326.695500000,3317.950000000,8.745500000,-3.387000000,-6774,1.450000000,3.400481498,7.014171597,29.973353348,1.143935266,14.279315750,1.000000000
352,fixed_random_bfs,2213095738,512,40,472,1030,2000,2000,3,0.150000000,3323.308500000,3316.389500000,3315.640000000,0.749500000,6.919000000,13838,3.950000000,3.400481498,6.985028035,29.872553593,1.147022957,14.220860272,1.000000000
353,fixed_random_bfs,1974927896,512,64,448,3100,2000,2000,0,0.000000000,3323.308500000,3319.045500000,3319.045500000,0.000000000,4.263000000,8526,2.000000000,3.400481498,6.984005510,29.969190858,1.181466121,14.219007422,1.000000000
354,fixed_random_bfs,4332885320,512,47,465,1567,2000,2000,2,0.100000000,3323.308500000,3321.730500000,3320.994500000,0.736000000,1.578000000,3156,1.150000000,3.400481498,7.014717286,29.993128601,1.158651318,14.281589633,1.000000000
355,fixed_random_bfs,27440234,512,41,471,622,2000,2000,146,7.300000000,3323.308500000,3279.702500000,3246.528500000,33.174000000,43.606000000,87212,25.200000000,3.400481498,7.066276699,29.951961543,1.154793277,14.368265326,1.000000000
356,fixed_random_bfs,2363202716,512,54,458,1533,2000,2000,7,0.350000000,3323.308500000,3319.155000000,3317.225000000,1.930000000,4.153500000,8307,2.900000000,3.400481498,7.043381973,30.015427696,1.005937461,14.335696807,1.000000000
357,fixed_random_bfs,5498848802,512,29,483,653,2000,2000,0,0.000000000,3323.308500000,3322.937000000,3322.937000000,0.000000000,0.371500000,743,0.100000000,3.400481498,7.067559682,30.098219748,1.014702993,14.389582426,1.000000000
358,fixed_random_bfs,5496076427,512,43,469,1123,2000,2000,3,0.150000000,3323.308500000,3322.304000000,3321.311000000,0.993000000,1.004500000,2009,0.950000000,3.400481498,7.064783404,29.932201644,1.136204237,14.382758062,1.000000000
359,fixed_random_bfs,2402573930,512,32,480,625,2000,2000,146,7.300000000,3323.308500000,3282.482000000,3244.770500000,37.711500000,40.826500000,81653,19.700000000,3.400481498,7.054298200,29.685028395,1.141701591,14.340208174,1.000000000
360,fixed_random_bfs,5404725099,512,44,468,1035,2000,2000,2,0.100000000,3323.308500000,3322.370000000,3321.877500000,0.492500000,0.938500000,1877,1.100000000,3.400481498,7.111018439,30.314725947,1.122531651,14.476755027,1.000000000
361,fixed_random_bfs,5498401987,512,41,471,1337,2000,2000,0,0.000000000,3323.308500000,3321.840000000,3321.840000000,0.000000000,1.468500000,2937,0.750000000,3.400481498,4.954589498,21.287993457,0.803633721,10.090922952,1.000000000
362,fixed_random_bfs,153026029,512,34,478,1122,2000,2000,0,0.000000000,3323.308500000,3322.873000000,3322.873000000,0.000000000,0.435500000,871,0.100000000,3.400481498,4.958873986,21.317805904,0.799247717,10.099539087,1.000000000
363,fixed_random_bfs,2004538924,512,38,474,662,2000,2000,24,1.200000000,3323.308500000,3301.837000000,3296.381000000,5.456000000,21.471500000,42943,10.200000000,3.400481498,4.935727758,20.918197752,0.795985803,10.051054549,1.000000000
364,fixed_random_bfs,2111333419,512,41,471,1001,2000,2000,142,7.100000000,3323.308500000,3293.877500000,3257.905000000,35.972500000,29.431000000,58862,18.000000000,3.400481498,4.960500099,21.260243755,0.794908083,10.086429300,1.000000000
365,fixed_random_bfs,367776964,512,34,478,710,2000,2000,0,0.000000000,3323.308500000,3322.566500000,3322.566500000,0.000000000,0.742000000,1484,0.350000000,3.400481498,4.981056413,21.179176788,0.776416793,10.145860524,1.000000000
366,fixed_random_bfs,1992978463,512,43,469,797,2000,2000,6,0.300000000,3323.308500000,3316.594500000,3315.191500000,1.403000000,6.714000000,13428,3.550000000,3.400481498,4.973902602,21.235158604,0.771793460,10.131625708,1.000000000
367,fixed_random_bfs,8026070181,512,41,471,1372,2000,2000,13,0.650000000,3323.308500000,3306.326000000,3303.489500000,2.836500000,16.982500000,33965,7.900000000,3.400481498,4.974072561,21.231784653,0.797063536,10.127940868,1.000000000
368,fixed_random_bfs,2479290645,512,53,459,1485,2000,2000,0,0.000000000,3323.308500000,3323.136000000,3323.136000000,0.000000000,0.172500000,345,0.050000000,3.400481498,4.996518674,21.666437355,0.795946713,10.175708243,1.000000000
369,fixed_random_bfs,261262136,512,59,453,1544,2000,2000,7,0.350000000,3323.308500000,3315.239500000,3313.571000000,1.668500000,8.069000000,16138,4.250000000,3.400481498,5.022941089,21.317797955,0.789655436,10.228072504,1.000000000
370,fixed_random_bfs,2188888636,512,33,479,772,2000,2000,5,0.250000000,3323.308500000,3318.087000000,3316.845500000,1.241500000,5.221500000,10443,2.950000000,3.400481498,5.018346627,21.455248407,0.790639842,10.220829199,1.000000000
371,fixed_random_bfs,2352805673,512,45,467,1524,2000,2000,0,0.000000000,3323.308500000,3323.220500000,3323.220500000,0.000000000,0.088000000,176,0.100000000,3.400481498,5.029223787,21.448307549,0.702979798,10.245770967,1.000000000
372,fixed_random_bfs,5493109167,512,33,479,788,2000,2000,0,0.000000000,3323.308500000,3322.887500000,3322.887500000,0.000000000,0.421000000,842,0.100000000,3.400481498,5.040898973,21.444680796,0.892555421,10.268270050,1.000000000
373,fixed_random_bfs,7286345979,512,57,455,2512,2000,2000,19,0.950000000,3323.308500000,3320.155500000,3315.890500000,4.265000000,3.153000000,6306,3.200000000,3.400481498,5.051507329,21.349251507,0.791754065,10.287127425,1.000000000
374,fixed_random_bfs,261276481,512,41,471,1231,2000,2000,11,0.550000000,3323.308500000,3317.915000000,3315.182000000,2.733000000,5.393500000,10787,2.700000000,3.400481498,5.029402813,21.393780556,0.783288467,10.243315761,1.000000000
375,fixed_random_bfs,261189820,512,54,458,1535,2000,2000,0,0.000000000,3323.308500000,3322.926000000,3322.926000000,0.000000000,0.382500000,765,0.200000000,3.400481498,5.048862545,21.431158197,0.696182978,10.283849269,1.000000000
376,fixed_random_bfs,9074967711,512,37,475,684,2000,2000,9,0.450000000,3323.308500000,3321.154000000,3318.797500000,2.356500000,2.154500000,4309,2.100000000,3.400481498,5.074170052,21.403219696,0.763545585,10.335848280,1.000000000
377,fixed_random_bfs,4332812191,512,46,466,733,2000,2000,2,0.100000000,3323.308500000,3317.610500000,3317.152000000,0.458500000,5.698000000,11396,2.600000000,3.400481498,5.047786411,21.259714295,0.667076957,10.281385350,1.000000000
378,fixed_random_bfs,356949025,512,45,467,1236,2000,2000,13,0.650000000,3323.308500000,3314.891500000,3311.699500000,3.192000000,8.417000000,16834,4.850000000,3.400481498,5.027526992,21.366832351,0.665264463,10.238899726,1.000000000
379,fixed_random_bfs,261188164,512,57,455,1629,2000,2000,0,0.000000000,3323.308500000,3323.015500000,3323.015500000,0.000000000,0.293000000,586,0.100000000,3.400481498,5.126821831,21.812228541,0.743465465,10.442190518,1.000000000
380,fixed_random_bfs,713056951,512,49,463,1113,2000,2000,0,0.000000000,3323.308500000,3311.838500000,3311.838500000,0.000000000,11.470000000,22940,7.200000000,3.400481498,7.023081090,29.822097190,1.116432589,14.298138476,1.000000000
381,fixed_random_bfs,261192490,512,47,465,1234,2000,2000,0,0.000000000,3323.308500000,3322.385500000,3322.385500000,0.000000000,0.923000000,1846,0.300000000,3.400481498,7.097816546,30.927733346,1.275348323,14.450889858,1.000000000
382,fixed_random_bfs,9203546720,512,47,465,1768,2000,2000,0,0.000000000,3323.308500000,3323.308500000,3323.308500000,0.000000000,0.000000000,0,0.000000000,3.400481498,6.999733608,30.035752594,1.134192675,14.249055146,1.000000000
383,fixed_random_bfs,1953908341,512,23,489,400,2000,2000,0,0.000000000,3323.308500000,3323.308500000,3323.308500000,0.000000000,0.000000000,0,0.000000000,3.400481498,7.243871274,31.365059347,1.146024161,14.755104549,1.000000000
384,fixed_random_bfs,5496050330,512,32,480,607,2000,2000,1,0.050000000,3323.308500000,3322.327000000,3322.075000000,0.252000000,0.981500000,1963,0.350000000,3.400481498,4.981218070,21.383449001,0.707716801,10.144990330,1.000000000
385,fixed_random_bfs,250278972,512,36,476,653,2000,2000,132,6.600000000,3323.308500000,3288.150000000,3259.641500000,28.508500000,35.158500000,70317,21.900000000,3.400481498,4.950817411,21.137555507,0.825464762,10.067034624,1.000000000
386,fixed_random_bfs,2393951808,512,61,451,2086,2000,2000,4,0.200000000,3323.308500000,3320.615000000,3319.643500000,0.971500000,2.693500000,5387,1.600000000,3.400481498,4.972829694,21.386376297,0.831168413,10.127460055,1.000000000
387,fixed_random_bfs,9170735825,512,41,471,1235,2000,2000,1,0.050000000,3323.308500000,3316.030000000,3315.779000000,0.251000000,7.278500000,14557,4.200000000,3.400481498,4.990179921,21.468900862,0.834733255,10.162622798,1.000000000
388,fixed_random_bfs,7506029000,512,52,460,1732,2000,2000,9,0.450000000,3323.308500000,3306.084000000,3303.895000000,2.189000000,17.224500000,34449,8.100000000,3.400481498,4.986608110,21.224356157,0.831986794,10.154864956,1.000000000
389,fixed_random_bfs,7564863077,512,55,457,2502,2000,2000,13,0.650000000,3323.308500000,3318.221000000,3314.960000000,3.261000000,5.087500000,10175,3.400000000,3.400481498,6.985888737,30.052187054,1.114483877,14.218716230,1.000000000
390,fixed_random_bfs,1255567914,512,42,470,1523,2000,2000,0,0.000000000,3323.308500000,3322.881000000,3322.881000000,0.000000000,0.427500000,855,0.150000000,3.400481498,4.999786405,21.551258407,0.947797584,10.183731386,1.000000000
391,fixed_random_bfs,5527916822,512,53,459,1794,2000,2000,3,0.150000000,3323.308500000,3319.353000000,3318.604500000,0.748500000,3.955500000,7911,2.150000000,3.400481498,4.986673567,21.376117691,0.840040470,10.154089307,1.000000000
392,fixed_random_bfs,261134222,512,45,467,1115,2000,2000,29,1.450000000,3323.308500000,3301.446000000,3295.492500000,5.953500000,21.862500000,43725,11.000000000,3.400481498,6.977837115,29.891466756,1.108479265,14.199390615,1.000000000
393,fixed_random_bfs,9338930525,512,54,458,1571,2000,2000,2,0.100000000,3323.308500000,3323.227000000,3322.746000000,0.481000000,0.081500000,163,0.150000000,3.400481498,4.991098606,21.406993800,0.837161121,10.164214231,1.000000000
394,fixed_random_bfs,9239402772,512,53,459,1278,2000,2000,1,0.050000000,3323.308500000,3321.581000000,3321.341000000,0.240000000,1.727500000,3455,0.600000000,3.400481498,5.004345513,21.453137943,0.812442693,10.192061271,1.000000000
395,fixed_random_bfs,4335564248,512,36,476,1157,2000,2000,64,3.200000000,3323.308500000,3254.351500000,3237.601000000,16.750500000,68.957000000,137914,32.400000000,3.400481498,6.936951961,29.913091402,1.122679166,14.116920286,1.000000000
396,fixed_random_bfs,2480059911,512,53,459,1688,2000,2000,77,3.850000000,3323.308500000,3261.522500000,3242.618500000,18.904000000,61.786000000,123572,29.150000000,3.400481498,4.987550767,21.267441101,0.827899103,10.152207410,1.000000000
397,fixed_random_bfs,2099948883,512,54,458,1847,2000,2000,4,0.200000000,3323.308500000,3321.016000000,3319.799000000,1.217000000,2.292500000,4585,1.650000000,3.400481498,5.030790847,21.493102460,0.809151405,10.248145017,1.000000000
398,fixed_random_bfs,7391027050,512,37,475,907,2000,2000,0,0.000000000,3323.308500000,3323.225500000,3323.225500000,0.000000000,0.083000000,166,0.100000000,3.400481498,5.042488635,21.580406498,0.807964464,10.270577708,1.000000000
399,fixed_random_bfs,9262367021,512,49,463,1007,2000,2000,10,0.500000000,3323.308500000,3294.344000000,3291.858500000,2.485500000,28.964500000,57929,13.500000000,3.400481498,4.991058318,21.233791447,0.806989500,10.164097573,1.000000000
400,fixed_random_bfs,2998723575,512,42,470,1197,2000,2000,0,0.000000000,3323.308500000,3322.940500000,3322.940500000,0.000000000,0.368000000,736,0.300000000,3.400481498,5.010059953,21.426815349,0.805535419,10.204247830,1.000000000
401,fixed_random_bfs,5091147289,512,45,467,983,2000,2000,19,0.950000000,3323.308500000,3308.453000000,3304.001000000,4.452000000,14.855500000,29711,8.650000000,3.400481498,5.012707419,21.552372991,0.714238667,10.204197456,1.000000000
402,fixed_random_bfs,1210044139,512,42,470,826,2000,2000,1,0.050000000,3323.308500000,3323.458500000,3323.251500000,0.207000000,-0.150000000,-300,0.000000000,3.400481498,6.962723568,29.507537759,1.158411323,14.173901267,1.000000000
403,fixed_random_bfs,5930021906,512,41,471,1226,2000,2000,13,0.650000000,3323.308500000,3314.918500000,3311.721000000,3.197500000,8.390000000,16780,3.900000000,3.400481498,5.042864643,21.782333493,0.778425605,10.269975254,1.000000000
404,fixed_random_bfs,347268868,512,44,468,312,2000,2000,2,0.100000000,3323.308500000,3315.780000000,3315.613000000,0.167000000,7.528500000,15057,6.300000000,3.400481498,7.005433462,30.053702200,1.127026074,14.260195538,1.000000000
405,fixed_random_bfs,5689465479,512,31,481,608,2000,2000,99,4.950000000,3323.308500000,3262.550000000,3237.791000000,24.759000000,60.758500000,121517,26.050000000,3.400481498,4.982951702,21.314669058,0.795095960,10.143969329,1.000000000
406,fixed_random_bfs,2420815941,512,61,451,1953,2000,2000,1,0.050000000,3323.308500000,3322.695500000,3322.461500000,0.234000000,0.613000000,1226,0.600000000,3.400481498,6.936130917,29.707794559,1.141420399,14.119651516,1.000000000
407,fixed_random_bfs,2180600343,512,44,468,837,2000,2000,115,5.750000000,3323.308500000,3273.541000000,3246.773000000,26.768000000,49.767500000,99535,25.700000000,3.400481498,6.952533039,29.303042056,1.309126595,14.137464979,1.000000000
408,fixed_random_bfs,1521353027,512,44,468,1526,2000,2000,0,0.000000000,3323.308500000,3323.308500000,3323.308500000,0.000000000,0.000000000,0,0.000000000,3.400481498,6.960210971,29.751948761,1.298320896,14.169549562,1.000000000
409,fixed_random_bfs,261214701,512,47,465,1686,2000,2000,0,0.000000000,3323.308500000,3322.593000000,3322.593000000,0.000000000,0.715500000,1431,0.400000000,3.400481498,6.954953965,29.683685349,1.139513222,14.158191402,1.000000000
410,fixed_random_bfs,5495577108,512,52,460,1535,2000,2000,3,0.150000000,3323.308500000,3322.072000000,3321.343000000,0.729000000,1.236500000,2473,0.850000000,3.400481498,6.948865518,29.753702047,1.127431541,14.145518333,1.000000000
411,fixed_random_bfs,738189708,512,36,476,712,2000,2000,0,0.000000000,3323.308500000,3322.373000000,3322.373000000,0.000000000,0.935500000,1871,0.300000000,3.400481498,4.979139410,21.400529243,0.764060084,10.141278969,1.000000000
412,fixed_random_bfs,5495455383,512,59,453,2226,2000,2000,4,0.200000000,3323.308500000,3319.759000000,3318.792000000,0.967000000,3.549500000,7099,1.900000000,3.400481498,6.984745827,29.665033690,1.137378185,14.217677187,1.000000000
413,fixed_random_bfs,261121530,512,61,451,1554,2000,2000,1,0.050000000,3323.308500000,3322.964500000,3322.508500000,0.456000000,0.344000000,688,0.400000000,3.400481498,7.017971665,30.116156196,1.114069140,14.286742129,1.000000000
414,fixed_random_bfs,261114187,512,54,458,1618,2000,2000,3,0.150000000,3323.308500000,3322.761500000,3321.813500000,0.948000000,0.547000000,1094,0.650000000,3.400481498,5.063135867,21.795564998,0.869465801,10.311327609,1.000000000
415,fixed_random_bfs,706911656,512,41,471,1135,2000,2000,16,0.800000000,3323.308500000,3318.549500000,3314.616500000,3.933000000,4.759000000,9518,3.250000000,3.400481498,7.032691647,30.363285897,1.123190779,14.314374077,1.000000000
416,fixed_random_bfs,7185816172,512,58,454,2043,2000,2000,3,0.150000000,3323.308500000,3320.853500000,3320.147000000,0.706500000,2.455000000,4910,1.700000000,3.400481498,7.049021462,30.020128303,1.125132388,14.349345650,1.000000000
417,fixed_random_bfs,261162572,512,35,477,620,2000,2000,0,0.000000000,3323.308500000,3323.211500000,3323.211500000,0.000000000,0.097000000,194,0.050000000,3.400481498,7.054431054,30.113502208,1.105484739,14.361309863,1.000000000
418,fixed_random_bfs,5689509437,512,40,472,884,2000,2000,124,6.200000000,3323.308500000,3267.065500000,3236.629000000,30.436500000,56.243000000,112486,24.600000000,3.400481498,7.036550972,29.825632801,1.106765234,14.315754741,1.000000000
419,fixed_random_bfs,4334632927,512,44,468,1069,2000,2000,81,4.050000000,3323.308500000,3284.510500000,3264.792000000,19.718500000,38.798000000,77596,19.150000000,3.400481498,7.075889704,29.816291804,1.109746170,14.396107763,1.000000000
420,fixed_random_bfs,313781237,512,35,477,875,2000,2000,0,0.000000000,3323.308500000,3322.835500000,3322.835500000,0.000000000,0.473000000,946,0.150000000,3.400481498,5.001151490,21.306168143,0.773273685,10.185553745,1.000000000
421,fixed_random_bfs,3731253682,512,25,487,508,2000,2000,0,0.000000000,3323.308500000,3323.308500000,3323.308500000,0.000000000,0.000000000,0,0.000000000,3.400481498,4.991447822,21.174664802,0.677478463,10.167216787,1.000000000
422,fixed_random_bfs,261126470,512,49,463,1528,2000,2000,3,0.150000000,3323.308500000,3322.064000000,3321.075000000,0.989000000,1.244500000,2489,1.250000000,3.400481498,4.994016826,21.194415045,0.686573153,10.171032447,1.000000000
423,fixed_random_bfs,5701144597,512,38,474,824,2000,2000,113,5.650000000,3323.308500000,3250.378500000,3224.721000000,25.657500000,72.930000000,145860,30.700000000,3.400481498,4.949671688,20.968733757,0.682777422,10.071407269,1.000000000
424,fixed_random_bfs,353715742,512,46,466,1526,2000,2000,0,0.000000000,3323.308500000,3322.564500000,3322.564500000,0.000000000,0.744000000,1488,0.400000000,3.400481498,5.025392821,21.428021150,0.788987524,10.235832381,1.000000000
425,fixed_random_bfs,261209245,512,44,468,1234,2000,2000,7,0.350000000,3323.308500000,3316.525000000,3314.781500000,1.743500000,6.783500000,13567,3.100000000,3.400481498,5.026464527,21.562047760,0.703140871,10.236450069,1.000000000
426,fixed_random_bfs,2057016326,512,44,468,1303,2000,2000,0,0.000000000,3323.308500000,3322.641500000,3322.641500000,0.000000000,0.667000000,1334,0.450000000,3.400481498,5.014109914,21.399995453,0.689310540,10.212423171,1.000000000
427,fixed_random_bfs,2396639637,512,43,469,1065,2000,2000,10,0.500000000,3323.308500000,3312.312500000,3309.861500000,2.451000000,10.996000000,21992,7.300000000,3.400481498,5.017166576,21.444833653,0.692222757,10.218310995,1.000000000
428,fixed_random_bfs,5884248604,512,55,457,1741,2000,2000,0,0.000000000,3323.308500000,3322.397500000,3322.397500000,0.000000000,0.911000000,1822,0.650000000,3.400481498,6.986969973,29.869212894,1.145139571,14.224568277,1.000000000
429,fixed_random_bfs,716927534,512,51,461,1684,2000,2000,0,0.000000000,3323.308500000,3322.836000000,3322.836000000,0.000000000,0.472500000,945,0.250000000,3.400481498,5.056239212,21.351227944,0.812789023,10.297586531,1.000000000
430,fixed_random_bfs,2204039642,512,42,470,1097,2000,2000,53,2.650000000,3323.308500000,3296.258500000,3282.888000000,13.370500000,27.050000000,54100,16.600000000,3.400481498,5.019468178,21.458473705,0.826895039,10.218354042,1.000000000
431,fixed_random_bfs,1249891078,512,43,469,1105,2000,2000,2,0.100000000,3323.308500000,3318.074000000,3317.578500000,0.495500000,5.234500000,10469,2.200000000,3.400481498,5.030662000,20.963769497,0.796915640,10.248620263,1.000000000
432,fixed_random_bfs,261116664,512,50,462,1771,2000,2000,0,0.000000000,3323.308500000,3323.221500000,3323.221500000,0.000000000,0.087000000,174,0.100000000,3.400481498,5.049343474,21.343862258,0.804694237,10.286346874,1.000000000
433,fixed_random_bfs,5493262211,512,45,467,1067,2000,2000,13,0.650000000,3323.308500000,3314.186500000,3311.024500000,3.162000000,9.122000000,18244,4.500000000,3.400481498,5.039337072,21.291285705,0.813210673,10.263150695,1.000000000
434,fixed_random_bfs,261339649,512,29,483,558,2000,2000,0,0.000000000,3323.308500000,3323.308500000,3323.308500000,0.000000000,0.000000000,0,0.000000000,3.400481498,5.026003521,21.276833210,0.790071406,10.237461593,1.000000000
435,fixed_random_bfs,8387153520,512,42,470,884,2000,2000,2,0.100000000,3323.308500000,3322.587500000,3322.100000000,0.487500000,0.721000000,1442,0.650000000,3.400481498,5.070916269,21.476952687,0.783669485,10.327440446,1.000000000
436,fixed_random_bfs,7342408454,512,42,470,1065,2000,2000,87,4.350000000,3323.308500000,3250.228000000,3228.166000000,22.062000000,73.080500000,146161,30.450000000,3.400481498,5.011650212,21.646796695,0.757250620,10.198721892,1.000000000
437,fixed_random_bfs,2185533612,512,39,473,964,2000,2000,0,0.000000000,3323.308500000,3322.165500000,3322.165500000,0.000000000,1.143000000,2286,0.450000000,3.400481498,5.048575775,21.626658901,0.674560760,10.283455180,1.000000000
438,fixed_random_bfs,2334189528,512,55,457,1871,2000,2000,10,0.500000000,3323.308500000,3319.150000000,3316.994500000,2.155500000,4.158500000,8317,2.350000000,3.400481498,5.020670105,21.680349494,0.735519532,10.224297861,1.000000000
439,fixed_random_bfs,1941037305,512,36,476,685,2000,2000,0,0.000000000,3323.308500000,3323.308500000,3323.308500000,0.000000000,0.000000000,0,0.000000000,3.400481498,5.086608712,22.050029448,0.670767311,10.360409868,1.000000000
440,fixed_random_bfs,2356424496,512,24,488,312,2000,2000,0,0.000000000,3323.308500000,3322.927000000,3322.927000000,0.000000000,0.381500000,763,0.100000000,3.400481498,7.051505625,30.297224359,0.969119743,14.355690812,1.000000000
441,fixed_random_bfs,261198714,512,44,468,1070,2000,2000,2,0.100000000,3323.308500000,3322.893000000,3322.408000000,0.485000000,0.415500000,831,0.400000000,3.400481498,6.981371300,29.949532399,1.085955252,14.212054889,1.000000000
442,fixed_random_bfs,1943831259,512,32,480,631,2000,2000,0,0.000000000,3323.308500000,3323.308500000,3323.308500000,0.000000000,0.000000000,0,0.000000000,3.400481498,6.995228944,30.150571412,1.255151888,14.240300498,1.000000000
443,fixed_random_bfs,5891205773,512,54,458,2078,2000,2000,40,2.000000000,3323.308500000,3291.973000000,3282.323000000,9.650000000,31.335500000,62671,21.150000000,3.400481498,7.242880969,31.187586105,1.162649541,14.747643627,1.000000000
444,fixed_random_bfs,6970037177,512,50,462,1421,2000,2000,9,0.450000000,3323.308500000,3311.196000000,3309.000000000,2.196000000,12.112500000,24225,8.050000000,3.400481498,7.006907129,29.922464240,1.100312245,14.262970155,1.000000000
445,fixed_random_bfs,261154171,512,50,462,1308,2000,2000,1,0.050000000,3323.308500000,3322.421500000,3322.176000000,0.245500000,0.887000000,1774,0.550000000,3.400481498,7.043236937,30.556563991,1.121655261,14.339068604,1.000000000
446,fixed_random_bfs,2404049888,512,54,458,2123,2000,2000,5,0.250000000,3323.308500000,3314.037500000,3312.788500000,1.249000000,9.271000000,18542,5.150000000,3.400481498,6.994479645,29.932714350,0.992237247,14.238619432,1.000000000
447,fixed_random_bfs,261250076,512,45,467,921,2000,2000,0,0.000000000,3323.308500000,3323.280500000,3323.280500000,0.000000000,0.028000000,56,0.050000000,3.400481498,7.129773242,30.634251761,1.122975413,14.516604821,1.000000000
448,fixed_random_bfs,8387133819,512,42,470,859,2000,2000,5,0.250000000,3323.308500000,3319.188500000,3317.977000000,1.211500000,4.120000000,8240,2.300000000,3.400481498,6.990927499,29.730719396,1.123672258,14.232282280,1.000000000
449,fixed_random_bfs,3731253686,512,23,489,422,2000,2000,0,0.000000000,3323.308500000,3323.308500000,3323.308500000,0.000000000,0.000000000,0,0.000000000,3.400481498,7.041114224,30.198409103,0.994563883,14.334265947,1.000000000
450,fixed_random_bfs,9169043116,512,37,475,905,2000,2000,57,2.850000000,3323.308500000,3265.337000000,3250.974500000,14.362500000,57.971500000,115943,28.250000000,3.400481498,6.921172634,29.504633453,1.110450092,14.082250414,1.000000000
451,fixed_random_bfs,1843163902,512,58,454,1785,2000,2000,0,0.000000000,3323.308500000,3323.283000000,3323.283000000,0.000000000,0.025500000,51,0.050000000,3.400481498,7.007569730,30.023503403,1.009836283,14.266352048,1.000000000
452,fixed_random_bfs,295526809,512,46,466,1070,2000,2000,13,0.650000000,3323.308500000,3306.182500000,3303.355500000,2.827000000,17.126000000,34252,9.050000000,3.400481498,6.963448739,29.945279362,1.131341670,14.172921598,1.000000000
453,fixed_random_bfs,261163533,512,47,465,1529,2000,2000,3,0.150000000,3323.308500000,3320.039500000,3319.288000000,0.751500000,3.269000000,6538,1.650000000,3.400481498,7.007973625,29.975591449,1.135658215,14.267024789,1.000000000
454,fixed_random_bfs,5495413651,512,46,466,1137,2000,2000,1,0.050000000,3323.308500000,3321.704500000,3321.459000000,0.245500000,1.604000000,3208,1.050000000,3.400481498,7.020093396,30.222928399,1.155751878,14.290858961,1.000000000
455,fixed_random_bfs,5924522003,512,43,469,1002,2000,2000,126,6.300000000,3323.308500000,3249.206000000,3217.296500000,31.909500000,74.102500000,148205,33.150000000,3.400481498,6.973119302,29.582393348,1.156483836,14.181631969,1.000000000
456,fixed_random_bfs,261272704,512,35,477,1057,2000,2000,0,0.000000000,3323.308500000,3322.985500000,3322.985500000,0.000000000,0.323000000,646,0.150000000,3.400481498,7.069464098,30.341312852,1.170020029,14.393451937,1.000000000
457,fixed_random_bfs,9269735400,512,45,467,695,2000,2000,2,0.100000000,3323.308500000,3314.346000000,3314.073000000,0.273000000,8.962500000,17925,6.200000000,3.400481498,7.052935864,30.188408052,1.160110700,14.357977913,1.000000000
458,fixed_random_bfs,9252307296,512,48,464,1040,2000,2000,14,0.700000000,3323.308500000,3305.501000000,3302.741500000,2.759500000,17.807500000,35615,9.500000000,3.400481498,7.083920827,30.447797998,1.161616755,14.421494250,1.000000000
459,fixed_random_bfs,5496395596,512,53,459,1614,2000,2000,12,0.600000000,3323.308500000,3313.225000000,3310.803500000,2.421500000,10.083500000,20167,6.250000000,3.400481498,7.145343694,30.452018603,1.134566815,14.541747763,1.000000000
460,fixed_random_bfs,255729915,512,46,466,1606,2000,2000,0,0.000000000,3323.308500000,3322.613500000,3322.613500000,0.000000000,0.695000000,1390,0.300000000,3.400481498,5.021045208,21.406214404,0.772520076,10.226889955,1.000000000
461,fixed_random_bfs,2185494665,512,38,474,1093,2000,2000,1,0.050000000,3323.308500000,3321.829500000,3321.579500000,0.250000000,1.479000000,2958,0.750000000,3.400481498,5.017575774,21.470064053,0.763884325,10.219250930,1.000000000
462,fixed_random_bfs,5500099862,512,40,472,780,2000,2000,49,2.450000000,3323.308500000,3272.749000000,3261.044000000,11.705000000,50.559500000,101119,23.600000000,3.400481498,4.966064458,21.106753702,0.762823081,10.111599908,1.000000000
463,fixed_random_bfs,2186461351,512,47,465,1522,2000,2000,1,0.050000000,3323.308500000,3322.082000000,3321.829000000,0.253000000,1.226500000,2453,0.700000000,3.400481498,5.012149516,21.522234609,0.768897551,10.207862287,1.000000000
464,fixed_random_bfs,2425965720,512,49,463,1572,2000,2000,0,0.000000000,3323.308500000,3323.300500000,3323.300500000,0.000000000,0.008000000,16,0.050000000,3.400481498,5.055291767,21.703396455,0.684422684,10.297413314,1.000000000
465,fixed_random_bfs,8442097264,512,56,456,1503,2000,2000,1,0.050000000,3323.308500000,3320.914000000,3320.673500000,0.240500000,2.394500000,4789,1.650000000,3.400481498,5.049572377,21.449667798,0.766674763,10.284923554,1.000000000
466,fixed_random_bfs,5492730491,512,47,465,1770,2000,2000,0,0.000000000,3323.308500000,3321.325500000,3321.325500000,0.000000000,1.983000000,3966,1.350000000,3.400481498,5.055544429,21.675720161,0.777141019,10.298403249,1.000000000
467,fixed_random_bfs,2276241579,512,63,449,1916,2000,2000,0,0.000000000,3323.308500000,3323.010500000,3323.010500000,0.000000000,0.298000000,596,0.150000000,3.400481498,5.043359423,21.874222992,0.881448479,10.272197947,1.000000000
468,fixed_random_bfs,708306439,512,50,462,1610,2000,2000,4,0.200000000,3323.308500000,3317.502500000,3316.261500000,1.241000000,5.806000000,11612,4.050000000,3.400481498,5.056989428,21.756630403,0.732722367,10.298754214,1.000000000
469,fixed_random_bfs,261285282,512,46,466,1009,2000,2000,1,0.050000000,3323.308500000,3322.950500000,3322.706500000,0.244000000,0.358000000,716,0.600000000,3.400481498,5.034296085,21.427719445,0.806081809,10.253197205,1.000000000
470,fixed_random_bfs,2469366770,512,40,472,883,2000,2000,1,0.050000000,3323.308500000,3321.097000000,3320.849000000,0.248000000,2.211500000,4423,1.350000000,3.400481498,5.058073774,21.402937041,0.790907150,10.305151843,1.000000000
471,fixed_random_bfs,2386573669,512,54,458,1574,2000,2000,0,0.000000000,3323.308500000,3323.082500000,3323.082500000,0.000000000,0.226000000,452,0.050000000,3.400481498,5.079724064,21.531610096,0.789810878,10.348400209,1.000000000
472,fixed_random_bfs,1439714778,512,56,456,1814,2000,2000,39,1.950000000,3323.308500000,3298.235000000,3288.491000000,9.744000000,25.073500000,50147,15.050000000,3.400481498,5.066278166,21.343946005,0.696866662,10.316232884,1.000000000
473,fixed_random_bfs,6961063044,512,34,478,709,2000,2000,101,5.050000000,3323.308500000,3258.728500000,3233.727000000,25.001500000,64.580000000,129160,24.700000000,3.400481498,4.997379016,21.088322202,0.686969760,10.173572889,1.000000000
474,fixed_random_bfs,2391067961,512,59,453,1194,2000,2000,130,6.500000000,3323.308500000,3245.677500000,3222.930000000,22.747500000,77.631000000,155262,35.450000000,3.400481498,5.055376529,21.644770860,0.782805182,10.284445495,1.000000000
475,fixed_random_bfs,3946160207,512,39,473,1262,2000,2000,0,0.000000000,3323.308500000,3321.892500000,3321.892500000,0.000000000,1.416000000,2832,0.750000000,3.400481498,5.083713086,22.045189949,0.767220137,10.354422865,1.000000000
476,fixed_random_bfs,5294860884,512,33,479,682,2000,2000,139,6.950000000,3323.308500000,3301.957000000,3265.261000000,36.696000000,21.351500000,42703,16.800000000,3.400481498,5.074943542,21.545218248,0.758395009,10.324678293,1.000000000
477,fixed_random_bfs,2183538578,512,41,471,1158,2000,2000,0,0.000000000,3323.308500000,3321.970500000,3321.970500000,0.000000000,1.338000000,2676,0.600000000,3.400481498,5.044295055,21.618602252,0.739028972,10.274299335,1.000000000
478,fixed_random_bfs,261212711,512,25,487,443,2000,2000,0,0.000000000,3323.308500000,3323.066000000,3323.066000000,0.000000000,0.242500000,485,0.050000000,3.400481498,5.111714376,21.839510145,0.762129112,10.411724523,1.000000000
479,fixed_random_bfs,7662839812,512,44,468,1131,2000,2000,18,0.900000000,3323.308500000,3305.430000000,3300.570000000,4.860000000,17.878500000,35757,8.050000000,3.400481498,7.018162957,30.144526256,0.962168525,14.286361002,1.000000000
480,fixed_random_bfs,1255184880,512,33,479,633,2000,2000,0,0.000000000,3323.308500000,3323.114000000,3323.114000000,0.000000000,0.194500000,389,0.100000000,3.400481498,7.084317701,30.288125256,1.134301697,14.424152445,1.000000000
481,fixed_random_bfs,255730175,512,40,472,1445,2000,2000,0,0.000000000,3323.308500000,3322.776000000,3322.776000000,0.000000000,0.532500000,1065,0.200000000,3.400481498,6.997141790,30.087458253,1.138393409,14.244686827,1.000000000
482,fixed_random_bfs,5840492349,512,42,470,914,2000,2000,17,0.850000000,3323.308500000,3312.831000000,3309.156500000,3.674500000,10.477500000,20955,7.950000000,3.400481498,6.955720614,29.680768453,1.006542351,14.155694817,1.000000000
483,fixed_random_bfs,261221422,512,45,467,1139,2000,2000,14,0.700000000,3323.308500000,3314.920500000,3311.256000000,3.664500000,8.388000000,16776,4.700000000,3.400481498,7.000597235,30.203970104,1.152609376,14.247957727,1.000000000
484,fixed_random_bfs,5840492345,512,35,477,589,2000,2000,25,1.250000000,3323.308500000,3309.168000000,3303.380500000,5.787500000,14.140500000,28281,8.850000000,3.400481498,7.213203769,30.996245048,1.171292181,14.686773997,1.000000000
485,fixed_random_bfs,5689468857,512,29,483,367,2000,2000,56,2.800000000,3323.308500000,3243.386500000,3232.771500000,10.615000000,79.922000000,159844,28.400000000,3.400481498,6.879726561,29.299432803,1.145872089,13.998133205,1.000000000
486,fixed_random_bfs,8072910551,512,38,474,638,2000,2000,0,0.000000000,3323.308500000,3323.307000000,3323.307000000,0.000000000,0.001500000,3,0.050000000,3.400481498,7.007538317,29.849119555,1.135052493,14.266617469,1.000000000
487,fixed_random_bfs,5495861317,512,53,459,1660,2000,2000,0,0.000000000,3323.308500000,3322.400500000,3322.400500000,0.000000000,0.908000000,1816,0.300000000,3.400481498,6.959761782,29.981314252,1.142018659,14.167823149,1.000000000
488,fixed_random_bfs,1583266082,512,35,477,963,2000,2000,5,0.250000000,3323.308500000,3320.533000000,3319.296500000,1.236500000,2.775500000,5551,1.500000000,3.400481498,4.988999605,21.627962545,0.779500760,10.161299017,1.000000000
489,fixed_random_bfs,261147317,512,41,471,1230,2000,2000,0,0.000000000,3323.308500000,3322.447500000,3322.447500000,0.000000000,0.861000000,1722,0.400000000,3.400481498,4.976583101,21.275150796,0.790158075,10.135990307,1.000000000
490,fixed_random_bfs,261197819,512,48,464,995,2000,2000,0,0.000000000,3323.308500000,3323.198500000,3323.198500000,0.000000000,0.110000000,220,0.050000000,3.400481498,4.983830493,21.321322096,0.780675299,10.150612442,1.000000000
491,fixed_random_bfs,2412356346,512,49,463,1340,2000,2000,0,0.000000000,3323.308500000,3322.723500000,3322.723500000,0.000000000,0.585000000,1170,0.200000000,3.400481498,7.018845378,30.355066996,1.145038443,14.287390145,1.000000000
492,fixed_random_bfs,1842179840,512,36,476,791,2000,2000,83,4.150000000,3323.308500000,3262.528000000,3242.104000000,20.424000000,60.780500000,121561,27.200000000,3.400481498,4.918558878,21.030362361,0.771486597,10.012423360,1.000000000
493,fixed_random_bfs,8627488565,512,56,456,2811,2000,2000,0,0.000000000,3323.308500000,3323.308500000,3323.308500000,0.000000000,0.000000000,0,0.000000000,3.400481498,7.004211041,30.158082559,1.152486730,14.258541409,1.000000000
494,fixed_random_bfs,3615823956,512,40,472,1263,2000,2000,5,0.250000000,3323.308500000,3321.308000000,3319.833500000,1.474500000,2.000500000,4001,1.600000000,3.400481498,6.981124792,30.030232507,1.121563963,14.211925253,1.000000000
495,fixed_random_bfs,9243224361,512,56,456,2456,2000,2000,0,0.000000000,3323.308500000,3322.846000000,3322.846000000,0.000000000,0.462500000,925,0.200000000,3.400481498,6.972391275,29.830462851,1.146629501,14.195483033,1.000000000
496,fixed_random_bfs,7998757662,512,50,462,1527,2000,2000,7,0.350000000,3323.308500000,3316.989500000,3315.533500000,1.456000000,6.319000000,12638,2.600000000,3.400481498,6.945897248,29.824920510,1.142774027,14.138081049,1.000000000
497,fixed_random_bfs,5492800610,512,44,468,1568,2000,2000,8,0.400000000,3323.308500000,3316.002000000,3313.982000000,2.020000000,7.306500000,14613,4.200000000,3.400481498,5.002199650,21.492208548,0.776700268,10.188321909,1.000000000
498,fixed_random_bfs,261173981,512,54,458,1112,2000,2000,0,0.000000000,3323.308500000,3323.038000000,3323.038000000,0.000000000,0.270500000,541,0.150000000,3.400481498,7.002758484,29.872390200,1.135539244,14.256694826,1.000000000
499,fixed_random_bfs,2437640477,512,55,457,1388,2000,2000,0,0.000000000,3323.308500000,3322.366500000,3322.366500000,0.000000000,0.942000000,1884,0.500000000,3.400481498,5.001818180,21.478662101,0.783881096,10.186998352,1.000000000
500,fixed_random_bfs,1641480230,512,40,472,941,2000,2000,0,0.000000000,3323.308500000,3322.208500000,3322.208500000,0.000000000,1.100000000,2200,0.500000000,3.400481498,5.018581813,21.296601991,0.788592628,10.221946416,1.000000000
501,fixed_random_bfs,5498881318,512,45,467,1201,2000,2000,0,0.000000000,3323.308500000,3323.086000000,3323.086000000,0.000000000,0.222500000,445,0.050000000,3.400481498,5.004655095,21.563877896,0.696777352,10.193651525,1.000000000
502,fixed_random_bfs,6046775691,512,44,468,1492,2000,2000,1,0.050000000,3323.308500000,3316.911000000,3316.664000000,0.247000000,6.397500000,12795,3.550000000,3.400481498,6.993846625,30.248260547,1.163371119,14.236938724,1.000000000
503,fixed_random_bfs,261137992,512,38,474,1128,2000,2000,0,0.000000000,3323.308500000,3323.308500000,3323.308500000,0.000000000,0.000000000,0,0.000000000,3.400481498,7.044904163,29.973758099,1.156250785,14.341502682,1.000000000
504,fixed_random_bfs,5495388795,512,56,456,2077,2000,2000,148,7.400000000,3323.308500000,3298.107000000,3260.167000000,37.940000000,25.201500000,50403,18.550000000,3.400481498,5.056686164,21.404523144,0.818911488,10.283387079,1.000000000
505,fixed_random_bfs,314768636,512,71,441,2058,2000,2000,27,1.350000000,3323.308500000,3308.480500000,3303.668000000,4.812500000,14.828000000,29656,6.950000000,3.400481498,4.992406463,21.337272645,0.821927869,10.162534107,1.000000000
506,fixed_random_bfs,1310649653,512,43,469,800,2000,2000,23,1.150000000,3323.308500000,3308.910500000,3303.210500000,5.700000000,14.398000000,28796,6.900000000,3.400481498,4.987107292,21.302481204,0.800881068,10.157457801,1.000000000
507,fixed_random_bfs,4881330626,512,33,479,873,2000,2000,0,0.000000000,3323.308500000,3322.869500000,3322.869500000,0.000000000,0.439000000,878,0.150000000,3.400481498,5.030443658,21.650987947,0.809609345,10.248045953,1.000000000
508,fixed_random_bfs,261169974,512,48,464,1173,2000,2000,2,0.100000000,3323.308500000,3322.124000000,3321.645500000,0.478500000,1.184500000,2369,1.000000000,3.400481498,5.015836200,21.536239948,0.797694742,10.216035246,1.000000000
509,fixed_random_bfs,7608395928,512,56,456,1816,2000,2000,2,0.100000000,3323.308500000,3321.749500000,3321.262500000,0.487000000,1.559000000,3118,0.900000000,3.400481498,5.023476161,21.679628153,0.810577024,10.234118199,1.000000000
510,fixed_random_bfs,287272224,512,28,484,246,2000,2000,25,1.250000000,3323.308500000,3305.273000000,3300.029000000,5.244000000,18.035500000,36071,13.700000000,3.400481498,5.016250690,21.377354353,0.797159800,10.214870569,1.000000000
511,fixed_random_bfs,740237254,512,38,474,522,2000,2000,92,4.600000000,3323.308500000,3272.244500000,3250.238500000,22.006000000,51.064000000,102128,26.350000000,3.400481498,6.967017882,29.276392747,1.135713559,14.173353818,1.000000000
512,fixed_random_bfs,1886250963,512,59,453,1844,2000,2000,7,0.350000000,3323.308500000,3315.339000000,3313.932500000,1.406500000,7.969500000,15939,5.250000000,3.400481498,5.053907135,21.561808960,0.784015308,10.293906701,1.000000000
513,fixed_random_bfs,8852624128,512,46,466,1209,2000,2000,7,0.350000000,3323.308500000,3314.176000000,3312.472000000,1.704000000,9.132500000,18265,4.750000000,3.400481498,5.024873599,21.605533305,0.779599336,10.233678722,1.000000000
514,fixed_random_bfs,305902117,512,43,469,1147,2000,2000,1,0.050000000,3323.308500000,3320.632500000,3320.393000000,0.239500000,2.676000000,5352,1.450000000,3.400481498,7.042632955,29.534552357,1.122334821,14.336813081,1.000000000
515,fixed_random_bfs,6341896497,512,43,469,499,2000,2000,4,0.200000000,3323.308500000,3318.577500000,3318.189000000,0.388500000,4.731000000,9462,5.100000000,3.400481498,7.096026347,30.210277757,1.126705629,14.446527690,1.000000000
516,fixed_random_bfs,5495839581,512,53,459,1614,2000,2000,0,0.000000000,3323.308500000,3322.286500000,3322.286500000,0.000000000,1.022000000,2044,0.350000000,3.400481498,5.003127376,21.553724745,0.849605627,10.190173561,1.000000000
517,fixed_random_bfs,2393934962,512,48,464,1533,2000,2000,4,0.200000000,3323.308500000,3321.985000000,3320.986000000,0.999000000,1.323500000,2647,1.200000000,3.400481498,7.094386803,29.991862398,1.129959626,14.442236776,1.000000000
518,fixed_random_bfs,6369696624,512,48,464,1495,2000,2000,0,0.000000000,3323.308500000,3322.604000000,3322.604000000,0.000000000,0.704500000,1409,0.350000000,3.400481498,5.101951064,21.549854145,0.761360515,10.391254946,1.000000000
519,fixed_random_bfs,258486125,512,42,470,851,2000,2000,66,3.300000000,3323.308500000,3305.607000000,3293.267000000,12.340000000,17.701500000,35403,12.600000000,3.400481498,7.009566493,30.094030047,1.116605642,14.258764436,1.000000000
520,fixed_random_bfs,9318954747,512,46,466,949,2000,2000,72,3.600000000,3323.308500000,3239.870000000,3222.769500000,17.100500000,83.438500000,166877,32.350000000,3.400481498,4.925384550,21.314399589,0.747931359,10.024922420,1.000000000
521,fixed_random_bfs,4334671754,512,49,463,1314,2000,2000,0,0.000000000,3323.308500000,3322.917000000,3322.917000000,0.000000000,0.391500000,783,0.200000000,3.400481498,4.995936924,21.655551955,0.759656004,10.175254926,1.000000000
522,fixed_random_bfs,2424209265,512,52,460,1565,2000,2000,1,0.050000000,3323.308500000,3323.056000000,3322.806000000,0.250000000,0.252500000,505,0.300000000,3.400481498,4.992673146,21.712939953,0.776876334,10.168404904,1.000000000
523,fixed_random_bfs,305911109,512,60,452,1582,2000,2000,5,0.250000000,3323.308500000,3317.390000000,3315.952000000,1.438000000,5.918500000,11837,4.050000000,3.400481498,4.994064529,21.666995600,0.749296810,10.170328860,1.000000000
524,fixed_random_bfs,5893628576,512,50,462,1249,2000,2000,0,0.000000000,3323.308500000,3323.148000000,3323.148000000,0.000000000,0.160500000,321,0.050000000,3.400481498,5.016195767,21.670628789,0.757577044,10.217544181,1.000000000
525,fixed_random_bfs,2434522764,512,40,472,1039,2000,2000,0,0.000000000,3323.308500000,3323.308500000,3323.308500000,0.000000000,0.000000000,0,0.000000000,3.400481498,5.015897112,21.445844300,0.766881075,10.216489843,1.000000000
526,fixed_random_bfs,2419345053,512,41,471,1300,2000,2000,1,0.050000000,3323.308500000,3322.466500000,3322.220500000,0.246000000,0.842000000,1684,0.700000000,3.400481498,5.067586241,21.802034349,0.777435863,10.321172834,1.000000000
527,fixed_random_bfs,1368276084,512,41,471,1125,2000,2000,15,0.750000000,3323.308500000,3316.331000000,3312.358000000,3.973000000,6.977500000,13955,3.200000000,3.400481498,5.012067100,21.638215008,0.771629942,10.207733318,1.000000000
528,fixed_random_bfs,7238192390,512,45,467,1340,2000,2000,17,0.850000000,3323.308500000,3301.723500000,3297.537500000,4.186000000,21.585000000,43170,12.650000000,3.400481498,5.018942437,21.286310698,0.719149172,10.218959079,1.000000000
529,fixed_random_bfs,540530299,512,52,460,1617,2000,2000,0,0.000000000,3323.308500000,3323.308000000,3323.308000000,0.000000000,0.000500000,1,0.050000000,3.400481498,5.044147297,21.657648002,0.831652574,10.274360870,1.000000000
530,fixed_random_bfs,5891132890,512,43,469,1337,2000,2000,43,2.150000000,3323.308500000,3285.486000000,3274.682000000,10.804000000,37.822500000,75645,19.750000000,3.400481498,5.005949204,21.392627399,0.828041727,10.192477257,1.000000000
531,fixed_random_bfs,2424209408,512,50,462,1609,2000,2000,1,0.050000000,3323.308500000,3323.071500000,3322.823000000,0.248500000,0.237000000,474,0.200000000,3.400481498,7.064575946,30.483261055,1.127523420,14.382907587,1.000000000
532,fixed_random_bfs,261221952,512,39,473,1064,2000,2000,0,0.000000000,3323.308500000,3323.072000000,3323.072000000,0.000000000,0.236500000,473,0.050000000,3.400481498,5.040798435,21.641681145,0.821683280,10.268929385,1.000000000
533,fixed_random_bfs,739118682,512,56,456,584,2000,2000,68,3.400000000,3323.308500000,3269.092500000,3262.739000000,6.353500000,54.216000000,108432,28.350000000,3.400481498,4.989297284,21.291965293,0.810170677,10.156146080,1.000000000
534,fixed_random_bfs,369888206,512,43,469,1099,2000,2000,25,1.250000000,3323.308500000,3306.586500000,3300.325500000,6.261000000,16.722000000,33444,8.350000000,3.400481498,6.972770974,29.836986994,1.113279442,14.189018090,1.000000000
535,fixed_random_bfs,2050780851,512,43,469,1524,2000,2000,0,0.000000000,3323.308500000,3322.845000000,3322.845000000,0.000000000,0.463500000,927,0.150000000,3.400481498,5.042644081,21.777854594,0.714458924,10.272133569,1.000000000
536,fixed_random_bfs,709393378,512,51,461,752,2000,2000,40,2.000000000,3323.308500000,3271.410000000,3266.332500000,5.077500000,51.898500000,103797,33.300000000,3.400481498,5.005049486,21.807611400,0.707947449,10.191865853,1.000000000
537,fixed_random_bfs,1482492935,512,54,458,1366,2000,2000,10,0.500000000,3323.308500000,3308.730000000,3306.611500000,2.118500000,14.578500000,29157,8.300000000,3.400481498,5.034401084,21.289216246,0.808768939,10.251195457,1.000000000
538,fixed_random_bfs,2207156021,512,42,470,977,2000,2000,17,0.850000000,3323.308500000,3318.115000000,3313.990000000,4.125000000,5.193500000,10387,2.950000000,3.400481498,5.048697124,21.456952702,0.817868087,10.282476422,1.000000000
539,fixed_random_bfs,261114969,512,47,465,1452,2000,2000,67,3.350000000,3323.308500000,3300.689000000,3282.761000000,17.928000000,22.619500000,45239,13.800000000,3.400481498,6.956608480,29.805872146,1.098098285,14.153321771,1.000000000
540,fixed_random_bfs,1514348244,512,33,479,842,2000,2000,0,0.000000000,3323.308500000,3323.308500000,3323.308500000,0.000000000,0.000000000,0,0.000000000,3.400481498,5.011226604,21.525229151,0.673637176,10.205968526,1.000000000
541,fixed_random_bfs,2411174981,512,46,466,1039,2000,2000,0,0.000000000,3323.308500000,3322.396000000,3322.396000000,0.000000000,0.912500000,1825,0.250000000,3.400481498,7.006771383,29.779527552,1.126398463,14.263020367,1.000000000
542,fixed_random_bfs,1478353642,512,39,473,1060,2000,2000,11,0.550000000,3323.308500000,3317.963500000,3315.214000000,2.749500000,5.345000000,10690,2.350000000,3.400481498,7.016339352,30.340383996,0.985730350,14.280017506,1.000000000
543,fixed_random_bfs,2292118086,512,54,458,1275,2000,2000,1,0.050000000,3323.308500000,3322.980000000,3322.740500000,0.239500000,0.328500000,657,0.250000000,3.400481498,7.008776005,29.630854347,1.124950538,14.267266211,1.000000000
544,fixed_random_bfs,261152000,512,38,474,716,2000,2000,0,0.000000000,3323.308500000,3322.694500000,3322.694500000,0.000000000,0.614000000,1228,0.500000000,3.400481498,7.246662882,31.183683952,1.186779445,14.760123724,1.000000000
545,fixed_random_bfs,6341896468,512,39,473,381,2000,2000,1,0.050000000,3323.308500000,3315.217000000,3315.167000000,0.050000000,8.091500000,16183,5.800000000,3.400481498,5.067416178,21.806067904,0.771083230,10.320714749,1.000000000
546,fixed_random_bfs,8017887228,512,57,455,1583,2000,2000,34,1.700000000,3323.308500000,3305.616000000,3296.592000000,9.024000000,17.692500000,35385,9.700000000,3.400481498,6.967064133,29.875842797,1.139953226,14.179380348,1.000000000
547,fixed_random_bfs,1475142977,512,51,461,1348,2000,2000,10,0.500000000,3323.308500000,3318.678000000,3316.003500000,2.674500000,4.630500000,9261,3.250000000,3.400481498,7.004783267,30.048683640,1.120700207,14.258970866,1.000000000
548,fixed_random_bfs,261160917,512,41,471,1098,2000,2000,1,0.050000000,3323.308500000,3317.405000000,3317.154000000,0.251000000,5.903500000,11807,2.300000000,3.400481498,7.011540337,30.297780904,1.098688295,14.272974909,1.000000000
549,fixed_random_bfs,261309262,512,49,463,1384,2000,2000,19,0.950000000,3323.308500000,3310.892000000,3306.460000000,4.432000000,12.416500000,24833,6.750000000,3.400481498,7.023016972,30.173100144,1.140515982,14.293753820,1.000000000
550,fixed_random_bfs,5492745715,512,53,459,1863,2000,2000,1,0.050000000,3323.308500000,3322.480000000,3322.232000000,0.248000000,0.828500000,1657,0.850000000,3.400481498,7.001629317,30.160301797,1.134163535,14.254829961,1.000000000
551,fixed_random_bfs,9246474547,512,73,439,617,2000,2000,10,0.500000000,3323.308500000,3283.935500000,3283.692500000,0.243000000,39.373000000,78746,28.900000000,3.400481498,6.922850038,29.638174096,1.111231015,14.091676276,1.000000000
552,fixed_random_bfs,2050786079,512,47,465,1606,2000,2000,0,0.000000000,3323.308500000,3323.270000000,3323.270000000,0.000000000,0.038500000,77,0.050000000,3.400481498,7.025953802,29.854161856,0.971718526,14.304780318,1.000000000
553,fixed_random_bfs,4334398087,512,50,462,832,2000,2000,0,0.000000000,3323.308500000,3322.442500000,3322.442500000,0.000000000,0.866000000,1732,0.300000000,3.400481498,7.058805557,30.296622101,0.971741023,14.370253892,1.000000000
554,fixed_random_bfs,7613901691,512,46,466,1451,2000,2000,4,0.200000000,3323.308500000,3319.475000000,3318.517500000,0.957500000,3.833500000,7667,2.800000000,3.400481498,7.088566816,30.454983351,0.990433980,14.430640509,1.000000000
555,fixed_random_bfs,4334620141,512,26,486,487,2000,2000,80,4.000000000,3323.308500000,3246.688000000,3226.379500000,20.308500000,76.620500000,153241,30.900000000,3.400481498,6.949721922,29.531047091,1.156275851,14.144208268,1.000000000
556,fixed_random_bfs,5496496774,512,22,490,218,2000,2000,0,0.000000000,3323.308500000,3322.979000000,3322.979000000,0.000000000,0.329500000,659,0.100000000,3.400481498,7.067394818,30.545748049,1.143291667,14.389060209,1.000000000
557,fixed_random_bfs,261224547,512,45,467,839,2000,2000,11,0.550000000,3323.308500000,3321.299000000,3318.810000000,2.489000000,2.009500000,4019,2.000000000,3.400481498,7.132740923,30.451739697,1.153133473,14.519919566,1.000000000
558,fixed_random_bfs,1394127116,512,31,481,559,2000,2000,23,1.150000000,3323.308500000,3324.265000000,3318.862000000,5.403000000,-0.956500000,-1913,1.400000000,3.400481498,7.108228453,30.560520403,1.003744154,14.462912639,1.000000000
559,fixed_random_bfs,2065205777,512,60,452,1291,2000,2000,0,0.000000000,3323.308500000,3322.121500000,3322.121500000,0.000000000,1.187000000,2374,0.450000000,3.400481498,5.036730540,21.703695544,0.859930287,10.257569365,1.000000000
560,fixed_random_bfs,2420815922,512,59,453,1905,2000,2000,1,0.050000000,3323.308500000,3322.963500000,3322.725000000,0.238500000,0.345000000,690,0.300000000,3.400481498,5.013105731,21.722632945,0.771119671,10.211645110,1.000000000
561,fixed_random_bfs,6717996924,512,41,471,1372,2000,2000,0,0.000000000,3323.308500000,3321.716000000,3321.716000000,0.000000000,1.592500000,3185,0.750000000,3.400481498,5.012815966,21.593085942,0.784593380,10.209925197,1.000000000
562,fixed_random_bfs,2223565132,512,55,457,1504,2000,2000,0,0.000000000,3323.308500000,3321.911000000,3321.911000000,0.000000000,1.397500000,2795,0.400000000,3.400481498,5.008006814,21.530000899,0.754894741,10.200180617,1.000000000
563,fixed_random_bfs,468419455,512,64,448,2546,2000,2000,4,0.200000000,3323.308500000,3320.160500000,3319.213500000,0.947000000,3.148000000,6296,2.550000000,3.400481498,5.050827891,21.670645047,0.786161193,10.287014563,1.000000000
564,fixed_random_bfs,5082996279,512,59,453,2658,2000,2000,0,0.000000000,3323.308500000,3319.492000000,3319.492000000,0.000000000,3.816500000,7633,1.800000000,3.400481498,5.031034807,21.616134908,0.799467302,10.247050210,1.000000000
565,fixed_random_bfs,2005928693,512,38,474,1099,2000,2000,0,0.000000000,3323.308500000,3322.470000000,3322.470000000,0.000000000,0.838500000,1677,0.600000000,3.400481498,5.036436122,21.654928500,0.793954290,10.257971614,1.000000000
566,fixed_random_bfs,2998778472,512,45,467,776,2000,2000,27,1.350000000,3323.308500000,3283.365500000,3279.341000000,4.024500000,39.943000000,79886,28.500000000,3.400481498,5.002497296,21.506972000,0.799203514,10.187681319,1.000000000
567,fixed_random_bfs,2256944385,512,46,466,1420,2000,2000,32,1.600000000,3323.308500000,3309.948000000,3301.545000000,8.403000000,13.360500000,26721,7.200000000,3.400481498,5.035151010,21.229333054,0.793776177,10.246721399,1.000000000
568,fixed_random_bfs,386561171,512,37,475,935,2000,2000,1,0.050000000,3323.308500000,3320.462500000,3320.210000000,0.252500000,2.846000000,5692,2.000000000,3.400481498,5.042296308,21.538827698,0.813951121,10.269026562,1.000000000
569,fixed_random_bfs,350981480,512,53,459,1423,2000,2000,2,0.100000000,3323.308500000,3321.851000000,3321.406000000,0.445000000,1.457500000,2915,0.850000000,3.400481498,5.059175655,21.729656297,0.815938617,10.305066919,1.000000000
570,fixed_random_bfs,261136271,512,38,474,937,2000,2000,0,0.000000000,3323.308500000,3322.685500000,3322.685500000,0.000000000,0.623000000,1246,0.400000000,3.400481498,5.068468150,21.649291152,0.794390360,10.323401201,1.000000000
571,fixed_random_bfs,740260420,512,55,457,987,2000,2000,124,6.200000000,3323.308500000,3259.461000000,3234.801500000,24.659500000,63.847500000,127695,30.750000000,3.400481498,5.027364879,21.553277057,0.806326353,10.228118403,1.000000000
572,fixed_random_bfs,261178099,512,64,448,1910,2000,2000,2,0.100000000,3323.308500000,3319.423500000,3318.958500000,0.465000000,3.885000000,7770,2.200000000,3.400481498,5.062782524,21.684153601,0.802624142,10.311907758,1.000000000
573,fixed_random_bfs,2184958752,512,48,464,834,2000,2000,2,0.100000000,3323.308500000,3317.421500000,3316.972000000,0.449500000,5.887000000,11774,2.750000000,3.400481498,5.059491770,21.487587847,0.787336264,10.306043368,1.000000000
574,fixed_random_bfs,2405473465,512,40,472,967,2000,2000,7,0.350000000,3323.308500000,3318.549000000,3316.581000000,1.968000000,4.759500000,9519,2.600000000,3.400481498,5.077324355,21.566942345,0.788244925,10.339912263,1.000000000
575,fixed_random_bfs,5493660724,512,48,464,1209,2000,2000,0,0.000000000,3323.308500000,3323.253500000,3323.253500000,0.000000000,0.055000000,110,0.050000000,3.400481498,5.079064982,21.370497945,0.794638612,10.344975164,1.000000000
576,fixed_random_bfs,5689450321,512,38,474,770,2000,2000,104,5.200000000,3323.308500000,3258.955500000,3233.731000000,25.224500000,64.353000000,128706,25.350000000,3.400481498,4.963201118,21.273531201,0.750495342,10.100028455,1.000000000
577,fixed_random_bfs,2478078050,512,55,457,1331,2000,2000,0,0.000000000,3323.308500000,3323.260500000,3323.260500000,0.000000000,0.048000000,96,0.050000000,3.400481498,7.002925980,29.934576748,1.097652064,14.256478509,1.000000000
578,fixed_random_bfs,1699189516,512,56,456,1558,2000,2000,18,0.900000000,3323.308500000,3318.592000000,3314.199000000,4.393000000,4.716500000,9433,3.600000000,3.400481498,5.094962507,21.570701896,0.776149345,10.376490930,1.000000000
579,fixed_random_bfs,9236706238,512,36,476,564,2000,2000,8,0.400000000,3323.308500000,3317.666500000,3316.228500000,1.438000000,5.642000000,11284,2.700000000,3.400481498,7.020019521,30.039391445,1.130060446,14.289827092,1.000000000
580,fixed_random_bfs,540555861,512,55,457,2354,2000,2000,1,0.050000000,3323.308500000,3323.418500000,3323.166000000,0.252500000,-0.110000000,-220,0.050000000,3.400481498,7.087526732,30.325659798,1.151366440,14.430734168,1.000000000
581,fixed_random_bfs,2213405566,512,42,470,1109,2000,2000,59,2.950000000,3323.308500000,3298.427000000,3283.454500000,14.972500000,24.881500000,49763,11.650000000,3.400481498,6.962762289,29.877108261,1.141870111,14.167667317,1.000000000
582,fixed_random_bfs,5323683078,512,44,468,1567,2000,2000,5,0.250000000,3323.308500000,3309.175000000,3307.916500000,1.258500000,14.133500000,28267,5.650000000,3.400481498,6.995832873,30.035921848,1.181257971,14.238564130,1.000000000
583,fixed_random_bfs,727701146,512,38,474,822,2000,2000,0,0.000000000,3323.308500000,3321.923500000,3321.923500000,0.000000000,1.385000000,2770,1.000000000,3.400481498,7.045467138,30.232713342,1.147113993,14.343066735,1.000000000
584,fixed_random_bfs,7505487601,512,38,474,911,2000,2000,1,0.050000000,3323.308500000,3323.214000000,3322.969000000,0.245000000,0.094500000,189,0.050000000,3.400481498,7.019043109,30.240664948,1.128480393,14.289577802,1.000000000
585,fixed_random_bfs,1427745578,512,43,469,755,2000,2000,4,0.200000000,3323.308500000,3312.652500000,3311.890500000,0.762000000,10.656000000,21312,4.950000000,3.400481498,6.943869076,29.844419847,1.191758236,14.135447686,1.000000000
586,fixed_random_bfs,2196447423,512,49,463,1487,2000,2000,7,0.350000000,3323.308500000,3317.988000000,3316.267000000,1.721000000,5.320500000,10641,2.400000000,3.400481498,6.959906239,30.062092751,1.339794446,14.165735012,1.000000000
587,fixed_random_bfs,1980577617,512,56,456,1398,2000,2000,27,1.350000000,3323.308500000,3300.602000000,3296.031500000,4.570500000,22.706500000,45413,12.250000000,3.400481498,6.985710831,29.988643005,1.325187485,14.213658527,1.000000000
588,fixed_random_bfs,9102166235,512,47,465,1378,2000,2000,35,1.750000000,3323.308500000,3326.816000000,3316.968000000,9.848000000,-3.507500000,-7015,1.300000000,3.400481498,7.226615234,31.133702791,1.062317090,14.717696856,1.000000000
589,fixed_random_bfs,2784698010,512,36,476,996,2000,2000,8,0.400000000,3323.308500000,3307.252000000,3305.287500000,1.964500000,16.056500000,32113,6.100000000,3.400481498,6.949420734,30.044046858,1.019202579,14.144415832,1.000000000
590,fixed_random_bfs,9265084061,512,50,462,1384,2000,2000,4,0.200000000,3323.308500000,3320.710000000,3319.752000000,0.958000000,2.598500000,5197,1.700000000,3.400481498,7.013001779,29.910803302,1.176726946,14.275138745,1.000000000
591,fixed_random_bfs,2998723553,512,59,453,1373,2000,2000,2,0.100000000,3323.308500000,3321.372500000,3321.367500000,0.005000000,1.936000000,3872,1.800000000,3.400481498,6.972136304,29.702043056,1.165965127,14.193242887,1.000000000
592,fixed_random_bfs,7131905791,512,50,462,1414,2000,2000,0,0.000000000,3323.308500000,3322.125500000,3322.125500000,0.000000000,1.183000000,2366,0.350000000,3.400481498,7.001796156,29.780679251,1.284712271,14.253741777,1.000000000
593,fixed_random_bfs,5497960556,512,50,462,1819,2000,2000,0,0.000000000,3323.308500000,3321.740000000,3321.740000000,0.000000000,1.568500000,3137,0.750000000,3.400481498,7.032429620,30.122727348,1.267756628,14.317469839,1.000000000
594,fixed_random_bfs,4277031543,512,37,475,1125,2000,2000,0,0.000000000,3323.308500000,3323.293500000,3323.293500000,0.000000000,0.015000000,30,0.050000000,3.400481498,7.038586746,30.014237099,1.107474467,14.329438232,1.000000000
595,fixed_random_bfs,368016393,512,41,471,1067,2000,2000,3,0.150000000,3323.308500000,3321.909500000,3321.162500000,0.747000000,1.399000000,2798,1.200000000,3.400481498,7.071877603,30.381783343,1.139501110,14.395241848,1.000000000
596,fixed_random_bfs,4332898176,512,45,467,1098,2000,2000,0,0.000000000,3323.308500000,3321.790500000,3321.790500000,0.000000000,1.518000000,3036,0.550000000,3.400481498,4.991773545,21.461439347,0.685215357,10.167342719,1.000000000
597,fixed_random_bfs,1687257494,512,37,475,1158,2000,2000,0,0.000000000,3323.308500000,3320.093000000,3320.093000000,0.000000000,3.215500000,6431,1.600000000,3.400481498,5.008611260,21.490108551,0.864990526,10.201853152,1.000000000
598,fixed_random_bfs,261137151,512,58,454,1781,2000,2000,0,0.000000000,3323.308500000,3322.119500000,3322.119500000,0.000000000,1.189000000,2378,0.350000000,3.400481498,5.000217834,21.266605252,0.757274155,10.184126675,1.000000000
599,fixed_random_bfs,5493314543,512,39,473,909,2000,2000,16,0.800000000,3323.308500000,3280.902500000,3277.528500000,3.374000000,42.406000000,84812,28.200000000,3.400481498,4.965681153,21.264737501,0.677118242,10.113308000,1.000000000
600,fixed_random_bfs,261098649,512,51,461,1373,2000,2000,0,0.000000000,3323.308500000,3321.582000000,3321.582000000,0.000000000,1.726500000,3453,0.550000000,3.400481498,7.046557835,30.155340949,1.003098961,14.344562685,1.000000000
601,fixed_random_bfs,2123140695,512,38,474,1029,2000,2000,0,0.000000000,3323.308500000,3323.308500000,3323.308500000,0.000000000,0.000000000,0,0.000000000,3.400481498,5.018075400,21.198820450,0.777806833,10.222253841,1.000000000
602,fixed_random_bfs,5676440288,512,26,486,468,2000,2000,2,0.100000000,3323.308500000,3320.665000000,3320.170000000,0.495000000,2.643500000,5287,1.300000000,3.400481498,7.080486708,30.209135003,0.987545220,14.415454631,1.000000000
603,fixed_random_bfs,5493541437,512,51,461,1902,2000,2000,1,0.050000000,3323.308500000,3323.633000000,3323.136500000,0.496500000,-0.324500000,-649,0.050000000,3.400481498,5.034626097,21.648446796,0.791040561,10.254539103,1.000000000
604,fixed_random_bfs,1317862217,512,50,462,1462,2000,2000,24,1.200000000,3323.308500000,3306.104000000,3300.039500000,6.064500000,17.204500000,34409,10.000000000,3.400481498,5.021846245,21.750314706,0.794567055,10.227058821,1.000000000
605,fixed_random_bfs,1775826060,512,68,444,4227,2000,2000,0,0.000000000,3323.308500000,3322.879500000,3322.879500000,0.000000000,0.429000000,858,0.350000000,3.400481498,5.047142853,21.697681453,0.821638907,10.282067038,1.000000000
606,fixed_random_bfs,253265812,512,52,460,2452,2000,2000,2,0.100000000,3323.308500000,3322.591500000,3322.085500000,0.506000000,0.717000000,1434,0.300000000,3.400481498,7.071822111,30.195340847,1.131841213,14.397185429,1.000000000
607,fixed_random_bfs,3456306383,512,42,470,887,2000,2000,142,7.100000000,3323.308500000,3289.010500000,3254.150500000,34.860000000,34.298000000,68596,19.650000000,3.400481498,5.024269633,21.240092008,0.779262923,10.217626290,1.000000000
608,fixed_random_bfs,261146936,512,44,468,1134,2000,2000,39,1.950000000,3323.308500000,3292.657000000,3283.665000000,8.992000000,30.651500000,61303,20.900000000,3.400481498,5.033212984,21.790678546,0.803115189,10.248024433,1.000000000
609,fixed_random_bfs,4332898182,512,41,471,1065,2000,2000,0,0.000000000,3323.308500000,3321.599500000,3321.599500000,0.000000000,1.709000000,3418,0.650000000,3.400481498,5.052548083,21.612413049,0.813075284,10.292754425,1.000000000
610,fixed_random_bfs,1934126358,512,57,455,2357,2000,2000,0,0.000000000,3323.308500000,3322.509000000,3322.509000000,0.000000000,0.799500000,1599,0.400000000,3.400481498,5.061763345,21.829666301,0.803182917,10.311147229,1.000000000
611,fixed_random_bfs,1394106968,512,49,463,1116,2000,2000,5,0.250000000,3323.308500000,3319.734000000,3319.083000000,0.651000000,3.574500000,7149,3.450000000,3.400481498,5.071498195,21.794374209,0.810801552,10.332188138,1.000000000
612,fixed_random_bfs,7513078923,512,45,467,945,2000,2000,0,0.000000000,3323.308500000,3323.078500000,3323.078500000,0.000000000,0.230000000,460,0.350000000,3.400481498,5.077478255,21.783481050,0.786614746,10.342187772,1.000000000
613,fixed_random_bfs,387576733,512,56,456,1122,2000,2000,0,0.000000000,3323.308500000,3322.999500000,3322.999500000,0.000000000,0.309000000,618,0.200000000,3.400481498,5.063222455,21.780585346,0.768834807,10.315811852,1.000000000
614,fixed_random_bfs,540530317,512,51,461,1464,2000,2000,0,0.000000000,3323.308500000,3323.269000000,3323.269000000,0.000000000,0.039500000,79,0.050000000,3.400481498,5.065336479,21.783684253,0.790372191,10.317562814,1.000000000
615,fixed_random_bfs,2993041266,512,56,456,1035,2000,2000,18,0.900000000,3323.308500000,3319.634000000,3317.235000000,2.399000000,3.674500000,7349,4.150000000,3.400481498,5.078255028,21.978748749,0.672115066,10.343801014,1.000000000
616,fixed_random_bfs,2446586846,512,55,457,1220,2000,2000,127,6.350000000,3323.308500000,3249.045000000,3218.877500000,30.167500000,74.263500000,148527,32.750000000,3.400481498,4.989000642,21.145114855,0.759639579,10.150182355,1.000000000
617,fixed_random_bfs,7505802750,512,60,452,2611,2000,2000,6,0.300000000,3323.308500000,3320.201500000,3318.721500000,1.480000000,3.107000000,6214,2.750000000,3.400481498,5.100273982,21.697606444,0.681576342,10.388666993,1.000000000
618,fixed_random_bfs,5441019411,512,43,469,1230,2000,2000,142,7.100000000,3323.308500000,3280.428500000,3245.282000000,35.146500000,42.880000000,85760,20.150000000,3.400481498,6.960519885,29.924770790,1.135987416,14.149729302,1.000000000
619,fixed_random_bfs,261337071,512,27,485,350,2000,2000,0,0.000000000,3323.308500000,3323.308500000,3323.308500000,0.000000000,0.000000000,0,0.000000000,3.400481498,6.987142757,30.203823646,1.122929981,14.222903902,1.000000000
620,fixed_random_bfs,305522120,512,48,464,1106,2000,2000,5,0.250000000,3323.308500000,3316.305500000,3315.105500000,1.200000000,7.003000000,14006,3.100000000,3.400481498,5.002210634,21.678766048,0.780481259,10.186585253,1.000000000
621,fixed_random_bfs,1991196151,512,52,460,1503,2000,2000,89,4.450000000,3323.308500000,3307.130500000,3284.909000000,22.221500000,16.178000000,32356,11.250000000,3.400481498,4.998342778,21.456005352,0.774480201,10.171212355,1.000000000
622,fixed_random_bfs,5577869763,512,41,471,911,2000,2000,0,0.000000000,3323.308500000,3323.273000000,3323.273000000,0.000000000,0.035500000,71,0.050000000,3.400481498,5.002875018,21.667165749,0.872102076,10.189008578,1.000000000
623,fixed_random_bfs,263399268,512,50,462,1169,2000,2000,9,0.450000000,3323.308500000,3302.372500000,3300.293500000,2.079000000,20.936000000,41872,9.950000000,3.400481498,7.043894669,30.130855590,1.152748397,14.337305418,1.000000000
624,fixed_random_bfs,3196434332,512,46,466,1200,2000,2000,0,0.000000000,3323.308500000,3323.308500000,3323.308500000,0.000000000,0.000000000,0,0.000000000,3.400481498,5.018219882,21.600232655,0.683409441,10.220759595,1.000000000
625,fixed_random_bfs,261186029,512,39,473,876,2000,2000,19,0.950000000,3323.308500000,3317.164000000,3312.468000000,4.696000000,6.144500000,12289,3.650000000,3.400481498,6.968110758,29.867960658,1.128666574,14.180826998,1.000000000
626,fixed_random_bfs,3001456955,512,53,459,1120,2000,2000,4,0.200000000,3323.308500000,3318.621000000,3317.812000000,0.809000000,4.687500000,9375,2.800000000,3.400481498,5.002465255,21.363092856,0.792019681,10.188683762,1.000000000
627,fixed_random_bfs,2144878428,512,41,471,911,2000,2000,0,0.000000000,3323.308500000,3322.378500000,3322.378500000,0.000000000,0.930000000,1860,0.400000000,3.400481498,6.989901637,29.904742145,0.988236663,14.229111364,1.000000000
628,fixed_random_bfs,261260787,512,56,456,1868,2000,2000,4,0.200000000,3323.308500000,3322.344000000,3321.367000000,0.977000000,0.964500000,1929,1.050000000,3.400481498,5.013641350,21.662993050,0.807053406,10.211303794,1.000000000
629,fixed_random_bfs,1318962846,512,44,468,1069,2000,2000,33,1.650000000,3323.308500000,3308.190000000,3301.667000000,6.523000000,15.118500000,30237,8.350000000,3.400481498,4.995652031,21.474453549,0.793263289,10.171061923,1.000000000
630,fixed_random_bfs,551405054,512,44,468,947,2000,2000,7,0.350000000,3323.308500000,3319.817500000,3318.127500000,1.690000000,3.491000000,6982,2.350000000,3.400481498,7.017446577,30.204116302,1.117957434,14.284695814,1.000000000
631,fixed_random_bfs,261142089,512,46,466,1197,2000,2000,0,0.000000000,3323.308500000,3323.199000000,3323.199000000,0.000000000,0.109500000,219,0.050000000,3.400481498,5.016387966,21.896116444,0.683910238,10.218178413,1.000000000
632,fixed_random_bfs,8684845837,512,57,455,1916,2000,2000,80,4.000000000,3323.308500000,3302.758500000,3283.801500000,18.957000000,20.550000000,41100,11.650000000,3.400481498,5.040040148,21.720811650,0.784683145,10.258153490,1.000000000
633,fixed_random_bfs,2393935017,512,43,469,941,2000,2000,3,0.150000000,3323.308500000,3322.510000000,3321.526000000,0.984000000,0.798500000,1597,1.000000000,3.400481498,7.000662087,29.855612558,1.126737064,14.250113938,1.000000000
634,fixed_random_bfs,261140922,512,39,473,770,2000,2000,6,0.300000000,3323.308500000,3315.917000000,3314.693500000,1.223500000,7.391500000,14783,3.000000000,3.400481498,5.010886926,21.477617048,0.817892788,10.203818487,1.000000000
635,fixed_random_bfs,261156059,512,48,464,1770,2000,2000,0,0.000000000,3323.308500000,3323.173000000,3323.173000000,0.000000000,0.135500000,271,0.100000000,3.400481498,5.034750765,21.586763452,0.710617935,10.255662214,1.000000000
636,fixed_random_bfs,1395192640,512,47,465,1309,2000,2000,9,0.450000000,3323.308500000,3321.373500000,3319.251000000,2.122500000,1.935000000,3870,1.900000000,3.400481498,5.023397076,21.446017552,0.815000295,10.231352149,1.000000000
637,fixed_random_bfs,5493494915,512,44,468,915,2000,2000,0,0.000000000,3323.308500000,3322.985000000,3322.985000000,0.000000000,0.323500000,647,0.150000000,3.400481498,6.953989605,29.617285290,0.990874140,14.154787960,1.000000000
638,fixed_random_bfs,704972469,512,48,464,555,2000,2000,106,5.300000000,3323.308500000,3251.315000000,3235.217500000,16.097500000,71.993500000,143987,35.200000000,3.400481498,4.974820307,21.296874951,0.714918737,10.125540785,1.000000000
639,fixed_random_bfs,1924187054,512,51,461,1691,2000,2000,114,5.700000000,3323.308500000,3277.363000000,3247.317000000,30.046000000,45.945500000,91891,24.750000000,3.400481498,5.032539913,21.131335843,0.795989484,10.243239063,1.000000000
640,fixed_random_bfs,2758167232,512,50,462,1348,2000,2000,21,1.050000000,3323.308500000,3306.539500000,3301.216500000,5.323000000,16.769000000,33538,9.000000000,3.400481498,5.022853672,21.471171048,0.800907211,10.228963049,1.000000000
641,fixed_random_bfs,2050791786,512,44,468,1412,2000,2000,0,0.000000000,3323.308500000,3323.265000000,3323.265000000,0.000000000,0.043500000,87,0.100000000,3.400481498,6.958028621,30.062228549,1.121120141,14.163518256,1.000000000
642,fixed_random_bfs,261274650,512,57,455,2171,2000,2000,118,5.900000000,3323.308500000,3280.639000000,3250.115500000,30.523500000,42.669500000,85339,23.200000000,3.400481498,5.057125895,21.490293361,0.700160568,10.290076143,1.000000000
643,fixed_random_bfs,261158675,512,52,460,1177,2000,2000,0,0.000000000,3323.308500000,3321.401000000,3321.401000000,0.000000000,1.907500000,3815,0.650000000,3.400481498,5.034227748,21.598574700,0.894469302,10.253860794,1.000000000
644,fixed_random_bfs,312929650,512,50,462,1457,2000,2000,0,0.000000000,3323.308500000,3322.758500000,3322.758500000,0.000000000,0.550000000,1100,0.200000000,3.400481498,6.961826663,29.859286453,0.995549609,14.171566528,1.000000000
645,fixed_random_bfs,5492668841,512,49,463,1693,2000,2000,11,0.550000000,3323.308500000,3312.802000000,3310.096000000,2.706000000,10.506500000,21013,5.500000000,3.400481498,6.947277054,29.798593606,1.144776771,14.141139816,1.000000000
646,fixed_random_bfs,365053765,512,52,460,1142,2000,2000,19,0.950000000,3323.308500000,3312.108000000,3308.994000000,3.114000000,11.200500000,22401,5.350000000,3.400481498,6.973446919,30.005272701,0.977316387,14.191014367,1.000000000
647,fixed_random_bfs,261332124,512,41,471,1190,2000,2000,0,0.000000000,3323.308500000,3322.515000000,3322.515000000,0.000000000,0.793500000,1587,0.350000000,3.400481498,6.994861165,29.919081654,1.134589446,14.238668365,1.000000000
648,fixed_random_bfs,2330595657,512,34,478,682,2000,2000,98,4.900000000,3323.308500000,3261.066000000,3236.342000000,24.724000000,62.242500000,124485,26.100000000,3.400481498,4.913163061,20.788025249,0.776192359,10.001872307,1.000000000
649,fixed_random_bfs,7025408055,512,50,462,791,2000,2000,102,5.100000000,3323.308500000,3249.463500000,3226.567000000,22.896500000,73.845000000,147690,32.600000000,3.400481498,7.132159728,30.471732203,1.288929841,14.509807205,1.000000000
650,fixed_random_bfs,2454915162,512,45,467,620,2000,2000,58,2.900000000,3323.308500000,3254.050500000,3243.289500000,10.761000000,69.258000000,138516,29.450000000,3.400481498,6.894211420,29.703684499,0.977630351,14.028501809,1.000000000
651,fixed_random_bfs,736686175,512,51,461,737,2000,2000,100,5.000000000,3323.308500000,3261.702000000,3243.106500000,18.595500000,61.606500000,123213,31.550000000,3.400481498,6.980140552,29.188185697,0.974626834,14.197047914,1.000000000
652,fixed_random_bfs,261298944,512,52,460,1352,2000,2000,3,0.150000000,3323.308500000,3324.025500000,3322.815000000,1.210500000,-0.717000000,-1434,0.250000000,3.400481498,7.052934313,29.917982495,1.095129672,14.358197321,1.000000000
653,fixed_random_bfs,4333087171,512,51,461,1571,2000,2000,0,0.000000000,3323.308500000,3322.272500000,3322.272500000,0.000000000,1.036000000,2072,0.350000000,3.400481498,7.072984001,30.985438800,0.983455550,14.400350528,1.000000000
654,fixed_random_bfs,261212551,512,49,463,1452,2000,2000,4,0.200000000,3323.308500000,3317.226000000,3315.984000000,1.242000000,6.082500000,12165,3.700000000,3.400481498,5.098468344,21.652788392,0.757878165,10.384166041,1.000000000
655,fixed_random_bfs,261158001,512,48,464,1214,2000,2000,30,1.500000000,3323.308500000,3324.828000000,3316.923000000,7.905000000,-1.519500000,-3039,1.450000000,3.400481498,7.092930349,30.421601452,1.116442828,14.439094647,1.000000000
656,fixed_random_bfs,7396450155,512,44,468,1416,2000,2000,0,0.000000000,3323.308500000,3322.911500000,3322.911500000,0.000000000,0.397000000,794,0.500000000,3.400481498,7.111446854,30.685211840,1.117337772,14.479481755,1.000000000
657,fixed_random_bfs,6375121288,512,63,449,1748,2000,2000,0,0.000000000,3323.308500000,3322.447500000,3322.447500000,0.000000000,0.861000000,1722,0.550000000,3.400481498,7.096259436,30.647096612,1.123192361,14.447577309,1.000000000
658,fixed_random_bfs,5892613799,512,52,460,1813,2000,2000,13,0.650000000,3323.308500000,3292.246500000,3289.073000000,3.173500000,31.062000000,62124,15.700000000,3.400481498,4.997286111,21.507370049,0.761388683,10.174841613,1.000000000
659,fixed_random_bfs,537982629,512,49,463,1242,2000,2000,2,0.100000000,3323.308500000,3321.049000000,3320.811500000,0.237500000,2.259500000,4519,1.050000000,3.400481498,4.992220635,21.405053043,0.750354558,10.167168434,1.000000000
660,fixed_random_bfs,5493273523,512,52,460,1902,2000,2000,1,0.050000000,3323.308500000,3322.106000000,3321.857000000,0.249000000,1.202500000,2405,1.000000000,3.400481498,5.018719274,21.891509349,0.755293521,10.221936374,1.000000000
661,fixed_random_bfs,261199857,512,57,455,2459,2000,2000,8,0.400000000,3323.308500000,3312.308000000,3310.320500000,1.987500000,11.000500000,22001,5.150000000,3.400481498,5.026169107,21.720842151,0.669948154,10.236328144,1.000000000
662,fixed_random_bfs,261169908,512,32,480,658,2000,2000,0,0.000000000,3323.308500000,3323.217500000,3323.217500000,0.000000000,0.091000000,182,0.100000000,3.400481498,5.027484976,21.508451246,0.774943924,10.240775975,1.000000000
663,fixed_random_bfs,369881726,512,46,466,1441,2000,2000,46,2.300000000,3323.308500000,3307.010000000,3294.797000000,12.213000000,16.298500000,32597,10.250000000,3.400481498,6.977627393,29.931096009,1.121437179,14.198715057,1.000000000
664,fixed_random_bfs,5492684410,512,51,461,1778,2000,2000,5,0.250000000,3323.308500000,3317.632000000,3315.906000000,1.726000000,5.676500000,11353,3.850000000,3.400481498,5.029853669,21.417580809,0.675725382,10.244409637,1.000000000
665,fixed_random_bfs,387578595,512,65,447,1687,2000,2000,0,0.000000000,3323.308500000,3322.976500000,3322.976500000,0.000000000,0.332000000,664,0.250000000,3.400481498,5.021552332,21.392729711,0.670099074,10.228531271,1.000000000
666,fixed_random_bfs,2166683937,512,49,463,1494,2000,2000,2,0.100000000,3323.308500000,3310.050500000,3309.325500000,0.725000000,13.258000000,26516,6.350000000,3.400481498,5.028511135,21.502215802,0.766060457,10.242140477,1.000000000
667,fixed_random_bfs,4332741648,512,44,468,755,2000,2000,16,0.800000000,3323.308500000,3302.601000000,3298.894000000,3.707000000,20.707500000,41415,11.550000000,3.400481498,5.011687350,21.638364401,0.897783638,10.205259630,1.000000000
668,fixed_random_bfs,368090738,512,45,467,1166,2000,2000,16,0.800000000,3323.308500000,3307.765500000,3304.096500000,3.669000000,15.543000000,31086,9.300000000,3.400481498,5.030411402,21.688729395,0.709106208,10.243696788,1.000000000
669,fixed_random_bfs,261148972,512,44,468,1449,2000,2000,13,0.650000000,3323.308500000,3314.504500000,3311.267500000,3.237000000,8.804000000,17608,4.250000000,3.400481498,5.058743077,21.709416599,0.794788800,10.302673994,1.000000000
670,fixed_random_bfs,2470391260,512,47,465,1308,2000,2000,9,0.450000000,3323.308500000,3315.181500000,3312.969000000,2.212500000,8.127000000,16254,4.850000000,3.400481498,5.044879845,21.568438657,0.788721882,10.276559006,1.000000000
671,fixed_random_bfs,7649865130,512,51,461,1023,2000,2000,145,7.250000000,3323.308500000,3251.028500000,3219.248000000,31.780500000,72.280000000,144560,33.200000000,3.400481498,5.017724550,21.535284651,0.796391819,10.207839859,1.000000000
672,fixed_random_bfs,350989894,512,58,454,1665,2000,2000,2,0.100000000,3323.308500000,3321.962500000,3321.508500000,0.454000000,1.346000000,2692,0.750000000,3.400481498,5.049755784,21.757835350,0.889181168,10.286655415,1.000000000
673,fixed_random_bfs,1062997585,512,28,484,301,2000,2000,48,2.400000000,3323.308500000,3304.333500000,3293.026500000,11.307000000,18.975000000,37950,16.450000000,3.400481498,5.038035320,21.885124059,0.775190842,10.258510167,1.000000000
674,fixed_random_bfs,2350768487,512,39,473,1126,2000,2000,4,0.200000000,3323.308500000,3321.045500000,3320.042500000,1.003000000,2.263000000,4526,2.000000000,3.400481498,4.999168046,21.379490705,0.682220690,10.181870440,1.000000000
675,fixed_random_bfs,6776350346,512,37,475,1158,2000,2000,0,0.000000000,3323.308500000,3322.799500000,3322.799500000,0.000000000,0.509000000,1018,0.150000000,3.400481498,5.068298750,22.095823553,0.875074457,10.322693797,1.000000000
676,fixed_random_bfs,3192598214,512,42,470,1601,2000,2000,0,0.000000000,3323.308500000,3323.308500000,3323.308500000,0.000000000,0.000000000,0,0.000000000,3.400481498,5.071819577,21.985060150,0.688405720,10.330739836,1.000000000
677,fixed_random_bfs,367756399,512,52,460,1343,2000,2000,15,0.750000000,3323.308500000,3312.283000000,3308.694000000,3.589000000,11.025500000,22051,5.000000000,3.400481498,6.984526575,29.761466845,0.973527153,14.215122132,1.000000000
678,fixed_random_bfs,261115545,512,58,454,1813,2000,2000,5,0.250000000,3323.308500000,3316.728500000,3315.529500000,1.199000000,6.580000000,13160,2.800000000,3.400481498,7.085432279,30.466347600,0.997976081,14.423529005,1.000000000
679,fixed_random_bfs,9271211977,512,44,468,1099,2000,2000,22,1.100000000,3323.308500000,3299.096500000,3294.951500000,4.145000000,24.212000000,48424,12.850000000,3.400481498,5.040871176,21.401760502,0.890885285,10.263957434,1.000000000
680,fixed_random_bfs,6961247535,512,48,464,1734,2000,2000,96,4.800000000,3323.308500000,3264.886500000,3240.808500000,24.078000000,58.422000000,116844,25.900000000,3.400481498,6.953111383,29.630006841,0.983007252,14.143408006,1.000000000
681,fixed_random_bfs,257095265,512,54,458,1945,2000,2000,51,2.550000000,3323.308500000,3301.985500000,3289.306000000,12.679500000,21.323000000,42646,11.000000000,3.400481498,7.035218248,30.078698006,1.127562380,14.314946256,1.000000000
682,fixed_random_bfs,261172259,512,46,466,1201,2000,2000,32,1.600000000,3323.308500000,3299.444000000,3291.294500000,8.149500000,23.864500000,47729,14.600000000,3.400481498,7.006306628,29.928008404,1.126518514,14.260379759,1.000000000
683,fixed_random_bfs,8999407973,512,36,476,589,2000,2000,117,5.850000000,3323.308500000,3264.554000000,3235.435000000,29.119000000,58.754500000,117509,25.150000000,3.400481498,6.921579813,29.278237304,1.126504613,14.075434053,1.000000000
684,fixed_random_bfs,5498767579,512,49,463,1614,2000,2000,0,0.000000000,3323.308500000,3322.939000000,3322.939000000,0.000000000,0.369500000,739,0.300000000,3.400481498,6.974631530,30.033523592,1.150612255,14.198675553,1.000000000
685,fixed_random_bfs,9239051241,512,44,468,1001,2000,2000,45,2.250000000,3323.308500000,3290.380500000,3279.230500000,11.150000000,32.928000000,65856,15.900000000,3.400481498,6.920241291,29.918505107,1.134409824,14.081603830,1.000000000
686,fixed_random_bfs,2445152691,512,55,457,1424,2000,2000,0,0.000000000,3323.308500000,3322.641500000,3322.641500000,0.000000000,0.667000000,1334,0.350000000,3.400481498,6.990071312,30.065361796,1.154153988,14.229133738,1.000000000
687,fixed_random_bfs,261194733,512,48,464,1613,2000,2000,0,0.000000000,3323.308500000,3321.855500000,3321.855500000,0.000000000,1.453000000,2906,0.800000000,3.400481498,7.015316330,30.055450205,1.171310012,14.280278678,1.000000000
688,fixed_random_bfs,2315413156,512,60,452,2003,2000,2000,37,1.850000000,3323.308500000,3304.168000000,3296.031000000,8.137000000,19.140500000,38281,10.350000000,3.400481498,6.976275670,29.746130459,1.020480925,14.196817963,1.000000000
689,fixed_random_bfs,9322428731,512,56,456,2310,2000,2000,4,0.200000000,3323.308500000,3320.634500000,3319.642500000,0.992000000,2.674000000,5348,2.200000000,3.400481498,7.017971386,30.224719637,1.020154923,14.286545927,1.000000000
690,fixed_random_bfs,261162212,512,49,463,1568,2000,2000,19,0.950000000,3323.308500000,3311.691000000,3306.996500000,4.694500000,11.617500000,23235,6.000000000,3.400481498,7.007694449,29.882759803,1.140676295,14.261569114,1.000000000
691,fixed_random_bfs,261241154,512,49,463,1306,2000,2000,2,0.100000000,3323.308500000,3319.387500000,3318.902500000,0.485000000,3.921000000,7842,2.500000000,3.400481498,6.984269690,30.210200201,0.993931186,14.217331217,1.000000000
692,fixed_random_bfs,5492735980,512,57,455,2409,2000,2000,14,0.700000000,3323.308500000,3320.366000000,3316.386000000,3.980000000,2.942500000,5885,3.650000000,3.400481498,7.071242389,29.987572251,1.129034684,14.395017737,1.000000000
693,fixed_random_bfs,2419955286,512,43,469,941,2000,2000,0,0.000000000,3323.308500000,3322.569500000,3322.569500000,0.000000000,0.739000000,1478,0.550000000,3.400481498,7.044989878,30.015645052,1.113015166,14.342112434,1.000000000
694,fixed_random_bfs,736035796,512,50,462,1652,2000,2000,76,3.800000000,3323.308500000,3301.866500000,3282.729500000,19.137000000,21.442000000,42884,12.600000000,3.400481498,7.078433499,30.341150599,1.129409744,14.401061173,1.000000000
695,fixed_random_bfs,261170308,512,56,456,2082,2000,2000,5,0.250000000,3323.308500000,3320.281500000,3319.058000000,1.223500000,3.027000000,6054,1.700000000,3.400481498,7.086781098,30.370684607,1.107454478,14.426488119,1.000000000
696,fixed_random_bfs,261151106,512,51,461,1210,2000,2000,0,0.000000000,3323.308500000,3321.936000000,3321.936000000,0.000000000,1.372500000,2745,0.750000000,3.400481498,7.116894346,30.274818511,1.100256752,14.489719079,1.000000000
697,fixed_random_bfs,4332856183,512,44,468,1601,2000,2000,1,0.050000000,3323.308500000,3323.180500000,3322.926500000,0.254000000,0.128000000,256,0.300000000,3.400481498,7.132256385,30.220886748,1.120923386,14.520757455,1.000000000
698,fixed_random_bfs,3599290738,512,40,472,1164,2000,2000,88,4.400000000,3323.308500000,3268.778500000,3246.535500000,22.243000000,54.530000000,109060,28.300000000,3.400481498,4.996703018,21.552854059,0.761653844,10.170675718,1.000000000
699,fixed_random_bfs,1102974572,512,43,469,1566,2000,2000,0,0.000000000,3323.308500000,3323.308500000,3323.308500000,0.000000000,0.000000000,0,0.000000000,3.400481498,5.008336895,21.698343151,0.778234219,10.200753816,1.000000000
700,fixed_random_bfs,261163758,512,60,452,2075,2000,2000,2,0.100000000,3323.308500000,3321.613000000,3321.119000000,0.494000000,1.695500000,3391,0.950000000,3.400481498,4.999056219,21.731362501,0.760027878,10.182575705,1.000000000
701,fixed_random_bfs,2393667739,512,55,457,1861,2000,2000,11,0.550000000,3323.308500000,3308.553500000,3305.860000000,2.693500000,14.755000000,29510,7.850000000,3.400481498,5.006653974,21.664565506,0.760396871,10.196047453,1.000000000
702,fixed_random_bfs,1941068286,512,18,494,273,2000,2000,0,0.000000000,3323.308500000,3323.297000000,3323.297000000,0.000000000,0.011500000,23,0.100000000,3.400481498,5.028741881,21.232156640,0.672892724,10.242797920,1.000000000
703,fixed_random_bfs,261089379,512,48,464,1492,2000,2000,0,0.000000000,3323.308500000,3319.690000000,3319.690000000,0.000000000,3.618500000,7237,1.850000000,3.400481498,5.025139373,21.513088149,0.760137833,10.235560763,1.000000000
704,fixed_random_bfs,261140906,512,35,477,846,2000,2000,1,0.050000000,3323.308500000,3318.646500000,3318.397000000,0.249500000,4.662000000,9324,2.050000000,3.400481498,5.040429151,21.670167793,0.757354098,10.266490673,1.000000000
705,fixed_random_bfs,5493144370,512,40,472,1161,2000,2000,2,0.100000000,3323.308500000,3319.777500000,3319.276000000,0.501500000,3.531000000,7062,1.800000000,3.400481498,5.019189358,21.501066950,0.761878115,10.224107429,1.000000000
706,fixed_random_bfs,5884157736,512,39,473,1406,2000,2000,1,0.050000000,3323.308500000,3320.716500000,3320.462000000,0.254500000,2.592000000,5184,1.800000000,3.400481498,5.039052143,21.701093500,0.713798293,10.263512048,1.000000000
707,fixed_random_bfs,705685522,512,43,469,863,2000,2000,0,0.000000000,3323.308500000,3320.244000000,3320.244000000,0.000000000,3.064500000,6129,1.400000000,3.400481498,5.042171045,21.581546449,0.800290362,10.269668436,1.000000000
708,fixed_random_bfs,1842027926,512,26,486,577,2000,2000,7,0.350000000,3323.308500000,3323.286500000,3321.510500000,1.776000000,0.022000000,44,0.200000000,3.400481498,5.056836379,21.346839789,0.793460709,10.301692844,1.000000000
709,fixed_random_bfs,2390118810,512,46,466,1608,2000,2000,3,0.150000000,3323.308500000,3320.525500000,3319.776000000,0.749500000,2.783000000,5566,1.350000000,3.400481498,5.056245127,21.598170647,0.800119178,10.299525925,1.000000000
710,fixed_random_bfs,261185761,512,59,453,2277,2000,2000,0,0.000000000,3323.308500000,3323.074000000,3323.074000000,0.000000000,0.234500000,469,0.100000000,3.400481498,5.054016794,21.566630600,0.708855029,10.294674120,1.000000000
711,fixed_random_bfs,1884637793,512,41,471,1409,2000,2000,1,0.050000000,3323.308500000,3314.896500000,3314.643000000,0.253500000,8.412000000,16824,4.550000000,3.400481498,5.055431175,21.502635244,0.789804131,10.296294883,1.000000000
712,fixed_random_bfs,6968167868,512,47,465,1343,2000,2000,9,0.450000000,3323.308500000,3309.933000000,3307.699500000,2.233500000,13.375500000,26751,5.950000000,3.400481498,4.988366645,21.119214488,0.774532728,10.158180300,1.000000000
713,fixed_random_bfs,368378467,512,67,445,2124,2000,2000,2,0.100000000,3323.308500000,3323.176000000,3322.701500000,0.474500000,0.132500000,265,0.150000000,3.400481498,5.043205002,21.417340898,0.690371865,10.273119079,1.000000000
714,fixed_random_bfs,2398914184,512,54,458,1271,2000,2000,0,0.000000000,3323.308500000,3322.261500000,3322.261500000,0.000000000,1.047000000,2094,0.400000000,3.400481498,5.069560421,21.820351842,0.769316422,10.326327014,1.000000000
715,fixed_random_bfs,2480363097,512,53,459,1992,2000,2000,0,0.000000000,3323.308500000,3323.079000000,3323.079000000,0.000000000,0.229500000,459,0.050000000,3.400481498,5.082707302,21.746016251,0.681677608,10.352759705,1.000000000
716,fixed_random_bfs,7662877965,512,39,473,617,2000,2000,135,6.750000000,3323.308500000,3271.387500000,3242.483500000,28.904000000,51.921000000,103842,27.500000000,3.400481498,5.072069552,21.765412044,0.669667745,10.317960772,1.000000000
717,fixed_random_bfs,2391052811,512,49,463,750,2000,2000,109,5.450000000,3323.308500000,3241.111000000,3221.951500000,19.159500000,82.197500000,164395,35.750000000,3.400481498,6.947753697,29.933160795,0.965454086,14.128141508,1.000000000
718,fixed_random_bfs,3996540993,512,51,461,2030,2000,2000,0,0.000000000,3323.308500000,3323.297500000,3323.297500000,0.000000000,0.011000000,22,0.050000000,3.400481498,7.009460354,30.050452695,1.133111666,14.270143023,1.000000000
719,fixed_random_bfs,369631002,512,57,455,1528,2000,2000,4,0.200000000,3323.308500000,3320.712000000,3319.546500000,1.165500000,2.596500000,5193,2.050000000,3.400481498,7.006703178,29.926345601,1.245134471,14.262736491,1.000000000
720,fixed_random_bfs,2424209571,512,53,459,1651,2000,2000,0,0.000000000,3323.308500000,3323.002000000,3323.002000000,0.000000000,0.306500000,613,0.250000000,3.400481498,7.099668261,30.701956010,1.115380157,14.454635318,1.000000000
721,fixed_random_bfs,2282204709,512,42,470,974,2000,2000,1,0.050000000,3323.308500000,3323.013000000,3322.766500000,0.246500000,0.295500000,591,0.350000000,3.400481498,7.028123612,29.914456144,1.121915144,14.307211636,1.000000000
722,fixed_random_bfs,2408303740,512,46,466,1645,2000,2000,0,0.000000000,3323.308500000,3322.367000000,3322.367000000,0.000000000,0.941500000,1883,0.300000000,3.400481498,7.059127808,30.153410153,1.159626028,14.371209951,1.000000000
723,fixed_random_bfs,4332992898,512,62,450,2815,2000,2000,7,0.350000000,3323.308500000,3321.009000000,3319.276000000,1.733000000,2.299500000,4599,2.150000000,3.400481498,7.039488386,30.288035703,1.136930196,14.330429680,1.000000000
724,fixed_random_bfs,261149705,512,57,455,1541,2000,2000,12,0.600000000,3323.308500000,3313.967500000,3311.106500000,2.861000000,9.341000000,18682,4.850000000,3.400481498,4.980385041,21.492508800,0.776465231,10.140006286,1.000000000
725,fixed_random_bfs,1262548716,512,46,466,1767,2000,2000,3,0.150000000,3323.308500000,3322.021500000,3321.274000000,0.747500000,1.287000000,2574,0.750000000,3.400481498,6.977701498,29.998653146,1.143105300,14.204767957,1.000000000
726,fixed_random_bfs,1923617735,512,35,477,738,2000,2000,2,0.100000000,3323.308500000,3320.963000000,3320.466000000,0.497000000,2.345500000,4691,1.150000000,3.400481498,4.997882166,21.629375855,0.797268794,10.178535537,1.000000000
727,fixed_random_bfs,2164772138,512,43,469,1410,2000,2000,0,0.000000000,3323.308500000,3323.209500000,3323.209500000,0.000000000,0.099000000,198,0.100000000,3.400481498,6.982561761,30.017732905,1.138699733,14.214610675,1.000000000
728,fixed_random_bfs,2408303684,512,65,447,2072,2000,2000,0,0.000000000,3323.308500000,3322.221000000,3322.221000000,0.000000000,1.087500000,2175,0.350000000,3.400481498,5.002187656,21.567611294,0.782779134,10.187810167,1.000000000
729,fixed_random_bfs,740365200,512,52,460,728,2000,2000,34,1.700000000,3323.308500000,3257.508500000,3251.634000000,5.874500000,65.800000000,131600,27.500000000,3.400481498,4.935250853,21.075543795,0.774553729,10.048149652,1.000000000
730,fixed_random_bfs,2565193678,512,35,477,709,2000,2000,90,4.500000000,3323.308500000,3298.424500000,3274.952500000,23.472000000,24.884000000,49768,15.350000000,3.400481498,6.970485337,29.583109805,1.124037512,14.179751936,1.000000000
731,fixed_random_bfs,4336249482,512,44,468,584,2000,2000,143,7.150000000,3323.308500000,3274.988000000,3242.691500000,32.296500000,48.320500000,96641,27.350000000,3.400481498,6.930859193,29.600843950,1.119501598,14.092934824,1.000000000
732,fixed_random_bfs,261257288,512,46,466,1566,2000,2000,0,0.000000000,3323.308500000,3323.307500000,3323.307500000,0.000000000,0.001000000,2,0.050000000,3.400481498,7.014837096,29.981403099,1.160960309,14.279537081,1.000000000
733,fixed_random_bfs,261210825,512,46,466,1344,2000,2000,10,0.500000000,3323.308500000,3313.813500000,3311.333500000,2.480000000,9.495000000,18990,7.150000000,3.400481498,7.012668720,29.772474350,1.134873083,14.274463937,1.000000000
734,fixed_random_bfs,6489421215,512,62,450,2604,2000,2000,1,0.050000000,3323.308500000,3321.605000000,3321.364000000,0.241000000,1.703500000,3407,1.150000000,3.400481498,7.019946965,30.283840498,1.141273368,14.290816225,1.000000000
735,fixed_random_bfs,258019650,512,22,490,115,2000,2000,12,0.600000000,3323.308500000,3305.354000000,3303.649500000,1.704500000,17.954500000,35909,11.950000000,3.400481498,4.989652746,21.112367044,0.760392517,10.161935510,1.000000000
736,fixed_random_bfs,9175802585,512,58,454,1618,2000,2000,2,0.100000000,3323.308500000,3319.490000000,3319.015000000,0.475000000,3.818500000,7637,2.150000000,3.400481498,6.997461068,29.979425911,1.130777616,14.244363004,1.000000000
737,fixed_random_bfs,5492786773,512,46,466,1649,2000,2000,8,0.400000000,3323.308500000,3313.906500000,3311.898500000,2.008000000,9.402000000,18804,4.850000000,3.400481498,5.014742827,21.319430909,0.773230018,10.213872022,1.000000000
738,fixed_random_bfs,2424399935,512,64,448,1833,2000,2000,34,1.700000000,3323.308500000,3305.047000000,3296.124000000,8.923000000,18.261500000,36523,10.100000000,3.400481498,5.016599048,21.429201511,0.775560260,10.215137446,1.000000000
739,fixed_random_bfs,367598759,512,49,463,1856,2000,2000,2,0.100000000,3323.308500000,3306.555000000,3305.806500000,0.748500000,16.753500000,33507,10.850000000,3.400481498,5.039411455,21.616932697,0.780162742,10.263601290,1.000000000
740,fixed_random_bfs,3192423914,512,48,464,1770,2000,2000,0,0.000000000,3323.308500000,3323.305500000,3323.305500000,0.000000000,0.003000000,6,0.050000000,3.400481498,7.034824815,30.098182544,1.140137877,14.321922343,1.000000000
741,fixed_random_bfs,365212218,512,47,465,1168,2000,2000,5,0.250000000,3323.308500000,3312.742000000,3311.288500000,1.453500000,10.566500000,21133,5.850000000,3.400481498,5.033634051,21.388765336,0.800425504,10.251143169,1.000000000
742,fixed_random_bfs,4121470134,512,50,462,1773,2000,2000,109,5.450000000,3323.308500000,3273.333000000,3245.763500000,27.569500000,49.975500000,99951,24.550000000,3.400481498,7.080557482,29.836172343,1.108388062,14.401927764,1.000000000
743,fixed_random_bfs,7180632863,512,40,472,852,2000,2000,0,0.000000000,3323.308500000,3322.179000000,3322.179000000,0.000000000,1.129500000,2259,1.000000000,3.400481498,5.045204510,21.306468138,0.800004174,10.276745422,1.000000000
744,fixed_random_bfs,2180438904,512,58,454,1951,2000,2000,6,0.300000000,3323.308500000,3318.212500000,3316.744000000,1.468500000,5.096000000,10192,3.350000000,3.400481498,5.055581956,21.463404946,0.899213441,10.296761824,1.000000000
745,fixed_random_bfs,7472855082,512,42,470,1262,2000,2000,110,5.500000000,3323.308500000,3274.210000000,3247.016500000,27.193500000,49.098500000,98197,27.250000000,3.400481498,5.037016704,21.370014505,0.807091337,10.256216721,1.000000000
746,fixed_random_bfs,2838780504,512,21,491,292,2000,2000,0,0.000000000,3323.308500000,3323.308500000,3323.308500000,0.000000000,0.000000000,0,0.000000000,3.400481498,5.059110850,21.440798244,0.777916037,10.305339202,1.000000000
747,fixed_random_bfs,369879253,512,56,456,1904,2000,2000,53,2.650000000,3323.308500000,3296.082000000,3282.316000000,13.766000000,27.226500000,54453,15.150000000,3.400481498,5.006527000,21.141243445,0.792904605,10.191680813,1.000000000
748,fixed_random_bfs,5493532322,512,53,459,1744,2000,2000,8,0.400000000,3323.308500000,3317.463000000,3315.311000000,2.152000000,5.845500000,11691,2.950000000,3.400481498,7.101926056,30.334091350,1.121533162,14.460056929,1.000000000
749,fixed_random_bfs,1607719856,512,46,466,959,2000,2000,0,0.000000000,3323.308500000,3322.641000000,3322.641000000,0.000000000,0.667500000,1335,0.500000000,3.400481498,5.057730983,21.577375599,0.786813949,10.303076723,1.000000000
750,fixed_random_bfs,1869956278,512,44,468,1724,2000,2000,0,0.000000000,3323.308500000,3323.308500000,3323.308500000,0.000000000,0.000000000,0,0.000000000,3.400481498,5.057712960,21.501946748,0.779922768,10.301640114,1.000000000
751,fixed_random_bfs,8627733097,512,49,463,1208,2000,2000,0,0.000000000,3323.308500000,3323.092500000,3323.092500000,0.000000000,0.216000000,432,0.050000000,3.400481498,5.082780036,21.917895791,0.773400066,10.352736772,1.000000000
752,fixed_random_bfs,261147701,512,47,465,1226,2000,2000,0,0.000000000,3323.308500000,3321.200000000,3321.200000000,0.000000000,2.108500000,4217,1.250000000,3.400481498,5.077593999,21.840215196,0.772210002,10.343077820,1.000000000
753,fixed_random_bfs,5496171960,512,46,466,1388,2000,2000,0,0.000000000,3323.308500000,3323.307000000,3323.307000000,0.000000000,0.001500000,3,0.050000000,3.400481498,7.086517344,30.139453099,1.101443244,14.426908294,1.000000000
754,fixed_random_bfs,734204290,512,43,469,1092,2000,2000,45,2.250000000,3323.308500000,3282.956000000,3271.460000000,11.496000000,40.352500000,80705,24.300000000,3.400481498,7.082305722,30.624340649,1.100358905,14.416994823,1.000000000
755,fixed_random_bfs,261147160,512,51,461,1460,2000,2000,7,0.350000000,3323.308500000,3319.486500000,3318.033500000,1.453000000,3.822000000,7644,2.550000000,3.400481498,7.131624284,30.689781303,1.120407440,14.520279507,1.000000000
756,fixed_random_bfs,9244708303,512,36,476,573,2000,2000,1,0.050000000,3323.308500000,3316.924000000,3316.681500000,0.242500000,6.384500000,12769,3.500000000,3.400481498,5.098116391,21.797769092,0.756527093,10.385351690,1.000000000
757,fixed_random_bfs,5495940337,512,38,474,733,2000,2000,5,0.250000000,3323.308500000,3322.525500000,3321.052500000,1.473000000,0.783000000,1566,0.900000000,3.400481498,7.020970137,29.938066402,1.231483363,14.292921811,1.000000000
758,fixed_random_bfs,261213403,512,28,484,487,2000,2000,0,0.000000000,3323.308500000,3322.714000000,3322.714000000,0.000000000,0.594500000,1189,0.600000000,3.400481498,4.993212037,21.515562658,0.752238808,10.169248406,1.000000000
759,fixed_random_bfs,261134347,512,28,484,533,2000,2000,0,0.000000000,3323.308500000,3323.308500000,3323.308500000,0.000000000,0.000000000,0,0.000000000,3.400481498,5.013431382,21.764715851,0.784219804,10.210577754,1.000000000
760,fixed_random_bfs,2282214673,512,38,474,1066,2000,2000,0,0.000000000,3323.308500000,3323.096000000,3323.096000000,0.000000000,0.212500000,425,0.150000000,3.400481498,5.035929043,21.742531591,0.790226992,10.256224029,1.000000000
761,fixed_random_bfs,5497933637,512,62,450,2981,2000,2000,0,0.000000000,3323.308500000,3322.506500000,3322.506500000,0.000000000,0.802000000,1604,0.400000000,3.400481498,5.028376205,21.719556905,0.787700793,10.240461699,1.000000000
762,fixed_random_bfs,29412107,512,50,462,919,2000,2000,128,6.400000000,3323.308500000,3247.888000000,3216.763500000,31.124500000,75.420500000,150841,32.400000000,3.400481498,4.979109615,21.107622203,0.790100601,10.129477297,1.000000000
763,fixed_random_bfs,2373086377,512,57,455,1320,2000,2000,0,0.000000000,3323.308500000,3323.216000000,3323.216000000,0.000000000,0.092500000,185,0.050000000,3.400481498,5.016869933,21.244505449,0.777175855,10.217790718,1.000000000
764,fixed_random_bfs,8511659094,512,51,461,1737,2000,2000,1,0.050000000,3323.308500000,3322.148000000,3321.903000000,0.245000000,1.160500000,2321,0.800000000,3.400481498,5.020842888,21.390669497,0.777366372,10.226633228,1.000000000
765,fixed_random_bfs,8113173939,512,44,468,1303,2000,2000,7,0.350000000,3323.308500000,3315.953000000,3313.969000000,1.984000000,7.355500000,14711,4.900000000,3.400481498,5.016517332,21.775983753,0.781140154,10.217183770,1.000000000
766,fixed_random_bfs,5493313012,512,49,463,1397,2000,2000,3,0.150000000,3323.308500000,3321.738500000,3320.756500000,0.982000000,1.570000000,3140,1.450000000,3.400481498,7.002308412,29.732733447,1.262936944,14.254539620,1.000000000
767,fixed_random_bfs,261132228,512,41,471,913,2000,2000,4,0.200000000,3323.308500000,3314.897500000,3313.927500000,0.970000000,8.411000000,16822,3.850000000,3.400481498,5.010823390,21.769678498,0.809842420,10.203584968,1.000000000
768,fixed_random_bfs,261194648,512,45,467,1452,2000,2000,19,0.950000000,3323.308500000,3313.968000000,3309.273000000,4.695000000,9.340500000,18681,5.150000000,3.400481498,5.036146696,21.553711103,0.809025134,10.254454866,1.000000000
769,fixed_random_bfs,5710403553,512,42,470,943,2000,2000,32,1.600000000,3323.308500000,3324.377000000,3316.241500000,8.135500000,-1.068500000,-2137,1.400000000,3.400481498,5.044738108,21.495754498,0.802056591,10.275170029,1.000000000
770,fixed_random_bfs,7663217393,512,36,476,686,2000,2000,24,1.200000000,3323.308500000,3298.974500000,3293.738500000,5.236000000,24.334000000,48668,12.000000000,3.400481498,4.964200847,20.880504938,0.786653366,10.106986564,1.000000000
771,fixed_random_bfs,261269628,512,55,457,1662,2000,2000,3,0.150000000,3323.308500000,3318.689000000,3317.960500000,0.728500000,4.619500000,9239,2.250000000,3.400481498,5.026971635,21.504856797,0.796789040,10.237600467,1.000000000
772,fixed_random_bfs,1937474087,512,41,471,1129,2000,2000,6,0.300000000,3323.308500000,3321.556500000,3320.053500000,1.503000000,1.752000000,3504,1.250000000,3.400481498,5.030642020,21.405323851,0.698039249,10.246620134,1.000000000
773,fixed_random_bfs,9207025467,512,45,467,918,2000,2000,0,0.000000000,3323.308500000,3323.287000000,3323.287000000,0.000000000,0.021500000,43,0.050000000,3.400481498,7.012915850,30.514385799,0.969447524,14.276519862,1.000000000
774,fixed_random_bfs,2282214630,512,40,472,1297,2000,2000,0,0.000000000,3323.308500000,3323.022500000,3323.022500000,0.000000000,0.286000000,572,0.150000000,3.400481498,5.037238990,21.259069890,0.797051263,10.261198316,1.000000000
775,fixed_random_bfs,261280294,512,45,467,1201,2000,2000,126,6.300000000,3323.308500000,3303.056000000,3268.578500000,34.477500000,20.252500000,40505,14.800000000,3.400481498,5.047830647,21.474198046,0.786489385,10.268861629,1.000000000
776,fixed_random_bfs,2402714224,512,49,463,1457,2000,2000,1,0.050000000,3323.308500000,3320.295500000,3320.048500000,0.247000000,3.013000000,6026,1.350000000,3.400481498,7.097036303,30.122032948,1.113062460,14.450022632,1.000000000
777,fixed_random_bfs,261135325,512,49,463,1612,2000,2000,18,0.900000000,3323.308500000,3307.124000000,3302.387500000,4.736500000,16.184500000,32369,12.150000000,3.400481498,5.063799152,21.579369545,0.784552540,10.311460948,1.000000000
778,fixed_random_bfs,4334163594,512,52,460,1990,2000,2000,0,0.000000000,3323.308500000,3322.558500000,3322.558500000,0.000000000,0.750000000,1500,0.500000000,3.400481498,5.065380639,21.538894753,0.779186138,10.317340675,1.000000000
779,fixed_random_bfs,305911078,512,57,455,1703,2000,2000,8,0.400000000,3323.308500000,3318.865500000,3316.710000000,2.155500000,4.443000000,8886,3.800000000,3.400481498,7.037902687,30.255969896,1.123777823,14.325349672,1.000000000
780,fixed_random_bfs,8370697853,512,51,461,1245,2000,2000,0,0.000000000,3323.308500000,3322.966000000,3322.966000000,0.000000000,0.342500000,685,0.100000000,3.400481498,7.057653071,30.275862598,1.162451978,14.369508779,1.000000000
781,fixed_random_bfs,261151767,512,42,470,1301,2000,2000,1,0.050000000,3323.308500000,3323.488000000,3323.235500000,0.252500000,-0.179500000,-359,0.000000000,3.400481498,7.036441609,30.425188412,1.309102091,14.326317516,1.000000000
782,fixed_random_bfs,4156113209,512,50,462,734,2000,2000,125,6.250000000,3323.308500000,3262.402500000,3237.755500000,24.647000000,60.906000000,121812,31.200000000,3.400481498,6.923183034,29.636746301,1.154211063,14.078891520,1.000000000
783,fixed_random_bfs,1254091879,512,41,471,1228,2000,2000,0,0.000000000,3323.308500000,3322.810000000,3322.810000000,0.000000000,0.498500000,997,0.150000000,3.400481498,6.996520576,29.948781506,1.141070525,14.243190644,1.000000000
784,fixed_random_bfs,5902585373,512,47,465,1271,2000,2000,5,0.250000000,3323.308500000,3316.496500000,3315.276500000,1.220000000,6.812000000,13624,2.750000000,3.400481498,6.990944258,29.958189542,1.152943946,14.230787191,1.000000000
785,fixed_random_bfs,5689486451,512,34,478,684,2000,2000,130,6.500000000,3323.308500000,3263.703500000,3231.980500000,31.723000000,59.605000000,119210,25.550000000,3.400481498,6.914836954,29.301583592,1.149863437,14.062700009,1.000000000
786,fixed_random_bfs,6991230872,512,41,471,740,2000,2000,104,5.200000000,3323.308500000,3241.165500000,3218.380000000,22.785500000,82.143000000,164286,35.350000000,3.400481498,6.924061173,29.516070851,1.146474704,14.080434986,1.000000000
787,fixed_random_bfs,6997186964,512,55,457,2082,2000,2000,0,0.000000000,3323.308500000,3322.787500000,3322.787500000,0.000000000,0.521000000,1042,0.200000000,3.400481498,7.031142261,30.315851801,1.128887744,14.313776655,1.000000000
788,fixed_random_bfs,2356412304,512,49,463,1380,2000,2000,1,0.050000000,3323.308500000,3323.053000000,3322.817000000,0.236000000,0.255500000,511,0.150000000,3.400481498,5.082962048,21.887380048,0.780221110,10.354355555,1.000000000
789,fixed_random_bfs,739118831,512,48,464,535,2000,2000,66,3.300000000,3323.308500000,3267.814000000,3256.108500000,11.705500000,55.494500000,110989,27.850000000,3.400481498,6.987418475,29.692655705,1.127590917,14.216620172,1.000000000
790,fixed_random_bfs,1698261485,512,54,458,2503,2000,2000,0,0.000000000,3323.308500000,3322.711500000,3322.711500000,0.000000000,0.597000000,1194,0.150000000,3.400481498,7.008644288,30.395785301,1.134688875,14.267361257,1.000000000
791,fixed_random_bfs,9042234650,512,47,465,1163,2000,2000,52,2.600000000,3323.308500000,3289.927500000,3278.191000000,11.736500000,33.381000000,66762,17.300000000,3.400481498,7.003921744,29.635497699,1.165754144,14.254041064,1.000000000
792,fixed_random_bfs,2349068449,512,45,467,1564,2000,2000,1,0.050000000,3323.308500000,3323.646000000,3323.141000000,0.505000000,-0.337500000,-675,0.050000000,3.400481498,7.078531161,30.301943705,1.296800378,14.412420444,1.000000000
793,fixed_random_bfs,261303042,512,55,457,1655,2000,2000,45,2.250000000,3323.308500000,3295.002000000,3283.302000000,11.700000000,28.306500000,56613,17.950000000,3.400481498,7.054796647,30.205721591,1.149719102,14.358464996,1.000000000
794,fixed_random_bfs,8627795809,512,53,459,1903,2000,2000,41,2.050000000,3323.308500000,3289.164500000,3278.759000000,10.405500000,34.144000000,68288,18.850000000,3.400481498,7.053359129,30.358846105,1.129756664,14.354105655,1.000000000
795,fixed_random_bfs,1722190527,512,45,467,1007,2000,2000,41,2.050000000,3323.308500000,3296.419000000,3286.202000000,10.217000000,26.889500000,53779,15.500000000,3.400481498,7.060372467,29.739936260,1.118723636,14.370595228,1.000000000
796,fixed_random_bfs,2174877925,512,47,465,1305,2000,2000,30,1.500000000,3323.308500000,3309.084500000,3301.557000000,7.527500000,14.224000000,28448,8.800000000,3.400481498,7.104014464,30.376673252,1.107989630,14.451550796,1.000000000
797,fixed_random_bfs,2262224078,512,40,472,780,2000,2000,4,0.200000000,3323.308500000,3322.097500000,3320.942000000,1.155500000,1.211000000,2422,0.600000000,3.400481498,5.010210044,21.320081449,0.762556580,10.202026621,1.000000000
798,fixed_random_bfs,1293577249,512,54,458,1951,2000,2000,12,0.600000000,3323.308500000,3318.369000000,3315.401000000,2.968000000,4.939500000,9879,2.300000000,3.400481498,5.004529312,21.218906997,0.682247547,10.190187771,1.000000000
799,fixed_random_bfs,1927734780,512,50,462,1982,2000,2000,1,0.050000000,3323.308500000,3322.208000000,3321.963000000,0.245000000,1.100500000,2201,0.550000000,3.400481498,5.020144899,21.627822100,0.676878096,10.224826388,1.000000000
800,fixed_random_bfs,715564711,512,45,467,1374,2000,2000,0,0.000000000,3323.308500000,3323.200500000,3323.200500000,0.000000000,0.108000000,216,0.050000000,3.400481498,5.022546967,21.573597252,0.778068367,10.229546386,1.000000000
801,fixed_random_bfs,5493226964,512,34,478,614,2000,2000,0,0.000000000,3323.308500000,3323.226500000,3323.226500000,0.000000000,0.082000000,164,0.050000000,3.400481498,5.038668876,21.276675606,0.760923608,10.263209744,1.000000000
802,fixed_random_bfs,1393823620,512,36,476,520,2000,2000,26,1.300000000,3323.308500000,3322.373000000,3317.313500000,5.059500000,0.935500000,1871,1.750000000,3.400481498,5.029315109,21.570936453,0.764491620,10.237899233,1.000000000
803,fixed_random_bfs,366254594,512,44,468,1267,2000,2000,35,1.750000000,3323.308500000,3308.826500000,3299.520500000,9.306000000,14.482000000,28964,8.150000000,3.400481498,5.052642654,21.327050208,0.781558867,10.286998935,1.000000000
804,fixed_random_bfs,5498765240,512,36,476,905,2000,2000,0,0.000000000,3323.308500000,3323.094500000,3323.094500000,0.000000000,0.214000000,428,0.100000000,3.400481498,5.031907896,21.627409305,0.773665556,10.249017247,1.000000000
805,fixed_random_bfs,8627521325,512,56,456,2273,2000,2000,2,0.100000000,3323.308500000,3313.212500000,3312.717000000,0.495500000,10.096000000,20192,8.050000000,3.400481498,5.045387669,21.324773104,0.806118042,10.274611693,1.000000000
806,fixed_random_bfs,2405485566,512,31,481,814,2000,2000,1,0.050000000,3323.308500000,3316.334000000,3316.080000000,0.254000000,6.974500000,13949,3.600000000,3.400481498,5.043427872,21.625749103,0.806195131,10.271923132,1.000000000
807,fixed_random_bfs,9266726874,512,54,458,1283,2000,2000,2,0.100000000,3323.308500000,3319.872500000,3319.441000000,0.431500000,3.436000000,6872,3.100000000,3.400481498,5.035583645,21.585480202,0.794572808,10.256469334,1.000000000
808,fixed_random_bfs,8396779905,512,41,471,974,2000,2000,8,0.400000000,3323.308500000,3318.108500000,3316.143500000,1.965000000,5.200000000,10400,2.700000000,3.400481498,5.062062104,21.584181798,0.784844510,10.311203748,1.000000000
809,fixed_random_bfs,733197651,512,58,454,1583,2000,2000,1,0.050000000,3323.308500000,3322.927000000,3322.686000000,0.241000000,0.381500000,763,0.300000000,3.400481498,5.050030566,21.781404399,0.801158582,10.286325978,1.000000000
810,fixed_random_bfs,1445190604,512,58,454,1623,2000,2000,3,0.150000000,3323.308500000,3318.088000000,3317.111000000,0.977000000,5.220500000,10441,3.250000000,3.400481498,5.077829031,21.951026993,0.786170584,10.342517751,1.000000000
811,fixed_random_bfs,8558846927,512,51,461,1857,2000,2000,12,0.600000000,3323.308500000,3320.379000000,3317.131500000,3.247500000,2.929500000,5859,3.250000000,3.400481498,5.077581259,21.980656953,0.803060005,10.342757841,1.000000000
812,fixed_random_bfs,261120619,512,32,480,655,2000,2000,1,0.050000000,3323.308500000,3323.464500000,3323.216000000,0.248500000,-0.156000000,-312,0.050000000,3.400481498,5.072528393,21.884048288,0.772527584,10.332029884,1.000000000
813,fixed_random_bfs,740363285,512,63,449,1035,2000,2000,127,6.350000000,3323.308500000,3252.820500000,3227.812500000,25.008000000,70.488000000,140976,35.050000000,3.400481498,6.981692982,29.466947795,0.963805318,14.194694753,1.000000000
814,fixed_random_bfs,712890869,512,42,470,881,2000,2000,1,0.050000000,3323.308500000,3321.279500000,3321.038000000,0.241500000,2.029000000,4058,0.600000000,3.400481498,5.078152069,21.521541747,0.776971982,10.343439886,1.000000000
815,fixed_random_bfs,2285851073,512,57,455,1663,2000,2000,2,0.100000000,3323.308500000,3321.821000000,3321.349000000,0.472000000,1.487500000,2975,1.100000000,3.400481498,5.080763194,21.547980908,0.781480047,10.348320163,1.000000000
816,fixed_random_bfs,261126813,512,66,446,1873,2000,2000,0,0.000000000,3323.308500000,3322.558000000,3322.558000000,0.000000000,0.750500000,1501,0.350000000,3.400481498,5.106673573,21.809518700,0.787884105,10.400570954,1.000000000
817,fixed_random_bfs,1447042984,512,45,467,1132,2000,2000,3,0.150000000,3323.308500000,3318.809000000,3318.077000000,0.732000000,4.499500000,8999,2.650000000,3.400481498,7.006818432,30.293651239,0.997579266,14.263615229,1.000000000
818,fixed_random_bfs,5495577082,512,50,462,1496,2000,2000,3,0.150000000,3323.308500000,3321.803500000,3321.064500000,0.739000000,1.505000000,3010,1.000000000,3.400481498,6.977909402,29.789389106,1.118865378,14.205833572,1.000000000
819,fixed_random_bfs,261119245,512,41,471,1310,2000,2000,2,0.100000000,3323.308500000,3319.642000000,3319.147000000,0.495000000,3.666500000,7333,1.550000000,3.400481498,7.087774041,30.308894748,1.120740069,14.430168506,1.000000000
820,fixed_random_bfs,8559110869,512,47,465,1490,2000,2000,33,1.650000000,3323.308500000,3285.822500000,3277.593500000,8.229000000,37.486000000,74972,19.900000000,3.400481498,6.970771450,30.093903394,1.170176386,14.186901452,1.000000000
821,fixed_random_bfs,3590702524,512,50,462,1691,2000,2000,2,0.100000000,3323.308500000,3321.898000000,3321.407500000,0.490500000,1.410500000,2821,1.000000000,3.400481498,7.043513524,30.216984446,1.018027353,14.339330613,1.000000000
822,fixed_random_bfs,2052085901,512,44,468,680,2000,2000,68,3.400000000,3323.308500000,3269.389000000,3257.643000000,11.746000000,53.919500000,107839,27.950000000,3.400481498,6.908814731,29.231391006,1.151018581,14.058982860,1.000000000
823,fixed_random_bfs,261199431,512,60,452,1287,2000,2000,1,0.050000000,3323.308500000,3322.573000000,3322.342500000,0.230500000,0.735500000,1471,0.550000000,3.400481498,7.042059850,30.405494697,0.995007818,14.336174187,1.000000000
824,fixed_random_bfs,2204462531,512,43,469,1303,2000,2000,73,3.650000000,3323.308500000,3280.130000000,3261.080000000,19.050000000,43.178500000,86357,26.300000000,3.400481498,6.933024975,29.379595458,1.112710946,14.109051898,1.000000000
825,fixed_random_bfs,1308231985,512,52,460,1542,2000,2000,7,0.350000000,3323.308500000,3312.931500000,3311.282500000,1.649000000,10.377000000,20754,7.250000000,3.400481498,6.981128753,30.249040748,1.144607239,14.210944441,1.000000000
826,fixed_random_bfs,5498764112,512,42,470,1485,2000,2000,0,0.000000000,3323.308500000,3323.125000000,3323.125000000,0.000000000,0.183500000,367,0.100000000,3.400481498,6.990380027,30.140560000,1.132385079,14.230712655,1.000000000
827,fixed_random_bfs,4334474208,512,61,451,3250,2000,2000,1,0.050000000,3323.308500000,3322.823000000,3322.570500000,0.252500000,0.485500000,971,0.400000000,3.400481498,7.027120066,30.021492548,1.000993154,14.305161873,1.000000000
828,fixed_random_bfs,4336249484,512,51,461,710,2000,2000,106,5.300000000,3323.308500000,3261.728000000,3241.111500000,20.616500000,61.580500000,123161,31.350000000,3.400481498,6.958755660,29.558429601,1.100912131,14.152515162,1.000000000
829,fixed_random_bfs,712831801,512,54,458,1789,2000,2000,8,0.400000000,3323.308500000,3320.095500000,3317.896500000,2.199000000,3.213000000,6426,1.750000000,3.400481498,7.039375557,30.244822452,1.136881024,14.330466083,1.000000000
830,fixed_random_bfs,4664178243,512,45,467,1892,2000,2000,8,0.400000000,3323.308500000,3317.003000000,3314.960000000,2.043000000,6.305500000,12611,3.600000000,3.400481498,7.029500438,30.126348141,1.132146205,14.308657734,1.000000000
831,fixed_random_bfs,2424209390,512,52,460,1650,2000,2000,0,0.000000000,3323.308500000,3322.983000000,3322.983000000,0.000000000,0.325500000,651,0.250000000,3.400481498,7.053635950,30.121725347,1.169313779,14.360337625,1.000000000
832,fixed_random_bfs,3235485014,512,55,457,1657,2000,2000,15,0.750000000,3323.308500000,3322.699000000,3319.097500000,3.601500000,0.609500000,1219,1.600000000,3.400481498,5.012419848,21.380278049,0.866124022,10.208278768,1.000000000
833,fixed_random_bfs,8559015718,512,49,463,1460,2000,2000,0,0.000000000,3323.308500000,3322.741000000,3322.741000000,0.000000000,0.567500000,1135,0.350000000,3.400481498,5.013461293,21.391497496,0.771644667,10.210955665,1.000000000
834,fixed_random_bfs,368085355,512,55,457,1617,2000,2000,5,0.250000000,3323.308500000,3315.153000000,3313.713000000,1.440000000,8.155500000,16311,5.600000000,3.400481498,5.027663651,21.645075602,0.764939829,10.239476175,1.000000000
835,fixed_random_bfs,261187945,512,53,459,1850,2000,2000,0,0.000000000,3323.308500000,3323.214000000,3323.214000000,0.000000000,0.094500000,189,0.100000000,3.400481498,5.021177886,21.679782997,0.668777700,10.226610396,1.000000000
836,fixed_random_bfs,5495425441,512,63,449,2278,2000,2000,2,0.100000000,3323.308500000,3322.694500000,3322.227500000,0.467000000,0.614000000,1228,0.550000000,3.400481498,7.111859306,30.406533608,1.003349120,14.479579595,1.000000000
837,fixed_random_bfs,1895426602,512,40,472,682,2000,2000,0,0.000000000,3323.308500000,3323.213500000,3323.213500000,0.000000000,0.095000000,190,0.500000000,3.400481498,7.097769733,30.745988651,1.146359498,14.450576370,1.000000000
838,fixed_random_bfs,2264917058,512,62,450,2007,2000,2000,16,0.800000000,3323.308500000,3316.410000000,3312.439500000,3.970500000,6.898500000,13797,5.050000000,3.400481498,5.043296754,21.310192738,0.768036402,10.271604919,1.000000000
839,fixed_random_bfs,252016065,512,53,459,2653,2000,2000,3,0.150000000,3323.308500000,3322.891000000,3322.125500000,0.765500000,0.417500000,835,0.250000000,3.400481498,7.086358759,30.279280648,1.146326263,14.426124786,1.000000000
840,fixed_random_bfs,2059926481,512,62,450,2565,2000,2000,1,0.050000000,3323.308500000,3323.417000000,3323.170000000,0.247000000,-0.108500000,-217,0.050000000,3.400481498,5.036376436,21.633441099,0.775204634,10.258585690,1.000000000
841,fixed_random_bfs,261159022,512,56,456,1701,2000,2000,4,0.200000000,3323.308500000,3316.764500000,3315.794500000,0.970000000,6.544000000,13088,2.550000000,3.400481498,5.047946177,21.609783849,0.787265970,10.281429241,1.000000000
842,fixed_random_bfs,263985418,512,60,452,1713,2000,2000,16,0.800000000,3323.308500000,3308.801000000,3305.018500000,3.782500000,14.507500000,29015,10.100000000,3.400481498,5.024810759,21.547088107,0.671360634,10.234175447,1.000000000
843,fixed_random_bfs,2470394513,512,53,459,1655,2000,2000,8,0.400000000,3323.308500000,3314.654000000,3312.452000000,2.202000000,8.654500000,17309,6.250000000,3.400481498,7.133783069,30.169964046,1.287535664,14.523884350,1.000000000
844,fixed_random_bfs,4334560534,512,45,467,1235,2000,2000,7,0.350000000,3323.308500000,3319.247000000,3317.551500000,1.695500000,4.061500000,8123,2.650000000,3.400481498,5.043031847,21.512455552,0.814462502,10.270422846,1.000000000
845,fixed_random_bfs,250755880,512,36,476,639,2000,2000,112,5.600000000,3323.308500000,3279.323000000,3258.182000000,21.141000000,43.985500000,87971,28.800000000,3.400481498,5.005131504,21.279359102,0.806943599,10.183692238,1.000000000
846,fixed_random_bfs,3188221477,512,56,456,996,2000,2000,67,3.350000000,3323.308500000,3274.518500000,3262.709000000,11.809500000,48.790000000,97580,30.400000000,3.400481498,5.021507339,21.371433313,0.804512917,10.223120272,1.000000000
847,fixed_random_bfs,9272040577,512,42,470,1303,2000,2000,0,0.000000000,3323.308500000,3322.798500000,3322.798500000,0.000000000,0.510000000,1020,0.300000000,3.400481498,7.132630499,30.370576951,1.108750138,14.521985010,1.000000000
848,fixed_random_bfs,5493045897,512,35,477,933,2000,2000,1,0.050000000,3323.308500000,3317.688000000,3317.435000000,0.253000000,5.620500000,11241,3.200000000,3.400481498,5.049838880,21.717394756,0.788356634,10.286624118,1.000000000
849,fixed_random_bfs,2480086275,512,58,454,1396,2000,2000,0,0.000000000,3323.308500000,3323.105000000,3323.105000000,0.000000000,0.203500000,407,0.050000000,3.400481498,5.044828376,21.435558953,0.698786599,10.277657758,1.000000000
850,fixed_random_bfs,3243896896,512,39,473,767,2000,2000,5,0.250000000,3323.308500000,3318.553500000,3317.335000000,1.218500000,4.755000000,9510,2.750000000,3.400481498,5.046573258,21.596817558,0.791716512,10.279290802,1.000000000
851,fixed_random_bfs,5496018370,512,46,466,1340,2000,2000,1,0.050000000,3323.308500000,3322.687000000,3322.441000000,0.246000000,0.621500000,1243,0.650000000,3.400481498,5.061917427,21.474881851,0.782167929,10.310405399,1.000000000
852,fixed_random_bfs,253265995,512,63,449,3543,2000,2000,0,0.000000000,3323.308500000,3322.552000000,3322.552000000,0.000000000,0.756500000,1513,0.400000000,3.400481498,5.062331690,21.841774794,0.704115676,10.313837050,1.000000000
853,fixed_random_bfs,7210853318,512,52,460,1987,2000,2000,2,0.100000000,3323.308500000,3321.824500000,3321.079000000,0.745500000,1.484000000,2968,1.400000000,3.400481498,5.071798387,21.813254803,0.794508394,10.330747973,1.000000000
854,fixed_random_bfs,4332898188,512,50,462,1447,2000,2000,0,0.000000000,3323.308500000,3321.433500000,3321.433500000,0.000000000,1.875000000,3750,0.650000000,3.400481498,5.070822001,21.723560800,0.684078860,10.328452696,1.000000000
855,fixed_random_bfs,5893114055,512,47,465,1414,2000,2000,2,0.100000000,3323.308500000,3319.905500000,3319.439500000,0.466000000,3.403000000,6806,2.000000000,3.400481498,5.117079779,21.843736552,0.782227751,10.422838402,1.000000000
856,fixed_random_bfs,6993685404,512,44,468,890,2000,2000,23,1.150000000,3323.308500000,3310.122500000,3304.434500000,5.688000000,13.186000000,26372,6.700000000,3.400481498,6.986583930,29.325878138,1.108923195,14.221246334,1.000000000
857,fixed_random_bfs,739118799,512,50,462,598,2000,2000,114,5.700000000,3323.308500000,3279.645500000,3261.678500000,17.967000000,43.663000000,87326,25.600000000,3.400481498,6.978135165,29.845011850,1.114925440,14.189818231,1.000000000
858,fixed_random_bfs,4632950201,512,45,467,1604,2000,2000,0,0.000000000,3323.308500000,3322.558000000,3322.558000000,0.000000000,0.750500000,1501,0.400000000,3.400481498,5.008287399,21.432505810,0.776862655,10.198984762,1.000000000
859,fixed_random_bfs,261154311,512,61,451,1157,2000,2000,105,5.250000000,3323.308500000,3266.079500000,3247.190000000,18.889500000,57.229000000,114458,30.250000000,3.400481498,4.975313276,21.068329499,0.683535279,10.124960200,1.000000000
860,fixed_random_bfs,5870665563,512,49,463,1185,2000,2000,15,0.750000000,3323.308500000,3315.644000000,3312.011000000,3.633000000,7.664500000,15329,5.800000000,3.400481498,5.024646156,21.712427802,0.768939257,10.232386113,1.000000000
861,fixed_random_bfs,5493141226,512,55,457,1783,2000,2000,69,3.450000000,3323.308500000,3298.250500000,3281.230500000,17.020000000,25.058000000,50116,13.750000000,3.400481498,5.006952376,21.351530548,0.760276867,10.191232142,1.000000000
862,fixed_random_bfs,26098098,512,32,480,344,2000,2000,24,1.200000000,3323.308500000,3301.143500000,3295.851500000,5.292000000,22.165000000,44330,16.850000000,3.400481498,7.013317025,30.376072002,1.103250844,14.275765564,1.000000000
863,fixed_random_bfs,1402601168,512,53,459,1901,2000,2000,1,0.050000000,3323.308500000,3323.454000000,3323.204000000,0.250000000,-0.145500000,-291,0.050000000,3.400481498,5.025387079,21.378133795,0.768319126,10.236425122,1.000000000
864,fixed_random_bfs,8632902383,512,56,456,1574,2000,2000,0,0.000000000,3323.308500000,3323.183000000,3323.183000000,0.000000000,0.125500000,251,0.550000000,3.400481498,7.105346561,30.540286602,1.129763443,14.467373433,1.000000000
865,fixed_random_bfs,6412880561,512,59,453,1701,2000,2000,5,0.250000000,3323.308500000,3320.911000000,3319.955000000,0.956000000,2.397500000,4795,1.900000000,3.400481498,7.023250110,30.011004560,0.998130488,14.296526839,1.000000000
866,fixed_random_bfs,1394127133,512,32,480,510,2000,2000,17,0.850000000,3323.308500000,3323.665000000,3319.597000000,4.068000000,-0.356500000,-713,1.250000000,3.400481498,5.020894316,21.542480106,0.769790785,10.220442029,1.000000000
867,fixed_random_bfs,2437252806,512,38,474,877,2000,2000,1,0.050000000,3323.308500000,3323.086000000,3322.837500000,0.248500000,0.222500000,445,0.300000000,3.400481498,5.033182597,21.369552460,0.772222723,10.251450228,1.000000000
868,fixed_random_bfs,249721498,512,47,465,1271,2000,2000,0,0.000000000,3323.308500000,3323.308500000,3323.308500000,0.000000000,0.000000000,0,0.000000000,3.400481498,5.022503933,21.302405539,0.789880103,10.230523471,1.000000000
869,fixed_random_bfs,367783403,512,26,486,403,2000,2000,0,0.000000000,3323.308500000,3322.862000000,3322.862000000,0.000000000,0.446500000,893,0.150000000,3.400481498,7.052583840,30.251020555,1.159051541,14.357819644,1.000000000
870,fixed_random_bfs,261258730,512,48,464,1168,2000,2000,32,1.600000000,3323.308500000,3324.910000000,3316.572500000,8.337500000,-1.601500000,-3203,1.400000000,3.400481498,7.045552755,29.960687989,1.176784434,14.342736222,1.000000000
871,fixed_random_bfs,261151798,512,39,473,823,2000,2000,0,0.000000000,3323.308500000,3323.176500000,3323.176500000,0.000000000,0.132000000,264,0.200000000,3.400481498,7.047218686,30.328215143,1.138091442,14.346673648,1.000000000
872,fixed_random_bfs,8781276440,512,46,466,1074,2000,2000,17,0.850000000,3323.308500000,3311.485500000,3306.950500000,4.535000000,11.823000000,23646,6.250000000,3.400481498,6.972548142,30.229688102,1.311265713,14.192117807,1.000000000
873,fixed_random_bfs,4332992576,512,61,451,2634,2000,2000,7,0.350000000,3323.308500000,3321.478500000,3319.757500000,1.721000000,1.830000000,3660,1.800000000,3.400481498,5.049850661,21.672043949,0.720836563,10.284197819,1.000000000
874,fixed_random_bfs,1925397776,512,46,466,1065,2000,2000,4,0.200000000,3323.308500000,3316.994000000,3316.008000000,0.986000000,6.314500000,12629,2.550000000,3.400481498,6.990177706,30.113127139,1.161421265,14.228067807,1.000000000
875,fixed_random_bfs,1767033494,512,30,482,812,2000,2000,7,0.350000000,3323.308500000,3323.068000000,3321.278000000,1.790000000,0.240500000,481,0.250000000,3.400481498,5.010529539,21.651586595,0.824791154,10.203842620,1.000000000
876,fixed_random_bfs,5492720491,512,45,467,950,2000,2000,20,1.000000000,3323.308500000,3311.571500000,3307.370000000,4.201500000,11.737000000,23474,4.900000000,3.400481498,6.984223697,30.110462548,1.140889563,14.212245990,1.000000000
877,fixed_random_bfs,2427056336,512,38,474,1061,2000,2000,0,0.000000000,3323.308500000,3323.308500000,3323.308500000,0.000000000,0.000000000,0,0.000000000,3.400481498,5.042287140,21.672084600,0.711158727,10.270189161,1.000000000
878,fixed_random_bfs,5892566527,512,53,459,1612,2000,2000,38,1.900000000,3323.308500000,3294.700000000,3284.910000000,9.790000000,28.608500000,57217,15.300000000,3.400481498,6.993996855,30.019592708,1.137122773,14.231827859,1.000000000
879,fixed_random_bfs,365281698,512,53,459,1231,2000,2000,9,0.450000000,3323.308500000,3316.234500000,3313.881000000,2.353500000,7.074000000,14148,3.350000000,3.400481498,5.037459216,21.659274100,0.796435465,10.260524340,1.000000000
880,fixed_random_bfs,257108485,512,46,466,1015,2000,2000,57,2.850000000,3323.308500000,3300.604500000,3287.848500000,12.756000000,22.704000000,45408,12.300000000,3.400481498,5.038231966,21.557724903,0.797524263,10.258286512,1.000000000
881,fixed_random_bfs,27728979,512,52,460,1034,2000,2000,5,0.250000000,3323.308500000,3316.771500000,3315.860500000,0.911000000,6.537000000,13074,4.950000000,3.400481498,5.042232172,21.419541792,0.805130682,10.271034728,1.000000000
882,fixed_random_bfs,6842444169,512,51,461,1259,2000,2000,40,2.000000000,3323.308500000,3313.230500000,3304.860500000,8.370000000,10.078000000,20156,5.250000000,3.400481498,7.023222778,29.874717208,1.151050497,14.286906483,1.000000000
883,fixed_random_bfs,2287552797,512,30,482,406,2000,2000,28,1.400000000,3323.308500000,3323.576000000,3316.293000000,7.283000000,-0.267500000,-535,1.450000000,3.400481498,5.084179821,21.490781503,0.780944588,10.356212698,1.000000000
884,fixed_random_bfs,261351633,512,40,472,1263,2000,2000,8,0.400000000,3323.308500000,3312.713500000,3310.703500000,2.010000000,10.595000000,21190,4.800000000,3.400481498,5.072568125,21.531500843,0.773484485,10.330540732,1.000000000
885,fixed_random_bfs,7185483877,512,39,473,740,2000,2000,12,0.600000000,3323.308500000,3305.978000000,3303.106000000,2.872000000,17.330500000,34661,8.550000000,3.400481498,6.981056970,29.768697637,1.148368681,14.211247037,1.000000000
886,fixed_random_bfs,2276463726,512,49,463,1208,2000,2000,8,0.400000000,3323.308500000,3309.631000000,3308.492500000,1.138500000,13.677500000,27355,7.700000000,3.400481498,6.990362444,30.170408251,1.142237405,14.230078389,1.000000000
887,fixed_random_bfs,26794605,512,47,465,1236,2000,2000,38,1.900000000,3323.308500000,3295.351000000,3285.727500000,9.623500000,27.957500000,55915,15.750000000,3.400481498,5.056604416,21.486740349,0.758659946,10.297336026,1.000000000
888,fixed_random_bfs,8625790156,512,47,465,1341,2000,2000,53,2.650000000,3323.308500000,3294.275000000,3282.616500000,11.658500000,29.033500000,58067,17.000000000,3.400481498,5.066523103,21.560563456,0.672641237,10.316055732,1.000000000
889,fixed_random_bfs,619011820,512,48,464,675,2000,2000,110,5.500000000,3323.308500000,3265.028000000,3242.647500000,22.380500000,58.280500000,116561,29.150000000,3.400481498,6.974933756,29.972008348,0.970743790,14.184395032,1.000000000
890,fixed_random_bfs,4332690400,512,44,468,975,2000,2000,2,0.100000000,3323.308500000,3319.451500000,3318.967500000,0.484000000,3.857000000,7714,2.300000000,3.400481498,7.081261762,30.356717806,1.135247053,14.417419056,1.000000000
891,fixed_random_bfs,261267405,512,31,481,681,2000,2000,1,0.050000000,3323.308500000,3319.109000000,3318.862500000,0.246500000,4.199500000,8399,1.550000000,3.400481498,7.054189623,30.351665749,1.001388421,14.361500133,1.000000000
892,fixed_random_bfs,4034165814,512,60,452,2509,2000,2000,0,0.000000000,3323.308500000,3323.197000000,3323.197000000,0.000000000,0.111500000,223,0.150000000,3.400481498,5.107902331,21.634034655,0.686433397,10.405047107,1.000000000
893,fixed_random_bfs,261149741,512,33,479,689,2000,2000,0,0.000000000,3323.308500000,3323.281000000,3323.281000000,0.000000000,0.027500000,55,0.050000000,3.400481498,7.054898841,30.183492445,1.142074669,14.362723289,1.000000000
894,fixed_random_bfs,4121470137,512,63,449,2541,2000,2000,126,6.300000000,3323.308500000,3281.368000000,3249.142000000,32.226000000,41.940500000,83881,23.400000000,3.400481498,7.132410656,29.895534097,1.009576836,14.506844748,1.000000000
895,fixed_random_bfs,2386528553,512,41,471,1228,2000,2000,0,0.000000000,3323.308500000,3323.307500000,3323.307500000,0.000000000,0.001000000,2,0.050000000,3.400481498,7.092033182,30.165130959,1.136648833,14.438062734,1.000000000
896,fixed_random_bfs,2172902503,512,32,480,787,2000,2000,0,0.000000000,3323.308500000,3321.608000000,3321.608000000,0.000000000,1.700500000,3401,1.150000000,3.400481498,5.013457870,21.369773008,0.766155254,10.210584899,1.000000000
897,fixed_random_bfs,5871043170,512,42,470,884,2000,2000,1,0.050000000,3323.308500000,3321.142500000,3320.910500000,0.232000000,2.166000000,4332,2.150000000,3.400481498,5.004282662,21.610996261,0.761714270,10.191917364,1.000000000
898,fixed_random_bfs,261339802,512,37,475,796,2000,2000,3,0.150000000,3323.308500000,3320.386500000,3319.643500000,0.743000000,2.922000000,5844,1.400000000,3.400481498,5.039124414,21.667154809,0.760032713,10.262510581,1.000000000
899,fixed_random_bfs,6927923308,512,24,488,485,2000,2000,0,0.000000000,3323.308500000,3323.308500000,3323.308500000,0.000000000,0.000000000,0,0.000000000,3.400481498,5.014512371,21.648676092,0.743815160,10.213399966,1.000000000
900,fixed_random_bfs,261163058,512,31,481,628,2000,2000,9,0.450000000,3323.308500000,3315.093000000,3312.837000000,2.256000000,8.215500000,16431,4.250000000,3.400481498,7.055034235,29.527121398,1.114789004,14.364462747,1.000000000
901,fixed_random_bfs,1884321672,512,52,460,826,2000,2000,84,4.200000000,3323.308500000,3266.822500000,3250.897000000,15.925500000,56.486000000,112972,30.500000000,3.400481498,4.993453352,21.123701448,0.757268800,10.165468761,1.000000000
902,fixed_random_bfs,9252887577,512,65,447,571,2000,2000,1,0.050000000,3323.308500000,3322.323500000,3322.300500000,0.023000000,0.985000000,1970,0.700000000,3.400481498,5.031816149,21.550401906,0.776347016,10.249217705,1.000000000
903,fixed_random_bfs,704745744,512,47,465,519,2000,2000,44,2.200000000,3323.308500000,3274.252500000,3268.355000000,5.897500000,49.056000000,98112,27.350000000,3.400481498,5.054459982,21.640708304,0.766867565,10.289069476,1.000000000
904,fixed_random_bfs,2410191493,512,42,470,969,2000,2000,0,0.000000000,3323.308500000,3322.148000000,3322.148000000,0.000000000,1.160500000,2321,0.400000000,3.400481498,5.054576541,21.713117595,0.690144027,10.296449153,1.000000000
905,fixed_random_bfs,261260840,512,56,456,1511,2000,2000,2,0.100000000,3323.308500000,3320.889000000,3320.416000000,0.473000000,2.419500000,4839,1.550000000,3.400481498,5.037785534,21.509493651,0.815580466,10.259873127,1.000000000
906,fixed_random_bfs,5530095678,512,51,461,1421,2000,2000,0,0.000000000,3323.308500000,3322.430500000,3322.430500000,0.000000000,0.878000000,1756,0.400000000,3.400481498,5.037378719,21.646535910,0.801735653,10.259856060,1.000000000
907,fixed_random_bfs,1262464964,512,41,471,1372,2000,2000,3,0.150000000,3323.308500000,3321.959000000,3321.205500000,0.753500000,1.349500000,2699,0.600000000,3.400481498,5.001104227,21.251651452,0.706452819,10.184937664,1.000000000
908,fixed_random_bfs,5866182641,512,53,459,1246,2000,2000,0,0.000000000,3323.308500000,3321.579000000,3321.579000000,0.000000000,1.729500000,3459,0.650000000,3.400481498,5.039295295,21.958185100,0.798292456,10.265461177,1.000000000
909,fixed_random_bfs,253401399,512,45,467,1530,2000,2000,1,0.050000000,3323.308500000,3321.898000000,3321.646000000,0.252000000,1.410500000,2821,1.100000000,3.400481498,5.048369242,21.991745404,0.803290395,10.283019744,1.000000000
910,fixed_random_bfs,4276883026,512,52,460,1737,2000,2000,1,0.050000000,3323.308500000,3323.390500000,3323.143000000,0.247500000,-0.082000000,-164,0.050000000,3.400481498,5.038017364,21.896926704,0.688311161,10.262744003,1.000000000
911,fixed_random_bfs,261339598,512,59,453,1571,2000,2000,1,0.050000000,3323.308500000,3321.550000000,3321.308000000,0.242000000,1.758500000,3517,0.600000000,3.400481498,5.065722035,21.494661699,0.773065346,10.319844620,1.000000000
912,fixed_random_bfs,1562381470,512,39,473,749,2000,2000,16,0.800000000,3323.308500000,3320.487500000,3316.673000000,3.814500000,2.821000000,5642,2.000000000,3.400481498,5.071546489,21.541135903,0.888545156,10.329349357,1.000000000
913,fixed_random_bfs,261262157,512,46,466,1268,2000,2000,4,0.200000000,3323.308500000,3319.331500000,3318.343500000,0.988000000,3.977000000,7954,2.600000000,3.400481498,5.061130799,21.587334952,0.880250902,10.307869534,1.000000000
914,fixed_random_bfs,2462093305,512,48,464,1132,2000,2000,0,0.000000000,3323.308500000,3322.524000000,3322.524000000,0.000000000,0.784500000,1569,0.500000000,3.400481498,5.061745920,21.703586807,0.758975955,10.310057387,1.000000000
915,fixed_random_bfs,5701128373,512,33,479,608,2000,2000,94,4.700000000,3323.308500000,3259.431000000,3235.006000000,24.425000000,63.877500000,127755,26.300000000,3.400481498,6.907171415,29.541314900,1.111560574,14.053278801,1.000000000
916,fixed_random_bfs,4332607630,512,48,464,1045,2000,2000,1,0.050000000,3323.308500000,3310.628000000,3310.411000000,0.217000000,12.680500000,25361,5.850000000,3.400481498,7.001639989,29.619892201,1.130109440,14.252511704,1.000000000
917,fixed_random_bfs,5496464808,512,34,478,929,2000,2000,0,0.000000000,3323.308500000,3323.308500000,3323.308500000,0.000000000,0.000000000,0,0.000000000,3.400481498,7.057984905,30.112925150,1.134734418,14.369721944,1.000000000
918,fixed_random_bfs,9268847893,512,49,463,2118,2000,2000,0,0.000000000,3323.308500000,3323.308500000,3323.308500000,0.000000000,0.000000000,0,0.000000000,3.400481498,7.005286675,29.938654251,1.128576655,14.260750138,1.000000000
919,fixed_random_bfs,1977373042,512,45,467,1168,2000,2000,92,4.600000000,3323.308500000,3248.936000000,3227.453500000,21.482500000,74.372500000,148745,31.300000000,3.400481498,5.043876892,21.045344345,0.766415046,10.268325992,1.000000000
920,fixed_random_bfs,356949537,512,49,463,1456,2000,2000,11,0.550000000,3323.308500000,3313.671500000,3310.954500000,2.717000000,9.637000000,19274,6.250000000,3.400481498,7.047551462,30.068175950,1.153458648,14.345396638,1.000000000
921,fixed_random_bfs,1886252471,512,54,458,1741,2000,2000,7,0.350000000,3323.308500000,3314.912000000,3313.459500000,1.452500000,8.396500000,16793,5.400000000,3.400481498,7.065283984,30.107028309,1.025011467,14.383629327,1.000000000
922,fixed_random_bfs,261292554,512,48,464,1271,2000,2000,0,0.000000000,3323.308500000,3322.965000000,3322.965000000,0.000000000,0.343500000,687,0.100000000,3.400481498,7.018456584,30.269239453,1.145602651,14.288822567,1.000000000
923,fixed_random_bfs,5493015857,512,58,454,1616,2000,2000,2,0.100000000,3323.308500000,3322.623500000,3322.151000000,0.472500000,0.685000000,1370,0.600000000,3.400481498,6.974863811,29.925925096,1.006813257,14.197105198,1.000000000
924,fixed_random_bfs,261277989,512,28,484,363,2000,2000,5,0.250000000,3323.308500000,3322.367000000,3320.933500000,1.433500000,0.941500000,1883,0.550000000,3.400481498,6.983493267,30.122690504,0.990678003,14.213403692,1.000000000
925,fixed_random_bfs,8531005620,512,52,460,2032,2000,2000,0,0.000000000,3323.308500000,3323.259000000,3323.259000000,0.000000000,0.049500000,99,0.050000000,3.400481498,6.988949766,30.005568258,1.173907452,14.228782424,1.000000000
926,fixed_random_bfs,289549956,512,43,469,1104,2000,2000,1,0.050000000,3323.308500000,3322.565500000,3322.318500000,0.247000000,0.743000000,1486,0.650000000,3.400481498,7.008146851,29.899959849,1.136984042,14.265414059,1.000000000
927,fixed_random_bfs,5492735310,512,46,466,630,2000,2000,13,0.650000000,3323.308500000,3286.982000000,3284.228000000,2.754000000,36.326500000,72653,21.550000000,3.400481498,6.968028471,29.704274447,1.153349589,14.181447028,1.000000000
928,fixed_random_bfs,261132207,512,54,458,1532,2000,2000,21,1.050000000,3323.308500000,3303.047000000,3298.008500000,5.038500000,20.261500000,40523,10.500000000,3.400481498,7.011979543,29.917048603,1.003810705,14.271547694,1.000000000
929,fixed_random_bfs,261115198,512,50,462,1458,2000,2000,10,0.500000000,3323.308500000,3317.496500000,3314.810000000,2.686500000,5.812000000,11624,2.600000000,3.400481498,6.973059961,29.628103943,0.987273581,14.193414736,1.000000000
930,fixed_random_bfs,733295897,512,70,442,1887,2000,2000,0,0.000000000,3323.308500000,3322.559500000,3322.559500000,0.000000000,0.749000000,1498,0.450000000,3.400481498,7.042889463,29.856031993,1.093569734,14.337063040,1.000000000
931,fixed_random_bfs,9018086999,512,47,465,1567,2000,2000,0,0.000000000,3323.308500000,3323.167000000,3323.167000000,0.000000000,0.141500000,283,0.100000000,3.400481498,7.078641541,30.556431761,1.132484023,14.411948144,1.000000000
932,fixed_random_bfs,368372153,512,47,465,1137,2000,2000,0,0.000000000,3323.308500000,3323.076500000,3323.076500000,0.000000000,0.232000000,464,0.050000000,3.400481498,7.081756361,30.230914836,1.119936711,14.418499232,1.000000000
933,fixed_random_bfs,9268972339,512,53,459,1628,2000,2000,15,0.750000000,3323.308500000,3318.030000000,3314.284000000,3.746000000,5.278500000,10557,3.050000000,3.400481498,7.099313455,30.004397789,1.152605224,14.451657690,1.000000000
934,fixed_random_bfs,261149697,512,57,455,1581,2000,2000,6,0.300000000,3323.308500000,3316.638500000,3315.191500000,1.447000000,6.670000000,13340,3.850000000,3.400481498,4.999804766,21.112196444,0.782759581,10.182917403,1.000000000
935,fixed_random_bfs,2763340316,512,34,478,933,2000,2000,103,5.150000000,3323.308500000,3284.938000000,3257.585000000,27.353000000,38.370500000,76741,23.900000000,3.400481498,4.971018481,21.186436003,0.791007621,10.119878721,1.000000000
936,fixed_random_bfs,261118314,512,48,464,1773,2000,2000,5,0.250000000,3323.308500000,3321.145500000,3319.881500000,1.264000000,2.163000000,4326,1.550000000,3.400481498,5.000193668,21.548433756,0.768489799,10.184414441,1.000000000
937,fixed_random_bfs,367740196,512,48,464,1379,2000,2000,0,0.000000000,3323.308500000,3323.262500000,3323.262500000,0.000000000,0.046000000,92,0.100000000,3.400481498,5.013413014,21.701240910,0.774327489,10.211786449,1.000000000
938,fixed_random_bfs,345098470,512,57,455,1691,2000,2000,7,0.350000000,3323.308500000,3314.797000000,3313.031000000,1.766000000,8.511500000,17023,5.900000000,3.400481498,7.114118434,30.078801900,1.137201906,14.484644792,1.000000000
939,fixed_random_bfs,8481070057,512,36,476,582,2000,2000,0,0.000000000,3323.308500000,3323.307000000,3323.307000000,0.000000000,0.001500000,3,0.050000000,3.400481498,7.124790674,30.529049547,1.137412275,14.506875593,1.000000000
940,fixed_random_bfs,2180439086,512,57,455,1819,2000,2000,6,0.300000000,3323.308500000,3319.048000000,3318.078000000,0.970000000,4.260500000,8521,2.500000000,3.400481498,5.040105001,21.507547798,0.782124965,10.265952428,1.000000000
941,fixed_random_bfs,1959945901,512,54,458,1147,2000,2000,133,6.650000000,3323.308500000,3260.827000000,3228.669000000,32.158000000,62.481500000,124963,30.400000000,3.400481498,4.987156556,21.198004694,0.788212953,10.145977034,1.000000000
942,fixed_random_bfs,9297377520,512,47,465,1726,2000,2000,0,0.000000000,3323.308500000,3322.871000000,3322.871000000,0.000000000,0.437500000,875,0.200000000,3.400481498,5.031859047,21.432437087,0.773079291,10.250230234,1.000000000
943,fixed_random_bfs,677227295,512,63,449,2218,2000,2000,0,0.000000000,3323.308500000,3322.229000000,3322.229000000,0.000000000,1.079500000,2159,0.450000000,3.400481498,5.042542816,21.539603448,0.774488269,10.271695164,1.000000000
944,fixed_random_bfs,713334253,512,53,459,928,2000,2000,138,6.900000000,3323.308500000,3257.977500000,3226.622500000,31.355000000,65.331000000,130662,29.450000000,3.400481498,4.996814582,20.917946652,0.782807547,10.164130011,1.000000000
945,fixed_random_bfs,365061644,512,46,466,1176,2000,2000,1,0.050000000,3323.308500000,3321.997000000,3321.751000000,0.246000000,1.311500000,2623,0.800000000,3.400481498,5.011877819,21.246759693,0.777892107,10.206431723,1.000000000
946,fixed_random_bfs,368016158,512,62,450,1796,2000,2000,0,0.000000000,3323.308500000,3321.935000000,3321.935000000,0.000000000,1.373500000,2747,0.700000000,3.400481498,5.047095143,21.947247739,0.777628847,10.279611642,1.000000000
947,fixed_random_bfs,347273233,512,50,462,1422,2000,2000,0,0.000000000,3323.308500000,3321.237500000,3321.237500000,0.000000000,2.071000000,4142,1.650000000,3.400481498,5.044625378,21.716840898,0.788851170,10.276315430,1.000000000
948,fixed_random_bfs,2437665432,512,52,460,1652,2000,2000,1,0.050000000,3323.308500000,3322.957000000,3322.721000000,0.236000000,0.351500000,703,0.300000000,3.400481498,5.066778206,21.929927453,0.771001608,10.320358683,1.000000000
949,fixed_random_bfs,5926551917,512,49,463,1174,2000,2000,19,0.950000000,3323.308500000,3314.799000000,3309.855500000,4.943500000,8.509500000,17019,4.750000000,3.400481498,5.032733184,21.850924487,0.798451426,10.250464421,1.000000000
950,fixed_random_bfs,2437601165,512,62,450,2092,2000,2000,1,0.050000000,3323.308500000,3321.724500000,3321.485000000,0.239500000,1.584000000,3168,1.750000000,3.400481498,5.073561412,21.400963003,0.773511646,10.335470033,1.000000000
951,fixed_random_bfs,9253429567,512,44,468,975,2000,2000,0,0.000000000,3323.308500000,3322.012000000,3322.012000000,0.000000000,1.296500000,2593,0.600000000,3.400481498,5.071311125,21.459144243,0.682823633,10.328509151,1.000000000
952,fixed_random_bfs,5978800441,512,48,464,1655,2000,2000,1,0.050000000,3323.308500000,3319.030500000,3318.780000000,0.250500000,4.278000000,8556,3.850000000,3.400481498,5.069830527,21.707972697,0.755408874,10.326331526,1.000000000
953,fixed_random_bfs,261137234,512,53,459,1769,2000,2000,3,0.150000000,3323.308500000,3320.884500000,3320.147500000,0.737000000,2.424000000,4848,1.800000000,3.400481498,5.070632371,21.873901300,0.670170566,10.327443485,1.000000000
954,fixed_random_bfs,8721374901,512,69,443,4101,2000,2000,0,0.000000000,3323.308500000,3323.308500000,3323.308500000,0.000000000,0.000000000,0,0.000000000,3.400481498,6.988830411,29.411917660,1.154963775,14.227495437,1.000000000
955,fixed_random_bfs,1967797035,512,54,458,1774,2000,2000,37,1.850000000,3323.308500000,3328.282500000,3316.831500000,11.451000000,-4.974000000,-9948,1.200000000,3.400481498,5.123434545,22.145482450,0.781488344,10.434493957,1.000000000
956,fixed_random_bfs,4332818848,512,46,466,1937,2000,2000,2,0.100000000,3323.308500000,3321.709500000,3320.690500000,1.019000000,1.599000000,3198,1.200000000,3.400481498,7.068232422,30.003853952,1.120929430,14.390147062,1.000000000
957,fixed_random_bfs,261122113,512,49,463,1307,2000,2000,0,0.000000000,3323.308500000,3323.077000000,3323.077000000,0.000000000,0.231500000,463,0.050000000,3.400481498,6.998788269,29.477537151,1.111921091,14.248777312,1.000000000
958,fixed_random_bfs,677227301,512,69,443,2099,2000,2000,0,0.000000000,3323.308500000,3322.248000000,3322.248000000,0.000000000,1.060500000,2121,0.450000000,3.400481498,7.038984012,30.079395851,1.146378032,14.328966595,1.000000000
959,fixed_random_bfs,2399008216,512,47,465,953,2000,2000,14,0.700000000,3323.308500000,3313.385000000,3310.057500000,3.327500000,9.923500000,19847,6.250000000,3.400481498,7.076423254,30.032632908,1.179268022,14.405163696,1.000000000
960,fixed_random_bfs,317350363,512,42,470,1301,2000,2000,0,0.000000000,3323.308500000,3322.609500000,3322.609500000,0.000000000,0.699000000,1398,0.150000000,3.400481498,5.014238625,21.329355437,0.791563650,10.213082955,1.000000000
961,fixed_random_bfs,261199946,512,35,477,730,2000,2000,0,0.000000000,3323.308500000,3323.070000000,3323.070000000,0.000000000,0.238500000,477,0.050000000,3.400481498,4.999116608,21.256746250,0.690356697,10.181744081,1.000000000
962,fixed_random_bfs,7911759430,512,47,465,1608,2000,2000,0,0.000000000,3323.308500000,3323.308500000,3323.308500000,0.000000000,0.000000000,0,0.000000000,3.400481498,7.055592781,30.409792758,1.152628060,14.364673639,1.000000000
963,fixed_random_bfs,9169043147,512,51,461,1570,2000,2000,78,3.900000000,3323.308500000,3263.976000000,3244.513500000,19.462500000,59.332500000,118665,26.050000000,3.400481498,7.026991601,30.012812053,1.145261950,14.296494906,1.000000000
964,fixed_random_bfs,709393088,512,45,467,412,2000,2000,11,0.550000000,3323.308500000,3284.146000000,3283.525500000,0.620500000,39.162500000,78325,36.400000000,3.400481498,6.920298166,29.803553448,1.124307823,14.085613144,1.000000000
965,fixed_random_bfs,2196305496,512,44,468,1038,2000,2000,3,0.150000000,3323.308500000,3313.209000000,3312.475000000,0.734000000,10.099500000,20199,4.900000000,3.400481498,5.002843168,21.348266645,0.763841778,10.188278611,1.000000000
966,fixed_random_bfs,3996540999,512,46,466,1726,2000,2000,0,0.000000000,3323.308500000,3323.307000000,3323.307000000,0.000000000,0.001500000,3,0.050000000,3.400481498,6.998606536,30.084367555,1.138385269,14.248338547,1.000000000
967,fixed_random_bfs,4839269795,512,46,466,1535,2000,2000,1,0.050000000,3323.308500000,3323.361000000,3323.111500000,0.249500000,-0.052500000,-105,0.050000000,3.400481498,5.020571882,21.502313943,0.791470981,10.225577832,1.000000000
968,fixed_random_bfs,261163674,512,40,472,910,2000,2000,2,0.100000000,3323.308500000,3320.271000000,3319.774000000,0.497000000,3.037500000,6075,1.850000000,3.400481498,7.013127807,30.128194749,1.138439897,14.277729049,1.000000000
969,fixed_random_bfs,8499816162,512,57,455,1552,2000,2000,20,1.000000000,3323.308500000,3311.722500000,3307.904000000,3.818500000,11.586000000,23172,6.950000000,3.400481498,6.993068326,29.729094850,0.993530555,14.234398140,1.000000000
970,fixed_random_bfs,369884633,512,44,468,911,2000,2000,15,0.750000000,3323.308500000,3310.428500000,3307.506500000,2.922000000,12.880000000,25760,5.950000000,3.400481498,7.012079495,30.009691547,1.125909985,14.270429310,1.000000000
971,fixed_random_bfs,261199951,512,24,488,441,2000,2000,0,0.000000000,3323.308500000,3323.070500000,3323.070500000,0.000000000,0.238000000,476,0.050000000,3.400481498,7.064108222,30.390197205,0.986494583,14.380921561,1.000000000
972,fixed_random_bfs,705879757,512,52,460,1691,2000,2000,12,0.600000000,3323.308500000,3318.430500000,3315.541500000,2.889000000,4.878000000,9756,3.400000000,3.400481498,7.050608302,30.376305792,1.112996541,14.353396897,1.000000000
973,fixed_random_bfs,4332656997,512,53,459,1689,2000,2000,3,0.150000000,3323.308500000,3317.349000000,3316.611000000,0.738000000,5.959500000,11919,2.700000000,3.400481498,5.029823932,21.221109800,0.759819636,10.242973987,1.000000000
974,fixed_random_bfs,2057008463,512,49,463,1812,2000,2000,0,0.000000000,3323.308500000,3322.810000000,3322.810000000,0.000000000,0.498500000,997,0.250000000,3.400481498,7.004281855,29.940483359,1.101277493,14.258394920,1.000000000
975,fixed_random_bfs,8551854147,512,50,462,1612,2000,2000,13,0.650000000,3323.308500000,3318.295000000,3314.613000000,3.682000000,5.013500000,10027,2.900000000,3.400481498,5.036385338,21.781978205,0.684137782,10.257870386,1.000000000
976,fixed_random_bfs,5493273555,512,39,473,848,2000,2000,0,0.000000000,3323.308500000,3322.091000000,3322.091000000,0.000000000,1.217500000,2435,0.500000000,3.400481498,5.054943789,21.708631093,0.765793088,10.296797004,1.000000000
977,fixed_random_bfs,261161818,512,53,459,2033,2000,2000,21,1.050000000,3323.308500000,3309.818000000,3304.682500000,5.135500000,13.490500000,26981,8.000000000,3.400481498,5.046589318,21.453604541,0.779086898,10.274500754,1.000000000
978,fixed_random_bfs,5817385906,512,47,465,1488,2000,2000,9,0.450000000,3323.308500000,3309.740500000,3308.052000000,1.688500000,13.568000000,27136,5.450000000,3.400481498,6.590399137,27.121786842,1.120705914,13.416337270,1.000000000
979,fixed_random_bfs,258955476,512,40,472,1161,2000,2000,101,5.050000000,3323.308500000,3277.940500000,3251.875000000,26.065500000,45.368000000,90736,19.050000000,3.400481498,5.006844445,21.494990852,0.799059145,10.189319417,1.000000000
980,fixed_random_bfs,2540374035,512,60,452,3423,2000,2000,5,0.250000000,3323.308500000,3321.145500000,3319.869000000,1.276500000,2.163000000,4326,1.350000000,3.400481498,5.026042029,21.589889242,0.805926393,10.236521140,1.000000000
981,fixed_random_bfs,1400349659,512,40,472,1163,2000,2000,0,0.000000000,3323.308500000,3323.308500000,3323.308500000,0.000000000,0.000000000,0,0.000000000,3.400481498,5.064803657,21.887588646,0.775778980,10.316019450,1.000000000
982,fixed_random_bfs,6230333902,512,51,461,773,2000,2000,24,1.200000000,3323.308500000,3275.961000000,3271.704000000,4.257000000,47.347500000,94695,28.500000000,3.400481498,5.010976310,21.502806245,0.802961429,10.206257421,1.000000000
983,fixed_random_bfs,261133180,512,10,502,90,2000,2000,0,0.000000000,3323.308500000,3323.308500000,3323.308500000,0.000000000,0.000000000,0,0.000000000,3.400481498,5.055313081,21.723046999,0.760522731,10.297574563,1.000000000
984,fixed_random_bfs,287214059,512,44,468,1305,2000,2000,19,0.950000000,3323.308500000,3314.007500000,3309.306000000,4.701500000,9.301000000,18602,4.000000000,3.400481498,5.053285857,21.721706248,0.705278285,10.290709650,1.000000000
985,fixed_random_bfs,6029113308,512,40,472,772,2000,2000,89,4.450000000,3323.308500000,3258.627500000,3239.445500000,19.182000000,64.681000000,129362,32.100000000,3.400481498,7.028663157,30.335271694,1.118073624,14.301993786,1.000000000
986,fixed_random_bfs,1607719805,512,43,469,1259,2000,2000,0,0.000000000,3323.308500000,3322.882500000,3322.882500000,0.000000000,0.426000000,852,0.200000000,3.400481498,7.097284084,30.368304302,1.106180278,14.451060971,1.000000000
987,fixed_random_bfs,261177784,512,67,445,1608,2000,2000,106,5.300000000,3323.308500000,3265.343000000,3248.188000000,17.155000000,57.965500000,115931,29.100000000,3.400481498,5.057672742,21.346292299,0.782989622,10.295020851,1.000000000
988,fixed_random_bfs,5492789903,512,47,465,1461,2000,2000,2,0.100000000,3323.308500000,3320.418500000,3319.926000000,0.492500000,2.890000000,5780,1.950000000,3.400481498,5.070473373,21.561110840,0.780224497,10.327824448,1.000000000
989,fixed_random_bfs,26793385,512,54,458,1248,2000,2000,7,0.350000000,3323.308500000,3308.974000000,3307.799500000,1.174500000,14.334500000,28669,11.900000000,3.400481498,5.071044551,21.629590158,0.766555869,10.325471240,1.000000000
990,fixed_random_bfs,4990641071,512,43,469,749,2000,2000,102,5.100000000,3323.308500000,3240.503500000,3217.477500000,23.026000000,82.805000000,165610,34.400000000,3.400481498,4.993266736,21.254905155,0.765149382,10.161747260,1.000000000
991,fixed_random_bfs,2316614795,512,48,464,1455,2000,2000,53,2.650000000,3323.308500000,3294.013500000,3280.421500000,13.592000000,29.295000000,58590,15.000000000,3.400481498,7.084383712,29.926484011,1.174460251,14.417556641,1.000000000
992,fixed_random_bfs,739194076,512,49,463,1570,2000,2000,38,1.900000000,3323.308500000,3290.575000000,3281.211500000,9.363500000,32.733500000,65467,22.450000000,3.400481498,7.095181384,29.818425001,1.163057330,14.441178035,1.000000000
993,fixed_random_bfs,2373184925,512,38,474,1061,2000,2000,0,0.000000000,3323.308500000,3323.292500000,3323.292500000,0.000000000,0.016000000,32,0.050000000,3.400481498,7.100208943,30.679441003,1.141507143,14.456504520,1.000000000
994,fixed_random_bfs,2279339842,512,45,467,1229,2000,2000,1,0.050000000,3323.308500000,3321.829000000,3321.583000000,0.246000000,1.479500000,2959,1.450000000,3.400481498,5.166974293,21.563939752,0.764077389,10.522919144,1.000000000
995,fixed_random_bfs,1255980733,512,46,466,1172,2000,2000,4,0.200000000,3323.308500000,3317.816000000,3316.826500000,0.989500000,5.492500000,10985,2.550000000,3.400481498,7.022402363,29.697646548,1.129515288,14.294139548,1.000000000
996,fixed_random_bfs,5833349831,512,37,475,602,2000,2000,35,1.750000000,3323.308500000,3308.190500000,3300.656500000,7.534000000,15.118000000,30236,9.300000000,3.400481498,5.002349197,20.952519657,0.770589512,10.183364020,1.000000000
997,fixed_random_bfs,8489218692,512,51,461,2028,2000,2000,7,0.350000000,3323.308500000,3313.773000000,3312.026000000,1.747000000,9.535500000,19071,5.050000000,3.400481498,5.021843355,21.228807095,0.798963561,10.227509183,1.000000000
998,fixed_random_bfs,261149698,512,53,459,1256,2000,2000,28,1.400000000,3323.308500000,3307.428000000,3301.328000000,6.100000000,15.880500000,31761,8.200000000,3.400481498,5.002034364,21.466846744,0.757239813,10.184332539,1.000000000
999,fixed_random_bfs,2402897347,512,38,474,971,2000,2000,6,0.300000000,3323.308500000,3323.016500000,3321.517500000,1.499000000,0.292000000,584,0.600000000,3.400481498,5.034215141,21.780677047,0.661610347,10.252924050,1.000000000
1000,fixed_random_bfs,734816043,512,33,479,902,2000,2000,0,0.000000000,3323.308500000,3322.859500000,3322.859500000,0.000000000,0.449000000,898,0.100000000,3.400481498,5.021075945,21.391797151,0.747482326,10.226609160,1.000000000
1001,fixed_random_bfs,5492762528,512,53,459,1818,2000,2000,9,0.450000000,3323.308500000,3306.525000000,3304.384500000,2.140500000,16.783500000,33567,10.100000000,3.400481498,5.028356878,21.784229308,0.774021346,10.238159286,1.000000000
1002,fixed_random_bfs,2286587309,512,32,480,627,2000,2000,2,0.100000000,3323.308500000,3321.396000000,3320.425000000,0.971000000,1.912500000,3825,1.300000000,3.400481498,5.028184531,21.624271360,0.769850333,10.242572848,1.000000000
1003,fixed_random_bfs,7956280319,512,40,472,1483,2000,2000,1,0.050000000,3323.308500000,3322.278000000,3322.022000000,0.256000000,1.030500000,2061,0.450000000,3.400481498,5.037229762,21.638715192,0.788036871,10.260729673,1.000000000
1004,fixed_random_bfs,261217624,512,40,472,1229,2000,2000,0,0.000000000,3323.308500000,3323.124000000,3323.124000000,0.000000000,0.184500000,369,0.200000000,3.400481498,7.091462684,30.430177443,0.991168159,14.438647455,1.000000000
1005,fixed_random_bfs,4332664542,512,44,468,1339,2000,2000,4,0.200000000,3323.308500000,3317.976500000,3316.732000000,1.244500000,5.332000000,10664,3.600000000,3.400481498,5.030489689,21.491016103,0.787376502,10.244715891,1.000000000
1006,fixed_random_bfs,6006133280,512,52,460,1535,2000,2000,3,0.150000000,3323.308500000,3321.885500000,3321.213500000,0.672000000,1.423000000,2846,0.900000000,3.400481498,5.018920914,21.375979658,0.789713473,10.221548976,1.000000000
1007,fixed_random_bfs,3196434312,512,34,478,789,2000,2000,0,0.000000000,3323.308500000,3323.308500000,3323.308500000,0.000000000,0.000000000,0,0.000000000,3.400481498,6.650150721,28.004307498,1.132397343,13.539943983,1.000000000
1008,fixed_random_bfs,261182407,512,37,475,1158,2000,2000,0,0.000000000,3323.308500000,3321.007500000,3321.007500000,0.000000000,2.301000000,4602,1.250000000,3.400481498,5.041898134,21.644791705,0.883781338,10.269784276,1.000000000
1009,fixed_random_bfs,5893133846,512,48,464,1308,2000,2000,2,0.100000000,3323.308500000,3319.926000000,3319.474500000,0.451500000,3.382500000,6765,2.250000000,3.400481498,5.054561417,21.543037246,0.690250928,10.297231871,1.000000000
1010,fixed_random_bfs,4187062645,512,46,466,1346,2000,2000,0,0.000000000,3323.308500000,3322.907500000,3322.907500000,0.000000000,0.401000000,802,0.100000000,3.400481498,5.048507445,21.566658401,0.785685069,10.283545760,1.000000000
1011,fixed_random_bfs,261150081,512,51,461,1348,2000,2000,0,0.000000000,3323.308500000,3323.186500000,3323.186500000,0.000000000,0.122000000,244,0.050000000,3.400481498,5.052462013,21.771969605,0.766476152,10.292440746,1.000000000
1012,fixed_random_bfs,2190712436,512,49,463,1768,2000,2000,2,0.100000000,3323.308500000,3317.716000000,3317.224000000,0.492000000,5.592500000,11185,4.100000000,3.400481498,5.056058384,21.726422088,0.780265788,10.300440341,1.000000000
1013,fixed_random_bfs,6318935736,512,51,461,1107,2000,2000,7,0.350000000,3323.308500000,3314.529500000,3313.458000000,1.071500000,8.779000000,17558,5.400000000,3.400481498,7.003310261,29.644243648,1.131839225,14.254794999,1.000000000
1014,fixed_random_bfs,2584233708,512,63,449,2485,2000,2000,37,1.850000000,3323.308500000,3287.432000000,3278.397000000,9.035000000,35.876500000,71753,19.150000000,3.400481498,5.079361129,21.577605452,0.803855884,10.343227281,1.000000000
1015,fixed_random_bfs,261151804,512,39,473,1037,2000,2000,0,0.000000000,3323.308500000,3323.251500000,3323.251500000,0.000000000,0.057000000,114,0.100000000,3.400481498,5.077209271,21.698414788,0.779526082,10.341564110,1.000000000
1016,fixed_random_bfs,4332885333,512,36,476,790,2000,2000,2,0.100000000,3323.308500000,3320.725000000,3320.048500000,0.676500000,2.583500000,5167,1.350000000,3.400481498,7.069646763,30.001539202,1.164308188,14.393342731,1.000000000
1017,fixed_random_bfs,261155189,512,54,458,1440,2000,2000,4,0.200000000,3323.308500000,3313.994000000,3313.115000000,0.879000000,9.314500000,18629,5.450000000,3.400481498,5.072136944,21.498298598,0.890755422,10.331268765,1.000000000
1018,fixed_random_bfs,1752049572,512,27,485,554,2000,2000,16,0.800000000,3323.308500000,3320.081500000,3315.530500000,4.551000000,3.227000000,6454,1.900000000,3.400481498,6.981587006,30.076848549,1.149172848,14.212046204,1.000000000
1019,fixed_random_bfs,387577574,512,56,456,1260,2000,2000,0,0.000000000,3323.308500000,3323.008000000,3323.008000000,0.000000000,0.300500000,601,0.250000000,3.400481498,7.056599745,30.514032651,1.171944848,14.365336834,1.000000000
1020,fixed_random_bfs,5493606625,512,61,451,2131,2000,2000,0,0.000000000,3323.308500000,3323.291000000,3323.291000000,0.000000000,0.017500000,35,0.050000000,3.400481498,7.040081507,30.602710307,1.182785618,14.332465313,1.000000000
1021,fixed_random_bfs,261169971,512,61,451,1879,2000,2000,2,0.100000000,3323.308500000,3321.923000000,3321.448000000,0.475000000,1.385500000,2771,1.650000000,3.400481498,6.983904769,29.999737451,1.176616483,14.216766859,1.000000000
1022,fixed_random_bfs,261209686,512,57,455,1611,2000,2000,1,0.050000000,3323.308500000,3322.590000000,3322.351000000,0.239000000,0.718500000,1437,0.450000000,3.400481498,7.022441720,30.302794856,1.175395389,14.295671916,1.000000000
1023,fixed_random_bfs,261214645,512,59,453,1839,2000,2000,0,0.000000000,3323.308500000,3323.043500000,3323.043500000,0.000000000,0.265000000,530,0.200000000,3.400481498,6.983604277,30.002265898,1.330239861,14.218148212,1.000000000
1024,fixed_random_bfs,7818589203,512,37,475,1156,2000,2000,1,0.050000000,3323.308500000,3323.520000000,3323.270000000,0.250000000,-0.211500000,-423,0.000000000,3.400481498,7.012210989,30.071408948,1.143069019,14.274540847,1.000000000
1025,fixed_random_bfs,1655436476,512,47,465,1139,2000,2000,11,0.550000000,3323.308500000,3297.241500000,3294.720000000,2.521500000,26.067000000,52134,13.700000000,3.400481498,6.991417231,29.966188842,1.122774719,14.230261919,1.000000000
1026,fixed_random_bfs,5980077973,512,50,462,2353,2000,2000,0,0.000000000,3323.308500000,3323.308500000,3323.308500000,0.000000000,0.000000000,0,0.000000000,3.400481498,7.021156606,30.185201606,1.125800491,14.294320967,1.000000000
1027,fixed_random_bfs,2266567740,512,56,456,1781,2000,2000,4,0.200000000,3323.308500000,3318.231000000,3317.261000000,0.970000000,5.077500000,10155,3.000000000,3.400481498,5.502316996,22.986451248,0.756739890,11.203789089,1.000000000
1028,fixed_random_bfs,5498875173,512,55,457,993,2000,2000,0,0.000000000,3323.308500000,3322.599000000,3322.599000000,0.000000000,0.709500000,1419,0.250000000,3.400481498,6.975660421,30.050103046,1.079282619,14.199712118,1.000000000
1029,fixed_random_bfs,736018738,512,50,462,1242,2000,2000,83,4.150000000,3323.308500000,3267.220500000,3248.936500000,18.284000000,56.088000000,112176,23.700000000,3.400481498,5.069967530,21.511687902,0.771637689,10.320294646,1.000000000
1030,fixed_random_bfs,4616380652,512,48,464,1453,2000,2000,3,0.150000000,3323.308500000,3322.354000000,3321.361000000,0.993000000,0.954500000,1909,1.000000000,3.400481498,7.103445338,30.480574053,1.139182628,14.462556953,1.000000000
1031,fixed_random_bfs,261222159,512,47,465,1051,2000,2000,0,0.000000000,3323.308500000,3323.076500000,3323.076500000,0.000000000,0.232000000,464,0.050000000,3.400481498,7.079009047,30.635542794,1.103694202,14.412863886,1.000000000
1032,fixed_random_bfs,5115166804,512,48,464,866,2000,2000,40,2.000000000,3323.308500000,3287.835500000,3278.731000000,9.104500000,35.473000000,70946,16.550000000,3.400481498,7.049473754,30.347279200,0.977879967,14.344972226,1.000000000
1033,fixed_random_bfs,9273512992,512,55,457,1164,2000,2000,27,1.350000000,3323.308500000,3305.044000000,3300.261000000,4.783000000,18.264500000,36529,9.900000000,3.400481498,7.145411446,30.423878046,1.151511293,14.544703947,1.000000000
1034,fixed_random_bfs,261318263,512,38,474,1262,2000,2000,0,0.000000000,3323.308500000,3322.903000000,3322.903000000,0.000000000,0.405500000,811,0.100000000,3.400481498,7.137701576,30.702412054,1.003820383,14.531715376,1.000000000
1035,fixed_random_bfs,305898855,512,53,459,1655,2000,2000,5,0.250000000,3323.308500000,3319.508000000,3318.033000000,1.475000000,3.800500000,7601,2.750000000,3.400481498,5.003548106,21.235157055,0.765392390,10.189735639,1.000000000
1036,fixed_random_bfs,261093629,512,60,452,1787,2000,2000,26,1.300000000,3323.308500000,3310.161500000,3304.522500000,5.639000000,13.147000000,26294,6.200000000,3.400481498,5.022431820,21.316044001,0.675567221,10.222618776,1.000000000
1037,fixed_random_bfs,7625584351,512,48,464,1643,2000,2000,2,0.100000000,3323.308500000,3321.541000000,3321.040500000,0.500500000,1.767500000,3535,1.150000000,3.400481498,5.002095023,21.303059346,0.770218607,10.188052702,1.000000000
1038,fixed_random_bfs,4332873452,512,55,457,1537,2000,2000,130,6.500000000,3323.308500000,3292.365500000,3261.299000000,31.066500000,30.943000000,61886,18.350000000,3.400481498,5.039664437,21.221760994,0.752744957,10.250858314,1.000000000
1039,fixed_random_bfs,261177304,512,49,463,1530,2000,2000,79,3.950000000,3323.308500000,3302.401000000,3281.525000000,20.876000000,20.907500000,41815,13.450000000,3.400481498,5.067982919,21.800804006,0.747269369,10.314203564,1.000000000
1040,fixed_random_bfs,288071382,512,47,465,1344,2000,2000,38,1.900000000,3323.308500000,3276.366000000,3267.398000000,8.968000000,46.942500000,93885,20.950000000,3.400481498,4.998613792,21.669395099,0.768319795,10.176852471,1.000000000
1041,fixed_random_bfs,2394653900,512,42,470,825,2000,2000,126,6.300000000,3323.308500000,3246.464000000,3216.109000000,30.355000000,76.844500000,153689,33.500000000,3.400481498,4.983518315,21.354616604,0.762188131,10.141471508,1.000000000
1042,fixed_random_bfs,261143286,512,39,473,909,2000,2000,59,2.950000000,3323.308500000,3279.461000000,3264.767000000,14.694000000,43.847500000,87695,19.450000000,3.400481498,5.004079436,21.463205101,0.661394683,10.188328225,1.000000000
1043,fixed_random_bfs,9203546719,512,33,479,682,2000,2000,0,0.000000000,3323.308500000,3323.308500000,3323.308500000,0.000000000,0.000000000,0,0.000000000,3.400481498,5.070467859,21.696005054,0.792609266,10.326768878,1.000000000
1044,fixed_random_bfs,261154545,512,42,470,743,2000,2000,17,0.850000000,3323.308500000,3307.371500000,3303.357000000,4.014500000,15.937000000,31874,7.300000000,3.400481498,5.021891150,21.383040401,0.791888797,10.225697840,1.000000000
1045,fixed_random_bfs,4335840638,512,35,477,561,2000,2000,0,0.000000000,3323.308500000,3323.100500000,3323.100500000,0.000000000,0.208000000,416,0.100000000,3.400481498,5.067094285,22.117400353,0.793248142,10.322727500,1.000000000
1046,fixed_random_bfs,305524146,512,57,455,1833,2000,2000,4,0.200000000,3323.308500000,3316.021000000,3315.079000000,0.942000000,7.287500000,14575,3.800000000,3.400481498,5.063175053,22.099336497,0.711606569,10.311114987,1.000000000
1047,fixed_random_bfs,8607502916,512,32,480,562,2000,2000,49,2.450000000,3323.308500000,3270.365000000,3258.231000000,12.134000000,52.943500000,105887,26.050000000,3.400481498,6.941450112,29.039826099,0.973523418,14.126812233,1.000000000
1048,fixed_random_bfs,7505809078,512,61,451,2663,2000,2000,4,0.200000000,3323.308500000,3320.409500000,3319.412500000,0.997000000,2.899000000,5798,2.250000000,3.400481498,5.061070225,21.758409149,0.820642398,10.308209316,1.000000000
1049,fixed_random_bfs,2198930096,512,63,449,3252,2000,2000,6,0.300000000,3323.308500000,3318.746500000,3317.236500000,1.510000000,4.562000000,9124,2.200000000,3.400481498,5.069837547,21.737418044,0.921416974,10.325132869,1.000000000
1050,fixed_random_bfs,261154169,512,43,469,1066,2000,2000,1,0.050000000,3323.308500000,3321.673000000,3321.430000000,0.243000000,1.635500000,3271,0.850000000,3.400481498,5.075504170,21.179470413,0.898395784,10.339397471,1.000000000
1051,fixed_random_bfs,1438064674,512,30,482,654,2000,2000,0,0.000000000,3323.308500000,3321.985500000,3321.985500000,0.000000000,1.323000000,2646,0.650000000,3.400481498,5.074461422,21.185708789,0.797792481,10.335575547,1.000000000
1052,fixed_random_bfs,1884637809,512,53,459,2452,2000,2000,6,0.300000000,3323.308500000,3313.476000000,3312.221500000,1.254500000,9.832500000,19665,5.200000000,3.400481498,5.070962534,21.378122599,0.800487001,10.327014856,1.000000000
1053,fixed_random_bfs,5498874338,512,46,466,1064,2000,2000,0,0.000000000,3323.308500000,3322.260500000,3322.260500000,0.000000000,1.048000000,2096,0.350000000,3.400481498,5.074457205,21.617578910,0.689633359,10.335760483,1.000000000
1054,fixed_random_bfs,1974927932,512,62,450,2421,2000,2000,2,0.100000000,3323.308500000,3319.232500000,3318.745000000,0.487500000,4.076000000,8152,2.050000000,3.400481498,5.041616426,21.791228895,0.698351549,10.267743502,1.000000000
1055,fixed_random_bfs,8251219915,512,44,468,1375,2000,2000,0,0.000000000,3323.308500000,3323.308500000,3323.308500000,0.000000000,0.000000000,0,0.000000000,3.400481498,7.055694271,30.256744743,1.115470054,14.364312040,1.000000000
1056,fixed_random_bfs,8709431499,512,70,442,4229,2000,2000,0,0.000000000,3323.308500000,3322.716500000,3322.716500000,0.000000000,0.592000000,1184,0.350000000,3.400481498,7.056696663,30.198725858,1.108661321,14.364006673,1.000000000
1057,fixed_random_bfs,2400928048,512,40,472,717,2000,2000,12,0.600000000,3323.308500000,3305.890500000,3302.812500000,3.078000000,17.418000000,34836,8.200000000,3.400481498,5.073813673,21.502485700,0.769546255,10.333593447,1.000000000
1058,fixed_random_bfs,1935895509,512,41,471,1189,2000,2000,4,0.200000000,3323.308500000,3322.621500000,3321.370000000,1.251500000,0.687000000,1374,1.000000000,3.400481498,7.020456724,30.274101208,1.124039293,14.290955285,1.000000000
1059,fixed_random_bfs,5361576699,512,32,480,931,2000,2000,3,0.150000000,3323.308500000,3322.875000000,3322.112500000,0.762500000,0.433500000,867,0.200000000,3.400481498,7.072565909,30.036713502,1.152357268,14.399262667,1.000000000
1060,fixed_random_bfs,2401539906,512,53,459,1858,2000,2000,70,3.500000000,3323.308500000,3281.395000000,3262.561000000,18.834000000,41.913500000,83827,22.450000000,3.400481498,6.975390762,30.041908696,1.157457276,14.193474303,1.000000000
1061,fixed_random_bfs,2174736617,512,55,457,1744,2000,2000,107,5.350000000,3323.308500000,3283.579000000,3260.368500000,23.210500000,39.729500000,79459,21.750000000,3.400481498,7.047459610,29.949220889,1.151305363,14.334113587,1.000000000
1062,fixed_random_bfs,261169002,512,46,466,1163,2000,2000,0,0.000000000,3323.308500000,3323.136500000,3323.136500000,0.000000000,0.172000000,344,0.200000000,3.400481498,6.994212555,29.833152000,1.130351274,14.238648260,1.000000000
1063,fixed_random_bfs,261303579,512,42,470,916,2000,2000,4,0.200000000,3323.308500000,3314.036000000,3313.106500000,0.929500000,9.272500000,18545,5.050000000,3.400481498,7.063739206,30.084839252,1.131673521,14.380779139,1.000000000
1064,fixed_random_bfs,365212210,512,42,470,1070,2000,2000,11,0.550000000,3323.308500000,3315.258000000,3312.297000000,2.961000000,8.050500000,16101,6.150000000,3.400481498,7.022367120,30.028589903,1.154787374,14.295255284,1.000000000
1065,fixed_random_bfs,733198275,512,55,457,2081,2000,2000,1,0.050000000,3323.308500000,3322.281000000,3322.033000000,0.248000000,1.027500000,2055,1.000000000,3.400481498,7.000415015,29.870377702,1.023135400,14.251269240,1.000000000
1066,fixed_random_bfs,261288779,512,48,464,1009,2000,2000,5,0.250000000,3323.308500000,3313.317000000,3311.921000000,1.396000000,9.991500000,19983,5.150000000,3.400481498,7.006897676,29.960107860,1.138195589,14.262399852,1.000000000
1067,fixed_random_bfs,8815131632,512,48,464,925,2000,2000,66,3.300000000,3323.308500000,3267.898500000,3259.904000000,7.994500000,55.410000000,110820,28.650000000,3.400481498,6.987239743,30.012505250,1.134621172,14.217154689,1.000000000
1068,fixed_random_bfs,2437421274,512,47,465,1207,2000,2000,1,0.050000000,3323.308500000,3322.595000000,3322.352500000,0.242500000,0.713500000,1427,0.500000000,3.400481498,7.001566666,30.025102147,1.109909195,14.251126106,1.000000000
1069,fixed_random_bfs,261114688,512,50,462,2305,2000,2000,0,0.000000000,3323.308500000,3323.308500000,3323.308500000,0.000000000,0.000000000,0,0.000000000,3.400481498,7.042832827,30.492927690,1.145158732,14.338927380,1.000000000
1070,fixed_random_bfs,261136293,512,51,461,1650,2000,2000,0,0.000000000,3323.308500000,3323.054500000,3323.054500000,0.000000000,0.254000000,508,0.150000000,3.400481498,5.576773476,24.135674653,0.772473896,11.355957704,1.000000000
1071,fixed_random_bfs,4333087178,512,51,461,1727,2000,2000,0,0.000000000,3323.308500000,3322.234500000,3322.234500000,0.000000000,1.074000000,2148,0.350000000,3.400481498,5.009713339,21.307066358,0.872220373,10.204996599,1.000000000
1072,fixed_random_bfs,1938960005,512,61,451,3087,2000,2000,0,0.000000000,3323.308500000,3322.852000000,3322.852000000,0.000000000,0.456500000,913,0.400000000,3.400481498,5.022869458,21.493815196,0.770679306,10.230951006,1.000000000
1073,fixed_random_bfs,5689964622,512,59,453,2508,2000,2000,0,0.000000000,3323.308500000,3322.817500000,3322.817500000,0.000000000,0.491000000,982,0.150000000,3.400481498,5.037822320,21.567223349,0.753617123,10.261200269,1.000000000
1074,fixed_random_bfs,261172207,512,41,471,1063,2000,2000,2,0.100000000,3323.308500000,3321.124500000,3320.628500000,0.496000000,2.184000000,4368,0.800000000,3.400481498,5.020784498,21.324453400,0.767106823,10.226510469,1.000000000
1075,fixed_random_bfs,315400616,512,60,452,1460,2000,2000,8,0.400000000,3323.308500000,3316.737500000,3314.896500000,1.841000000,6.571000000,13142,3.850000000,3.400481498,7.122010914,30.563712891,1.155713131,14.498655651,1.000000000
1076,fixed_random_bfs,2382775985,512,49,463,1449,2000,2000,2,0.100000000,3323.308500000,3322.691500000,3322.205500000,0.486000000,0.617000000,1234,0.600000000,3.400481498,5.027459413,21.508936846,0.786715162,10.240400539,1.000000000
1077,fixed_random_bfs,4626636995,512,43,469,1263,2000,2000,0,0.000000000,3323.308500000,3322.168000000,3322.168000000,0.000000000,1.140500000,2281,0.800000000,3.400481498,7.094677672,30.589455339,1.115557631,14.445547718,1.000000000
1078,fixed_random_bfs,371033963,512,40,472,940,2000,2000,0,0.000000000,3323.308500000,3323.084500000,3323.084500000,0.000000000,0.224000000,448,0.100000000,3.400481498,5.035616702,21.940899150,0.672840910,10.257633690,1.000000000
1079,fixed_random_bfs,6776291286,512,52,460,1732,2000,2000,8,0.400000000,3323.308500000,3316.257500000,3314.285000000,1.972500000,7.051000000,14102,3.850000000,3.400481498,5.046058508,21.742873300,0.759455833,10.278209999,1.000000000
1080,fixed_random_bfs,2404427657,512,37,475,967,2000,2000,0,0.000000000,3323.308500000,3322.042000000,3322.042000000,0.000000000,1.266500000,2533,0.700000000,3.400481498,7.124514995,30.312775003,1.123401362,14.504718684,1.000000000
1081,fixed_random_bfs,3259286845,512,44,468,1073,2000,2000,11,0.550000000,3323.308500000,3321.098000000,3318.541500000,2.556500000,2.210500000,4421,2.000000000,3.400481498,5.019695311,21.259959507,0.811157146,10.222636799,1.000000000
1082,fixed_random_bfs,261211264,512,73,439,4428,2000,2000,0,0.000000000,3323.308500000,3323.308500000,3323.308500000,0.000000000,0.000000000,0,0.000000000,3.400481498,5.050126213,21.476182600,0.829051086,10.285246162,1.000000000
1083,fixed_random_bfs,7811526864,512,43,469,1338,2000,2000,0,0.000000000,3323.308500000,3322.810000000,3322.810000000,0.000000000,0.498500000,997,0.150000000,3.400481498,5.073037818,22.012354245,0.785608451,10.332229748,1.000000000
1084,fixed_random_bfs,2869210430,512,49,463,1498,2000,2000,53,2.650000000,3323.308500000,3302.638500000,3288.810000000,13.828500000,20.670000000,41340,14.200000000,3.400481498,5.067652538,21.697482692,0.781769501,10.320523837,1.000000000
1085,fixed_random_bfs,2596258149,512,54,458,1338,2000,2000,17,0.850000000,3323.308500000,3311.509500000,3307.212000000,4.297500000,11.799000000,23598,6.100000000,3.400481498,7.117418738,29.662470541,1.009885336,14.486828926,1.000000000
1086,fixed_random_bfs,5496096203,512,46,466,1153,2000,2000,0,0.000000000,3323.308500000,3323.280500000,3323.280500000,0.000000000,0.028000000,56,0.050000000,3.400481498,5.054946323,21.461410303,0.786054058,10.297667810,1.000000000
1087,fixed_random_bfs,1783622602,512,58,454,1661,2000,2000,0,0.000000000,3323.308500000,3322.006500000,3322.006500000,0.000000000,1.302000000,2604,0.900000000,3.400481498,5.054615608,21.598024860,0.683129674,10.295566010,1.000000000
1088,fixed_random_bfs,5495434203,512,55,457,1899,2000,2000,8,0.400000000,3323.308500000,3315.332000000,3313.121500000,2.210500000,7.976500000,15953,4.550000000,3.400481498,7.139539312,30.243071795,1.129777992,14.533878690,1.000000000
1089,fixed_random_bfs,497398793,512,65,447,3428,2000,2000,3,0.150000000,3323.308500000,3319.729500000,3318.982500000,0.747000000,3.579000000,7158,2.450000000,3.400481498,5.075849530,21.429933303,0.704870403,10.339162145,1.000000000
1090,fixed_random_bfs,8559123563,512,57,455,1906,2000,2000,1,0.050000000,3323.308500000,3322.966500000,3322.728500000,0.238000000,0.342000000,684,0.300000000,3.400481498,5.081929087,21.209621795,0.797255992,10.350455894,1.000000000
1091,fixed_random_bfs,4334461938,512,47,465,976,2000,2000,10,0.500000000,3323.308500000,3314.267500000,3312.342500000,1.925000000,9.041000000,18082,4.150000000,3.400481498,5.077431544,21.398903399,0.782788854,10.340147284,1.000000000
1092,fixed_random_bfs,5716468548,512,34,478,1089,2000,2000,2,0.100000000,3323.308500000,3322.965500000,3322.453500000,0.512000000,0.343000000,686,0.200000000,3.400481498,5.096847155,21.629195299,0.781718619,10.381293143,1.000000000
1093,fixed_random_bfs,4337116987,512,42,470,1374,2000,2000,0,0.000000000,3323.308500000,3321.992500000,3321.992500000,0.000000000,1.316000000,2632,0.550000000,3.400481498,5.070628877,21.809039456,0.762804975,10.327895810,1.000000000
1094,fixed_random_bfs,257381547,512,49,463,834,2000,2000,131,6.550000000,3323.308500000,3270.786500000,3247.956000000,22.830500000,52.522000000,105044,25.650000000,3.400481498,5.081670025,21.455584856,0.784997318,10.339051709,1.000000000
1095,fixed_random_bfs,2418138340,512,62,450,1731,2000,2000,2,0.100000000,3323.308500000,3322.701500000,3322.241500000,0.460000000,0.607000000,1214,0.500000000,3.400481498,5.058998456,21.426611450,1.226656201,10.304493414,1.000000000
1096,fixed_random_bfs,369879006,512,45,467,1304,2000,2000,34,1.700000000,3323.308500000,3300.113500000,3291.506000000,8.607500000,23.195000000,46390,11.850000000,3.400481498,4.996621807,21.272652509,0.681890008,10.172851205,1.000000000
1097,fixed_random_bfs,351097920,512,43,469,1006,2000,2000,0,0.000000000,3323.308500000,3322.361500000,3322.361500000,0.000000000,0.947000000,1894,0.350000000,3.400481498,7.083250877,30.371048597,1.097606031,14.421597253,1.000000000
1098,fixed_random_bfs,261140891,512,45,467,1205,2000,2000,0,0.000000000,3323.308500000,3322.430000000,3322.430000000,0.000000000,0.878500000,1757,0.550000000,3.400481498,5.004610928,21.218191560,0.760964911,10.193586211,1.000000000
1099,fixed_random_bfs,1647790180,512,60,452,376,2000,2000,13,0.650000000,3323.308500000,3280.377500000,3279.825000000,0.552500000,42.931000000,85862,30.900000000,3.400481498,6.997996710,29.983348651,1.085177769,14.243349493,1.000000000
1100,fixed_random_bfs,5492702442,512,49,463,1088,2000,2000,0,0.000000000,3323.308500000,3321.644500000,3321.644500000,0.000000000,1.664000000,3328,1.000000000,3.400481498,5.020746303,21.329431851,0.754047837,10.226032960,1.000000000
1101,fixed_random_bfs,5498755749,512,47,465,1493,2000,2000,0,0.000000000,3323.308500000,3323.305000000,3323.305000000,0.000000000,0.003500000,7,0.050000000,3.400481498,6.996918504,29.759779459,1.123832739,14.244511264,1.000000000
1102,fixed_random_bfs,734833304,512,56,456,1654,2000,2000,0,0.000000000,3323.308500000,3321.548000000,3321.548000000,0.000000000,1.760500000,3521,0.850000000,3.400481498,5.040106386,21.465226940,0.877382957,10.264872311,1.000000000
1103,fixed_random_bfs,5890849514,512,67,445,3031,2000,2000,46,2.300000000,3323.308500000,3286.136000000,3274.480000000,11.656000000,37.172500000,74345,21.050000000,3.400481498,5.063935762,21.431195656,0.807228702,10.310958848,1.000000000
1104,fixed_random_bfs,408452344,512,47,465,1372,2000,2000,2,0.100000000,3323.308500000,3321.368000000,3320.888500000,0.479500000,1.940500000,3881,1.100000000,3.400481498,7.023827963,30.350567502,1.144310354,14.298883756,1.000000000
1105,fixed_random_bfs,9320998266,512,64,448,2174,2000,2000,11,0.550000000,3323.308500000,3321.149500000,3318.526500000,2.623000000,2.159000000,4318,3.350000000,3.400481498,5.038397312,21.469566048,0.770921354,10.261970855,1.000000000
1106,fixed_random_bfs,261152700,512,65,447,2185,2000,2000,0,0.000000000,3323.308500000,3322.102500000,3322.102500000,0.000000000,1.206000000,2412,0.500000000,3.400481498,5.054283240,21.767483461,0.756595920,10.295130172,1.000000000
1107,fixed_random_bfs,365005051,512,48,464,1016,2000,2000,2,0.100000000,3323.308500000,3322.663500000,3322.180500000,0.483000000,0.645000000,1290,0.550000000,3.400481498,7.097268345,30.067131561,1.171278801,14.448170866,1.000000000
1108,fixed_random_bfs,5492734449,512,59,453,1737,2000,2000,57,2.850000000,3323.308500000,3309.559500000,3294.903500000,14.656000000,13.749000000,27498,10.850000000,3.400481498,7.016076961,29.819765355,1.167825725,14.273928453,1.000000000
1109,fixed_random_bfs,1249540652,512,45,467,1684,2000,2000,0,0.000000000,3323.308500000,3321.521500000,3321.521500000,0.000000000,1.787000000,3574,0.750000000,3.400481498,7.050608501,30.374063792,1.160111616,14.352998972,1.000000000
1110,fixed_random_bfs,2294317376,512,26,486,258,2000,2000,91,4.550000000,3323.308500000,3254.714500000,3232.534500000,22.180000000,68.594000000,137188,27.000000000,3.400481498,6.916635220,30.248434445,1.181332150,14.067906155,1.000000000
1111,fixed_random_bfs,6340822719,512,38,474,1299,2000,2000,0,0.000000000,3323.308500000,3323.034000000,3323.034000000,0.000000000,0.274500000,549,0.150000000,3.400481498,7.067664630,30.503623509,1.151734396,14.390284636,1.000000000
1112,fixed_random_bfs,7465373644,512,50,462,1415,2000,2000,2,0.100000000,3323.308500000,3316.365000000,3315.872000000,0.493000000,6.943500000,13887,2.400000000,3.400481498,7.003048546,30.425032495,1.146193820,14.255683213,1.000000000
1113,fixed_random_bfs,5894969538,512,46,466,1414,2000,2000,0,0.000000000,3323.308500000,3323.075500000,3323.075500000,0.000000000,0.233000000,466,0.050000000,3.400481498,7.032193884,30.558544744,1.192298724,14.317399334,1.000000000
1114,fixed_random_bfs,262186823,512,35,477,995,2000,2000,10,0.500000000,3323.308500000,3306.168500000,3303.720500000,2.448000000,17.140000000,34280,7.350000000,3.400481498,5.021758123,21.340479548,0.688567872,10.225914116,1.000000000
1115,fixed_random_bfs,406121298,512,48,464,1273,2000,2000,21,1.050000000,3323.308500000,3309.279500000,3304.218500000,5.061000000,14.029000000,28058,9.750000000,3.400481498,5.057080931,21.608006136,0.695245574,10.297752940,1.000000000
1116,fixed_random_bfs,256181097,512,49,463,1769,2000,2000,7,0.350000000,3323.308500000,3314.597500000,3312.839500000,1.758000000,8.711000000,17422,4.850000000,3.400481498,7.037208012,30.318899643,1.165472867,14.324693303,1.000000000
1117,fixed_random_bfs,2437421231,512,47,465,1272,2000,2000,1,0.050000000,3323.308500000,3322.224500000,3321.738000000,0.486500000,1.084000000,2168,0.850000000,3.400481498,7.036079217,29.978069694,1.166512107,14.324330725,1.000000000
1118,fixed_random_bfs,266651092,512,38,474,663,2000,2000,0,0.000000000,3323.308500000,3322.412500000,3322.412500000,0.000000000,0.896000000,1792,0.500000000,3.400481498,5.059516344,21.548957397,0.794998127,10.305639202,1.000000000
1119,fixed_random_bfs,268166094,512,48,464,1808,2000,2000,0,0.000000000,3323.308500000,3322.742000000,3322.742000000,0.000000000,0.566500000,1133,0.350000000,3.400481498,5.063607227,21.558384746,0.788657620,10.316217451,1.000000000
1120,fixed_random_bfs,6341925902,512,36,476,349,2000,2000,0,0.000000000,3323.308500000,3320.130000000,3320.130000000,0.000000000,3.178500000,6357,3.300000000,3.400481498,6.970992112,30.152188447,1.271147367,14.189692621,1.000000000
1121,fixed_random_bfs,2378557056,512,37,475,877,2000,2000,0,0.000000000,3323.308500000,3323.308500000,3323.308500000,0.000000000,0.000000000,0,0.000000000,3.400481498,5.077025875,21.979218013,0.801418686,10.341876695,1.000000000
1122,fixed_random_bfs,261117444,512,52,460,1449,2000,2000,4,0.200000000,3323.308500000,3318.132500000,3317.147000000,0.985500000,5.176000000,10352,2.500000000,3.400481498,7.023539837,30.306896538,1.165185946,14.298249931,1.000000000
1123,fixed_random_bfs,261142376,512,33,479,307,2000,2000,0,0.000000000,3323.308500000,3323.068000000,3323.068000000,0.000000000,0.240500000,481,0.100000000,3.400481498,5.052494888,21.962835898,0.779292453,10.290393193,1.000000000
1124,fixed_random_bfs,261318329,512,31,481,814,2000,2000,1,0.050000000,3323.308500000,3322.153500000,3321.899500000,0.254000000,1.155000000,2310,0.750000000,3.400481498,5.067036069,21.509938256,0.776239488,10.323514100,1.000000000
1125,fixed_random_bfs,1640004518,512,48,464,1015,2000,2000,27,1.350000000,3323.308500000,3293.984000000,3287.809500000,6.174500000,29.324500000,58649,15.800000000,3.400481498,5.045705088,21.404291250,0.680527843,10.275729694,1.000000000
1126,fixed_random_bfs,261146840,512,40,472,1030,2000,2000,1,0.050000000,3323.308500000,3320.993500000,3320.750500000,0.243000000,2.315000000,4630,0.750000000,3.400481498,5.078692121,21.658513856,0.786943958,10.344338879,1.000000000
1127,fixed_random_bfs,1536820557,512,55,457,1818,2000,2000,27,1.350000000,3323.308500000,3298.622500000,3291.489500000,7.133000000,24.686000000,49372,14.800000000,3.400481498,5.071582674,21.647909348,0.770925722,10.328884018,1.000000000
1128,fixed_random_bfs,5892628808,512,44,468,1487,2000,2000,6,0.300000000,3323.308500000,3289.356000000,3287.860500000,1.495500000,33.952500000,67905,16.200000000,3.400481498,7.038134264,30.190367596,1.177832634,14.326834913,1.000000000
1129,fixed_random_bfs,261170554,512,54,458,1537,2000,2000,46,2.300000000,3323.308500000,3305.650500000,3293.457000000,12.193500000,17.658000000,35316,9.950000000,3.400481498,7.046054765,30.103902751,1.126741097,14.337913063,1.000000000
1130,fixed_random_bfs,271145540,512,41,471,773,2000,2000,171,8.550000000,3323.308500000,3289.869000000,3254.690000000,35.179000000,33.439500000,66879,24.300000000,3.400481498,5.016963902,21.334446255,0.777437485,10.206884042,1.000000000
1131,fixed_random_bfs,7327191689,512,48,464,852,2000,2000,142,7.100000000,3323.308500000,3249.769500000,3220.510500000,29.259000000,73.539000000,147078,31.000000000,3.400481498,6.990975943,29.661059449,1.139895028,14.214337885,1.000000000
1132,fixed_random_bfs,391366425,512,52,460,1857,2000,2000,7,0.350000000,3323.308500000,3299.828500000,3298.861000000,0.967500000,23.480000000,46960,12.500000000,3.400481498,5.094331236,21.902463309,0.692255615,10.374728543,1.000000000
1133,fixed_random_bfs,7649225325,512,38,474,1297,2000,2000,57,2.850000000,3323.308500000,3269.893500000,3254.703500000,15.190000000,53.415000000,106830,29.250000000,3.400481498,5.010139395,20.877144040,0.672644027,10.201774330,1.000000000
1134,fixed_random_bfs,261288755,512,43,469,912,2000,2000,7,0.350000000,3323.308500000,3316.245500000,3314.068000000,2.177500000,7.063000000,14126,4.750000000,3.400481498,7.086646214,30.265057303,1.108332318,14.428137018,1.000000000
1135,fixed_random_bfs,261198872,512,51,461,2079,2000,2000,0,0.000000000,3323.308500000,3323.308500000,3323.308500000,0.000000000,0.000000000,0,0.000000000,3.400481498,7.090880410,30.074230797,1.117733928,14.436190585,1.000000000
1136,fixed_random_bfs,1992606964,512,58,454,1659,2000,2000,4,0.200000000,3323.308500000,3316.964500000,3315.774000000,1.190500000,6.344000000,12688,4.300000000,3.400481498,5.026414188,21.389882550,0.765156251,10.237668343,1.000000000
1137,fixed_random_bfs,261185742,512,59,453,1576,2000,2000,0,0.000000000,3323.308500000,3322.679500000,3322.679500000,0.000000000,0.629000000,1258,0.300000000,3.400481498,5.013427398,21.300043343,0.778138456,10.211180830,1.000000000
1138,fixed_random_bfs,2086586219,512,50,462,1385,2000,2000,15,0.750000000,3323.308500000,3315.193500000,3310.819500000,4.374000000,8.115000000,16230,4.450000000,3.400481498,5.032646964,21.429607100,0.770251547,10.247282990,1.000000000
1139,fixed_random_bfs,716929551,512,49,463,1244,2000,2000,1,0.050000000,3323.308500000,3322.393000000,3322.160000000,0.233000000,0.915500000,1831,0.400000000,3.400481498,5.036935357,21.538305108,0.685356927,10.259093952,1.000000000
1140,fixed_random_bfs,3555358066,512,44,468,1231,2000,2000,2,0.100000000,3323.308500000,3322.492000000,3321.995000000,0.497000000,0.816500000,1633,0.650000000,3.400481498,5.020843750,21.453612213,0.685508483,10.224729310,1.000000000
1141,fixed_random_bfs,708314290,512,59,453,2361,2000,2000,81,4.050000000,3323.308500000,3272.486000000,3251.677500000,20.808500000,50.822500000,101645,24.400000000,3.400481498,5.040014952,21.341567700,0.766422475,10.258226227,1.000000000
1142,fixed_random_bfs,4226924439,512,42,470,747,2000,2000,14,0.700000000,3323.308500000,3286.702500000,3283.632500000,3.070000000,36.606000000,73212,19.500000000,3.400481498,5.010989608,21.624502853,0.739007235,10.205337656,1.000000000
1143,fixed_random_bfs,1314248313,512,40,472,1229,2000,2000,1,0.050000000,3323.308500000,3319.537500000,3319.285000000,0.252500000,3.771000000,7542,3.500000000,3.400481498,5.018522217,21.178800555,0.768511450,10.220414890,1.000000000
1144,fixed_random_bfs,5495786891,512,68,444,1716,2000,2000,0,0.000000000,3323.308500000,3322.779500000,3322.779500000,0.000000000,0.529000000,1058,0.300000000,3.400481498,5.045639778,21.468342954,0.758828469,10.276567910,1.000000000
1145,fixed_random_bfs,6343133156,512,39,473,797,2000,2000,6,0.300000000,3323.308500000,3309.790000000,3308.626000000,1.164000000,13.518500000,27037,6.600000000,3.400481498,5.031227265,21.599609900,0.787701300,10.245682681,1.000000000
1146,fixed_random_bfs,468418855,512,48,464,1687,2000,2000,4,0.200000000,3323.308500000,3321.477000000,3320.486500000,0.990500000,1.831500000,3663,1.250000000,3.400481498,5.054743279,21.479130953,0.775218949,10.297082526,1.000000000
1147,fixed_random_bfs,2813507887,512,34,478,845,2000,2000,8,0.400000000,3323.308500000,3306.860000000,3304.949500000,1.910500000,16.448500000,32897,6.800000000,3.400481498,5.006905756,21.381454397,0.789481316,10.195612749,1.000000000
1148,fixed_random_bfs,7608453742,512,50,462,1377,2000,2000,0,0.000000000,3323.308500000,3323.077500000,3323.077500000,0.000000000,0.231000000,462,0.050000000,3.400481498,5.043920165,21.758113350,0.805034540,10.272958561,1.000000000
1149,fixed_random_bfs,6343393817,512,40,472,1031,2000,2000,6,0.300000000,3323.308500000,3309.518500000,3308.231500000,1.287000000,13.790000000,27580,6.500000000,3.400481498,5.050247077,21.140141560,0.780871412,10.285861071,1.000000000
1150,fixed_random_bfs,4183860322,512,41,471,1600,2000,2000,0,0.000000000,3323.308500000,3323.308500000,3323.308500000,0.000000000,0.000000000,0,0.000000000,3.400481498,5.053643393,21.525645197,0.776981182,10.293461674,1.000000000
1151,fixed_random_bfs,4424144420,512,52,460,1740,2000,2000,114,5.700000000,3323.308500000,3284.147000000,3257.533000000,26.614000000,39.161500000,78323,21.650000000,3.400481498,5.079021359,21.627048546,0.680876623,10.333406914,1.000000000
1152,fixed_random_bfs,7637266244,512,54,458,1537,2000,2000,36,1.800000000,3323.308500000,3309.060000000,3301.454000000,7.606000000,14.248500000,28497,7.500000000,3.400481498,6.797258331,29.234740556,1.118321215,13.825878648,1.000000000
1153,fixed_random_bfs,5495474065,512,39,473,890,2000,2000,6,0.300000000,3323.308500000,3322.900500000,3321.412500000,1.488000000,0.408000000,816,0.600000000,3.400481498,6.791177727,28.977128393,1.088271754,13.819425293,1.000000000
1154,fixed_random_bfs,261265774,512,50,462,1525,2000,2000,26,1.300000000,3323.308500000,3288.510500000,3282.163500000,6.347000000,34.798000000,69596,17.100000000,3.400481498,5.054311824,21.727361591,0.787994285,10.292536479,1.000000000
1155,fixed_random_bfs,5493462735,512,34,478,633,2000,2000,0,0.000000000,3323.308500000,3323.308500000,3323.308500000,0.000000000,0.000000000,0,0.000000000,3.400481498,6.702282566,28.476392647,1.253386442,13.638540469,1.000000000
1156,fixed_random_bfs,345514956,512,40,472,1194,2000,2000,18,0.900000000,3323.308500000,3310.849000000,3306.347000000,4.502000000,12.459500000,24919,5.750000000,3.400481498,6.675521470,28.519356201,1.134900117,13.580083501,1.000000000
1157,fixed_random_bfs,261114201,512,42,470,830,2000,2000,5,0.250000000,3323.308500000,3314.490000000,3313.298500000,1.191500000,8.818500000,17637,4.750000000,3.400481498,5.754137003,24.571323543,0.775005922,11.713705772,1.000000000
1158,fixed_random_bfs,6369524348,512,66,446,1141,2000,2000,4,0.200000000,3323.308500000,3313.907000000,3313.502000000,0.405000000,9.401500000,18803,5.900000000,3.400481498,6.621499528,28.663203706,1.006471055,13.472082676,1.000000000
1159,fixed_random_bfs,2174877692,512,52,460,1341,2000,2000,28,1.400000000,3323.308500000,3311.042500000,3303.539500000,7.503000000,12.266000000,24532,6.950000000,3.400481498,6.718521981,28.459677301,1.022597804,13.661300891,1.000000000
1160,fixed_random_bfs,261151250,512,51,461,1730,2000,2000,0,0.000000000,3323.308500000,3322.920000000,3322.920000000,0.000000000,0.388500000,777,0.300000000,3.400481498,6.659753578,28.648547699,1.027452778,13.552133626,1.000000000
1161,fixed_random_bfs,8627110425,512,44,468,705,2000,2000,115,5.750000000,3323.308500000,3241.963000000,3216.015000000,25.948000000,81.345500000,162691,35.550000000,3.400481498,6.515120475,27.661327103,1.153473824,13.245012014,1.000000000
1162,fixed_random_bfs,1884311454,512,54,458,904,2000,2000,106,5.300000000,3323.308500000,3275.581500000,3253.810000000,21.771500000,47.727000000,95454,25.500000000,3.400481498,5.030099671,21.212039500,0.775564451,10.237492875,1.000000000
1163,fixed_random_bfs,1511584444,512,41,471,980,2000,2000,0,0.000000000,3323.308500000,3323.294500000,3323.294500000,0.000000000,0.014000000,28,0.050000000,3.400481498,6.593703110,28.206209202,1.142403855,13.417295388,1.000000000
1164,fixed_random_bfs,2437421279,512,49,463,1019,2000,2000,2,0.100000000,3323.308500000,3322.368500000,3321.887500000,0.481000000,0.940000000,1880,0.750000000,3.400481498,6.627716395,28.828249007,1.302259634,13.486091671,1.000000000
1165,fixed_random_bfs,5853464090,512,41,471,1066,2000,2000,0,0.000000000,3323.308500000,3322.851000000,3322.851000000,0.000000000,0.457500000,915,0.450000000,3.400481498,6.627447588,28.342514510,1.011219055,13.485555050,1.000000000
1166,fixed_random_bfs,4332660441,512,59,453,2579,2000,2000,18,0.900000000,3323.308500000,3321.490500000,3317.508000000,3.982500000,1.818000000,3636,1.600000000,3.400481498,6.596212597,28.561936647,1.139852991,13.418511956,1.000000000
1167,fixed_random_bfs,1446668525,512,49,463,1292,2000,2000,5,0.250000000,3323.308500000,3320.260000000,3319.068000000,1.192000000,3.048500000,6097,2.150000000,3.400481498,6.600871405,28.497823198,1.132739543,13.430894385,1.000000000
1168,fixed_random_bfs,2418138331,512,60,452,1538,2000,2000,2,0.100000000,3323.308500000,3322.564000000,3322.137000000,0.427000000,0.744500000,1489,0.550000000,3.400481498,5.798852500,24.753323246,0.772207216,11.803543916,1.000000000
1169,fixed_random_bfs,2317748310,512,46,466,1137,2000,2000,0,0.000000000,3323.308500000,3321.871500000,3321.871500000,0.000000000,1.437000000,2874,0.400000000,3.400481498,6.530315004,28.067223301,0.967250933,13.285882540,1.000000000
1170,fixed_random_bfs,2350034957,512,39,473,1262,2000,2000,3,0.150000000,3323.308500000,3322.303000000,3321.295000000,1.008000000,1.005500000,2011,1.050000000,3.400481498,6.559135973,27.915524191,0.968682183,13.347115561,1.000000000
1171,fixed_random_bfs,1939012545,512,64,448,3593,2000,2000,0,0.000000000,3323.308500000,3322.720500000,3322.720500000,0.000000000,0.588000000,1176,0.250000000,3.400481498,6.183933952,25.470784902,1.009324225,12.584107867,1.000000000
1172,fixed_random_bfs,288990130,512,48,464,1854,2000,2000,0,0.000000000,3323.308500000,3321.397000000,3321.397000000,0.000000000,1.911500000,3823,1.100000000,3.400481498,6.135507947,25.795097740,1.267308343,12.486885339,1.000000000
1173,fixed_random_bfs,255730529,512,56,456,2758,2000,2000,0,0.000000000,3323.308500000,3322.466000000,3322.466000000,0.000000000,0.842500000,1685,0.400000000,3.400481498,4.868465192,20.932430813,0.791114690,9.913526601,1.000000000
1174,fixed_random_bfs,261209743,512,45,467,1039,2000,2000,30,1.500000000,3323.308500000,3307.862500000,3300.059500000,7.803000000,15.446000000,30892,8.700000000,3.400481498,4.827033225,20.525170907,0.795409204,9.827928800,1.000000000
1175,fixed_random_bfs,4332656998,512,57,455,2608,2000,2000,5,0.250000000,3323.308500000,3318.385500000,3317.131000000,1.254500000,4.923000000,9846,2.350000000,3.400481498,6.086612415,25.277665897,1.109778848,12.382612900,1.000000000
1176,fixed_random_bfs,5902255154,512,57,455,1695,2000,2000,18,0.900000000,3323.308500000,3311.104000000,3306.825000000,4.279000000,12.204500000,24409,6.800000000,3.400481498,4.834887900,20.596787745,0.771288398,9.844396616,1.000000000
1177,fixed_random_bfs,365281554,512,44,468,953,2000,2000,9,0.450000000,3323.308500000,3316.078000000,3314.400500000,1.677500000,7.230500000,14461,3.350000000,3.400481498,4.848093081,20.945188350,0.764075513,9.870691256,1.000000000
1178,fixed_random_bfs,4332517012,512,40,472,909,2000,2000,17,0.850000000,3323.308500000,3302.441000000,3298.367000000,4.074000000,20.867500000,41735,10.500000000,3.400481498,5.867586842,24.487226691,1.097771770,11.939076032,1.000000000
1179,fixed_random_bfs,5496247281,512,49,463,1940,2000,2000,0,0.000000000,3323.308500000,3323.308500000,3323.308500000,0.000000000,0.000000000,0,0.000000000,3.400481498,4.784578646,20.563814301,0.775542537,9.743248040,1.000000000
1180,fixed_random_bfs,2001526195,512,36,476,995,2000,2000,0,0.000000000,3323.308500000,3322.974000000,3322.974000000,0.000000000,0.334500000,669,0.100000000,3.400481498,4.785430356,20.582973358,0.858458787,9.745937317,1.000000000
1181,fixed_random_bfs,5495978537,512,61,451,3366,2000,2000,0,0.000000000,3323.308500000,3323.308500000,3323.308500000,0.000000000,0.000000000,0,0.000000000,3.400481498,4.776733531,20.546213893,0.872069593,9.728952874,1.000000000
1182,fixed_random_bfs,5894560262,512,49,463,1651,2000,2000,151,7.550000000,3323.308500000,3303.960000000,3264.503500000,39.456500000,19.348500000,38697,15.700000000,3.400481498,5.801448404,24.147342743,1.110398748,11.790045565,1.000000000
1183,fixed_random_bfs,3731239667,512,36,476,613,2000,2000,0,0.000000000,3323.308500000,3323.308000000,3323.308000000,0.000000000,0.000500000,1,0.050000000,3.400481498,4.705347575,19.731320342,0.754088449,9.581924066,1.000000000
1184,fixed_random_bfs,5495921620,512,41,471,1064,2000,2000,0,0.000000000,3323.308500000,3322.846500000,3322.846500000,0.000000000,0.462000000,924,0.150000000,3.400481498,4.698687175,19.784106042,0.865220465,9.568111326,1.000000000
1185,fixed_random_bfs,261275876,512,47,465,1193,2000,2000,3,0.150000000,3323.308500000,3317.072000000,3316.349000000,0.723000000,6.236500000,12473,3.500000000,3.400481498,4.663140143,19.642163062,0.780763466,9.496029418,1.000000000
1186,fixed_random_bfs,5493045883,512,28,484,703,2000,2000,2,0.100000000,3323.308500000,3318.565500000,3318.062000000,0.503500000,4.743000000,9486,2.950000000,3.400481498,4.673605483,19.774596457,0.747202647,9.520252048,1.000000000
1187,fixed_random_bfs,5493712253,512,59,453,2083,2000,2000,0,0.000000000,3323.308500000,3323.080500000,3323.080500000,0.000000000,0.228000000,456,0.100000000,3.400481498,4.663384849,19.555658499,0.779979449,9.497762179,1.000000000
1188,fixed_random_bfs,261104999,512,40,472,1163,2000,2000,0,0.000000000,3323.308500000,3323.295000000,3323.295000000,0.000000000,0.013500000,27,0.050000000,3.400481498,4.663897833,19.508881299,0.666107965,9.498501081,1.000000000
1189,fixed_random_bfs,7662534488,512,49,463,1490,2000,2000,21,1.050000000,3323.308500000,3312.059000000,3306.624000000,5.435000000,11.249500000,22499,6.500000000,3.400481498,4.611495063,19.288778253,0.773869123,9.391266226,1.000000000
1190,fixed_random_bfs,537981666,512,33,479,536,2000,2000,0,0.000000000,3323.308500000,3309.587500000,3309.587500000,0.000000000,13.721000000,27442,5.900000000,3.400481498,4.598845801,19.455050347,0.755070242,9.366187369,1.000000000
1191,fixed_random_bfs,4156112899,512,47,465,598,2000,2000,162,8.100000000,3323.308500000,3259.496500000,3225.017500000,34.479000000,63.812000000,127624,32.000000000,3.400481498,4.538972920,19.359326593,0.845462611,9.229169682,1.000000000
1192,fixed_random_bfs,9258025162,512,37,475,877,2000,2000,6,0.300000000,3323.308500000,3321.581000000,3320.106000000,1.475000000,1.727500000,3455,1.250000000,3.400481498,4.575246421,19.144466904,0.661519724,9.319007562,1.000000000
1193,fixed_random_bfs,261140711,512,35,477,875,2000,2000,152,7.600000000,3323.308500000,3275.461500000,3238.799500000,36.662000000,47.847000000,95694,25.250000000,3.400481498,4.268801819,17.538594909,0.732146138,8.688332558,1.000000000
1194,fixed_random_bfs,261108614,512,54,458,1949,2000,2000,13,0.650000000,3323.308500000,3299.832000000,3296.682500000,3.149500000,23.476500000,46953,12.850000000,3.400481498,4.555670624,18.433428706,1.046854209,9.278696636,1.000000000
1195,fixed_random_bfs,261214998,512,40,472,1229,2000,2000,16,0.800000000,3323.308500000,3317.195000000,3312.406500000,4.788500000,6.113500000,12227,3.250000000,3.400481498,4.437078836,18.561314898,1.020929405,9.037427013,1.000000000
1196,fixed_random_bfs,4337248985,512,43,469,1164,2000,2000,35,1.750000000,3323.308500000,3294.468500000,3285.942500000,8.526000000,28.840000000,57680,18.450000000,3.400481498,4.477736000,18.699551100,1.011659759,9.119072261,1.000000000
1197,fixed_random_bfs,1884459468,512,45,467,1166,2000,2000,8,0.400000000,3323.308500000,3308.611500000,3307.441000000,1.170500000,14.697000000,29394,7.900000000,3.400481498,4.274228041,17.383534244,0.915192072,8.709323751,1.000000000
1198,fixed_random_bfs,7280997434,512,56,456,1504,2000,2000,0,0.000000000,3323.308500000,3323.089500000,3323.089500000,0.000000000,0.219000000,438,0.650000000,3.400481498,4.275327733,17.481861999,1.010367717,8.712057830,1.000000000
1199,fixed_random_bfs,365053818,512,44,468,1166,2000,2000,26,1.300000000,3323.308500000,3311.957500000,3306.201500000,5.756000000,11.351000000,22702,6.250000000,3.400481498,4.195785369,17.250663649,0.891232369,8.547535687,1.000000000
