region_id,split,prediction,raw_prediction,prediction_rank,shortcut_count,shortcut_rank,cost_weight
0,train,0.455713094245,28.526275635000,0.516263552961,225,0.201834862385,0.300000000000
1,validation,0.386822351960,32.480194092000,0.610508757298,580,0.745621351126,0.300000000000
2,holdout,0.003336113428,21.661727905000,0.080900750626,255,0.258548790659,0.300000000000
3,train,0.021851542952,22.944328308000,0.213511259383,490,0.638865721435,0.300000000000
4,train,0.878482068390,84.688873291000,0.890742285238,100,0.040867389491,0.300000000000
5,validation,0.489741451209,43.566101074000,0.701417848207,537,0.705587989992,0.300000000000
6,train,-0.180567139283,20.857254028000,0.043369474562,580,0.746455379483,0.300000000000
7,train,0.150375312761,23.226247787000,0.250208507089,293,0.332777314429,0.300000000000
8,train,0.518348623853,29.950229645000,0.557130942452,185,0.129274395329,0.300000000000
9,train,0.120850708924,24.756752014000,0.347789824854,591,0.756463719766,0.300000000000
10,train,0.551626355296,68.762611389000,0.837364470392,979,0.952460383653,0.300000000000
11,train,0.361718098415,28.058336258000,0.499582985822,364,0.459549624687,0.300000000000
12,train,-0.232944120100,20.122526169000,0.017514595496,676,0.834862385321,0.300000000000
13,validation,0.627856547123,39.893577576000,0.686405337781,222,0.195162635530,0.300000000000
14,train,0.207756463720,28.215087891000,0.503753127606,1213,0.986655546289,0.300000000000
15,validation,0.436530442035,31.606145859000,0.594662218515,405,0.527105921601,0.300000000000
16,train,0.550458715596,65.176719666000,0.828190158465,846,0.925771476230,0.300000000000
17,train,0.677314428691,138.337661743000,0.953294412010,835,0.919933277731,0.300000000000
18,holdout,0.516513761468,38.093231201000,0.673894912427,404,0.524603836530,0.300000000000
19,train,0.048457047540,22.185255051000,0.129274395329,263,0.269391159299,0.300000000000
20,train,0.333444537114,25.364429474000,0.371976647206,184,0.128440366972,0.300000000000
21,holdout,0.626438698916,72.272323608000,0.854879065888,595,0.761467889908,0.300000000000
22,train,0.497080900751,37.057086945000,0.664720600500,430,0.558798999166,0.300000000000
23,train,0.403502919099,32.035957336000,0.602168473728,509,0.662218515430,0.300000000000
24,train,-0.206171809842,20.508930206000,0.030025020851,625,0.787322768974,0.300000000000
25,train,0.601834862385,64.929489136000,0.826522101751,584,0.748957464554,0.300000000000
26,holdout,0.836113427857,200.123428345000,0.979983319433,372,0.479566305254,0.300000000000
27,train,0.062552126772,24.243968964000,0.317764804003,704,0.850708924103,0.300000000000
28,train,0.352710592160,32.702091217000,0.617180984153,746,0.881567973311,0.300000000000
29,train,0.461301084237,50.573204041000,0.747289407840,983,0.953294412010,0.300000000000
30,train,0.184653878232,26.283229828000,0.417848206839,611,0.777314428691,0.300000000000
31,train,-0.027189324437,21.227815628000,0.058381984987,272,0.285237698082,0.300000000000
32,holdout,-0.077397831526,20.499671936000,0.029190992494,306,0.355296080067,0.300000000000
33,train,0.604170141785,74.939956665000,0.864887406172,735,0.869057547957,0.300000000000
34,train,0.070725604671,24.772449493000,0.349457881568,870,0.929107589658,0.300000000000
35,holdout,0.253711426188,23.788906097000,0.292743953294,187,0.130108423686,0.300000000000
36,validation,0.230025020851,23.295806885000,0.256046705588,146,0.086738949124,0.300000000000
37,validation,0.648540450375,70.272666931000,0.843202668891,494,0.648874061718,0.300000000000
38,holdout,0.383402835696,30.793682098000,0.576313594662,491,0.643035863219,0.300000000000
39,train,0.655045871560,49.467658997000,0.738115095913,268,0.276897414512,0.300000000000
40,train,-0.068223519600,18.320775986000,0.000834028357,240,0.230191826522,0.300000000000
41,train,0.000583819850,21.094545364000,0.053377814846,211,0.175979983319,0.300000000000
42,train,0.212927439533,23.189363480000,0.247706422018,172,0.115929941618,0.300000000000
43,train,0.778398665555,114.567932129000,0.930775646372,392,0.507923269391,0.300000000000
44,holdout,0.674311926606,70.523429871000,0.845704753962,437,0.571309424520,0.300000000000
45,train,0.562218515430,41.380718231000,0.690575479566,345,0.427856547123,0.300000000000
46,train,-0.081651376147,22.816633224000,0.199332777314,901,0.936613844871,0.300000000000
47,train,0.285654712260,25.092773438000,0.359466221852,249,0.246038365304,0.300000000000
48,train,0.610425354462,37.310146332000,0.667222685571,219,0.189324437031,0.300000000000
49,train,0.086321934946,22.511865616000,0.162635529608,253,0.254378648874,0.300000000000
50,train,0.160383653044,24.037162781000,0.307756463720,382,0.491242702252,0.300000000000
51,train,0.303919933278,27.243907928000,0.474562135113,436,0.568807339450,0.300000000000
52,train,0.183236030025,26.211685181000,0.413678065054,603,0.768140116764,0.300000000000
53,train,0.664303586322,120.537628174000,0.935779816514,790,0.904920767306,0.300000000000
54,train,0.608673894912,33.381500244000,0.627189324437,125,0.061718098415,0.300000000000
55,validation,0.043202668891,22.470298767000,0.159299416180,326,0.386989157631,0.300000000000
56,train,0.534111759800,51.934394836000,0.754795663053,563,0.735613010842,0.300000000000
57,train,0.841618015013,102.981971741000,0.912427022519,244,0.236030025021,0.300000000000
58,train,-0.024270225188,20.072019577000,0.015012510425,187,0.130942452043,0.300000000000
59,train,0.532193494579,56.880714417000,0.785654712260,691,0.844870725605,0.300000000000
60,train,0.072310258549,23.642822266000,0.282735613011,534,0.701417848207,0.300000000000
61,holdout,0.412427022519,26.312637329000,0.421184320267,86,0.029190992494,0.300000000000
62,holdout,-0.208006672227,21.095787048000,0.054211843203,739,0.874061718098,0.300000000000
63,train,0.759132610509,57.732666016000,0.790658882402,161,0.105087572977,0.300000000000
64,train,-0.061801501251,20.911926270000,0.045037531276,306,0.356130108424,0.300000000000
65,train,0.077564637198,22.573789597000,0.170141784821,278,0.308590492077,0.300000000000
66,train,0.612510425354,71.528762817000,0.848206839033,623,0.785654712260,0.300000000000
67,train,-0.186989157631,21.177879333000,0.056713928274,644,0.812343619683,0.300000000000
68,train,0.526688907423,52.478549957000,0.758131776480,605,0.771476230192,0.300000000000
69,validation,0.609507923269,68.818176270000,0.838198498749,597,0.762301918265,0.300000000000
70,train,0.081150959133,21.789958954000,0.090909090909,89,0.032527105922,0.300000000000
71,train,0.071726438699,23.317443848000,0.259382819016,478,0.625521267723,0.300000000000
72,train,0.734028356964,113.093521118000,0.929941618015,497,0.653044203503,0.300000000000
73,train,0.564553794829,55.223968506000,0.776480400334,537,0.706422018349,0.300000000000
74,train,0.343369474562,27.183225632000,0.468723936614,339,0.417848206839,0.300000000000
75,train,0.419933277731,29.933387756000,0.556296914095,362,0.454545454545,0.300000000000
76,train,0.624186822352,60.889045715000,0.809841534612,473,0.618849040867,0.300000000000
77,holdout,0.683653044204,155.360839844000,0.964136780651,888,0.934945788157,0.300000000000
78,holdout,0.471726438699,27.329250336000,0.476230191827,65,0.015012510425,0.300000000000
79,train,0.062802335279,22.941629410000,0.212677231026,387,0.499582985822,0.300000000000
80,train,0.611843202669,72.548416138000,0.859049207673,659,0.824020016681,0.300000000000
81,train,0.174395329441,24.902885437000,0.355296080067,463,0.603002502085,0.300000000000
82,holdout,0.776313594662,93.938903809000,0.902418682235,340,0.420350291910,0.300000000000
83,train,0.209257714762,22.981302261000,0.218515429525,87,0.030859049208,0.300000000000
84,validation,0.791075896580,128.461868286000,0.944954128440,400,0.512927439533,0.300000000000
85,train,0.487489574646,29.252605438000,0.533778148457,199,0.154295246038,0.300000000000
86,validation,0.447789824854,29.554748535000,0.544620517098,287,0.322768974145,0.300000000000
87,train,0.195913261051,23.026853561000,0.227689741451,161,0.105921601334,0.300000000000
88,train,-0.134695579650,22.193088531000,0.131776480400,760,0.888240200167,0.300000000000
89,train,0.671059216013,45.514972687000,0.710592160133,187,0.131776480400,0.300000000000
90,train,0.203586321935,23.181272507000,0.246872393661,193,0.144286905755,0.300000000000
91,train,0.693744787323,49.413364410000,0.737281067556,193,0.145120934112,0.300000000000
92,validation,0.292326939116,27.046657562000,0.461217681401,431,0.562969140951,0.300000000000
93,validation,0.052043369475,23.445106506000,0.270225187656,556,0.727272727273,0.300000000000
94,train,0.762135112594,61.844249725000,0.813177648040,207,0.170141784821,0.300000000000
95,holdout,0.067139282736,21.869941711000,0.098415346122,160,0.104253544621,0.300000000000
96,train,-0.038698915763,22.734321594000,0.188490408674,591,0.757297748123,0.300000000000
97,train,0.365137614679,33.942646027000,0.633861551293,770,0.895746455379,0.300000000000
98,train,-0.039866555463,23.127641678000,0.241868223520,904,0.939115929942,0.300000000000
99,train,0.701167639700,55.394500732000,0.778982485405,256,0.259382819016,0.300000000000
100,train,0.576897414512,31.494514465000,0.592160133445,117,0.050875729775,0.300000000000
101,train,0.176146788991,24.696220398000,0.345287739783,431,0.563803169308,0.300000000000
102,validation,0.073144286906,21.631517410000,0.078398665555,72,0.017514595496,0.300000000000
103,train,0.020183486239,23.816886902000,0.294412010008,817,0.914095079233,0.300000000000
104,train,0.585738115096,33.123878479000,0.625521267723,187,0.132610508757,0.300000000000
105,train,0.605087572977,32.407058716000,0.608840700584,61,0.012510425354,0.300000000000
106,train,0.170225187656,22.827827454000,0.201000834028,157,0.102585487907,0.300000000000
107,train,0.641117597998,54.475849152000,0.773978315263,355,0.442869057548,0.300000000000
108,train,0.684403669725,42.803852081000,0.698915763136,115,0.048373644704,0.300000000000
109,validation,0.279899916597,27.779024124000,0.487072560467,523,0.690575479566,0.300000000000
110,train,0.200500417014,25.995628357000,0.403669724771,513,0.677231025855,0.300000000000
111,train,-0.215095913261,20.517127991000,0.030859049208,656,0.819849874896,0.300000000000
112,train,0.595246038365,32.763862610000,0.618015012510,135,0.075896580484,0.300000000000
113,holdout,-0.085321100917,22.714399338000,0.187656380317,801,0.909924937448,0.300000000000
114,train,0.650458715596,47.239421844000,0.722268557131,246,0.239366138449,0.300000000000
115,train,0.548457047540,31.445287704000,0.590492076731,191,0.140116763970,0.300000000000
116,train,0.768140116764,63.810626984000,0.823185988324,217,0.183486238532,0.300000000000
117,validation,0.108340283570,25.599098206000,0.385321100917,843,0.923269391159,0.300000000000
118,train,0.854378648874,164.706329346000,0.969974979149,324,0.385321100917,0.300000000000
119,holdout,-0.000834028357,23.675712585000,0.284403669725,970,0.950792326939,0.300000000000
120,holdout,0.037781484570,21.104204178000,0.055045871560,123,0.057547956631,0.300000000000
121,train,0.216346955796,25.428737640000,0.376980817348,413,0.535446205171,0.300000000000
122,train,0.429691409508,35.328807831000,0.646371976647,554,0.722268557131,0.300000000000
123,train,-0.247206005004,20.133163452000,0.020016680567,762,0.890742285238,0.300000000000
124,train,-0.045954962469,20.295299530000,0.023352793995,240,0.231025854879,0.300000000000
125,holdout,0.757214345288,77.740058899000,0.874061718098,327,0.389491242702,0.300000000000
126,holdout,0.038615512927,23.373350143000,0.263552960801,584,0.749791492911,0.300000000000
127,train,-0.131192660550,20.755842209000,0.036697247706,430,0.559633027523,0.300000000000
128,validation,0.666638865721,100.326934814000,0.909090909091,638,0.808173477898,0.300000000000
129,train,0.227606338616,26.545206070000,0.434528773978,521,0.689741451209,0.300000000000
130,train,0.615012510425,51.000427246000,0.748123436197,355,0.443703085905,0.300000000000
131,holdout,0.846622185154,71.475006104000,0.847372810676,36,0.002502085071,0.300000000000
132,train,0.303002502085,27.824253082000,0.490408673895,477,0.624687239366,0.300000000000
133,validation,0.245454545455,29.276386261000,0.535446205171,1056,0.966638865721,0.300000000000
134,train,0.852043369475,163.856750488000,0.969140950792,327,0.390325271059,0.300000000000
135,train,0.135112593828,22.424997330000,0.152627189324,123,0.058381984987,0.300000000000
136,validation,-0.009674728941,23.571891785000,0.278565471226,1027,0.960800667223,0.300000000000
137,train,0.190992493745,22.925065994000,0.211009174312,129,0.066722268557,0.300000000000
138,train,0.715679733111,48.318481445000,0.726438698916,97,0.035863219349,0.300000000000
139,train,0.141367806505,24.009094238000,0.305254378649,424,0.546288573812,0.300000000000
140,train,0.080483736447,23.028713226000,0.229357798165,384,0.496246872394,0.300000000000
141,holdout,0.223769808173,25.253873825000,0.368640533778,374,0.482902418682,0.300000000000
142,train,0.214428690575,24.370769501000,0.322768974145,308,0.361134278565,0.300000000000
143,holdout,0.785237698082,131.046295166000,0.946622185154,416,0.537948290242,0.300000000000
144,train,-0.208590492077,20.152551651000,0.020850708924,601,0.764804003336,0.300000000000
145,train,-0.029941618015,22.439348221000,0.155963302752,473,0.619683069224,0.300000000000
146,train,0.543369474562,70.171447754000,0.842368640534,1518,0.996663886572,0.300000000000
147,train,0.694578815680,80.061401367000,0.880733944954,473,0.620517097581,0.300000000000
148,train,0.696914095079,70.027420044000,0.841534612177,373,0.482068390325,0.300000000000
149,train,0.009591326105,22.694101334000,0.183486238532,443,0.579649708090,0.300000000000
150,holdout,0.771559633028,55.088912964000,0.774812343620,56,0.010842368641,0.300000000000
151,validation,0.805754795663,80.239578247000,0.881567973311,252,0.252710592160,0.300000000000
152,holdout,0.683236030025,42.922306061000,0.699749791493,121,0.055045871560,0.300000000000
153,holdout,0.398665554629,29.961452484000,0.558798999166,411,0.533778148457,0.300000000000
154,train,0.042785654712,24.465272903000,0.327773144287,964,0.949958298582,0.300000000000
155,train,0.723019182652,50.433795929000,0.744787322769,132,0.072560467056,0.300000000000
156,train,0.730525437865,71.888381958000,0.849874895746,329,0.397831526272,0.300000000000
157,train,0.595746455379,53.066108704000,0.760633861551,426,0.549624687239,0.300000000000
158,train,0.814095079233,97.879119873000,0.907422852377,280,0.311092577148,0.300000000000
159,train,0.792076730609,72.606185913000,0.859883236030,238,0.226021684737,0.300000000000
160,train,-0.012427022519,23.028268814000,0.228523769808,634,0.803169307756,0.300000000000
161,train,0.327522935780,24.623180389000,0.340283569641,101,0.042535446205,0.300000000000
162,train,-0.185904920767,21.550237656000,0.075062552127,735,0.869891576314,0.300000000000
163,validation,0.433110925771,27.514522552000,0.477898248540,196,0.149291075897,0.300000000000
164,validation,-0.011509591326,22.984891891000,0.220183486239,605,0.772310258549,0.300000000000
165,validation,0.821100917431,134.136672974000,0.947456213511,341,0.421184320267,0.300000000000
166,holdout,-0.121184320267,20.975605011000,0.049207673061,433,0.567973311093,0.300000000000
167,train,0.082235195997,24.537555695000,0.336947456214,703,0.849040867389,0.300000000000
168,validation,0.579816513761,30.971862793000,0.581317764804,48,0.005004170142,0.300000000000
169,train,-0.072894078399,20.526258469000,0.031693077565,301,0.348623853211,0.300000000000
170,train,0.244286905755,26.284692764000,0.418682235196,444,0.581317764804,0.300000000000
171,train,0.855045871560,124.908325195000,0.939115929942,269,0.280233527940,0.300000000000
172,validation,0.415095913261,29.919874191000,0.555462885738,366,0.467889908257,0.300000000000
173,train,0.025771476230,21.278249741000,0.060050041701,170,0.114261884904,0.300000000000
174,train,-0.197664720601,21.886907578000,0.100083402836,1446,0.992493744787,0.300000000000
175,train,0.251876563803,25.961490631000,0.402001668057,388,0.500417014178,0.300000000000
176,train,-0.020767306088,22.244064331000,0.137614678899,407,0.527939949958,0.300000000000
177,train,-0.106088407006,22.333923340000,0.145120934112,681,0.837364470392,0.300000000000
178,train,-0.103169307756,22.421150208000,0.151793160967,703,0.849874895746,0.300000000000
179,train,0.101918265221,22.133993149000,0.120934111760,126,0.063386155129,0.300000000000
180,train,0.555045871560,42.048957825000,0.693911592994,365,0.462885738115,0.300000000000
181,validation,0.680650542118,44.366043091000,0.706422018349,145,0.085904920767,0.300000000000
182,validation,0.221684737281,28.759860992000,0.520433694746,1503,0.995829858215,0.300000000000
183,train,-0.031776480400,22.559427261000,0.167639699750,510,0.664720600500,0.300000000000
184,train,0.345287739783,31.764636993000,0.595496246872,675,0.834028356964,0.300000000000
185,validation,0.039699749791,23.491027832000,0.271893244370,606,0.773978315263,0.300000000000
186,train,0.059966638866,24.961162567000,0.356964136781,1342,0.989991659716,0.300000000000
187,train,0.202001668057,25.658023834000,0.386155129274,470,0.613844870726,0.300000000000
188,validation,0.004170141785,22.991333008000,0.221851542952,555,0.725604670559,0.300000000000
189,train,0.025104253545,20.782222748000,0.038365304420,103,0.044203502919,0.300000000000
190,train,0.024103419516,24.256786346000,0.318598832360,1158,0.981651376147,0.300000000000
191,holdout,0.690992493745,45.889907837000,0.714762301918,136,0.079232693912,0.300000000000
192,train,0.629107589658,79.082382202000,0.879065888240,667,0.833194328607,0.300000000000
193,train,-0.034862385321,19.863306046000,0.011676396997,199,0.155129274395,0.300000000000
194,train,0.128940783987,22.802864075000,0.195996663887,237,0.223519599666,0.300000000000
195,train,0.492243536280,29.331485748000,0.536280233528,194,0.146788990826,0.300000000000
196,train,0.604253544621,45.916473389000,0.715596330275,315,0.371142618849,0.300000000000
197,holdout,0.245871559633,29.131059647000,0.529608006672,944,0.945788156797,0.300000000000
198,holdout,0.774812343620,85.192459106000,0.892410341952,328,0.391993327773,0.300000000000
199,train,0.509257714762,29.417510986000,0.538782318599,155,0.098415346122,0.300000000000
200,train,0.352460383653,30.723903656000,0.574645537948,570,0.740617180984,0.300000000000
201,holdout,0.808840700584,127.681610107000,0.942452043369,357,0.445371142619,0.300000000000
202,holdout,0.330275229358,27.952722549000,0.495412844037,426,0.550458715596,0.300000000000
203,train,0.006422018349,21.828752518000,0.094245204337,273,0.292743953294,0.300000000000
204,train,0.309674728941,26.325279236000,0.422018348624,316,0.374478732277,0.300000000000
205,holdout,0.098999165972,22.945598602000,0.214345287740,323,0.384487072560,0.300000000000
206,train,-0.027272727273,22.007606506000,0.107589658048,359,0.449541284404,0.300000000000
207,train,0.698498748957,66.555953979000,0.832360300250,357,0.446205170976,0.300000000000
208,holdout,0.616513761468,53.677532196000,0.770642201835,400,0.513761467890,0.300000000000
209,validation,0.760133444537,167.347396851000,0.970809007506,534,0.702251876564,0.300000000000
210,train,0.406088407006,36.048221588000,0.655546288574,666,0.831526271893,0.300000000000
211,train,0.772477064220,109.850173950000,0.921601334445,385,0.497080900751,0.300000000000
212,holdout,0.160383653044,25.802967072000,0.392827356130,606,0.774812343620,0.300000000000
213,train,0.930525437865,145.848953247000,0.958298582152,150,0.092577147623,0.300000000000
214,train,-0.250041701418,20.436420441000,0.026688907423,842,0.922435362802,0.300000000000
215,holdout,-0.058715596330,22.436725616000,0.153461217681,537,0.707256046706,0.300000000000
216,train,0.345537948290,34.591751099000,0.640533778148,1168,0.983319432861,0.300000000000
217,validation,0.929774812344,219.253219604000,0.985821517932,218,0.186822351960,0.300000000000
218,holdout,0.238949124270,27.876575470000,0.492910758966,697,0.846538782319,0.300000000000
219,train,-0.067556296914,21.655998230000,0.080066722269,382,0.492076730609,0.300000000000
220,train,0.543452877398,49.888210297000,0.740617180984,505,0.657214345288,0.300000000000
221,train,0.771726438699,118.697097778000,0.934111759800,419,0.541284403670,0.300000000000
222,train,0.151876563803,22.706298828000,0.185154295246,168,0.110925771476,0.300000000000
223,holdout,0.146705587990,22.773971558000,0.190992493745,194,0.147623019183,0.300000000000
224,train,0.692743953294,44.273719788000,0.704753961635,99,0.040033361134,0.300000000000
225,holdout,0.691242702252,43.583030701000,0.702251876564,98,0.036697247706,0.300000000000
226,train,0.099082568807,25.094579697000,0.360300250209,735,0.870725604671,0.300000000000
227,train,0.816930775646,75.860290527000,0.865721434529,202,0.162635529608,0.300000000000
228,train,-0.122185154295,21.275146484000,0.059216013344,465,0.604670558799,0.300000000000
229,validation,0.821267723103,137.359451294000,0.951626355296,349,0.434528773978,0.300000000000
230,validation,0.252710592160,23.879180908000,0.297748123436,196,0.150125104254,0.300000000000
231,validation,-0.076563803169,21.975749969000,0.105087572977,465,0.605504587156,0.300000000000
232,validation,0.703753127606,70.362953186000,0.844870725605,367,0.470391993328,0.300000000000
233,train,0.655045871560,53.146106720000,0.765638031693,314,0.368640533778,0.300000000000
234,train,0.428607172644,27.290752411000,0.475396163470,199,0.155963302752,0.300000000000
235,train,0.000250208507,22.470756531000,0.160133444537,410,0.532944120100,0.300000000000
236,train,-0.241701417848,18.918601990000,0.002502085071,650,0.814011676397,0.300000000000
237,holdout,0.676563803169,44.342292786000,0.705587989992,154,0.096747289408,0.300000000000
238,train,0.353377814846,28.406398773000,0.508757297748,402,0.517931609675,0.300000000000
239,validation,-0.097914929108,21.987207413000,0.106755629691,515,0.682235195997,0.300000000000
240,train,0.235112593828,23.268184662000,0.254378648874,126,0.064220183486,0.300000000000
241,train,0.008423686405,23.021589279000,0.226855713094,556,0.728106755630,0.300000000000
242,train,0.158215179316,26.872455597000,0.456213511259,1482,0.993327773144,0.300000000000
243,validation,-0.014512093411,23.147300720000,0.245204336947,732,0.865721434529,0.300000000000
244,train,0.616680567139,34.587516785000,0.639699749791,135,0.076730608841,0.300000000000
245,train,0.610258548791,34.979648590000,0.645537948290,173,0.117597998332,0.300000000000
246,holdout,0.274979149291,27.116374969000,0.465387823186,486,0.634695579650,0.300000000000
247,train,0.746788990826,59.629001617000,0.804837364470,221,0.193494578816,0.300000000000
248,train,0.086238532110,23.777803421000,0.291909924937,518,0.685571309425,0.300000000000
249,train,0.698582151793,63.601173401000,0.820683903253,334,0.407005838198,0.300000000000
250,holdout,0.504253544621,57.854019165000,0.791492910759,1007,0.957464553795,0.300000000000
251,validation,0.137364470392,24.399387360000,0.325271059216,479,0.626355296080,0.300000000000
252,validation,-0.106255212677,22.415740967000,0.150959132611,712,0.857381150959,0.300000000000
253,validation,0.831025854879,121.762329102000,0.936613844871,303,0.351959966639,0.300000000000
254,validation,0.673394495413,112.266189575000,0.926605504587,688,0.844036697248,0.300000000000
255,train,0.107089241034,23.072454453000,0.232693911593,339,0.418682235196,0.300000000000
256,train,0.775729774812,83.265563965000,0.886572143453,314,0.369474562135,0.300000000000
257,train,0.242201834862,29.434274673000,0.540450375313,1488,0.994161801501,0.300000000000
258,validation,0.342952460384,26.556983948000,0.437030859049,281,0.313594662219,0.300000000000
259,train,-0.010258548791,22.387136459000,0.150125104254,411,0.534612176814,0.300000000000
260,train,0.636447039199,56.019523621000,0.782318598832,379,0.486238532110,0.300000000000
261,holdout,-0.077731442869,22.785030365000,0.193494578816,789,0.904086738949,0.300000000000
262,train,0.505004170142,31.021503448000,0.583819849875,258,0.262718932444,0.300000000000
263,train,0.263969974979,28.021518707000,0.497914929108,614,0.779816513761,0.300000000000
264,train,0.550291909925,33.690113068000,0.631359466222,263,0.270225187656,0.300000000000
265,validation,0.162301918265,27.078079224000,0.462051709758,1731,0.999165971643,0.300000000000
266,train,0.426105087573,28.264572144000,0.505421184320,259,0.264386989158,0.300000000000
267,validation,0.397831526272,26.097183228000,0.407839866555,92,0.033361134279,0.300000000000
268,train,0.362468723937,27.626789093000,0.482068390325,329,0.398665554629,0.300000000000
269,train,0.126522101751,22.182281494000,0.126772310259,25,0.000834028357,0.300000000000
270,train,0.839616346956,145.717651367000,0.957464553795,328,0.392827356130,0.300000000000
271,train,0.376480400334,25.701318741000,0.389491242702,101,0.043369474562,0.300000000000
272,train,0.784653878232,85.676864624000,0.893244370309,308,0.361968306922,0.300000000000
273,holdout,0.074228523770,24.525539398000,0.334445371143,733,0.867389491243,0.300000000000
274,train,0.585404503753,31.439432144000,0.589658048374,64,0.014178482068,0.300000000000
275,train,0.175813177648,26.355361938000,0.424520433695,661,0.829024186822,0.300000000000
276,holdout,0.393494578816,30.373653412000,0.567139282736,442,0.578815679733,0.300000000000
277,train,-0.189491242702,21.499689102000,0.069224353628,730,0.862385321101,0.300000000000
278,validation,0.650875729775,36.840175629000,0.661384487073,96,0.035029190992,0.300000000000
279,train,0.008757297748,22.439281464000,0.155129274395,381,0.487906588824,0.300000000000
280,train,0.212593828190,26.904823303000,0.457047539616,650,0.814845704754,0.300000000000
281,holdout,0.508673894912,31.580245972000,0.592994161802,270,0.281067556297,0.300000000000
282,validation,0.518932443703,28.792144775000,0.522935779817,62,0.013344453711,0.300000000000
283,holdout,-0.010425354462,23.630882263000,0.281067556297,1094,0.971643035863,0.300000000000
284,holdout,-0.205754795663,20.033885956000,0.014178482068,560,0.733110925771,0.300000000000
285,train,0.123603002502,25.303714752000,0.370308590492,657,0.822351959967,0.300000000000
286,train,0.258548790659,29.765731812000,0.551292743953,1109,0.975813177648,0.300000000000
287,validation,0.705421184320,67.211814880000,0.834028356964,345,0.428690575480,0.300000000000
288,train,0.102502085071,21.958814621000,0.104253544621,48,0.005838198499,0.300000000000
289,train,0.422185154295,29.579868317000,0.546288573812,336,0.413678065054,0.300000000000
290,train,0.836947456214,228.317855835000,0.988323603003,390,0.504587155963,0.300000000000
291,validation,0.819766472060,68.158882141000,0.836530442035,121,0.055879899917,0.300000000000
292,train,0.188990825688,23.192943573000,0.248540450375,223,0.198498748957,0.300000000000
293,validation,0.498498748957,28.131280899000,0.501251042535,53,0.009174311927,0.300000000000
294,train,0.862135112594,80.538101196000,0.882402001668,129,0.067556296914,0.300000000000
295,train,0.366972477064,30.462882996000,0.569641367807,512,0.675562969141,0.300000000000
296,validation,0.046371976647,22.181255341000,0.125938281902,259,0.265221017515,0.300000000000
297,validation,0.280150125104,27.942661285000,0.494578815680,544,0.714762301918,0.300000000000
298,train,-0.270642201835,20.024311066000,0.013344453711,944,0.946622185154,0.300000000000
299,train,0.315346121768,30.575742722000,0.571309424520,707,0.853211009174,0.300000000000
300,train,0.940450375313,245.164016724000,0.994995829858,212,0.181818181818,0.300000000000
301,holdout,0.008590492077,21.734336853000,0.085904920767,254,0.257714762302,0.300000000000
302,holdout,-0.212760633862,20.841365814000,0.041701417848,702,0.848206839033,0.300000000000
303,validation,0.226522101751,28.030183792000,0.498748957465,794,0.907422852377,0.300000000000
304,train,0.618849040867,72.424392700000,0.856547122602,628,0.792326939116,0.300000000000
305,holdout,0.024020016681,23.082656860000,0.235195996664,536,0.703919933278,0.300000000000
306,train,0.689407839867,47.427188873000,0.723936613845,171,0.115095913261,0.300000000000
307,holdout,0.556713928274,38.651515961000,0.678065054212,333,0.404503753128,0.300000000000
308,train,0.130775646372,22.211324692000,0.134278565471,58,0.011676396997,0.300000000000
309,train,0.169808173478,25.270818710000,0.369474562135,510,0.665554628857,0.300000000000
310,validation,0.646955796497,90.665939331000,0.899916597164,687,0.843202668891,0.300000000000
311,train,-0.231442869058,20.462064743000,0.027522935780,730,0.863219349458,0.300000000000
312,train,0.520433694746,35.903305054000,0.653044203503,354,0.442035029191,0.300000000000
313,holdout,0.667889908257,52.830490112000,0.758965804837,276,0.303586321935,0.300000000000
314,train,0.232527105922,26.354881287000,0.423686405338,488,0.637197664721,0.300000000000
315,train,0.093160967473,22.712825775000,0.185988323603,278,0.309424520434,0.300000000000
316,validation,-0.015929941618,22.603921890000,0.175979983319,490,0.639699749791,0.300000000000
317,train,0.298498748957,27.166913986000,0.467889908257,432,0.564637197665,0.300000000000
318,train,0.074979149291,24.071788788000,0.309424520434,618,0.781484570475,0.300000000000
319,validation,0.400917431193,26.543844223000,0.433694745621,165,0.109257714762,0.300000000000
320,train,0.183653044204,24.280231476000,0.320266889074,362,0.455379482902,0.300000000000
321,train,0.656130108424,49.364654541000,0.736447039199,260,0.267723102585,0.300000000000
322,validation,0.122351959967,23.725536346000,0.287739783153,426,0.551292743953,0.300000000000
323,holdout,0.346121768140,25.853670120000,0.396163469558,205,0.166805671393,0.300000000000
324,train,0.089824854045,25.450790405000,0.380316930776,1069,0.968306922435,0.300000000000
325,validation,0.489741451209,43.762840271000,0.703919933278,543,0.713928273561,0.300000000000
326,train,0.150458715596,22.656169891000,0.178482068390,150,0.093411175980,0.300000000000
327,holdout,0.779232693912,72.240859985000,0.854045037531,251,0.249374478732,0.300000000000
328,train,0.457964970809,27.125869751000,0.466221851543,85,0.027522935780,0.300000000000
329,holdout,0.539449541284,30.378887177000,0.567973311093,151,0.095079232694,0.300000000000
330,train,-0.086238532110,21.763175964000,0.088407005838,445,0.582151793161,0.300000000000
331,train,0.058048373645,24.528423309000,0.335279399500,844,0.924103419516,0.300000000000
332,train,0.663552960801,59.697334290000,0.805671392827,368,0.473728106756,0.300000000000
333,train,0.224687239366,24.648160934000,0.342785654712,328,0.393661384487,0.300000000000
334,train,-0.026105087573,22.845237732000,0.201834862385,593,0.759799833194,0.300000000000
335,train,-0.067389491243,22.876632690000,0.204336947456,790,0.905754795663,0.300000000000
336,validation,0.098665554629,22.988155365000,0.221017514595,334,0.407839866555,0.300000000000
337,train,0.426772310259,38.057830811000,0.672226855713,653,0.818181818182,0.300000000000
338,validation,0.711426188490,115.516403198000,0.931609674729,561,0.733944954128,0.300000000000
339,validation,0.781818181818,57.106208801000,0.787322768974,74,0.018348623853,0.300000000000
340,train,0.034111759800,21.503942490000,0.070892410342,182,0.122602168474,0.300000000000
341,holdout,-0.148123436197,21.783025742000,0.090075062552,629,0.793994995830,0.300000000000
342,train,-0.014178482068,23.015230179000,0.226021684737,633,0.800667222686,0.300000000000
343,train,0.184820683903,27.552433014000,0.479566305254,1164,0.982485404504,0.300000000000
344,train,0.081067556297,23.318040848000,0.260216847373,457,0.597164303586,0.300000000000
345,train,0.839532944120,110.676605225000,0.924103419516,270,0.281901584654,0.300000000000
346,train,0.732360300250,93.977828979000,0.903252710592,436,0.569641367807,0.300000000000
347,train,0.652043369475,46.875232697000,0.720600500417,239,0.228523769808,0.300000000000
348,train,0.612093411176,65.764816284000,0.829024186822,554,0.723102585488,0.300000000000
349,train,0.578982485405,32.573326111000,0.613010842369,169,0.113427856547,0.300000000000
350,holdout,0.192493744787,26.098300934000,0.408673894912,552,0.720600500417,0.300000000000
351,validation,0.329524603837,32.362884521000,0.608006672227,860,0.928273561301,0.300000000000
352,holdout,0.585904920767,41.615856171000,0.692243536280,305,0.354462051710,0.300000000000
353,train,0.615179316097,63.308349609000,0.817347789825,511,0.673894912427,0.300000000000
354,holdout,0.469474562135,27.915294647000,0.493744787323,139,0.080900750626,0.300000000000
355,holdout,0.762635529608,112.069305420000,0.925771476230,421,0.543786488741,0.300000000000
356,holdout,0.731192660550,159.555831909000,0.966638865721,622,0.784820683903,0.300000000000
357,train,-0.113010842369,21.976978302000,0.105921601334,557,0.729774812344,0.300000000000
358,train,-0.250542118432,20.591373444000,0.034195162636,960,0.949124270225,0.300000000000
359,train,0.523019182652,29.549726486000,0.543786488741,130,0.069224353628,0.300000000000
360,holdout,0.543619683069,45.265243530000,0.709758131776,427,0.553794829024,0.300000000000
361,train,0.365554628857,30.830453873000,0.577981651376,537,0.708090075063,0.300000000000
362,train,0.441201000834,27.692653656000,0.483736447039,192,0.141784820684,0.300000000000
363,train,0.539282735613,66.531639099000,0.831526271893,1100,0.974145120934,0.300000000000
364,train,-0.135696413678,22.236862183000,0.136780650542,796,0.908256880734,0.300000000000
365,validation,0.654211843203,60.208442688000,0.807339449541,397,0.510425354462,0.300000000000
366,train,0.615012510425,69.904853821000,0.840700583820,587,0.752293577982,0.300000000000
367,train,0.093661384487,24.542148590000,0.338615512927,651,0.816513761468,0.300000000000
368,train,-0.001501251043,19.624738693000,0.007506255213,86,0.030025020851,0.300000000000
369,holdout,0.384737281068,27.102878571000,0.464553794829,259,0.266055045872,0.300000000000
370,train,0.632693911593,62.385650635000,0.814845704754,466,0.607172643870,0.300000000000
371,train,0.831693077565,208.757141113000,0.983319432861,390,0.505421184320,0.300000000000
372,validation,0.308006672227,24.093299866000,0.312760633862,65,0.015846538782,0.300000000000
373,train,0.171226021685,25.326560974000,0.371142618849,510,0.666388657214,0.300000000000
374,train,-0.056130108424,22.252727509000,0.139282735613,495,0.651376146789,0.300000000000
375,train,0.296914095079,26.148368835000,0.412010008340,322,0.383653044204,0.300000000000
376,validation,0.786905754796,92.300003052000,0.900750625521,320,0.379482902419,0.300000000000
377,holdout,0.331693077565,24.637706757000,0.341951626355,95,0.034195162636,0.300000000000
378,train,0.264470391993,25.191135406000,0.362802335279,290,0.327773144287,0.300000000000
379,train,0.000500417014,21.093255997000,0.052543786489,210,0.173477898249,0.300000000000
380,validation,0.323603002502,27.773790359000,0.486238532110,419,0.542118432027,0.300000000000
381,train,0.659466221852,51.168407440000,0.749791492911,275,0.301084236864,0.300000000000
382,train,-0.037114261885,22.494920731000,0.161801501251,509,0.663052543786,0.300000000000
383,train,0.515596330275,34.480899811000,0.637197664721,333,0.405337781485,0.300000000000
384,train,0.734862385321,72.739501953000,0.860717264387,339,0.419516263553,0.300000000000
385,train,0.580483736447,31.237499237000,0.585487906589,65,0.016680567139,0.300000000000
386,train,0.188407005838,25.900558472000,0.397831526272,531,0.698081734779,0.300000000000
387,train,0.714929107590,71.590270996000,0.849040867389,358,0.447039199333,0.300000000000
388,train,0.924937447873,158.100830078000,0.964970809008,187,0.133444537114,0.300000000000
389,train,0.270141784821,28.153558731000,0.502085070892,605,0.773144286906,0.300000000000
390,train,0.591242702252,71.923736572000,0.850708924103,731,0.864887406172,0.300000000000
391,train,0.291826522102,24.874759674000,0.353628023353,227,0.206005004170,0.300000000000
392,validation,0.306171809842,28.248600006000,0.504587155963,508,0.661384487073,0.300000000000
393,train,0.614929107590,36.271926880000,0.657214345288,191,0.140950792327,0.300000000000
394,validation,0.327856547123,29.173637390000,0.531276063386,513,0.678065054212,0.300000000000
395,train,0.575646371977,33.049613953000,0.624687239366,203,0.163469557965,0.300000000000
396,holdout,0.216597164304,24.092542648000,0.311926605505,284,0.317764804003,0.300000000000
397,holdout,0.172226855713,25.428245544000,0.376146788991,514,0.679733110926,0.300000000000
398,train,0.004086738949,23.664577484000,0.283569641368,875,0.931609674729,0.300000000000
399,holdout,-0.072060050042,18.193758011000,0.000000000000,246,0.240200166806,0.300000000000
400,train,0.287406171810,29.784645081000,0.552126772310,746,0.882402001668,0.300000000000
401,train,0.153794829024,24.474300385000,0.329441201001,447,0.585487906589,0.300000000000
402,train,0.753294412010,151.685989380000,0.959966638866,519,0.688907422852,0.300000000000
403,train,0.243953294412,26.122764587000,0.410341951626,427,0.554628857381,0.300000000000
404,train,0.476730608841,31.259553909000,0.586321934946,309,0.365304420350,0.300000000000
405,train,0.831943286072,155.196258545000,0.963302752294,351,0.437864887406,0.300000000000
406,train,0.202251876564,23.399108887000,0.266055045872,231,0.212677231026,0.300000000000
407,validation,0.778231859883,69.212646484000,0.839032527106,225,0.202668890742,0.300000000000
408,train,0.177981651376,22.808389664000,0.198498748957,129,0.068390325271,0.300000000000
409,train,0.558048373645,34.863227844000,0.643869891576,272,0.286071726439,0.300000000000
410,train,0.685070892410,117.467987061000,0.933277731443,660,0.827356130108,0.300000000000
411,train,-0.062468723937,22.070587158000,0.113427856547,447,0.586321934946,0.300000000000
412,validation,-0.037281067556,23.273221970000,0.255212677231,1106,0.974979149291,0.300000000000
413,train,-0.277564637198,19.816545486000,0.009174311927,994,0.955796497081,0.300000000000
414,validation,-0.190742285238,21.316600800000,0.061718098415,684,0.841534612177,0.300000000000
415,train,-0.150125104254,21.815618515000,0.092577147623,638,0.809007506255,0.300000000000
416,validation,0.119266055046,24.261524200000,0.319432860717,510,0.667222685571,0.300000000000
417,validation,0.381401167640,36.959953308000,0.663886572143,908,0.941618015013,0.300000000000
418,train,0.397748123436,30.973085403000,0.582151793161,470,0.614678899083,0.300000000000
419,holdout,0.532527105922,41.402088165000,0.691409507923,408,0.529608006672,0.300000000000
420,validation,0.469224353628,28.479494095000,0.513761467890,195,0.148457047540,0.300000000000
421,train,-0.158882402002,20.534410477000,0.032527105922,489,0.638031693078,0.300000000000
422,validation,0.769474562135,58.145793915000,0.793994995830,140,0.081734778982,0.300000000000
423,train,0.242285237698,24.518348694000,0.333611342786,276,0.304420350292,0.300000000000
424,validation,0.933861551293,229.710266113000,0.989157631359,217,0.184320266889,0.300000000000
425,holdout,0.108757297748,23.382877350000,0.264386989158,402,0.518765638032,0.300000000000
426,train,-0.000333611343,20.169584274000,0.021684737281,132,0.073394495413,0.300000000000
427,train,-0.059466221852,22.271862030000,0.140950792327,510,0.668056713928,0.300000000000
428,validation,0.514095079233,48.356460571000,0.727272727273,538,0.710592160133,0.300000000000
429,train,0.030608840701,22.467473984000,0.158465387823,343,0.426188490409,0.300000000000
430,validation,0.394829024187,25.847614288000,0.395329441201,33,0.001668056714,0.300000000000
431,train,0.024687239366,21.740032196000,0.086738949124,227,0.206839032527,0.300000000000
432,train,0.670475396163,116.438949585000,0.932443703086,738,0.873227689741,0.300000000000
433,train,0.512677231026,29.411638260000,0.537948290242,143,0.084236864053,0.300000000000
434,train,0.086071726439,25.422130585000,0.375312760634,1034,0.964136780651,0.300000000000
435,validation,0.021100917431,22.846670151000,0.203502919099,466,0.608006672227,0.300000000000
436,train,0.695412844037,52.218818665000,0.756463719766,226,0.203502919099,0.300000000000
437,train,0.716763969975,53.619285583000,0.769808173478,211,0.176814011676,0.300000000000
438,train,0.140283569641,24.035316467000,0.306922435363,427,0.555462885738,0.300000000000
439,validation,0.313761467890,26.634811401000,0.440366972477,341,0.422018348624,0.300000000000
440,train,-0.047539616347,22.182367325000,0.127606338616,446,0.583819849875,0.300000000000
441,train,0.904587155963,125.761688232000,0.941618015013,182,0.123436196831,0.300000000000
442,holdout,-0.072226855713,20.125816345000,0.018348623853,275,0.301918265221,0.300000000000
443,holdout,-0.146371976647,22.054504395000,0.110091743119,708,0.854879065888,0.300000000000
444,validation,0.502919099249,29.663782120000,0.550458715596,201,0.158465387823,0.300000000000
445,holdout,0.124020016681,23.525436401000,0.274395329441,388,0.501251042535,0.300000000000
446,validation,0.259549624687,24.430830002000,0.326105087573,236,0.221851542952,0.300000000000
447,holdout,0.186155129274,26.731735229000,0.445371142619,730,0.864053377815,0.300000000000
448,train,-0.029107589658,23.074115753000,0.234361968307,743,0.878231859883,0.300000000000
449,train,0.011759799833,24.085664749000,0.310258548791,1491,0.994995829858,0.300000000000
450,train,0.316847372811,27.589719772000,0.481234361968,425,0.547956630525,0.300000000000
451,train,-0.154962468724,20.131368637000,0.019182652210,443,0.580483736447,0.300000000000
452,train,0.511259382819,57.038383484000,0.786488740617,823,0.917431192661,0.300000000000
453,train,0.617180984153,40.827594757000,0.689741451209,247,0.241868223520,0.300000000000
454,holdout,0.088490408674,22.777948380000,0.191826522102,298,0.344453711426,0.300000000000
455,train,-0.077731442869,19.642744064000,0.008340283570,272,0.286905754796,0.300000000000
456,train,-0.157964970809,21.640123367000,0.079232693912,626,0.790658882402,0.300000000000
457,train,0.783569641368,58.755836487000,0.797331109258,107,0.045871559633,0.300000000000
458,train,0.614178482068,52.971057892000,0.759799833194,378,0.485404503753,0.300000000000
459,validation,0.743119266055,59.249481201000,0.800667222686,220,0.191826522102,0.300000000000
460,train,0.233527939950,24.187307358000,0.316096747289,267,0.275229357798,0.300000000000
461,train,0.535696413678,67.992828369000,0.835696413678,1735,1.000000000000,0.300000000000
462,train,0.471309424520,28.980140686000,0.524603836530,211,0.177648040033,0.300000000000
463,holdout,0.129774812344,24.661369324000,0.344453711426,544,0.715596330275,0.300000000000
464,train,0.089908256881,22.558164597000,0.165971643036,252,0.253544620517,0.300000000000
465,train,0.524854045038,33.649909973000,0.629691409508,302,0.349457881568,0.300000000000
466,train,-0.134778982485,21.543107986000,0.073394495413,529,0.693911592994,0.300000000000
467,train,0.525771476230,59.611022949000,0.804003336113,851,0.927439532944,0.300000000000
468,train,0.063135946622,22.483327866000,0.160967472894,289,0.326105087573,0.300000000000
469,train,-0.118932443703,20.916015625000,0.046705587990,426,0.552126772310,0.300000000000
470,train,-0.178398665555,20.938673019000,0.047539616347,588,0.753127606339,0.300000000000
471,validation,0.200500417014,24.047172546000,0.308590492077,307,0.360300250209,0.300000000000
472,train,0.732276897415,49.164184570000,0.734778982485,50,0.008340283570,0.300000000000
473,train,0.001584653878,22.229354858000,0.135946622185,358,0.447873227690,0.300000000000
474,train,0.739532944120,81.940437317000,0.884904086739,375,0.484570475396,0.300000000000
475,holdout,0.100667222686,25.683250427000,0.388657214345,1015,0.959966638866,0.300000000000
476,validation,0.481484570475,48.557456970000,0.728940783987,659,0.824854045038,0.300000000000
477,train,0.435696413678,30.353084564000,0.566305254379,349,0.435362802335,0.300000000000
478,train,-0.108590492077,22.652048111000,0.177648040033,992,0.954128440367,0.300000000000
479,train,0.642952460384,48.711399078000,0.732276897415,274,0.297748123436,0.300000000000
480,train,0.678982485405,110.246093750000,0.922435362802,642,0.811509591326,0.300000000000
481,train,0.079733110926,22.581077576000,0.171809841535,277,0.306922435363,0.300000000000
482,train,-0.138698915763,20.335502625000,0.024186822352,420,0.542952460384,0.300000000000
483,train,0.388990825688,30.820590973000,0.577147623019,479,0.627189324437,0.300000000000
484,holdout,0.820016680567,70.986869812000,0.846538782319,148,0.088407005838,0.300000000000
485,train,0.679399499583,77.186264038000,0.871559633028,490,0.640533778148,0.300000000000
486,holdout,0.428356964137,36.938034058000,0.663052543786,618,0.782318598832,0.300000000000
487,train,-0.002919099249,21.694437027000,0.083402835696,272,0.287739783153,0.300000000000
488,validation,0.061634695580,21.948743820000,0.103419516264,190,0.139282735613,0.300000000000
489,train,0.004670558799,22.061471939000,0.111759799833,306,0.356964136781,0.300000000000
490,validation,0.408090075063,29.233299255000,0.532944120100,338,0.416180150125,0.300000000000
491,validation,-0.117681401168,19.610509872000,0.006672226856,336,0.414512093411,0.300000000000
492,holdout,0.755212677231,53.261966705000,0.766472060050,98,0.037531276063,0.300000000000
493,holdout,0.322518765638,25.240879059000,0.367806505421,197,0.150959132611,0.300000000000
494,train,0.086238532110,22.600105286000,0.174311926606,273,0.293577981651,0.300000000000
495,train,0.543619683069,32.635421753000,0.614678899083,244,0.236864053378,0.300000000000
496,validation,0.242785654712,27.836877823000,0.491242702252,660,0.828190158465,0.300000000000
497,validation,0.055296080067,22.377933502000,0.147623019183,277,0.307756463720,0.300000000000
498,train,0.163719766472,23.083831787000,0.236030025021,246,0.241034195163,0.300000000000
499,validation,0.246038365304,26.454368591000,0.428690575480,466,0.608840700584,0.300000000000
500,train,0.351793160967,30.706335068000,0.572977481234,566,0.737281067556,0.300000000000
501,train,-0.024603836530,22.105348587000,0.116763969975,367,0.471226021685,0.300000000000
502,train,0.786155129274,142.187408447000,0.955796497081,432,0.565471226022,0.300000000000
503,validation,0.239366138449,24.855052948000,0.351959966639,316,0.375312760634,0.300000000000
504,holdout,0.284653878232,25.505821228000,0.381984987490,288,0.324437030859,0.300000000000
505,train,0.194995829858,26.645883560000,0.441201000834,656,0.820683903253,0.300000000000
506,train,0.256046705588,27.097393036000,0.463719766472,525,0.692243536280,0.300000000000
507,train,0.653628023353,108.190307617000,0.919099249374,755,0.884904086739,0.300000000000
508,train,0.887989991660,152.881256104000,0.960800667223,248,0.242702251877,0.300000000000
509,train,0.382985821518,29.045825958000,0.527105921601,372,0.480400333611,0.300000000000
510,train,0.380066722269,30.045179367000,0.562969140951,467,0.609674728941,0.300000000000
511,train,0.322602168474,29.878604889000,0.553794829024,604,0.770642201835,0.300000000000
512,train,0.277314428691,26.845458984000,0.453711426188,448,0.587989991660,0.300000000000
513,holdout,-0.261884904087,19.831518173000,0.010842368641,797,0.909090909091,0.300000000000
514,train,-0.011342785655,22.932392120000,0.211843202669,577,0.743953294412,0.300000000000
515,train,-0.025020850709,21.612159729000,0.077564637198,296,0.341951626355,0.300000000000
516,train,0.592243536280,34.572273254000,0.638031693078,198,0.152627189324,0.300000000000
517,validation,0.312844036697,27.953140259000,0.496246872394,469,0.611342785655,0.300000000000
518,train,0.869224353628,130.536529541000,0.945788156797,253,0.255212677231,0.300000000000
519,validation,0.138615512927,23.054588318000,0.230191826522,276,0.305254378649,0.300000000000
520,train,0.366305254379,32.950649261000,0.623019182652,708,0.855713094245,0.300000000000
521,train,0.718598832360,48.555904388000,0.728106755630,88,0.031693077565,0.300000000000
522,validation,0.639532944120,67.196640015000,0.833194328607,493,0.645537948290,0.300000000000
523,train,0.096330275229,22.067403793000,0.112593828190,119,0.054211843203,0.300000000000
524,train,0.655963302752,39.646171570000,0.684737281068,153,0.095913261051,0.300000000000
525,train,0.470308590492,27.414213181000,0.477064220183,78,0.022518765638,0.300000000000
526,holdout,-0.094578815680,22.142637253000,0.122602168474,554,0.723936613845,0.300000000000
527,train,-0.232360300250,21.049816132000,0.050875729775,931,0.944120100083,0.300000000000
528,train,-0.008924103420,20.912422180000,0.045871559633,213,0.182652210175,0.300000000000
529,holdout,0.906922435363,226.819946289000,0.987489574646,261,0.268557130942,0.300000000000
530,train,-0.181567973311,21.136461258000,0.055879899917,627,0.791492910759,0.300000000000
531,train,0.748373644704,61.167175293000,0.810675562969,227,0.207673060884,0.300000000000
532,train,0.355212677231,32.356441498000,0.607172643870,683,0.839866555463,0.300000000000
533,train,0.342952460384,27.820554733000,0.489574645538,381,0.488740617181,0.300000000000
534,holdout,0.431609674729,30.013111115000,0.560467055880,345,0.429524603837,0.300000000000
535,train,0.052627189324,22.086977005000,0.115929941618,230,0.211009174312,0.300000000000
536,train,-0.203336113428,19.604671478000,0.005838198499,530,0.697247706422,0.300000000000
537,train,0.959716430359,251.826858521000,1.000000000000,187,0.134278565471,0.300000000000
538,train,0.138949124270,23.892116547000,0.298582151793,409,0.532110091743,0.300000000000
539,train,0.719599666389,78.803909302000,0.878231859883,407,0.528773978315,0.300000000000
540,validation,0.319266055046,26.508531570000,0.432860717264,319,0.378648874062,0.300000000000
541,train,0.629441201001,72.185485840000,0.852376980817,575,0.743119266055,0.300000000000
542,validation,0.287823185988,23.813816071000,0.293577981651,75,0.019182652210,0.300000000000
543,train,0.343202668891,25.673168182000,0.386989157631,193,0.145954962469,0.300000000000
544,train,0.955462885738,205.537902832000,0.982485404504,149,0.090075062552,0.300000000000
545,train,0.072143452877,22.209032059000,0.133444537114,226,0.204336947456,0.300000000000
546,train,0.074145120934,22.148811340000,0.123436196831,203,0.164303586322,0.300000000000
547,train,0.171392827356,27.043359756000,0.460383653044,1033,0.963302752294,0.300000000000
548,validation,0.352877397832,26.483844757000,0.431192660550,257,0.261050875730,0.300000000000
549,train,0.536613844871,32.476337433000,0.609674728941,248,0.243536280234,0.300000000000
550,train,-0.056130108424,21.806619644000,0.091743119266,383,0.492910758966,0.300000000000
551,train,0.666638865721,37.657169342000,0.668890742285,49,0.007506255213,0.300000000000
552,train,0.236697247706,23.085592270000,0.237698081735,38,0.003336113428,0.300000000000
553,train,0.161384487073,25.432754517000,0.377814845705,553,0.721434528774,0.300000000000
554,train,-0.119849874896,21.520038605000,0.072560467056,490,0.641367806505,0.300000000000
555,holdout,0.086572143453,22.261518478000,0.140116763970,211,0.178482068390,0.300000000000
556,train,-0.068807339450,22.889188766000,0.205170975813,816,0.913261050876,0.300000000000
557,train,0.906922435363,210.286758423000,0.984987489575,256,0.260216847373,0.300000000000
558,train,0.587489574646,81.337112427000,0.883236030025,1199,0.985821517932,0.300000000000
559,holdout,0.374061718098,26.369771957000,0.425354462052,208,0.170975813178,0.300000000000
560,train,0.812343619683,119.148727417000,0.934945788157,334,0.408673894912,0.300000000000
561,train,0.213678065054,24.150037766000,0.315262718932,295,0.338615512927,0.300000000000
562,validation,0.707673060884,73.812820435000,0.864053377815,403,0.521267723103,0.300000000000
563,validation,0.022768974145,22.545228958000,0.165137614679,368,0.474562135113,0.300000000000
564,validation,0.566722268557,51.643608093000,0.753127606339,473,0.621351125938,0.300000000000
565,train,0.731025854879,112.000991821000,0.924937447873,493,0.646371976647,0.300000000000
566,validation,0.374145120934,28.457736969000,0.511259382819,363,0.457047539616,0.300000000000
567,train,0.807839866555,69.423332214000,0.839866555463,162,0.106755629691,0.300000000000
568,holdout,0.263803169308,23.446964264000,0.271059216013,81,0.024186822352,0.300000000000
569,train,0.567806505421,37.991310120000,0.671392827356,298,0.345287739783,0.300000000000
570,holdout,0.588990825688,40.471248627000,0.688073394495,292,0.330275229358,0.300000000000
571,train,0.112176814012,22.580610275000,0.170975813178,222,0.195996663887,0.300000000000
572,train,0.376313594662,36.654430389000,0.660550458716,945,0.947456213511,0.300000000000
573,train,0.403836530442,27.671878815000,0.482902418682,258,0.263552960801,0.300000000000
574,train,0.834612176814,122.377166748000,0.937447873228,296,0.342785654712,0.300000000000
575,train,0.748790658882,88.005447388000,0.894912427023,379,0.487072560467,0.300000000000
576,train,0.128690575480,23.090074539000,0.238532110092,312,0.366138448707,0.300000000000
577,train,0.099582985822,22.782033920000,0.192660550459,279,0.310258548791,0.300000000000
578,train,0.050708924103,24.134305954000,0.314428690575,743,0.879065888240,0.300000000000
579,train,-0.084570475396,20.846271515000,0.042535446205,342,0.423686405338,0.300000000000
580,train,0.137614678899,22.804912567000,0.197664720601,224,0.200166805671,0.300000000000
581,train,0.668473728107,47.710670471000,0.724770642202,218,0.187656380317,0.300000000000
582,train,0.393077564637,28.474105835000,0.512927439533,329,0.399499582986,0.300000000000
583,holdout,0.842035029191,187.314758301000,0.976647206005,358,0.448707256047,0.300000000000
584,validation,0.376146788991,31.480484009000,0.591326105088,546,0.717264386989,0.300000000000
585,train,0.578231859883,32.155864716000,0.603002502085,142,0.082568807339,0.300000000000
586,train,0.343619683069,26.727329254000,0.443703085905,293,0.333611342786,0.300000000000
587,validation,0.046872393661,21.282335281000,0.060884070058,108,0.046705587990,0.300000000000
588,train,-0.211092577148,20.488552094000,0.028356964137,631,0.798165137615,0.300000000000
589,train,0.555129274395,34.969284058000,0.644703919933,274,0.298582151793,0.300000000000
590,train,0.042535446205,22.801050186000,0.195162635530,392,0.508757297748,0.300000000000
591,train,0.198915763136,23.095331192000,0.240200166806,189,0.137614678899,0.300000000000
592,train,-0.016930775646,23.231790543000,0.251042535446,765,0.893244370309,0.300000000000
593,holdout,0.103419516264,23.335245132000,0.261050875730,404,0.525437864887,0.300000000000
594,holdout,0.651959966639,76.300079346000,0.867389491243,547,0.718098415346,0.300000000000
595,holdout,0.113427856547,24.699928284000,0.346121768140,607,0.775646371977,0.300000000000
596,holdout,0.598081734779,38.844799042000,0.681401167640,268,0.277731442869,0.300000000000
597,train,0.142869057548,24.540920258000,0.337781484570,494,0.649708090075,0.300000000000
598,train,-0.060717264387,20.362558365000,0.025854879066,272,0.288573811510,0.300000000000
599,validation,0.956213511259,238.148178101000,0.992493744787,181,0.120934111760,0.300000000000
600,validation,0.200083402836,23.903099060000,0.299416180150,292,0.331109257715,0.300000000000
601,holdout,0.784153461218,110.536727905000,0.923269391159,365,0.463719766472,0.300000000000
602,validation,0.069808173478,21.743728638000,0.087572977481,123,0.059216013344,0.300000000000
603,train,0.144537114262,24.316684723000,0.321934945788,451,0.591326105088,0.300000000000
604,validation,0.409341117598,39.880882263000,0.685571309425,835,0.920767306088,0.300000000000
605,validation,-0.047623019183,20.795352936000,0.039199332777,272,0.289407839867,0.300000000000
606,train,0.608006672227,37.912616730000,0.670558798999,227,0.208507089241,0.300000000000
607,train,0.188990825688,23.267578125000,0.253544620517,232,0.215179316097,0.300000000000
608,train,0.018682235196,22.441568375000,0.156797331109,364,0.460383653044,0.300000000000
609,train,0.692827356130,53.096809387000,0.763135946622,243,0.234361968307,0.300000000000
610,train,0.135696413678,25.393959045000,0.373644703920,628,0.793160967473,0.300000000000
611,holdout,0.501417848207,33.887939453000,0.633027522936,351,0.438698915763,0.300000000000
612,train,0.662969140951,59.459327698000,0.802335279399,365,0.464553794829,0.300000000000
613,train,0.688407005838,51.415565491000,0.751459549625,228,0.210175145955,0.300000000000
614,train,-0.029190992494,23.097545624000,0.241034195163,785,0.900750625521,0.300000000000
615,train,-0.038698915763,20.971944809000,0.048373644704,272,0.290241868224,0.300000000000
616,train,0.511259382819,46.896354675000,0.721434528774,533,0.700583819850,0.300000000000
617,train,0.520350291910,31.861711502000,0.597164303586,253,0.256046705588,0.300000000000
618,train,0.606422018349,59.124942780000,0.799833194329,492,0.644703919933,0.300000000000
619,train,0.804920767306,160.853393555000,0.968306922435,423,0.544620517098,0.300000000000
620,train,0.269641367807,25.916610718000,0.399499582986,348,0.432860717264,0.300000000000
621,holdout,0.078899082569,25.117103577000,0.361134278565,906,0.940783986656,0.300000000000
622,train,0.565054211843,50.246749878000,0.743953294412,454,0.596330275229,0.300000000000
623,train,-0.028690575480,22.666900635000,0.180984153461,532,0.698915763136,0.300000000000
624,train,0.696830692244,134.348251343000,0.948290241868,681,0.838198498749,0.300000000000
625,train,-0.265471226022,19.575563431000,0.005004170142,786,0.901584653878,0.300000000000
626,holdout,0.320934111760,28.630821228000,0.517097581318,498,0.653878231860,0.300000000000
627,train,0.515179316097,58.027885437000,0.793160967473,849,0.926605504587,0.300000000000
628,train,0.650375312761,62.031967163000,0.814011676397,423,0.545454545455,0.300000000000
629,validation,0.131526271893,22.798524857000,0.194328607173,227,0.209341117598,0.300000000000
630,train,-0.024520433695,22.950862885000,0.215179316097,631,0.798999165972,0.300000000000
631,holdout,0.428273561301,35.621608734000,0.649708090075,566,0.738115095913,0.300000000000
632,validation,0.712427022519,84.569641113000,0.889074228524,448,0.588824020017,0.300000000000
633,train,0.512343619683,32.881771088000,0.619683069224,306,0.357798165138,0.300000000000
634,train,-0.191159299416,21.426488876000,0.065054211843,707,0.854045037531,0.300000000000
635,holdout,0.862718932444,186.085784912000,0.975813177648,318,0.376980817348,0.300000000000
636,train,0.279482902419,27.768451691000,0.485404503753,518,0.686405337781,0.300000000000
637,holdout,-0.023185988324,23.512611389000,0.273561301084,1335,0.989157631359,0.300000000000
638,train,0.272226855713,29.537780762000,0.542952460384,788,0.902418682235,0.300000000000
639,holdout,0.751626355296,60.317089081000,0.808173477898,218,0.188490408674,0.300000000000
640,validation,0.288824020017,26.045639038000,0.406171809842,327,0.391159299416,0.300000000000
641,train,-0.139616346956,20.987777710000,0.050041701418,484,0.632193494579,0.300000000000
642,train,0.270141784821,26.791549683000,0.447039199333,449,0.589658048374,0.300000000000
643,train,0.115512927440,25.162868500000,0.361968306922,656,0.821517931610,0.300000000000
644,train,0.444286905755,27.839149475000,0.492076730609,201,0.159299416180,0.300000000000
645,train,0.689908256881,51.097171783000,0.748957464554,222,0.196830692244,0.300000000000
646,holdout,0.813844870726,108.748977661000,0.919933277731,304,0.353628023353,0.300000000000
647,holdout,0.060050041701,23.497261047000,0.272727272727,537,0.708924103420,0.300000000000
648,holdout,-0.104336947456,22.675769806000,0.182652210175,1004,0.956630525438,0.300000000000
649,train,0.480900750626,30.736776352000,0.575479566305,282,0.315262718932,0.300000000000
650,train,0.815179316097,66.215827942000,0.830692243536,117,0.051709758132,0.300000000000
651,train,-0.135362802335,22.172945023000,0.125104253545,733,0.868223519600,0.300000000000
652,train,0.890575479566,209.298446655000,0.984153461218,280,0.311926605505,0.300000000000
653,holdout,0.442118432027,28.383220673000,0.507923269391,234,0.219349457882,0.300000000000
654,train,0.724687239366,104.070892334000,0.914095079233,483,0.631359466222,0.300000000000
655,validation,0.068974145121,23.404701233000,0.266889074229,507,0.659716430359,0.300000000000
656,holdout,0.634528773978,84.348999023000,0.888240200167,694,0.845704753962,0.300000000000
657,train,0.139783152627,22.342710495000,0.146788990826,79,0.023352793995,0.300000000000
658,train,0.413678065054,26.741657257000,0.446205170976,164,0.108423686405,0.300000000000
659,train,0.345621351126,25.949302673000,0.401167639700,217,0.185154295246,0.300000000000
660,train,0.666472060050,57.530929565000,0.789824854045,335,0.411175979983,0.300000000000
661,train,0.362885738115,28.872072220000,0.523769808173,413,0.536280233528,0.300000000000
662,train,0.426271893244,28.784259796000,0.522101751460,285,0.319432860717,0.300000000000
663,holdout,0.278148457048,30.598524094000,0.572143452877,1132,0.979983319433,0.300000000000
664,train,0.529774812344,46.224060059000,0.716430358632,473,0.622185154295,0.300000000000
665,train,0.234195162636,26.584552765000,0.437864887406,513,0.678899082569,0.300000000000
666,train,0.296997497915,26.231014252000,0.415346121768,328,0.394495412844,0.300000000000
667,train,0.200417014178,27.090782166000,0.462885738115,740,0.874895746455,0.300000000000
668,train,0.095079232694,22.819271088000,0.200166805671,302,0.350291909925,0.300000000000
669,validation,0.696830692244,179.061309814000,0.973311092577,838,0.921601334445,0.300000000000
670,validation,0.389741451209,35.399211884000,0.647206005004,713,0.858215179316,0.300000000000
671,train,0.518765638032,31.589305878000,0.593828190158,251,0.250208507089,0.300000000000
672,validation,0.470892410342,34.780517578000,0.643035863219,439,0.573811509591,0.300000000000
673,validation,0.590658882402,36.851428986000,0.662218515430,245,0.238532110092,0.300000000000
674,train,0.531025854879,31.423217773000,0.588824020017,220,0.192660550459,0.300000000000
675,train,-0.152960800667,18.691812515000,0.001668056714,401,0.515429524604,0.300000000000
676,validation,-0.004420350292,22.248291016000,0.138448707256,370,0.476230191827,0.300000000000
677,train,0.819516263553,76.100784302000,0.866555462886,199,0.156797331109,0.300000000000
678,train,0.074979149291,23.871971130000,0.296914095079,569,0.739783152627,0.300000000000
679,validation,0.140950792327,23.531570435000,0.276063386155,359,0.450375312761,0.300000000000
680,holdout,0.492410341952,41.663093567000,0.693077564637,510,0.668890742285,0.300000000000
681,train,0.298832360300,24.105720520000,0.313594662219,115,0.049207673061,0.300000000000
682,train,0.657130942452,59.304489136000,0.801501251043,372,0.481234361968,0.300000000000
683,train,0.880733944954,159.047134399000,0.965804837364,271,0.283569641368,0.300000000000
684,train,0.722518765638,50.047782898000,0.742285237698,128,0.065888240200,0.300000000000
685,train,0.025187656380,21.780021667000,0.089241034195,231,0.213511259383,0.300000000000
686,train,0.093494578816,23.208820343000,0.249374478732,402,0.519599666389,0.300000000000
687,train,0.424353628023,28.180942535000,0.502919099249,257,0.261884904087,0.300000000000
688,train,0.404670558799,34.577152252000,0.638865721435,617,0.780650542118,0.300000000000
689,holdout,-0.075646371977,22.074769974000,0.114261884904,485,0.633027522936,0.300000000000
690,validation,0.474478732277,50.508243561000,0.746455379483,791,0.906588824020,0.300000000000
691,train,0.646371976647,57.421169281000,0.788990825688,368,0.475396163470,0.300000000000
692,validation,-0.031276063386,20.831418991000,0.040033361134,244,0.237698081735,0.300000000000
693,holdout,0.213761467890,23.952695847000,0.301084236864,272,0.291075896580,0.300000000000
694,train,0.295996663887,29.811677933000,0.552960800667,710,0.856547122602,0.300000000000
695,train,0.772643869892,103.441055298000,0.913261050876,366,0.468723936614,0.300000000000
696,validation,0.834612176814,141.325836182000,0.954962468724,330,0.401167639700,0.300000000000
697,train,0.436864053378,29.607175827000,0.547956630525,314,0.370308590492,0.300000000000
698,train,0.298915763136,30.057178497000,0.564637197665,757,0.885738115096,0.300000000000
699,train,0.651209341118,54.156333923000,0.772310258549,332,0.403669724771,0.300000000000
700,train,-0.075729774812,22.302856445000,0.143452877398,558,0.730608840701,0.300000000000
701,holdout,0.036780650542,24.488012314000,0.330275229358,1126,0.978315262719,0.300000000000
702,holdout,-0.086321934946,22.907815933000,0.210175145955,1268,0.988323603003,0.300000000000
703,holdout,0.626688907423,78.292373657000,0.877397831526,676,0.835696413678,0.300000000000
704,train,0.022351959967,22.893840790000,0.206005004170,469,0.612176814012,0.300000000000
705,train,0.816680567139,109.383529663000,0.920767306088,300,0.346955796497,0.300000000000
706,validation,0.456463719766,28.773365021000,0.521267723103,232,0.216013344454,0.300000000000
707,train,0.033944954128,22.894355774000,0.206839032527,441,0.576313594662,0.300000000000
708,train,0.150208507089,25.573633194000,0.383653044204,611,0.778148457048,0.300000000000
709,train,0.884820683903,226.461318970000,0.986655546289,295,0.339449541284,0.300000000000
710,train,0.800834028357,248.076263428000,0.997497914929,503,0.655546288574,0.300000000000
711,train,0.767556296914,124.960510254000,0.939949958299,439,0.574645537948,0.300000000000
712,train,0.792076730609,67.617530823000,0.834862385321,192,0.142618849041,0.300000000000
713,train,0.311843202669,31.994890213000,0.601334445371,1034,0.964970809008,0.300000000000
714,train,0.440283569641,32.950511932000,0.622185154295,465,0.606338615513,0.300000000000
715,train,0.660884070058,58.742824554000,0.796497080901,360,0.452043369475,0.300000000000
716,train,0.037864887406,21.354410172000,0.063386155129,144,0.085070892410,0.300000000000
717,train,0.328940783987,27.221332550000,0.472060050042,371,0.477064220183,0.300000000000
718,train,0.016096747289,21.483404160000,0.068390325271,210,0.174311926606,0.300000000000
719,validation,0.611175979983,48.588211060000,0.729774812344,328,0.395329441201,0.300000000000
720,train,0.812010008340,102.535995483000,0.911592994162,292,0.331943286072,0.300000000000
721,validation,0.134195162636,26.379047394000,0.426188490409,1098,0.973311092577,0.300000000000
722,train,0.412427022519,31.796298981000,0.596330275229,469,0.613010842369,0.300000000000
723,train,0.390075062552,33.666587830000,0.630525437865,633,0.801501251043,0.300000000000
724,train,0.567472894078,34.120223999000,0.635529608007,238,0.226855713094,0.300000000000
725,holdout,-0.131442869058,21.700155258000,0.084236864053,547,0.718932443703,0.300000000000
726,train,0.147623019183,23.405792236000,0.267723102585,329,0.400333611343,0.300000000000
727,holdout,0.006088407006,23.072744370000,0.233527939950,591,0.758131776480,0.300000000000
728,train,0.080900750626,25.194820404000,0.363636363636,926,0.942452043369,0.300000000000
729,train,0.506755629691,36.389247894000,0.658882402002,391,0.507089241034,0.300000000000
730,train,0.234695579650,25.522041321000,0.382819015847,383,0.493744787323,0.300000000000
731,validation,-0.240450375313,20.607275009000,0.035029190992,823,0.918265221018,0.300000000000
732,validation,0.371559633028,25.379795074000,0.372810675563,42,0.004170141785,0.300000000000
733,train,0.846038365304,127.873229980000,0.944120100083,289,0.326939115930,0.300000000000
734,validation,-0.127522935780,22.038404465000,0.108423686405,623,0.786488740617,0.300000000000
735,holdout,0.670892410342,45.846015930000,0.713928273561,192,0.143452877398,0.300000000000
736,train,0.702335279399,48.640338898000,0.730608840701,150,0.094245204337,0.300000000000
737,train,0.907339449541,180.847534180000,0.974145120934,236,0.222685571309,0.300000000000
738,train,0.673060884070,88.062202454000,0.895746455379,572,0.742285237698,0.300000000000
739,train,0.448707256047,30.708017349000,0.573811509591,338,0.417014178482,0.300000000000
740,train,-0.045037531276,22.899986267000,0.207673060884,686,0.842368640534,0.300000000000
741,train,0.498665554629,30.933128357000,0.580483736447,266,0.272727272727,0.300000000000
742,validation,0.027856547123,21.554676056000,0.075896580484,201,0.160133444537,0.300000000000
743,validation,0.620767306088,100.069839478000,0.908256880734,1013,0.958298582152,0.300000000000
744,holdout,0.651876563803,56.599548340000,0.783986655546,352,0.440366972477,0.300000000000
745,holdout,0.834111759800,134.436752319000,0.949958298582,325,0.386155129274,0.300000000000
746,train,0.429107589658,36.382675171000,0.658048373645,597,0.763135946622,0.300000000000
747,validation,0.486488740617,44.868286133000,0.708924103420,571,0.741451209341,0.300000000000
748,train,0.565054211843,53.069313049000,0.761467889908,498,0.654712260217,0.300000000000
749,validation,0.153377814846,26.553871155000,0.435362802335,905,0.939949958299,0.300000000000
750,validation,0.298498748957,30.108142853000,0.565471226022,761,0.889908256881,0.300000000000
751,train,-0.159966638866,20.883380890000,0.044203502919,514,0.680567139283,0.300000000000
752,train,0.344620517098,34.163887024000,0.636363636364,1096,0.972477064220,0.300000000000
753,train,0.374562135113,31.349008560000,0.587989991660,539,0.711426188490,0.300000000000
754,train,0.007172643870,21.409215927000,0.064220183486,219,0.190158465388,0.300000000000
755,train,0.248707256047,28.639072418000,0.517931609675,772,0.897414512093,0.300000000000
756,train,0.742452043369,90.406188965000,0.899082568807,403,0.522101751460,0.300000000000
757,train,0.370725604671,35.822845459000,0.652210175146,903,0.938281901585,0.300000000000
758,train,0.730025020851,63.956867218000,0.824854045038,282,0.316096747289,0.300000000000
759,train,0.085904920767,22.055006027000,0.110925771476,142,0.083402835696,0.300000000000
760,train,0.144203502919,24.771106720000,0.348623853211,514,0.681401167640,0.300000000000
761,train,0.835446205171,83.192291260000,0.885738115096,205,0.167639699750,0.300000000000
762,train,0.179649708090,22.973497391000,0.217681401168,183,0.126772310259,0.300000000000
763,train,0.031192660550,21.517383575000,0.071726438699,188,0.135112593828,0.300000000000
764,train,0.148457047540,26.556781769000,0.436196830692,1014,0.959132610509,0.300000000000
765,holdout,-0.218932443703,20.192134857000,0.022518765638,635,0.804837364470,0.300000000000
766,train,0.354879065888,27.239875793000,0.473728106756,328,0.396163469558,0.300000000000
767,train,0.611342785655,33.366909027000,0.626355296080,116,0.050041701418,0.300000000000
768,train,0.902335279399,243.048187256000,0.994161801501,276,0.306088407006,0.300000000000
769,train,0.485571309425,38.756149292000,0.679733110926,493,0.647206005004,0.300000000000
770,train,0.407923269391,26.793373108000,0.448707256047,188,0.135946622185,0.300000000000
771,train,0.226021684737,23.849372864000,0.296080066722,242,0.233527939950,0.300000000000
772,train,0.751125938282,105.022674561000,0.915763135947,425,0.548790658882,0.300000000000
773,train,0.668723936614,38.550449371000,0.677231025855,85,0.028356964137,0.300000000000
774,train,0.184820683903,24.396945953000,0.324437030859,365,0.465387823186,0.300000000000
775,train,0.519099249374,29.387546539000,0.537114261885,123,0.060050041701,0.300000000000
776,train,0.042952460384,21.837606430000,0.096747289408,211,0.179316096747,0.300000000000
777,holdout,0.067139282736,24.495708466000,0.331109257715,743,0.879899916597,0.300000000000
778,train,0.450125104254,28.441268921000,0.510425354462,224,0.201000834028,0.300000000000
779,holdout,0.931359466222,246.997665405000,0.996663886572,233,0.217681401168,0.300000000000
780,train,0.308924103420,24.557497025000,0.339449541284,156,0.101751459550,0.300000000000
781,holdout,0.712093411176,58.566131592000,0.795663052544,268,0.278565471226,0.300000000000
782,train,-0.096663886572,21.088178635000,0.051709758132,383,0.494578815680,0.300000000000
783,train,0.755879899917,64.206352234000,0.825688073394,241,0.232693911593,0.300000000000
784,holdout,0.692827356130,63.108406067000,0.815679733111,334,0.409507923269,0.300000000000
785,train,0.323853211009,25.470344543000,0.381150959133,219,0.190992493745,0.300000000000
786,train,0.358131776480,32.934246063000,0.621351125938,742,0.877397831526,0.300000000000
787,holdout,0.082985821518,24.502899170000,0.331943286072,663,0.829858215179,0.300000000000
788,train,-0.124687239366,22.436864853000,0.154295246038,872,0.929941618015,0.300000000000
789,train,0.030775646372,23.944578171000,0.300250208507,774,0.898248540450,0.300000000000
790,train,-0.087322768974,22.086299896000,0.115095913261,511,0.674728940784,0.300000000000
791,train,0.668723936614,38.129238129000,0.674728940784,76,0.020016680567,0.300000000000
792,train,0.158632193495,24.988399506000,0.357798165138,509,0.663886572143,0.300000000000
793,holdout,-0.238448707256,20.023979187000,0.012510425354,678,0.836530442035,0.300000000000
794,train,0.289157631359,28.344951630000,0.507089241034,555,0.726438698916,0.300000000000
795,train,0.119516263553,24.444107056000,0.326939115930,523,0.691409507923,0.300000000000
796,train,0.711426188490,93.620025635000,0.901584653878,485,0.633861551293,0.300000000000
797,train,0.794328607173,197.015579224000,0.977481234362,468,0.610508757298,0.300000000000
798,holdout,0.533361134279,55.282032013000,0.777314428691,649,0.813177648040,0.300000000000
799,train,0.170558798999,23.093349457000,0.239366138449,239,0.229357798165,0.300000000000
800,train,-0.035863219349,20.119720459000,0.016680567139,210,0.175145954962,0.300000000000
801,train,0.614929107590,56.725879669000,0.784820683903,432,0.566305254379,0.300000000000
802,train,0.222685571309,24.511873245000,0.332777314429,312,0.366972477064,0.300000000000
803,holdout,-0.075479566305,22.516376495000,0.163469557965,630,0.796497080901,0.300000000000
804,train,0.507839866555,36.019824982000,0.654712260217,381,0.489574645538,0.300000000000
805,validation,0.595079232694,38.416709900000,0.676396997498,265,0.271059216013,0.300000000000
806,train,0.166638865721,23.383735657000,0.265221017515,291,0.328607172644,0.300000000000
807,train,0.188907422852,25.991535187000,0.402835696414,542,0.713094245204,0.300000000000
808,train,0.280900750626,24.728693008000,0.346955796497,234,0.220183486239,0.300000000000
809,train,0.645871559633,78.145751953000,0.876563803169,603,0.768974145121,0.300000000000
810,train,0.391826522102,27.807727814000,0.487906588824,285,0.320266889074,0.300000000000
811,train,0.583569641368,76.903610229000,0.869057547957,973,0.951626355296,0.300000000000
812,validation,0.279649708090,27.724739075000,0.484570475396,515,0.683069224354,0.300000000000
813,train,0.054045037531,22.112548828000,0.117597998332,230,0.211843202669,0.300000000000
814,holdout,0.737948290242,53.748153687000,0.771476230192,168,0.111759799833,0.300000000000
815,train,0.412176814012,29.040275574000,0.526271893244,320,0.380316930776,0.300000000000
816,train,0.085487906589,22.128890991000,0.119266055046,168,0.112593828190,0.300000000000
817,train,0.132610508757,26.161672592000,0.412844036697,883,0.934111759800,0.300000000000
818,train,0.786738949124,60.728439331000,0.809007506255,132,0.074228523770,0.300000000000
819,train,0.472977481234,30.899988174000,0.578815679733,303,0.352793994996,0.300000000000
820,validation,-0.115429524604,22.521081924000,0.164303586322,875,0.932443703086,0.300000000000
821,train,0.027439532944,22.272809982000,0.141784820684,321,0.381150959133,0.300000000000
822,train,0.459716430359,32.968719482000,0.623853211009,424,0.547122602168,0.300000000000
823,validation,0.526105087573,29.592761993000,0.547122602168,131,0.070058381985,0.300000000000
824,train,0.685988323603,44.736621857000,0.707256046706,131,0.070892410342,0.300000000000
825,train,0.303836530442,27.820407867000,0.488740617181,471,0.616346955796,0.300000000000
826,train,0.816763969975,97.712127686000,0.906588824020,274,0.299416180150,0.300000000000
827,train,0.652293577982,76.632591248000,0.868223519600,547,0.719766472060,0.300000000000
828,train,0.314929107590,25.203289032000,0.364470391993,203,0.165137614679,0.300000000000
829,holdout,0.223436196831,25.764587402000,0.390325271059,428,0.556296914095,0.300000000000
830,train,0.141784820684,23.083848953000,0.236864053378,283,0.316930775646,0.300000000000
831,holdout,-0.020683903253,20.562091827000,0.033361134279,211,0.180150125104,0.300000000000
832,train,0.084403669725,21.835159302000,0.095913261051,98,0.038365304420,0.300000000000
833,holdout,0.027689741451,22.762891769000,0.189324437031,416,0.538782318599,0.300000000000
834,train,0.578648874062,77.867416382000,0.874895746455,1236,0.987489574646,0.300000000000
835,train,0.080733944954,25.404531479000,0.374478732277,1128,0.979149291076,0.300000000000
836,train,-0.208423686405,21.207092285000,0.057547956631,758,0.886572143453,0.300000000000
837,holdout,0.012260216847,21.851383209000,0.097581317765,271,0.284403669725,0.300000000000
838,holdout,-0.188657214345,20.773693085000,0.037531276063,589,0.753961634696,0.300000000000
839,train,0.285821517932,26.598125458000,0.438698915763,392,0.509591326105,0.300000000000
840,train,0.169808173478,27.041893005000,0.459549624687,1038,0.965804837364,0.300000000000
841,train,0.003085904921,22.992053986000,0.223519599666,562,0.734778982485,0.300000000000
842,train,-0.012010008340,22.216066360000,0.135112593828,381,0.490408673895,0.300000000000
843,validation,0.338532110092,29.024463654000,0.525437864887,474,0.623019182652,0.300000000000
844,train,0.064136780651,22.125375748000,0.118432026689,211,0.180984153461,0.300000000000
845,train,0.410341951626,30.973747253000,0.582985821518,440,0.575479566305,0.300000000000
846,train,0.567055879900,34.637290955000,0.641367806505,250,0.247706422018,0.300000000000
847,train,0.728190158465,105.847976685000,0.916597164304,479,0.628023352794,0.300000000000
848,train,0.878732276897,203.046966553000,0.980817347790,295,0.340283569641,0.300000000000
849,train,0.665554628857,50.494964600000,0.745621351126,259,0.266889074229,0.300000000000
850,holdout,0.769307756464,63.530387878000,0.819849874896,205,0.168473728107,0.300000000000
851,holdout,-0.001834862385,23.602310181000,0.279399499583,901,0.937447873228,0.300000000000
852,train,-0.011092577148,21.878646851000,0.099249374479,312,0.367806505421,0.300000000000
853,holdout,0.362885738115,35.783157349000,0.651376146789,1028,0.961634695580,0.300000000000
854,train,-0.098165137615,22.660785675000,0.179316096747,845,0.924937447873,0.300000000000
855,train,0.691576313595,45.760177612000,0.713094245204,131,0.071726438699,0.300000000000
856,train,0.182819015847,26.728179932000,0.444537114262,736,0.872393661384,0.300000000000
857,train,0.293661384487,28.482681274000,0.514595496247,565,0.736447039199,0.300000000000
858,train,0.629441201001,53.132480621000,0.764804003336,359,0.451209341118,0.300000000000
859,train,0.166388657214,23.528041840000,0.275229357798,308,0.362802335279,0.300000000000
860,train,-0.059382819016,22.139812469000,0.121768140117,463,0.603836530442,0.300000000000
861,train,0.289491242702,26.334079742000,0.422852376981,355,0.444537114262,0.300000000000
862,train,-0.095329441201,21.721591949000,0.085070892410,462,0.601334445371,0.300000000000
863,holdout,-0.005838198499,21.930076599000,0.101751459550,306,0.358632193495,0.300000000000
864,train,0.095246038365,23.001663208000,0.224353628023,347,0.430358632193,0.300000000000
865,train,0.634695579650,61.579662323000,0.812343619683,451,0.592160133445,0.300000000000
866,train,0.443286071726,33.721866608000,0.632193494579,480,0.629691409508,0.300000000000
867,train,0.413511259383,30.042871475000,0.562135112594,383,0.495412844037,0.300000000000
868,holdout,0.423352793995,37.549419403000,0.668056713928,650,0.815679733111,0.300000000000
869,train,0.283236030025,27.199028015000,0.470391993328,476,0.623853211009,0.300000000000
870,train,0.131859883236,26.028177261000,0.405337781485,815,0.911592994162,0.300000000000
871,train,0.249958298582,24.792102814000,0.350291909925,294,0.334445371143,0.300000000000
872,validation,0.056296914095,22.590471268000,0.172643869892,326,0.387823185988,0.300000000000
873,train,0.441284403670,29.890163422000,0.554628857381,318,0.377814845705,0.300000000000
874,holdout,0.067806505421,22.991512299000,0.222685571309,401,0.516263552961,0.300000000000
875,train,0.883319432861,143.179489136000,0.956630525438,248,0.244370308590,0.300000000000
876,validation,0.538698915763,42.203708649000,0.695579649708,403,0.522935779817,0.300000000000
877,holdout,0.288240200167,29.956333160000,0.557964970809,775,0.899082568807,0.300000000000
878,train,0.513261050876,50.040809631000,0.741451209341,593,0.760633861551,0.300000000000
879,train,0.637447873228,49.737316132000,0.739783152627,295,0.341117597998,0.300000000000
880,train,-0.010508757298,23.311946869000,0.257714762302,766,0.894078398666,0.300000000000
881,validation,0.336947456214,31.093544006000,0.584653878232,659,0.825688073394,0.300000000000
882,train,0.274728940784,27.235050201000,0.472894078399,507,0.660550458716,0.300000000000
883,holdout,0.634361968307,81.529754639000,0.884070058382,666,0.832360300250,0.300000000000
884,validation,0.594829024187,45.518024445000,0.711426188490,326,0.388657214345,0.300000000000
885,train,0.646288573812,42.644863129000,0.698081734779,209,0.172643869892,0.300000000000
886,validation,0.544286905755,32.838344574000,0.618849040867,250,0.248540450375,0.300000000000
887,train,0.473728106756,53.113712311000,0.763969974979,1064,0.967472894078,0.300000000000
888,train,0.891826522102,149.561676025000,0.959132610509,237,0.224353628023,0.300000000000
889,train,0.550208507089,44.784378052000,0.708090075063,404,0.526271893244,0.300000000000
890,holdout,0.447039199333,28.473762512000,0.512093411176,232,0.216847372811,0.300000000000
891,train,0.944286905755,246.823104858000,0.995829858215,208,0.171809841535,0.300000000000
892,train,0.677731442869,57.979438782000,0.792326939116,321,0.381984987490,0.300000000000
893,train,0.548206839033,31.865198135000,0.597998331943,203,0.165971643036,0.300000000000
894,train,0.267639699750,26.003292084000,0.404503753128,362,0.456213511259,0.300000000000
895,train,0.458381984987,43.015689850000,0.700583819850,637,0.807339449541,0.300000000000
896,holdout,0.852877397832,77.014648438000,0.869891576314,121,0.056713928274,0.300000000000
897,train,0.748874061718,112.584289551000,0.928273561301,457,0.597998331943,0.300000000000
898,holdout,0.074895746455,22.381385803000,0.148457047540,248,0.245204336947,0.300000000000
899,train,0.556630525438,36.454647064000,0.659716430359,297,0.343619683069,0.300000000000
900,train,0.038448707256,21.611352921000,0.076730608841,183,0.127606338616,0.300000000000
901,holdout,0.512760633862,37.160125732000,0.666388657214,399,0.512093411176,0.300000000000
902,train,0.330442035029,26.620994568000,0.439532944120,308,0.363636363636,0.300000000000
903,train,0.759299416180,112.325103760000,0.927439532944,430,0.560467055880,0.300000000000
904,validation,0.571392827356,55.763214111000,0.779816513761,529,0.694745621351,0.300000000000
905,validation,0.751709758132,55.903396606000,0.781484570475,155,0.099249374479,0.300000000000
906,holdout,0.453044203503,46.866531372000,0.719766472060,760,0.889074228524,0.300000000000
907,train,-0.229357798165,20.108060837000,0.015846538782,651,0.817347789825,0.300000000000
908,train,0.403669724771,31.928230286000,0.598832360300,494,0.650542118432,0.300000000000
909,train,0.649958298582,40.434654236000,0.687239366138,182,0.124270225188,0.300000000000
910,train,0.554128440367,65.939186096000,0.829858215179,829,0.919099249374,0.300000000000
911,train,0.681651376147,84.812438965000,0.891576313595,532,0.699749791493,0.300000000000
912,train,0.038949124270,23.235771179000,0.251876563803,537,0.709758131776,0.300000000000
913,validation,0.335112593828,28.279537201000,0.506255212677,436,0.570475396163,0.300000000000
914,holdout,0.092660550459,24.382995605000,0.323603002502,603,0.769808173478,0.300000000000
915,train,0.784070058382,137.406433105000,0.952460383653,430,0.561301084237,0.300000000000
916,train,0.196080066722,25.868137360000,0.396997497915,510,0.669724770642,0.300000000000
917,validation,0.794495412844,199.535675049000,0.979149291076,470,0.615512927440,0.300000000000
918,train,0.021184320267,21.439558029000,0.066722268557,197,0.151793160967,0.300000000000
919,train,0.421851542952,29.576042175000,0.545454545455,335,0.412010008340,0.300000000000
920,holdout,0.819182652210,197.684814453000,0.978315262719,408,0.530442035029,0.300000000000
921,train,0.048707256047,22.382240295000,0.149291075897,294,0.335279399500,0.300000000000
922,train,0.398999165972,28.749811172000,0.519599666389,330,0.402001668057,0.300000000000
923,train,0.833944954128,127.717330933000,0.943286071726,308,0.364470391993,0.300000000000
924,train,0.096747289408,23.635450363000,0.281901584654,471,0.617180984153,0.300000000000
925,train,0.478982485405,32.250938416000,0.606338615513,342,0.424520433695,0.300000000000
926,train,0.241784820684,24.012529373000,0.306088407006,231,0.214345287740,0.300000000000
927,train,-0.108173477898,22.559244156000,0.166805671393,818,0.916597164304,0.300000000000
928,holdout,0.770892410342,135.623550415000,0.950792326939,458,0.599666388657,0.300000000000
929,train,0.010175145955,23.749069214000,0.289407839867,873,0.930775646372,0.300000000000
930,train,0.608006672227,77.674934387000,0.873227689741,749,0.884070058382,0.300000000000
931,train,-0.037030859049,22.129076004000,0.120100083403,403,0.523769808173,0.300000000000
932,train,0.428023352794,29.422782898000,0.539616346956,315,0.371976647206,0.300000000000
933,train,0.209674728941,28.078384399000,0.500417014178,1070,0.969140950792,0.300000000000
934,train,0.682568807339,125.260787964000,0.940783986656,720,0.860717264387,0.300000000000
935,validation,0.353461217681,29.985992432000,0.559633027523,518,0.687239366138,0.300000000000
936,validation,0.233027522936,27.530387878000,0.478732276897,654,0.819015846539,0.300000000000
937,validation,0.453461217681,29.108268738000,0.528773978315,251,0.251042535446,0.300000000000
938,train,0.668223519600,88.420120239000,0.897414512093,598,0.763969974979,0.300000000000
939,train,-0.034195162636,18.927139282000,0.003336113428,182,0.125104253545,0.300000000000
940,train,0.497164303586,38.274955750000,0.675562969141,452,0.594662218515,0.300000000000
941,train,0.404003336113,27.189031601000,0.469557964971,233,0.218515429525,0.300000000000
942,train,-0.134195162636,19.380163193000,0.004170141785,364,0.461217681401,0.300000000000
943,train,0.407089241034,26.860662460000,0.455379482902,201,0.160967472894,0.300000000000
944,holdout,0.021684737281,22.623617172000,0.176814011676,401,0.517097581318,0.300000000000
945,train,0.275562969141,30.419807434000,0.568807339450,1123,0.977481234362,0.300000000000
946,train,0.557881567973,51.550659180000,0.752293577982,493,0.648040033361,0.300000000000
947,validation,0.528190158465,43.744655609000,0.703085904921,445,0.582985821518,0.300000000000
948,validation,0.596497080901,53.402790070000,0.768140116764,438,0.572143452877,0.300000000000
949,holdout,0.511843202669,42.589126587000,0.697247706422,471,0.618015012510,0.300000000000
950,validation,-0.187239366138,21.685239792000,0.081734778982,770,0.896580483736,0.300000000000
951,train,0.756380316931,97.427841187000,0.905754795663,386,0.497914929108,0.300000000000
952,train,0.217180984153,26.988689423000,0.457881567973,633,0.802335279399,0.300000000000
953,train,0.653794829024,38.829055786000,0.680567139283,148,0.089241034195,0.300000000000
954,train,0.270058381985,27.204977036000,0.471226021685,510,0.670558798999,0.300000000000
955,train,0.164720600500,25.778659821000,0.391159299416,589,0.754795663053,0.300000000000
956,train,0.260633861551,27.971050262000,0.497080900751,625,0.788156797331,0.300000000000
957,train,0.325104253545,32.617996216000,0.613844870726,1028,0.962468723937,0.300000000000
958,validation,-0.067723102585,21.821334839000,0.093411175980,413,0.537114261885,0.300000000000
959,train,0.267806505421,26.128665924000,0.411175979983,371,0.477898248540,0.300000000000
960,train,0.707339449541,55.170505524000,0.775646371977,238,0.227689741451,0.300000000000
961,train,0.439032527106,34.056243896000,0.634695579650,495,0.652210175146,0.300000000000
962,train,0.125271059216,23.144079208000,0.244370308590,328,0.396997497915,0.300000000000
963,train,0.888407005838,154.166305542000,0.962468723937,249,0.246872393661,0.300000000000
964,train,0.735112593828,72.490875244000,0.858215179316,334,0.410341951626,0.300000000000
965,validation,0.561050875730,63.165855408000,0.816513761468,705,0.851542952460,0.300000000000
966,train,0.086905754796,24.089910507000,0.311092577148,581,0.747289407840,0.300000000000
967,train,0.086405337781,22.559427261000,0.168473728107,266,0.273561301084,0.300000000000
968,train,0.645037531276,63.323848724000,0.818181818182,441,0.577147623019,0.300000000000
969,train,-0.011592994162,23.303325653000,0.256880733945,767,0.894912427023,0.300000000000
970,holdout,0.212343619683,26.657527924000,0.442035029191,601,0.765638031693,0.300000000000
971,train,0.563886572143,31.988634109000,0.599666388657,176,0.119266055046,0.300000000000
972,train,0.455713094245,35.587928772000,0.648874061718,491,0.643869891576,0.300000000000
973,validation,0.797080900751,173.849853516000,0.972477064220,446,0.584653878232,0.300000000000
974,train,0.089991659716,23.710641861000,0.286905754796,503,0.656380316931,0.300000000000
975,train,0.935613010842,168.522659302000,0.971643035863,178,0.120100083403,0.300000000000
976,holdout,-0.047456213511,20.840614319000,0.040867389491,273,0.294412010008,0.300000000000
977,train,0.479566305254,28.429737091000,0.509591326105,155,0.100083402836,0.300000000000
978,train,0.795246038365,63.761833191000,0.821517931610,146,0.087572977481,0.300000000000
979,holdout,0.964386989158,236.530471802000,0.991659716430,149,0.090909090909,0.300000000000
980,train,0.481317764804,29.194948196000,0.532110091743,205,0.169307756464,0.300000000000
981,validation,-0.282985821518,19.817968369000,0.010008340284,1122,0.976647206005,0.300000000000
982,train,0.086572143453,21.935083389000,0.102585487907,118,0.053377814846,0.300000000000
983,train,0.058965804837,23.964221954000,0.301918265221,639,0.809841534612,0.300000000000
984,holdout,0.449040867389,26.836668015000,0.452043369475,53,0.010008340284,0.300000000000
985,train,0.787989991660,63.454261780000,0.819015846539,157,0.103419516264,0.300000000000
986,train,0.553294412010,33.592361450000,0.628857381151,251,0.251876563803,0.300000000000
987,train,0.082985821518,22.670164108000,0.181818181818,291,0.329441201001,0.300000000000
988,train,0.937614678899,249.152069092000,0.999165971643,226,0.205170975813,0.300000000000
989,train,-0.038115095913,23.062292099000,0.231859883236,776,0.899916597164,0.300000000000
990,train,-0.130108423686,21.834920883000,0.095079232694,586,0.750625521268,0.300000000000
991,train,0.598748957465,51.200717926000,0.750625521268,390,0.506255212677,0.300000000000
992,train,0.192660550459,23.752073288000,0.290241868224,288,0.325271059216,0.300000000000
993,train,0.383486238532,29.276142120000,0.534612176814,389,0.503753127606,0.300000000000
994,train,0.737531276063,63.795433044000,0.822351959967,270,0.282735613011,0.300000000000
995,train,0.166889074229,26.797355652000,0.450375312761,935,0.944954128440,0.300000000000
996,holdout,0.606255212677,49.223617554000,0.735613010842,347,0.431192660550,0.300000000000
997,train,0.914345287740,153.625686646000,0.961634695580,199,0.157631359466,0.300000000000
998,validation,0.164303586322,22.714382172000,0.186822351960,134,0.075062552127,0.300000000000
999,train,0.680900750626,139.630218506000,0.954128440367,802,0.910758965805,0.300000000000
1000,train,0.054045037531,23.836822510000,0.295246038365,634,0.804003336113,0.300000000000
1001,train,0.265221017515,24.862800598000,0.352793994996,272,0.291909924937,0.300000000000
1002,train,0.589407839867,77.630340576000,0.872393661384,927,0.943286071726,0.300000000000
1003,validation,0.955546288574,238.417724609000,0.993327773144,182,0.125938281902,0.300000000000
1004,train,0.776396997498,57.385005951000,0.788156797331,98,0.039199332777,0.300000000000
1005,train,0.370141784821,29.658203125000,0.548790658882,453,0.595496246872,0.300000000000
1006,train,0.584403669725,53.085594177000,0.762301918265,451,0.592994161802,0.300000000000
1007,train,0.132360300250,25.213294983000,0.365304420350,608,0.776480400334,0.300000000000
1008,train,0.203085904921,26.110240936000,0.409507923269,518,0.688073394495,0.300000000000
1009,validation,0.058632193495,22.595903397000,0.173477898249,321,0.382819015847,0.300000000000
1010,train,0.467055879900,32.545513153000,0.612176814012,374,0.483736447039,0.300000000000
1011,holdout,0.269641367807,27.136814117000,0.467055879900,506,0.658048373645,0.300000000000
1012,train,0.106839032527,22.186225891000,0.130108423686,135,0.077564637198,0.300000000000
1013,train,0.798832360300,83.305915833000,0.887406171810,273,0.295246038365,0.300000000000
1014,holdout,0.302335279399,30.049402237000,0.563803169308,735,0.871559633028,0.300000000000
1015,holdout,0.560550458716,48.926174164000,0.733944954128,441,0.577981651376,0.300000000000
1016,train,0.509341117598,52.411399841000,0.757297748123,659,0.826522101751,0.300000000000
1017,train,0.419849874896,30.463233948000,0.570475396163,388,0.502085070892,0.300000000000
1018,train,0.832276897415,72.793373108000,0.861551292744,154,0.097581317765,0.300000000000
1019,train,-0.036447039199,21.901199341000,0.100917431193,363,0.457881567973,0.300000000000
1020,train,0.689574645538,89.521003723000,0.898248540450,529,0.695579649708,0.300000000000
1021,train,0.192243536280,23.733802795000,0.288573811510,285,0.321100917431,0.300000000000
1022,train,0.287989991660,26.431213379000,0.427856547123,365,0.466221851543,0.300000000000
1023,train,-0.237698081735,20.362514496000,0.025020850709,740,0.875729774812,0.300000000000
1024,train,0.654628857381,88.135200500000,0.896580483736,636,0.806505421184,0.300000000000
1025,train,0.703586321935,47.413585663000,0.723102585488,127,0.065054211843,0.300000000000
1026,train,0.062051709758,22.201074600000,0.132610508757,243,0.235195996664,0.300000000000
1027,train,0.697831526272,59.507137299000,0.803169307756,302,0.351125938282,0.300000000000
1028,train,0.322768974145,26.843662262000,0.452877397832,348,0.433694745621,0.300000000000
1029,train,0.117931609675,25.903392792000,0.398665554629,892,0.935779816514,0.300000000000
1030,train,0.095162635530,23.158704758000,0.246038365304,388,0.502919099249,0.300000000000
1031,train,0.869974979149,235.740463257000,0.990825688073,330,0.402835696414,0.300000000000
1032,holdout,0.809674728941,72.315589905000,0.855713094245,198,0.153461217681,0.300000000000
1033,train,0.117014178482,26.223178864000,0.414512093411,1445,0.991659716430,0.300000000000
1034,train,0.255462885738,28.508373260000,0.515429524604,732,0.866555462886,0.300000000000
1035,holdout,0.714845704754,48.743240356000,0.733110925771,124,0.060884070058,0.300000000000
1036,train,0.173394495413,26.302227020000,0.420350291910,657,0.823185988324,0.300000000000
1037,train,0.568056713928,59.782020569000,0.806505421184,629,0.794829024187,0.300000000000
1038,holdout,0.173561301084,26.497177124000,0.432026688907,722,0.861551292744,0.300000000000
1039,validation,0.572727272727,55.846511841000,0.780650542118,528,0.693077564637,0.300000000000
1040,train,0.665804837364,58.829391479000,0.798165137615,352,0.441201000834,0.300000000000
1041,train,0.212010008340,26.798450470000,0.451209341118,630,0.797331109258,0.300000000000
1042,train,-0.130108423686,21.458461761000,0.067556296914,506,0.658882402002,0.300000000000
1043,train,-0.071559633028,22.666624069000,0.180150125104,681,0.839032527106,0.300000000000
1044,train,0.596246872394,46.588520050000,0.718098415346,333,0.406171809842,0.300000000000
1045,train,0.671142618849,51.885921478000,0.753961634696,267,0.276063386155,0.300000000000
1046,validation,0.101834862385,22.845441818000,0.202668890742,294,0.336113427857,0.300000000000
1047,train,0.548457047540,48.100597382000,0.725604670559,449,0.590492076731,0.300000000000
1048,train,0.289908256881,25.231781006000,0.366972477064,253,0.256880733945,0.300000000000
1049,train,0.343869891576,32.541854858000,0.611342785655,763,0.891576313595,0.300000000000
1050,validation,0.276814011676,30.014354706000,0.561301084237,945,0.948290241868,0.300000000000
1051,validation,0.280150125104,25.786632538000,0.391993327773,315,0.372810675563,0.300000000000
1052,train,-0.003502919099,23.346271515000,0.262718932444,758,0.887406171810,0.300000000000
1053,train,0.053294412010,23.007158279000,0.225187656380,438,0.572977481234,0.300000000000
1054,train,0.357047539616,33.393127441000,0.628023352794,788,0.903252710592,0.300000000000
1055,validation,0.730275229358,100.935630798000,0.909924937448,457,0.598832360300,0.300000000000
1056,train,0.401751459550,32.184535980000,0.604670558799,512,0.676396997498,0.300000000000
1057,train,-0.200834028357,20.623203278000,0.035863219349,625,0.788990825688,0.300000000000
1058,validation,0.200000000000,24.907890320000,0.356130108424,402,0.520433694746,0.300000000000
1059,train,0.461551292744,46.491573334000,0.717264386989,706,0.852376980817,0.300000000000
1060,validation,0.352543786489,35.467453003000,0.648040033361,1182,0.984987489575,0.300000000000
1061,holdout,0.089991659716,22.700017929000,0.184320266889,281,0.314428690575,0.300000000000
1062,train,0.027689741451,23.533519745000,0.276897414512,663,0.830692243536,0.300000000000
1063,train,0.579983319433,32.673141479000,0.615512927440,175,0.118432026689,0.300000000000
1064,train,0.412844036697,26.792346954000,0.447873227690,172,0.116763969975,0.300000000000
1065,train,0.206755629691,25.215553284000,0.366138448707,408,0.531276063386,0.300000000000
1066,train,0.014762301918,23.568048477000,0.277731442869,741,0.876563803169,0.300000000000
1067,train,0.582485404504,54.392845154000,0.773144286906,486,0.635529608007,0.300000000000
1068,train,0.800500417014,63.823783875000,0.824020016681,135,0.078398665555,0.300000000000
1069,train,0.406005004170,26.284755707000,0.419516263553,103,0.045037531276,0.300000000000
1070,train,0.161467889908,27.018693924000,0.458715596330,1378,0.990825688073,0.300000000000
1071,train,0.760467055880,94.197875977000,0.904086738949,371,0.478732276897,0.300000000000
1072,train,0.242535446205,25.437149048000,0.378648874062,361,0.453711426188,0.300000000000
1073,holdout,0.732110091743,77.128387451000,0.870725604671,364,0.462051709758,0.300000000000
1074,train,-0.043452877398,23.061399460000,0.231025854879,817,0.914929107590,0.300000000000
1075,validation,0.471643035863,38.092494965000,0.673060884070,510,0.671392827356,0.300000000000
1076,train,0.779482902419,112.603347778000,0.929107589658,386,0.498748957465,0.300000000000
1077,train,0.370558798999,32.230674744000,0.605504587156,618,0.783152627189,0.300000000000
1078,train,0.491326105088,29.662340164000,0.549624687239,221,0.194328607173,0.300000000000
1079,train,0.350125104254,28.717250824000,0.518765638032,430,0.562135112594,0.300000000000
1080,train,0.177814845705,25.437576294000,0.379482902419,510,0.672226855713,0.300000000000
1081,train,0.162051709758,26.430713654000,0.427022518766,746,0.883236030025,0.300000000000
1082,train,0.806922435363,102.196357727000,0.910758965805,298,0.346121768140,0.300000000000
1083,train,-0.045287739783,21.324796677000,0.062552126772,306,0.359466221852,0.300000000000
1084,validation,0.445704753962,40.699584961000,0.688907422852,641,0.810675562969,0.300000000000
1085,train,0.070058381985,21.502872467000,0.070058381985,14,0.000000000000,0.300000000000
1086,train,0.471142618849,29.136980057000,0.530442035029,222,0.197664720601,0.300000000000
1087,train,0.332360300250,26.247417450000,0.416180150125,268,0.279399499583,0.300000000000
1088,validation,0.634778982485,35.622962952000,0.650542118432,117,0.052543786489,0.300000000000
1089,train,-0.038698915763,22.184936523000,0.128440366972,428,0.557130942452,0.300000000000
1090,train,0.078482068390,22.907382965000,0.209341117598,349,0.436196830692,0.300000000000
1091,train,0.533944954128,52.206874847000,0.755629691410,566,0.738949124270,0.300000000000
1092,train,0.077147623019,23.683906555000,0.286071726439,529,0.696413678065,0.300000000000
1093,validation,0.933944954128,182.245422363000,0.974979149291,188,0.136780650542,0.300000000000
1094,train,0.111759799833,24.215761185000,0.316930775646,516,0.683903252711,0.300000000000
1095,train,0.050542118432,23.968433380000,0.302752293578,683,0.840700583820,0.300000000000
1096,train,0.675729774812,38.867172241000,0.682235195997,77,0.021684737281,0.300000000000
1097,train,0.138949124270,23.441543579000,0.268557130942,347,0.432026688907,0.300000000000
1098,train,-0.016847372811,22.966793060000,0.216847372811,612,0.778982485405,0.300000000000
1099,train,0.664303586322,39.477108002000,0.683069224354,125,0.062552126772,0.300000000000
1100,train,-0.007506255213,21.692573547000,0.082568807339,274,0.300250208507,0.300000000000
1101,train,0.961801501251,248.752014160000,0.998331943286,181,0.121768140117,0.300000000000
1102,validation,0.533527939950,29.436153412000,0.541284403670,84,0.025854879066,0.300000000000
1103,train,0.649708090075,106.353958130000,0.917431192661,763,0.892410341952,0.300000000000
1104,validation,0.301584653878,23.990097046000,0.303586321935,48,0.006672226856,0.300000000000
1105,train,0.616263552961,55.310260773000,0.778148457048,416,0.539616346956,0.300000000000
1106,train,-0.046538782319,23.244388580000,0.252710592160,1522,0.997497914929,0.300000000000
1107,train,0.447039199333,26.855155945000,0.454545454545,83,0.025020850709,0.300000000000
1108,holdout,0.277898248540,29.513744354000,0.542118432027,744,0.880733944954,0.300000000000
1109,holdout,0.694578815680,50.177780151000,0.743119266055,201,0.161801501251,0.300000000000
1110,train,0.076396997498,24.845092773000,0.351125938282,817,0.915763135947,0.300000000000
1111,validation,0.441701417848,32.179466248000,0.603836530442,418,0.540450375313,0.300000000000
1112,holdout,0.026855713094,24.315301895000,0.321100917431,1134,0.980817347790,0.300000000000
1113,validation,0.004670558799,21.549413681000,0.074228523770,240,0.231859883236,0.300000000000
1114,holdout,0.582819015847,39.633483887000,0.683903252711,294,0.336947456214,0.300000000000
1115,train,0.615095913261,49.668315887000,0.738949124270,335,0.412844036697,0.300000000000
1116,validation,0.599332777314,42.304748535000,0.696413678065,287,0.323603002502,0.300000000000
1117,train,0.715929941618,87.199417114000,0.894078398666,451,0.593828190158,0.300000000000
1118,train,-0.153544620517,21.432718277000,0.065888240200,559,0.731442869058,0.300000000000
1119,train,0.887823185988,204.684219360000,0.981651376147,280,0.312760633862,0.300000000000
1120,train,0.123436196831,25.091976166000,0.358632193495,618,0.783986655546,0.300000000000
1121,validation,-0.096080066722,22.283630371000,0.142618849041,629,0.795663052544,0.300000000000
1122,holdout,0.265971643036,23.614158630000,0.280233527940,113,0.047539616347,0.300000000000
1123,holdout,0.322185154295,24.898948669000,0.354462051710,162,0.107589658048,0.300000000000
1124,train,0.703002502085,96.084304810000,0.904920767306,510,0.673060884070,0.300000000000
1125,validation,0.061134278565,24.631477356000,0.341117597998,875,0.933277731443,0.300000000000
1126,train,-0.002835696414,22.051288605000,0.109257714762,315,0.373644703920,0.300000000000
1127,train,0.815929941618,77.992301941000,0.875729774812,223,0.199332777314,0.300000000000
1128,train,0.077397831526,22.903270721000,0.208507089241,350,0.437030859049,0.300000000000
1129,train,0.438031693078,30.920146942000,0.579649708090,367,0.472060050042,0.300000000000
1130,train,0.075896580484,22.958126068000,0.216013344454,365,0.467055879900,0.300000000000
1131,holdout,0.635529608007,73.806503296000,0.863219349458,592,0.758965804837,0.300000000000
1132,train,0.157881567973,25.679611206000,0.387823185988,601,0.766472060050,0.300000000000
1133,train,0.617597998332,46.639335632000,0.718932443703,294,0.337781484570,0.300000000000
1134,train,0.664053377815,107.486587524000,0.918265221018,698,0.847372810676,0.300000000000
1135,train,0.094161801501,25.810630798000,0.393661384487,1688,0.998331943286,0.300000000000
1136,train,0.901167639700,232.180816650000,0.989991659716,273,0.296080066722,0.300000000000
1137,train,0.647623019183,35.976108551000,0.653878231860,76,0.020850708924,0.300000000000
1138,train,0.226105087573,26.269710541000,0.417014178482,486,0.636363636364,0.300000000000
1139,validation,0.202752293578,23.315614700000,0.258548790659,217,0.185988323603,0.300000000000
1140,train,-0.133444537114,22.153446198000,0.124270225188,716,0.859049207673,0.300000000000
1141,train,-0.021601334445,22.311313629000,0.144286905755,426,0.552960800667,0.300000000000
1142,train,0.716847372811,56.443016052000,0.783152627189,234,0.221017514595,0.300000000000
1143,train,0.777064220183,84.669151306000,0.889908256881,317,0.376146788991,0.300000000000
1144,holdout,0.013427856547,24.002010345000,0.304420350292,1072,0.969974979149,0.300000000000
1145,train,0.346288573812,26.693710327000,0.442869057548,286,0.321934945788,0.300000000000
1146,train,0.604587155963,48.660549164000,0.731442869058,341,0.422852376981,0.300000000000
1147,train,0.141784820684,22.565454483000,0.169307756464,149,0.091743119266,0.300000000000
1148,train,0.670892410342,38.736316681000,0.678899082569,84,0.026688907423,0.300000000000
1149,train,0.237781484570,24.472652435000,0.328607172644,275,0.302752293578,0.300000000000
1150,train,0.157130942452,22.770143509000,0.190158465388,165,0.110091743119,0.300000000000
1151,holdout,0.613928273561,53.315711975000,0.767306088407,398,0.511259382819,0.300000000000
1152,train,0.177064220183,25.837764740000,0.394495412844,554,0.724770642202,0.300000000000
1153,train,0.559049207673,58.906135559000,0.798999165972,632,0.799833194329,0.300000000000
1154,holdout,0.304253544621,27.578462601000,0.480400333611,447,0.587155963303,0.300000000000
1155,train,0.287656380317,26.455663681000,0.429524603837,367,0.472894078399,0.300000000000
1156,train,-0.025854879066,23.443103790000,0.269391159299,1178,0.984153461218,0.300000000000
1157,train,0.116096747289,22.454853058000,0.157631359466,189,0.138448707256,0.300000000000
1158,train,0.601918265221,65.107658386000,0.827356130108,586,0.751459549625,0.300000000000
1159,holdout,0.714845704754,122.607269287000,0.938281901585,578,0.744787322769,0.300000000000
1160,train,0.007923269391,22.984348297000,0.219349457882,536,0.704753961635,0.300000000000
1161,train,0.538949124270,32.910026550000,0.620517097581,265,0.271893244370,0.300000000000
1162,holdout,0.450625521268,37.097633362000,0.665554628857,544,0.716430358632,0.300000000000
1163,train,0.744036697248,79.594146729000,0.879899916597,360,0.452877397832,0.300000000000
1164,train,0.446121768140,31.991241455000,0.600500417014,400,0.514595496247,0.300000000000
1165,train,0.706422018349,70.358131409000,0.844036697248,363,0.458715596330,0.300000000000
1166,holdout,0.400083402836,26.465507507000,0.430358632193,155,0.100917431193,0.300000000000
1167,train,0.624854045038,72.016769409000,0.851542952460,589,0.755629691410,0.300000000000
1168,train,0.450959132611,36.053886414000,0.656380316931,516,0.684737281068,0.300000000000
1169,train,0.345204336947,26.795686722000,0.449541284404,300,0.347789824854,0.300000000000
1170,train,0.018265221018,23.139648438000,0.242702251877,581,0.748123436197,0.300000000000
1171,train,0.839366138449,160.669052124000,0.967472894078,343,0.427022518766,0.300000000000
1172,train,0.462051709758,34.775966644000,0.642201834862,458,0.600500417014,0.300000000000
1173,train,0.670642201835,61.175407410000,0.811509591326,366,0.469557964971,0.300000000000
1174,train,0.455296080067,31.293952942000,0.587155963303,351,0.439532944120,0.300000000000
1175,train,0.325104253545,32.685150146000,0.616346955796,1077,0.970809007506,0.300000000000
1176,train,0.682235195997,42.201442719000,0.694745621351,100,0.041701417848,0.300000000000
1177,validation,0.747539616347,104.774963379000,0.914929107590,428,0.557964970809,0.300000000000
1178,train,-0.099249374479,22.193058014000,0.130942452043,601,0.767306088407,0.300000000000
1179,train,-0.022852376981,22.804862976000,0.196830692244,559,0.732276897415,0.300000000000
1180,train,-0.024603836530,23.343101501000,0.261884904087,993,0.954962468724,0.300000000000
1181,train,0.523102585488,45.713478088000,0.712260216847,480,0.630525437865,0.300000000000
1182,train,0.701417848207,53.407932281000,0.768974145121,237,0.225187656380,0.300000000000
1183,validation,0.150959132611,24.655860901000,0.343619683069,490,0.642201834862,0.300000000000
1184,train,0.737781484570,73.731613159000,0.862385321101,337,0.415346121768,0.300000000000
1185,train,0.643703085905,72.486724854000,0.857381150959,539,0.712260216847,0.300000000000
1186,train,0.616263552961,72.200012207000,0.853211009174,625,0.789824854045,0.300000000000
1187,holdout,0.240533778148,24.533470154000,0.336113427857,284,0.318598832360,0.300000000000
1188,train,0.001834862385,23.141984940000,0.243536280234,635,0.805671392827,0.300000000000
1189,train,0.196080066722,26.057636261000,0.407005838198,534,0.703085904921,0.300000000000
1190,train,-0.127773144287,22.338090897000,0.145954962469,815,0.912427022519,0.300000000000
1191,train,0.302168473728,25.596990585000,0.384487072560,266,0.274395329441,0.300000000000
1192,train,0.230191826522,25.946998596000,0.400333611343,432,0.567139282736,0.300000000000
1193,train,0.151125938282,22.603139877000,0.175145954962,136,0.080066722269,0.300000000000
1194,train,0.580650542118,37.714576721000,0.669724770642,273,0.296914095079,0.300000000000
1195,holdout,0.033110925771,23.776334763000,0.291075896580,718,0.859883236030,0.300000000000
1196,train,0.400333611343,29.078758240000,0.527939949958,342,0.425354462052,0.300000000000
1197,train,0.066555462886,23.675825119000,0.285237698082,556,0.728940783987,0.300000000000
1198,train,0.760467055880,134.384109497000,0.949124270225,479,0.628857381151,0.300000000000
1199,validation,0.614178482068,58.329196930000,0.794829024187,462,0.602168473728,0.300000000000
