region_id,split,prediction,raw_prediction,prediction_rank,shortcut_count,shortcut_rank,cost_weight
0,train,0.434028356964,22.953355789000,0.494578815680,225,0.201834862385,0.300000000000
1,validation,0.395162635530,27.813526154000,0.618849040867,580,0.745621351126,0.300000000000
2,holdout,0.020850708924,17.149326324000,0.098415346122,255,0.258548790659,0.300000000000
3,train,0.045204336947,18.409091949000,0.236864053378,490,0.638865721435,0.300000000000
4,train,0.876814011676,78.156951904000,0.889074228524,100,0.040867389491,0.300000000000
5,validation,0.489741451209,38.726741791000,0.701417848207,537,0.705587989992,0.300000000000
6,train,-0.158048373645,16.700328827000,0.065888240200,580,0.746455379483,0.300000000000
7,train,0.181234361968,18.819393158000,0.281067556297,293,0.332777314429,0.300000000000
8,train,0.510008340284,24.807518005000,0.548790658882,185,0.129274395329,0.300000000000
9,train,0.073311092577,19.128820419000,0.300250208507,591,0.756463719766,0.300000000000
10,train,0.553294412010,63.371177673000,0.839032527106,979,0.952460383653,0.300000000000
11,train,0.371726438699,23.381772995000,0.509591326105,364,0.459549624687,0.300000000000
12,train,-0.235446205171,15.482263565000,0.015012510425,676,0.834862385321,0.300000000000
13,validation,0.626188490409,34.822750092000,0.684737281068,222,0.195162635530,0.300000000000
14,train,0.207756463720,23.228931427000,0.503753127606,1213,0.986655546289,0.300000000000
15,validation,0.444036697248,27.148721695000,0.602168473728,405,0.527105921601,0.300000000000
16,train,0.551292743953,59.321964264000,0.829024186822,846,0.925771476230,0.300000000000
17,train,0.677314428691,129.372207642000,0.953294412010,835,0.919933277731,0.300000000000
18,holdout,0.519015846539,33.564826965000,0.676396997498,404,0.524603836530,0.300000000000
19,train,0.011759799833,17.119850159000,0.092577147623,263,0.269391159299,0.300000000000
20,train,0.371809841535,21.151151657000,0.410341951626,184,0.128440366972,0.300000000000
21,holdout,0.628940783987,66.873924255000,0.857381150959,595,0.761467889908,0.300000000000
22,train,0.507923269391,33.540412903000,0.675562969141,430,0.558798999166,0.300000000000
23,train,0.390158465388,26.448806763000,0.588824020017,509,0.662218515430,0.300000000000
24,train,-0.217848206839,15.661584854000,0.018348623853,625,0.787322768974,0.300000000000
25,train,0.600166805671,58.359996796000,0.824854045038,584,0.748957464554,0.300000000000
26,holdout,0.836947456214,192.837982178000,0.980817347790,372,0.479566305254,0.300000000000
27,train,0.001668056714,18.568515778000,0.256880733945,704,0.850708924103,0.300000000000
28,train,0.333527939950,26.824619293000,0.597998331943,746,0.881567973311,0.300000000000
29,train,0.461301084237,45.301399231000,0.747289407840,983,0.953294412010,0.300000000000
30,train,0.203002502085,21.584625244000,0.436196830692,611,0.777314428691,0.300000000000
31,train,-0.042201834862,16.323209763000,0.043369474562,272,0.285237698082,0.300000000000
32,holdout,-0.084904086739,15.692474365000,0.021684737281,306,0.355296080067,0.300000000000
33,train,0.603336113428,67.838439941000,0.864053377815,735,0.869057547957,0.300000000000
34,train,0.027356130108,19.233915329000,0.306088407006,870,0.929107589658,0.300000000000
35,holdout,0.277064220183,19.439992905000,0.316096747289,187,0.130108423686,0.300000000000
36,validation,0.118265221018,17.621946335000,0.144286905755,146,0.086738949124,0.300000000000
37,validation,0.656046705588,66.207107544000,0.850708924103,494,0.648874061718,0.300000000000
38,holdout,0.384236864053,25.985290527000,0.577147623019,491,0.643035863219,0.300000000000
39,train,0.653377814846,44.344242096000,0.736447039199,268,0.276897414512,0.300000000000
40,train,-0.069057547957,14.406049728000,0.000000000000,240,0.230191826522,0.300000000000
41,train,-0.014428690575,16.226676941000,0.038365304420,211,0.175979983319,0.300000000000
42,train,0.201251042535,18.408353806000,0.236030025021,172,0.115929941618,0.300000000000
43,train,0.779232693912,108.285705566000,0.931609674729,392,0.507923269391,0.300000000000
44,holdout,0.672643869892,64.415725708000,0.844036697248,437,0.571309424520,0.300000000000
45,train,0.564720600500,36.752548218000,0.693077564637,345,0.427856547123,0.300000000000
46,train,-0.105004170142,17.873521805000,0.175979983319,901,0.936613844871,0.300000000000
47,train,0.314011676397,20.813278198000,0.387823185988,249,0.246038365304,0.300000000000
48,train,0.608757297748,32.506324768000,0.665554628857,219,0.189324437031,0.300000000000
49,train,0.081317764804,17.736577988000,0.157631359466,253,0.254378648874,0.300000000000
50,train,0.132026688907,18.769327164000,0.279399499583,382,0.491242702252,0.300000000000
51,train,0.352293577982,23.849578857000,0.522935779817,436,0.568807339450,0.300000000000
52,train,0.210758965805,21.682254791000,0.441201000834,603,0.768140116764,0.300000000000
53,train,0.665971643036,114.829544067000,0.937447873228,790,0.904920767306,0.300000000000
54,train,0.616180150125,29.089662552000,0.634695579650,125,0.061718098415,0.300000000000
55,validation,0.079065888240,18.089191437000,0.195162635530,326,0.386989157631,0.300000000000
56,train,0.538281901585,47.522979736000,0.758965804837,563,0.735613010842,0.300000000000
57,train,0.841618015013,95.012573242000,0.912427022519,244,0.236030025021,0.300000000000
58,train,-0.015929941618,15.893856049000,0.023352793995,187,0.130942452043,0.300000000000
59,train,0.535529608007,51.640937805000,0.788990825688,691,0.844870725605,0.300000000000
60,train,0.028106755630,18.420494080000,0.238532110092,534,0.701417848207,0.300000000000
61,holdout,0.387406171810,20.950984955000,0.396163469558,86,0.029190992494,0.300000000000
62,holdout,-0.233861551293,16.023309708000,0.028356964137,739,0.874061718098,0.300000000000
63,train,0.765804837364,53.351882935000,0.797331109258,161,0.105087572977,0.300000000000
64,train,-0.075979983319,16.079835892000,0.030859049208,306,0.356130108424,0.300000000000
65,train,-0.025854879066,16.728385925000,0.066722268557,278,0.308590492077,0.300000000000
66,train,0.620016680567,66.569168091000,0.855713094245,623,0.785654712260,0.300000000000
67,train,-0.203669724771,16.238611221000,0.040033361134,644,0.812343619683,0.300000000000
68,train,0.530859049208,47.653659821000,0.762301918265,605,0.771476230192,0.300000000000
69,validation,0.613678065054,64.165565491000,0.842368640534,597,0.762301918265,0.300000000000
70,train,0.176230191827,18.002593994000,0.185988323603,89,0.032527105922,0.300000000000
71,train,-0.013344453711,17.849079132000,0.174311926606,478,0.625521267723,0.300000000000
72,train,0.734028356964,105.144454956000,0.929941618015,497,0.653044203503,0.300000000000
73,train,0.572894078399,50.384693146000,0.784820683903,537,0.706422018349,0.300000000000
74,train,0.341701417848,22.234649658000,0.467055879900,339,0.417848206839,0.300000000000
75,train,0.419933277731,24.965145111000,0.556296914095,362,0.454545454545,0.300000000000
76,train,0.631693077565,56.308399200000,0.817347789825,473,0.618849040867,0.300000000000
77,holdout,0.684487072560,148.844345093000,0.964970809008,888,0.934945788157,0.300000000000
78,holdout,0.483402835696,22.777311325000,0.487906588824,65,0.015012510425,0.300000000000
79,train,0.074478732277,18.326517105000,0.224353628023,387,0.499582985822,0.300000000000
80,train,0.611843202669,67.002960205000,0.859049207673,659,0.824020016681,0.300000000000
81,train,0.182735613011,20.358173370000,0.363636363636,463,0.603002502085,0.300000000000
82,holdout,0.778815679733,87.199699402000,0.904920767306,340,0.420350291910,0.300000000000
83,train,0.224270225188,18.385648727000,0.233527939950,87,0.030859049208,0.300000000000
84,validation,0.790241868224,119.246353149000,0.944120100083,400,0.512927439533,0.300000000000
85,train,0.510842368641,24.965934753000,0.557130942452,199,0.154295246038,0.300000000000
86,validation,0.464470391993,25.155261993000,0.561301084237,287,0.322768974145,0.300000000000
87,train,0.213427856547,18.478441238000,0.245204336947,161,0.105921601334,0.300000000000
88,train,-0.182235195997,16.998983383000,0.084236864053,760,0.888240200167,0.300000000000
89,train,0.672727272727,40.697879791000,0.712260216847,187,0.131776480400,0.300000000000
90,train,0.186071726439,18.370759964000,0.229357798165,193,0.144286905755,0.300000000000
91,train,0.696246872394,44.731010437000,0.739783152627,193,0.145120934112,0.300000000000
92,validation,0.264804003336,21.550838470000,0.433694745621,431,0.562969140951,0.300000000000
93,validation,0.042869057548,18.586460114000,0.261050875730,556,0.727272727273,0.300000000000
94,train,0.749624687239,53.448505402000,0.800667222686,207,0.170141784821,0.300000000000
95,holdout,0.052126772310,16.994550705000,0.083402835696,160,0.104253544621,0.300000000000
96,train,0.020517097581,18.490564346000,0.247706422018,591,0.757297748123,0.300000000000
97,train,0.364303586322,28.867998123000,0.633027522936,770,0.895746455379,0.300000000000
98,train,-0.108256880734,17.840688705000,0.173477898249,904,0.939115929942,0.300000000000
99,train,0.694495412844,48.727298737000,0.772310258549,256,0.259382819016,0.300000000000
100,train,0.565221017515,26.081867218000,0.580483736447,117,0.050875729775,0.300000000000
101,train,0.149457881568,19.485372543000,0.318598832360,431,0.563803169308,0.300000000000
102,validation,0.073978315263,16.948207855000,0.079232693912,72,0.017514595496,0.300000000000
103,train,0.021017514595,19.030963898000,0.295246038365,817,0.914095079233,0.300000000000
104,train,0.574061718098,27.589076996000,0.613844870726,187,0.132610508757,0.300000000000
105,train,0.620934111760,28.083940506000,0.624687239366,61,0.012510425354,0.300000000000
106,train,0.089324437031,17.365495682000,0.120100083403,157,0.102585487907,0.300000000000
107,train,0.649457881568,49.742240906000,0.782318598832,355,0.442869057548,0.300000000000
108,train,0.683569641368,37.887947083000,0.698081734779,115,0.048373644704,0.300000000000
109,validation,0.263219349458,22.304424286000,0.470391993328,523,0.690575479566,0.300000000000
110,train,0.167139282736,20.527688980000,0.370308590492,513,0.677231025855,0.300000000000
111,train,-0.214261884904,16.130908966000,0.031693077565,656,0.819849874896,0.300000000000
112,train,0.604420350292,28.236808777000,0.627189324437,135,0.075896580484,0.300000000000
113,holdout,-0.091993327773,17.962976456000,0.180984153461,801,0.909924937448,0.300000000000
114,train,0.649624687239,42.168388367000,0.721434528774,246,0.239366138449,0.300000000000
115,train,0.545954962469,26.360048294000,0.587989991660,191,0.140116763970,0.300000000000
116,train,0.753961634696,55.111972809000,0.809007506255,217,0.183486238532,0.300000000000
117,validation,0.067472894078,19.911838531000,0.344453711426,843,0.923269391159,0.300000000000
118,train,0.853544620517,153.476165771000,0.969140950792,324,0.385321100917,0.300000000000
119,holdout,0.070058381985,20.118238449000,0.355296080067,970,0.950792326939,0.300000000000
120,holdout,0.020266889074,16.220951080000,0.037531276063,123,0.057547956631,0.300000000000
121,train,0.236363636364,20.955289841000,0.396997497915,413,0.535446205171,0.300000000000
122,train,0.438865721435,31.324077606000,0.655546288574,554,0.722268557131,0.300000000000
123,train,-0.253044203503,15.475727081000,0.014178482068,762,0.890742285238,0.300000000000
124,train,-0.000083402836,16.775188446000,0.069224353628,240,0.231025854879,0.300000000000
125,holdout,0.746371976647,67.534622192000,0.863219349458,327,0.389491242702,0.300000000000
126,holdout,0.027773144287,18.534288406000,0.252710592160,584,0.749791492911,0.300000000000
127,train,-0.135362802335,16.177093506000,0.032527105922,430,0.559633027523,0.300000000000
128,validation,0.666638865721,93.859924316000,0.909090909091,638,0.808173477898,0.300000000000
129,train,0.233444537114,21.679317474000,0.440366972477,521,0.689741451209,0.300000000000
130,train,0.628356964137,47.643524170000,0.761467889908,355,0.443703085905,0.300000000000
131,holdout,0.855796497081,66.813415527000,0.856547122602,36,0.002502085071,0.300000000000
132,train,0.293828190158,22.614356995000,0.481234361968,477,0.624687239366,0.300000000000
133,validation,0.257964970809,24.805376053000,0.547956630525,1056,0.966638865721,0.300000000000
134,train,0.852877397832,157.489852905000,0.969974979149,327,0.390325271059,0.300000000000
135,train,0.032527105922,16.429956436000,0.050041701418,123,0.058381984987,0.300000000000
136,validation,-0.151459549625,17.537130356000,0.136780650542,1027,0.960800667223,0.300000000000
137,train,0.239366138449,18.580976486000,0.259382819016,129,0.066722268557,0.300000000000
138,train,0.718181818182,43.557788849000,0.728940783987,97,0.035863219349,0.300000000000
139,train,0.127189324437,18.938159943000,0.291075896580,424,0.546288573812,0.300000000000
140,train,0.173060884070,19.568395615000,0.321934945788,384,0.496246872394,0.300000000000
141,holdout,0.204587155963,19.966018677000,0.349457881568,374,0.482902418682,0.300000000000
142,train,0.231943286072,19.880542755000,0.340283569641,308,0.361134278565,0.300000000000
143,holdout,0.785237698082,123.667938232000,0.946622185154,416,0.537948290242,0.300000000000
144,train,-0.217764804003,15.274684906000,0.011676396997,601,0.764804003336,0.300000000000
145,train,0.015095913261,18.149639130000,0.201000834028,473,0.619683069224,0.300000000000
146,train,0.547539616347,65.377311707000,0.846538782319,1518,0.996663886572,0.300000000000
147,train,0.692076730609,72.654945374000,0.878231859883,473,0.620517097581,0.300000000000
148,train,0.695246038365,63.607574463000,0.839866555463,373,0.482068390325,0.300000000000
149,train,-0.057964970809,17.330097198000,0.115929941618,443,0.579649708090,0.300000000000
150,holdout,0.751542952460,47.115016937000,0.754795663053,56,0.010842368641,0.300000000000
151,validation,0.805754795663,73.940109253000,0.881567973311,252,0.252710592160,0.300000000000
152,holdout,0.683236030025,38.426471710000,0.699749791493,121,0.055045871560,0.300000000000
153,holdout,0.385321100917,24.752517700000,0.545454545455,411,0.533778148457,0.300000000000
154,train,0.061968306922,19.937814713000,0.346955796497,964,0.949958298582,0.300000000000
155,train,0.723019182652,45.001415253000,0.744787322769,132,0.072560467056,0.300000000000
156,train,0.726355296080,65.040336609000,0.845704753962,329,0.397831526272,0.300000000000
157,train,0.602418682235,47.869277954000,0.767306088407,426,0.549624687239,0.300000000000
158,train,0.799082568807,80.384735107000,0.892410341952,280,0.311092577148,0.300000000000
159,train,0.790408673895,66.908760071000,0.858215179316,238,0.226021684737,0.300000000000
160,train,0.019266055046,18.582902908000,0.260216847373,634,0.803169307756,0.300000000000
161,train,0.330859049208,19.904695511000,0.343619683069,101,0.042535446205,0.300000000000
162,train,-0.171726438699,17.070314407000,0.089241034195,735,0.869891576314,0.300000000000
163,validation,0.456463719766,23.134689331000,0.501251042535,196,0.149291075897,0.300000000000
164,validation,0.014345287740,18.483278275000,0.246038365304,605,0.772310258549,0.300000000000
165,validation,0.821100917431,124.725982666000,0.947456213511,341,0.421184320267,0.300000000000
166,holdout,-0.133694745621,16.219665527000,0.036697247706,433,0.567973311093,0.300000000000
167,train,0.048874061718,19.175519943000,0.303586321935,703,0.849040867389,0.300000000000
168,validation,0.585654712260,26.324493408000,0.587155963303,48,0.005004170142,0.300000000000
169,train,-0.075396163470,16.059392929000,0.029190992494,301,0.348623853211,0.300000000000
170,train,0.254295246038,21.462165833000,0.428690575480,444,0.581317764804,0.300000000000
171,train,0.856713928274,116.761703491000,0.940783986656,269,0.280233527940,0.300000000000
172,validation,0.385904920767,24.071201324000,0.526271893244,366,0.467889908257,0.300000000000
173,train,0.069140950792,17.180551529000,0.103419516264,170,0.114261884904,0.300000000000
174,train,-0.094245204337,18.166212082000,0.203502919099,1446,0.992493744787,0.300000000000
175,train,0.273561301084,21.307069778000,0.423686405338,388,0.500417014178,0.300000000000
176,train,-0.058298582152,17.160135269000,0.100083402836,407,0.527939949958,0.300000000000
177,train,-0.146121768140,17.200532913000,0.105087572977,681,0.837364470392,0.300000000000
178,train,-0.082318598832,17.831766129000,0.172643869892,703,0.849874895746,0.300000000000
179,train,0.209507923269,18.361387253000,0.228523769808,126,0.063386155129,0.300000000000
180,train,0.553377814846,36.728816986000,0.692243536280,365,0.462885738115,0.300000000000
181,validation,0.683152627189,39.931598663000,0.708924103420,145,0.085904920767,0.300000000000
182,validation,0.214178482068,23.492340088000,0.512927439533,1503,0.995829858215,0.300000000000
183,train,-0.015095913261,17.988018036000,0.184320266889,510,0.664720600500,0.300000000000
184,train,0.331943286072,26.172317505000,0.582151793161,675,0.834028356964,0.300000000000
185,validation,0.045537948290,18.746582031000,0.277731442869,606,0.773978315263,0.300000000000
186,train,0.072477064220,20.506076813000,0.369474562135,1342,0.989991659716,0.300000000000
187,train,0.173644703920,20.215940475000,0.357798165138,470,0.613844870726,0.300000000000
188,validation,0.048373644704,18.671138763000,0.266055045872,555,0.725604670559,0.300000000000
189,train,0.025938281902,16.237302780000,0.039199332777,103,0.044203502919,0.300000000000
190,train,0.068306922435,20.347557068000,0.362802335279,1158,0.981651376147,0.300000000000
191,holdout,0.700166805671,42.333942413000,0.723936613845,136,0.079232693912,0.300000000000
192,train,0.627439532944,72.461975098000,0.877397831526,667,0.833194328607,0.300000000000
193,train,-0.029024186822,15.655429840000,0.017514595496,199,0.155129274395,0.300000000000
194,train,0.099749791493,17.803386688000,0.166805671393,237,0.223519599666,0.300000000000
195,train,0.498081734779,24.690071106000,0.542118432027,194,0.146788990826,0.300000000000
196,train,0.605087572977,41.217628479000,0.716430358632,315,0.371142618849,0.300000000000
197,holdout,0.230025020851,23.550495148000,0.513761467890,944,0.945788156797,0.300000000000
198,holdout,0.778982485405,81.218460083000,0.896580483736,328,0.391993327773,0.300000000000
199,train,0.525938281902,24.960056305000,0.555462885738,155,0.098415346122,0.300000000000
200,train,0.386655546289,27.455366135000,0.608840700584,570,0.740617180984,0.300000000000
201,holdout,0.808006672227,117.565841675000,0.941618015013,357,0.445371142619,0.300000000000
202,holdout,0.301084236864,22.197134018000,0.466221851543,426,0.550458715596,0.300000000000
203,train,0.035613010842,17.381359100000,0.123436196831,273,0.292743953294,0.300000000000
204,train,0.277981651376,20.856872559000,0.390325271059,316,0.374478732277,0.300000000000
205,holdout,0.063969974979,17.913492203000,0.179316096747,323,0.384487072560,0.300000000000
206,train,-0.005587989992,17.459939957000,0.129274395329,359,0.449541284404,0.300000000000
207,train,0.695996663887,59.884433746000,0.829858215179,357,0.446205170976,0.300000000000
208,holdout,0.624020016681,49.348270416000,0.778148457048,400,0.513761467890,0.300000000000
209,validation,0.760133444537,160.886154175000,0.970809007506,534,0.702251876564,0.300000000000
210,train,0.412760633862,32.026035309000,0.662218515430,666,0.831526271893,0.300000000000
211,train,0.773311092577,101.977096558000,0.922435362802,385,0.497080900751,0.300000000000
212,holdout,0.187906588824,21.271022797000,0.420350291910,606,0.774812343620,0.300000000000
213,train,0.927189324437,133.607559204000,0.954962468724,150,0.092577147623,0.300000000000
214,train,-0.217514595496,16.566076279000,0.059216013344,842,0.922435362802,0.300000000000
215,holdout,-0.035362802335,17.873596191000,0.176814011676,537,0.707256046706,0.300000000000
216,train,0.341367806505,29.224313736000,0.636363636364,1168,0.983319432861,0.300000000000
217,validation,0.928106755630,199.626480103000,0.984153461218,218,0.186822351960,0.300000000000
218,holdout,0.245621351126,23.106405258000,0.499582985822,697,0.846538782319,0.300000000000
219,train,-0.009174311927,17.557424545000,0.138448707256,382,0.492076730609,0.300000000000
220,train,0.541784820684,44.726207733000,0.738949124270,505,0.657214345288,0.300000000000
221,train,0.770058381985,109.640060425000,0.932443703086,419,0.541284403670,0.300000000000
222,train,0.119349457882,17.670986176000,0.152627189324,168,0.110925771476,0.300000000000
223,holdout,0.049958298582,17.131231308000,0.094245204337,194,0.147623019183,0.300000000000
224,train,0.691075896580,39.044597626000,0.703085904921,99,0.040033361134,0.300000000000
225,holdout,0.687906588824,38.234668732000,0.698915763136,98,0.036697247706,0.300000000000
226,train,0.025688073394,18.899904251000,0.286905754796,735,0.870725604671,0.300000000000
227,train,0.818598832360,69.592117310000,0.867389491243,202,0.162635529608,0.300000000000
228,train,-0.117180984153,16.691099167000,0.064220183486,465,0.604670558799,0.300000000000
229,validation,0.819599666389,126.553176880000,0.949958298582,349,0.434528773978,0.300000000000
230,validation,0.259382819016,19.205968857000,0.304420350292,196,0.150125104254,0.300000000000
231,validation,-0.099916597164,16.974742889000,0.081734778982,465,0.605504587156,0.300000000000
232,validation,0.699582985822,63.705532074000,0.840700583820,367,0.470391993328,0.300000000000
233,train,0.664220183486,48.904869080000,0.774812343620,314,0.368640533778,0.300000000000
234,train,0.416096747289,22.130502701000,0.462885738115,199,0.155963302752,0.300000000000
235,train,0.164553794829,19.631702423000,0.324437030859,410,0.532944120100,0.300000000000
236,train,-0.240033361134,14.642057419000,0.004170141785,650,0.814011676397,0.300000000000
237,holdout,0.671559633028,38.715065002000,0.700583819850,154,0.096747289408,0.300000000000
238,train,0.317514595496,22.316942215000,0.472894078399,402,0.517931609675,0.300000000000
239,validation,-0.079566305254,17.388164520000,0.125104253545,515,0.682235195997,0.300000000000
240,train,0.249291075897,18.687599182000,0.268557130942,126,0.064220183486,0.300000000000
241,train,-0.082485404504,17.533943176000,0.135946622185,556,0.728106755630,0.300000000000
242,train,0.182402001668,22.595041275000,0.480400333611,1482,0.993327773144,0.300000000000
243,validation,-0.046205170976,18.218519211000,0.213511259383,732,0.865721434529,0.300000000000
244,train,0.614178482068,29.241302490000,0.637197664721,135,0.076730608841,0.300000000000
245,train,0.606922435363,29.716621399000,0.642201834862,173,0.117597998332,0.300000000000
246,holdout,0.292493744787,22.636804581000,0.482902418682,486,0.634695579650,0.300000000000
247,train,0.757631359466,56.041751862000,0.815679733111,221,0.193494578816,0.300000000000
248,train,0.064553794829,18.689117432000,0.270225187656,518,0.685571309425,0.300000000000
249,train,0.698582151793,57.182098389000,0.820683903253,334,0.407005838198,0.300000000000
250,holdout,0.511759799833,53.390167236000,0.798999165972,1007,0.957464553795,0.300000000000
251,validation,0.187406171810,20.606359482000,0.375312760634,479,0.626355296080,0.300000000000
252,validation,-0.112093411176,17.632247925000,0.145120934112,712,0.857381150959,0.300000000000
253,validation,0.831025854879,114.694885254000,0.936613844871,303,0.351959966639,0.300000000000
254,validation,0.677564637198,106.484176636000,0.930775646372,688,0.844036697248,0.300000000000
255,train,0.129608006672,18.565839767000,0.255212677231,339,0.418682235196,0.300000000000
256,train,0.775729774812,77.661277771000,0.886572143453,314,0.369474562135,0.300000000000
257,train,0.228857381151,24.106517792000,0.527105921601,1488,0.994161801501,0.300000000000
258,validation,0.379649708090,22.338613510000,0.473728106756,281,0.313594662219,0.300000000000
259,train,0.069808173478,18.372549057000,0.230191826522,411,0.534612176814,0.300000000000
260,train,0.629774812344,48.991111755000,0.775646371977,379,0.486238532110,0.300000000000
261,holdout,-0.086071726439,17.988416672000,0.185154295246,789,0.904086738949,0.300000000000
262,train,0.511676396997,26.469871521000,0.590492076731,258,0.262718932444,0.300000000000
263,train,0.299833194329,24.292699814000,0.533778148457,614,0.779816513761,0.300000000000
264,train,0.560300250209,29.706453323000,0.641367806505,263,0.270225187656,0.300000000000
265,validation,0.229858215179,24.122982025000,0.529608006672,1731,0.999165971643,0.300000000000
266,train,0.444453711426,23.894203186000,0.523769808173,259,0.264386989158,0.300000000000
267,validation,0.396997497915,21.099809647000,0.407005838198,92,0.033361134279,0.300000000000
268,train,0.379149291076,23.100671768000,0.498748957465,329,0.398665554629,0.300000000000
269,train,0.223269391159,18.316486359000,0.223519599666,25,0.000834028357,0.300000000000
270,train,0.838782318599,134.670883179000,0.956630525438,328,0.392827356130,0.300000000000
271,train,0.363135946622,20.617885590000,0.376146788991,101,0.043369474562,0.300000000000
272,train,0.786321934946,80.771163940000,0.894912427023,308,0.361968306922,0.300000000000
273,holdout,-0.127606338616,17.523992538000,0.132610508757,733,0.867389491243,0.300000000000
274,train,0.580400333611,26.264947891000,0.584653878232,64,0.014178482068,0.300000000000
275,train,0.128273561301,20.660610199000,0.376980817348,661,0.829024186822,0.300000000000
276,holdout,0.385988323603,25.067554474000,0.559633027523,442,0.578815679733,0.300000000000
277,train,-0.098582151793,17.746458054000,0.160133444537,730,0.862385321101,0.300000000000
278,validation,0.647539616347,31.810541153000,0.658048373645,96,0.035029190992,0.300000000000
279,train,0.052126772310,18.118072510000,0.198498748957,381,0.487906588824,0.300000000000
280,train,0.203419516264,21.819641113000,0.447873227690,650,0.814845704754,0.300000000000
281,holdout,0.516180150125,27.110662460000,0.600500417014,270,0.281067556297,0.300000000000
282,validation,0.482235195997,22.730886459000,0.486238532110,62,0.013344453711,0.300000000000
283,holdout,-0.002085070892,18.926200867000,0.289407839867,1094,0.971643035863,0.300000000000
284,holdout,-0.164887406172,16.517919540000,0.055045871560,560,0.733110925771,0.300000000000
285,train,0.126105087573,20.571212769000,0.372810675563,657,0.822351959967,0.300000000000
286,train,0.248540450375,24.651332855000,0.541284403670,1109,0.975813177648,0.300000000000
287,validation,0.706255212677,61.417278290000,0.834862385321,345,0.428690575480,0.300000000000
288,train,0.190909090909,18.078948975000,0.192660550459,48,0.005838198499,0.300000000000
289,train,0.404670558799,24.119180679000,0.528773978315,336,0.413678065054,0.300000000000
290,train,0.837781484570,216.445861816000,0.989157631359,390,0.504587155963,0.300000000000
291,validation,0.816430358632,60.714622498000,0.833194328607,121,0.055879899917,0.300000000000
292,train,0.165638031693,18.328882217000,0.225187656380,223,0.198498748957,0.300000000000
293,validation,0.481818181818,22.709167480000,0.484570475396,53,0.009174311927,0.300000000000
294,train,0.860467055880,73.884658813000,0.880733944954,129,0.067556296914,0.300000000000
295,train,0.340283569641,24.711723328000,0.542952460384,512,0.675562969141,0.300000000000
296,validation,0.116430358632,18.090829849000,0.195996663887,259,0.265221017515,0.300000000000
297,validation,0.230108423686,21.712907791000,0.444537114262,544,0.714762301918,0.300000000000
298,train,-0.273144286906,15.254100800000,0.010842368641,944,0.946622185154,0.300000000000
299,train,0.317848206839,25.693134308000,0.573811509591,707,0.853211009174,0.300000000000
300,train,0.941284403670,228.218948364000,0.995829858215,212,0.181818181818,0.300000000000
301,holdout,-0.009758131776,16.753709793000,0.067556296914,254,0.257714762302,0.300000000000
302,holdout,-0.192743953294,16.606306076000,0.061718098415,702,0.848206839033,0.300000000000
303,validation,0.202335279399,22.403827667000,0.474562135113,794,0.907422852377,0.300000000000
304,train,0.623019182652,67.120117188000,0.860717264387,628,0.792326939116,0.300000000000
305,holdout,0.020683903253,18.381757736000,0.231859883236,536,0.703919933278,0.300000000000
306,train,0.687739783153,42.246234894000,0.722268557131,171,0.115095913261,0.300000000000
307,holdout,0.556713928274,33.865322113000,0.678065054212,333,0.404503753128,0.300000000000
308,train,0.067389491243,16.798791885000,0.070892410342,58,0.011676396997,0.300000000000
309,train,0.156463719766,20.184450150000,0.356130108424,510,0.665554628857,0.300000000000
310,validation,0.649457881568,85.608238220000,0.902418682235,687,0.843202668891,0.300000000000
311,train,-0.243119266055,15.571176529000,0.015846538782,730,0.863219349458,0.300000000000
312,train,0.512927439533,30.170291901000,0.645537948290,354,0.442035029191,0.300000000000
313,holdout,0.662051709758,46.532222748000,0.753127606339,276,0.303586321935,0.300000000000
314,train,0.240033361134,21.503547668000,0.431192660550,488,0.637197664721,0.300000000000
315,train,0.038949124270,17.493478775000,0.131776480400,278,0.309424520434,0.300000000000
316,validation,0.052460383653,18.469894409000,0.244370308590,490,0.639699749791,0.300000000000
317,train,0.230942452043,21.009532928000,0.400333611343,432,0.564637197665,0.300000000000
318,train,0.089157631359,19.628757477000,0.323603002502,618,0.781484570475,0.300000000000
319,validation,0.375896580484,21.123254776000,0.408673894912,165,0.109257714762,0.300000000000
320,train,0.114428690575,18.524991989000,0.251042535446,362,0.455379482902,0.300000000000
321,train,0.651125938282,43.746986389000,0.731442869058,260,0.267723102585,0.300000000000
322,validation,0.113177648040,18.761688232000,0.278565471226,426,0.551292743953,0.300000000000
323,holdout,0.275229357798,19.647499084000,0.325271059216,205,0.166805671393,0.300000000000
324,train,0.128190158465,21.233436584000,0.418682235196,1069,0.968306922435,0.300000000000
325,validation,0.492243536280,39.396137238000,0.706422018349,543,0.713928273561,0.300000000000
326,train,0.171309424520,18.130964279000,0.199332777314,150,0.093411175980,0.300000000000
327,holdout,0.786738949124,67.277343750000,0.861551292744,251,0.249374478732,0.300000000000
328,train,0.424603836530,21.549083710000,0.432860717264,85,0.027522935780,0.300000000000
329,holdout,0.507756463720,24.358837128000,0.536280233528,151,0.095079232694,0.300000000000
330,train,-0.057881567973,17.331430435000,0.116763969975,445,0.582151793161,0.300000000000
331,train,0.033861551293,19.311271667000,0.311092577148,844,0.924103419516,0.300000000000
332,train,0.663552960801,54.405391693000,0.805671392827,368,0.473728106756,0.300000000000
333,train,0.199666388657,19.467357635000,0.317764804003,328,0.393661384487,0.300000000000
334,train,0.101501251043,19.742923737000,0.329441201001,593,0.759799833194,0.300000000000
335,train,-0.088240200167,17.983079910000,0.183486238532,790,0.905754795663,0.300000000000
336,validation,0.112844036697,18.404478073000,0.235195996664,334,0.407839866555,0.300000000000
337,train,0.425104253545,33.033126831000,0.670558798999,653,0.818181818182,0.300000000000
338,validation,0.714762301918,110.980239868000,0.934945788157,561,0.733944954128,0.300000000000
339,validation,0.785988323603,52.076862335000,0.791492910759,74,0.018348623853,0.300000000000
340,train,0.004920767306,16.292249680000,0.041701417848,182,0.122602168474,0.300000000000
341,holdout,-0.128940783987,17.242332458000,0.109257714762,629,0.793994995830,0.300000000000
342,train,-0.094245204337,17.634422302000,0.145954962469,633,0.800667222686,0.300000000000
343,train,0.195663052544,22.836338043000,0.490408673895,1164,0.982485404504,0.300000000000
344,train,0.037698081735,18.259950638000,0.216847372811,457,0.597164303586,0.300000000000
345,train,0.842035029191,103.741348267000,0.926605504587,270,0.281901584654,0.300000000000
346,train,0.729858215179,84.240081787000,0.900750625521,436,0.569641367807,0.300000000000
347,train,0.651209341118,41.618625641000,0.719766472060,239,0.228523769808,0.300000000000
348,train,0.614595496247,60.190826416000,0.831526271893,554,0.723102585488,0.300000000000
349,train,0.593994995830,28.250251770000,0.628023352794,169,0.113427856547,0.300000000000
350,holdout,0.175813177648,20.875303268000,0.391993327773,552,0.720600500417,0.300000000000
351,validation,0.334528773978,27.556327820000,0.613010842369,860,0.928273561301,0.300000000000
352,holdout,0.584236864053,36.449462891000,0.690575479566,305,0.354462051710,0.300000000000
353,train,0.621017514595,57.832214355000,0.823185988324,511,0.673894912427,0.300000000000
354,holdout,0.473644703920,23.087049484000,0.497914929108,139,0.080900750626,0.300000000000
355,holdout,0.760133444537,102.278152466000,0.923269391159,421,0.543786488741,0.300000000000
356,holdout,0.732860717264,152.737686157000,0.968306922435,622,0.784820683903,0.300000000000
357,train,-0.030442035029,18.020872116000,0.188490408674,557,0.729774812344,0.300000000000
358,train,-0.258048373645,15.988273621000,0.026688907423,960,0.949124270225,0.300000000000
359,train,0.539699749791,25.087539673000,0.560467055880,130,0.069224353628,0.300000000000
360,holdout,0.545287739783,40.480068207000,0.711426188490,427,0.553794829024,0.300000000000
361,train,0.379733110926,26.520702362000,0.592160133445,537,0.708090075063,0.300000000000
362,train,0.442869057548,22.710935593000,0.485404503753,192,0.141784820684,0.300000000000
363,train,0.541784820684,61.123802185000,0.834028356964,1100,0.974145120934,0.300000000000
364,train,-0.139032527106,17.526012421000,0.133444537114,796,0.908256880734,0.300000000000
365,validation,0.651709758132,54.404342651000,0.804837364470,397,0.510425354462,0.300000000000
366,train,0.615846538782,63.856044769000,0.841534612177,587,0.752293577982,0.300000000000
367,train,0.070308590492,19.431068420000,0.315262718932,651,0.816513761468,0.300000000000
368,train,0.018515429525,16.020875931000,0.027522935780,86,0.030025020851,0.300000000000
369,holdout,0.392243536280,22.312934875000,0.472060050042,259,0.266055045872,0.300000000000
370,train,0.612677231026,52.856117249000,0.794829024187,466,0.607172643870,0.300000000000
371,train,0.831693077565,195.684295654000,0.983319432861,390,0.505421184320,0.300000000000
372,validation,0.316346955796,19.552289963000,0.321100917431,65,0.015846538782,0.300000000000
373,train,0.186238532110,20.799194336000,0.386155129274,510,0.666388657214,0.300000000000
374,train,-0.080316930776,17.324201584000,0.115095913261,495,0.651376146789,0.300000000000
375,train,0.342785654712,21.997793198000,0.457881567973,322,0.383653044204,0.300000000000
376,validation,0.790241868224,86.887084961000,0.904086738949,320,0.379482902419,0.300000000000
377,holdout,0.324186822352,19.806379318000,0.334445371143,95,0.034195162636,0.300000000000
378,train,0.239449541284,19.837610245000,0.337781484570,290,0.327773144287,0.300000000000
379,train,0.006338615513,16.549236298000,0.058381984987,210,0.173477898249,0.300000000000
380,validation,0.337781484570,23.126396179000,0.500417014178,419,0.542118432027,0.300000000000
381,train,0.661134278565,45.901386261000,0.751459549625,275,0.301084236864,0.300000000000
382,train,-0.017097581318,17.972457886000,0.181818181818,509,0.663052543786,0.300000000000
383,train,0.518932443703,29.639251709000,0.640533778148,333,0.405337781485,0.300000000000
384,train,0.736530442035,67.293563843000,0.862385321101,339,0.419516263553,0.300000000000
385,train,0.572977481234,26.015621185000,0.577981651376,65,0.016680567139,0.300000000000
386,train,0.183402835696,20.891107559000,0.392827356130,531,0.698081734779,0.300000000000
387,train,0.715763135947,66.115310669000,0.849874895746,358,0.447039199333,0.300000000000
388,train,0.921601334445,139.654342651000,0.961634695580,187,0.133444537114,0.300000000000
389,train,0.205921601334,21.622959137000,0.437864887406,605,0.773144286906,0.300000000000
390,train,0.585404503753,64.978958130000,0.844870725605,731,0.864887406172,0.300000000000
391,train,0.276814011676,19.837825775000,0.338615512927,227,0.206005004170,0.300000000000
392,validation,0.336196830692,24.297840118000,0.534612176814,508,0.661384487073,0.300000000000
393,train,0.616597164304,31.828155518000,0.658882402002,191,0.140950792327,0.300000000000
394,validation,0.312844036697,23.649494171000,0.516263552961,513,0.678065054212,0.300000000000
395,train,0.565638031693,27.654731750000,0.614678899083,203,0.163469557965,0.300000000000
396,holdout,0.169057547957,18.661855698000,0.264386989158,284,0.317764804003,0.300000000000
397,holdout,0.184737281068,20.814647675000,0.388657214345,514,0.679733110926,0.300000000000
398,train,-0.016763969975,18.625940323000,0.262718932444,875,0.931609674729,0.300000000000
399,holdout,-0.070391993328,14.529958725000,0.001668056714,246,0.240200166806,0.300000000000
400,train,0.275729774812,24.619796753000,0.540450375313,746,0.882402001668,0.300000000000
401,train,0.167139282736,19.897272110000,0.342785654712,447,0.585487906589,0.300000000000
402,train,0.756630525438,145.632736206000,0.963302752294,519,0.688907422852,0.300000000000
403,train,0.287322768974,21.960371017000,0.453711426188,427,0.554628857381,0.300000000000
404,train,0.474228523770,26.204776764000,0.583819849875,309,0.365304420350,0.300000000000
405,train,0.834445371143,149.318237305000,0.965804837364,351,0.437864887406,0.300000000000
406,train,0.128023352794,18.067327499000,0.191826522102,231,0.212677231026,0.300000000000
407,validation,0.776563803169,62.410278320000,0.837364470392,225,0.202668890742,0.300000000000
408,train,0.147956630525,17.805492401000,0.168473728107,129,0.068390325271,0.300000000000
409,train,0.557214345288,29.797533035000,0.643035863219,272,0.286071726439,0.300000000000
410,train,0.685904920767,110.359054565000,0.934111759800,660,0.827356130108,0.300000000000
411,train,-0.123352793995,16.466547012000,0.052543786489,447,0.586321934946,0.300000000000
412,validation,0.008590492077,19.145835876000,0.301084236864,1106,0.974979149291,0.300000000000
413,train,-0.280900750626,14.700098038000,0.005838198499,994,0.955796497081,0.300000000000
414,validation,-0.164887406172,17.057090759000,0.087572977481,684,0.841534612177,0.300000000000
415,train,-0.020016680567,18.305425644000,0.222685571309,638,0.809007506255,0.300000000000
416,validation,0.177648040033,20.668466568000,0.377814845705,510,0.667222685571,0.300000000000
417,validation,0.378065054212,31.858299255000,0.660550458716,908,0.941618015013,0.300000000000
418,train,0.390241868224,25.854454041000,0.574645537948,470,0.614678899083,0.300000000000
419,holdout,0.532527105922,36.472171783000,0.691409507923,408,0.529608006672,0.300000000000
420,validation,0.477564637198,23.831153870000,0.522101751460,195,0.148457047540,0.300000000000
421,train,-0.183903252711,14.994911194000,0.007506255213,489,0.638031693078,0.300000000000
422,validation,0.767806505421,52.268814087000,0.792326939116,140,0.081734778982,0.300000000000
423,train,0.248123436197,19.861120224000,0.339449541284,276,0.304420350292,0.300000000000
424,validation,0.934695579650,216.918502808000,0.989991659716,217,0.184320266889,0.300000000000
425,holdout,0.115429524604,18.689300537000,0.271059216013,402,0.518765638032,0.300000000000
426,train,-0.002835696414,15.664113998000,0.019182652210,132,0.073394495413,0.300000000000
427,train,-0.154545454545,16.342645645000,0.045871559633,510,0.668056713928,0.300000000000
428,validation,0.533277731443,45.118000031000,0.746455379483,538,0.710592160133,0.300000000000
429,train,-0.028607172644,17.157241821000,0.099249374479,343,0.426188490409,0.300000000000
430,validation,0.456547122602,21.996364594000,0.457047539616,33,0.001668056714,0.300000000000
431,train,0.092243536280,17.688966751000,0.154295246038,227,0.206839032527,0.300000000000
432,train,0.671309424520,110.161071777000,0.933277731443,738,0.873227689741,0.300000000000
433,train,0.505170975813,24.171913147000,0.530442035029,143,0.084236864053,0.300000000000
434,train,0.072727272727,20.334598541000,0.361968306922,1034,0.964136780651,0.300000000000
435,validation,0.021934945788,18.168161392000,0.204336947456,466,0.608006672227,0.300000000000
436,train,0.709591326105,48.443054199000,0.770642201835,226,0.203502919099,0.300000000000
437,train,0.703419516264,47.326194763000,0.756463719766,211,0.176814011676,0.300000000000
438,train,-0.036530442035,17.480499268000,0.130108423686,427,0.555462885738,0.300000000000
439,validation,0.292910758966,21.234340668000,0.419516263553,341,0.422018348624,0.300000000000
440,train,-0.037531276063,17.547401428000,0.137614678899,446,0.583819849875,0.300000000000
441,train,0.905421184320,117.587356567000,0.942452043369,182,0.123436196831,0.300000000000
442,holdout,-0.046371976647,16.333570480000,0.044203502919,275,0.301918265221,0.300000000000
443,holdout,-0.114678899083,17.604497910000,0.141784820684,708,0.854879065888,0.300000000000
444,validation,0.519599666389,25.416007996000,0.567139282736,201,0.158465387823,0.300000000000
445,holdout,0.096497080901,18.489036560000,0.246872393661,388,0.501251042535,0.300000000000
446,validation,0.240366972477,19.284412384000,0.306922435363,236,0.221851542952,0.300000000000
447,holdout,0.108590492077,20.449819565000,0.367806505421,730,0.864053377815,0.300000000000
448,train,-0.011592994162,18.526649475000,0.251876563803,743,0.878231859883,0.300000000000
449,train,0.095162635530,20.919616699000,0.393661384487,1491,0.994995829858,0.300000000000
450,train,0.218432026689,20.747406006000,0.382819015847,425,0.547956630525,0.300000000000
451,train,-0.122435362802,16.437198639000,0.051709758132,443,0.580483736447,0.300000000000
452,train,0.515429524604,51.906040192000,0.790658882402,823,0.917431192661,0.300000000000
453,train,0.617180984153,36.259426117000,0.689741451209,247,0.241868223520,0.300000000000
454,holdout,0.086822351960,18.058160782000,0.190158465388,298,0.344453711426,0.300000000000
455,train,-0.076063386155,15.230180740000,0.010008340284,272,0.286905754796,0.300000000000
456,train,-0.203836530442,16.183032990000,0.033361134279,626,0.790658882402,0.300000000000
457,train,0.789407839867,54.070663452000,0.803169307756,107,0.045871559633,0.300000000000
458,train,0.634195162636,49.524314880000,0.779816513761,378,0.485404503753,0.300000000000
459,validation,0.749791492911,54.698081970000,0.807339449541,220,0.191826522102,0.300000000000
460,train,0.229357798165,19.328998566000,0.311926605505,267,0.275229357798,0.300000000000
461,train,0.538198498749,62.889244080000,0.838198498749,1735,1.000000000000,0.300000000000
462,train,0.462135112594,23.632972717000,0.515429524604,211,0.177648040033,0.300000000000
463,holdout,0.146455379483,20.328811646000,0.361134278565,544,0.715596330275,0.300000000000
464,train,0.070725604671,17.639890671000,0.146788990826,252,0.253544620517,0.300000000000
465,train,0.530692243536,29.131828308000,0.635529608007,302,0.349457881568,0.300000000000
466,train,-0.130608840701,16.935462952000,0.077564637198,529,0.693911592994,0.300000000000
467,train,0.533277731443,55.450286865000,0.811509591326,851,0.927439532944,0.300000000000
468,train,-0.025271059216,16.820695877000,0.072560467056,289,0.326105087573,0.300000000000
469,train,-0.077231025855,17.064258575000,0.088407005838,426,0.552126772310,0.300000000000
470,train,-0.103336113428,17.377273560000,0.122602168474,588,0.753127606339,0.300000000000
471,validation,0.174645537948,18.825891495000,0.282735613011,307,0.360300250209,0.300000000000
472,train,0.738949124270,44.782455444000,0.741451209341,50,0.008340283570,0.300000000000
473,train,0.024103419516,17.740816116000,0.158465387823,358,0.447873227690,0.300000000000
474,train,0.739532944120,76.393676758000,0.884904086739,375,0.484570475396,0.300000000000
475,holdout,0.057297748123,19.917289734000,0.345287739783,1015,0.959966638866,0.300000000000
476,validation,0.482318598832,43.577720642000,0.729774812344,659,0.824854045038,0.300000000000
477,train,0.460717264387,26.504465103000,0.591326105088,349,0.435362802335,0.300000000000
478,train,-0.081067556297,18.175540924000,0.205170975813,992,0.954128440367,0.300000000000
479,train,0.659633027523,45.587043762000,0.748957464554,274,0.297748123436,0.300000000000
480,train,0.685654712260,104.972351074000,0.929107589658,642,0.811509591326,0.300000000000
481,train,0.090575479566,17.974559784000,0.182652210175,277,0.306922435363,0.300000000000
482,train,-0.071142618849,17.089078903000,0.091743119266,420,0.542952460384,0.300000000000
483,train,0.383152627189,25.592958450000,0.571309424520,479,0.627189324437,0.300000000000
484,holdout,0.826688907423,66.295883179000,0.853211009174,148,0.088407005838,0.300000000000
485,train,0.683569641368,71.922103882000,0.875729774812,490,0.640533778148,0.300000000000
486,holdout,0.428356964137,32.070182800000,0.663052543786,618,0.782318598832,0.300000000000
487,train,0.024603836530,17.263900757000,0.110925771476,272,0.287739783153,0.300000000000
488,validation,0.125854879066,17.804319382000,0.167639699750,190,0.139282735613,0.300000000000
489,train,-0.072894078399,16.203683853000,0.034195162636,306,0.356964136781,0.300000000000
490,validation,0.426438698916,24.894800186000,0.551292743953,338,0.416180150125,0.300000000000
491,validation,-0.079316096747,16.334581375000,0.045037531276,336,0.414512093411,0.300000000000
492,holdout,0.732693911593,44.949131012000,0.743953294412,98,0.037531276063,0.300000000000
493,holdout,0.285821517932,19.786167145000,0.331109257715,197,0.150959132611,0.300000000000
494,train,0.132944120100,18.286941528000,0.221017514595,273,0.293577981651,0.300000000000
495,train,0.551125938282,27.937961578000,0.622185154295,244,0.236864053378,0.300000000000
496,validation,0.207756463720,21.983385086000,0.456213511259,660,0.828190158465,0.300000000000
497,validation,0.114512093411,18.183610916000,0.206839032527,277,0.307756463720,0.300000000000
498,train,0.216263552961,18.909801483000,0.288573811510,246,0.241034195163,0.300000000000
499,validation,0.252710592160,21.575782776000,0.435362802335,466,0.608840700584,0.300000000000
500,train,0.347623019183,25.477994919000,0.568807339450,566,0.737281067556,0.300000000000
501,train,0.007089241034,17.643125534000,0.148457047540,367,0.471226021685,0.300000000000
502,train,0.788657214345,135.188171387000,0.958298582152,432,0.565471226022,0.300000000000
503,validation,0.319432860717,21.534275055000,0.432026688907,316,0.375312760634,0.300000000000
504,holdout,0.253794829024,20.019214630000,0.351125938282,288,0.324437030859,0.300000000000
505,train,0.174979149291,21.272520065000,0.421184320267,656,0.820683903253,0.300000000000
506,train,0.234361968307,21.687467575000,0.442035029191,525,0.692243536280,0.300000000000
507,train,0.654462051710,100.847885132000,0.919933277731,755,0.884904086739,0.300000000000
508,train,0.889658048374,144.290176392000,0.962468723937,248,0.242702251877,0.300000000000
509,train,0.367973311093,23.455722809000,0.512093411176,372,0.480400333611,0.300000000000
510,train,0.370892410342,24.913091660000,0.553794829024,467,0.609674728941,0.300000000000
511,train,0.307589658048,24.426206589000,0.538782318599,604,0.770642201835,0.300000000000
512,train,0.288156797331,22.178110123000,0.464553794829,448,0.587989991660,0.300000000000
513,holdout,-0.248540450375,15.921922684000,0.024186822352,797,0.909090909091,0.300000000000
514,train,0.068723936614,18.959344864000,0.291909924937,577,0.743953294412,0.300000000000
515,train,-0.042535446205,16.570568085000,0.060050041701,296,0.341951626355,0.300000000000
516,train,0.598081734779,29.881061554000,0.643869891576,198,0.152627189324,0.300000000000
517,validation,0.287823185988,22.304859161000,0.471226021685,469,0.611342785655,0.300000000000
518,train,0.869224353628,120.027709961000,0.945788156797,253,0.255212677231,0.300000000000
519,validation,0.074395329441,17.802930832000,0.165971643036,276,0.305254378649,0.300000000000
520,train,0.344620517098,27.137117386000,0.601334445371,708,0.855713094245,0.300000000000
521,train,0.721100917431,43.693225861000,0.730608840701,88,0.031693077565,0.300000000000
522,validation,0.637030859049,60.099075317000,0.830692243536,493,0.645537948290,0.300000000000
523,train,0.058798999166,16.883186340000,0.075062552127,119,0.054211843203,0.300000000000
524,train,0.650125104254,33.904880524000,0.678899082569,153,0.095913261051,0.300000000000
525,train,0.470308590492,22.463550568000,0.477064220183,78,0.022518765638,0.300000000000
526,holdout,-0.108757297748,17.233938217000,0.108423686405,554,0.723936613845,0.300000000000
527,train,-0.220683903253,16.652921677000,0.062552126772,931,0.944120100083,0.300000000000
528,train,0.041951626355,17.146528244000,0.096747289408,213,0.182652210175,0.300000000000
529,holdout,0.906088407006,214.183395386000,0.986655546289,261,0.268557130942,0.300000000000
530,train,-0.141534612177,17.139266968000,0.095913261051,627,0.791492910759,0.300000000000
531,train,0.725854879066,51.544059753000,0.788156797331,227,0.207673060884,0.300000000000
532,train,0.347706422018,27.083724976000,0.599666388657,683,0.839866555463,0.300000000000
533,train,0.342952460384,22.784639359000,0.489574645538,381,0.488740617181,0.300000000000
534,holdout,0.415763135947,24.746908188000,0.544620517098,345,0.429524603837,0.300000000000
535,train,0.164386989158,18.357683182000,0.227689741451,230,0.211009174312,0.300000000000
536,train,-0.208340283570,14.429798126000,0.000834028357,530,0.697247706422,0.300000000000
537,train,0.959716430359,240.314666748000,1.000000000000,187,0.134278565471,0.300000000000
538,train,0.143119266055,19.154981613000,0.302752293578,409,0.532110091743,0.300000000000
539,train,0.724603836530,75.290954590000,0.883236030025,407,0.528773978315,0.300000000000
540,validation,0.354295246038,22.249715805000,0.467889908257,319,0.378648874062,0.300000000000
541,train,0.625271059216,65.898666382000,0.848206839033,575,0.743119266055,0.300000000000
542,validation,0.287823185988,19.020212173000,0.293577981651,75,0.019182652210,0.300000000000
543,train,0.347372810676,20.863359451000,0.391159299416,193,0.145954962469,0.300000000000
544,train,0.948790658882,171.947341919000,0.975813177648,149,0.090075062552,0.300000000000
545,train,0.097998331943,17.744005203000,0.159299416180,226,0.204336947456,0.300000000000
546,train,0.036613844871,17.039455414000,0.085904920767,203,0.164303586322,0.300000000000
547,train,0.202251876564,22.870910645000,0.491242702252,1033,0.963302752294,0.300000000000
548,validation,0.332860717264,21.163904190000,0.411175979983,257,0.261050875730,0.300000000000
549,train,0.544120100083,27.752906799000,0.617180984153,248,0.243536280234,0.300000000000
550,train,-0.086989157631,16.583082199000,0.060884070058,383,0.492910758966,0.300000000000
551,train,0.661634695580,32.150634766000,0.663886572143,49,0.007506255213,0.300000000000
552,train,0.113261050876,17.306011200000,0.114261884904,38,0.003336113428,0.300000000000
553,train,0.164720600500,20.728158951000,0.381150959133,553,0.721434528774,0.300000000000
554,train,-0.094829024187,17.148826599000,0.097581317765,490,0.641367806505,0.300000000000
555,holdout,0.188323603003,18.459579468000,0.241868223520,211,0.178482068390,0.300000000000
556,train,-0.071309424520,18.160675049000,0.202668890742,816,0.913261050876,0.300000000000
557,train,0.907756463720,201.904556274000,0.985821517932,256,0.260216847373,0.300000000000
558,train,0.588323603003,75.773910522000,0.884070058382,1199,0.985821517932,0.300000000000
559,holdout,0.280650542118,19.789489746000,0.331943286072,208,0.170975813178,0.300000000000
560,train,0.794829024187,99.944305420000,0.917431192661,334,0.408673894912,0.300000000000
561,train,0.224520433695,19.677968979000,0.326105087573,295,0.338615512927,0.300000000000
562,validation,0.709341117598,68.703613281000,0.865721434529,403,0.521267723103,0.300000000000
563,validation,-0.047289407840,17.138387680000,0.095079232694,368,0.474562135113,0.300000000000
564,validation,0.577564637198,47.714801788000,0.763969974979,473,0.621351125938,0.300000000000
565,train,0.730191826522,103.002349854000,0.924103419516,493,0.646371976647,0.300000000000
566,validation,0.409174311927,24.769760132000,0.546288573812,363,0.457047539616,0.300000000000
567,train,0.811175979983,64.246475220000,0.843202668891,162,0.106755629691,0.300000000000
568,holdout,0.120350291910,17.438604355000,0.127606338616,81,0.024186822352,0.300000000000
569,train,0.577814845705,34.256404877000,0.681401167640,298,0.345287739783,0.300000000000
570,holdout,0.588990825688,35.173480988000,0.688073394495,292,0.330275229358,0.300000000000
571,train,-0.022935779817,16.209177017000,0.035863219349,222,0.195996663887,0.300000000000
572,train,0.377147623019,32.017562866000,0.661384487073,945,0.947456213511,0.300000000000
573,train,0.376313594662,21.968965530000,0.455379482902,258,0.263552960801,0.300000000000
574,train,0.835446205171,115.567550659000,0.938281901585,296,0.342785654712,0.300000000000
575,train,0.749624687239,80.898002625000,0.895746455379,379,0.487072560467,0.300000000000
576,train,0.112010008340,18.301467896000,0.221851542952,312,0.366138448707,0.300000000000
577,train,0.112927439533,18.175931931000,0.206005004170,279,0.310258548791,0.300000000000
578,train,0.024020016681,18.909341812000,0.287739783153,743,0.879065888240,0.300000000000
579,train,-0.106255212677,15.683612823000,0.020850708924,342,0.423686405338,0.300000000000
580,train,-0.009174311927,16.432468414000,0.050875729775,224,0.200166805671,0.300000000000
581,train,0.670141784821,42.961677551000,0.726438698916,218,0.187656380317,0.300000000000
582,train,0.368890742285,22.783029556000,0.488740617181,329,0.399499582986,0.300000000000
583,holdout,0.843703085905,178.898284912000,0.978315262719,358,0.448707256047,0.300000000000
584,validation,0.391159299416,27.402008057000,0.606338615513,546,0.717264386989,0.300000000000
585,train,0.579065888240,27.156061172000,0.603836530442,142,0.082568807339,0.300000000000
586,train,0.342785654712,21.707983017000,0.442869057548,293,0.333611342786,0.300000000000
587,validation,0.051042535446,16.694326401000,0.065054211843,108,0.046705587990,0.300000000000
588,train,-0.209424520434,16.066083908000,0.030025020851,631,0.798165137615,0.300000000000
589,train,0.562635529608,30.751617432000,0.652210175146,274,0.298582151793,0.300000000000
590,train,0.062552126772,18.229982376000,0.215179316097,392,0.508757297748,0.300000000000
591,train,0.207256046706,18.512073517000,0.248540450375,189,0.137614678899,0.300000000000
592,train,-0.081150959133,18.011688232000,0.186822351960,765,0.893244370309,0.300000000000
593,holdout,0.151793160967,19.290218353000,0.309424520434,404,0.525437864887,0.300000000000
594,holdout,0.656964136781,70.985313416000,0.872393661384,547,0.718098415346,0.300000000000
595,holdout,0.066722268557,19.081026077000,0.299416180150,607,0.775646371977,0.300000000000
596,holdout,0.593911592994,33.636974335000,0.677231025855,268,0.277731442869,0.300000000000
597,train,0.177064220183,20.560089111000,0.371976647206,494,0.649708090075,0.300000000000
598,train,-0.064053377815,15.812086105000,0.022518765638,272,0.288573811510,0.300000000000
599,validation,0.955379482902,219.601974487000,0.991659716430,181,0.120934111760,0.300000000000
600,validation,0.217597998332,19.448472977000,0.316930775646,292,0.331109257715,0.300000000000
601,holdout,0.777481234362,99.932006836000,0.916597164304,365,0.463719766472,0.300000000000
602,validation,0.045621351126,16.669330597000,0.063386155129,123,0.059216013344,0.300000000000
603,train,0.175396163470,20.089796066000,0.352793994996,451,0.591326105088,0.300000000000
604,validation,0.409341117598,34.865356445000,0.685571309425,835,0.920767306088,0.300000000000
605,validation,-0.030108423686,16.534366608000,0.056713928274,272,0.289407839867,0.300000000000
606,train,0.609674728941,33.083702087000,0.672226855713,227,0.208507089241,0.300000000000
607,train,0.178148457048,18.463228226000,0.242702251877,232,0.215179316097,0.300000000000
608,train,-0.035529608007,17.169692993000,0.102585487907,364,0.460383653044,0.300000000000
609,train,0.683653044204,47.014854431000,0.753961634696,243,0.234361968307,0.300000000000
610,train,0.161551292744,20.993108749000,0.399499582986,628,0.793160967473,0.300000000000
611,holdout,0.506422018349,29.255548477000,0.638031693078,351,0.438698915763,0.300000000000
612,train,0.670475396163,55.134277344000,0.809841534612,365,0.464553794829,0.300000000000
613,train,0.680066722269,44.944873810000,0.743119266055,228,0.210175145955,0.300000000000
614,train,-0.105921601334,17.760896683000,0.164303586322,785,0.900750625521,0.300000000000
615,train,-0.052043369475,16.204330444000,0.035029190992,272,0.290241868224,0.300000000000
616,train,0.512927439533,42.303184509000,0.723102585488,533,0.700583819850,0.300000000000
617,train,0.541201000834,27.795890808000,0.618015012510,253,0.256046705588,0.300000000000
618,train,0.606422018349,53.425392151000,0.799833194329,492,0.644703919933,0.300000000000
619,train,0.804086738949,151.201263428000,0.967472894078,423,0.544620517098,0.300000000000
620,train,0.284653878232,21.189199448000,0.414512093411,348,0.432860717264,0.300000000000
621,holdout,0.107256046706,20.833597183000,0.389491242702,906,0.940783986656,0.300000000000
622,train,0.566722268557,45.017910004000,0.745621351126,454,0.596330275229,0.300000000000
623,train,-0.046205170976,17.760803223000,0.163469557965,532,0.698915763136,0.300000000000
624,train,0.699332777314,127.147033691000,0.950792326939,681,0.838198498749,0.300000000000
625,train,-0.267139282736,14.603368759000,0.003336113428,786,0.901584653878,0.300000000000
626,holdout,0.328440366972,23.927961349000,0.524603836530,498,0.653878231860,0.300000000000
627,train,0.523519599666,53.784347534000,0.801501251043,849,0.926605504587,0.300000000000
628,train,0.642869057548,54.631317139000,0.806505421184,423,0.545454545455,0.300000000000
629,validation,0.102335279399,17.795183182000,0.165137614679,227,0.209341117598,0.300000000000
630,train,0.001334445371,18.452922821000,0.241034195163,631,0.798999165972,0.300000000000
631,holdout,0.426605504587,30.539394379000,0.648040033361,566,0.738115095913,0.300000000000
632,validation,0.714929107590,79.476959229000,0.891576313595,448,0.588824020017,0.300000000000
633,train,0.515679733111,27.972866058000,0.623019182652,306,0.357798165138,0.300000000000
634,train,-0.084403669725,17.830057144000,0.171809841535,707,0.854045037531,0.300000000000
635,holdout,0.864386989158,178.240402222000,0.977481234362,318,0.376980817348,0.300000000000
636,train,0.291159299416,23.075901031000,0.497080900751,518,0.686405337781,0.300000000000
637,holdout,-0.085738115096,18.212411880000,0.211009174312,1335,0.989157631359,0.300000000000
638,train,0.260550458716,24.200759888000,0.531276063386,788,0.902418682235,0.300000000000
639,holdout,0.739949958299,53.315296173000,0.796497080901,218,0.188490408674,0.300000000000
640,validation,0.310508757298,21.442775726000,0.427856547123,327,0.391159299416,0.300000000000
641,train,-0.140450375313,16.428691864000,0.049207673061,484,0.632193494579,0.300000000000
642,train,0.253461217681,21.469852448000,0.430358632193,449,0.589658048374,0.300000000000
643,train,0.128023352794,20.588653564000,0.374478732277,656,0.821517931610,0.300000000000
644,train,0.460967472894,23.342634201000,0.508757297748,201,0.159299416180,0.300000000000
645,train,0.691576313595,45.779579163000,0.750625521268,222,0.196830692244,0.300000000000
646,holdout,0.821351125938,104.151260376000,0.927439532944,304,0.353628023353,0.300000000000
647,holdout,0.072560467056,18.863912582000,0.285237698082,537,0.708924103420,0.300000000000
648,holdout,-0.117681401168,17.812421799000,0.169307756464,1004,0.956630525438,0.300000000000
649,train,0.475062552127,25.514236450000,0.569641367807,282,0.315262718932,0.300000000000
650,train,0.811009174312,58.533382416000,0.826522101751,117,0.051709758132,0.300000000000
651,train,-0.192076730609,16.766923904000,0.068390325271,733,0.868223519600,0.300000000000
652,train,0.891409507923,200.693771362000,0.984987489575,280,0.311926605505,0.300000000000
653,holdout,0.427105921601,22.901885986000,0.492910758966,234,0.219349457882,0.300000000000
654,train,0.721351125938,94.434204102000,0.910758965805,483,0.631359466222,0.300000000000
655,validation,0.124854045038,19.608236313000,0.322768974145,507,0.659716430359,0.300000000000
656,holdout,0.636196830692,78.220993042000,0.889908256881,694,0.845704753962,0.300000000000
657,train,0.075562969141,16.976181030000,0.082568807339,79,0.023352793995,0.300000000000
658,train,0.426188490409,22.010522842000,0.458715596330,164,0.108423686405,0.300000000000
659,train,0.348123436197,21.070152283000,0.403669724771,217,0.185154295246,0.300000000000
660,train,0.653961634696,49.282680511000,0.777314428691,335,0.411175979983,0.300000000000
661,train,0.391242702252,24.899459839000,0.552126772310,413,0.536280233528,0.300000000000
662,train,0.421267723103,23.684936523000,0.517097581318,285,0.319432860717,0.300000000000
663,holdout,0.249791492911,24.725971222000,0.543786488741,1132,0.979983319433,0.300000000000
664,train,0.527272727273,41.040348053000,0.713928273561,473,0.622185154295,0.300000000000
665,train,0.221684737281,21.337648392000,0.425354462052,513,0.678899082569,0.300000000000
666,train,0.303669724771,21.272533417000,0.422018348624,328,0.394495412844,0.300000000000
667,train,0.192076730609,21.962055206000,0.454545454545,740,0.874895746455,0.300000000000
668,train,0.150959132611,18.567796707000,0.256046705588,302,0.350291909925,0.300000000000
669,validation,0.698498748957,169.569351196000,0.974979149291,838,0.921601334445,0.300000000000
670,validation,0.395579649708,30.764236450000,0.653044203503,713,0.858215179316,0.300000000000
671,train,0.521267723103,26.643154144000,0.596330275229,251,0.250208507089,0.300000000000
672,validation,0.472560467056,30.133476257000,0.644703919933,439,0.573811509591,0.300000000000
673,validation,0.598165137615,32.966178894000,0.669724770642,245,0.238532110092,0.300000000000
674,train,0.549374478732,27.448522568000,0.607172643870,220,0.192660550459,0.300000000000
675,train,-0.149624687239,14.698873520000,0.005004170142,401,0.515429524604,0.300000000000
676,validation,0.008924103420,17.670928955000,0.151793160967,370,0.476230191827,0.300000000000
677,train,0.821184320267,69.988342285000,0.868223519600,199,0.156797331109,0.300000000000
678,train,0.105004170142,19.685811996000,0.326939115930,569,0.739783152627,0.300000000000
679,validation,0.157631359466,18.990154266000,0.292743953294,359,0.450375312761,0.300000000000
680,holdout,0.495746455379,37.225780487000,0.696413678065,510,0.668890742285,0.300000000000
681,train,0.290492076731,19.226776123000,0.305254378649,115,0.049207673061,0.300000000000
682,train,0.672143452877,56.274475098000,0.816513761468,372,0.481234361968,0.300000000000
683,train,0.879065888240,146.746658325000,0.964136780651,271,0.283569641368,0.300000000000
684,train,0.722518765638,44.888771057000,0.742285237698,128,0.065888240200,0.300000000000
685,train,0.116096747289,17.915388107000,0.180150125104,231,0.213511259383,0.300000000000
686,train,0.146038365304,19.151123047000,0.301918265221,402,0.519599666389,0.300000000000
687,train,0.416847372811,22.982326508000,0.495412844037,257,0.261884904087,0.300000000000
688,train,0.399666388657,28.975351334000,0.633861551293,617,0.780650542118,0.300000000000
689,holdout,-0.083986655546,17.222738266000,0.105921601334,485,0.633027522936,0.300000000000
690,validation,0.452793994996,42.653396606000,0.724770642202,791,0.906588824020,0.300000000000
691,train,0.655546288574,53.385375977000,0.798165137615,368,0.475396163470,0.300000000000
692,validation,-0.015429524604,16.533540726000,0.055879899917,244,0.237698081735,0.300000000000
693,holdout,0.249624687239,19.828153610000,0.336947456214,272,0.291075896580,0.300000000000
694,train,0.301834862385,25.000411987000,0.558798999166,710,0.856547122602,0.300000000000
695,train,0.770975813178,94.881042480000,0.911592994162,366,0.468723936614,0.300000000000
696,validation,0.833778148457,132.500442505000,0.954128440367,330,0.401167639700,0.300000000000
697,train,0.461884904087,25.638648987000,0.572977481234,314,0.370308590492,0.300000000000
698,train,0.306422018349,25.636196136000,0.572143452877,757,0.885738115096,0.300000000000
699,train,0.648707256047,48.394630432000,0.769808173478,332,0.403669724771,0.300000000000
700,train,-0.076563803169,17.605546951000,0.142618849041,558,0.730608840701,0.300000000000
701,holdout,0.055129274395,19.956638336000,0.348623853211,1126,0.978315262719,0.300000000000
702,holdout,-0.082151793161,18.220582962000,0.214345287740,1268,0.988323603003,0.300000000000
703,holdout,0.625854879066,72.340072632000,0.876563803169,676,0.835696413678,0.300000000000
704,train,-0.021017514595,17.760244370000,0.162635529608,469,0.612176814012,0.300000000000
705,train,0.817514595496,101.317222595000,0.921601334445,300,0.346955796497,0.300000000000
706,validation,0.438115095913,23.174968719000,0.502919099249,232,0.216013344454,0.300000000000
707,train,-0.011092577148,17.753894806000,0.161801501251,441,0.576313594662,0.300000000000
708,train,0.171059216013,21.070381165000,0.404503753128,611,0.778148457048,0.300000000000
709,train,0.886488740617,215.949752808000,0.988323603003,295,0.339449541284,0.300000000000
710,train,0.802502085071,236.335693359000,0.999165971643,503,0.655546288574,0.300000000000
711,train,0.766722268557,115.741943359000,0.939115929942,439,0.574645537948,0.300000000000
712,train,0.793744787323,61.650810242000,0.836530442035,192,0.142618849041,0.300000000000
713,train,0.290158465388,26.043373108000,0.579649708090,1034,0.964970809008,0.300000000000
714,train,0.421100917431,27.152521133000,0.603002502085,465,0.606338615513,0.300000000000
715,train,0.668390325271,54.350883484000,0.804003336113,360,0.452043369475,0.300000000000
716,train,0.021184320267,16.363155365000,0.046705587990,144,0.085070892410,0.300000000000
717,train,0.364804003336,23.311019897000,0.507923269391,371,0.477064220183,0.300000000000
718,train,0.061134278565,17.276906967000,0.113427856547,210,0.174311926606,0.300000000000
719,validation,0.608673894912,43.221763611000,0.727272727273,328,0.395329441201,0.300000000000
720,train,0.814512093411,96.052947998000,0.914095079233,292,0.331943286072,0.300000000000
721,validation,0.169224353628,22.082679749000,0.461217681401,1098,0.973311092577,0.300000000000
722,train,0.409090909091,26.527782440000,0.592994161802,469,0.613010842369,0.300000000000
723,train,0.389241034195,28.629547119000,0.629691409508,633,0.801501251043,0.300000000000
724,train,0.560800667223,28.585151672000,0.628857381151,238,0.226855713094,0.300000000000
725,holdout,-0.045537948290,17.813034058000,0.170141784821,547,0.718932443703,0.300000000000
726,train,0.035029190992,17.706933975000,0.155129274395,329,0.400333611343,0.300000000000
727,holdout,0.048623853211,18.735273361000,0.276063386155,591,0.758131776480,0.300000000000
728,train,0.090909090909,20.576887131000,0.373644703920,926,0.942452043369,0.300000000000
729,train,0.505087572977,31.644489288000,0.657214345288,391,0.507089241034,0.300000000000
730,train,0.232193494579,20.723815918000,0.380316930776,383,0.493744787323,0.300000000000
731,validation,-0.184570475396,17.084014893000,0.090909090909,823,0.918265221018,0.300000000000
732,validation,0.359049207673,20.319875717000,0.360300250209,42,0.004170141785,0.300000000000
733,train,0.846872393661,119.858627319000,0.944954128440,289,0.326939115930,0.300000000000
734,validation,-0.124186822352,17.264167786000,0.111759799833,623,0.786488740617,0.300000000000
735,holdout,0.662552126772,39.390460968000,0.705587989992,192,0.143452877398,0.300000000000
736,train,0.704003336113,43.907798767000,0.732276897415,150,0.094245204337,0.300000000000
737,train,0.905671392827,167.107620239000,0.972477064220,236,0.222685571309,0.300000000000
738,train,0.671392827356,80.688339233000,0.894078398666,572,0.742285237698,0.300000000000
739,train,0.460383653044,26.301124573000,0.585487906589,338,0.417014178482,0.300000000000
740,train,-0.052543786489,18.133499146000,0.200166805671,686,0.842368640534,0.300000000000
741,train,0.481984987490,25.354024887000,0.563803169308,266,0.272727272727,0.300000000000
742,validation,0.000333611343,16.405773163000,0.048373644704,201,0.160133444537,0.300000000000
743,validation,0.620767306088,92.636314392000,0.908256880734,1013,0.958298582152,0.300000000000
744,holdout,0.654378648874,50.818344116000,0.786488740617,352,0.440366972477,0.300000000000
745,holdout,0.833277731443,126.318588257000,0.949124270225,325,0.386155129274,0.300000000000
746,train,0.444120100083,33.179107666000,0.673060884070,597,0.763135946622,0.300000000000
747,validation,0.484820683903,39.467731476000,0.707256046706,571,0.741451209341,0.300000000000
748,train,0.571726438699,47.872867584000,0.768140116764,498,0.654712260217,0.300000000000
749,validation,0.224270225188,23.263938904000,0.506255212677,905,0.939949958299,0.300000000000
750,validation,0.258465387823,23.930545807000,0.525437864887,761,0.889908256881,0.300000000000
751,train,-0.146622185154,16.540807724000,0.057547956631,514,0.680567139283,0.300000000000
752,train,0.334612176814,28.234645844000,0.626355296080,1096,0.972477064220,0.300000000000
753,train,0.385404503753,27.061576843000,0.598832360300,539,0.711426188490,0.300000000000
754,train,-0.009507923269,16.372190475000,0.047539616347,219,0.190158465388,0.300000000000
755,train,0.251209341118,23.810317993000,0.520433694746,772,0.897414512093,0.300000000000
756,train,0.743286071726,83.265037537000,0.899916597164,403,0.522101751460,0.300000000000
757,train,0.374895746455,31.455329895000,0.656380316931,903,0.938281901585,0.300000000000
758,train,0.713344453711,54.963123322000,0.808173477898,282,0.316096747289,0.300000000000
759,train,0.087572977481,17.273128510000,0.112593828190,142,0.083402835696,0.300000000000
760,train,0.115012510425,19.504962921000,0.319432860717,514,0.681401167640,0.300000000000
761,train,0.816263552961,68.998214722000,0.866555462886,205,0.167639699750,0.300000000000
762,train,0.163803169308,18.152372360000,0.201834862385,183,0.126772310259,0.300000000000
763,train,0.108757297748,17.643230438000,0.149291075897,188,0.135112593828,0.300000000000
764,train,0.164303586322,21.908790588000,0.452043369475,1014,0.959132610509,0.300000000000
765,holdout,-0.215596330275,15.970783234000,0.025854879066,635,0.804837364470,0.300000000000
766,train,0.357381150959,22.424060822000,0.476230191827,328,0.396163469558,0.300000000000
767,train,0.617180984153,28.844896317000,0.632193494579,116,0.050041701418,0.300000000000
768,train,0.902335279399,225.970809937000,0.994161801501,276,0.306088407006,0.300000000000
769,train,0.480567139283,33.509880066000,0.674728940784,493,0.647206005004,0.300000000000
770,train,0.446288573812,22.752918243000,0.487072560467,188,0.135946622185,0.300000000000
771,train,0.226021684737,19.038167953000,0.296080066722,242,0.233527939950,0.300000000000
772,train,0.753628023353,99.949783325000,0.918265221018,425,0.548790658882,0.300000000000
773,train,0.674562135113,34.303218842000,0.683069224354,85,0.028356964137,0.300000000000
774,train,0.129774812344,18.688034058000,0.269391159299,365,0.465387823186,0.300000000000
775,train,0.534945788157,24.907415390000,0.552960800667,123,0.060050041701,0.300000000000
776,train,0.085487906589,17.561183929000,0.139282735613,211,0.179316096747,0.300000000000
777,holdout,0.046288573812,19.310976028000,0.310258548791,743,0.879899916597,0.300000000000
778,train,0.450125104254,23.388607025000,0.510425354462,224,0.201000834028,0.300000000000
779,holdout,0.932193494579,230.663436890000,0.997497914929,233,0.217681401168,0.300000000000
780,train,0.328940783987,20.315719604000,0.359466221852,156,0.101751459550,0.300000000000
781,holdout,0.709591326105,52.291599274000,0.793160967473,268,0.278565471226,0.300000000000
782,train,-0.038281901585,17.248281479000,0.110091743119,383,0.494578815680,0.300000000000
783,train,0.755879899917,58.495727539000,0.825688073394,241,0.232693911593,0.300000000000
784,holdout,0.691993327773,56.021648407000,0.814845704754,334,0.409507923269,0.300000000000
785,train,0.327189324437,20.762182236000,0.384487072560,219,0.190992493745,0.300000000000
786,train,0.352293577982,27.657909393000,0.615512927440,742,0.877397831526,0.300000000000
787,holdout,0.065471226022,19.429536819000,0.314428690575,663,0.829858215179,0.300000000000
788,train,-0.152210175146,17.412734985000,0.126772310259,872,0.929941618015,0.300000000000
789,train,0.028273561301,19.069143295000,0.297748123436,774,0.898248540450,0.300000000000
790,train,-0.109007506255,17.128637314000,0.093411175980,511,0.674728940784,0.300000000000
791,train,0.661217681401,32.842525482000,0.667222685571,76,0.020016680567,0.300000000000
792,train,0.131109257715,19.745920181000,0.330275229358,509,0.663886572143,0.300000000000
793,holdout,-0.225938281902,15.926380157000,0.025020850709,678,0.836530442035,0.300000000000
794,train,0.293327773144,23.390192032000,0.511259382819,555,0.726438698916,0.300000000000
795,train,0.121184320267,19.726552963000,0.328607172644,523,0.691409507923,0.300000000000
796,train,0.713094245204,86.769912720000,0.903252710592,485,0.633861551293,0.300000000000
797,train,0.795996663887,188.546539307000,0.979149291076,468,0.610508757298,0.300000000000
798,holdout,0.532527105922,49.088787079000,0.776480400334,649,0.813177648040,0.300000000000
799,train,0.163886572143,18.382225037000,0.232693911593,239,0.229357798165,0.300000000000
800,train,-0.040033361134,15.281766891000,0.012510425354,210,0.175145954962,0.300000000000
801,train,0.613261050876,49.812229156000,0.783152627189,432,0.566305254379,0.300000000000
802,train,0.256880733945,20.435554504000,0.366972477064,312,0.366972477064,0.300000000000
803,holdout,0.026271893244,18.669416428000,0.265221017515,630,0.796497080901,0.300000000000
804,train,0.507005838198,30.848703384000,0.653878231860,381,0.489574645538,0.300000000000
805,validation,0.599249374479,34.087097168000,0.680567139283,265,0.271059216013,0.300000000000
806,train,0.215012510425,19.388292313000,0.313594662219,291,0.328607172644,0.300000000000
807,train,0.208924103420,21.304904938000,0.422852376981,542,0.713094245204,0.300000000000
808,train,0.299249374479,20.370094299000,0.365304420350,234,0.220183486239,0.300000000000
809,train,0.640867389491,70.833930969000,0.871559633028,603,0.768974145121,0.300000000000
810,train,0.381818181818,22.477344513000,0.477898248540,285,0.320266889074,0.300000000000
811,train,0.585237698082,70.495582581000,0.870725604671,973,0.951626355296,0.300000000000
812,validation,0.246288573812,21.840143204000,0.451209341118,515,0.683069224354,0.300000000000
813,train,0.017347789825,16.962644577000,0.080900750626,230,0.211843202669,0.300000000000
814,holdout,0.722101751460,47.302627563000,0.755629691410,168,0.111759799833,0.300000000000
815,train,0.418015012510,24.239294052000,0.532110091743,320,0.380316930776,0.300000000000
816,train,0.122185154295,17.713569641000,0.155963302752,168,0.112593828190,0.300000000000
817,train,0.145954962469,21.415189743000,0.426188490409,883,0.934111759800,0.300000000000
818,train,0.790909090909,55.763275146000,0.813177648040,132,0.074228523770,0.300000000000
819,train,0.475479566305,26.151844025000,0.581317764804,303,0.352793994996,0.300000000000
820,validation,-0.061217681401,18.274232864000,0.218515429525,875,0.932443703086,0.300000000000
821,train,0.020767306088,17.533103943000,0.135112593828,321,0.381150959133,0.300000000000
822,train,0.455546288574,27.844112396000,0.619683069224,424,0.547122602168,0.300000000000
823,validation,0.498582151793,23.804382324000,0.519599666389,131,0.070058381985,0.300000000000
824,train,0.686822351960,39.862419128000,0.708090075063,131,0.070892410342,0.300000000000
825,train,0.317180984153,23.165616989000,0.502085070892,471,0.616346955796,0.300000000000
826,train,0.817597998332,89.686141968000,0.907422852377,274,0.299416180150,0.300000000000
827,train,0.653127606339,70.076911926000,0.869057547957,547,0.719766472060,0.300000000000
828,train,0.353294412010,21.042469025000,0.402835696414,203,0.165137614679,0.300000000000
829,holdout,0.250125104254,21.214750290000,0.417014178482,428,0.556296914095,0.300000000000
830,train,0.115095913261,18.205001831000,0.210175145955,283,0.316930775646,0.300000000000
831,holdout,-0.045704753962,15.077789307000,0.008340283570,211,0.180150125104,0.300000000000
832,train,0.041868223520,16.508312225000,0.053377814846,98,0.038365304420,0.300000000000
833,holdout,0.056046705588,18.266450882000,0.217681401168,416,0.538782318599,0.300000000000
834,train,0.582819015847,72.655426025000,0.879065888240,1236,0.987489574646,0.300000000000
835,train,0.112427022519,21.088163376000,0.406171809842,1128,0.979149291076,0.300000000000
836,train,-0.180900750626,17.027675629000,0.085070892410,758,0.886572143453,0.300000000000
837,holdout,0.032276897415,17.343393326000,0.117597998332,271,0.284403669725,0.300000000000
838,holdout,-0.147789824854,16.940916061000,0.078398665555,589,0.753961634696,0.300000000000
839,train,0.201584653878,20.118074417000,0.354462051710,392,0.509591326105,0.300000000000
840,train,0.173978315263,22.158378601000,0.463719766472,1038,0.965804837364,0.300000000000
841,train,-0.031109257715,18.046598434000,0.189324437031,562,0.734778982485,0.300000000000
842,train,0.060550458716,18.193878174000,0.207673060884,381,0.490408673895,0.300000000000
843,validation,0.352710592160,24.566598892000,0.539616346956,474,0.623019182652,0.300000000000
844,train,0.032443703086,17.055557251000,0.086738949124,211,0.180984153461,0.300000000000
845,train,0.421184320267,26.586053848000,0.593828190158,440,0.575479566305,0.300000000000
846,train,0.556213511259,28.696144104000,0.630525437865,250,0.247706422018,0.300000000000
847,train,0.730692243536,100.482070923000,0.919099249374,479,0.628023352794,0.300000000000
848,train,0.879566305254,193.789459229000,0.981651376147,295,0.340283569641,0.300000000000
849,train,0.668056713928,45.544837952000,0.748123436197,259,0.266889074229,0.300000000000
850,holdout,0.777648040033,59.166934967000,0.828190158465,205,0.168473728107,0.300000000000
851,holdout,0.017347789825,19.070373535000,0.298582151793,901,0.937447873228,0.300000000000
852,train,-0.036947456214,16.867675781000,0.073394495413,312,0.367806505421,0.300000000000
853,holdout,0.362885738115,30.666545868000,0.651376146789,1028,0.961634695580,0.300000000000
854,train,-0.169891576314,17.233688354000,0.107589658048,845,0.924937447873,0.300000000000
855,train,0.694078398666,41.091033936000,0.715596330275,131,0.071726438699,0.300000000000
856,train,0.177814845705,21.657140732000,0.439532944120,736,0.872393661384,0.300000000000
857,train,0.283653044204,23.233291626000,0.504587155963,565,0.736447039199,0.300000000000
858,train,0.621934945788,47.412078857000,0.757297748123,359,0.451209341118,0.300000000000
859,train,0.100500417014,18.202495575000,0.209341117598,308,0.362802335279,0.300000000000
860,train,0.012343619683,18.081361771000,0.193494578816,463,0.603836530442,0.300000000000
861,train,0.313678065054,21.800106049000,0.447039199333,355,0.444537114262,0.300000000000
862,train,-0.100333611343,16.954002380000,0.080066722269,462,0.601334445371,0.300000000000
863,holdout,0.026688907423,17.530281067000,0.134278565471,306,0.358632193495,0.300000000000
864,train,-0.007339449541,17.373598099000,0.121768140117,347,0.430358632193,0.300000000000
865,train,0.641367806505,56.962646484000,0.819015846539,451,0.592160133445,0.300000000000
866,train,0.442452043369,28.844207764000,0.631359466222,480,0.629691409508,0.300000000000
867,train,0.430191826522,26.021276474000,0.578815679733,383,0.495412844037,0.300000000000
868,holdout,0.423352793995,32.905933380000,0.668056713928,650,0.815679733111,0.300000000000
869,train,0.294912427023,22.615539551000,0.482068390325,476,0.623853211009,0.300000000000
870,train,0.170225187656,21.710733414000,0.443703085905,815,0.911592994162,0.300000000000
871,train,0.241618015013,19.892347336000,0.341951626355,294,0.334445371143,0.300000000000
872,validation,0.033778148457,17.659931183000,0.150125104254,326,0.387823185988,0.300000000000
873,train,0.462135112594,25.858366013000,0.575479566305,318,0.377814845705,0.300000000000
874,holdout,0.135362802335,18.931272507000,0.290241868224,401,0.516263552961,0.300000000000
875,train,0.884153461218,134.710418701000,0.957464553795,248,0.244370308590,0.300000000000
876,validation,0.538698915763,37.057548523000,0.695579649708,403,0.522935779817,0.300000000000
877,holdout,0.279899916597,24.821714401000,0.549624687239,775,0.899082568807,0.300000000000
878,train,0.509090909091,44.576297760000,0.737281067556,593,0.760633861551,0.300000000000
879,train,0.635779816514,44.672218323000,0.738115095913,295,0.341117597998,0.300000000000
880,train,0.028690575480,19.038633347000,0.296914095079,766,0.894078398666,0.300000000000
881,validation,0.328607172644,25.948215485000,0.576313594662,659,0.825688073394,0.300000000000
882,train,0.254712260217,21.953971863000,0.452877397832,507,0.660550458716,0.300000000000
883,holdout,0.636030025021,76.559555054000,0.885738115096,666,0.832360300250,0.300000000000
884,validation,0.593994995830,40.445709229000,0.710592160133,326,0.388657214345,0.300000000000
885,train,0.650458715596,38.801670074000,0.702251876564,209,0.172643869892,0.300000000000
886,validation,0.535946622185,27.490142822000,0.610508757298,250,0.248540450375,0.300000000000
887,train,0.470391993328,47.606594086000,0.760633861551,1064,0.967472894078,0.300000000000
888,train,0.892660550459,135.789230347000,0.959966638866,237,0.224353628023,0.300000000000
889,train,0.551876563803,39.976173401000,0.709758131776,404,0.526271893244,0.300000000000
890,holdout,0.453711426188,23.774738312000,0.518765638032,232,0.216847372811,0.300000000000
891,train,0.945120934112,229.783676147000,0.996663886572,208,0.171809841535,0.300000000000
892,train,0.687739783153,53.996711731000,0.802335279399,321,0.381984987490,0.300000000000
893,train,0.533194328607,26.174877167000,0.582985821518,203,0.165971643036,0.300000000000
894,train,0.272643869892,21.150178909000,0.409507923269,362,0.456213511259,0.300000000000
895,train,0.462552126772,39.382923126000,0.704753961635,637,0.807339449541,0.300000000000
896,holdout,0.857881567973,71.618156433000,0.874895746455,121,0.056713928274,0.300000000000
897,train,0.745537948290,103.092529297000,0.924937447873,457,0.597998331943,0.300000000000
898,holdout,0.189991659716,18.640794754000,0.263552960801,248,0.245204336947,0.300000000000
899,train,0.544120100083,30.463403702000,0.647206005004,297,0.343619683069,0.300000000000
900,train,0.062635529608,17.164430618000,0.100917431193,183,0.127606338616,0.300000000000
901,holdout,0.511092577148,32.343212128000,0.664720600500,399,0.512093411176,0.300000000000
902,train,0.317931609675,21.423582077000,0.427022518766,308,0.363636363636,0.300000000000
903,train,0.757631359466,103.218719482000,0.925771476230,430,0.560467055880,0.300000000000
904,validation,0.575562969141,50.259475708000,0.783986655546,529,0.694745621351,0.300000000000
905,validation,0.750875729775,49.619224548000,0.780650542118,155,0.099249374479,0.300000000000
906,holdout,0.451376146789,41.520030975000,0.718098415346,760,0.889074228524,0.300000000000
907,train,-0.231859883236,15.302717209000,0.013344453711,651,0.817347789825,0.300000000000
908,train,0.391159299416,26.312526703000,0.586321934946,494,0.650542118432,0.300000000000
909,train,0.646622185154,34.599651337000,0.683903252711,182,0.124270225188,0.300000000000
910,train,0.551626355296,59.143112183000,0.827356130108,829,0.919099249374,0.300000000000
911,train,0.680817347790,79.182037354000,0.890742285238,532,0.699749791493,0.300000000000
912,train,0.003085904921,18.230609894000,0.216013344454,537,0.709758131776,0.300000000000
913,validation,0.322602168474,22.937583923000,0.493744787323,436,0.570475396163,0.300000000000
914,holdout,-0.110008340284,17.369808197000,0.120934111760,603,0.769808173478,0.300000000000
915,train,0.783236030025,128.143814087000,0.951626355296,430,0.561301084237,0.300000000000
916,train,0.215262718932,21.213531494000,0.416180150125,510,0.669724770642,0.300000000000
917,validation,0.789491242702,169.239883423000,0.974145120934,470,0.615512927440,0.300000000000
918,train,-0.003002502085,16.300910950000,0.042535446205,197,0.151793160967,0.300000000000
919,train,0.423519599666,24.792079926000,0.547122602168,335,0.412010008340,0.300000000000
920,holdout,0.820850708924,191.049301147000,0.979983319433,408,0.530442035029,0.300000000000
921,train,0.023686405338,17.382837296000,0.124270225188,294,0.335279399500,0.300000000000
922,train,0.407339449541,24.110000610000,0.527939949958,330,0.402001668057,0.300000000000
923,train,0.833944954128,118.321319580000,0.943286071726,308,0.364470391993,0.300000000000
924,train,0.098415346122,18.827140808000,0.283569641368,471,0.617180984153,0.300000000000
925,train,0.477314428691,27.205778122000,0.604670558799,342,0.424520433695,0.300000000000
926,train,0.208423686405,18.714206696000,0.272727272727,231,0.214345287740,0.300000000000
927,train,-0.170725604671,17.196853638000,0.104253544621,818,0.916597164304,0.300000000000
928,holdout,0.772560467056,129.230957031000,0.952460383653,458,0.599666388657,0.300000000000
929,train,-0.039866555463,18.430664062000,0.239366138449,873,0.930775646372,0.300000000000
930,train,0.604670558799,70.217163086000,0.869891576314,749,0.884070058382,0.300000000000
931,train,-0.009507923269,17.642780304000,0.147623019183,403,0.523769808173,0.300000000000
932,train,0.451376146789,25.303874969000,0.562969140951,315,0.371976647206,0.300000000000
933,train,0.174645537948,22.197078705000,0.465387823186,1070,0.969140950792,0.300000000000
934,train,0.681734778982,115.744796753000,0.939949958299,720,0.860717264387,0.300000000000
935,validation,0.361801501251,25.420743942000,0.567973311093,518,0.687239366138,0.300000000000
936,validation,0.229691409508,22.404144287000,0.475396163470,654,0.819015846539,0.300000000000
937,validation,0.439282735613,23.569234848000,0.514595496247,251,0.251042535446,0.300000000000
938,train,0.668223519600,82.005310059000,0.897414512093,598,0.763969974979,0.300000000000
939,train,-0.028356964137,15.134845734000,0.009174311927,182,0.125104253545,0.300000000000
940,train,0.487989991660,32.657875061000,0.666388657214,452,0.594662218515,0.300000000000
941,train,0.430692243536,23.044393539000,0.496246872394,233,0.218515429525,0.300000000000
942,train,-0.131693077565,14.977661133000,0.006672226856,364,0.461217681401,0.300000000000
943,train,0.386238532110,21.575262070000,0.434528773978,201,0.160967472894,0.300000000000
944,holdout,0.065054211843,18.283802032000,0.220183486239,401,0.517097581318,0.300000000000
945,train,0.264720600500,24.990711212000,0.557964970809,1123,0.977481234362,0.300000000000
946,train,0.570391993328,47.730346680000,0.764804003336,493,0.648040033361,0.300000000000
947,validation,0.529024186822,39.324272156000,0.703919933278,445,0.582985821518,0.300000000000
948,validation,0.601501251043,48.807605743000,0.773144286906,438,0.572143452877,0.300000000000
949,holdout,0.508507089241,36.946823120000,0.693911592994,471,0.618015012510,0.300000000000
950,validation,-0.128857381151,17.566171646000,0.140116763970,770,0.896580483736,0.300000000000
951,train,0.756380316931,88.283660889000,0.905754795663,386,0.497914929108,0.300000000000
952,train,0.243035863219,22.648664474000,0.483736447039,633,0.802335279399,0.300000000000
953,train,0.652960800667,33.945884705000,0.679733110926,148,0.089241034195,0.300000000000
954,train,0.248373644704,21.830192566000,0.449541284404,510,0.670558798999,0.300000000000
955,train,0.130525437865,20.197338104000,0.356964136781,589,0.754795663053,0.300000000000
956,train,0.242285237698,22.518213272000,0.478732276897,625,0.788156797331,0.300000000000
957,train,0.308423686405,26.777145386000,0.597164303586,1028,0.962468723937,0.300000000000
958,validation,-0.007673060884,17.674417496000,0.153461217681,413,0.537114261885,0.300000000000
959,train,0.241951626355,20.789728165000,0.385321100917,371,0.477898248540,0.300000000000
960,train,0.703169307756,48.554882050000,0.771476230192,238,0.227689741451,0.300000000000
961,train,0.443202668891,29.284576416000,0.638865721435,495,0.652210175146,0.300000000000
962,train,0.157798165138,18.735748291000,0.276897414512,328,0.396997497915,0.300000000000
963,train,0.886738949124,137.360748291000,0.960800667223,249,0.246872393661,0.300000000000
964,train,0.725938281902,66.061805725000,0.849040867389,334,0.410341951626,0.300000000000
965,validation,0.558548790659,55.879661560000,0.814011676397,705,0.851542952460,0.300000000000
966,train,0.084403669725,19.290000916000,0.308590492077,581,0.747289407840,0.300000000000
967,train,0.152293577982,18.401067734000,0.234361968307,266,0.273561301084,0.300000000000
968,train,0.650875729775,58.180419922000,0.824020016681,441,0.577147623019,0.300000000000
969,train,-0.070809007506,18.113555908000,0.197664720601,767,0.894912427023,0.300000000000
970,holdout,0.157297748123,20.809434891000,0.386989157631,601,0.765638031693,0.300000000000
971,train,0.553878231860,26.449960709000,0.589658048374,176,0.119266055046,0.300000000000
972,train,0.455713094245,30.575305939000,0.648874061718,491,0.643869891576,0.300000000000
973,validation,0.797914929108,168.491714478000,0.973311092577,446,0.584653878232,0.300000000000
974,train,0.053294412010,18.516723633000,0.250208507089,503,0.656380316931,0.300000000000
975,train,0.935613010842,162.918716431000,0.971643035863,178,0.120100083403,0.300000000000
976,holdout,-0.068306922435,15.675495148000,0.020016680567,273,0.294412010008,0.300000000000
977,train,0.462051709758,22.874866486000,0.492076730609,155,0.100083402836,0.300000000000
978,train,0.791909924937,56.608364105000,0.818181818182,146,0.087572977481,0.300000000000
979,holdout,0.960216847373,214.603332520000,0.987489574646,149,0.090909090909,0.300000000000
980,train,0.484653878232,24.308452606000,0.535446205171,205,0.169307756464,0.300000000000
981,validation,-0.290492076731,14.570741653000,0.002502085071,1122,0.976647206005,0.300000000000
982,train,0.085738115096,17.165184021000,0.101751459550,118,0.053377814846,0.300000000000
983,train,0.110675562969,20.109249115000,0.353628023353,639,0.809841534612,0.300000000000
984,holdout,0.398999165972,21.021396637000,0.402001668057,53,0.010008340284,0.300000000000
985,train,0.781317764804,55.729148865000,0.812343619683,157,0.103419516264,0.300000000000
986,train,0.545788156797,27.925676346000,0.621351125938,251,0.251876563803,0.300000000000
987,train,0.132193494579,18.372888565000,0.231025854879,291,0.329441201001,0.300000000000
988,train,0.936780650542,232.368560791000,0.998331943286,226,0.205170975813,0.300000000000
989,train,-0.043119266055,18.354375839000,0.226855713094,776,0.899916597164,0.300000000000
990,train,-0.054211843203,17.816926956000,0.170975813178,586,0.750625521268,0.300000000000
991,train,0.600417014178,46.147418976000,0.752293577982,390,0.506255212677,0.300000000000
992,train,0.196830692244,19.020217896000,0.294412010008,288,0.325271059216,0.300000000000
993,train,0.385988323603,24.365795135000,0.537114261885,389,0.503753127606,0.300000000000
994,train,0.736697247706,57.545745850000,0.821517931610,270,0.282735613011,0.300000000000
995,train,0.162718932444,21.791593552000,0.446205170976,935,0.944954128440,0.300000000000
996,holdout,0.604587155963,44.140132904000,0.733944954128,347,0.431192660550,0.300000000000
997,train,0.911843202669,135.375183105000,0.959132610509,199,0.157631359466,0.300000000000
998,validation,0.084236864053,17.227457047000,0.106755629691,134,0.075062552127,0.300000000000
999,train,0.682568807339,133.766082764000,0.955796497081,802,0.910758965805,0.300000000000
1000,train,0.034028356964,18.723731995000,0.275229357798,634,0.804003336113,0.300000000000
1001,train,0.253544620517,19.883975983000,0.341117597998,272,0.291909924937,0.300000000000
1002,train,0.590241868224,71.404281616000,0.873227689741,927,0.943286071726,0.300000000000
1003,validation,0.953044203503,218.645050049000,0.990825688073,182,0.125938281902,0.300000000000
1004,train,0.783903252711,53.271591187000,0.795663052544,98,0.039199332777,0.300000000000
1005,train,0.383486238532,25.251495361000,0.562135112594,453,0.595496246872,0.300000000000
1006,train,0.581901584654,47.532531738000,0.759799833194,451,0.592994161802,0.300000000000
1007,train,0.161551292744,20.933448792000,0.394495412844,608,0.776480400334,0.300000000000
1008,train,0.238949124270,21.767852783000,0.445371142619,518,0.688073394495,0.300000000000
1009,validation,0.104503753128,18.282789230000,0.219349457882,321,0.382819015847,0.300000000000
1010,train,0.475396163470,27.884202957000,0.620517097581,374,0.483736447039,0.300000000000
1011,holdout,0.252960800667,21.836128235000,0.450375312761,506,0.658048373645,0.300000000000
1012,train,0.017597998332,16.242288589000,0.040867389491,135,0.077564637198,0.300000000000
1013,train,0.798832360300,78.052062988000,0.887406171810,273,0.295246038365,0.300000000000
1014,holdout,0.304837364470,25.403011322000,0.566305254379,735,0.871559633028,0.300000000000
1015,holdout,0.552210175146,42.758255005000,0.725604670559,441,0.577981651376,0.300000000000
1016,train,0.515179316097,47.666233063000,0.763135946622,659,0.826522101751,0.300000000000
1017,train,0.419849874896,25.568458557000,0.570475396163,388,0.502085070892,0.300000000000
1018,train,0.825604670559,66.556655884000,0.854879065888,154,0.097581317765,0.300000000000
1019,train,-0.008924103420,17.445993423000,0.128440366972,363,0.457881567973,0.300000000000
1020,train,0.689574645538,82.991882324000,0.898248540450,529,0.695579649708,0.300000000000
1021,train,0.158048373645,18.552509308000,0.254378648874,285,0.321100917431,0.300000000000
1022,train,0.319683069224,22.051811218000,0.459549624687,365,0.466221851543,0.300000000000
1023,train,-0.192660550459,16.793159485000,0.070058381985,740,0.875729774812,0.300000000000
1024,train,0.651292743953,80.498886108000,0.893244370309,636,0.806505421184,0.300000000000
1025,train,0.697748123436,41.394123077000,0.717264386989,127,0.065054211843,0.300000000000
1026,train,0.060383653044,17.486829758000,0.130942452043,243,0.235195996664,0.300000000000
1027,train,0.705337781485,55.244449615000,0.810675562969,302,0.351125938282,0.300000000000
1028,train,0.277731442869,21.103618622000,0.407839866555,348,0.433694745621,0.300000000000
1029,train,0.131276063386,21.164657593000,0.412010008340,892,0.935779816514,0.300000000000
1030,train,0.111009174312,18.611446381000,0.261884904087,388,0.502919099249,0.300000000000
1031,train,0.872477064220,223.203262329000,0.993327773144,330,0.402835696414,0.300000000000
1032,holdout,0.789658048374,61.554519653000,0.835696413678,198,0.153461217681,0.300000000000
1033,train,0.164553794829,22.106113434000,0.462051709758,1445,0.991659716430,0.300000000000
1034,train,0.247122602168,23.303981781000,0.507089241034,732,0.866555462886,0.300000000000
1035,holdout,0.716513761468,44.149501801000,0.734778982485,124,0.060884070058,0.300000000000
1036,train,0.124186822352,20.532476425000,0.371142618849,657,0.823185988324,0.300000000000
1037,train,0.555546288574,52.338184357000,0.793994995830,629,0.794829024187,0.300000000000
1038,holdout,0.121017514595,20.712800980000,0.379482902419,722,0.861551292744,0.300000000000
1039,validation,0.561050875730,48.209823608000,0.768974145121,528,0.693077564637,0.300000000000
1040,train,0.654962468724,51.506767273000,0.787322768974,352,0.441201000834,0.300000000000
1041,train,0.240366972477,22.536939621000,0.479566305254,630,0.797331109258,0.300000000000
1042,train,-0.143452877398,16.509595871000,0.054211843203,506,0.658882402002,0.300000000000
1043,train,-0.074061718098,17.890222549000,0.177648040033,681,0.839032527106,0.300000000000
1044,train,0.597080900751,41.553230286000,0.718932443703,333,0.406171809842,0.300000000000
1045,train,0.666972477064,45.656410217000,0.749791492911,267,0.276063386155,0.300000000000
1046,validation,0.095996663887,18.093025208000,0.196830692244,294,0.336113427857,0.300000000000
1047,train,0.555963302752,44.054981232000,0.733110925771,449,0.590492076731,0.300000000000
1048,train,0.306588824020,20.747842789000,0.383653044204,253,0.256880733945,0.300000000000
1049,train,0.343869891576,27.497238159000,0.611342785655,763,0.891576313595,0.300000000000
1050,validation,0.253461217681,24.391069412000,0.537948290242,945,0.948290241868,0.300000000000
1051,validation,0.312677231026,21.334814072000,0.424520433695,315,0.372810675563,0.300000000000
1052,train,0.008173477898,18.723423004000,0.274395329441,758,0.887406171810,0.300000000000
1053,train,0.112510425354,18.856864929000,0.284403669725,438,0.572977481234,0.300000000000
1054,train,0.354545454545,28.117164612000,0.625521267723,788,0.903252710592,0.300000000000
1055,validation,0.730275229358,94.101692200000,0.909924937448,457,0.598832360300,0.300000000000
1056,train,0.402585487907,27.252723694000,0.605504587156,512,0.676396997498,0.300000000000
1057,train,-0.220016680567,15.625751495000,0.016680567139,625,0.788990825688,0.300000000000
1058,validation,0.176647206005,19.796611786000,0.332777314429,402,0.520433694746,0.300000000000
1059,train,0.459049207673,41.045101166000,0.714762301918,706,0.852376980817,0.300000000000
1060,validation,0.350875729775,30.337541580000,0.646371976647,1182,0.984987489575,0.300000000000
1061,holdout,0.096663886572,18.066387177000,0.190992493745,281,0.314428690575,0.300000000000
1062,train,0.022685571309,18.699605942000,0.271893244370,663,0.830692243536,0.300000000000
1063,train,0.588323603003,27.993286133000,0.623853211009,175,0.118432026689,0.300000000000
1064,train,0.403669724771,21.623716354000,0.438698915763,172,0.116763969975,0.300000000000
1065,train,0.199249374479,20.300947189000,0.358632193495,408,0.531276063386,0.300000000000
1066,train,-0.084487072560,17.913322449000,0.178482068390,741,0.876563803169,0.300000000000
1067,train,0.590825688073,49.688632965000,0.781484570475,486,0.635529608007,0.300000000000
1068,train,0.798832360300,57.766784668000,0.822351959967,135,0.078398665555,0.300000000000
1069,train,0.435195996664,21.820293427000,0.448707256047,103,0.045037531276,0.300000000000
1070,train,0.208173477898,23.237751007000,0.505421184320,1378,0.990825688073,0.300000000000
1071,train,0.757964970809,85.043220520000,0.901584653878,371,0.478732276897,0.300000000000
1072,train,0.214178482068,20.010999680000,0.350291909925,361,0.453711426188,0.300000000000
1073,holdout,0.735446205171,71.409660339000,0.874061718098,364,0.462051709758,0.300000000000
1074,train,-0.086822351960,18.014583588000,0.187656380317,817,0.914929107590,0.300000000000
1075,validation,0.467472894078,32.946018219000,0.668890742285,510,0.671392827356,0.300000000000
1076,train,0.778648874062,104.165115356000,0.928273561301,386,0.498748957465,0.300000000000
1077,train,0.360550458716,26.635776520000,0.595496246872,618,0.783152627189,0.300000000000
1078,train,0.496330275229,24.940343857000,0.554628857381,221,0.194328607173,0.300000000000
1079,train,0.349291075897,23.770301819000,0.517931609675,430,0.562135112594,0.300000000000
1080,train,0.199499582986,21.011730194000,0.401167639700,510,0.672226855713,0.300000000000
1081,train,0.195412844037,22.055051804000,0.460383653044,746,0.883236030025,0.300000000000
1082,train,0.809424520434,95.739120483000,0.913261050876,298,0.346121768140,0.300000000000
1083,train,0.035613010842,17.619634628000,0.143452877398,306,0.359466221852,0.300000000000
1084,validation,0.445704753962,35.588317871000,0.688907422852,641,0.810675562969,0.300000000000
1085,train,0.119266055046,17.363723755000,0.119266055046,14,0.000000000000,0.300000000000
1086,train,0.461968306922,23.819135666000,0.521267723103,222,0.197664720601,0.300000000000
1087,train,0.353211009174,21.607860565000,0.437030859049,268,0.279399499583,0.300000000000
1088,validation,0.638949124270,30.867233276000,0.654712260217,117,0.052543786489,0.300000000000
1089,train,-0.010341951626,17.727617264000,0.156797331109,428,0.557130942452,0.300000000000
1090,train,0.122685571309,18.550861359000,0.253544620517,349,0.436196830692,0.300000000000
1091,train,0.544787322769,47.836521149000,0.766472060050,566,0.738949124270,0.300000000000
1092,train,0.111342785655,19.514593124000,0.320266889074,529,0.696413678065,0.300000000000
1093,validation,0.935613010842,172.206375122000,0.976647206005,188,0.136780650542,0.300000000000
1094,train,0.076730608841,18.820310593000,0.281901584654,516,0.683903252711,0.300000000000
1095,train,-0.014512093411,18.409498215000,0.237698081735,683,0.840700583820,0.300000000000
1096,train,0.675729774812,34.299320221000,0.682235195997,77,0.021684737281,0.300000000000
1097,train,0.113928273561,18.465238571000,0.243536280234,347,0.432026688907,0.300000000000
1098,train,0.015679733111,18.513057709000,0.249374478732,612,0.778982485405,0.300000000000
1099,train,0.668473728107,35.116245270000,0.687239366138,125,0.062552126772,0.300000000000
1100,train,0.104253544621,18.086767197000,0.194328607173,274,0.300250208507,0.300000000000
1101,train,0.958465387823,227.930603027000,0.994995829858,181,0.121768140117,0.300000000000
1102,validation,0.525187656380,24.292476654000,0.532944120100,84,0.025854879066,0.300000000000
1103,train,0.648040033361,97.908752441000,0.915763135947,763,0.892410341952,0.300000000000
1104,validation,0.255713094245,18.573881149000,0.257714762302,48,0.006672226856,0.300000000000
1105,train,0.617097581318,49.486377716000,0.778982485405,416,0.539616346956,0.300000000000
1106,train,-0.025688073394,18.714532852000,0.273561301084,1522,0.997497914929,0.300000000000
1107,train,0.422018348624,21.464172363000,0.429524603837,83,0.025020850709,0.300000000000
1108,holdout,0.301251042535,25.400669098000,0.565471226022,744,0.880733944954,0.300000000000
1109,holdout,0.692076730609,44.781528473000,0.740617180984,201,0.161801501251,0.300000000000
1110,train,0.077231025855,20.080539703000,0.351959966639,817,0.915763135947,0.300000000000
1111,validation,0.454211843203,27.658603668000,0.616346955796,418,0.540450375313,0.300000000000
1112,holdout,0.041034195163,19.814073563000,0.335279399500,1134,0.980817347790,0.300000000000
1113,validation,0.004670558799,16.874570847000,0.074228523770,240,0.231859883236,0.300000000000
1114,holdout,0.585321100917,34.944610596000,0.686405337781,294,0.336947456214,0.300000000000
1115,train,0.611759799833,44.240638733000,0.735613010842,335,0.412844036697,0.300000000000
1116,validation,0.597664720601,37.000419617000,0.694745621351,287,0.323603002502,0.300000000000
1117,train,0.720934111760,83.130905151000,0.899082568807,451,0.593828190158,0.300000000000
1118,train,-0.143536280234,16.910324097000,0.075896580484,559,0.731442869058,0.300000000000
1119,train,0.888657214345,194.897827148000,0.982485404504,280,0.312760633862,0.300000000000
1120,train,0.077564637198,19.345439911000,0.312760633862,618,0.783986655546,0.300000000000
1121,validation,-0.012677231026,18.333717346000,0.226021684737,629,0.795663052544,0.300000000000
1122,holdout,0.313511259383,19.720520020000,0.327773144287,113,0.047539616347,0.300000000000
1123,holdout,0.332193494579,20.365566254000,0.364470391993,162,0.107589658048,0.300000000000
1124,train,0.704670558799,89.382621765000,0.906588824020,510,0.673060884070,0.300000000000
1125,validation,0.067806505421,19.939374924000,0.347789824854,875,0.933277731443,0.300000000000
1126,train,-0.035362802335,16.918733597000,0.076730608841,315,0.373644703920,0.300000000000
1127,train,0.820100083403,72.842094421000,0.879899916597,223,0.199332777314,0.300000000000
1128,train,0.044036697248,17.867019653000,0.175145954962,350,0.437030859049,0.300000000000
1129,train,0.423019182652,25.394742966000,0.564637197665,367,0.472060050042,0.300000000000
1130,train,0.071726438699,18.212938309000,0.211843202669,365,0.467055879900,0.300000000000
1131,holdout,0.623853211009,66.274734497000,0.851542952460,592,0.758965804837,0.300000000000
1132,train,0.182902418682,21.182025909000,0.412844036697,601,0.766472060050,0.300000000000
1133,train,0.619266055046,41.874877930000,0.720600500417,294,0.337781484570,0.300000000000
1134,train,0.666555462886,100.898330688000,0.920767306088,698,0.847372810676,0.300000000000
1135,train,0.118348623853,21.222742081000,0.417848206839,1688,0.998331943286,0.300000000000
1136,train,0.903669724771,222.287063599000,0.992493744787,273,0.296080066722,0.300000000000
1137,train,0.644286905755,30.638717651000,0.650542118432,76,0.020850708924,0.300000000000
1138,train,0.204420350292,20.941637039000,0.395329441201,486,0.636363636364,0.300000000000
1139,validation,0.224437030859,18.818399429000,0.280233527940,217,0.185988323603,0.300000000000
1140,train,-0.185988323603,16.811241150000,0.071726438699,716,0.859049207673,0.300000000000
1141,train,-0.039949958299,17.411382675000,0.125938281902,426,0.552960800667,0.300000000000
1142,train,0.707673060884,48.830528259000,0.773978315263,234,0.221017514595,0.300000000000
1143,train,0.775396163470,78.155197144000,0.888240200167,317,0.376146788991,0.300000000000
1144,holdout,0.055129274395,19.921792984000,0.346121768140,1072,0.969974979149,0.300000000000
1145,train,0.302085070892,20.972009659000,0.398665554629,286,0.321934945788,0.300000000000
1146,train,0.601251042535,43.264495850000,0.728106755630,341,0.422852376981,0.300000000000
1147,train,0.123436196831,17.663465500000,0.150959132611,149,0.091743119266,0.300000000000
1148,train,0.665888240200,33.358619690000,0.673894912427,84,0.026688907423,0.300000000000
1149,train,0.245287739783,19.822420120000,0.336113427857,275,0.302752293578,0.300000000000
1150,train,0.175479566305,18.201936722000,0.208507089241,165,0.110091743119,0.300000000000
1151,holdout,0.612260216847,47.827926636000,0.765638031693,398,0.511259382819,0.300000000000
1152,train,0.197914929108,21.209972382000,0.415346121768,554,0.724770642202,0.300000000000
1153,train,0.545704753962,50.463111877000,0.785654712260,632,0.799833194329,0.300000000000
1154,holdout,0.292577147623,22.291841507000,0.468723936614,447,0.587155963303,0.300000000000
1155,train,0.271809841535,21.188049316000,0.413678065054,367,0.472894078399,0.300000000000
1156,train,-0.055045871560,18.436876297000,0.240200166806,1178,0.984153461218,0.300000000000
1157,train,0.076897414512,17.355558395000,0.118432026689,189,0.138448707256,0.300000000000
1158,train,0.606922435363,60.550003052000,0.832360300250,586,0.751459549625,0.300000000000
1159,holdout,0.712343619683,113.387237549000,0.935779816514,578,0.744787322769,0.300000000000
1160,train,-0.070475396163,17.593399048000,0.140950792327,536,0.704753961635,0.300000000000
1161,train,0.526438698916,27.449237823000,0.608006672227,265,0.271893244370,0.300000000000
1162,holdout,0.444787322769,31.828233719000,0.659716430359,544,0.716430358632,0.300000000000
1163,train,0.746538782319,74.105110168000,0.882402001668,360,0.452877397832,0.300000000000
1164,train,0.457798165138,27.524204254000,0.612176814012,400,0.514595496247,0.300000000000
1165,train,0.709758131776,65.483764648000,0.847372810676,363,0.458715596330,0.300000000000
1166,holdout,0.367556296914,20.970230103000,0.397831526272,155,0.100917431193,0.300000000000
1167,train,0.627356130108,66.448379517000,0.854045037531,589,0.755629691410,0.300000000000
1168,train,0.444286905755,30.621429443000,0.649708090075,516,0.684737281068,0.300000000000
1169,train,0.365221017515,22.302026749000,0.469557964971,300,0.347789824854,0.300000000000
1170,train,0.034111759800,18.580913544000,0.258548790659,581,0.748123436197,0.300000000000
1171,train,0.838532110092,151.195205688000,0.966638865721,343,0.427022518766,0.300000000000
1172,train,0.459549624687,29.451715469000,0.639699749791,458,0.600500417014,0.300000000000
1173,train,0.678982485405,56.995643616000,0.819849874896,366,0.469557964971,0.300000000000
1174,train,0.462802335279,26.627130508000,0.594662218515,351,0.439532944120,0.300000000000
1175,train,0.318432026689,27.470279694000,0.609674728941,1077,0.970809007506,0.300000000000
1176,train,0.684737281068,37.508434296000,0.697247706422,100,0.041701417848,0.300000000000
1177,validation,0.747539616347,97.489791870000,0.914929107590,428,0.557964970809,0.300000000000
1178,train,0.036697247706,18.675931931000,0.266889074229,601,0.767306088407,0.300000000000
1179,train,0.066388657214,18.873897552000,0.286071726439,559,0.732276897415,0.300000000000
1180,train,0.021267723103,19.287559509000,0.307756463720,993,0.954962468724,0.300000000000
1181,train,0.523936613845,40.789497375000,0.713094245204,480,0.630525437865,0.300000000000
1182,train,0.690575479566,47.483078003000,0.758131776480,237,0.225187656380,0.300000000000
1183,validation,0.175979983319,20.492336273000,0.368640533778,490,0.642201834862,0.300000000000
1184,train,0.735279399500,67.082809448000,0.859883236030,337,0.415346121768,0.300000000000
1185,train,0.651209341118,68.338989258000,0.864887406172,539,0.712260216847,0.300000000000
1186,train,0.615429524604,66.280776978000,0.852376980817,625,0.789824854045,0.300000000000
1187,holdout,0.283069224354,20.670772552000,0.378648874062,284,0.318598832360,0.300000000000
1188,train,0.026021684737,18.682809830000,0.267723102585,635,0.805671392827,0.300000000000
1189,train,0.155212677231,20.412433624000,0.366138448707,534,0.703085904921,0.300000000000
1190,train,-0.183653044204,17.072376251000,0.090075062552,815,0.912427022519,0.300000000000
1191,train,0.323019182652,21.085283279000,0.405337781485,266,0.274395329441,0.300000000000
1192,train,0.211843202669,20.740137100000,0.381984987490,432,0.567139282736,0.300000000000
1193,train,0.136947456214,17.750385284000,0.160967472894,136,0.080066722269,0.300000000000
1194,train,0.582318598832,33.048194885000,0.671392827356,273,0.296914095079,0.300000000000
1195,holdout,0.075646371977,19.797407150000,0.333611342786,718,0.859883236030,0.300000000000
1196,train,0.422852376981,24.874359131000,0.550458715596,342,0.425354462052,0.300000000000
1197,train,-0.006005004170,18.213491440000,0.212677231026,556,0.728940783987,0.300000000000
1198,train,0.759633027523,126.251693726000,0.948290241868,479,0.628857381151,0.300000000000
1199,validation,0.609174311927,51.865398407000,0.789824854045,462,0.602168473728,0.300000000000
