region_id,split,prediction,raw_prediction,prediction_rank,shortcut_count,shortcut_rank,cost_weight
0,train,0.475229357798,27.101760864000,0.495412844037,225,0.201834862385,0.100000000000
1,validation,0.537614678899,31.840528488000,0.612176814012,580,0.745621351126,0.100000000000
2,holdout,0.010842368641,19.999750137000,0.036697247706,255,0.258548790659,0.100000000000
3,train,0.142118432027,22.023899078000,0.206005004170,490,0.638865721435,0.100000000000
4,train,0.880817347790,83.755813599000,0.884904086739,100,0.040867389491,0.100000000000
5,validation,0.635863219349,44.383903503000,0.706422018349,537,0.705587989992,0.100000000000
6,train,0.036280233528,21.071929932000,0.110925771476,580,0.746455379483,0.100000000000
7,train,0.218598832360,22.465299606000,0.251876563803,293,0.332777314429,0.100000000000
8,train,0.555045871560,29.753208160000,0.567973311093,185,0.129274395329,0.100000000000
9,train,0.225437864887,22.998167038000,0.301084236864,591,0.756463719766,0.100000000000
10,train,0.746288573812,70.270416260000,0.841534612177,979,0.952460383653,0.100000000000
11,train,0.474478732277,27.865386963000,0.520433694746,364,0.459549624687,0.100000000000
12,train,-0.075145954962,19.124994278000,0.008340283570,676,0.834862385321,0.100000000000
13,validation,0.668557130942,40.103755951000,0.688073394495,222,0.195162635530,0.100000000000
14,train,0.410925771476,27.515127182000,0.509591326105,1213,0.986655546289,0.100000000000
15,validation,0.536113427857,30.884273529000,0.588824020017,405,0.527105921601,0.100000000000
16,train,0.734778982485,64.732025146000,0.827356130108,846,0.925771476230,0.100000000000
17,train,0.865471226022,146.548721313000,0.957464553795,835,0.919933277731,0.100000000000
18,holdout,0.620600500417,37.983268738000,0.673060884070,404,0.524603836530,0.100000000000
19,train,0.106505421184,21.363010406000,0.133444537114,263,0.269391159299,0.100000000000
20,train,0.384153461218,25.008457184000,0.396997497915,184,0.128440366972,0.100000000000
21,holdout,0.786238532110,75.104660034000,0.862385321101,595,0.761467889908,0.100000000000
22,train,0.619683069224,38.288028717000,0.675562969141,430,0.558798999166,0.100000000000
23,train,0.530942452043,31.194717407000,0.597164303586,509,0.662218515430,0.100000000000
24,train,-0.047039199333,19.823078156000,0.031693077565,625,0.787322768974,0.100000000000
25,train,0.749958298582,63.818099976000,0.824854045038,584,0.748957464554,0.100000000000
26,holdout,0.932860717264,207.742446899000,0.980817347790,372,0.479566305254,0.100000000000
27,train,0.214345287740,22.965520859000,0.299416180150,704,0.850708924103,0.100000000000
28,train,0.501501251043,30.947177887000,0.589658048374,746,0.881567973311,0.100000000000
29,train,0.656964136781,52.209136963000,0.752293577982,983,0.953294412010,0.100000000000
30,train,0.298415346122,24.637239456000,0.376146788991,611,0.777314428691,0.100000000000
31,train,0.044870725605,20.579830170000,0.073394495413,272,0.285237698082,0.100000000000
32,holdout,-0.023853211009,19.248418808000,0.011676396997,306,0.355296080067,0.100000000000
33,train,0.779649708090,75.918502808000,0.866555462886,735,0.869057547957,0.100000000000
34,train,0.230692243536,23.370872498000,0.323603002502,870,0.929107589658,0.100000000000
35,holdout,0.303085904921,23.178611755000,0.316096747289,187,0.130108423686,0.100000000000
36,validation,0.134778982485,21.495725632000,0.143452877398,146,0.086738949124,0.100000000000
37,validation,0.785821517932,72.554794312000,0.850708924103,494,0.648874061718,0.100000000000
38,holdout,0.520350291910,30.721809387000,0.584653878232,491,0.643035863219,0.100000000000
39,train,0.706255212677,49.096275330000,0.733944954128,268,0.276897414512,0.100000000000
40,train,-0.023019182652,18.241258621000,0.000000000000,240,0.230191826522,0.100000000000
41,train,0.044120100083,20.344749451000,0.061718098415,211,0.175979983319,0.100000000000
42,train,0.259466221852,22.610338211000,0.271059216013,172,0.115929941618,0.100000000000
43,train,0.879983319433,116.979049683000,0.930775646372,392,0.507923269391,0.100000000000
44,holdout,0.791909924937,72.437812805000,0.849040867389,437,0.571309424520,0.100000000000
45,train,0.652793994996,41.781536102000,0.695579649708,345,0.427856547123,0.100000000000
46,train,0.077314428691,21.737630844000,0.170975813178,901,0.936613844871,0.100000000000
47,train,0.356547122602,24.772766113000,0.381150959133,249,0.246038365304,0.100000000000
48,train,0.650792326939,37.515773773000,0.669724770642,219,0.189324437031,0.100000000000
49,train,0.128857381151,21.588380814000,0.154295246038,253,0.254378648874,0.100000000000
50,train,0.252793994996,23.002408981000,0.301918265221,382,0.491242702252,0.100000000000
51,train,0.450208507089,27.483016968000,0.507089241034,436,0.568807339450,0.100000000000
52,train,0.365221017515,25.855537415000,0.442035029191,603,0.768140116764,0.100000000000
53,train,0.846955796497,123.566467285000,0.937447873228,790,0.904920767306,0.100000000000
54,train,0.627689741451,33.409229279000,0.633861551293,125,0.061718098415,0.100000000000
55,validation,0.156463719766,21.913351059000,0.195162635530,326,0.386989157631,0.100000000000
56,train,0.701251042535,54.591968536000,0.774812343620,563,0.735613010842,0.100000000000
57,train,0.887155963303,104.431198120000,0.910758965805,244,0.236030025021,0.100000000000
58,train,-0.002251876564,19.217767715000,0.010842368641,187,0.130942452043,0.100000000000
59,train,0.700333611343,56.855819702000,0.784820683903,691,0.844870725605,0.100000000000
60,train,0.166722268557,22.283109665000,0.236864053378,534,0.701417848207,0.100000000000
61,holdout,0.398248540450,25.090692520000,0.401167639700,86,0.029190992494,0.100000000000
62,holdout,-0.027356130108,20.341539383000,0.060050041701,739,0.874061718098,0.100000000000
63,train,0.778482068390,57.661479950000,0.788990825688,161,0.105087572977,0.100000000000
64,train,0.016930775646,20.244646072000,0.052543786489,306,0.356130108424,0.100000000000
65,train,0.070892410342,21.003883362000,0.101751459550,278,0.308590492077,0.100000000000
66,train,0.779649708090,74.044876099000,0.858215179316,623,0.785654712260,0.100000000000
67,train,-0.025354462052,20.275651932000,0.055879899917,644,0.812343619683,0.100000000000
68,train,0.681818181818,52.966087341000,0.758965804837,605,0.771476230192,0.100000000000
69,validation,0.764470391993,69.853927612000,0.840700583820,597,0.762301918265,0.100000000000
70,train,0.163552960801,21.685274124000,0.166805671393,89,0.032527105922,0.100000000000
71,train,0.067556296914,21.337907791000,0.130108423686,478,0.625521267723,0.100000000000
72,train,0.862135112594,114.527404785000,0.927439532944,497,0.653044203503,0.100000000000
73,train,0.713344453711,56.064674377000,0.783986655546,537,0.706422018349,0.100000000000
74,train,0.452793994996,27.011791229000,0.494578815680,339,0.417848206839,0.100000000000
75,train,0.508340283570,29.357273102000,0.553794829024,362,0.454545454545,0.100000000000
76,train,0.747956630525,60.626415253000,0.809841534612,473,0.618849040867,0.100000000000
77,holdout,0.871476230192,160.540802002000,0.964970809008,888,0.934945788157,0.100000000000
78,holdout,0.483903252711,26.751811981000,0.485404503753,65,0.015012510425,0.100000000000
79,train,0.212760633862,22.551725388000,0.262718932444,387,0.499582985822,0.100000000000
80,train,0.765804837364,72.394042969000,0.848206839033,659,0.824020016681,0.100000000000
81,train,0.311676396997,24.541637421000,0.371976647206,463,0.603002502085,0.100000000000
82,holdout,0.857881567973,92.886161804000,0.899916597164,340,0.420350291910,0.100000000000
83,train,0.199582985822,21.996307373000,0.202668890742,87,0.030859049208,0.100000000000
84,validation,0.891993327773,131.117340088000,0.943286071726,400,0.512927439533,0.100000000000
85,train,0.520016680567,28.616107941000,0.535446205171,199,0.154295246038,0.100000000000
86,validation,0.501501251043,28.583124161000,0.533778148457,287,0.322768974145,0.100000000000
87,train,0.244620517098,22.497526169000,0.255212677231,161,0.105921601334,0.100000000000
88,train,0.027105921601,21.110456467000,0.115929941618,760,0.888240200167,0.100000000000
89,train,0.699082568807,45.209991455000,0.712260216847,187,0.131776480400,0.100000000000
90,train,0.249958298582,22.572872162000,0.264386989158,193,0.144286905755,0.100000000000
91,train,0.723603002502,49.792392731000,0.738115095913,193,0.145120934112,0.100000000000
92,validation,0.322351959967,24.699424744000,0.378648874062,431,0.562969140951,0.100000000000
93,validation,0.236697247706,23.115926743000,0.309424520434,556,0.727272727273,0.100000000000
94,train,0.785321100917,59.537143707000,0.802335279399,207,0.170141784821,0.100000000000
95,holdout,0.057964970809,20.458057404000,0.068390325271,160,0.104253544621,0.100000000000
96,train,0.211175979983,22.821081161000,0.286905754796,591,0.757297748123,0.100000000000
97,train,0.550125104254,34.126758575000,0.639699749791,770,0.895746455379,0.100000000000
98,train,0.123769808173,22.111194611000,0.217681401168,904,0.939115929942,0.100000000000
99,train,0.753044203503,55.022930145000,0.778982485405,256,0.259382819016,0.100000000000
100,train,0.578732276897,30.678218842000,0.583819849875,117,0.050875729775,0.100000000000
101,train,0.256380316931,23.142541885000,0.312760633862,431,0.563803169308,0.100000000000
102,validation,0.079983319433,20.764865875000,0.081734778982,72,0.017514595496,0.100000000000
103,train,0.147122602168,22.291679382000,0.238532110092,817,0.914095079233,0.100000000000
104,train,0.603919933278,32.122550964000,0.617180984153,187,0.132610508757,0.100000000000
105,train,0.600917431193,31.392627716000,0.602168473728,61,0.012510425354,0.100000000000
106,train,0.182402001668,21.896041870000,0.192660550459,157,0.102585487907,0.100000000000
107,train,0.736363636364,55.251777649000,0.780650542118,355,0.442869057548,0.100000000000
108,train,0.694078398666,43.055782318000,0.698915763136,115,0.048373644704,0.100000000000
109,validation,0.409674728941,26.613336563000,0.478732276897,523,0.690575479566,0.100000000000
110,train,0.282568807339,24.088626862000,0.350291909925,513,0.677231025855,0.100000000000
111,train,-0.023603002502,20.311473846000,0.058381984987,656,0.819849874896,0.100000000000
112,train,0.622935779817,32.962310791000,0.630525437865,135,0.075896580484,0.100000000000
113,holdout,0.044954128440,21.393617630000,0.135946622185,801,0.909924937448,0.100000000000
114,train,0.710842368641,49.126144409000,0.734778982485,246,0.239366138449,0.100000000000
115,train,0.585654712260,31.303363800000,0.599666388657,191,0.140116763970,0.100000000000
116,train,0.795663052544,61.155372620000,0.814011676397,217,0.183486238532,0.100000000000
117,validation,0.258798999166,24.115772247000,0.351125938282,843,0.923269391159,0.100000000000
118,train,0.931442869058,169.272521973000,0.969974979149,324,0.385321100917,0.100000000000
119,holdout,0.257714762302,24.155158997000,0.352793994996,970,0.950792326939,0.100000000000
120,holdout,0.020934111760,19.577123642000,0.026688907423,123,0.057547956631,0.100000000000
121,train,0.355963302752,25.198356628000,0.409507923269,413,0.535446205171,0.100000000000
122,train,0.580817347790,35.611930847000,0.653044203503,554,0.722268557131,0.100000000000
123,train,-0.079899916597,19.127298355000,0.009174311927,762,0.890742285238,0.100000000000
124,train,-0.005587989992,19.409931183000,0.017514595496,240,0.231025854879,0.100000000000
125,holdout,0.815095913261,73.500404358000,0.854045037531,327,0.389491242702,0.100000000000
126,holdout,0.230275229358,23.019050598000,0.305254378649,584,0.749791492911,0.100000000000
127,train,-0.013427856547,20.072504044000,0.042535446205,430,0.559633027523,0.100000000000
128,validation,0.828273561301,101.866043091000,0.909090909091,638,0.808173477898,0.100000000000
129,train,0.402251876564,26.419441223000,0.471226021685,521,0.689741451209,0.100000000000
130,train,0.706255212677,52.160144806000,0.750625521268,355,0.443703085905,0.100000000000
131,holdout,0.835446205171,67.733459473000,0.835696413678,36,0.002502085071,0.100000000000
132,train,0.382902418682,25.891681671000,0.445371142619,477,0.624687239366,0.100000000000
133,validation,0.431276063386,28.284389496000,0.527939949958,1056,0.966638865721,0.100000000000
134,train,0.930108423686,167.597808838000,0.969140950792,327,0.390325271059,0.100000000000
135,train,0.082568807339,20.862339020000,0.088407005838,123,0.058381984987,0.100000000000
136,validation,0.075729774812,21.756557465000,0.171809841535,1027,0.960800667223,0.100000000000
137,train,0.242702251877,22.437341690000,0.249374478732,129,0.066722268557,0.100000000000
138,train,0.726188490409,48.658603668000,0.729774812344,97,0.035863219349,0.100000000000
139,train,0.238949124270,22.918901443000,0.293577981651,424,0.546288573812,0.100000000000
140,train,0.189741451209,22.299123764000,0.239366138449,384,0.496246872394,0.100000000000
141,holdout,0.322018348624,24.526224136000,0.370308590492,374,0.482902418682,0.100000000000
142,train,0.298331943286,23.749351501000,0.334445371143,308,0.361134278565,0.100000000000
143,holdout,0.891993327773,132.415573120000,0.945788156797,416,0.537948290242,0.100000000000
144,train,-0.058131776480,19.423809052000,0.018348623853,601,0.764804003336,0.100000000000
145,train,0.072310258549,21.376272202000,0.134278565471,473,0.619683069224,0.100000000000
146,train,0.755212677231,73.546775818000,0.854879065888,1518,0.996663886572,0.100000000000
147,train,0.812010008340,79.111129761000,0.874061718098,473,0.620517097581,0.100000000000
148,train,0.789991659716,68.447097778000,0.838198498749,373,0.482068390325,0.100000000000
149,train,0.044620517098,21.011192322000,0.102585487907,443,0.579649708090,0.100000000000
150,holdout,0.782068390325,55.703449249000,0.783152627189,56,0.010842368641,0.100000000000
151,validation,0.855462885738,81.403686523000,0.880733944954,252,0.252710592160,0.100000000000
152,holdout,0.695079232694,43.553459167000,0.700583819850,121,0.055045871560,0.100000000000
153,holdout,0.522101751460,30.000982285000,0.575479566305,411,0.533778148457,0.100000000000
154,train,0.294495412844,24.881565094000,0.389491242702,964,0.949958298582,0.100000000000
155,train,0.744203502919,52.209121704000,0.751459549625,132,0.072560467056,0.100000000000
156,train,0.805921601334,71.186218262000,0.845704753962,329,0.397831526272,0.100000000000
157,train,0.706505421184,53.352718353000,0.761467889908,426,0.549624687239,0.100000000000
158,train,0.862135112594,87.864837646000,0.893244370309,280,0.311092577148,0.100000000000
159,train,0.843119266055,75.848831177000,0.865721434529,238,0.226021684737,0.100000000000
160,train,0.160717264387,22.345827103000,0.241034195163,634,0.803169307756,0.100000000000
161,train,0.358548790659,24.379020691000,0.362802335279,101,0.042535446205,0.100000000000
162,train,0.019766472060,21.037076950000,0.106755629691,735,0.869891576314,0.100000000000
163,validation,0.489658048374,27.407281876000,0.504587155963,196,0.149291075897,0.100000000000
164,validation,0.097080900751,21.780607224000,0.174311926606,605,0.772310258549,0.100000000000
165,validation,0.907005838198,136.326904297000,0.949124270225,341,0.421184320267,0.100000000000
166,holdout,-0.027606338616,19.690448761000,0.029190992494,433,0.567973311093,0.100000000000
167,train,0.222852376981,23.063983917000,0.307756463720,703,0.849040867389,0.100000000000
168,validation,0.569140950792,29.807134628000,0.569641367807,48,0.005004170142,0.100000000000
169,train,0.028523769808,20.367238998000,0.063386155129,301,0.348623853211,0.100000000000
170,train,0.391409507923,25.992267609000,0.449541284404,444,0.581317764804,0.100000000000
171,train,0.910258548791,125.838699341000,0.938281901585,269,0.280233527940,0.100000000000
172,validation,0.486155129274,28.487739563000,0.532944120100,366,0.467889908257,0.100000000000
173,train,0.069474562135,20.728973389000,0.080900750626,170,0.114261884904,0.100000000000
174,train,0.090909090909,21.874910355000,0.190158465388,1446,0.992493744787,0.100000000000
175,train,0.373644703920,25.489505768000,0.423686405338,388,0.500417014178,0.100000000000
176,train,0.156547122602,22.057687759000,0.209341117598,407,0.527939949958,0.100000000000
177,train,0.030525437865,21.086149216000,0.114261884904,681,0.837364470392,0.100000000000
178,train,0.126021684737,22.067855835000,0.211009174312,703,0.849874895746,0.100000000000
179,train,0.181317764804,21.859788895000,0.187656380317,126,0.063386155129,0.100000000000
180,train,0.644286905755,40.765766144000,0.690575479566,365,0.462885738115,0.100000000000
181,validation,0.699499582986,44.594837189000,0.708090075063,145,0.085904920767,0.100000000000
182,validation,0.403336113428,27.370265961000,0.502919099249,1503,0.995829858215,0.100000000000
183,train,0.208757297748,22.641719818000,0.275229357798,510,0.664720600500,0.100000000000
184,train,0.507923269391,30.977035522000,0.591326105088,675,0.834028356964,0.100000000000
185,validation,0.183653044204,22.540147781000,0.261050875730,606,0.773978315263,0.100000000000
186,train,0.328023352794,25.558994293000,0.427022518766,1342,0.989991659716,0.100000000000
187,train,0.295579649708,24.260044098000,0.356964136781,470,0.613844870726,0.100000000000
188,validation,0.216013344454,22.858400345000,0.288573811510,555,0.725604670559,0.100000000000
189,train,0.034778982485,20.027441025000,0.039199332777,103,0.044203502919,0.100000000000
190,train,0.247956630525,23.995193481000,0.346121768140,1158,0.981651376147,0.100000000000
191,holdout,0.711843202669,47.285762787000,0.719766472060,136,0.079232693912,0.100000000000
192,train,0.798248540450,81.728981018000,0.881567973311,667,0.833194328607,0.100000000000
193,train,-0.005504587156,19.205316544000,0.010008340284,199,0.155129274395,0.100000000000
194,train,0.189491242702,22.077789307000,0.211843202669,237,0.223519599666,0.100000000000
195,train,0.545788156797,29.496673584000,0.560467055880,194,0.146788990826,0.100000000000
196,train,0.672643869892,44.945152283000,0.709758131776,315,0.371142618849,0.100000000000
197,holdout,0.420016680567,27.673900604000,0.514595496247,944,0.945788156797,0.100000000000
198,holdout,0.854879065888,88.559783936000,0.894078398666,328,0.391993327773,0.100000000000
199,train,0.547289407840,29.449813843000,0.557130942452,155,0.098415346122,0.100000000000
200,train,0.537281067556,31.812608719000,0.611342785655,570,0.740617180984,0.100000000000
201,holdout,0.900417014178,132.022323608000,0.944954128440,357,0.445371142619,0.100000000000
202,holdout,0.409507923269,26.299009323000,0.464553794829,426,0.550458715596,0.100000000000
203,train,0.095829858215,21.298336029000,0.125104253545,273,0.292743953294,0.100000000000
204,train,0.348707256047,24.801223755000,0.386155129274,316,0.374478732277,0.100000000000
205,holdout,0.049124270225,20.859268188000,0.087572977481,323,0.384487072560,0.100000000000
206,train,0.053461217681,20.965873718000,0.098415346122,359,0.449541284404,0.100000000000
207,train,0.785237698082,65.633575439000,0.829858215179,357,0.446205170976,0.100000000000
208,holdout,0.718432026689,54.248817444000,0.769808173478,400,0.513761467890,0.100000000000
209,validation,0.901417848207,173.455200195000,0.971643035863,534,0.702251876564,0.100000000000
210,train,0.575729774812,36.143413544000,0.658882402002,666,0.831526271893,0.100000000000
211,train,0.872727272727,111.178802490000,0.922435362802,385,0.497080900751,0.100000000000
212,holdout,0.313678065054,24.937341690000,0.391159299416,606,0.774812343620,0.100000000000
213,train,0.947372810676,146.228897095000,0.956630525438,150,0.092577147623,0.100000000000
214,train,-0.027189324437,20.387310028000,0.065054211843,842,0.922435362802,0.100000000000
215,holdout,0.142785654712,22.084165573000,0.213511259383,537,0.707256046706,0.100000000000
216,train,0.543035863219,34.180065155000,0.641367806505,1168,0.983319432861,0.100000000000
217,validation,0.967139282736,221.427261353000,0.985821517932,218,0.186822351960,0.100000000000
218,holdout,0.390742285238,26.520408630000,0.475396163470,697,0.846538782319,0.100000000000
219,train,0.075062552127,21.295331955000,0.124270225188,382,0.492076730609,0.100000000000
220,train,0.673227689741,50.014457703000,0.738949124270,505,0.657214345288,0.100000000000
221,train,0.881651376147,122.572082520000,0.935779816514,419,0.541284403670,0.100000000000
222,train,0.118181818182,21.333955765000,0.129274395329,168,0.110925771476,0.100000000000
223,holdout,0.147039199333,21.660781860000,0.161801501251,194,0.147623019183,0.100000000000
224,train,0.700750625521,43.976348877000,0.704753961635,99,0.040033361134,0.100000000000
225,holdout,0.705254378649,44.811683655000,0.708924103420,98,0.036697247706,0.100000000000
226,train,0.223185988324,23.119142532000,0.310258548791,735,0.870725604671,0.100000000000
227,train,0.848623853211,75.662597656000,0.864887406172,202,0.162635529608,0.100000000000
228,train,0.031276063386,20.901998520000,0.091743119266,465,0.604670558799,0.100000000000
229,validation,0.907339449541,139.692672729000,0.950792326939,349,0.434528773978,0.100000000000
230,validation,0.300250208507,23.178033829000,0.315262718932,196,0.150125104254,0.100000000000
231,validation,0.006171809842,20.424316406000,0.066722268557,465,0.605504587156,0.100000000000
232,validation,0.795329441201,70.499481201000,0.842368640534,367,0.470391993328,0.100000000000
233,train,0.733778148457,54.302875519000,0.770642201835,314,0.368640533778,0.100000000000
234,train,0.439783152627,26.105690002000,0.455379482902,199,0.155963302752,0.100000000000
235,train,0.213594662219,22.586730957000,0.266889074229,410,0.532944120100,0.100000000000
236,train,-0.076396997498,18.912109375000,0.005004170142,650,0.814011676397,0.100000000000
237,holdout,0.701751459550,45.128398895000,0.711426188490,154,0.096747289408,0.100000000000
238,train,0.435279399500,26.781982422000,0.487072560467,402,0.517931609675,0.100000000000
239,validation,0.130275229358,21.940654755000,0.198498748957,515,0.682235195997,0.100000000000
240,train,0.247956630525,22.496477127000,0.254378648874,126,0.064220183486,0.100000000000
241,train,0.063969974979,21.393686295000,0.136780650542,556,0.728106755630,0.100000000000
242,train,0.378565471226,26.609394073000,0.477898248540,1482,0.993327773144,0.100000000000
243,validation,0.186155129274,22.617723465000,0.272727272727,732,0.865721434529,0.100000000000
244,train,0.632860717264,34.174797058000,0.640533778148,135,0.076730608841,0.100000000000
245,train,0.632110091743,34.526721954000,0.643869891576,173,0.117597998332,0.100000000000
246,holdout,0.409424520434,26.444522858000,0.472894078399,486,0.634695579650,0.100000000000
247,train,0.787155963303,60.415428162000,0.806505421184,221,0.193494578816,0.100000000000
248,train,0.158298582152,22.217031479000,0.226855713094,518,0.685571309425,0.100000000000
249,train,0.779983319433,63.140796661000,0.820683903253,334,0.407005838198,0.100000000000
250,holdout,0.694078398666,57.665611267000,0.789824854045,1007,0.957464553795,0.100000000000
251,validation,0.301834862385,24.435192108000,0.364470391993,479,0.626355296080,0.100000000000
252,validation,0.077731442869,21.662132263000,0.163469557965,712,0.857381150959,0.100000000000
253,validation,0.899749791493,120.100402832000,0.934945788157,303,0.351959966639,0.100000000000
254,validation,0.843869891576,116.179565430000,0.928273561301,688,0.844036697248,0.100000000000
255,train,0.215012510425,22.507341385000,0.256880733945,339,0.418682235196,0.100000000000
256,train,0.849624687239,84.797637939000,0.886572143453,314,0.369474562135,0.100000000000
257,train,0.446038365304,29.074424744000,0.545454545455,1488,0.994161801501,0.100000000000
258,validation,0.407339449541,25.800912857000,0.438698915763,281,0.313594662219,0.100000000000
259,train,0.137531276063,21.877792358000,0.190992493745,411,0.534612176814,0.100000000000
260,train,0.725354462052,54.499343872000,0.773978315263,379,0.486238532110,0.100000000000
261,holdout,0.087239366138,21.816341400000,0.177648040033,789,0.904086738949,0.100000000000
262,train,0.564220183486,30.957260132000,0.590492076731,258,0.262718932444,0.100000000000
263,train,0.437447873228,27.697093964000,0.515429524604,614,0.779816513761,0.100000000000
264,train,0.611009174312,34.089370728000,0.638031693078,263,0.270225187656,0.100000000000
265,validation,0.402168473728,27.360057831000,0.502085070892,1731,0.999165971643,0.100000000000
266,train,0.492326939116,27.811378479000,0.518765638032,259,0.264386989158,0.100000000000
267,validation,0.417848206839,25.457485199000,0.421184320267,92,0.033361134279,0.100000000000
268,train,0.452210175146,26.917602539000,0.492076730609,329,0.398665554629,0.100000000000
269,train,0.230942452043,22.237909317000,0.231025854879,25,0.000834028357,0.100000000000
270,train,0.919015846539,147.111450195000,0.958298582152,328,0.392827356130,0.100000000000
271,train,0.368473728107,24.568161011000,0.372810675563,101,0.043369474562,0.100000000000
272,train,0.853711426188,86.219833374000,0.889908256881,308,0.361968306922,0.100000000000
273,holdout,0.066722268557,21.587764740000,0.153461217681,733,0.867389491243,0.100000000000
274,train,0.586572143453,30.882427216000,0.587989991660,64,0.014178482068,0.100000000000
275,train,0.279065888240,24.374237061000,0.361968306922,661,0.829024186822,0.100000000000
276,holdout,0.520934111760,30.162254333000,0.578815679733,442,0.578815679733,0.100000000000
277,train,0.082235195997,21.709512711000,0.168473728107,730,0.862385321101,0.100000000000
278,validation,0.659549624687,36.802913666000,0.663052543786,96,0.035029190992,0.100000000000
279,train,0.227272727273,22.648265839000,0.276063386155,381,0.487906588824,0.100000000000
280,train,0.365554628857,25.932695389000,0.447039199333,650,0.814845704754,0.100000000000
281,holdout,0.557381150959,30.753055573000,0.585487906589,270,0.281067556297,0.100000000000
282,validation,0.504086738949,27.438474655000,0.505421184320,62,0.013344453711,0.100000000000
283,holdout,0.231442869058,23.583591461000,0.328607172644,1094,0.971643035863,0.100000000000
284,holdout,-0.066638865721,19.017293930000,0.006672226856,560,0.733110925771,0.100000000000
285,train,0.329774812344,25.315092087000,0.412010008340,657,0.822351959967,0.100000000000
286,train,0.446205170976,29.044315338000,0.543786488741,1109,0.975813177648,0.100000000000
287,validation,0.791993327773,67.624732971000,0.834862385321,345,0.428690575480,0.100000000000
288,train,0.141201000834,21.473342896000,0.141784820684,48,0.005838198499,0.100000000000
289,train,0.484070058382,28.082683563000,0.525437864887,336,0.413678065054,0.100000000000
290,train,0.937864887406,231.047943115000,0.988323603003,390,0.504587155963,0.100000000000
291,validation,0.825104253545,66.043327332000,0.830692243536,121,0.055879899917,0.100000000000
292,train,0.267889908257,22.833103180000,0.287739783153,223,0.198498748957,0.100000000000
293,validation,0.490325271059,26.908508301000,0.491242702252,53,0.009174311927,0.100000000000
294,train,0.873144286906,81.039993286000,0.879899916597,129,0.067556296914,0.100000000000
295,train,0.494578815680,29.588731766000,0.562135112594,512,0.675562969141,0.100000000000
296,validation,0.134445371143,21.642272949000,0.160967472894,259,0.265221017515,0.100000000000
297,validation,0.400583819850,26.423059464000,0.472060050042,544,0.714762301918,0.100000000000
298,train,-0.087155963303,19.094003677000,0.007506255213,944,0.946622185154,0.100000000000
299,train,0.470975813178,29.402149200000,0.556296914095,707,0.853211009174,0.100000000000
300,train,0.975979983319,243.326568604000,0.994161801501,212,0.181818181818,0.100000000000
301,holdout,0.046788990826,20.577947617000,0.072560467056,254,0.257714762302,0.100000000000
302,holdout,-0.043953294412,20.044153214000,0.040867389491,702,0.848206839033,0.100000000000
303,validation,0.390492076731,26.689933777000,0.481234361968,794,0.907422852377,0.100000000000
304,train,0.782318598832,75.086135864000,0.861551292744,628,0.792326939116,0.100000000000
305,holdout,0.129774812344,21.952068329000,0.200166805671,536,0.703919933278,0.100000000000
306,train,0.705754795663,46.945014954000,0.717264386989,171,0.115095913261,0.100000000000
307,holdout,0.637614678899,38.537967682000,0.678065054212,333,0.404503753128,0.100000000000
308,train,0.064720600500,20.418413162000,0.065888240200,58,0.011676396997,0.100000000000
309,train,0.294578815680,24.361751556000,0.361134278565,510,0.665554628857,0.100000000000
310,validation,0.814762301918,92.195220947000,0.899082568807,687,0.843202668891,0.100000000000
311,train,-0.064637197665,19.484949112000,0.021684737281,730,0.863219349458,0.100000000000
312,train,0.605504587156,35.265796661000,0.649708090075,354,0.442035029191,0.100000000000
313,holdout,0.725271059216,52.714950562000,0.755629691410,276,0.303586321935,0.100000000000
314,train,0.392493744787,26.114931107000,0.456213511259,488,0.637197664721,0.100000000000
315,train,0.133361134279,21.664003372000,0.164303586322,278,0.309424520434,0.100000000000
316,validation,0.159549624687,22.205423355000,0.223519599666,490,0.639699749791,0.100000000000
317,train,0.381401167640,25.782417297000,0.437864887406,432,0.564637197665,0.100000000000
318,train,0.289658048374,24.478427887000,0.367806505421,618,0.781484570475,0.100000000000
319,validation,0.402752293578,25.332592010000,0.413678065054,165,0.109257714762,0.100000000000
320,train,0.218015012510,22.567865372000,0.263552960801,362,0.455379482902,0.100000000000
321,train,0.718015012510,50.655891418000,0.744787322769,260,0.267723102585,0.100000000000
322,validation,0.223436196831,22.658756256000,0.278565471226,426,0.551292743953,0.100000000000
323,holdout,0.318598832360,23.766845703000,0.335279399500,205,0.166805671393,0.100000000000
324,train,0.268473728107,24.446498871000,0.365304420350,1069,0.968306922435,0.100000000000
325,validation,0.632527105922,43.914539337000,0.703919933278,543,0.713928273561,0.100000000000
326,train,0.150792326939,21.627143860000,0.160133444537,150,0.093411175980,0.100000000000
327,holdout,0.835779816514,75.017639160000,0.860717264387,251,0.249374478732,0.100000000000
328,train,0.462635529608,26.304485321000,0.465387823186,85,0.027522935780,0.100000000000
329,holdout,0.536780650542,29.082885742000,0.546288573812,151,0.095079232694,0.100000000000
330,train,0.028523769808,20.845945358000,0.086738949124,445,0.582151793161,0.100000000000
331,train,0.233694745621,23.431209564000,0.326105087573,844,0.924103419516,0.100000000000
332,train,0.754128440367,59.522857666000,0.801501251043,368,0.473728106756,0.100000000000
333,train,0.255879899917,22.929981232000,0.295246038365,328,0.393661384487,0.100000000000
334,train,0.210091743119,22.819940567000,0.286071726439,593,0.759799833194,0.100000000000
335,train,0.151292743953,22.358034134000,0.241868223520,790,0.905754795663,0.100000000000
336,validation,0.118515429525,21.624176025000,0.159299416180,334,0.407839866555,0.100000000000
337,train,0.577898248540,36.366737366000,0.659716430359,653,0.818181818182,0.100000000000
338,validation,0.859883236030,119.312713623000,0.933277731443,561,0.733944954128,0.100000000000
339,validation,0.790492076731,58.316154480000,0.792326939116,74,0.018348623853,0.100000000000
340,train,0.065304420350,20.670919418000,0.077564637198,182,0.122602168474,0.100000000000
341,holdout,0.040700583820,21.239126205000,0.120100083403,629,0.793994995830,0.100000000000
342,train,0.075062552127,21.602708817000,0.155129274395,633,0.800667222686,0.100000000000
343,train,0.368807339450,26.336406708000,0.467055879900,1164,0.982485404504,0.100000000000
344,train,0.084570475396,21.507511139000,0.144286905755,457,0.597164303586,0.100000000000
345,train,0.895079232694,111.446716309000,0.923269391159,270,0.281901584654,0.100000000000
346,train,0.846288573812,96.293281555000,0.903252710592,436,0.569641367807,0.100000000000
347,train,0.704420350292,48.543193817000,0.727272727273,239,0.228523769808,0.100000000000
348,train,0.766722268557,68.696563721000,0.839032527106,554,0.723102585488,0.100000000000
349,train,0.617514595496,32.742855072000,0.628857381151,169,0.113427856547,0.100000000000
350,holdout,0.390825688073,26.250862122000,0.462885738115,552,0.720600500417,0.100000000000
351,validation,0.513511259383,31.552589417000,0.606338615513,860,0.928273561301,0.100000000000
352,holdout,0.654295246038,40.719501495000,0.689741451209,305,0.354462051710,0.100000000000
353,train,0.754128440367,63.378944397000,0.821517931610,511,0.673894912427,0.100000000000
354,holdout,0.453127606339,26.238548279000,0.461217681401,139,0.080900750626,0.100000000000
355,holdout,0.870558798999,112.975891113000,0.924937447873,421,0.543786488741,0.100000000000
356,holdout,0.887322768974,161.872848511000,0.965804837364,622,0.784820683903,0.100000000000
357,train,0.045454545455,21.212511063000,0.118432026689,557,0.729774812344,0.100000000000
358,train,-0.057381150959,20.007741928000,0.037531276063,960,0.949124270225,0.100000000000
359,train,0.534361968307,28.869407654000,0.541284403670,130,0.069224353628,0.100000000000
360,holdout,0.655212677231,45.008377075000,0.710592160133,427,0.553794829024,0.100000000000
361,train,0.509674728941,30.192960739000,0.580483736447,537,0.708090075063,0.100000000000
362,train,0.484570475396,27.230117798000,0.498748957465,192,0.141784820684,0.100000000000
363,train,0.742452043369,68.780120850000,0.839866555463,1100,0.974145120934,0.100000000000
364,train,0.095996663887,21.858474731000,0.186822351960,796,0.908256880734,0.100000000000
365,validation,0.767139282736,62.663345337000,0.818181818182,397,0.510425354462,0.100000000000
366,train,0.776313594662,72.585815430000,0.851542952460,587,0.752293577982,0.100000000000
367,train,0.251959966639,23.691963196000,0.333611342786,651,0.816513761468,0.100000000000
368,train,0.029524603837,19.825399399000,0.032527105922,86,0.030025020851,0.100000000000
369,holdout,0.477147623019,27.397865295000,0.503753127606,259,0.266055045872,0.100000000000
370,train,0.733277731443,58.481369019000,0.793994995830,466,0.607172643870,0.100000000000
371,train,0.932777314429,212.366073608000,0.983319432861,390,0.505421184320,0.100000000000
372,validation,0.277814845705,22.699934006000,0.279399499583,65,0.015846538782,0.100000000000
373,train,0.339532944120,25.168830872000,0.406171809842,510,0.666388657214,0.100000000000
374,train,0.120016680567,21.855690002000,0.185154295246,495,0.651376146789,0.100000000000
375,train,0.418682235196,26.152021408000,0.457047539616,322,0.383653044204,0.100000000000
376,validation,0.862802335279,92.901443481000,0.900750625521,320,0.379482902419,0.100000000000
377,holdout,0.332693911593,23.780727386000,0.336113427857,95,0.034195162636,0.100000000000
378,train,0.315846538782,24.041793823000,0.348623853211,290,0.327773144287,0.100000000000
379,train,0.073561301084,20.896259308000,0.090909090909,210,0.173477898249,0.100000000000
380,validation,0.433694745621,26.871074677000,0.487906588824,419,0.542118432027,0.100000000000
381,train,0.718849040867,51.414134979000,0.748957464554,275,0.301084236864,0.100000000000
382,train,0.082151793161,21.552989960000,0.148457047540,509,0.663052543786,0.100000000000
383,train,0.604170141785,34.551773071000,0.644703919933,333,0.405337781485,0.100000000000
384,train,0.817931609675,74.669219971000,0.859883236030,339,0.419516263553,0.100000000000
385,train,0.581317764804,30.658990860000,0.582985821518,65,0.016680567139,0.100000000000
386,train,0.303836530442,24.575553894000,0.373644703920,531,0.698081734779,0.100000000000
387,train,0.801834862385,71.246322632000,0.846538782319,358,0.447039199333,0.100000000000
388,train,0.953294412010,162.728500366000,0.966638865721,187,0.133444537114,0.100000000000
389,train,0.373894912427,26.003677368000,0.451209341118,605,0.773144286906,0.100000000000
390,train,0.757547956631,70.828361511000,0.844036697248,731,0.864887406172,0.100000000000
391,train,0.319683069224,23.849281311000,0.340283569641,227,0.206005004170,0.100000000000
392,validation,0.460967472894,28.220748901000,0.527105921601,508,0.661384487073,0.100000000000
393,train,0.643953294412,36.138965607000,0.658048373645,191,0.140950792327,0.100000000000
394,validation,0.456797331109,28.047456741000,0.524603836530,513,0.678065054212,0.100000000000
395,train,0.578315262719,31.141803741000,0.594662218515,203,0.163469557965,0.100000000000
396,holdout,0.194245204337,22.215156555000,0.226021684737,284,0.317764804003,0.100000000000
397,holdout,0.334862385321,25.101003647000,0.402835696414,514,0.679733110926,0.100000000000
398,train,0.187906588824,22.730306625000,0.281067556297,875,0.931609674729,0.100000000000
399,holdout,-0.023185988324,18.523710251000,0.000834028357,246,0.240200166806,0.100000000000
400,train,0.448040033361,28.694667816000,0.536280233528,746,0.882402001668,0.100000000000
401,train,0.274228523770,23.678573608000,0.332777314429,447,0.585487906589,0.100000000000
402,train,0.891075896580,153.062377930000,0.959966638866,519,0.688907422852,0.100000000000
403,train,0.374895746455,25.589588165000,0.430358632193,427,0.554628857381,0.100000000000
404,train,0.558965804837,31.170917511000,0.595496246872,309,0.365304420350,0.100000000000
405,train,0.920350291910,159.433364868000,0.964136780651,351,0.437864887406,0.100000000000
406,train,0.176396997498,21.924362183000,0.197664720601,231,0.212677231026,0.100000000000
407,validation,0.817097581318,68.006324768000,0.837364470392,225,0.202668890742,0.100000000000
408,train,0.200000000000,22.035089493000,0.206839032527,129,0.068390325271,0.100000000000
409,train,0.607756463720,33.992057800000,0.636363636364,272,0.286071726439,0.100000000000
410,train,0.849708090075,118.269454956000,0.932443703086,660,0.827356130108,0.100000000000
411,train,0.056463719766,21.109378815000,0.115095913261,447,0.586321934946,0.100000000000
412,validation,0.229441201001,23.470951080000,0.326939115930,1106,0.974979149291,0.100000000000
413,train,-0.078899082569,19.357070923000,0.016680567139,994,0.955796497081,0.100000000000
414,validation,0.009257714762,20.924282074000,0.093411175980,684,0.841534612177,0.100000000000
415,train,0.120100083403,21.982360840000,0.201000834028,638,0.809007506255,0.100000000000
416,validation,0.265221017515,23.677665710000,0.331943286072,510,0.667222685571,0.100000000000
417,validation,0.563052543786,35.997047424000,0.657214345288,908,0.941618015013,0.100000000000
418,train,0.516513761468,30.094240189000,0.577981651376,470,0.614678899083,0.100000000000
419,holdout,0.641784820684,41.754188538000,0.694745621351,408,0.529608006672,0.100000000000
420,validation,0.507256046706,27.923749924000,0.522101751460,195,0.148457047540,0.100000000000
421,train,-0.037948290242,19.573921204000,0.025854879066,489,0.638031693078,0.100000000000
422,validation,0.782485404504,57.798927307000,0.790658882402,140,0.081734778982,0.100000000000
423,train,0.344036697248,24.580783844000,0.374478732277,276,0.304420350292,0.100000000000
424,validation,0.972393661384,236.240036011000,0.990825688073,217,0.184320266889,0.100000000000
425,holdout,0.194161801501,22.412908554000,0.246038365304,402,0.518765638032,0.100000000000
426,train,0.012677231026,19.435646057000,0.020016680567,132,0.073394495413,0.100000000000
427,train,-0.002585487907,20.381763458000,0.064220183486,510,0.668056713928,0.100000000000
428,validation,0.670391993328,50.205566406000,0.741451209341,538,0.710592160133,0.100000000000
429,train,0.053294412010,20.932224274000,0.095913261051,343,0.426188490409,0.100000000000
430,validation,0.387656380317,24.841041565000,0.387823185988,33,0.001668056714,0.100000000000
431,train,0.105254378649,21.300355911000,0.125938281902,227,0.206839032527,0.100000000000
432,train,0.846788990826,119.708511353000,0.934111759800,738,0.873227689741,0.100000000000
433,train,0.539532944120,29.162576675000,0.547956630525,143,0.084236864053,0.100000000000
434,train,0.263052543786,24.297622681000,0.359466221852,1034,0.964136780651,0.100000000000
435,validation,0.166889074229,22.219833374000,0.227689741451,466,0.608006672227,0.100000000000
436,train,0.739449541284,53.198623657000,0.759799833194,226,0.203502919099,0.100000000000
437,train,0.748790658882,53.573406219000,0.766472060050,211,0.176814011676,0.100000000000
438,train,0.096246872394,21.572496414000,0.151793160967,427,0.555462885738,0.100000000000
439,validation,0.373144286906,25.371444702000,0.415346121768,341,0.422018348624,0.100000000000
440,train,0.058381984987,21.152179718000,0.116763969975,446,0.583819849875,0.100000000000
441,train,0.927606338616,129.028106689000,0.939949958299,182,0.123436196831,0.100000000000
442,holdout,-0.000166805671,19.763675690000,0.030025020851,275,0.301918265221,0.100000000000
443,holdout,0.100500417014,21.857255936000,0.185988323603,708,0.854879065888,0.100000000000
444,validation,0.543786488741,29.471256256000,0.559633027523,201,0.158465387823,0.100000000000
445,holdout,0.240950792327,22.903764725000,0.291075896580,388,0.501251042535,0.100000000000
446,validation,0.251376146789,22.619741440000,0.273561301084,236,0.221851542952,0.100000000000
447,holdout,0.320600500417,25.187881470000,0.407005838198,730,0.864053377815,0.100000000000
448,train,0.147372810676,22.274459839000,0.235195996664,743,0.878231859883,0.100000000000
449,train,0.238281901585,23.815523148000,0.337781484570,1491,0.994995829858,0.100000000000
450,train,0.384737281068,25.823896408000,0.439532944120,425,0.547956630525,0.100000000000
451,train,-0.033027522936,19.567426682000,0.025020850709,443,0.580483736447,0.100000000000
452,train,0.699749791493,58.290702820000,0.791492910759,823,0.917431192661,0.100000000000
453,train,0.667222685571,40.965114594000,0.691409507923,247,0.241868223520,0.100000000000
454,holdout,0.134862385321,21.722290039000,0.169307756464,298,0.344453711426,0.100000000000
455,train,-0.007839866555,19.463708878000,0.020850708924,272,0.286905754796,0.100000000000
456,train,-0.016513761468,20.364875793000,0.062552126772,626,0.790658882402,0.100000000000
457,train,0.788573811510,58.388282776000,0.793160967473,107,0.045871559633,0.100000000000
458,train,0.712093411176,53.245517731000,0.760633861551,378,0.485404503753,0.100000000000
459,validation,0.791492910759,60.671485901000,0.810675562969,220,0.191826522102,0.100000000000
460,train,0.283569641368,23.128458023000,0.311092577148,267,0.275229357798,0.100000000000
461,train,0.744870725605,71.123046875000,0.844870725605,1735,1.000000000000,0.100000000000
462,train,0.513511259383,28.482795715000,0.531276063386,211,0.177648040033,0.100000000000
463,holdout,0.270391993328,23.880458832000,0.341951626355,544,0.715596330275,0.100000000000
464,train,0.140617180984,21.666809082000,0.165971643036,252,0.253544620517,0.100000000000
465,train,0.603919933278,34.111465454000,0.638865721435,302,0.349457881568,0.100000000000
466,train,0.023185988324,20.903205872000,0.092577147623,529,0.693911592994,0.100000000000
467,train,0.719599666389,61.021026611000,0.812343619683,851,0.927439532944,0.100000000000
468,train,0.079149291076,21.076108932000,0.111759799833,289,0.326105087573,0.100000000000
469,train,-0.004336947456,20.236215591000,0.050875729775,426,0.552126772310,0.100000000000
470,train,-0.021100917431,20.265193939000,0.054211843203,588,0.753127606339,0.100000000000
471,validation,0.264220183486,22.969526291000,0.300250208507,307,0.360300250209,0.100000000000
472,train,0.732276897415,49.037551880000,0.733110925771,50,0.008340283570,0.100000000000
473,train,0.035279399500,20.699995041000,0.080066722269,358,0.447873227690,0.100000000000
474,train,0.840617180984,85.620819092000,0.889074228524,375,0.484570475396,0.100000000000
475,holdout,0.290992493745,24.813287735000,0.386989157631,1015,0.959966638866,0.100000000000
476,validation,0.653127606339,49.127498627000,0.735613010842,659,0.824854045038,0.100000000000
477,train,0.521100917431,29.631895065000,0.564637197665,349,0.435362802335,0.100000000000
478,train,0.163969974979,22.522384644000,0.259382819016,992,0.954128440367,0.100000000000
479,train,0.720016680567,51.488517761000,0.749791492911,274,0.297748123436,0.100000000000
480,train,0.842952460384,112.669601440000,0.924103419516,642,0.811509591326,0.100000000000
481,train,0.064386989158,20.929841995000,0.095079232694,277,0.306922435363,0.100000000000
482,train,0.006588824020,20.344606400000,0.060884070058,420,0.542952460384,0.100000000000
483,train,0.511092577148,29.970787048000,0.573811509591,479,0.627189324437,0.100000000000
484,holdout,0.824353628023,67.472694397000,0.833194328607,148,0.088407005838,0.100000000000
485,train,0.806672226856,77.830184937000,0.870725604671,490,0.640533778148,0.100000000000
486,holdout,0.588156797331,37.000385284000,0.666388657214,618,0.782318598832,0.100000000000
487,train,0.015429524604,20.089876175000,0.044203502919,272,0.287739783153,0.100000000000
488,validation,0.177898248540,21.887855530000,0.191826522102,190,0.139282735613,0.100000000000
489,train,0.058548790659,20.925943375000,0.094245204337,306,0.356964136781,0.100000000000
490,validation,0.497164303586,28.835651398000,0.538782318599,338,0.416180150125,0.100000000000
491,validation,-0.018098415346,19.534086227000,0.023352793995,336,0.414512093411,0.100000000000
492,holdout,0.760216847373,53.445850372000,0.763969974979,98,0.037531276063,0.100000000000
493,holdout,0.345204336947,24.339979172000,0.360300250209,197,0.150959132611,0.100000000000
494,train,0.152460383653,21.852037430000,0.181818181818,273,0.293577981651,0.100000000000
495,train,0.592660550459,32.076305389000,0.616346955796,244,0.236864053378,0.100000000000
496,validation,0.385070892410,26.357151031000,0.467889908257,660,0.828190158465,0.100000000000
497,validation,0.090992493745,21.272783279000,0.121768140117,277,0.307756463720,0.100000000000
498,train,0.218598832360,22.372257233000,0.242702251877,246,0.241034195163,0.100000000000
499,validation,0.364470391993,25.530807495000,0.425354462052,466,0.608840700584,0.100000000000
500,train,0.477564637198,29.305238724000,0.551292743953,566,0.737281067556,0.100000000000
501,train,0.102168473728,21.558395386000,0.149291075897,367,0.471226021685,0.100000000000
502,train,0.898415346122,146.015441895000,0.954962468724,432,0.565471226022,0.100000000000
503,validation,0.384487072560,25.462051392000,0.422018348624,316,0.375312760634,0.100000000000
504,holdout,0.338698915763,24.528671265000,0.371142618849,288,0.324437030859,0.100000000000
505,train,0.349124270225,25.601346970000,0.431192660550,656,0.820683903253,0.100000000000
506,train,0.365304420350,25.672853470000,0.434528773978,525,0.692243536280,0.100000000000
507,train,0.831442869058,110.254180908000,0.919933277731,755,0.884904086739,0.100000000000
508,train,0.936530442035,157.961608887000,0.960800667223,248,0.242702251877,0.100000000000
509,train,0.469057547957,27.760906219000,0.517097581318,372,0.480400333611,0.100000000000
510,train,0.502001668057,29.603294373000,0.562969140951,467,0.609674728941,0.100000000000
511,train,0.473394495413,29.282524109000,0.550458715596,604,0.770642201835,0.100000000000
512,train,0.399916597164,26.172210693000,0.458715596330,448,0.587989991660,0.100000000000
513,holdout,-0.085070892410,18.913434982000,0.005838198499,797,0.909090909091,0.100000000000
514,train,0.108256880734,21.852317810000,0.182652210175,577,0.743953294412,0.100000000000
515,train,0.065054211843,20.970376968000,0.099249374479,296,0.341951626355,0.100000000000
516,train,0.630275229358,34.612987518000,0.645537948290,198,0.152627189324,0.100000000000
517,validation,0.391743119266,26.062700272000,0.452877397832,469,0.611342785655,0.100000000000
518,train,0.915262718932,129.375778198000,0.940783986656,253,0.255212677231,0.100000000000
519,validation,0.142952460384,21.771469116000,0.173477898249,276,0.305254378649,0.100000000000
520,train,0.524103419516,31.697711945000,0.609674728941,708,0.855713094245,0.100000000000
521,train,0.724937447873,48.544929504000,0.728106755630,88,0.031693077565,0.100000000000
522,validation,0.766972477064,66.086441040000,0.831526271893,493,0.645537948290,0.100000000000
523,train,0.047956630525,20.262128830000,0.053377814846,119,0.054211843203,0.100000000000
524,train,0.674311926606,39.327194214000,0.683903252711,153,0.095913261051,0.100000000000
525,train,0.488156797331,26.900123596000,0.490408673895,78,0.022518765638,0.100000000000
526,holdout,0.059382819016,21.355356216000,0.131776480400,554,0.723936613845,0.100000000000
527,train,-0.066055045872,19.665239334000,0.028356964137,931,0.944120100083,0.100000000000
528,train,0.031776480400,20.231233597000,0.050041701418,213,0.182652210175,0.100000000000
529,holdout,0.959799833194,226.872833252000,0.986655546289,261,0.268557130942,0.100000000000
530,train,0.004253544621,20.778228760000,0.083402835696,627,0.791492910759,0.100000000000
531,train,0.765721434529,57.325412750000,0.786488740617,227,0.207673060884,0.100000000000
532,train,0.517347789825,31.347915649000,0.601334445371,683,0.839866555463,0.100000000000
533,train,0.444036697248,26.943960190000,0.492910758966,381,0.488740617181,0.100000000000
534,holdout,0.534195162636,30.040784836000,0.577147623019,345,0.429524603837,0.100000000000
535,train,0.154045037531,21.795520782000,0.175145954962,230,0.211009174312,0.100000000000
536,train,-0.067222685571,18.806564331000,0.002502085071,530,0.697247706422,0.100000000000
537,train,0.986572143453,259.840789795000,1.000000000000,187,0.134278565471,0.100000000000
538,train,0.242869057548,22.934980392000,0.296080066722,409,0.532110091743,0.100000000000
539,train,0.826188490409,80.890991211000,0.879065888240,407,0.528773978315,0.100000000000
540,validation,0.422518765638,26.200889587000,0.460383653044,319,0.378648874062,0.100000000000
541,train,0.783069224354,73.883491516000,0.857381150959,575,0.743119266055,0.100000000000
542,validation,0.265804837364,22.590099335000,0.267723102585,75,0.019182652210,0.100000000000
543,train,0.341534612177,24.238430023000,0.356130108424,193,0.145954962469,0.100000000000
544,train,0.967639699750,195.947250366000,0.976647206005,149,0.090075062552,0.100000000000
545,train,0.122185154295,21.487268448000,0.142618849041,226,0.204336947456,0.100000000000
546,train,0.101167639700,21.172811508000,0.117597998332,203,0.164303586322,0.100000000000
547,train,0.399916597164,27.153842926000,0.496246872394,1033,0.963302752294,0.100000000000
548,validation,0.372560467056,25.045372009000,0.398665554629,257,0.261050875730,0.100000000000
549,train,0.597831526272,32.507156372000,0.622185154295,248,0.243536280234,0.100000000000
550,train,0.058298582152,21.046297073000,0.107589658048,383,0.492910758966,0.100000000000
551,train,0.663135946622,36.904014587000,0.663886572143,49,0.007506255213,0.100000000000
552,train,0.105587989992,21.026432037000,0.105921601334,38,0.003336113428,0.100000000000
553,train,0.310675562969,24.777023315000,0.382819015847,553,0.721434528774,0.100000000000
554,train,0.040116763970,21.019685745000,0.104253544621,490,0.641367806505,0.100000000000
555,holdout,0.232360300250,22.438150406000,0.250208507089,211,0.178482068390,0.100000000000
556,train,0.118849040867,22.066484451000,0.210175145955,816,0.913261050876,0.100000000000
557,train,0.958965804837,215.800140381000,0.984987489575,256,0.260216847373,0.100000000000
558,train,0.784653878232,82.780021667000,0.883236030025,1199,0.985821517932,0.100000000000
559,holdout,0.337364470392,24.206157684000,0.354462051710,208,0.170975813178,0.100000000000
560,train,0.877397831526,109.257186890000,0.918265221018,334,0.408673894912,0.100000000000
561,train,0.293911592994,23.529081345000,0.327773144287,295,0.338615512927,0.100000000000
562,validation,0.803586321935,73.677947998000,0.855713094245,403,0.521267723103,0.100000000000
563,validation,0.117681401168,21.665929794000,0.165137614679,368,0.474562135113,0.100000000000
564,validation,0.695996663887,52.919406891000,0.758131776480,473,0.621351125938,0.100000000000
565,train,0.864470391993,116.269058228000,0.929107589658,493,0.646371976647,0.100000000000
566,validation,0.506422018349,29.320205688000,0.552126772310,363,0.457047539616,0.100000000000
567,train,0.836697247706,71.643127441000,0.847372810676,162,0.106755629691,0.100000000000
568,holdout,0.118515429525,21.240108490000,0.120934111760,81,0.024186822352,0.100000000000
569,train,0.646872393661,38.807266235000,0.681401167640,298,0.345287739783,0.100000000000
570,holdout,0.653377814846,39.751201630000,0.686405337781,292,0.330275229358,0.100000000000
571,train,0.050458715596,20.508222580000,0.070058381985,222,0.195996663887,0.100000000000
572,train,0.570809007506,36.969512939000,0.665554628857,945,0.947456213511,0.100000000000
573,train,0.421517931610,25.932754517000,0.447873227690,258,0.263552960801,0.100000000000
574,train,0.902335279399,122.696578979000,0.936613844871,296,0.342785654712,0.100000000000
575,train,0.847039199333,88.876953125000,0.895746455379,379,0.487072560467,0.100000000000
576,train,0.199416180150,22.274461746000,0.236030025021,312,0.366138448707,0.100000000000
577,train,0.121601334445,21.581331253000,0.152627189324,279,0.310258548791,0.100000000000
578,train,0.194829024187,22.753229141000,0.282735613011,743,0.879065888240,0.100000000000
579,train,-0.011509591326,19.790576935000,0.030859049208,342,0.423686405338,0.100000000000
580,train,0.050875729775,20.547082901000,0.070892410342,224,0.200166805671,0.100000000000
581,train,0.701834862385,47.892517090000,0.720600500417,218,0.187656380317,0.100000000000
582,train,0.446288573812,26.779853821000,0.486238532110,329,0.399499582986,0.100000000000
583,holdout,0.932610508757,196.112899780000,0.977481234362,358,0.448707256047,0.100000000000
584,validation,0.520433694746,31.036373138000,0.592160133445,546,0.717264386989,0.100000000000
585,train,0.607256046706,32.058677673000,0.615512927440,142,0.082568807339,0.100000000000
586,train,0.418682235196,26.009853363000,0.452043369475,293,0.333611342786,0.100000000000
587,validation,0.028690575480,19.851778030000,0.033361134279,108,0.046705587990,0.100000000000
588,train,-0.033944954128,20.130395889000,0.045871559633,631,0.798165137615,0.100000000000
589,train,0.620683903253,35.383926392000,0.650542118432,274,0.298582151793,0.100000000000
590,train,0.133444537114,21.855245590000,0.184320266889,392,0.508757297748,0.100000000000
591,train,0.214762301918,22.223886490000,0.228523769808,189,0.137614678899,0.100000000000
592,train,0.086655546289,21.814277649000,0.175979983319,765,0.893244370309,0.100000000000
593,holdout,0.266889074229,23.294609070000,0.319432860717,404,0.525437864887,0.100000000000
594,holdout,0.799749791493,78.421119690000,0.871559633028,547,0.718098415346,0.100000000000
595,holdout,0.206839032527,22.810993195000,0.284403669725,607,0.775646371977,0.100000000000
596,holdout,0.651959966639,38.714355469000,0.679733110926,268,0.277731442869,0.100000000000
597,train,0.301167639700,24.450397491000,0.366138448707,494,0.649708090075,0.100000000000
598,train,0.006171809842,19.914808273000,0.035029190992,272,0.288573811510,0.100000000000
599,validation,0.977064220183,233.475311279000,0.989157631359,181,0.120934111760,0.100000000000
600,validation,0.259633027523,22.916137695000,0.292743953294,292,0.331109257715,0.100000000000
601,holdout,0.875229357798,110.859527588000,0.921601334445,365,0.463719766472,0.100000000000
602,validation,0.040783986656,20.135652542000,0.046705587990,123,0.059216013344,0.100000000000
603,train,0.309507923269,24.501182556000,0.368640533778,451,0.591326105088,0.100000000000
604,validation,0.592660550459,39.502021790000,0.684737281068,835,0.920767306088,0.100000000000
605,validation,0.011092577148,20.028432846000,0.040033361134,272,0.289407839867,0.100000000000
606,train,0.646371976647,37.105804443000,0.667222685571,227,0.208507089241,0.100000000000
607,train,0.270391993328,22.914295197000,0.291909924937,232,0.215179316097,0.100000000000
608,train,0.168306922435,22.099409103000,0.214345287740,364,0.460383653044,0.100000000000
609,train,0.733861551293,52.808113098000,0.757297748123,243,0.234361968307,0.100000000000
610,train,0.343536280234,25.485797882000,0.422852376981,628,0.793160967473,0.100000000000
611,holdout,0.587489574646,33.134437561000,0.631359466222,351,0.438698915763,0.100000000000
612,train,0.756713928274,59.667144775000,0.803169307756,365,0.464553794829,0.100000000000
613,train,0.718765638032,50.091602325000,0.739783152627,228,0.210175145955,0.100000000000
614,train,0.056713928274,21.531959534000,0.146788990826,785,0.900750625521,0.100000000000
615,train,0.040200166806,20.470470428000,0.069224353628,272,0.290241868224,0.100000000000
616,train,0.660550458716,48.676445007000,0.730608840701,533,0.700583819850,0.100000000000
617,train,0.594912427023,32.385742188000,0.620517097581,253,0.256046705588,0.100000000000
618,train,0.734528773978,59.319282532000,0.798999165972,492,0.644703919933,0.100000000000
619,train,0.913844870726,165.051239014000,0.968306922435,423,0.544620517098,0.100000000000
620,train,0.350375312761,24.959396362000,0.393661384487,348,0.432860717264,0.100000000000
621,holdout,0.285404503753,24.723949432000,0.379482902419,906,0.940783986656,0.100000000000
622,train,0.682652210175,50.416324615000,0.742285237698,454,0.596330275229,0.100000000000
623,train,0.119432860717,21.873584747000,0.189324437031,532,0.698915763136,0.100000000000
624,train,0.863636363636,135.304382324000,0.947456213511,681,0.838198498749,0.100000000000
625,train,-0.085988323603,18.857812881000,0.004170141785,786,0.901584653878,0.100000000000
626,holdout,0.450875729775,27.718017578000,0.516263552961,498,0.653878231860,0.100000000000
627,train,0.708006672227,59.404613495000,0.800667222686,849,0.926605504587,0.100000000000
628,train,0.754462051710,60.625961304000,0.809007506255,423,0.545454545455,0.100000000000
629,validation,0.162552126772,21.852333069000,0.183486238532,227,0.209341117598,0.100000000000
630,train,0.177814845705,22.512277603000,0.257714762302,631,0.798999165972,0.100000000000
631,holdout,0.575062552127,35.102581024000,0.648874061718,566,0.738115095913,0.100000000000
632,validation,0.828523769808,85.075103760000,0.887406171810,448,0.588824020017,0.100000000000
633,train,0.587239366138,32.518524170000,0.623019182652,306,0.357798165138,0.100000000000
634,train,0.011342785655,20.957082748000,0.096747289408,707,0.854045037531,0.100000000000
635,holdout,0.938115095913,192.211425781000,0.975813177648,318,0.376980817348,0.100000000000
636,train,0.450959132611,27.835315704000,0.519599666389,518,0.686405337781,0.100000000000
637,holdout,0.167139282736,22.582714081000,0.266055045872,1335,0.989157631359,0.100000000000
638,train,0.441868223520,28.485549927000,0.532110091743,788,0.902418682235,0.100000000000
639,holdout,0.780984153461,59.336318970000,0.799833194329,218,0.188490408674,0.100000000000
640,validation,0.360383653044,25.059684753000,0.399499582986,327,0.391159299416,0.100000000000
641,train,-0.029024186822,19.860040665000,0.034195162636,484,0.632193494579,0.100000000000
642,train,0.417264386989,26.551506042000,0.476230191827,449,0.589658048374,0.100000000000
643,train,0.328190158465,25.198440552000,0.410341951626,656,0.821517931610,0.100000000000
644,train,0.477814845705,26.975872040000,0.493744787323,201,0.159299416180,0.100000000000
645,train,0.726772310259,50.893180847000,0.746455379483,222,0.196830692244,0.100000000000
646,holdout,0.885404503753,110.754943848000,0.920767306088,304,0.353628023353,0.100000000000
647,holdout,0.203502919099,22.638778687000,0.274395329441,537,0.708924103420,0.100000000000
648,holdout,0.137864887406,22.259870529000,0.233527939950,1004,0.956630525438,0.100000000000
649,train,0.550625521268,30.567461014000,0.582151793161,282,0.315262718932,0.100000000000
650,train,0.820517097581,64.421257019000,0.825688073394,117,0.051709758132,0.100000000000
651,train,0.010758965805,20.962625504000,0.097581317765,733,0.868223519600,0.100000000000
652,train,0.952960800667,215.023330688000,0.984153461218,280,0.311926605505,0.100000000000
653,holdout,0.467639699750,26.881639481000,0.489574645538,234,0.219349457882,0.100000000000
654,train,0.851793160967,107.862686157000,0.914929107590,483,0.631359466222,0.100000000000
655,validation,0.258465387823,23.417148590000,0.324437030859,507,0.659716430359,0.100000000000
656,holdout,0.806171809842,86.767410278000,0.890742285238,694,0.845704753962,0.100000000000
657,train,0.073561301084,20.629922867000,0.075896580484,79,0.023352793995,0.100000000000
658,train,0.430358632193,25.832546234000,0.441201000834,164,0.108423686405,0.100000000000
659,train,0.370141784821,24.859283447000,0.388657214345,217,0.185154295246,0.100000000000
660,train,0.747039199333,57.652770996000,0.788156797331,335,0.411175979983,0.100000000000
661,train,0.483486238532,28.736179352000,0.537114261885,413,0.536280233528,0.100000000000
662,train,0.467639699750,27.281726837000,0.499582985822,285,0.319432860717,0.100000000000
663,holdout,0.449124270225,29.138385773000,0.547122602168,1132,0.979983319433,0.100000000000
664,train,0.650875729775,45.366260529000,0.713094245204,473,0.622185154295,0.100000000000
665,train,0.307422852377,24.633140564000,0.375312760634,513,0.678899082569,0.100000000000
666,train,0.362552126772,25.095905304000,0.402001668057,328,0.394495412844,0.100000000000
667,train,0.395412844037,26.701784134000,0.482902418682,740,0.874895746455,0.100000000000
668,train,0.177648040033,22.080171585000,0.212677231026,302,0.350291909925,0.100000000000
669,validation,0.882819015847,188.342834473000,0.974979149291,838,0.921601334445,0.100000000000
670,validation,0.562218515430,34.843841553000,0.648040033361,713,0.858215179316,0.100000000000
671,train,0.567973311093,31.039398193000,0.592994161802,251,0.250208507089,0.100000000000
672,validation,0.579816513761,34.081317902000,0.637197664721,439,0.573811509591,0.100000000000
673,validation,0.640867389491,36.963981628000,0.664720600500,245,0.238532110092,0.100000000000
674,train,0.584570475396,31.458414078000,0.603836530442,220,0.192660550459,0.100000000000
675,train,-0.048206839033,18.826971054000,0.003336113428,401,0.515429524604,0.100000000000
676,validation,0.090825688073,21.404153824000,0.138448707256,370,0.476230191827,0.100000000000
677,train,0.848373644704,75.583755493000,0.864053377815,199,0.156797331109,0.100000000000
678,train,0.272977481234,24.008037567000,0.346955796497,569,0.739783152627,0.100000000000
679,validation,0.257714762302,23.004461288000,0.302752293578,359,0.450375312761,0.100000000000
680,holdout,0.627022518766,41.650001526000,0.693911592994,510,0.668890742285,0.100000000000
681,train,0.278648874062,22.768253326000,0.283569641368,115,0.049207673061,0.100000000000
682,train,0.765054211843,61.145065308000,0.813177648040,372,0.481234361968,0.100000000000
683,train,0.934945788157,158.693496704000,0.963302752294,271,0.283569641368,0.100000000000
684,train,0.736530442035,50.428321838000,0.743119266055,128,0.065888240200,0.100000000000
685,train,0.141284403670,21.660877228000,0.162635529608,231,0.213511259383,0.100000000000
686,train,0.261634695580,23.157285690000,0.313594662219,402,0.519599666389,0.100000000000
687,train,0.462552126772,26.872806549000,0.488740617181,257,0.261884904087,0.100000000000
688,train,0.564136780651,34.402679443000,0.642201834862,617,0.780650542118,0.100000000000
689,holdout,0.065137614679,21.321941376000,0.128440366972,485,0.633027522936,0.100000000000
690,validation,0.631609674729,47.995712280000,0.722268557131,791,0.906588824020,0.100000000000
691,train,0.750625521268,59.310005188000,0.798165137615,368,0.475396163470,0.100000000000
692,validation,0.043786488741,20.454706192000,0.067556296914,244,0.237698081735,0.100000000000
693,holdout,0.275312760634,23.016407013000,0.304420350292,272,0.291075896580,0.100000000000
694,train,0.467306088407,29.353332520000,0.552960800667,710,0.856547122602,0.100000000000
695,train,0.867222685571,107.676635742000,0.914095079233,366,0.468723936614,0.100000000000
696,validation,0.915679733111,146.209030151000,0.955796497081,330,0.401167639700,0.100000000000
697,train,0.524270225188,29.568656921000,0.561301084237,314,0.370308590492,0.100000000000
698,train,0.486071726439,29.993095398000,0.574645537948,757,0.885738115096,0.100000000000
699,train,0.728607172644,53.996192932000,0.768974145121,332,0.403669724771,0.100000000000
700,train,0.072894078399,21.523500443000,0.145954962469,558,0.730608840701,0.100000000000
701,holdout,0.208256880734,23.058380127000,0.306088407006,1126,0.978315262719,0.100000000000
702,holdout,0.145537948290,22.389604568000,0.244370308590,1268,0.988323603003,0.100000000000
703,holdout,0.792994161802,80.270820618000,0.876563803169,676,0.835696413678,0.100000000000
704,train,0.117264386989,21.817356110000,0.178482068390,469,0.612176814012,0.100000000000
705,train,0.891075896580,113.491043091000,0.925771476230,300,0.346955796497,0.100000000000
706,validation,0.490492076731,27.648414612000,0.512093411176,232,0.216013344454,0.100000000000
707,train,0.171726438699,22.228878021000,0.229357798165,441,0.576313594662,0.100000000000
708,train,0.279983319433,24.280941010000,0.357798165138,611,0.778148457048,0.100000000000
709,train,0.956046705588,234.528121948000,0.989991659716,295,0.339449541284,0.100000000000
710,train,0.933611342786,249.838287354000,0.999165971643,503,0.655546288574,0.100000000000
711,train,0.881651376147,126.900390625000,0.939115929942,439,0.574645537948,0.100000000000
712,train,0.818098415346,67.415199280000,0.832360300250,192,0.142618849041,0.100000000000
713,train,0.499833194329,31.179954529000,0.596330275229,1034,0.964970809008,0.100000000000
714,train,0.558215179316,32.193599701000,0.618849040867,465,0.606338615513,0.100000000000
715,train,0.762969140951,60.601207733000,0.808173477898,360,0.452043369475,0.100000000000
716,train,0.040700583820,20.219446182000,0.049207673061,144,0.085070892410,0.100000000000
717,train,0.452710592160,27.305728912000,0.500417014178,371,0.477064220183,0.100000000000
718,train,0.083486238532,20.983009338000,0.100917431193,210,0.174311926606,0.100000000000
719,validation,0.691909924937,48.711673737000,0.731442869058,328,0.395329441201,0.100000000000
720,train,0.878398665555,105.069885254000,0.911592994162,292,0.331943286072,0.100000000000
721,validation,0.366388657214,26.276760101000,0.463719766472,1098,0.973311092577,0.100000000000
722,train,0.532527105922,31.140003204000,0.593828190158,469,0.613010842369,0.100000000000
723,train,0.537864887406,32.157363892000,0.618015012510,633,0.801501251043,0.100000000000
724,train,0.607005838198,32.808868408000,0.629691409508,238,0.226855713094,0.100000000000
725,holdout,0.084904086739,21.605371475000,0.156797331109,547,0.718932443703,0.100000000000
726,train,0.095079232694,21.392515182000,0.135112593828,329,0.400333611343,0.100000000000
727,holdout,0.241951626355,23.202674866000,0.317764804003,591,0.758131776480,0.100000000000
728,train,0.297748123436,24.951900482000,0.391993327773,926,0.942452043369,0.100000000000
729,train,0.609841534612,36.597084045000,0.660550458716,391,0.507089241034,0.100000000000
730,train,0.293411175980,23.893409729000,0.342785654712,383,0.493744787323,0.100000000000
731,validation,-0.050125104254,20.053058624000,0.041701417848,823,0.918265221018,0.100000000000
732,validation,0.324854045038,23.428886414000,0.325271059216,42,0.004170141785,0.100000000000
733,train,0.909758131776,129.656509399000,0.942452043369,289,0.326939115930,0.100000000000
734,validation,0.029774812344,21.051519394000,0.108423686405,623,0.786488740617,0.100000000000
735,holdout,0.702085070892,46.552768707000,0.716430358632,192,0.143452877398,0.100000000000
736,train,0.722852376981,48.714385986000,0.732276897415,150,0.094245204337,0.100000000000
737,train,0.951042535446,178.247100830000,0.973311092577,236,0.222685571309,0.100000000000
738,train,0.820683903253,88.871383667000,0.894912427023,572,0.742285237698,0.100000000000
739,train,0.537948290242,30.178329468000,0.579649708090,338,0.417014178482,0.100000000000
740,train,0.135112593828,22.113702774000,0.219349457882,686,0.842368640534,0.100000000000
741,train,0.538198498749,29.638504028000,0.565471226022,266,0.272727272727,0.100000000000
742,validation,0.029024186822,20.090406418000,0.045037531276,201,0.160133444537,0.100000000000
743,validation,0.811592994162,100.208358765000,0.907422852377,1013,0.958298582152,0.100000000000
744,holdout,0.751626355296,58.634201050000,0.795663052544,352,0.440366972477,0.100000000000
745,holdout,0.909674728941,136.324249268000,0.948290241868,325,0.386155129274,0.100000000000
746,train,0.595913261051,37.908203125000,0.672226855713,597,0.763135946622,0.100000000000
747,validation,0.628940783987,43.848110199000,0.703085904921,571,0.741451209341,0.100000000000
748,train,0.706839032527,54.343833923000,0.772310258549,498,0.654712260217,0.100000000000
749,validation,0.379733110926,26.486019135000,0.473728106756,905,0.939949958299,0.100000000000
750,validation,0.440617180984,28.300457001000,0.529608006672,761,0.889908256881,0.100000000000
751,train,-0.020517097581,20.141424179000,0.047539616347,514,0.680567139283,0.100000000000
752,train,0.534945788157,33.147209167000,0.632193494579,1096,0.972477064220,0.100000000000
753,train,0.536030025021,31.658390045000,0.607172643870,539,0.711426188490,0.100000000000
754,train,0.052710592160,20.563426971000,0.071726438699,219,0.190158465388,0.100000000000
755,train,0.436530442035,28.085008621000,0.526271893244,772,0.897414512093,0.100000000000
756,train,0.850208507089,93.212326050000,0.902418682235,403,0.522101751460,0.100000000000
757,train,0.562552126772,35.902343750000,0.656380316931,903,0.938281901585,0.100000000000
758,train,0.784070058382,61.525947571000,0.815679733111,282,0.316096747289,0.100000000000
759,train,0.124270225188,21.356075287000,0.132610508757,142,0.083402835696,0.100000000000
760,train,0.180400333611,22.423124313000,0.248540450375,514,0.681401167640,0.100000000000
761,train,0.850625521268,75.950172424000,0.867389491243,205,0.167639699750,0.100000000000
762,train,0.202502085071,22.099418640000,0.215179316097,183,0.126772310259,0.100000000000
763,train,0.134111759800,21.546489716000,0.147623019183,188,0.135112593828,0.100000000000
764,train,0.331943286072,25.559303284000,0.427856547123,1014,0.959132610509,0.100000000000
765,holdout,-0.064637197665,19.309637070000,0.015846538782,635,0.804837364470,0.100000000000
766,train,0.439949958299,26.619003296000,0.479566305254,328,0.396163469558,0.100000000000
767,train,0.629691409508,33.416526794000,0.634695579650,116,0.050041701418,0.100000000000
768,train,0.961884904087,241.414657593000,0.992493744787,276,0.306088407006,0.100000000000
769,train,0.615846538782,38.755664825000,0.680567139283,493,0.647206005004,0.100000000000
770,train,0.456797331109,26.413312912000,0.470391993328,188,0.135946622185,0.100000000000
771,train,0.285237698082,23.077583313000,0.308590492077,242,0.233527939950,0.100000000000
772,train,0.862552126772,108.709732056000,0.917431192661,425,0.548790658882,0.100000000000
773,train,0.671893244370,38.168331146000,0.674728940784,85,0.028356964137,0.100000000000
774,train,0.257047539616,23.006702423000,0.303586321935,365,0.465387823186,0.100000000000
775,train,0.549457881568,29.391269684000,0.555462885738,123,0.060050041701,0.100000000000
776,train,0.101334445371,21.232944489000,0.119266055046,211,0.179316096747,0.100000000000
777,holdout,0.234778982485,23.369680405000,0.322768974145,743,0.879899916597,0.100000000000
778,train,0.488657214345,27.498157501000,0.508757297748,224,0.201000834028,0.100000000000
779,holdout,0.974061718098,244.479034424000,0.995829858215,233,0.217681401168,0.100000000000
780,train,0.341784820684,24.135314941000,0.351959966639,156,0.101751459550,0.100000000000
781,holdout,0.777814845705,60.407394409000,0.805671392827,268,0.278565471226,0.100000000000
782,train,0.035613010842,20.807060242000,0.085070892410,383,0.494578815680,0.100000000000
783,train,0.800750625521,63.736129761000,0.824020016681,241,0.232693911593,0.100000000000
784,holdout,0.766388657214,60.501869202000,0.807339449541,334,0.409507923269,0.100000000000
785,train,0.388740617181,25.193878174000,0.407839866555,219,0.190992493745,0.100000000000
786,train,0.540283569641,32.721611023000,0.628023352794,742,0.877397831526,0.100000000000
787,holdout,0.248123436197,23.656538010000,0.331109257715,663,0.829858215179,0.100000000000
788,train,0.083819849875,21.816162109000,0.176814011676,872,0.929941618015,0.100000000000
789,train,0.179566305254,22.607215881000,0.269391159299,774,0.898248540450,0.100000000000
790,train,0.060133444537,21.305433273000,0.127606338616,511,0.674728940784,0.100000000000
791,train,0.671893244370,38.091560364000,0.673894912427,76,0.020016680567,0.100000000000
792,train,0.273060884070,23.847240448000,0.339449541284,509,0.663886572143,0.100000000000
793,holdout,-0.064470391993,19.429393768000,0.019182652210,678,0.836530442035,0.100000000000
794,train,0.451125938282,28.040946960000,0.523769808173,555,0.726438698916,0.100000000000
795,train,0.300333611343,24.521017075000,0.369474562135,523,0.691409507923,0.100000000000
796,train,0.840700583820,97.024948120000,0.904086738949,485,0.633861551293,0.100000000000
797,train,0.917264386989,205.994628906000,0.978315262719,468,0.610508757298,0.100000000000
798,holdout,0.680984153461,53.395240784000,0.762301918265,649,0.813177648040,0.100000000000
799,train,0.184737281068,22.048236847000,0.207673060884,239,0.229357798165,0.100000000000
800,train,-0.003336113428,19.306787491000,0.014178482068,210,0.175145954962,0.100000000000
801,train,0.720683903253,54.896385193000,0.777314428691,432,0.566305254379,0.100000000000
802,train,0.301918265221,23.843343735000,0.338615512927,312,0.366972477064,0.100000000000
803,holdout,0.176396997498,22.498155594000,0.256046705588,630,0.796497080901,0.100000000000
804,train,0.606588824020,35.861854553000,0.655546288574,381,0.489574645538,0.100000000000
805,validation,0.650125104254,38.436019897000,0.677231025855,265,0.271059216013,0.100000000000
806,train,0.201501251043,22.270690918000,0.234361968307,291,0.328607172644,0.100000000000
807,train,0.347372810676,25.412889481000,0.418682235196,542,0.713094245204,0.100000000000
808,train,0.322435362802,23.938186646000,0.344453711426,234,0.220183486239,0.100000000000
809,train,0.792994161802,77.287216187000,0.869891576314,603,0.768974145121,0.100000000000
810,train,0.445037531276,26.587661743000,0.477064220183,285,0.320266889074,0.100000000000
811,train,0.778065054212,78.862792969000,0.873227689741,973,0.951626355296,0.100000000000
812,validation,0.391242702252,26.182104111000,0.459549624687,515,0.683069224354,0.100000000000
813,train,0.033861551293,20.270252228000,0.055045871560,230,0.211843202669,0.100000000000
814,holdout,0.756130108424,53.585742950000,0.767306088407,168,0.111759799833,0.100000000000
815,train,0.483236030025,27.905563354000,0.521267723103,320,0.380316930776,0.100000000000
816,train,0.161384487073,21.761497498000,0.172643869892,168,0.112593828190,0.100000000000
817,train,0.332777314429,25.534069061000,0.426188490409,883,0.934111759800,0.100000000000
818,train,0.804086738949,60.765335083000,0.811509591326,132,0.074228523770,0.100000000000
819,train,0.546038365304,30.331123352000,0.581317764804,303,0.352793994996,0.100000000000
820,validation,0.168640533778,22.544281006000,0.261884904087,875,0.932443703086,0.100000000000
821,train,0.102001668057,21.424512863000,0.140116763970,321,0.381150959133,0.100000000000
822,train,0.564970809008,32.276477814000,0.619683069224,424,0.547122602168,0.100000000000
823,validation,0.541784820684,29.187374115000,0.548790658882,131,0.070058381985,0.100000000000
824,train,0.695162635530,43.813301086000,0.702251876564,131,0.070892410342,0.100000000000
825,train,0.456296914095,27.783884048000,0.517931609675,471,0.616346955796,0.100000000000
826,train,0.876647206005,99.320022583000,0.906588824020,274,0.299416180150,0.100000000000
827,train,0.802919099249,79.675231934000,0.874895746455,547,0.719766472060,0.100000000000
828,train,0.388824020017,25.168439865000,0.405337781485,203,0.165137614679,0.100000000000
829,holdout,0.363886572143,25.434936523000,0.419516263553,428,0.556296914095,0.100000000000
830,train,0.189324437031,22.161226273000,0.221017514595,283,0.316930775646,0.100000000000
831,holdout,-0.003002502085,19.307739258000,0.015012510425,211,0.180150125104,0.100000000000
832,train,0.034528773978,20.016515732000,0.038365304420,98,0.038365304420,0.100000000000
833,holdout,0.177981651376,22.243902206000,0.231859883236,416,0.538782318599,0.100000000000
834,train,0.773644703920,78.446487427000,0.872393661384,1236,0.987489574646,0.100000000000
835,train,0.287406171810,24.800928116000,0.385321100917,1128,0.979149291076,0.100000000000
836,train,-0.036947456214,20.238267899000,0.051709758132,758,0.886572143453,0.100000000000
837,holdout,0.049958298582,20.693126678000,0.078398665555,271,0.284403669725,0.100000000000
838,holdout,0.001334445371,20.664695740000,0.076730608841,589,0.753961634696,0.100000000000
839,train,0.326021684737,24.665302277000,0.376980817348,392,0.509591326105,0.100000000000
840,train,0.346288573812,25.866792679000,0.442869057548,1038,0.965804837364,0.100000000000
841,train,0.145037531276,22.113584518000,0.218515429525,562,0.734778982485,0.100000000000
842,train,0.041034195163,20.883001328000,0.090075062552,381,0.490408673895,0.100000000000
843,validation,0.468140116764,28.469087601000,0.530442035029,474,0.623019182652,0.100000000000
844,train,0.067806505421,20.815845490000,0.085904920767,211,0.180984153461,0.100000000000
845,train,0.540450375313,31.217731476000,0.597998331943,440,0.575479566305,0.100000000000
846,train,0.608256880734,33.188766479000,0.633027522936,250,0.247706422018,0.100000000000
847,train,0.853794829024,108.707351685000,0.916597164304,479,0.628023352794,0.100000000000
848,train,0.947623019183,208.085372925000,0.981651376147,295,0.340283569641,0.100000000000
849,train,0.717264386989,50.512409210000,0.743953294412,259,0.266889074229,0.100000000000
850,holdout,0.811342785655,64.766540527000,0.828190158465,205,0.168473728107,0.100000000000
851,holdout,0.176480400334,22.608917236000,0.270225187656,901,0.937447873228,0.100000000000
852,train,0.063302752294,20.975131989000,0.100083402836,312,0.367806505421,0.100000000000
853,holdout,0.558548790659,35.809909821000,0.654712260217,1028,0.961634695580,0.100000000000
854,train,0.020934111760,21.082983017000,0.113427856547,845,0.924937447873,0.100000000000
855,train,0.707589658048,46.198673248000,0.714762301918,131,0.071726438699,0.100000000000
856,train,0.370642201835,26.170219421000,0.457881567973,736,0.872393661384,0.100000000000
857,train,0.440116763970,27.673042297000,0.513761467890,565,0.736447039199,0.100000000000
858,train,0.720517097581,53.552375793000,0.765638031693,359,0.451209341118,0.100000000000
859,train,0.240617180984,22.649188995000,0.276897414512,308,0.362802335279,0.100000000000
860,train,0.097247706422,21.611124039000,0.157631359466,463,0.603836530442,0.100000000000
861,train,0.373394495413,25.400039673000,0.417848206839,355,0.444537114262,0.100000000000
862,train,-0.003419516264,20.306583405000,0.056713928274,462,0.601334445371,0.100000000000
863,holdout,0.069224353628,21.024816513000,0.105087572977,306,0.358632193495,0.100000000000
864,train,0.087906588824,21.352771759000,0.130942452043,347,0.430358632193,0.100000000000
865,train,0.758131776480,62.437561035000,0.817347789825,451,0.592160133445,0.100000000000
866,train,0.563386155129,32.665275574000,0.626355296080,480,0.629691409508,0.100000000000
867,train,0.514261884904,29.621189117000,0.563803169308,383,0.495412844037,0.100000000000
868,holdout,0.579816513761,36.607650757000,0.661384487073,650,0.815679733111,0.100000000000
869,train,0.434695579650,27.167678833000,0.497080900751,476,0.623853211009,0.100000000000
870,train,0.286655546289,24.668334961000,0.377814845705,815,0.911592994162,0.100000000000
871,train,0.265137614679,22.958438873000,0.298582151793,294,0.334445371143,0.100000000000
872,validation,0.178065054212,22.105875015000,0.216847372811,326,0.387823185988,0.100000000000
873,train,0.534361968307,29.918437958000,0.572143452877,318,0.377814845705,0.100000000000
874,holdout,0.242785654712,22.920982361000,0.294412010008,401,0.516263552961,0.100000000000
875,train,0.928857381151,144.889083862000,0.953294412010,248,0.244370308590,0.100000000000
876,validation,0.639949958299,41.122310638000,0.692243536280,403,0.522935779817,0.100000000000
877,holdout,0.459716430359,29.228660583000,0.549624687239,775,0.899082568807,0.100000000000
878,train,0.660383653044,49.278308868000,0.736447039199,593,0.760633861551,0.100000000000
879,train,0.687322768974,47.986499786000,0.721434528774,295,0.341117597998,0.100000000000
880,train,0.207506255213,22.938892365000,0.296914095079,766,0.894078398666,0.100000000000
881,validation,0.476230191827,29.469837189000,0.558798999166,659,0.825688073394,0.100000000000
882,train,0.387656380317,26.084407806000,0.453711426188,507,0.660550458716,0.100000000000
883,holdout,0.805004170142,85.273025513000,0.888240200167,666,0.832360300250,0.100000000000
884,validation,0.668390325271,44.481792450000,0.707256046706,326,0.388657214345,0.100000000000
885,train,0.679983319433,42.747158051000,0.697247706422,209,0.172643869892,0.100000000000
886,validation,0.598999165972,32.531822205000,0.623853211009,250,0.248540450375,0.100000000000
887,train,0.657214345288,52.703166962000,0.753961634696,1064,0.967472894078,0.100000000000
888,train,0.936697247706,148.688720703000,0.959132610509,237,0.224353628023,0.100000000000
889,train,0.652960800667,44.335296631000,0.705587989992,404,0.526271893244,0.100000000000
890,holdout,0.458715596330,26.683725357000,0.480400333611,232,0.216847372811,0.100000000000
891,train,0.979482902419,245.430801392000,0.996663886572,208,0.171809841535,0.100000000000
892,train,0.759132610509,59.109622955000,0.797331109258,321,0.381984987490,0.100000000000
893,train,0.569724770642,30.753288269000,0.586321934946,203,0.165971643036,0.100000000000
894,train,0.318015012510,24.390121460000,0.363636363636,362,0.456213511259,0.100000000000
895,train,0.619015846539,43.437282562000,0.699749791493,637,0.807339449541,0.100000000000
896,holdout,0.870058381985,79.920143127000,0.875729774812,121,0.056713928274,0.100000000000
897,train,0.870141784821,116.717498779000,0.929941618015,457,0.597998331943,0.100000000000
898,holdout,0.215679733111,22.321235657000,0.240200166806,248,0.245204336947,0.100000000000
899,train,0.608673894912,34.506786346000,0.643035863219,297,0.343619683069,0.100000000000
900,train,0.030608840701,20.083177567000,0.043369474562,183,0.127606338616,0.100000000000
901,holdout,0.616847372811,37.320861816000,0.668056713928,399,0.512093411176,0.100000000000
902,train,0.396497080901,25.649402618000,0.432860717264,308,0.363636363636,0.100000000000
903,train,0.875562969141,117.047134399000,0.931609674729,430,0.560467055880,0.100000000000
904,validation,0.710341951626,55.184795380000,0.779816513761,529,0.694745621351,0.100000000000
905,validation,0.772393661384,55.681350708000,0.782318598832,155,0.099249374479,0.100000000000
906,holdout,0.626688907423,46.355136871000,0.715596330275,760,0.889074228524,0.100000000000
907,train,-0.069224353628,19.282608032000,0.012510425354,651,0.817347789825,0.100000000000
908,train,0.502085070892,29.724533081000,0.567139282736,494,0.650542118432,0.100000000000
909,train,0.670642201835,39.216613770000,0.683069224354,182,0.124270225188,0.100000000000
910,train,0.744620517098,67.937377930000,0.836530442035,829,0.919099249374,0.100000000000
911,train,0.822435362802,87.645095825000,0.892410341952,532,0.699749791493,0.100000000000
912,train,0.134195162636,22.022182465000,0.205170975813,537,0.709758131776,0.100000000000
913,validation,0.449207673061,27.458202362000,0.506255212677,436,0.570475396163,0.100000000000
914,holdout,0.073978315263,21.571083069000,0.150959132611,603,0.769808173478,0.100000000000
915,train,0.897998331943,145.577453613000,0.954128440367,430,0.561301084237,0.100000000000
916,train,0.361718098415,25.568607330000,0.428690575480,510,0.669724770642,0.100000000000
917,validation,0.918432026689,207.199981689000,0.979983319433,470,0.615512927440,0.100000000000
918,train,0.033194328607,20.170452118000,0.048373644704,197,0.151793160967,0.100000000000
919,train,0.516763969975,29.462717056000,0.557964970809,335,0.412010008340,0.100000000000
920,holdout,0.926105087573,206.050674438000,0.979149291076,408,0.530442035029,0.100000000000
921,train,0.159966638866,21.909271240000,0.193494578816,294,0.335279399500,0.100000000000
922,train,0.482735613011,27.950355530000,0.522935779817,330,0.402001668057,0.100000000000
923,train,0.907673060884,131.452987671000,0.944120100083,308,0.364470391993,0.100000000000
924,train,0.223519599666,22.817209244000,0.285237698082,471,0.617180984153,0.100000000000
925,train,0.568056713928,31.765872955000,0.610508757298,342,0.424520433695,0.100000000000
926,train,0.250458715596,22.617420197000,0.271893244370,231,0.214345287740,0.100000000000
927,train,0.031776480400,21.291452408000,0.123436196831,818,0.916597164304,0.100000000000
928,holdout,0.892493744787,141.470001221000,0.952460383653,458,0.599666388657,0.100000000000
929,train,0.175479566305,22.600784302000,0.268557130942,873,0.930775646372,0.100000000000
930,train,0.788990825688,80.336105347000,0.877397831526,749,0.884070058382,0.100000000000
931,train,0.086905754796,21.422750473000,0.139282735613,403,0.523769808173,0.100000000000
932,train,0.505754795663,28.959928513000,0.542952460384,315,0.371976647206,0.100000000000
933,train,0.386822351960,26.733888626000,0.483736447039,1070,0.969140950792,0.100000000000
934,train,0.860550458716,133.265823364000,0.946622185154,720,0.860717264387,0.100000000000
935,validation,0.497581317765,29.660598755000,0.566305254379,518,0.687239366138,0.100000000000
936,validation,0.372643869892,26.095661163000,0.454545454545,654,0.819015846539,0.100000000000
937,validation,0.472810675563,27.226236343000,0.497914929108,251,0.251042535446,0.100000000000
938,train,0.820183486239,89.878082275000,0.896580483736,598,0.763969974979,0.100000000000
939,train,-0.010842368641,18.612953186000,0.001668056714,182,0.125104253545,0.100000000000
940,train,0.611092577148,37.807884216000,0.670558798999,452,0.594662218515,0.100000000000
941,train,0.489407839867,27.560665131000,0.511259382819,233,0.218515429525,0.100000000000
942,train,-0.032777314429,19.302541733000,0.013344453711,364,0.461217681401,0.100000000000
943,train,0.408423686405,25.525768280000,0.424520433695,201,0.160967472894,0.100000000000
944,holdout,0.178482068390,22.237125397000,0.230191826522,401,0.517097581318,0.100000000000
945,train,0.471059216013,29.785923004000,0.568807339450,1123,0.977481234362,0.100000000000
946,train,0.688323603003,52.643753052000,0.753127606339,493,0.648040033361,0.100000000000
947,validation,0.643119266055,43.780712128000,0.701417848207,445,0.582985821518,0.100000000000
948,validation,0.710925771476,53.692413330000,0.768140116764,438,0.572143452877,0.100000000000
949,holdout,0.636280233528,42.922519684000,0.698081734779,471,0.618015012510,0.100000000000
950,validation,0.089658048374,21.821863174000,0.179316096747,770,0.896580483736,0.100000000000
951,train,0.858465387823,100.995452881000,0.908256880734,386,0.497914929108,0.100000000000
952,train,0.356797331109,25.751907349000,0.437030859049,633,0.802335279399,0.100000000000
953,train,0.673311092577,38.988285065000,0.682235195997,148,0.089241034195,0.100000000000
954,train,0.376647206005,25.877956390000,0.443703085905,510,0.670558798999,0.100000000000
955,train,0.273978315263,24.069507599000,0.349457881568,589,0.754795663053,0.100000000000
956,train,0.395746455379,26.514354706000,0.474562135113,625,0.788156797331,0.100000000000
957,train,0.511759799833,31.665678024000,0.608006672227,1028,0.962468723937,0.100000000000
958,validation,0.102251876564,21.605216980000,0.155963302752,413,0.537114261885,0.100000000000
959,train,0.372560467056,25.445163727000,0.420350291910,371,0.477898248540,0.100000000000
960,train,0.752877397832,54.611343384000,0.775646371977,238,0.227689741451,0.100000000000
961,train,0.560300250209,32.658615112000,0.625521267723,495,0.652210175146,0.100000000000
962,train,0.238031693078,22.651489258000,0.277731442869,328,0.396997497915,0.100000000000
963,train,0.936947456214,158.304718018000,0.961634695580,249,0.246872393661,0.100000000000
964,train,0.802168473728,70.502021790000,0.843202668891,334,0.410341951626,0.100000000000
965,validation,0.729691409508,61.233726501000,0.814845704754,705,0.851542952460,0.100000000000
966,train,0.254712260217,23.618772507000,0.329441201001,581,0.747289407840,0.100000000000
967,train,0.140283569641,21.691961288000,0.167639699750,266,0.273561301084,0.100000000000
968,train,0.765471226022,63.547348022000,0.823185988324,441,0.577147623019,0.100000000000
969,train,0.130692243536,22.143503189000,0.220183486239,767,0.894912427023,0.100000000000
970,holdout,0.336280233528,25.329813004000,0.412844036697,601,0.765638031693,0.100000000000
971,train,0.591075896580,31.457113266000,0.603002502085,176,0.119266055046,0.100000000000
972,train,0.587823185988,35.565925598000,0.652210175146,491,0.643869891576,0.100000000000
973,validation,0.914011676397,176.154495239000,0.972477064220,446,0.584653878232,0.100000000000
974,train,0.159549624687,22.211732864000,0.225187656380,503,0.656380316931,0.100000000000
975,train,0.958798999166,171.135589600000,0.970809007506,178,0.120100083403,0.100000000000
976,holdout,-0.005254378649,19.538612366000,0.024186822352,273,0.294412010008,0.100000000000
977,train,0.474562135113,26.744678497000,0.484570475396,155,0.100083402836,0.100000000000
978,train,0.817764804003,64.630889893000,0.826522101751,146,0.087572977481,0.100000000000
979,holdout,0.978398665555,229.016784668000,0.987489574646,149,0.090909090909,0.100000000000
980,train,0.522685571309,28.850322723000,0.539616346956,205,0.169307756464,0.100000000000
981,validation,-0.075145954962,19.527309418000,0.022518765638,1122,0.976647206005,0.100000000000
982,train,0.103919933278,21.055297852000,0.109257714762,118,0.053377814846,0.100000000000
983,train,0.272643869892,24.167518616000,0.353628023353,639,0.809841534612,0.100000000000
984,holdout,0.382652210175,24.779174805000,0.383653044204,53,0.010008340284,0.100000000000
985,train,0.806171809842,61.749343872000,0.816513761468,157,0.103419516264,0.100000000000
986,train,0.602001668057,32.710273743000,0.627189324437,251,0.251876563803,0.100000000000
987,train,0.166388657214,21.949796677000,0.199332777314,291,0.329441201001,0.100000000000
988,train,0.976980817348,247.306457520000,0.997497914929,226,0.205170975813,0.100000000000
989,train,0.060133444537,21.568799973000,0.150125104254,776,0.899916597164,0.100000000000
990,train,0.070058381985,21.518566132000,0.145120934112,586,0.750625521268,0.100000000000
991,train,0.696663886572,51.161193848000,0.747289407840,390,0.506255212677,0.100000000000
992,train,0.249374478732,22.750886917000,0.281901584654,288,0.325271059216,0.100000000000
993,train,0.462552126772,27.659393311000,0.512927439533,389,0.503753127606,0.100000000000
994,train,0.791576313595,63.133468628000,0.819849874896,270,0.282735613011,0.100000000000
995,train,0.367556296914,26.249809265000,0.462051709758,935,0.944954128440,0.100000000000
996,holdout,0.694161801501,49.614967346000,0.737281067556,347,0.431192660550,0.100000000000
997,train,0.946705587990,158.689498901000,0.962468723937,199,0.157631359466,0.100000000000
998,validation,0.194328607173,21.991147995000,0.201834862385,134,0.075062552127,0.100000000000
999,train,0.860550458716,141.176879883000,0.951626355296,802,0.910758965805,0.100000000000
1000,train,0.209007506255,22.872877121000,0.289407839867,634,0.804003336113,0.100000000000
1001,train,0.314428690575,23.923236847000,0.343619683069,272,0.291909924937,0.100000000000
1002,train,0.783903252711,80.405059814000,0.878231859883,927,0.943286071726,0.100000000000
1003,validation,0.979065888240,237.816253662000,0.991659716430,182,0.125938281902,0.100000000000
1004,train,0.783402835696,57.543724060000,0.787322768974,98,0.039199332777,0.100000000000
1005,train,0.485070892410,29.055646896000,0.544620517098,453,0.595496246872,0.100000000000
1006,train,0.718849040867,55.002380371000,0.778148457048,451,0.592994161802,0.100000000000
1007,train,0.331025854879,25.197360992000,0.408673894912,608,0.776480400334,0.100000000000
1008,train,0.379899916597,25.952213287000,0.448707256047,518,0.688073394495,0.100000000000
1009,validation,0.194412010008,22.244184494000,0.232693911593,321,0.382819015847,0.100000000000
1010,train,0.566305254379,32.026916504000,0.614678899083,374,0.483736447039,0.100000000000
1011,holdout,0.444620517098,27.518606186000,0.510425354462,506,0.658048373645,0.100000000000
1012,train,0.067306088407,20.621631622000,0.075062552127,135,0.077564637198,0.100000000000
1013,train,0.862051709758,87.293479919000,0.891576313595,273,0.295246038365,0.100000000000
1014,holdout,0.485821517932,29.948047638000,0.572977481234,735,0.871559633028,0.100000000000
1015,holdout,0.661134278565,47.076797485000,0.718932443703,441,0.577981651376,0.100000000000
1016,train,0.672143452877,52.704326630000,0.754795663053,659,0.826522101751,0.100000000000
1017,train,0.521100917431,29.899158478000,0.571309424520,388,0.502085070892,0.100000000000
1018,train,0.853461217681,75.441940308000,0.863219349458,154,0.097581317765,0.100000000000
1019,train,0.066805671393,21.078079224000,0.112593828190,363,0.457881567973,0.100000000000
1020,train,0.832026688907,93.208595276000,0.901584653878,529,0.695579649708,0.100000000000
1021,train,0.214762301918,22.415935516000,0.246872393661,285,0.321100917431,0.100000000000
1022,train,0.393744787323,25.828306198000,0.440366972477,365,0.466221851543,0.100000000000
1023,train,-0.051709758132,19.917064667000,0.035863219349,740,0.875729774812,0.100000000000
1024,train,0.816763969975,90.145004272000,0.897414512093,636,0.806505421184,0.100000000000
1025,train,0.719099249374,48.269706726000,0.725604670559,127,0.065054211843,0.100000000000
1026,train,0.050708924103,20.592599869000,0.074228523770,243,0.235195996664,0.100000000000
1027,train,0.769724770642,59.966926575000,0.804837364470,302,0.351125938282,0.100000000000
1028,train,0.392827356130,25.724254608000,0.436196830692,348,0.433694745621,0.100000000000
1029,train,0.317597998332,25.214084625000,0.411175979983,892,0.935779816514,0.100000000000
1030,train,0.264136780651,23.168592453000,0.314428690575,388,0.502919099249,0.100000000000
1031,train,0.958048373645,247.962188721000,0.998331943286,330,0.402835696414,0.100000000000
1032,holdout,0.818682235196,67.530166626000,0.834028356964,198,0.153461217681,0.100000000000
1033,train,0.295329441201,24.971916199000,0.394495412844,1445,0.991659716430,0.100000000000
1034,train,0.421267723103,27.487030029000,0.507923269391,732,0.866555462886,0.100000000000
1035,holdout,0.722852376981,48.619079590000,0.728940783987,124,0.060884070058,0.100000000000
1036,train,0.299666388657,24.774200439000,0.381984987490,657,0.823185988324,0.100000000000
1037,train,0.717014178482,58.664703369000,0.796497080901,629,0.794829024187,0.100000000000
1038,holdout,0.345871559633,25.615587234000,0.432026688907,722,0.861551292744,0.100000000000
1039,validation,0.707172643870,54.647140503000,0.776480400334,528,0.693077564637,0.100000000000
1040,train,0.750708924103,58.576774597000,0.794829024187,352,0.441201000834,0.100000000000
1041,train,0.402335279399,26.694881439000,0.482068390325,630,0.797331109258,0.100000000000
1042,train,0.013344453711,20.693145752000,0.079232693912,506,0.658882402002,0.100000000000
1043,train,0.119599666389,21.998548508000,0.203502919099,681,0.839032527106,0.100000000000
1044,train,0.673311092577,46.004905701000,0.713928273561,333,0.406171809842,0.100000000000
1045,train,0.718015012510,50.675067902000,0.745621351126,267,0.276063386155,0.100000000000
1046,validation,0.136530442035,21.734880447000,0.170141784821,294,0.336113427857,0.100000000000
1047,train,0.667389491243,48.539180756000,0.726438698916,449,0.590492076731,0.100000000000
1048,train,0.370475396163,24.985492706000,0.396163469558,253,0.256880733945,0.100000000000
1049,train,0.519683069224,31.665887833000,0.608840700584,763,0.891576313595,0.100000000000
1050,validation,0.443119266055,28.828922272000,0.537948290242,945,0.948290241868,0.100000000000
1051,validation,0.360550458716,25.034704208000,0.397831526272,315,0.372810675563,0.100000000000
1052,train,0.201501251043,22.902656555000,0.290241868224,758,0.887406171810,0.100000000000
1053,train,0.190408673895,22.419570923000,0.247706422018,438,0.572977481234,0.100000000000
1054,train,0.531025854879,32.455116272000,0.621351125938,788,0.903252710592,0.100000000000
1055,validation,0.850041701418,101.971145630000,0.909924937448,457,0.598832360300,0.100000000000
1056,train,0.537864887406,31.498931885000,0.605504587156,512,0.676396997498,0.100000000000
1057,train,-0.051376146789,19.588441849000,0.027522935780,625,0.788990825688,0.100000000000
1058,validation,0.266555462886,23.257896423000,0.318598832360,402,0.520433694746,0.100000000000
1059,train,0.639532944120,48.256538391000,0.724770642202,706,0.852376980817,0.100000000000
1060,validation,0.547873227690,34.714569092000,0.646371976647,1182,0.984987489575,0.100000000000
1061,holdout,0.191242702252,22.199155807000,0.222685571309,281,0.314428690575,0.100000000000
1062,train,0.169641367807,22.471250534000,0.252710592160,663,0.830692243536,0.100000000000
1063,train,0.612844036697,32.611343384000,0.624687239366,175,0.118432026689,0.100000000000
1064,train,0.454545454545,26.321029663000,0.466221851543,172,0.116763969975,0.100000000000
1065,train,0.287989991660,23.854944229000,0.341117597998,408,0.531276063386,0.100000000000
1066,train,0.100834028357,21.871040344000,0.188490408674,741,0.876563803169,0.100000000000
1067,train,0.707923269391,54.329700470000,0.771476230192,486,0.635529608007,0.100000000000
1068,train,0.814512093411,63.455123901000,0.822351959967,135,0.078398665555,0.100000000000
1069,train,0.412510425354,25.387187958000,0.417014178482,103,0.045037531276,0.100000000000
1070,train,0.402168473728,27.325901031000,0.501251042535,1378,0.990825688073,0.100000000000
1071,train,0.857881567973,97.942199707000,0.905754795663,371,0.478732276897,0.100000000000
1072,train,0.321601334445,24.460954666000,0.366972477064,361,0.453711426188,0.100000000000
1073,holdout,0.822018348624,76.358978271000,0.868223519600,364,0.462051709758,0.100000000000
1074,train,0.117014178482,22.055198669000,0.208507089241,817,0.914929107590,0.100000000000
1075,validation,0.601751459550,37.507896423000,0.668890742285,510,0.671392827356,0.100000000000
1076,train,0.876730608841,114.497756958000,0.926605504587,386,0.498748957465,0.100000000000
1077,train,0.522185154295,31.311344147000,0.600500417014,618,0.783152627189,0.100000000000
1078,train,0.551042535446,29.843025208000,0.570475396163,221,0.194328607173,0.100000000000
1079,train,0.484236864053,28.865139008000,0.540450375313,430,0.562135112594,0.100000000000
1080,train,0.336447039199,25.158546448000,0.403669724771,510,0.672226855713,0.100000000000
1081,train,0.362051709758,26.001346588000,0.450375312761,746,0.883236030025,0.100000000000
1082,train,0.877814845705,106.821350098000,0.912427022519,298,0.346121768140,0.100000000000
1083,train,0.021601334445,20.308776855000,0.057547956631,306,0.359466221852,0.100000000000
1084,validation,0.607839866555,40.181995392000,0.688907422852,641,0.810675562969,0.100000000000
1085,train,0.082568807339,20.777334213000,0.082568807339,14,0.000000000000,0.100000000000
1086,train,0.514845704754,28.591745377000,0.534612176814,222,0.197664720601,0.100000000000
1087,train,0.386572143453,25.370479584000,0.414512093411,268,0.279399499583,0.100000000000
1088,validation,0.648623853211,35.618431091000,0.653878231860,117,0.052543786489,0.100000000000
1089,train,0.138615512927,21.913202286000,0.194328607173,428,0.557130942452,0.100000000000
1090,train,0.254128440367,22.951210022000,0.297748123436,349,0.436196830692,0.100000000000
1091,train,0.689241034195,53.435508728000,0.763135946622,566,0.738949124270,0.100000000000
1092,train,0.251459549625,23.323886871000,0.321100917431,529,0.696413678065,0.100000000000
1093,validation,0.960467055880,187.289764404000,0.974145120934,188,0.136780650542,0.100000000000
1094,train,0.238532110092,23.059223175000,0.306922435363,516,0.683903252711,0.100000000000
1095,train,0.181150959133,22.577907562000,0.265221017515,683,0.840700583820,0.100000000000
1096,train,0.674228523770,38.410015106000,0.676396997498,77,0.021684737281,0.100000000000
1097,train,0.200333611343,22.375907898000,0.243536280234,347,0.432026688907,0.100000000000
1098,train,0.173144286906,22.438619614000,0.251042535446,612,0.778982485405,0.100000000000
1099,train,0.679316096747,39.604572296000,0.685571309425,125,0.062552126772,0.100000000000
1100,train,0.150959132611,21.822877884000,0.180984153461,274,0.300250208507,0.100000000000
1101,train,0.981150959133,242.281066895000,0.993327773144,181,0.121768140117,0.100000000000
1102,validation,0.552043369475,29.371673584000,0.554628857381,84,0.025854879066,0.100000000000
1103,train,0.826522101751,107.947265625000,0.915763135947,763,0.892410341952,0.100000000000
1104,validation,0.279566305254,22.718372345000,0.280233527940,48,0.006672226856,0.100000000000
1105,train,0.719182652210,54.376258850000,0.773144286906,416,0.539616346956,0.100000000000
1106,train,0.096246872394,21.919271469000,0.195996663887,1522,0.997497914929,0.100000000000
1107,train,0.443703085905,25.930259705000,0.446205170976,83,0.025020850709,0.100000000000
1108,holdout,0.454045037531,28.873039246000,0.542118432027,744,0.880733944954,0.100000000000
1109,holdout,0.707756463720,48.130493164000,0.723936613845,201,0.161801501251,0.100000000000
1110,train,0.263719766472,24.217529297000,0.355296080067,817,0.915763135947,0.100000000000
1111,validation,0.550625521268,31.460367203000,0.604670558799,418,0.540450375313,0.100000000000
1112,holdout,0.247206005004,23.966096878000,0.345287739783,1134,0.980817347790,0.100000000000
1113,validation,0.066055045872,20.866628647000,0.089241034195,240,0.231859883236,0.100000000000
1114,holdout,0.653544620517,39.879833221000,0.687239366138,294,0.336947456214,0.100000000000
1115,train,0.706839032527,51.251781464000,0.748123436197,335,0.412844036697,0.100000000000
1116,validation,0.660717264387,41.483608246000,0.693077564637,287,0.323603002502,0.100000000000
1117,train,0.838865721435,90.396926880000,0.898248540450,451,0.593828190158,0.100000000000
1118,train,0.030275229358,21.017326355000,0.103419516264,559,0.731442869058,0.100000000000
1119,train,0.951209341118,210.812362671000,0.982485404504,280,0.312760633862,0.100000000000
1120,train,0.280233527940,24.295917511000,0.358632193495,618,0.783986655546,0.100000000000
1121,validation,0.100583819850,21.822629929000,0.180150125104,629,0.795663052544,0.100000000000
1122,holdout,0.325521267723,23.633953094000,0.330275229358,113,0.047539616347,0.100000000000
1123,holdout,0.337030859049,24.009258270000,0.347789824854,162,0.107589658048,0.100000000000
1124,train,0.837614678899,97.746231079000,0.904920767306,510,0.673060884070,0.100000000000
1125,validation,0.243619683069,23.814727783000,0.336947456214,875,0.933277731443,0.100000000000
1126,train,0.021851542952,20.326162338000,0.059216013344,315,0.373644703920,0.100000000000
1127,train,0.862468723937,81.949310303000,0.882402001668,223,0.199332777314,0.100000000000
1128,train,0.160633861551,21.998624802000,0.204336947456,350,0.437030859049,0.100000000000
1129,train,0.529107589658,30.013542175000,0.576313594662,367,0.472060050042,0.100000000000
1130,train,0.177648040033,22.208711624000,0.224353628023,365,0.467055879900,0.100000000000
1131,holdout,0.773978315263,72.549621582000,0.849874895746,592,0.758965804837,0.100000000000
1132,train,0.323686405338,25.072113037000,0.400333611343,601,0.766472060050,0.100000000000
1133,train,0.684320266889,46.992919922000,0.718098415346,294,0.337781484570,0.100000000000
1134,train,0.834361968307,110.172683716000,0.919099249374,698,0.847372810676,0.100000000000
1135,train,0.304670558799,25.158763885000,0.404503753128,1688,0.998331943286,0.100000000000
1136,train,0.965387823186,244.410888672000,0.994995829858,273,0.296080066722,0.100000000000
1137,train,0.649291075897,35.412952423000,0.651376146789,76,0.020850708924,0.100000000000
1138,train,0.326688907423,24.898780823000,0.390325271059,486,0.636363636364,0.100000000000
1139,validation,0.226605504587,22.399156570000,0.245204336947,217,0.185988323603,0.100000000000
1140,train,0.024186822352,21.068788528000,0.110091743119,716,0.859049207673,0.100000000000
1141,train,0.082318598832,21.395868301000,0.137614678899,426,0.552960800667,0.100000000000
1142,train,0.763552960801,57.076751709000,0.785654712260,234,0.221017514595,0.100000000000
1143,train,0.848123436197,83.968353271000,0.885738115096,317,0.376146788991,0.100000000000
1144,holdout,0.219933277731,23.199729919000,0.316930775646,1072,0.969974979149,0.100000000000
1145,train,0.401501251043,25.672080994000,0.433694745621,286,0.321934945788,0.100000000000
1146,train,0.698331943286,50.186843872000,0.740617180984,341,0.422852376981,0.100000000000
1147,train,0.117597998332,21.304115295000,0.126772310259,149,0.091743119266,0.100000000000
1148,train,0.676230191827,38.558979034000,0.678899082569,84,0.026688907423,0.100000000000
1149,train,0.291659716430,23.347517014000,0.321934945788,275,0.302752293578,0.100000000000
1150,train,0.147456213511,21.618059158000,0.158465387823,165,0.110091743119,0.100000000000
1151,holdout,0.713678065054,53.539237976000,0.764804003336,398,0.511259382819,0.100000000000
1152,train,0.312010008340,24.784126282000,0.384487072560,554,0.724770642202,0.100000000000
1153,train,0.701501251043,55.470764160000,0.781484570475,632,0.799833194329,0.100000000000
1154,holdout,0.410842368641,26.388446808000,0.469557964971,447,0.587155963303,0.100000000000
1155,train,0.397247706422,25.881526947000,0.444537114262,367,0.472894078399,0.100000000000
1156,train,0.139282735613,22.290296555000,0.237698081735,1178,0.984153461218,0.100000000000
1157,train,0.070391993328,20.791587830000,0.084236864053,189,0.138448707256,0.100000000000
1158,train,0.753878231860,65.593582153000,0.829024186822,586,0.751459549625,0.100000000000
1159,holdout,0.867139282736,129.390625000000,0.941618015013,578,0.744787322769,0.100000000000
1160,train,0.070475396163,21.454690933000,0.140950792327,536,0.704753961635,0.100000000000
1161,train,0.585821517932,31.885755539000,0.613010842369,265,0.271893244370,0.100000000000
1162,holdout,0.590575479566,36.651359558000,0.662218515430,544,0.716430358632,0.100000000000
1163,train,0.838782318599,83.355613708000,0.884070058382,360,0.452877397832,0.100000000000
1164,train,0.547372810676,31.268550873000,0.598832360300,400,0.514595496247,0.100000000000
1165,train,0.813177648040,74.057891846000,0.859049207673,363,0.458715596330,0.100000000000
1166,holdout,0.419432860717,25.587110519000,0.429524603837,155,0.100917431193,0.100000000000
1167,train,0.777648040033,72.848922729000,0.853211009174,589,0.755629691410,0.100000000000
1168,train,0.578732276897,34.842556000000,0.647206005004,516,0.684737281068,0.100000000000
1169,train,0.433944954128,26.378582001000,0.468723936614,300,0.347789824854,0.100000000000
1170,train,0.178732276897,22.481813431000,0.253544620517,581,0.748123436197,0.100000000000
1171,train,0.924770642202,164.249298096000,0.967472894078,343,0.427022518766,0.100000000000
1172,train,0.575479566305,33.801788330000,0.635529608007,458,0.600500417014,0.100000000000
1173,train,0.772060050042,62.993858337000,0.819015846539,366,0.469557964971,0.100000000000
1174,train,0.543202668891,30.871402740000,0.587155963303,351,0.439532944120,0.100000000000
1175,train,0.516763969975,31.920125961000,0.613844870726,1077,0.970809007506,0.100000000000
1176,train,0.692243536280,41.881084442000,0.696413678065,100,0.041701417848,0.100000000000
1177,validation,0.857464553795,107.458328247000,0.913261050876,428,0.557964970809,0.100000000000
1178,train,0.120100083403,21.922536850000,0.196830692244,601,0.767306088407,0.100000000000
1179,train,0.186989157631,22.524116516000,0.260216847373,559,0.732276897415,0.100000000000
1180,train,0.224770642202,23.313379288000,0.320266889074,993,0.954962468724,0.100000000000
1181,train,0.660050041701,48.115150452000,0.723102585488,480,0.630525437865,0.100000000000
1182,train,0.733944954128,52.729076385000,0.756463719766,237,0.225187656380,0.100000000000
1183,validation,0.316096747289,24.762172699000,0.380316930776,490,0.642201834862,0.100000000000
1184,train,0.827522935780,76.361724854000,0.869057547957,337,0.415346121768,0.100000000000
1185,train,0.781150959133,72.673110962000,0.852376980817,539,0.712260216847,0.100000000000
1186,train,0.777564637198,73.710678101000,0.856547122602,625,0.789824854045,0.100000000000
1187,holdout,0.363469557965,24.979787827000,0.395329441201,284,0.318598832360,0.100000000000
1188,train,0.141284403670,22.163988113000,0.221851542952,635,0.805671392827,0.100000000000
1189,train,0.322518765638,24.958930969000,0.392827356130,534,0.703085904921,0.100000000000
1190,train,0.031359466222,21.283079147000,0.122602168474,815,0.912427022519,0.100000000000
1191,train,0.407923269391,25.688350677000,0.435362802335,266,0.274395329441,0.100000000000
1192,train,0.359466221852,25.383445740000,0.416180150125,432,0.567139282736,0.100000000000
1193,train,0.208006672227,22.101402283000,0.216013344454,136,0.080066722269,0.100000000000
1194,train,0.641701417848,37.874126434000,0.671392827356,273,0.296914095079,0.100000000000
1195,holdout,0.225938281902,23.133417130000,0.311926605505,718,0.859883236030,0.100000000000
1196,train,0.486238532110,28.294963837000,0.528773978315,342,0.425354462052,0.100000000000
1197,train,0.185654712260,22.519609451000,0.258548790659,556,0.728940783987,0.100000000000
1198,train,0.887072560467,137.967849731000,0.949958298582,479,0.628857381151,0.100000000000
1199,validation,0.743786488741,59.882026672000,0.804003336113,462,0.602168473728,0.100000000000
