region_id,split,prediction,raw_prediction,prediction_rank,shortcut_count,shortcut_rank,cost_weight
0,train,0.496080066722,28.526275635000,0.516263552961,225,0.201834862385,0.100000000000
1,validation,0.535946622185,32.480194092000,0.610508757298,580,0.745621351126,0.100000000000
2,holdout,0.055045871560,21.661727905000,0.080900750626,255,0.258548790659,0.100000000000
3,train,0.149624687239,22.944328308000,0.213511259383,490,0.638865721435,0.100000000000
4,train,0.886655546289,84.688873291000,0.890742285238,100,0.040867389491,0.100000000000
5,validation,0.630859049208,43.566101074000,0.701417848207,537,0.705587989992,0.100000000000
6,train,-0.031276063386,20.857254028000,0.043369474562,580,0.746455379483,0.100000000000
7,train,0.216930775646,23.226247787000,0.250208507089,293,0.332777314429,0.100000000000
8,train,0.544203502919,29.950229645000,0.557130942452,185,0.129274395329,0.100000000000
9,train,0.272143452877,24.756752014000,0.347789824854,591,0.756463719766,0.100000000000
10,train,0.742118432027,68.762611389000,0.837364470392,979,0.952460383653,0.100000000000
11,train,0.453628023353,28.058336258000,0.499582985822,364,0.459549624687,0.100000000000
12,train,-0.065971643036,20.122526169000,0.017514595496,676,0.834862385321,0.100000000000
13,validation,0.666889074229,39.893577576000,0.686405337781,222,0.195162635530,0.100000000000
14,train,0.405087572977,28.215087891000,0.503753127606,1213,0.986655546289,0.100000000000
15,validation,0.541951626355,31.606145859000,0.594662218515,405,0.527105921601,0.100000000000
16,train,0.735613010842,65.176719666000,0.828190158465,846,0.925771476230,0.100000000000
17,train,0.861301084237,138.337661743000,0.953294412010,835,0.919933277731,0.100000000000
18,holdout,0.621434528774,38.093231201000,0.673894912427,404,0.524603836530,0.100000000000
19,train,0.102335279399,22.185255051000,0.129274395329,263,0.269391159299,0.100000000000
20,train,0.359132610509,25.364429474000,0.371976647206,184,0.128440366972,0.100000000000
21,holdout,0.778732276897,72.272323608000,0.854879065888,595,0.761467889908,0.100000000000
22,train,0.608840700584,37.057086945000,0.664720600500,430,0.558798999166,0.100000000000
23,train,0.535946622185,32.035957336000,0.602168473728,509,0.662218515430,0.100000000000
24,train,-0.048707256047,20.508930206000,0.030025020851,625,0.787322768974,0.100000000000
25,train,0.751626355296,64.929489136000,0.826522101751,584,0.748957464554,0.100000000000
26,holdout,0.932026688907,200.123428345000,0.979983319433,372,0.479566305254,0.100000000000
27,train,0.232693911593,24.243968964000,0.317764804003,704,0.850708924103,0.100000000000
28,train,0.529024186822,32.702091217000,0.617180984153,746,0.881567973311,0.100000000000
29,train,0.651959966639,50.573204041000,0.747289407840,983,0.953294412010,0.100000000000
30,train,0.340116763970,26.283229828000,0.417848206839,611,0.777314428691,0.100000000000
31,train,0.029858215179,21.227815628000,0.058381984987,272,0.285237698082,0.100000000000
32,holdout,-0.006338615513,20.499671936000,0.029190992494,306,0.355296080067,0.100000000000
33,train,0.777981651376,74.939956665000,0.864887406172,735,0.869057547957,0.100000000000
34,train,0.256547122602,24.772449493000,0.349457881568,870,0.929107589658,0.100000000000
35,holdout,0.279733110926,23.788906097000,0.292743953294,187,0.130108423686,0.100000000000
36,validation,0.247372810676,23.295806885000,0.256046705588,146,0.086738949124,0.100000000000
37,validation,0.778315262719,70.272666931000,0.843202668891,494,0.648874061718,0.100000000000
38,holdout,0.512010008340,30.793682098000,0.576313594662,491,0.643035863219,0.100000000000
39,train,0.710425354462,49.467658997000,0.738115095913,268,0.276897414512,0.100000000000
40,train,-0.022185154295,18.320775986000,0.000834028357,240,0.230191826522,0.100000000000
41,train,0.035779816514,21.094545364000,0.053377814846,211,0.175979983319,0.100000000000
42,train,0.236113427857,23.189363480000,0.247706422018,172,0.115929941618,0.100000000000
43,train,0.879983319433,114.567932129000,0.930775646372,392,0.507923269391,0.100000000000
44,holdout,0.788573811510,70.523429871000,0.845704753962,437,0.571309424520,0.100000000000
45,train,0.647789824854,41.380718231000,0.690575479566,345,0.427856547123,0.100000000000
46,train,0.105671392827,22.816633224000,0.199332777314,901,0.936613844871,0.100000000000
47,train,0.334862385321,25.092773438000,0.359466221852,249,0.246038365304,0.100000000000
48,train,0.648290241868,37.310146332000,0.667222685571,219,0.189324437031,0.100000000000
49,train,0.137197664721,22.511865616000,0.162635529608,253,0.254378648874,0.100000000000
50,train,0.258632193495,24.037162781000,0.307756463720,382,0.491242702252,0.100000000000
51,train,0.417681401168,27.243907928000,0.474562135113,436,0.568807339450,0.100000000000
52,train,0.336864053378,26.211685181000,0.413678065054,603,0.768140116764,0.100000000000
53,train,0.845287739783,120.537628174000,0.935779816514,790,0.904920767306,0.100000000000
54,train,0.621017514595,33.381500244000,0.627189324437,125,0.061718098415,0.100000000000
55,validation,0.120600500417,22.470298767000,0.159299416180,326,0.386989157631,0.100000000000
56,train,0.681234361968,51.934394836000,0.754795663053,563,0.735613010842,0.100000000000
57,train,0.888824020017,102.981971741000,0.912427022519,244,0.236030025021,0.100000000000
58,train,0.001918265221,20.072019577000,0.015012510425,187,0.130942452043,0.100000000000
59,train,0.701167639700,56.880714417000,0.785654712260,691,0.844870725605,0.100000000000
60,train,0.212593828190,23.642822266000,0.282735613011,534,0.701417848207,0.100000000000
61,holdout,0.418265221018,26.312637329000,0.421184320267,86,0.029190992494,0.100000000000
62,holdout,-0.033194328607,21.095787048000,0.054211843203,739,0.874061718098,0.100000000000
63,train,0.780150125104,57.732666016000,0.790658882402,161,0.105087572977,0.100000000000
64,train,0.009424520434,20.911926270000,0.045037531276,306,0.356130108424,0.100000000000
65,train,0.139282735613,22.573789597000,0.170141784821,278,0.308590492077,0.100000000000
66,train,0.769641367807,71.528762817000,0.848206839033,623,0.785654712260,0.100000000000
67,train,-0.024520433695,21.177879333000,0.056713928274,644,0.812343619683,0.100000000000
68,train,0.680984153461,52.478549957000,0.758131776480,605,0.771476230192,0.100000000000
69,validation,0.761968306922,68.818176270000,0.838198498749,597,0.762301918265,0.100000000000
70,train,0.087656380317,21.789958954000,0.090909090909,89,0.032527105922,0.100000000000
71,train,0.196830692244,23.317443848000,0.259382819016,478,0.625521267723,0.100000000000
72,train,0.864637197665,113.093521118000,0.929941618015,497,0.653044203503,0.100000000000
73,train,0.705838198499,55.223968506000,0.776480400334,537,0.706422018349,0.100000000000
74,train,0.426939115930,27.183225632000,0.468723936614,339,0.417848206839,0.100000000000
75,train,0.510842368641,29.933387756000,0.556296914095,362,0.454545454545,0.100000000000
76,train,0.747956630525,60.889045715000,0.809841534612,473,0.618849040867,0.100000000000
77,holdout,0.870642201835,155.360839844000,0.964136780651,888,0.934945788157,0.100000000000
78,holdout,0.474728940784,27.329250336000,0.476230191827,65,0.015012510425,0.100000000000
79,train,0.162718932444,22.941629410000,0.212677231026,387,0.499582985822,0.100000000000
80,train,0.776647206005,72.548416138000,0.859049207673,659,0.824020016681,0.100000000000
81,train,0.294995829858,24.902885437000,0.355296080067,463,0.603002502085,0.100000000000
82,holdout,0.860383653044,93.938903809000,0.902418682235,340,0.420350291910,0.100000000000
83,train,0.215429524604,22.981302261000,0.218515429525,87,0.030859049208,0.100000000000
84,validation,0.893661384487,128.461868286000,0.944954128440,400,0.512927439533,0.100000000000
85,train,0.518348623853,29.252605438000,0.533778148457,199,0.154295246038,0.100000000000
86,validation,0.512343619683,29.554748535000,0.544620517098,287,0.322768974145,0.100000000000
87,train,0.217097581318,23.026853561000,0.227689741451,161,0.105921601334,0.100000000000
88,train,0.042952460384,22.193088531000,0.131776480400,760,0.888240200167,0.100000000000
89,train,0.697414512093,45.514972687000,0.710592160133,187,0.131776480400,0.100000000000
90,train,0.232443703086,23.181272507000,0.246872393661,193,0.144286905755,0.100000000000
91,train,0.722768974145,49.413364410000,0.737281067556,193,0.145120934112,0.100000000000
92,validation,0.404920767306,27.046657562000,0.461217681401,431,0.562969140951,0.100000000000
93,validation,0.197497914929,23.445106506000,0.270225187656,556,0.727272727273,0.100000000000
94,train,0.796163469558,61.844249725000,0.813177648040,207,0.170141784821,0.100000000000
95,holdout,0.087989991660,21.869941711000,0.098415346122,160,0.104253544621,0.100000000000
96,train,0.112760633862,22.734321594000,0.188490408674,591,0.757297748123,0.100000000000
97,train,0.544286905755,33.942646027000,0.633861551293,770,0.895746455379,0.100000000000
98,train,0.147956630525,23.127641678000,0.241868223520,904,0.939115929942,0.100000000000
99,train,0.753044203503,55.394500732000,0.778982485405,256,0.259382819016,0.100000000000
100,train,0.587072560467,31.494514465000,0.592160133445,117,0.050875729775,0.100000000000
101,train,0.288907422852,24.696220398000,0.345287739783,431,0.563803169308,0.100000000000
102,validation,0.076647206005,21.631517410000,0.078398665555,72,0.017514595496,0.100000000000
103,train,0.203002502085,23.816886902000,0.294412010008,817,0.914095079233,0.100000000000
104,train,0.612260216847,33.123878479000,0.625521267723,187,0.132610508757,0.100000000000
105,train,0.607589658048,32.407058716000,0.608840700584,61,0.012510425354,0.100000000000
106,train,0.190742285238,22.827827454000,0.201000834028,157,0.102585487907,0.100000000000
107,train,0.729691409508,54.475849152000,0.773978315263,355,0.442869057548,0.100000000000
108,train,0.694078398666,42.803852081000,0.698915763136,115,0.048373644704,0.100000000000
109,validation,0.418015012510,27.779024124000,0.487072560467,523,0.690575479566,0.100000000000
110,train,0.335946622185,25.995628357000,0.403669724771,513,0.677231025855,0.100000000000
111,train,-0.051125938282,20.517127991000,0.030859049208,656,0.819849874896,0.100000000000
112,train,0.610425354462,32.763862610000,0.618015012510,135,0.075896580484,0.100000000000
113,holdout,0.096663886572,22.714399338000,0.187656380317,801,0.909924937448,0.100000000000
114,train,0.698331943286,47.239421844000,0.722268557131,246,0.239366138449,0.100000000000
115,train,0.576480400334,31.445287704000,0.590492076731,191,0.140116763970,0.100000000000
116,train,0.804837364470,63.810626984000,0.823185988324,217,0.183486238532,0.100000000000
117,validation,0.292994161802,25.599098206000,0.385321100917,843,0.923269391159,0.100000000000
118,train,0.931442869058,164.706329346000,0.969974979149,324,0.385321100917,0.100000000000
119,holdout,0.189324437031,23.675712585000,0.284403669725,970,0.950792326939,0.100000000000
120,holdout,0.049291075897,21.104204178000,0.055045871560,123,0.057547956631,0.100000000000
121,train,0.323436196831,25.428737640000,0.376980817348,413,0.535446205171,0.100000000000
122,train,0.574145120934,35.328807831000,0.646371976647,554,0.722268557131,0.100000000000
123,train,-0.069057547957,20.133163452000,0.020016680567,762,0.890742285238,0.100000000000
124,train,0.000250208507,20.295299530000,0.023352793995,240,0.231025854879,0.100000000000
125,holdout,0.835112593828,77.740058899000,0.874061718098,327,0.389491242702,0.100000000000
126,holdout,0.188573811510,23.373350143000,0.263552960801,584,0.749791492911,0.100000000000
127,train,-0.019266055046,20.755842209000,0.036697247706,430,0.559633027523,0.100000000000
128,validation,0.828273561301,100.326934814000,0.909090909091,638,0.808173477898,0.100000000000
129,train,0.365554628857,26.545206070000,0.434528773978,521,0.689741451209,0.100000000000
130,train,0.703753127606,51.000427246000,0.748123436197,355,0.443703085905,0.100000000000
131,holdout,0.847122602168,71.475006104000,0.847372810676,36,0.002502085071,0.100000000000
132,train,0.427939949958,27.824253082000,0.490408673895,477,0.624687239366,0.100000000000
133,validation,0.438782318599,29.276386261000,0.535446205171,1056,0.966638865721,0.100000000000
134,train,0.930108423686,163.856750488000,0.969140950792,327,0.390325271059,0.100000000000
135,train,0.146788990826,22.424997330000,0.152627189324,123,0.058381984987,0.100000000000
136,validation,0.182485404504,23.571891785000,0.278565471226,1027,0.960800667223,0.100000000000
137,train,0.204336947456,22.925065994000,0.211009174312,129,0.066722268557,0.100000000000
138,train,0.722852376981,48.318481445000,0.726438698916,97,0.035863219349,0.100000000000
139,train,0.250625521268,24.009094238000,0.305254378649,424,0.546288573812,0.100000000000
140,train,0.179733110926,23.028713226000,0.229357798165,384,0.496246872394,0.100000000000
141,holdout,0.320350291910,25.253873825000,0.368640533778,374,0.482902418682,0.100000000000
142,train,0.286655546289,24.370769501000,0.322768974145,308,0.361134278565,0.100000000000
143,holdout,0.892827356130,131.046295166000,0.946622185154,416,0.537948290242,0.100000000000
144,train,-0.055629691410,20.152551651000,0.020850708924,601,0.764804003336,0.100000000000
145,train,0.093994995830,22.439348221000,0.155963302752,473,0.619683069224,0.100000000000
146,train,0.742702251877,70.171447754000,0.842368640534,1518,0.996663886572,0.100000000000
147,train,0.818682235196,80.061401367000,0.880733944954,473,0.620517097581,0.100000000000
148,train,0.793327773144,70.027420044000,0.841534612177,373,0.482068390325,0.100000000000
149,train,0.125521267723,22.694101334000,0.183486238532,443,0.579649708090,0.100000000000
150,holdout,0.773728106756,55.088912964000,0.774812343620,56,0.010842368641,0.100000000000
151,validation,0.856296914095,80.239578247000,0.881567973311,252,0.252710592160,0.100000000000
152,holdout,0.694245204337,42.922306061000,0.699749791493,121,0.055045871560,0.100000000000
153,holdout,0.505421184320,29.961452484000,0.558798999166,411,0.533778148457,0.100000000000
154,train,0.232777314429,24.465272903000,0.327773144287,964,0.949958298582,0.100000000000
155,train,0.737531276063,50.433795929000,0.744787322769,132,0.072560467056,0.100000000000
156,train,0.810091743119,71.888381958000,0.849874895746,329,0.397831526272,0.100000000000
157,train,0.705671392827,53.066108704000,0.760633861551,426,0.549624687239,0.100000000000
158,train,0.876313594662,97.879119873000,0.907422852377,280,0.311092577148,0.100000000000
159,train,0.837281067556,72.606185913000,0.859883236030,238,0.226021684737,0.100000000000
160,train,0.148206839033,23.028268814000,0.228523769808,634,0.803169307756,0.100000000000
161,train,0.336030025021,24.623180389000,0.340283569641,101,0.042535446205,0.100000000000
162,train,-0.011926605505,21.550237656000,0.075062552127,735,0.869891576314,0.100000000000
163,validation,0.462969140951,27.514522552000,0.477898248540,196,0.149291075897,0.100000000000
164,validation,0.142952460384,22.984891891000,0.220183486239,605,0.772310258549,0.100000000000
165,validation,0.905337781485,134.136672974000,0.947456213511,341,0.421184320267,0.100000000000
166,holdout,-0.007589658048,20.975605011000,0.049207673061,433,0.567973311093,0.100000000000
167,train,0.252043369475,24.537555695000,0.336947456214,703,0.849040867389,0.100000000000
168,validation,0.580817347790,30.971862793000,0.581317764804,48,0.005004170142,0.100000000000
169,train,-0.003169307756,20.526258469000,0.031693077565,301,0.348623853211,0.100000000000
170,train,0.360550458716,26.284692764000,0.418682235196,444,0.581317764804,0.100000000000
171,train,0.911092577148,124.908325195000,0.939115929942,269,0.280233527940,0.100000000000
172,validation,0.508673894912,29.919874191000,0.555462885738,366,0.467889908257,0.100000000000
173,train,0.048623853211,21.278249741000,0.060050041701,170,0.114261884904,0.100000000000
174,train,0.000834028357,21.886907578000,0.100083402836,1446,0.992493744787,0.100000000000
175,train,0.351959966639,25.961490631000,0.402001668057,388,0.500417014178,0.100000000000
176,train,0.084820683903,22.244064331000,0.137614678899,407,0.527939949958,0.100000000000
177,train,0.061384487073,22.333923340000,0.145120934112,681,0.837364470392,0.100000000000
178,train,0.066805671393,22.421150208000,0.151793160967,703,0.849874895746,0.100000000000
179,train,0.114595496247,22.133993149000,0.120934111760,126,0.063386155129,0.100000000000
180,train,0.647623019183,42.048957825000,0.693911592994,365,0.462885738115,0.100000000000
181,validation,0.697831526272,44.366043091000,0.706422018349,145,0.085904920767,0.100000000000
182,validation,0.420850708924,28.759860992000,0.520433694746,1503,0.995829858215,0.100000000000
183,train,0.101167639700,22.559427261000,0.167639699750,510,0.664720600500,0.100000000000
184,train,0.512093411176,31.764636993000,0.595496246872,675,0.834028356964,0.100000000000
185,validation,0.194495412844,23.491027832000,0.271893244370,606,0.773978315263,0.100000000000
186,train,0.257964970809,24.961162567000,0.356964136781,1342,0.989991659716,0.100000000000
187,train,0.324770642202,25.658023834000,0.386155129274,470,0.613844870726,0.100000000000
188,validation,0.149291075897,22.991333008000,0.221851542952,555,0.725604670559,0.100000000000
189,train,0.033944954128,20.782222748000,0.038365304420,103,0.044203502919,0.100000000000
190,train,0.220433694746,24.256786346000,0.318598832360,1158,0.981651376147,0.100000000000
191,holdout,0.706839032527,45.889907837000,0.714762301918,136,0.079232693912,0.100000000000
192,train,0.795746455379,79.082382202000,0.879065888240,667,0.833194328607,0.100000000000
193,train,-0.003836530442,19.863306046000,0.011676396997,199,0.155129274395,0.100000000000
194,train,0.173644703920,22.802864075000,0.195996663887,237,0.223519599666,0.100000000000
195,train,0.521601334445,29.331485748000,0.536280233528,194,0.146788990826,0.100000000000
196,train,0.678482068390,45.916473389000,0.715596330275,315,0.371142618849,0.100000000000
197,holdout,0.435029190992,29.131059647000,0.529608006672,944,0.945788156797,0.100000000000
198,holdout,0.853211009174,85.192459106000,0.892410341952,328,0.391993327773,0.100000000000
199,train,0.528940783987,29.417510986000,0.538782318599,155,0.098415346122,0.100000000000
200,train,0.500583819850,30.723903656000,0.574645537948,570,0.740617180984,0.100000000000
201,holdout,0.897914929108,127.681610107000,0.942452043369,357,0.445371142619,0.100000000000
202,holdout,0.440366972477,27.952722549000,0.495412844037,426,0.550458715596,0.100000000000
203,train,0.064970809008,21.828752518000,0.094245204337,273,0.292743953294,0.100000000000
204,train,0.384570475396,26.325279236000,0.422018348624,316,0.374478732277,0.100000000000
205,holdout,0.175896580484,22.945598602000,0.214345287740,323,0.384487072560,0.100000000000
206,train,0.062635529608,22.007606506000,0.107589658048,359,0.449541284404,0.100000000000
207,train,0.787739783153,66.555953979000,0.832360300250,357,0.446205170976,0.100000000000
208,holdout,0.719266055046,53.677532196000,0.770642201835,400,0.513761467890,0.100000000000
209,validation,0.900583819850,167.347396851000,0.970809007506,534,0.702251876564,0.100000000000
210,train,0.572393661384,36.048221588000,0.655546288574,666,0.831526271893,0.100000000000
211,train,0.871893244370,109.850173950000,0.921601334445,385,0.497080900751,0.100000000000
212,holdout,0.315346121768,25.802967072000,0.392827356130,606,0.774812343620,0.100000000000
213,train,0.949040867389,145.848953247000,0.958298582152,150,0.092577147623,0.100000000000
214,train,-0.065554628857,20.436420441000,0.026688907423,842,0.922435362802,0.100000000000
215,holdout,0.082735613011,22.436725616000,0.153461217681,537,0.707256046706,0.100000000000
216,train,0.542201834862,34.591751099000,0.640533778148,1168,0.983319432861,0.100000000000
217,validation,0.967139282736,219.253219604000,0.985821517932,218,0.186822351960,0.100000000000
218,holdout,0.408256880734,27.876575470000,0.492910758966,697,0.846538782319,0.100000000000
219,train,0.030859049208,21.655998230000,0.080066722269,382,0.492076730609,0.100000000000
220,train,0.674895746455,49.888210297000,0.740617180984,505,0.657214345288,0.100000000000
221,train,0.879983319433,118.697097778000,0.934111759800,419,0.541284403670,0.100000000000
222,train,0.174061718098,22.706298828000,0.185154295246,168,0.110925771476,0.100000000000
223,holdout,0.176230191827,22.773971558000,0.190992493745,194,0.147623019183,0.100000000000
224,train,0.700750625521,44.273719788000,0.704753961635,99,0.040033361134,0.100000000000
225,holdout,0.698582151793,43.583030701000,0.702251876564,98,0.036697247706,0.100000000000
226,train,0.273227689741,25.094579697000,0.360300250209,735,0.870725604671,0.100000000000
227,train,0.849457881568,75.860290527000,0.865721434529,202,0.162635529608,0.100000000000
228,train,-0.001251042535,21.275146484000,0.059216013344,465,0.604670558799,0.100000000000
229,validation,0.908173477898,137.359451294000,0.951626355296,349,0.434528773978,0.100000000000
230,validation,0.282735613011,23.879180908000,0.297748123436,196,0.150125104254,0.100000000000
231,validation,0.044537114262,21.975749969000,0.105087572977,465,0.605504587156,0.100000000000
232,validation,0.797831526272,70.362953186000,0.844870725605,367,0.470391993328,0.100000000000
233,train,0.728773978315,53.146106720000,0.765638031693,314,0.368640533778,0.100000000000
234,train,0.459799833194,27.290752411000,0.475396163470,199,0.155963302752,0.100000000000
235,train,0.106839032527,22.470756531000,0.160133444537,410,0.532944120100,0.100000000000
236,train,-0.078899082569,18.918601990000,0.002502085071,650,0.814011676397,0.100000000000
237,holdout,0.695913261051,44.342292786000,0.705587989992,154,0.096747289408,0.100000000000
238,train,0.456964136781,28.406398773000,0.508757297748,402,0.517931609675,0.100000000000
239,validation,0.038532110092,21.987207413000,0.106755629691,515,0.682235195997,0.100000000000
240,train,0.247956630525,23.268184662000,0.254378648874,126,0.064220183486,0.100000000000
241,train,0.154045037531,23.021589279000,0.226855713094,556,0.728106755630,0.100000000000
242,train,0.356880733945,26.872455597000,0.456213511259,1482,0.993327773144,0.100000000000
243,validation,0.158632193495,23.147300720000,0.245204336947,732,0.865721434529,0.100000000000
244,train,0.632026688907,34.587516785000,0.639699749791,135,0.076730608841,0.100000000000
245,train,0.633778148457,34.979648590000,0.645537948290,173,0.117597998332,0.100000000000
246,holdout,0.401918265221,27.116374969000,0.465387823186,486,0.634695579650,0.100000000000
247,train,0.785487906589,59.629001617000,0.804837364470,221,0.193494578816,0.100000000000
248,train,0.223352793995,23.777803421000,0.291909924937,518,0.685571309425,0.100000000000
249,train,0.779983319433,63.601173401000,0.820683903253,334,0.407005838198,0.100000000000
250,holdout,0.695746455379,57.854019165000,0.791492910759,1007,0.957464553795,0.100000000000
251,validation,0.262635529608,24.399387360000,0.325271059216,479,0.626355296080,0.100000000000
252,validation,0.065221017515,22.415740967000,0.150959132611,712,0.857381150959,0.100000000000
253,validation,0.901417848207,121.762329102000,0.936613844871,303,0.351959966639,0.100000000000
254,validation,0.842201834862,112.266189575000,0.926605504587,688,0.844036697248,0.100000000000
255,train,0.190825688073,23.072454453000,0.232693911593,339,0.418682235196,0.100000000000
256,train,0.849624687239,83.265563965000,0.886572143453,314,0.369474562135,0.100000000000
257,train,0.441034195163,29.434274673000,0.540450375313,1488,0.994161801501,0.100000000000
258,validation,0.405671392827,26.556983948000,0.437030859049,281,0.313594662219,0.100000000000
259,train,0.096663886572,22.387136459000,0.150125104254,411,0.534612176814,0.100000000000
260,train,0.733694745621,56.019523621000,0.782318598832,379,0.486238532110,0.100000000000
261,holdout,0.103085904921,22.785030365000,0.193494578816,789,0.904086738949,0.100000000000
262,train,0.557547956631,31.021503448000,0.583819849875,258,0.262718932444,0.100000000000
263,train,0.419933277731,28.021518707000,0.497914929108,614,0.779816513761,0.100000000000
264,train,0.604336947456,33.690113068000,0.631359466222,263,0.270225187656,0.100000000000
265,validation,0.362135112594,27.078079224000,0.462051709758,1731,0.999165971643,0.100000000000
266,train,0.478982485405,28.264572144000,0.505421184320,259,0.264386989158,0.100000000000
267,validation,0.404503753128,26.097183228000,0.407839866555,92,0.033361134279,0.100000000000
268,train,0.442201834862,27.626789093000,0.482068390325,329,0.398665554629,0.100000000000
269,train,0.126688907423,22.182281494000,0.126772310259,25,0.000834028357,0.100000000000
270,train,0.918181818182,145.717651367000,0.957464553795,328,0.392827356130,0.100000000000
271,train,0.385154295246,25.701318741000,0.389491242702,101,0.043369474562,0.100000000000
272,train,0.857047539616,85.676864624000,0.893244370309,308,0.361968306922,0.100000000000
273,holdout,0.247706422018,24.525539398000,0.334445371143,733,0.867389491243,0.100000000000
274,train,0.588240200167,31.439432144000,0.589658048374,64,0.014178482068,0.100000000000
275,train,0.341618015013,26.355361938000,0.424520433695,661,0.829024186822,0.100000000000
276,holdout,0.509257714762,30.373653412000,0.567139282736,442,0.578815679733,0.100000000000
277,train,-0.017014178482,21.499689102000,0.069224353628,730,0.862385321101,0.100000000000
278,validation,0.657881567973,36.840175629000,0.661384487073,96,0.035029190992,0.100000000000
279,train,0.106338615513,22.439281464000,0.155129274395,381,0.487906588824,0.100000000000
280,train,0.375562969141,26.904823303000,0.457047539616,650,0.814845704754,0.100000000000
281,holdout,0.564887406172,31.580245972000,0.592994161802,270,0.281067556297,0.100000000000
282,validation,0.521601334445,28.792144775000,0.522935779817,62,0.013344453711,0.100000000000
283,holdout,0.183903252711,23.630882263000,0.281067556297,1094,0.971643035863,0.100000000000
284,holdout,-0.059132610509,20.033885956000,0.014178482068,560,0.733110925771,0.100000000000
285,train,0.288073394495,25.303714752000,0.370308590492,657,0.822351959967,0.100000000000
286,train,0.453711426188,29.765731812000,0.551292743953,1109,0.975813177648,0.100000000000
287,validation,0.791159299416,67.211814880000,0.834028356964,345,0.428690575480,0.100000000000
288,train,0.103669724771,21.958814621000,0.104253544621,48,0.005838198499,0.100000000000
289,train,0.504920767306,29.579868317000,0.546288573812,336,0.413678065054,0.100000000000
290,train,0.937864887406,228.317855835000,0.988323603003,390,0.504587155963,0.100000000000
291,validation,0.830942452043,68.158882141000,0.836530442035,121,0.055879899917,0.100000000000
292,train,0.228690575480,23.192943573000,0.248540450375,223,0.198498748957,0.100000000000
293,validation,0.500333611343,28.131280899000,0.501251042535,53,0.009174311927,0.100000000000
294,train,0.875646371977,80.538101196000,0.882402001668,129,0.067556296914,0.100000000000
295,train,0.502085070892,30.462882996000,0.569641367807,512,0.675562969141,0.100000000000
296,validation,0.099416180150,22.181255341000,0.125938281902,259,0.265221017515,0.100000000000
297,validation,0.423102585488,27.942661285000,0.494578815680,544,0.714762301918,0.100000000000
298,train,-0.081317764804,20.024311066000,0.013344453711,944,0.946622185154,0.100000000000
299,train,0.485988323603,30.575742722000,0.571309424520,707,0.853211009174,0.100000000000
300,train,0.976814011676,245.164016724000,0.994995829858,212,0.181818181818,0.100000000000
301,holdout,0.060133444537,21.734336853000,0.085904920767,254,0.257714762302,0.100000000000
302,holdout,-0.043119266055,20.841365814000,0.041701417848,702,0.848206839033,0.100000000000
303,validation,0.408006672227,28.030183792000,0.498748957465,794,0.907422852377,0.100000000000
304,train,0.777314428691,72.424392700000,0.856547122602,628,0.792326939116,0.100000000000
305,holdout,0.164804003336,23.082656860000,0.235195996664,536,0.703919933278,0.100000000000
306,train,0.712427022519,47.427188873000,0.723936613845,171,0.115095913261,0.100000000000
307,holdout,0.637614678899,38.651515961000,0.678065054212,333,0.404503753128,0.100000000000
308,train,0.133110925771,22.211324692000,0.134278565471,58,0.011676396997,0.100000000000
309,train,0.302919099249,25.270818710000,0.369474562135,510,0.665554628857,0.100000000000
310,validation,0.815596330275,90.665939331000,0.899916597164,687,0.843202668891,0.100000000000
311,train,-0.058798999166,20.462064743000,0.027522935780,730,0.863219349458,0.100000000000
312,train,0.608840700584,35.903305054000,0.653044203503,354,0.442035029191,0.100000000000
313,holdout,0.728607172644,52.830490112000,0.758965804837,276,0.303586321935,0.100000000000
314,train,0.359966638866,26.354881287000,0.423686405338,488,0.637197664721,0.100000000000
315,train,0.155045871560,22.712825775000,0.185988323603,278,0.309424520434,0.100000000000
316,validation,0.112010008340,22.603921890000,0.175979983319,490,0.639699749791,0.100000000000
317,train,0.411426188490,27.166913986000,0.467889908257,432,0.564637197665,0.100000000000
318,train,0.231276063386,24.071788788000,0.309424520434,618,0.781484570475,0.100000000000
319,validation,0.422768974145,26.543844223000,0.433694745621,165,0.109257714762,0.100000000000
320,train,0.274728940784,24.280231476000,0.320266889074,362,0.455379482902,0.100000000000
321,train,0.709674728941,49.364654541000,0.736447039199,260,0.267723102585,0.100000000000
322,validation,0.232610508757,23.725536346000,0.287739783153,426,0.551292743953,0.100000000000
323,holdout,0.379482902419,25.853670120000,0.396163469558,205,0.166805671393,0.100000000000
324,train,0.283486238532,25.450790405000,0.380316930776,1069,0.968306922435,0.100000000000
325,validation,0.632527105922,43.762840271000,0.703919933278,543,0.713928273561,0.100000000000
326,train,0.169140950792,22.656169891000,0.178482068390,150,0.093411175980,0.100000000000
327,holdout,0.829107589658,72.240859985000,0.854045037531,251,0.249374478732,0.100000000000
328,train,0.463469557965,27.125869751000,0.466221851543,85,0.027522935780,0.100000000000
329,holdout,0.558465387823,30.378887177000,0.567973311093,151,0.095079232694,0.100000000000
330,train,0.030191826522,21.763175964000,0.088407005838,445,0.582151793161,0.100000000000
331,train,0.242869057548,24.528423309000,0.335279399500,844,0.924103419516,0.100000000000
332,train,0.758298582152,59.697334290000,0.805671392827,368,0.473728106756,0.100000000000
333,train,0.303419516264,24.648160934000,0.342785654712,328,0.393661384487,0.100000000000
334,train,0.125854879066,22.845237732000,0.201834862385,593,0.759799833194,0.100000000000
335,train,0.113761467890,22.876632690000,0.204336947456,790,0.905754795663,0.100000000000
336,validation,0.180233527940,22.988155365000,0.221017514595,334,0.407839866555,0.100000000000
337,train,0.590408673895,38.057830811000,0.672226855713,653,0.818181818182,0.100000000000
338,validation,0.858215179316,115.516403198000,0.931609674729,561,0.733944954128,0.100000000000
339,validation,0.785487906589,57.106208801000,0.787322768974,74,0.018348623853,0.100000000000
340,train,0.058632193495,21.503942490000,0.070892410342,182,0.122602168474,0.100000000000
341,holdout,0.010675562969,21.783025742000,0.090075062552,629,0.793994995830,0.100000000000
342,train,0.145954962469,23.015230179000,0.226021684737,633,0.800667222686,0.100000000000
343,train,0.381317764804,27.552433014000,0.479566305254,1164,0.982485404504,0.100000000000
344,train,0.200500417014,23.318040848000,0.260216847373,457,0.597164303586,0.100000000000
345,train,0.895913261051,110.676605225000,0.924103419516,270,0.281901584654,0.100000000000
346,train,0.846288573812,93.977828979000,0.903252710592,436,0.569641367807,0.100000000000
347,train,0.697748123436,46.875232697000,0.720600500417,239,0.228523769808,0.100000000000
348,train,0.756713928274,65.764816284000,0.829024186822,554,0.723102585488,0.100000000000
349,train,0.601668056714,32.573326111000,0.613010842369,169,0.113427856547,0.100000000000
350,holdout,0.336613844871,26.098300934000,0.408673894912,552,0.720600500417,0.100000000000
351,validation,0.515179316097,32.362884521000,0.608006672227,860,0.928273561301,0.100000000000
352,holdout,0.656797331109,41.615856171000,0.692243536280,305,0.354462051710,0.100000000000
353,train,0.749958298582,63.308349609000,0.817347789825,511,0.673894912427,0.100000000000
354,holdout,0.485654712260,27.915294647000,0.493744787323,139,0.080900750626,0.100000000000
355,holdout,0.871392827356,112.069305420000,0.925771476230,421,0.543786488741,0.100000000000
356,holdout,0.888156797331,159.555831909000,0.966638865721,622,0.784820683903,0.100000000000
357,train,0.032944120100,21.976978302000,0.105921601334,557,0.729774812344,0.100000000000
358,train,-0.060717264387,20.591373444000,0.034195162636,960,0.949124270225,0.100000000000
359,train,0.536864053378,29.549726486000,0.543786488741,130,0.069224353628,0.100000000000
360,holdout,0.654378648874,45.265243530000,0.709758131776,427,0.553794829024,0.100000000000
361,train,0.507172643870,30.830453873000,0.577981651376,537,0.708090075063,0.100000000000
362,train,0.469557964971,27.692653656000,0.483736447039,192,0.141784820684,0.100000000000
363,train,0.734111759800,66.531639099000,0.831526271893,1100,0.974145120934,0.100000000000
364,train,0.045954962469,22.236862183000,0.136780650542,796,0.908256880734,0.100000000000
365,validation,0.756296914095,60.208442688000,0.807339449541,397,0.510425354462,0.100000000000
366,train,0.765471226022,69.904853821000,0.840700583820,587,0.752293577982,0.100000000000
367,train,0.256964136781,24.542148590000,0.338615512927,651,0.816513761468,0.100000000000
368,train,0.004503753128,19.624738693000,0.007506255213,86,0.030025020851,0.100000000000
369,holdout,0.437948290242,27.102878571000,0.464553794829,259,0.266055045872,0.100000000000
370,train,0.754128440367,62.385650635000,0.814845704754,466,0.607172643870,0.100000000000
371,train,0.932777314429,208.757141113000,0.983319432861,390,0.505421184320,0.100000000000
372,validation,0.311175979983,24.093299866000,0.312760633862,65,0.015846538782,0.100000000000
373,train,0.304503753128,25.326560974000,0.371142618849,510,0.666388657214,0.100000000000
374,train,0.074145120934,22.252727509000,0.139282735613,495,0.651376146789,0.100000000000
375,train,0.373644703920,26.148368835000,0.412010008340,322,0.383653044204,0.100000000000
376,validation,0.862802335279,92.300003052000,0.900750625521,320,0.379482902419,0.100000000000
377,holdout,0.338532110092,24.637706757000,0.341951626355,95,0.034195162636,0.100000000000
378,train,0.330025020851,25.191135406000,0.362802335279,290,0.327773144287,0.100000000000
379,train,0.035195996664,21.093255997000,0.052543786489,210,0.173477898249,0.100000000000
380,validation,0.432026688907,27.773790359000,0.486238532110,419,0.542118432027,0.100000000000
381,train,0.719683069224,51.168407440000,0.749791492911,275,0.301084236864,0.100000000000
382,train,0.095496246872,22.494920731000,0.161801501251,509,0.663052543786,0.100000000000
383,train,0.596663886572,34.480899811000,0.637197664721,333,0.405337781485,0.100000000000
384,train,0.818765638032,72.739501953000,0.860717264387,339,0.419516263553,0.100000000000
385,train,0.583819849875,31.237499237000,0.585487906589,65,0.016680567139,0.100000000000
386,train,0.328023352794,25.900558472000,0.397831526272,531,0.698081734779,0.100000000000
387,train,0.804336947456,71.590270996000,0.849040867389,358,0.447039199333,0.100000000000
388,train,0.951626355296,158.100830078000,0.964970809008,187,0.133444537114,0.100000000000
389,train,0.424770642202,28.153558731000,0.502085070892,605,0.773144286906,0.100000000000
390,train,0.764220183486,71.923736572000,0.850708924103,731,0.864887406172,0.100000000000
391,train,0.333027522936,24.874759674000,0.353628023353,227,0.206005004170,0.100000000000
392,validation,0.438448707256,28.248600006000,0.504587155963,508,0.661384487073,0.100000000000
393,train,0.643119266055,36.271926880000,0.657214345288,191,0.140950792327,0.100000000000
394,validation,0.463469557965,29.173637390000,0.531276063386,513,0.678065054212,0.100000000000
395,train,0.608340283570,33.049613953000,0.624687239366,203,0.163469557965,0.100000000000
396,holdout,0.280150125104,24.092542648000,0.311926605505,284,0.317764804003,0.100000000000
397,holdout,0.308173477898,25.428245544000,0.376146788991,514,0.679733110926,0.100000000000
398,train,0.190408673895,23.664577484000,0.283569641368,875,0.931609674729,0.100000000000
399,holdout,-0.024020016681,18.193758011000,0.000000000000,246,0.240200166806,0.100000000000
400,train,0.463886572143,29.784645081000,0.552126772310,746,0.882402001668,0.100000000000
401,train,0.270892410342,24.474300385000,0.329441201001,447,0.585487906589,0.100000000000
402,train,0.891075896580,151.685989380000,0.959966638866,519,0.688907422852,0.100000000000
403,train,0.354879065888,26.122764587000,0.410341951626,427,0.554628857381,0.100000000000
404,train,0.549791492911,31.259553909000,0.586321934946,309,0.365304420350,0.100000000000
405,train,0.919516263553,155.196258545000,0.963302752294,351,0.437864887406,0.100000000000
406,train,0.244787322769,23.399108887000,0.266055045872,231,0.212677231026,0.100000000000
407,validation,0.818765638032,69.212646484000,0.839032527106,225,0.202668890742,0.100000000000
408,train,0.191659716430,22.808389664000,0.198498748957,129,0.068390325271,0.100000000000
409,train,0.615262718932,34.863227844000,0.643869891576,272,0.286071726439,0.100000000000
410,train,0.850542118432,117.467987061000,0.933277731443,660,0.827356130108,0.100000000000
411,train,0.054795663053,22.070587158000,0.113427856547,447,0.586321934946,0.100000000000
412,validation,0.157714762302,23.273221970000,0.255212677231,1106,0.974979149291,0.100000000000
413,train,-0.086405337781,19.816545486000,0.009174311927,994,0.955796497081,0.100000000000
414,validation,-0.022435362802,21.316600800000,0.061718098415,684,0.841534612177,0.100000000000
415,train,0.011676396997,21.815618515000,0.092577147623,638,0.809007506255,0.100000000000
416,validation,0.252710592160,24.261524200000,0.319432860717,510,0.667222685571,0.100000000000
417,validation,0.569724770642,36.959953308000,0.663886572143,908,0.941618015013,0.100000000000
418,train,0.520683903253,30.973085403000,0.582151793161,470,0.614678899083,0.100000000000
419,holdout,0.638448707256,41.402088165000,0.691409507923,408,0.529608006672,0.100000000000
420,validation,0.498915763136,28.479494095000,0.513761467890,195,0.148457047540,0.100000000000
421,train,-0.031276063386,20.534410477000,0.032527105922,489,0.638031693078,0.100000000000
422,validation,0.785821517932,58.145793915000,0.793994995830,140,0.081734778982,0.100000000000
423,train,0.303169307756,24.518348694000,0.333611342786,276,0.304420350292,0.100000000000
424,validation,0.970725604671,229.710266113000,0.989157631359,217,0.184320266889,0.100000000000
425,holdout,0.212510425354,23.382877350000,0.264386989158,402,0.518765638032,0.100000000000
426,train,0.014345287740,20.169584274000,0.021684737281,132,0.073394495413,0.100000000000
427,train,0.074145120934,22.271862030000,0.140950792327,510,0.668056713928,0.100000000000
428,validation,0.656213511259,48.356460571000,0.727272727273,538,0.710592160133,0.100000000000
429,train,0.115846538782,22.467473984000,0.158465387823,343,0.426188490409,0.100000000000
430,validation,0.395162635530,25.847614288000,0.395329441201,33,0.001668056714,0.100000000000
431,train,0.066055045872,21.740032196000,0.086738949124,227,0.206839032527,0.100000000000
432,train,0.845120934112,116.438949585000,0.932443703086,738,0.873227689741,0.100000000000
433,train,0.529524603837,29.411638260000,0.537948290242,143,0.084236864053,0.100000000000
434,train,0.278899082569,25.422130585000,0.375312760634,1034,0.964136780651,0.100000000000
435,validation,0.142702251877,22.846670151000,0.203502919099,466,0.608006672227,0.100000000000
436,train,0.736113427857,52.218818665000,0.756463719766,226,0.203502919099,0.100000000000
437,train,0.752126772310,53.619285583000,0.769808173478,211,0.176814011676,0.100000000000
438,train,0.251376146789,24.035316467000,0.306922435363,427,0.555462885738,0.100000000000
439,validation,0.398165137615,26.634811401000,0.440366972477,341,0.422018348624,0.100000000000
440,train,0.069224353628,22.182367325000,0.127606338616,446,0.583819849875,0.100000000000
441,train,0.929274395329,125.761688232000,0.941618015013,182,0.123436196831,0.100000000000
442,holdout,-0.011843202669,20.125816345000,0.018348623853,275,0.301918265221,0.100000000000
443,holdout,0.024603836530,22.054504395000,0.110091743119,708,0.854879065888,0.100000000000
444,validation,0.534612176814,29.663782120000,0.550458715596,201,0.158465387823,0.100000000000
445,holdout,0.224270225188,23.525436401000,0.274395329441,388,0.501251042535,0.100000000000
446,validation,0.303919933278,24.430830002000,0.326105087573,236,0.221851542952,0.100000000000
447,holdout,0.358965804837,26.731735229000,0.445371142619,730,0.864053377815,0.100000000000
448,train,0.146538782319,23.074115753000,0.234361968307,743,0.878231859883,0.100000000000
449,train,0.210758965805,24.085664749000,0.310258548791,1491,0.994995829858,0.100000000000
450,train,0.426438698916,27.589719772000,0.481234361968,425,0.547956630525,0.100000000000
451,train,-0.038865721435,20.131368637000,0.019182652210,443,0.580483736447,0.100000000000
452,train,0.694745621351,57.038383484000,0.786488740617,823,0.917431192661,0.100000000000
453,train,0.665554628857,40.827594757000,0.689741451209,247,0.241868223520,0.100000000000
454,holdout,0.157381150959,22.777948380000,0.191826522102,298,0.344453711426,0.100000000000
455,train,-0.020350291910,19.642744064000,0.008340283570,272,0.286905754796,0.100000000000
456,train,0.000166805671,21.640123367000,0.079232693912,626,0.790658882402,0.100000000000
457,train,0.792743953294,58.755836487000,0.797331109258,107,0.045871559633,0.100000000000
458,train,0.711259382819,52.971057892000,0.759799833194,378,0.485404503753,0.100000000000
459,validation,0.781484570475,59.249481201000,0.800667222686,220,0.191826522102,0.100000000000
460,train,0.288573811510,24.187307358000,0.316096747289,267,0.275229357798,0.100000000000
461,train,0.735696413678,67.992828369000,0.835696413678,1735,1.000000000000,0.100000000000
462,train,0.506839032527,28.980140686000,0.524603836530,211,0.177648040033,0.100000000000
463,holdout,0.272894078399,24.661369324000,0.344453711426,544,0.715596330275,0.100000000000
464,train,0.140617180984,22.558164597000,0.165971643036,252,0.253544620517,0.100000000000
465,train,0.594745621351,33.649909973000,0.629691409508,302,0.349457881568,0.100000000000
466,train,0.004003336113,21.543107986000,0.073394495413,529,0.693911592994,0.100000000000
467,train,0.711259382819,59.611022949000,0.804003336113,851,0.927439532944,0.100000000000
468,train,0.128356964137,22.483327866000,0.160967472894,289,0.326105087573,0.100000000000
469,train,-0.008507089241,20.916015625000,0.046705587990,426,0.552126772310,0.100000000000
470,train,-0.027773144287,20.938673019000,0.047539616347,588,0.753127606339,0.100000000000
471,validation,0.272560467056,24.047172546000,0.308590492077,307,0.360300250209,0.100000000000
472,train,0.733944954128,49.164184570000,0.734778982485,50,0.008340283570,0.100000000000
473,train,0.091159299416,22.229354858000,0.135946622185,358,0.447873227690,0.100000000000
474,train,0.836447039199,81.940437317000,0.884904086739,375,0.484570475396,0.100000000000
475,holdout,0.292660550459,25.683250427000,0.388657214345,1015,0.959966638866,0.100000000000
476,validation,0.646455379483,48.557456970000,0.728940783987,659,0.824854045038,0.100000000000
477,train,0.522768974145,30.353084564000,0.566305254379,349,0.435362802335,0.100000000000
478,train,0.082235195997,22.652048111000,0.177648040033,992,0.954128440367,0.100000000000
479,train,0.702502085071,48.711399078000,0.732276897415,274,0.297748123436,0.100000000000
480,train,0.841284403670,110.246093750000,0.922435362802,642,0.811509591326,0.100000000000
481,train,0.141117597998,22.581077576000,0.171809841535,277,0.306922435363,0.100000000000
482,train,-0.030108423686,20.335502625000,0.024186822352,420,0.542952460384,0.100000000000
483,train,0.514428690575,30.820590973000,0.577147623019,479,0.627189324437,0.100000000000
484,holdout,0.837698081735,70.986869812000,0.846538782319,148,0.088407005838,0.100000000000
485,train,0.807506255213,77.186264038000,0.871559633028,490,0.640533778148,0.100000000000
486,holdout,0.584820683903,36.938034058000,0.663052543786,618,0.782318598832,0.100000000000
487,train,0.054628857381,21.694437027000,0.083402835696,272,0.287739783153,0.100000000000
488,validation,0.089491242702,21.948743820000,0.103419516264,190,0.139282735613,0.100000000000
489,train,0.076063386155,22.061471939000,0.111759799833,306,0.356964136781,0.100000000000
490,validation,0.491326105088,29.233299255000,0.532944120100,338,0.416180150125,0.100000000000
491,validation,-0.034778982485,19.610509872000,0.006672226856,336,0.414512093411,0.100000000000
492,holdout,0.762718932444,53.261966705000,0.766472060050,98,0.037531276063,0.100000000000
493,holdout,0.352710592160,25.240879059000,0.367806505421,197,0.150959132611,0.100000000000
494,train,0.144954128440,22.600105286000,0.174311926606,273,0.293577981651,0.100000000000
495,train,0.590992493745,32.635421753000,0.614678899083,244,0.236864053378,0.100000000000
496,validation,0.408423686405,27.836877823000,0.491242702252,660,0.828190158465,0.100000000000
497,validation,0.116847372811,22.377933502000,0.147623019183,277,0.307756463720,0.100000000000
498,train,0.211926605505,23.083831787000,0.236030025021,246,0.241034195163,0.100000000000
499,validation,0.367806505421,26.454368591000,0.428690575480,466,0.608840700584,0.100000000000
500,train,0.499249374479,30.706335068000,0.572977481234,566,0.737281067556,0.100000000000
501,train,0.069641367807,22.105348587000,0.116763969975,367,0.471226021685,0.100000000000
502,train,0.899249374479,142.187408447000,0.955796497081,432,0.565471226022,0.100000000000
503,validation,0.314428690575,24.855052948000,0.351959966639,316,0.375312760634,0.100000000000
504,holdout,0.349541284404,25.505821228000,0.381984987490,288,0.324437030859,0.100000000000
505,train,0.359132610509,26.645883560000,0.441201000834,656,0.820683903253,0.100000000000
506,train,0.394495412844,27.097393036000,0.463719766472,525,0.692243536280,0.100000000000
507,train,0.830608840701,108.190307617000,0.919099249374,755,0.884904086739,0.100000000000
508,train,0.936530442035,152.881256104000,0.960800667223,248,0.242702251877,0.100000000000
509,train,0.479065888240,29.045825958000,0.527105921601,372,0.480400333611,0.100000000000
510,train,0.502001668057,30.045179367000,0.562969140951,467,0.609674728941,0.100000000000
511,train,0.476730608841,29.878604889000,0.553794829024,604,0.770642201835,0.100000000000
512,train,0.394912427023,26.845458984000,0.453711426188,448,0.587989991660,0.100000000000
513,holdout,-0.080066722269,19.831518173000,0.010842368641,797,0.909090909091,0.100000000000
514,train,0.137447873228,22.932392120000,0.211843202669,577,0.743953294412,0.100000000000
515,train,0.043369474562,21.612159729000,0.077564637198,296,0.341951626355,0.100000000000
516,train,0.622768974145,34.572273254000,0.638031693078,198,0.152627189324,0.100000000000
517,validation,0.435112593828,27.953140259000,0.496246872394,469,0.611342785655,0.100000000000
518,train,0.920266889074,130.536529541000,0.945788156797,253,0.255212677231,0.100000000000
519,validation,0.199666388657,23.054588318000,0.230191826522,276,0.305254378649,0.100000000000
520,train,0.537447873228,32.950649261000,0.623019182652,708,0.855713094245,0.100000000000
521,train,0.724937447873,48.555904388000,0.728106755630,88,0.031693077565,0.100000000000
522,validation,0.768640533778,67.196640015000,0.833194328607,493,0.645537948290,0.100000000000
523,train,0.107172643870,22.067403793000,0.112593828190,119,0.054211843203,0.100000000000
524,train,0.675145954962,39.646171570000,0.684737281068,153,0.095913261051,0.100000000000
525,train,0.474812343620,27.414213181000,0.477064220183,78,0.022518765638,0.100000000000
526,holdout,0.050208507089,22.142637253000,0.122602168474,554,0.723936613845,0.100000000000
527,train,-0.043536280234,21.049816132000,0.050875729775,931,0.944120100083,0.100000000000
528,train,0.027606338616,20.912422180000,0.045871559633,213,0.182652210175,0.100000000000
529,holdout,0.960633861551,226.819946289000,0.987489574646,261,0.268557130942,0.100000000000
530,train,-0.023269391159,21.136461258000,0.055879899917,627,0.791492910759,0.100000000000
531,train,0.789908256881,61.167175293000,0.810675562969,227,0.207673060884,0.100000000000
532,train,0.523185988324,32.356441498000,0.607172643870,683,0.839866555463,0.100000000000
533,train,0.440700583820,27.820554733000,0.489574645538,381,0.488740617181,0.100000000000
534,holdout,0.517514595496,30.013111115000,0.560467055880,345,0.429524603837,0.100000000000
535,train,0.094829024187,22.086977005000,0.115929941618,230,0.211009174312,0.100000000000
536,train,-0.063886572143,19.604671478000,0.005838198499,530,0.697247706422,0.100000000000
537,train,0.986572143453,251.826858521000,1.000000000000,187,0.134278565471,0.100000000000
538,train,0.245371142619,23.892116547000,0.298582151793,409,0.532110091743,0.100000000000
539,train,0.825354462052,78.803909302000,0.878231859883,407,0.528773978315,0.100000000000
540,validation,0.394995829858,26.508531570000,0.432860717264,319,0.378648874062,0.100000000000
541,train,0.778065054212,72.185485840000,0.852376980817,575,0.743119266055,0.100000000000
542,validation,0.291659716430,23.813816071000,0.293577981651,75,0.019182652210,0.100000000000
543,train,0.372393661384,25.673168182000,0.386989157631,193,0.145954962469,0.100000000000
544,train,0.973477898249,205.537902832000,0.982485404504,149,0.090075062552,0.100000000000
545,train,0.113010842369,22.209032059000,0.133444537114,226,0.204336947456,0.100000000000
546,train,0.107005838198,22.148811340000,0.123436196831,203,0.164303586322,0.100000000000
547,train,0.364053377815,27.043359756000,0.460383653044,1033,0.963302752294,0.100000000000
548,validation,0.405087572977,26.483844757000,0.431192660550,257,0.261050875730,0.100000000000
549,train,0.585321100917,32.476337433000,0.609674728941,248,0.243536280234,0.100000000000
550,train,0.042452043369,21.806619644000,0.091743119266,383,0.492910758966,0.100000000000
551,train,0.668140116764,37.657169342000,0.668890742285,49,0.007506255213,0.100000000000
552,train,0.237364470392,23.085592270000,0.237698081735,38,0.003336113428,0.100000000000
553,train,0.305671392827,25.432754517000,0.377814845705,553,0.721434528774,0.100000000000
554,train,0.008423686405,21.520038605000,0.072560467056,490,0.641367806505,0.100000000000
555,holdout,0.122268557131,22.261518478000,0.140116763970,211,0.178482068390,0.100000000000
556,train,0.113844870726,22.889188766000,0.205170975813,816,0.913261050876,0.100000000000
557,train,0.958965804837,210.286758423000,0.984987489575,256,0.260216847373,0.100000000000
558,train,0.784653878232,81.337112427000,0.883236030025,1199,0.985821517932,0.100000000000
559,holdout,0.408256880734,26.369771957000,0.425354462052,208,0.170975813178,0.100000000000
560,train,0.894078398666,119.148727417000,0.934945788157,334,0.408673894912,0.100000000000
561,train,0.281401167640,24.150037766000,0.315262718932,295,0.338615512927,0.100000000000
562,validation,0.811926605505,73.812820435000,0.864053377815,403,0.521267723103,0.100000000000
563,validation,0.117681401168,22.545228958000,0.165137614679,368,0.474562135113,0.100000000000
564,validation,0.690992493745,51.643608093000,0.753127606339,473,0.621351125938,0.100000000000
565,train,0.860300250209,112.000991821000,0.924937447873,493,0.646371976647,0.100000000000
566,validation,0.465554628857,28.457736969000,0.511259382819,363,0.457047539616,0.100000000000
567,train,0.829190992494,69.423332214000,0.839866555463,162,0.106755629691,0.100000000000
568,holdout,0.268640533778,23.446964264000,0.271059216013,81,0.024186822352,0.100000000000
569,train,0.636864053378,37.991310120000,0.671392827356,298,0.345287739783,0.100000000000
570,holdout,0.655045871560,40.471248627000,0.688073394495,292,0.330275229358,0.100000000000
571,train,0.151376146789,22.580610275000,0.170975813178,222,0.195996663887,0.100000000000
572,train,0.565804837364,36.654430389000,0.660550458716,945,0.947456213511,0.100000000000
573,train,0.456547122602,27.671878815000,0.482902418682,258,0.263552960801,0.100000000000
574,train,0.903169307756,122.377166748000,0.937447873228,296,0.342785654712,0.100000000000
575,train,0.846205170976,88.005447388000,0.894912427023,379,0.487072560467,0.100000000000
576,train,0.201918265221,23.090074539000,0.238532110092,312,0.366138448707,0.100000000000
577,train,0.161634695580,22.782033920000,0.192660550459,279,0.310258548791,0.100000000000
578,train,0.226522101751,24.134305954000,0.314428690575,743,0.879065888240,0.100000000000
579,train,0.000166805671,20.846271515000,0.042535446205,342,0.423686405338,0.100000000000
580,train,0.177648040033,22.804912567000,0.197664720601,224,0.200166805671,0.100000000000
581,train,0.706005004170,47.710670471000,0.724770642202,218,0.187656380317,0.100000000000
582,train,0.472977481234,28.474105835000,0.512927439533,329,0.399499582986,0.100000000000
583,holdout,0.931776480400,187.314758301000,0.976647206005,358,0.448707256047,0.100000000000
584,validation,0.519599666389,31.480484009000,0.591326105088,546,0.717264386989,0.100000000000
585,train,0.594745621351,32.155864716000,0.603002502085,142,0.082568807339,0.100000000000
586,train,0.410341951626,26.727329254000,0.443703085905,293,0.333611342786,0.100000000000
587,validation,0.056213511259,21.282335281000,0.060884070058,108,0.046705587990,0.100000000000
588,train,-0.051459549625,20.488552094000,0.028356964137,631,0.798165137615,0.100000000000
589,train,0.614845704754,34.969284058000,0.644703919933,274,0.298582151793,0.100000000000
590,train,0.144286905755,22.801050186000,0.195162635530,392,0.508757297748,0.100000000000
591,train,0.226438698916,23.095331192000,0.240200166806,189,0.137614678899,0.100000000000
592,train,0.161718098415,23.231790543000,0.251042535446,765,0.893244370309,0.100000000000
593,holdout,0.208507089241,23.335245132000,0.261050875730,404,0.525437864887,0.100000000000
594,holdout,0.795579649708,76.300079346000,0.867389491243,547,0.718098415346,0.100000000000
595,holdout,0.268557130942,24.699928284000,0.346121768140,607,0.775646371977,0.100000000000
596,holdout,0.653628023353,38.844799042000,0.681401167640,268,0.277731442869,0.100000000000
597,train,0.272810675563,24.540920258000,0.337781484570,494,0.649708090075,0.100000000000
598,train,-0.003002502085,20.362558365000,0.025854879066,272,0.288573811510,0.100000000000
599,validation,0.980400333611,238.148178101000,0.992493744787,181,0.120934111760,0.100000000000
600,validation,0.266305254379,23.903099060000,0.299416180150,292,0.331109257715,0.100000000000
601,holdout,0.876897414512,110.536727905000,0.923269391159,365,0.463719766472,0.100000000000
602,validation,0.081651376147,21.743728638000,0.087572977481,123,0.059216013344,0.100000000000
603,train,0.262802335279,24.316684723000,0.321934945788,451,0.591326105088,0.100000000000
604,validation,0.593494578816,39.880882263000,0.685571309425,835,0.920767306088,0.100000000000
605,validation,0.010258548791,20.795352936000,0.039199332777,272,0.289407839867,0.100000000000
606,train,0.649708090075,37.912616730000,0.670558798999,227,0.208507089241,0.100000000000
607,train,0.232026688907,23.267578125000,0.253544620517,232,0.215179316097,0.100000000000
608,train,0.110758965805,22.441568375000,0.156797331109,364,0.460383653044,0.100000000000
609,train,0.739699749791,53.096809387000,0.763135946622,243,0.234361968307,0.100000000000
610,train,0.294328607173,25.393959045000,0.373644703920,628,0.793160967473,0.100000000000
611,holdout,0.589157631359,33.887939453000,0.633027522936,351,0.438698915763,0.100000000000
612,train,0.755879899917,59.459327698000,0.802335279399,365,0.464553794829,0.100000000000
613,train,0.730442035029,51.415565491000,0.751459549625,228,0.210175145955,0.100000000000
614,train,0.150959132611,23.097545624000,0.241034195163,785,0.900750625521,0.100000000000
615,train,0.019349457882,20.971944809000,0.048373644704,272,0.290241868224,0.100000000000
616,train,0.651376146789,46.896354675000,0.721434528774,533,0.700583819850,0.100000000000
617,train,0.571559633028,31.861711502000,0.597164303586,253,0.256046705588,0.100000000000
618,train,0.735362802335,59.124942780000,0.799833194329,492,0.644703919933,0.100000000000
619,train,0.913844870726,160.853393555000,0.968306922435,423,0.544620517098,0.100000000000
620,train,0.356213511259,25.916610718000,0.399499582986,348,0.432860717264,0.100000000000
621,holdout,0.267055879900,25.117103577000,0.361134278565,906,0.940783986656,0.100000000000
622,train,0.684320266889,50.246749878000,0.743953294412,454,0.596330275229,0.100000000000
623,train,0.111092577148,22.666900635000,0.180984153461,532,0.698915763136,0.100000000000
624,train,0.864470391993,134.348251343000,0.948290241868,681,0.838198498749,0.100000000000
625,train,-0.085154295246,19.575563431000,0.005004170142,786,0.901584653878,0.100000000000
626,holdout,0.451709758132,28.630821228000,0.517097581318,498,0.653878231860,0.100000000000
627,train,0.700500417014,58.027885437000,0.793160967473,849,0.926605504587,0.100000000000
628,train,0.759466221852,62.031967163000,0.814011676397,423,0.545454545455,0.100000000000
629,validation,0.173394495413,22.798524857000,0.194328607173,227,0.209341117598,0.100000000000
630,train,0.135279399500,22.950862885000,0.215179316097,631,0.798999165972,0.100000000000
631,holdout,0.575896580484,35.621608734000,0.649708090075,566,0.738115095913,0.100000000000
632,validation,0.830191826522,84.569641113000,0.889074228524,448,0.588824020017,0.100000000000
633,train,0.583903252711,32.881771088000,0.619683069224,306,0.357798165138,0.100000000000
634,train,-0.020350291910,21.426488876000,0.065054211843,707,0.854045037531,0.100000000000
635,holdout,0.938115095913,186.085784912000,0.975813177648,318,0.376980817348,0.100000000000
636,train,0.416763969975,27.768451691000,0.485404503753,518,0.686405337781,0.100000000000
637,holdout,0.174645537948,23.512611389000,0.273561301084,1335,0.989157631359,0.100000000000
638,train,0.452710592160,29.537780762000,0.542952460384,788,0.902418682235,0.100000000000
639,holdout,0.789324437031,60.317089081000,0.808173477898,218,0.188490408674,0.100000000000
640,validation,0.367055879900,26.045639038000,0.406171809842,327,0.391159299416,0.100000000000
641,train,-0.013177648040,20.987777710000,0.050041701418,484,0.632193494579,0.100000000000
642,train,0.388073394495,26.791549683000,0.447039199333,449,0.589658048374,0.100000000000
643,train,0.279816513761,25.162868500000,0.361968306922,656,0.821517931610,0.100000000000
644,train,0.476146788991,27.839149475000,0.492076730609,201,0.159299416180,0.100000000000
645,train,0.729274395329,51.097171783000,0.748957464554,222,0.196830692244,0.100000000000
646,holdout,0.884570475396,108.748977661000,0.919933277731,304,0.353628023353,0.100000000000
647,holdout,0.201834862385,23.497261047000,0.272727272727,537,0.708924103420,0.100000000000
648,holdout,0.086989157631,22.675769806000,0.182652210175,1004,0.956630525438,0.100000000000
649,train,0.543953294412,30.736776352000,0.575479566305,282,0.315262718932,0.100000000000
650,train,0.825521267723,66.215827942000,0.830692243536,117,0.051709758132,0.100000000000
651,train,0.038281901585,22.172945023000,0.125104253545,733,0.868223519600,0.100000000000
652,train,0.952960800667,209.298446655000,0.984153461218,280,0.311926605505,0.100000000000
653,holdout,0.485988323603,28.383220673000,0.507923269391,234,0.219349457882,0.100000000000
654,train,0.850959132611,104.070892334000,0.914095079233,483,0.631359466222,0.100000000000
655,validation,0.200917431193,23.404701233000,0.266889074229,507,0.659716430359,0.100000000000
656,holdout,0.803669724771,84.348999023000,0.888240200167,694,0.845704753962,0.100000000000
657,train,0.144453711426,22.342710495000,0.146788990826,79,0.023352793995,0.100000000000
658,train,0.435362802335,26.741657257000,0.446205170976,164,0.108423686405,0.100000000000
659,train,0.382652210175,25.949302673000,0.401167639700,217,0.185154295246,0.100000000000
660,train,0.748707256047,57.530929565000,0.789824854045,335,0.411175979983,0.100000000000
661,train,0.470141784821,28.872072220000,0.523769808173,413,0.536280233528,0.100000000000
662,train,0.490158465388,28.784259796000,0.522101751460,285,0.319432860717,0.100000000000
663,holdout,0.474145120934,30.598524094000,0.572143452877,1132,0.979983319433,0.100000000000
664,train,0.654211843203,46.224060059000,0.716430358632,473,0.622185154295,0.100000000000
665,train,0.369974979149,26.584552765000,0.437864887406,513,0.678899082569,0.100000000000
666,train,0.375896580484,26.231014252000,0.415346121768,328,0.394495412844,0.100000000000
667,train,0.375396163470,27.090782166000,0.462885738115,740,0.874895746455,0.100000000000
668,train,0.165137614679,22.819271088000,0.200166805671,302,0.350291909925,0.100000000000
669,validation,0.881150959133,179.061309814000,0.973311092577,838,0.921601334445,0.100000000000
670,validation,0.561384487073,35.399211884000,0.647206005004,713,0.858215179316,0.100000000000
671,train,0.568807339450,31.589305878000,0.593828190158,251,0.250208507089,0.100000000000
672,validation,0.585654712260,34.780517578000,0.643035863219,439,0.573811509591,0.100000000000
673,validation,0.638365304420,36.851428986000,0.662218515430,245,0.238532110092,0.100000000000
674,train,0.569557964971,31.423217773000,0.588824020017,220,0.192660550459,0.100000000000
675,train,-0.049874895746,18.691812515000,0.001668056714,401,0.515429524604,0.100000000000
676,validation,0.090825688073,22.248291016000,0.138448707256,370,0.476230191827,0.100000000000
677,train,0.850875729775,76.100784302000,0.866555462886,199,0.156797331109,0.100000000000
678,train,0.222935779817,23.871971130000,0.296914095079,569,0.739783152627,0.100000000000
679,validation,0.231025854879,23.531570435000,0.276063386155,359,0.450375312761,0.100000000000
680,holdout,0.626188490409,41.663093567000,0.693077564637,510,0.668890742285,0.100000000000
681,train,0.308673894912,24.105720520000,0.313594662219,115,0.049207673061,0.100000000000
682,train,0.753377814846,59.304489136000,0.801501251043,372,0.481234361968,0.100000000000
683,train,0.937447873228,159.047134399000,0.965804837364,271,0.283569641368,0.100000000000
684,train,0.735696413678,50.047782898000,0.742285237698,128,0.065888240200,0.100000000000
685,train,0.067889908257,21.780021667000,0.089241034195,231,0.213511259383,0.100000000000
686,train,0.197414512093,23.208820343000,0.249374478732,402,0.519599666389,0.100000000000
687,train,0.476730608841,28.180942535000,0.502919099249,257,0.261884904087,0.100000000000
688,train,0.560800667223,34.577152252000,0.638865721435,617,0.780650542118,0.100000000000
689,holdout,0.050959132611,22.074769974000,0.114261884904,485,0.633027522936,0.100000000000
690,validation,0.655796497081,50.508243561000,0.746455379483,791,0.906588824020,0.100000000000
691,train,0.741451209341,57.421169281000,0.788990825688,368,0.475396163470,0.100000000000
692,validation,0.016263552961,20.831418991000,0.040033361134,244,0.237698081735,0.100000000000
693,holdout,0.271976647206,23.952695847000,0.301084236864,272,0.291075896580,0.100000000000
694,train,0.467306088407,29.811677933000,0.552960800667,710,0.856547122602,0.100000000000
695,train,0.866388657214,103.441055298000,0.913261050876,366,0.468723936614,0.100000000000
696,validation,0.914845704754,141.325836182000,0.954962468724,330,0.401167639700,0.100000000000
697,train,0.510925771476,29.607175827000,0.547956630525,314,0.370308590492,0.100000000000
698,train,0.476063386155,30.057178497000,0.564637197665,757,0.885738115096,0.100000000000
699,train,0.731943286072,54.156333923000,0.772310258549,332,0.403669724771,0.100000000000
700,train,0.070391993328,22.302856445000,0.143452877398,558,0.730608840701,0.100000000000
701,holdout,0.232443703086,24.488012314000,0.330275229358,1126,0.978315262719,0.100000000000
702,holdout,0.111342785655,22.907815933000,0.210175145955,1268,0.988323603003,0.100000000000
703,holdout,0.793828190158,78.292373657000,0.877397831526,676,0.835696413678,0.100000000000
704,train,0.144787322769,22.893840790000,0.206005004170,469,0.612176814012,0.100000000000
705,train,0.886071726439,109.383529663000,0.920767306088,300,0.346955796497,0.100000000000
706,validation,0.499666388657,28.773365021000,0.521267723103,232,0.216013344454,0.100000000000
707,train,0.149207673061,22.894355774000,0.206839032527,441,0.576313594662,0.100000000000
708,train,0.305838198499,25.573633194000,0.383653044204,611,0.778148457048,0.100000000000
709,train,0.952710592160,226.461318970000,0.986655546289,295,0.339449541284,0.100000000000
710,train,0.931943286072,248.076263428000,0.997497914929,503,0.655546288574,0.100000000000
711,train,0.882485404504,124.960510254000,0.939949958299,439,0.574645537948,0.100000000000
712,train,0.820600500417,67.617530823000,0.834862385321,192,0.142618849041,0.100000000000
713,train,0.504837364470,31.994890213000,0.601334445371,1034,0.964970809008,0.100000000000
714,train,0.561551292744,32.950511932000,0.622185154295,465,0.606338615513,0.100000000000
715,train,0.751292743953,58.742824554000,0.796497080901,360,0.452043369475,0.100000000000
716,train,0.054879065888,21.354410172000,0.063386155129,144,0.085070892410,0.100000000000
717,train,0.424353628023,27.221332550000,0.472060050042,371,0.477064220183,0.100000000000
718,train,0.050959132611,21.483404160000,0.068390325271,210,0.174311926606,0.100000000000
719,validation,0.690241868224,48.588211060000,0.729774812344,328,0.395329441201,0.100000000000
720,train,0.878398665555,102.535995483000,0.911592994162,292,0.331943286072,0.100000000000
721,validation,0.328857381151,26.379047394000,0.426188490409,1098,0.973311092577,0.100000000000
722,train,0.535029190992,31.796298981000,0.596330275229,469,0.613010842369,0.100000000000
723,train,0.550375312761,33.666587830000,0.630525437865,633,0.801501251043,0.100000000000
724,train,0.612844036697,34.120223999000,0.635529608007,238,0.226855713094,0.100000000000
725,holdout,0.012343619683,21.700155258000,0.084236864053,547,0.718932443703,0.100000000000
726,train,0.227689741451,23.405792236000,0.267723102585,329,0.400333611343,0.100000000000
727,holdout,0.157714762302,23.072744370000,0.233527939950,591,0.758131776480,0.100000000000
728,train,0.269391159299,25.194820404000,0.363636363636,926,0.942452043369,0.100000000000
729,train,0.608173477898,36.389247894000,0.658882402002,391,0.507089241034,0.100000000000
730,train,0.333444537114,25.522041321000,0.382819015847,383,0.493744787323,0.100000000000
731,validation,-0.056797331109,20.607275009000,0.035029190992,823,0.918265221018,0.100000000000
732,validation,0.372393661384,25.379795074000,0.372810675563,42,0.004170141785,0.100000000000
733,train,0.911426188490,127.873229980000,0.944120100083,289,0.326939115930,0.100000000000
734,validation,0.029774812344,22.038404465000,0.108423686405,623,0.786488740617,0.100000000000
735,holdout,0.699582985822,45.846015930000,0.713928273561,192,0.143452877398,0.100000000000
736,train,0.721184320267,48.640338898000,0.730608840701,150,0.094245204337,0.100000000000
737,train,0.951876563803,180.847534180000,0.974145120934,236,0.222685571309,0.100000000000
738,train,0.821517931610,88.062202454000,0.895746455379,572,0.742285237698,0.100000000000
739,train,0.532110091743,30.708017349000,0.573811509591,338,0.417014178482,0.100000000000
740,train,0.123436196831,22.899986267000,0.207673060884,686,0.842368640534,0.100000000000
741,train,0.553211009174,30.933128357000,0.580483736447,266,0.272727272727,0.100000000000
742,validation,0.059883236030,21.554676056000,0.075896580484,201,0.160133444537,0.100000000000
743,validation,0.812427022519,100.069839478000,0.908256880734,1013,0.958298582152,0.100000000000
744,holdout,0.739949958299,56.599548340000,0.783986655546,352,0.440366972477,0.100000000000
745,holdout,0.911342785655,134.436752319000,0.949958298582,325,0.386155129274,0.100000000000
746,train,0.581734778982,36.382675171000,0.658048373645,597,0.763135946622,0.100000000000
747,validation,0.634778982485,44.868286133000,0.708924103420,571,0.741451209341,0.100000000000
748,train,0.695996663887,53.069313049000,0.761467889908,498,0.654712260217,0.100000000000
749,validation,0.341367806505,26.553871155000,0.435362802335,905,0.939949958299,0.100000000000
750,validation,0.476480400334,30.108142853000,0.565471226022,761,0.889908256881,0.100000000000
751,train,-0.023853211009,20.883380890000,0.044203502919,514,0.680567139283,0.100000000000
752,train,0.539115929942,34.163887024000,0.636363636364,1096,0.972477064220,0.100000000000
753,train,0.516847372811,31.349008560000,0.587989991660,539,0.711426188490,0.100000000000
754,train,0.045204336947,21.409215927000,0.064220183486,219,0.190158465388,0.100000000000
755,train,0.428190158465,28.639072418000,0.517931609675,772,0.897414512093,0.100000000000
756,train,0.846872393661,90.406188965000,0.899082568807,403,0.522101751460,0.100000000000
757,train,0.558381984987,35.822845459000,0.652210175146,903,0.938281901585,0.100000000000
758,train,0.793244370309,63.956867218000,0.824854045038,282,0.316096747289,0.100000000000
759,train,0.102585487907,22.055006027000,0.110925771476,142,0.083402835696,0.100000000000
760,train,0.280483736447,24.771106720000,0.348623853211,514,0.681401167640,0.100000000000
761,train,0.868974145121,83.192291260000,0.885738115096,205,0.167639699750,0.100000000000
762,train,0.205004170142,22.973497391000,0.217681401168,183,0.126772310259,0.100000000000
763,train,0.058215179316,21.517383575000,0.071726438699,188,0.135112593828,0.100000000000
764,train,0.340283569641,26.556781769000,0.436196830692,1014,0.959132610509,0.100000000000
765,holdout,-0.057964970809,20.192134857000,0.022518765638,635,0.804837364470,0.100000000000
766,train,0.434111759800,27.239875793000,0.473728106756,328,0.396163469558,0.100000000000
767,train,0.621351125938,33.366909027000,0.626355296080,116,0.050041701418,0.100000000000
768,train,0.963552960801,243.048187256000,0.994161801501,276,0.306088407006,0.100000000000
769,train,0.615012510425,38.756149292000,0.679733110926,493,0.647206005004,0.100000000000
770,train,0.435112593828,26.793373108000,0.448707256047,188,0.135946622185,0.100000000000
771,train,0.272727272727,23.849372864000,0.296080066722,242,0.233527939950,0.100000000000
772,train,0.860884070058,105.022674561000,0.915763135947,425,0.548790658882,0.100000000000
773,train,0.674395329441,38.550449371000,0.677231025855,85,0.028356964137,0.100000000000
774,train,0.277898248540,24.396945953000,0.324437030859,365,0.465387823186,0.100000000000
775,train,0.531109257715,29.387546539000,0.537114261885,123,0.060050041701,0.100000000000
776,train,0.078815679733,21.837606430000,0.096747289408,211,0.179316096747,0.100000000000
777,holdout,0.243119266055,24.495708466000,0.331109257715,743,0.879899916597,0.100000000000
778,train,0.490325271059,28.441268921000,0.510425354462,224,0.201000834028,0.100000000000
779,holdout,0.974895746455,246.997665405000,0.996663886572,233,0.217681401168,0.100000000000
780,train,0.329274395329,24.557497025000,0.339449541284,156,0.101751459550,0.100000000000
781,holdout,0.767806505421,58.566131592000,0.795663052544,268,0.278565471226,0.100000000000
782,train,0.002251876564,21.088178635000,0.051709758132,383,0.494578815680,0.100000000000
783,train,0.802418682235,64.206352234000,0.825688073394,241,0.232693911593,0.100000000000
784,holdout,0.774728940784,63.108406067000,0.815679733111,334,0.409507923269,0.100000000000
785,train,0.362051709758,25.470344543000,0.381150959133,219,0.190992493745,0.100000000000
786,train,0.533611342786,32.934246063000,0.621351125938,742,0.877397831526,0.100000000000
787,holdout,0.248957464554,24.502899170000,0.331943286072,663,0.829858215179,0.100000000000
788,train,0.061301084237,22.436864853000,0.154295246038,872,0.929941618015,0.100000000000
789,train,0.210425354462,23.944578171000,0.300250208507,774,0.898248540450,0.100000000000
790,train,0.047623019183,22.086299896000,0.115095913261,511,0.674728940784,0.100000000000
791,train,0.672727272727,38.129238129000,0.674728940784,76,0.020016680567,0.100000000000
792,train,0.291409507923,24.988399506000,0.357798165138,509,0.663886572143,0.100000000000
793,holdout,-0.071142618849,20.023979187000,0.012510425354,678,0.836530442035,0.100000000000
794,train,0.434445371143,28.344951630000,0.507089241034,555,0.726438698916,0.100000000000
795,train,0.257798165138,24.444107056000,0.326939115930,523,0.691409507923,0.100000000000
796,train,0.838198498749,93.620025635000,0.901584653878,485,0.633861551293,0.100000000000
797,train,0.916430358632,197.015579224000,0.977481234362,468,0.610508757298,0.100000000000
798,holdout,0.695996663887,55.282032013000,0.777314428691,649,0.813177648040,0.100000000000
799,train,0.216430358632,23.093349457000,0.239366138449,239,0.229357798165,0.100000000000
800,train,-0.000834028357,20.119720459000,0.016680567139,210,0.175145954962,0.100000000000
801,train,0.728190158465,56.725879669000,0.784820683903,432,0.566305254379,0.100000000000
802,train,0.296080066722,24.511873245000,0.332777314429,312,0.366972477064,0.100000000000
803,holdout,0.083819849875,22.516376495000,0.163469557965,630,0.796497080901,0.100000000000
804,train,0.605754795663,36.019824982000,0.654712260217,381,0.489574645538,0.100000000000
805,validation,0.649291075897,38.416709900000,0.676396997498,265,0.271059216013,0.100000000000
806,train,0.232360300250,23.383735657000,0.265221017515,291,0.328607172644,0.100000000000
807,train,0.331526271893,25.991535187000,0.402835696414,542,0.713094245204,0.100000000000
808,train,0.324937447873,24.728693008000,0.346955796497,234,0.220183486239,0.100000000000
809,train,0.799666388657,78.145751953000,0.876563803169,603,0.768974145121,0.100000000000
810,train,0.455879899917,27.807727814000,0.487906588824,285,0.320266889074,0.100000000000
811,train,0.773894912427,76.903610229000,0.869057547957,973,0.951626355296,0.100000000000
812,validation,0.416263552961,27.724739075000,0.484570475396,515,0.683069224354,0.100000000000
813,train,0.096413678065,22.112548828000,0.117597998332,230,0.211843202669,0.100000000000
814,holdout,0.760300250209,53.748153687000,0.771476230192,168,0.111759799833,0.100000000000
815,train,0.488240200167,29.040275574000,0.526271893244,320,0.380316930776,0.100000000000
816,train,0.108006672227,22.128890991000,0.119266055046,168,0.112593828190,0.100000000000
817,train,0.319432860717,26.161672592000,0.412844036697,883,0.934111759800,0.100000000000
818,train,0.801584653878,60.728439331000,0.809007506255,132,0.074228523770,0.100000000000
819,train,0.543536280234,30.899988174000,0.578815679733,303,0.352793994996,0.100000000000
820,validation,0.071059216013,22.521081924000,0.164303586322,875,0.932443703086,0.100000000000
821,train,0.103669724771,22.272809982000,0.141784820684,321,0.381150959133,0.100000000000
822,train,0.569140950792,32.968719482000,0.623853211009,424,0.547122602168,0.100000000000
823,validation,0.540116763970,29.592761993000,0.547122602168,131,0.070058381985,0.100000000000
824,train,0.700166805671,44.736621857000,0.707256046706,131,0.070892410342,0.100000000000
825,train,0.427105921601,27.820407867000,0.488740617181,471,0.616346955796,0.100000000000
826,train,0.876647206005,97.712127686000,0.906588824020,274,0.299416180150,0.100000000000
827,train,0.796246872394,76.632591248000,0.868223519600,547,0.719766472060,0.100000000000
828,train,0.347956630525,25.203289032000,0.364470391993,203,0.165137614679,0.100000000000
829,holdout,0.334695579650,25.764587402000,0.390325271059,428,0.556296914095,0.100000000000
830,train,0.205170975813,23.083848953000,0.236864053378,283,0.316930775646,0.100000000000
831,holdout,0.015346121768,20.562091827000,0.033361134279,211,0.180150125104,0.100000000000
832,train,0.092076730609,21.835159302000,0.095913261051,98,0.038365304420,0.100000000000
833,holdout,0.135446205171,22.762891769000,0.189324437031,416,0.538782318599,0.100000000000
834,train,0.776146788991,77.867416382000,0.874895746455,1236,0.987489574646,0.100000000000
835,train,0.276563803169,25.404531479000,0.374478732277,1128,0.979149291076,0.100000000000
836,train,-0.031109257715,21.207092285000,0.057547956631,758,0.886572143453,0.100000000000
837,holdout,0.069140950792,21.851383209000,0.097581317765,271,0.284403669725,0.100000000000
838,holdout,-0.037864887406,20.773693085000,0.037531276063,589,0.753961634696,0.100000000000
839,train,0.387739783153,26.598125458000,0.438698915763,392,0.509591326105,0.100000000000
840,train,0.362969140951,27.041893005000,0.459549624687,1038,0.965804837364,0.100000000000
841,train,0.150041701418,22.992053986000,0.223519599666,562,0.734778982485,0.100000000000
842,train,0.086071726439,22.216066360000,0.135112593828,381,0.490408673895,0.100000000000
843,validation,0.463135946622,29.024463654000,0.525437864887,474,0.623019182652,0.100000000000
844,train,0.100333611343,22.125375748000,0.118432026689,211,0.180984153461,0.100000000000
845,train,0.525437864887,30.973747253000,0.582985821518,440,0.575479566305,0.100000000000
846,train,0.616597164304,34.637290955000,0.641367806505,250,0.247706422018,0.100000000000
847,train,0.853794829024,105.847976685000,0.916597164304,479,0.628023352794,0.100000000000
848,train,0.946788990826,203.046966553000,0.980817347790,295,0.340283569641,0.100000000000
849,train,0.718932443703,50.494964600000,0.745621351126,259,0.266889074229,0.100000000000
850,holdout,0.803002502085,63.530387878000,0.819849874896,205,0.168473728107,0.100000000000
851,holdout,0.185654712260,23.602310181000,0.279399499583,901,0.937447873228,0.100000000000
852,train,0.062468723937,21.878646851000,0.099249374479,312,0.367806505421,0.100000000000
853,holdout,0.555212677231,35.783157349000,0.651376146789,1028,0.961634695580,0.100000000000
854,train,0.086822351960,22.660785675000,0.179316096747,845,0.924937447873,0.100000000000
855,train,0.705921601334,45.760177612000,0.713094245204,131,0.071726438699,0.100000000000
856,train,0.357297748123,26.728179932000,0.444537114262,736,0.872393661384,0.100000000000
857,train,0.440950792327,28.482681274000,0.514595496247,565,0.736447039199,0.100000000000
858,train,0.719683069224,53.132480621000,0.764804003336,359,0.451209341118,0.100000000000
859,train,0.238949124270,23.528041840000,0.275229357798,308,0.362802335279,0.100000000000
860,train,0.061384487073,22.139812469000,0.121768140117,463,0.603836530442,0.100000000000
861,train,0.378398665555,26.334079742000,0.422852376981,355,0.444537114262,0.100000000000
862,train,0.024937447873,21.721591949000,0.085070892410,462,0.601334445371,0.100000000000
863,holdout,0.065888240200,21.930076599000,0.101751459550,306,0.358632193495,0.100000000000
864,train,0.181317764804,23.001663208000,0.224353628023,347,0.430358632193,0.100000000000
865,train,0.753127606339,61.579662323000,0.812343619683,451,0.592160133445,0.100000000000
866,train,0.569224353628,33.721866608000,0.632193494579,480,0.629691409508,0.100000000000
867,train,0.512593828190,30.042871475000,0.562135112594,383,0.495412844037,0.100000000000
868,holdout,0.586488740617,37.549419403000,0.668056713928,650,0.815679733111,0.100000000000
869,train,0.408006672227,27.199028015000,0.470391993328,476,0.623853211009,0.100000000000
870,train,0.314178482068,26.028177261000,0.405337781485,815,0.911592994162,0.100000000000
871,train,0.316847372811,24.792102814000,0.350291909925,294,0.334445371143,0.100000000000
872,validation,0.133861551293,22.590471268000,0.172643869892,326,0.387823185988,0.100000000000
873,train,0.516847372811,29.890163422000,0.554628857381,318,0.377814845705,0.100000000000
874,holdout,0.171059216013,22.991512299000,0.222685571309,401,0.516263552961,0.100000000000
875,train,0.932193494579,143.179489136000,0.956630525438,248,0.244370308590,0.100000000000
876,validation,0.643286071726,42.203708649000,0.695579649708,403,0.522935779817,0.100000000000
877,holdout,0.468056713928,29.956333160000,0.557964970809,775,0.899082568807,0.100000000000
878,train,0.665387823186,50.040809631000,0.741451209341,593,0.760633861551,0.100000000000
879,train,0.705671392827,49.737316132000,0.739783152627,295,0.341117597998,0.100000000000
880,train,0.168306922435,23.311946869000,0.257714762302,766,0.894078398666,0.100000000000
881,validation,0.502085070892,31.093544006000,0.584653878232,659,0.825688073394,0.100000000000
882,train,0.406839032527,27.235050201000,0.472894078399,507,0.660550458716,0.100000000000
883,holdout,0.800834028357,81.529754639000,0.884070058382,666,0.832360300250,0.100000000000
884,validation,0.672560467056,45.518024445000,0.711426188490,326,0.388657214345,0.100000000000
885,train,0.680817347790,42.644863129000,0.698081734779,209,0.172643869892,0.100000000000
886,validation,0.593994995830,32.838344574000,0.618849040867,250,0.248540450375,0.100000000000
887,train,0.667222685571,53.113712311000,0.763969974979,1064,0.967472894078,0.100000000000
888,train,0.936697247706,149.561676025000,0.959132610509,237,0.224353628023,0.100000000000
889,train,0.655462885738,44.784378052000,0.708090075063,404,0.526271893244,0.100000000000
890,holdout,0.490408673895,28.473762512000,0.512093411176,232,0.216847372811,0.100000000000
891,train,0.978648874062,246.823104858000,0.995829858215,208,0.171809841535,0.100000000000
892,train,0.754128440367,57.979438782000,0.792326939116,321,0.381984987490,0.100000000000
893,train,0.581401167640,31.865198135000,0.597998331943,203,0.165971643036,0.100000000000
894,train,0.358882402002,26.003292084000,0.404503753128,362,0.456213511259,0.100000000000
895,train,0.619849874896,43.015689850000,0.700583819850,637,0.807339449541,0.100000000000
896,holdout,0.864220183486,77.014648438000,0.869891576314,121,0.056713928274,0.100000000000
897,train,0.868473728107,112.584289551000,0.928273561301,457,0.597998331943,0.100000000000
898,holdout,0.123936613845,22.381385803000,0.148457047540,248,0.245204336947,0.100000000000
899,train,0.625354462052,36.454647064000,0.659716430359,297,0.343619683069,0.100000000000
900,train,0.063969974979,21.611352921000,0.076730608841,183,0.127606338616,0.100000000000
901,holdout,0.615179316097,37.160125732000,0.666388657214,399,0.512093411176,0.100000000000
902,train,0.403169307756,26.620994568000,0.439532944120,308,0.363636363636,0.100000000000
903,train,0.871392827356,112.325103760000,0.927439532944,430,0.560467055880,0.100000000000
904,validation,0.710341951626,55.763214111000,0.779816513761,529,0.694745621351,0.100000000000
905,validation,0.771559633028,55.903396606000,0.781484570475,155,0.099249374479,0.100000000000
906,holdout,0.630859049208,46.866531372000,0.719766472060,760,0.889074228524,0.100000000000
907,train,-0.065888240200,20.108060837000,0.015846538782,651,0.817347789825,0.100000000000
908,train,0.533778148457,31.928230286000,0.598832360300,494,0.650542118432,0.100000000000
909,train,0.674812343620,40.434654236000,0.687239366138,182,0.124270225188,0.100000000000
910,train,0.737948290242,65.939186096000,0.829858215179,829,0.919099249374,0.100000000000
911,train,0.821601334445,84.812438965000,0.891576313595,532,0.699749791493,0.100000000000
912,train,0.180900750626,23.235771179000,0.251876563803,537,0.709758131776,0.100000000000
913,validation,0.449207673061,28.279537201000,0.506255212677,436,0.570475396163,0.100000000000
914,holdout,0.246622185154,24.382995605000,0.323603002502,603,0.769808173478,0.100000000000
915,train,0.896330275229,137.406433105000,0.952460383653,430,0.561301084237,0.100000000000
916,train,0.330025020851,25.868137360000,0.396997497915,510,0.669724770642,0.100000000000
917,validation,0.917597998332,199.535675049000,0.979149291076,470,0.615512927440,0.100000000000
918,train,0.051542952460,21.439558029000,0.066722268557,197,0.151793160967,0.100000000000
919,train,0.504253544621,29.576042175000,0.545454545455,335,0.412010008340,0.100000000000
920,holdout,0.925271059216,197.684814453000,0.978315262719,408,0.530442035029,0.100000000000
921,train,0.115763135947,22.382240295000,0.149291075897,294,0.335279399500,0.100000000000
922,train,0.479399499583,28.749811172000,0.519599666389,330,0.402001668057,0.100000000000
923,train,0.906839032527,127.717330933000,0.943286071726,308,0.364470391993,0.100000000000
924,train,0.220183486239,23.635450363000,0.281901584654,471,0.617180984153,0.100000000000
925,train,0.563886572143,32.250938416000,0.606338615513,342,0.424520433695,0.100000000000
926,train,0.284653878232,24.012529373000,0.306088407006,231,0.214345287740,0.100000000000
927,train,0.075145954962,22.559244156000,0.166805671393,818,0.916597164304,0.100000000000
928,holdout,0.890825688073,135.623550415000,0.950792326939,458,0.599666388657,0.100000000000
929,train,0.196330275229,23.749069214000,0.289407839867,873,0.930775646372,0.100000000000
930,train,0.784820683903,77.674934387000,0.873227689741,749,0.884070058382,0.100000000000
931,train,0.067723102585,22.129076004000,0.120100083403,403,0.523769808173,0.100000000000
932,train,0.502418682235,29.422782898000,0.539616346956,315,0.371976647206,0.100000000000
933,train,0.403502919099,28.078384399000,0.500417014178,1070,0.969140950792,0.100000000000
934,train,0.854712260217,125.260787964000,0.940783986656,720,0.860717264387,0.100000000000
935,validation,0.490909090909,29.985992432000,0.559633027523,518,0.687239366138,0.100000000000
936,validation,0.396830692244,27.530387878000,0.478732276897,654,0.819015846539,0.100000000000
937,validation,0.503669724771,29.108268738000,0.528773978315,251,0.251042535446,0.100000000000
938,train,0.821017514595,88.420120239000,0.897414512093,598,0.763969974979,0.100000000000
939,train,-0.009174311927,18.927139282000,0.003336113428,182,0.125104253545,0.100000000000
940,train,0.616096747289,38.274955750000,0.675562969141,452,0.594662218515,0.100000000000
941,train,0.447706422018,27.189031601000,0.469557964971,233,0.218515429525,0.100000000000
942,train,-0.041951626355,19.380163193000,0.004170141785,364,0.461217681401,0.100000000000
943,train,0.439282735613,26.860662460000,0.455379482902,201,0.160967472894,0.100000000000
944,holdout,0.125104253545,22.623617172000,0.176814011676,401,0.517097581318,0.100000000000
945,train,0.471059216013,30.419807434000,0.568807339450,1123,0.977481234362,0.100000000000
946,train,0.687489574646,51.550659180000,0.752293577982,493,0.648040033361,0.100000000000
947,validation,0.644787322769,43.744655609000,0.703085904921,445,0.582985821518,0.100000000000
948,validation,0.710925771476,53.402790070000,0.768140116764,438,0.572143452877,0.100000000000
949,holdout,0.635446205171,42.589126587000,0.697247706422,471,0.618015012510,0.100000000000
950,validation,-0.007923269391,21.685239792000,0.081734778982,770,0.896580483736,0.100000000000
951,train,0.855963302752,97.427841187000,0.905754795663,386,0.497914929108,0.100000000000
952,train,0.377648040033,26.988689423000,0.457881567973,633,0.802335279399,0.100000000000
953,train,0.671643035863,38.829055786000,0.680567139283,148,0.089241034195,0.100000000000
954,train,0.404170141785,27.204977036000,0.471226021685,510,0.670558798999,0.100000000000
955,train,0.315679733111,25.778659821000,0.391159299416,589,0.754795663053,0.100000000000
956,train,0.418265221018,27.971050262000,0.497080900751,625,0.788156797331,0.100000000000
957,train,0.517597998332,32.617996216000,0.613844870726,1028,0.962468723937,0.100000000000
958,validation,0.039699749791,21.821334839000,0.093411175980,413,0.537114261885,0.100000000000
959,train,0.363386155129,26.128665924000,0.411175979983,371,0.477898248540,0.100000000000
960,train,0.752877397832,55.170505524000,0.775646371977,238,0.227689741451,0.100000000000
961,train,0.569474562135,34.056243896000,0.634695579650,495,0.652210175146,0.100000000000
962,train,0.204670558799,23.144079208000,0.244370308590,328,0.396997497915,0.100000000000
963,train,0.937781484570,154.166305542000,0.962468723937,249,0.246872393661,0.100000000000
964,train,0.817180984153,72.490875244000,0.858215179316,334,0.410341951626,0.100000000000
965,validation,0.731359466222,63.165855408000,0.816513761468,705,0.851542952460,0.100000000000
966,train,0.236363636364,24.089910507000,0.311092577148,581,0.747289407840,0.100000000000
967,train,0.141117597998,22.559427261000,0.168473728107,266,0.273561301084,0.100000000000
968,train,0.760467055880,63.323848724000,0.818181818182,441,0.577147623019,0.100000000000
969,train,0.167389491243,23.303325653000,0.256880733945,767,0.894912427023,0.100000000000
970,holdout,0.365471226022,26.657527924000,0.442035029191,601,0.765638031693,0.100000000000
971,train,0.587739783153,31.988634109000,0.599666388657,176,0.119266055046,0.100000000000
972,train,0.584487072560,35.587928772000,0.648874061718,491,0.643869891576,0.100000000000
973,validation,0.914011676397,173.849853516000,0.972477064220,446,0.584653878232,0.100000000000
974,train,0.221267723103,23.710641861000,0.286905754796,503,0.656380316931,0.100000000000
975,train,0.959633027523,168.522659302000,0.971643035863,178,0.120100083403,0.100000000000
976,holdout,0.011426188490,20.840614319000,0.040867389491,273,0.294412010008,0.100000000000
977,train,0.499582985822,28.429737091000,0.509591326105,155,0.100083402836,0.100000000000
978,train,0.812760633862,63.761833191000,0.821517931610,146,0.087572977481,0.100000000000
979,holdout,0.982568807339,236.530471802000,0.991659716430,149,0.090909090909,0.100000000000
980,train,0.515179316097,29.194948196000,0.532110091743,205,0.169307756464,0.100000000000
981,validation,-0.087656380317,19.817968369000,0.010008340284,1122,0.976647206005,0.100000000000
982,train,0.097247706422,21.935083389000,0.102585487907,118,0.053377814846,0.100000000000
983,train,0.220934111760,23.964221954000,0.301918265221,639,0.809841534612,0.100000000000
984,holdout,0.451042535446,26.836668015000,0.452043369475,53,0.010008340284,0.100000000000
985,train,0.808673894912,63.454261780000,0.819015846539,157,0.103419516264,0.100000000000
986,train,0.603669724771,33.592361450000,0.628857381151,251,0.251876563803,0.100000000000
987,train,0.148874061718,22.670164108000,0.181818181818,291,0.329441201001,0.100000000000
988,train,0.978648874062,249.152069092000,0.999165971643,226,0.205170975813,0.100000000000
989,train,0.141868223520,23.062292099000,0.231859883236,776,0.899916597164,0.100000000000
990,train,0.020016680567,21.834920883000,0.095079232694,586,0.750625521268,0.100000000000
991,train,0.700000000000,51.200717926000,0.750625521268,390,0.506255212677,0.100000000000
992,train,0.257714762302,23.752073288000,0.290241868224,288,0.325271059216,0.100000000000
993,train,0.484236864053,29.276142120000,0.534612176814,389,0.503753127606,0.100000000000
994,train,0.794078398666,63.795433044000,0.822351959967,270,0.282735613011,0.100000000000
995,train,0.355879899917,26.797355652000,0.450375312761,935,0.944954128440,0.100000000000
996,holdout,0.692493744787,49.223617554000,0.735613010842,347,0.431192660550,0.100000000000
997,train,0.945871559633,153.625686646000,0.961634695580,199,0.157631359466,0.100000000000
998,validation,0.179316096747,22.714382172000,0.186822351960,134,0.075062552127,0.100000000000
999,train,0.863052543786,139.630218506000,0.954128440367,802,0.910758965805,0.100000000000
1000,train,0.214845704754,23.836822510000,0.295246038365,634,0.804003336113,0.100000000000
1001,train,0.323603002502,24.862800598000,0.352793994996,272,0.291909924937,0.100000000000
1002,train,0.778065054212,77.630340576000,0.872393661384,927,0.943286071726,0.100000000000
1003,validation,0.980733944954,238.417724609000,0.993327773144,182,0.125938281902,0.100000000000
1004,train,0.784236864053,57.385005951000,0.788156797331,98,0.039199332777,0.100000000000
1005,train,0.489241034195,29.658203125000,0.548790658882,453,0.595496246872,0.100000000000
1006,train,0.703002502085,53.085594177000,0.762301918265,451,0.592994161802,0.100000000000
1007,train,0.287656380317,25.213294983000,0.365304420350,608,0.776480400334,0.100000000000
1008,train,0.340700583820,26.110240936000,0.409507923269,518,0.688073394495,0.100000000000
1009,validation,0.135195996664,22.595903397000,0.173477898249,321,0.382819015847,0.100000000000
1010,train,0.563803169308,32.545513153000,0.612176814012,374,0.483736447039,0.100000000000
1011,holdout,0.401251042535,27.136814117000,0.467055879900,506,0.658048373645,0.100000000000
1012,train,0.122351959967,22.186225891000,0.130108423686,135,0.077564637198,0.100000000000
1013,train,0.857881567973,83.305915833000,0.887406171810,273,0.295246038365,0.100000000000
1014,holdout,0.476647206005,30.049402237000,0.563803169308,735,0.871559633028,0.100000000000
1015,holdout,0.676146788991,48.926174164000,0.733944954128,441,0.577981651376,0.100000000000
1016,train,0.674645537948,52.411399841000,0.757297748123,659,0.826522101751,0.100000000000
1017,train,0.520266889074,30.463233948000,0.570475396163,388,0.502085070892,0.100000000000
1018,train,0.851793160967,72.793373108000,0.861551292744,154,0.097581317765,0.100000000000
1019,train,0.055129274395,21.901199341000,0.100917431193,363,0.457881567973,0.100000000000
1020,train,0.828690575480,89.521003723000,0.898248540450,529,0.695579649708,0.100000000000
1021,train,0.256463719766,23.733802795000,0.288573811510,285,0.321100917431,0.100000000000
1022,train,0.381234361968,26.431213379000,0.427856547123,365,0.466221851543,0.100000000000
1023,train,-0.062552126772,20.362514496000,0.025020850709,740,0.875729774812,0.100000000000
1024,train,0.815929941618,88.135200500000,0.896580483736,636,0.806505421184,0.100000000000
1025,train,0.716597164304,47.413585663000,0.723102585488,127,0.065054211843,0.100000000000
1026,train,0.109090909091,22.201074600000,0.132610508757,243,0.235195996664,0.100000000000
1027,train,0.768056713928,59.507137299000,0.803169307756,302,0.351125938282,0.100000000000
1028,train,0.409507923269,26.843662262000,0.452877397832,348,0.433694745621,0.100000000000
1029,train,0.305087572977,25.903392792000,0.398665554629,892,0.935779816514,0.100000000000
1030,train,0.195746455379,23.158704758000,0.246038365304,388,0.502919099249,0.100000000000
1031,train,0.950542118432,235.740463257000,0.990825688073,330,0.402835696414,0.100000000000
1032,holdout,0.840366972477,72.315589905000,0.855713094245,198,0.153461217681,0.100000000000
1033,train,0.315346121768,26.223178864000,0.414512093411,1445,0.991659716430,0.100000000000
1034,train,0.428773978315,28.508373260000,0.515429524604,732,0.866555462886,0.100000000000
1035,holdout,0.727022518766,48.743240356000,0.733110925771,124,0.060884070058,0.100000000000
1036,train,0.338031693078,26.302227020000,0.420350291910,657,0.823185988324,0.100000000000
1037,train,0.727022518766,59.782020569000,0.806505421184,629,0.794829024187,0.100000000000
1038,holdout,0.345871559633,26.497177124000,0.432026688907,722,0.861551292744,0.100000000000
1039,validation,0.711342785655,55.846511841000,0.780650542118,528,0.693077564637,0.100000000000
1040,train,0.754045037531,58.829391479000,0.798165137615,352,0.441201000834,0.100000000000
1041,train,0.371476230192,26.798450470000,0.451209341118,630,0.797331109258,0.100000000000
1042,train,0.001668056714,21.458461761000,0.067556296914,506,0.658882402002,0.100000000000
1043,train,0.096246872394,22.666624069000,0.180150125104,681,0.839032527106,0.100000000000
1044,train,0.677481234362,46.588520050000,0.718098415346,333,0.406171809842,0.100000000000
1045,train,0.726355296080,51.885921478000,0.753961634696,267,0.276063386155,0.100000000000
1046,validation,0.169057547957,22.845441818000,0.202668890742,294,0.336113427857,0.100000000000
1047,train,0.666555462886,48.100597382000,0.725604670559,449,0.590492076731,0.100000000000
1048,train,0.341284403670,25.231781006000,0.366972477064,253,0.256880733945,0.100000000000
1049,train,0.522185154295,32.541854858000,0.611342785655,763,0.891576313595,0.100000000000
1050,validation,0.466472060050,30.014354706000,0.561301084237,945,0.948290241868,0.100000000000
1051,validation,0.354712260217,25.786632538000,0.391993327773,315,0.372810675563,0.100000000000
1052,train,0.173978315263,23.346271515000,0.262718932444,758,0.887406171810,0.100000000000
1053,train,0.167889908257,23.007158279000,0.225187656380,438,0.572977481234,0.100000000000
1054,train,0.537698081735,33.393127441000,0.628023352794,788,0.903252710592,0.100000000000
1055,validation,0.850041701418,100.935630798000,0.909924937448,457,0.598832360300,0.100000000000
1056,train,0.537030859049,32.184535980000,0.604670558799,512,0.676396997498,0.100000000000
1057,train,-0.043035863219,20.623203278000,0.035863219349,625,0.788990825688,0.100000000000
1058,validation,0.304086738949,24.907890320000,0.356130108424,402,0.520433694746,0.100000000000
1059,train,0.632026688907,46.491573334000,0.717264386989,706,0.852376980817,0.100000000000
1060,validation,0.549541284404,35.467453003000,0.648040033361,1182,0.984987489575,0.100000000000
1061,holdout,0.152877397832,22.700017929000,0.184320266889,281,0.314428690575,0.100000000000
1062,train,0.193828190158,23.533519745000,0.276897414512,663,0.830692243536,0.100000000000
1063,train,0.603669724771,32.673141479000,0.615512927440,175,0.118432026689,0.100000000000
1064,train,0.436196830692,26.792346954000,0.447873227690,172,0.116763969975,0.100000000000
1065,train,0.313010842369,25.215553284000,0.366138448707,408,0.531276063386,0.100000000000
1066,train,0.190075062552,23.568048477000,0.277731442869,741,0.876563803169,0.100000000000
1067,train,0.709591326105,54.392845154000,0.773144286906,486,0.635529608007,0.100000000000
1068,train,0.816180150125,63.823783875000,0.824020016681,135,0.078398665555,0.100000000000
1069,train,0.415012510425,26.284755707000,0.419516263553,103,0.045037531276,0.100000000000
1070,train,0.359633027523,27.018693924000,0.458715596330,1378,0.990825688073,0.100000000000
1071,train,0.856213511259,94.197875977000,0.904086738949,371,0.478732276897,0.100000000000
1072,train,0.333277731443,25.437149048000,0.378648874062,361,0.453711426188,0.100000000000
1073,holdout,0.824520433695,77.128387451000,0.870725604671,364,0.462051709758,0.100000000000
1074,train,0.139532944120,23.061399460000,0.231025854879,817,0.914929107590,0.100000000000
1075,validation,0.605921601334,38.092494965000,0.673060884070,510,0.671392827356,0.100000000000
1076,train,0.879232693912,112.603347778000,0.929107589658,386,0.498748957465,0.100000000000
1077,train,0.527189324437,32.230674744000,0.605504587156,618,0.783152627189,0.100000000000
1078,train,0.530191826522,29.662340164000,0.549624687239,221,0.194328607173,0.100000000000
1079,train,0.462552126772,28.717250824000,0.518765638032,430,0.562135112594,0.100000000000
1080,train,0.312260216847,25.437576294000,0.379482902419,510,0.672226855713,0.100000000000
1081,train,0.338698915763,26.430713654000,0.427022518766,746,0.883236030025,0.100000000000
1082,train,0.876146788991,102.196357727000,0.910758965805,298,0.346121768140,0.100000000000
1083,train,0.026605504587,21.324796677000,0.062552126772,306,0.359466221852,0.100000000000
1084,validation,0.607839866555,40.699584961000,0.688907422852,641,0.810675562969,0.100000000000
1085,train,0.070058381985,21.502872467000,0.070058381985,14,0.000000000000,0.100000000000
1086,train,0.510675562969,29.136980057000,0.530442035029,222,0.197664720601,0.100000000000
1087,train,0.388240200167,26.247417450000,0.416180150125,268,0.279399499583,0.100000000000
1088,validation,0.645287739783,35.622962952000,0.650542118432,117,0.052543786489,0.100000000000
1089,train,0.072727272727,22.184936523000,0.128440366972,428,0.557130942452,0.100000000000
1090,train,0.165721434529,22.907382965000,0.209341117598,349,0.436196830692,0.100000000000
1091,train,0.681734778982,52.206874847000,0.755629691410,566,0.738949124270,0.100000000000
1092,train,0.216430358632,23.683906555000,0.286071726439,529,0.696413678065,0.100000000000
1093,validation,0.961301084237,182.245422363000,0.974979149291,188,0.136780650542,0.100000000000
1094,train,0.248540450375,24.215761185000,0.316930775646,516,0.683903252711,0.100000000000
1095,train,0.218682235196,23.968433380000,0.302752293578,683,0.840700583820,0.100000000000
1096,train,0.680066722269,38.867172241000,0.682235195997,77,0.021684737281,0.100000000000
1097,train,0.225354462052,23.441543579000,0.268557130942,347,0.432026688907,0.100000000000
1098,train,0.138949124270,22.966793060000,0.216847372811,612,0.778982485405,0.100000000000
1099,train,0.676814011676,39.477108002000,0.683069224354,125,0.062552126772,0.100000000000
1100,train,0.052543786489,21.692573547000,0.082568807339,274,0.300250208507,0.100000000000
1101,train,0.986155129274,248.752014160000,0.998331943286,181,0.121768140117,0.100000000000
1102,validation,0.538698915763,29.436153412000,0.541284403670,84,0.025854879066,0.100000000000
1103,train,0.828190158465,106.353958130000,0.917431192661,763,0.892410341952,0.100000000000
1104,validation,0.302919099249,23.990097046000,0.303586321935,48,0.006672226856,0.100000000000
1105,train,0.724186822352,55.310260773000,0.778148457048,416,0.539616346956,0.100000000000
1106,train,0.152960800667,23.244388580000,0.252710592160,1522,0.997497914929,0.100000000000
1107,train,0.452043369475,26.855155945000,0.454545454545,83,0.025020850709,0.100000000000
1108,holdout,0.454045037531,29.513744354000,0.542118432027,744,0.880733944954,0.100000000000
1109,holdout,0.726939115930,50.177780151000,0.743119266055,201,0.161801501251,0.100000000000
1110,train,0.259549624687,24.845092773000,0.351125938282,817,0.915763135947,0.100000000000
1111,validation,0.549791492911,32.179466248000,0.603836530442,418,0.540450375313,0.100000000000
1112,holdout,0.223019182652,24.315301895000,0.321100917431,1134,0.980817347790,0.100000000000
1113,validation,0.051042535446,21.549413681000,0.074228523770,240,0.231859883236,0.100000000000
1114,holdout,0.650208507089,39.633483887000,0.683903252711,294,0.336947456214,0.100000000000
1115,train,0.697664720601,49.668315887000,0.738949124270,335,0.412844036697,0.100000000000
1116,validation,0.664053377815,42.304748535000,0.696413678065,287,0.323603002502,0.100000000000
1117,train,0.834695579650,87.199417114000,0.894078398666,451,0.593828190158,0.100000000000
1118,train,-0.007256046706,21.432718277000,0.065888240200,559,0.731442869058,0.100000000000
1119,train,0.950375312761,204.684219360000,0.981651376147,280,0.312760633862,0.100000000000
1120,train,0.280233527940,25.091976166000,0.358632193495,618,0.783986655546,0.100000000000
1121,validation,0.063052543786,22.283630371000,0.142618849041,629,0.795663052544,0.100000000000
1122,holdout,0.275479566305,23.614158630000,0.280233527940,113,0.047539616347,0.100000000000
1123,holdout,0.343703085905,24.898948669000,0.354462051710,162,0.107589658048,0.100000000000
1124,train,0.837614678899,96.084304810000,0.904920767306,510,0.673060884070,0.100000000000
1125,validation,0.247789824854,24.631477356000,0.341117597998,875,0.933277731443,0.100000000000
1126,train,0.071893244370,22.051288605000,0.109257714762,315,0.373644703920,0.100000000000
1127,train,0.855796497081,77.992301941000,0.875729774812,223,0.199332777314,0.100000000000
1128,train,0.164804003336,22.903270721000,0.208507089241,350,0.437030859049,0.100000000000
1129,train,0.532443703086,30.920146942000,0.579649708090,367,0.472060050042,0.100000000000
1130,train,0.169307756464,22.958126068000,0.216013344454,365,0.467055879900,0.100000000000
1131,holdout,0.787322768974,73.806503296000,0.863219349458,592,0.758965804837,0.100000000000
1132,train,0.311175979983,25.679611206000,0.387823185988,601,0.766472060050,0.100000000000
1133,train,0.685154295246,46.639335632000,0.718932443703,294,0.337781484570,0.100000000000
1134,train,0.833527939950,107.486587524000,0.918265221018,698,0.847372810676,0.100000000000
1135,train,0.293828190158,25.810630798000,0.393661384487,1688,0.998331943286,0.100000000000
1136,train,0.960383653044,232.180816650000,0.989991659716,273,0.296080066722,0.100000000000
1137,train,0.651793160967,35.976108551000,0.653878231860,76,0.020850708924,0.100000000000
1138,train,0.353377814846,26.269710541000,0.417014178482,486,0.636363636364,0.100000000000
1139,validation,0.239949958299,23.315614700000,0.258548790659,217,0.185988323603,0.100000000000
1140,train,0.038365304420,22.153446198000,0.124270225188,716,0.859049207673,0.100000000000
1141,train,0.088990825688,22.311313629000,0.144286905755,426,0.552960800667,0.100000000000
1142,train,0.761050875730,56.443016052000,0.783152627189,234,0.221017514595,0.100000000000
1143,train,0.852293577982,84.669151306000,0.889908256881,317,0.376146788991,0.100000000000
1144,holdout,0.207422852377,24.002010345000,0.304420350292,1072,0.969974979149,0.100000000000
1145,train,0.410675562969,26.693710327000,0.442869057548,286,0.321934945788,0.100000000000
1146,train,0.689157631359,48.660549164000,0.731442869058,341,0.422852376981,0.100000000000
1147,train,0.160133444537,22.565454483000,0.169307756464,149,0.091743119266,0.100000000000
1148,train,0.676230191827,38.736316681000,0.678899082569,84,0.026688907423,0.100000000000
1149,train,0.298331943286,24.472652435000,0.328607172644,275,0.302752293578,0.100000000000
1150,train,0.179149291076,22.770143509000,0.190158465388,165,0.110091743119,0.100000000000
1151,holdout,0.716180150125,53.315711975000,0.767306088407,398,0.511259382819,0.100000000000
1152,train,0.322018348624,25.837764740000,0.394495412844,554,0.724770642202,0.100000000000
1153,train,0.719015846539,58.906135559000,0.798999165972,632,0.799833194329,0.100000000000
1154,holdout,0.421684737281,27.578462601000,0.480400333611,447,0.587155963303,0.100000000000
1155,train,0.382235195997,26.455663681000,0.429524603837,367,0.472894078399,0.100000000000
1156,train,0.170975813178,23.443103790000,0.269391159299,1178,0.984153461218,0.100000000000
1157,train,0.143786488741,22.454853058000,0.157631359466,189,0.138448707256,0.100000000000
1158,train,0.752210175146,65.107658386000,0.827356130108,586,0.751459549625,0.100000000000
1159,holdout,0.863803169308,122.607269287000,0.938281901585,578,0.744787322769,0.100000000000
1160,train,0.148874061718,22.984348297000,0.219349457882,536,0.704753961635,0.100000000000
1161,train,0.593327773144,32.910026550000,0.620517097581,265,0.271893244370,0.100000000000
1162,holdout,0.593911592994,37.097633362000,0.665554628857,544,0.716430358632,0.100000000000
1163,train,0.834612176814,79.594146729000,0.879899916597,360,0.452877397832,0.100000000000
1164,train,0.549040867389,31.991241455000,0.600500417014,400,0.514595496247,0.100000000000
1165,train,0.798165137615,70.358131409000,0.844036697248,363,0.458715596330,0.100000000000
1166,holdout,0.420266889074,26.465507507000,0.430358632193,155,0.100917431193,0.100000000000
1167,train,0.775979983319,72.016769409000,0.851542952460,589,0.755629691410,0.100000000000
1168,train,0.587906588824,36.053886414000,0.656380316931,516,0.684737281068,0.100000000000
1169,train,0.414762301918,26.795686722000,0.449541284404,300,0.347789824854,0.100000000000
1170,train,0.167889908257,23.139648438000,0.242702251877,581,0.748123436197,0.100000000000
1171,train,0.924770642202,160.669052124000,0.967472894078,343,0.427022518766,0.100000000000
1172,train,0.582151793161,34.775966644000,0.642201834862,458,0.600500417014,0.100000000000
1173,train,0.764553794829,61.175407410000,0.811509591326,366,0.469557964971,0.100000000000
1174,train,0.543202668891,31.293952942000,0.587155963303,351,0.439532944120,0.100000000000
1175,train,0.519266055046,32.685150146000,0.616346955796,1077,0.970809007506,0.100000000000
1176,train,0.690575479566,42.201442719000,0.694745621351,100,0.041701417848,0.100000000000
1177,validation,0.859132610509,104.774963379000,0.914929107590,428,0.557964970809,0.100000000000
1178,train,0.054211843203,22.193058014000,0.130942452043,601,0.767306088407,0.100000000000
1179,train,0.123603002502,22.804862976000,0.196830692244,559,0.732276897415,0.100000000000
1180,train,0.166388657214,23.343101501000,0.261884904087,993,0.954962468724,0.100000000000
1181,train,0.649207673061,45.713478088000,0.712260216847,480,0.630525437865,0.100000000000
1182,train,0.746455379483,53.407932281000,0.768974145121,237,0.225187656380,0.100000000000
1183,validation,0.279399499583,24.655860901000,0.343619683069,490,0.642201834862,0.100000000000
1184,train,0.820850708924,73.731613159000,0.862385321101,337,0.415346121768,0.100000000000
1185,train,0.786155129274,72.486724854000,0.857381150959,539,0.712260216847,0.100000000000
1186,train,0.774228523770,72.200012207000,0.853211009174,625,0.789824854045,0.100000000000
1187,holdout,0.304253544621,24.533470154000,0.336113427857,284,0.318598832360,0.100000000000
1188,train,0.162969140951,23.141984940000,0.243536280234,635,0.805671392827,0.100000000000
1189,train,0.336697247706,26.057636261000,0.407005838198,534,0.703085904921,0.100000000000
1190,train,0.054712260217,22.338090897000,0.145954962469,815,0.912427022519,0.100000000000
1191,train,0.357047539616,25.596990585000,0.384487072560,266,0.274395329441,0.100000000000
1192,train,0.343619683069,25.946998596000,0.400333611343,432,0.567139282736,0.100000000000
1193,train,0.167139282736,22.603139877000,0.175145954962,136,0.080066722269,0.100000000000
1194,train,0.640033361134,37.714576721000,0.669724770642,273,0.296914095079,0.100000000000
1195,holdout,0.205087572977,23.776334763000,0.291075896580,718,0.859883236030,0.100000000000
1196,train,0.485404503753,29.078758240000,0.527939949958,342,0.425354462052,0.100000000000
1197,train,0.212343619683,23.675825119000,0.285237698082,556,0.728940783987,0.100000000000
1198,train,0.886238532110,134.384109497000,0.949124270225,479,0.628857381151,0.100000000000
1199,validation,0.734612176814,58.329196930000,0.794829024187,462,0.602168473728,0.100000000000
