region_id,selection_method,seed_node,node_count,boundary_count,internal_node_count,shortcut_count,label_query_count,reachable_query_count,endpoint_access_query_count,endpoint_access_rate_pct,baseline_avg_expanded,indexed_avg_expanded,indexed_avg_graph_expanded,indexed_avg_access_expanded,avg_workload_gain,total_workload_gain,positive_gain_query_rate_pct,baseline_avg_ms_unpaired,indexed_avg_ms_unpaired,indexed_p95_ms_unpaired,preprocessing_seconds,evaluation_seconds,correctness_rate
0,spatial_uniform_bfs,1300651758,512,28,484,652,2000,1976,1,0.050000000,10881.926500000,10879.281000000,10879.021500000,0.252500000,2.645500000,5291,1.300000000,8.359524028,25.835066433,125.981284500,2.155632072,53.225923518,1.000000000
1,history_hotspot_bfs,11005952442,512,47,465,439,2000,1976,354,17.700000000,10881.926500000,10713.692000000,10670.227000000,43.458000000,168.234500000,336469,62.850000000,8.359524028,25.369205050,123.450715401,2.117705835,52.008560586,1.000000000
2,fixed_random_bfs,1142609813,512,16,496,225,2000,1976,1,0.050000000,10881.926500000,10859.045000000,10858.782000000,0.256000000,22.881500000,45763,6.500000000,8.359524028,23.753958699,116.776504249,2.164372695,48.852593684,1.000000000
3,history_hotspot_bfs,5305637330,512,26,486,299,2000,1976,173,8.650000000,10881.926500000,10787.092000000,10747.264000000,39.821000000,94.834500000,189669,43.200000000,8.359524028,29.895217748,146.324219452,2.335446192,61.462479637,1.000000000
4,fixed_random_bfs,1112073249,512,44,468,580,2000,1976,0,0.000000000,10881.926500000,10849.007500000,10849.000500000,0.000000000,32.919000000,65838,15.400000000,8.359524028,26.082178132,128.369986150,2.346584453,53.730265570,1.000000000
5,history_hotspot_bfs,12111393897,512,36,476,198,2000,1976,390,19.500000000,10881.926500000,10708.591500000,10664.043500000,44.541000000,173.335000000,346670,65.400000000,8.359524028,25.422480516,122.914705101,2.333551087,52.090371301,1.000000000
6,fixed_random_bfs,12484918850,512,27,485,255,2000,1976,1,0.050000000,10881.926500000,10877.163500000,10876.939500000,0.217000000,4.763000000,9526,2.950000000,8.359524028,25.621849525,124.025662797,2.146995774,52.775686704,1.000000000
7,history_hotspot_bfs,3573222227,512,34,478,367,2000,1976,127,6.350000000,10881.926500000,10834.824500000,10816.381500000,18.436000000,47.102000000,94204,25.050000000,8.359524028,29.744951371,143.383680401,2.239940646,61.225362425,1.000000000
8,fixed_random_bfs,292782963,512,29,483,490,2000,1976,1,0.050000000,10881.926500000,10870.142000000,10869.907500000,0.227500000,11.784500000,23569,4.150000000,8.359524028,23.526661757,112.756032050,1.903231473,48.418821256,1.000000000
9,fixed_random_bfs,479437576,512,18,494,100,2000,1976,33,1.650000000,10881.926500000,10776.335000000,10769.326500000,7.001500000,105.591500000,211183,35.450000000,8.359524028,28.702020725,138.976665049,2.137745944,59.169465250,1.000000000
10,history_hotspot_bfs,10804032079,512,28,484,186,2000,1976,227,11.350000000,10881.926500000,10730.147000000,10689.664000000,40.476000000,151.779500000,303559,60.450000000,8.359524028,25.314100687,122.912231652,2.114102368,52.027320060,1.000000000
11,fixed_random_bfs,2163335530,512,38,474,537,2000,1976,12,0.600000000,10881.926500000,10835.769500000,10835.095000000,0.667500000,46.157000000,92314,18.000000000,8.359524028,26.808407763,129.200246150,1.887150631,55.226804278,1.000000000
12,history_hotspot_bfs,13050276131,512,30,482,244,2000,1976,167,8.350000000,10881.926500000,10724.792500000,10689.893500000,34.892000000,157.134000000,314268,55.650000000,8.359524028,27.022593580,131.494345753,2.363812122,55.562452088,1.000000000
13,fixed_random_bfs,1518839603,512,30,482,580,2000,1976,1,0.050000000,10881.926500000,10878.501000000,10878.252000000,0.242000000,3.425500000,6851,1.200000000,8.359524028,24.212194355,120.370436849,2.378539061,49.801046206,1.000000000
14,history_hotspot_bfs,12435776715,512,18,494,88,2000,1976,96,4.800000000,10881.926500000,10861.125000000,10856.260000000,4.858000000,20.801500000,41603,5.600000000,8.359524028,22.066104091,106.004696948,1.873301213,45.006171917,1.000000000
15,fixed_random_bfs,1327639071,512,21,491,293,2000,1976,1,0.050000000,10881.926500000,10872.467500000,10872.211000000,0.249500000,9.459000000,18918,4.300000000,8.359524028,21.489791223,102.177330601,1.966603780,44.156125328,1.000000000
16,history_hotspot_bfs,129795309,512,29,483,262,2000,1976,171,8.550000000,10881.926500000,10727.561500000,10700.435000000,27.119500000,154.365000000,308730,54.850000000,8.359524028,23.419991330,112.110127299,0.902079627,48.061638271,1.000000000
17,fixed_random_bfs,6094066396,512,32,480,185,2000,1976,1,0.050000000,10881.926500000,10863.042500000,10862.844000000,0.191500000,18.884000000,37768,5.600000000,8.359524028,23.525172559,111.831985552,0.838101074,48.359128438,1.000000000
18,history_hotspot_bfs,1386063700,512,38,474,191,2000,1976,393,19.650000000,10881.926500000,10722.951500000,10673.668500000,49.276000000,158.975000000,317950,66.600000000,8.359524028,28.761296186,136.054921949,1.057817012,58.962622186,1.000000000
19,fixed_random_bfs,1322917608,512,38,474,591,2000,1976,1,0.050000000,10881.926500000,10858.077500000,10857.841500000,0.229000000,23.849000000,47698,6.800000000,8.359524028,23.355605262,112.607076502,0.891666254,47.985925766,1.000000000
20,history_hotspot_bfs,3392710660,512,24,488,149,2000,1976,270,13.500000000,10881.926500000,10733.491500000,10693.240000000,40.244500000,148.435000000,296870,57.700000000,8.359524028,26.381737528,129.480034450,0.871955968,54.096067090,1.000000000
21,fixed_random_bfs,12454038415,512,46,466,979,2000,1976,34,1.700000000,10881.926500000,10785.799000000,10781.437500000,4.354500000,96.127500000,192255,36.850000000,8.359524028,26.691283164,130.738607798,1.149904646,54.893413470,1.000000000
22,fixed_random_bfs,3200644413,512,24,488,364,2000,1976,0,0.000000000,10881.926500000,10852.865500000,10852.858500000,0.000000000,29.061000000,58122,6.450000000,8.359524028,27.262398311,130.779532500,1.146898931,56.106987351,1.000000000
23,history_hotspot_bfs,2156098755,512,44,468,483,2000,1976,129,6.450000000,10881.926500000,10823.694000000,10808.323500000,15.363500000,58.232500000,116465,28.100000000,8.359524028,27.254921187,131.544237348,1.094929670,56.003616076,1.000000000
24,fixed_random_bfs,6768048270,512,27,485,676,2000,1976,0,0.000000000,10881.926500000,10881.384500000,10881.377500000,0.000000000,0.542000000,1084,0.200000000,8.359524028,27.327222438,132.767901649,1.106603425,56.253574240,1.000000000
25,history_hotspot_bfs,423185164,512,35,477,328,2000,1976,83,4.150000000,10881.926500000,10715.959500000,10701.177000000,14.775500000,165.967000000,331934,58.750000000,8.359524028,27.814774471,135.110991753,1.092539310,57.208849394,1.000000000
26,fixed_random_bfs,4665705852,512,26,486,222,2000,1976,10,0.500000000,10881.926500000,10841.590500000,10840.504500000,1.079000000,40.336000000,80672,14.700000000,8.359524028,25.696817319,125.026909650,1.074232543,52.820900376,1.000000000
27,fixed_random_bfs,3241516294,512,44,468,1213,2000,1976,0,0.000000000,10881.926500000,10853.458500000,10853.451500000,0.000000000,28.468000000,56936,10.050000000,8.359524028,28.041205289,140.801281349,1.184323059,57.723524988,1.000000000
28,history_hotspot_bfs,12456240972,512,40,472,365,2000,1976,279,13.950000000,10881.926500000,10700.878000000,10653.136000000,47.735000000,181.048500000,362097,64.700000000,8.359524028,26.966094148,128.698276998,1.080059303,55.300569885,1.000000000
29,fixed_random_bfs,4955285396,512,26,486,405,2000,1976,6,0.300000000,10881.926500000,10857.245000000,10855.774000000,1.464000000,24.681500000,49363,7.900000000,8.359524028,25.552315705,117.597920147,0.853538797,52.562727792,1.000000000
30,history_hotspot_bfs,12064709805,512,32,480,275,2000,1976,335,16.750000000,10881.926500000,10748.403000000,10693.729500000,54.666500000,133.523500000,267047,57.200000000,8.359524028,30.920344661,152.044051002,1.197328146,63.427286184,1.000000000
31,fixed_random_bfs,497240505,512,43,469,846,2000,1976,23,1.150000000,10881.926500000,10797.915500000,10793.495500000,4.413000000,84.011000000,168022,25.850000000,8.359524028,28.626386977,140.421562000,1.185364655,58.908573788,1.000000000
32,history_hotspot_bfs,9026947863,512,26,486,207,2000,1976,138,6.900000000,10881.926500000,10758.949500000,10727.892500000,31.050000000,122.977000000,245954,46.750000000,8.359524028,25.241703614,124.787964849,1.548377348,51.838076717,1.000000000
33,fixed_random_bfs,9073575305,512,46,466,835,2000,1976,92,4.600000000,10881.926500000,10751.715000000,10730.385500000,21.322500000,130.211500000,260423,55.500000000,8.359524028,27.627611438,133.480134501,1.497396010,56.827691361,1.000000000
34,fixed_random_bfs,4074469815,512,25,487,404,2000,1976,7,0.350000000,10881.926500000,10848.348500000,10846.595500000,1.746000000,33.578000000,67156,12.550000000,8.359524028,31.183662104,150.400721200,1.486852211,64.234585673,1.000000000
35,fixed_random_bfs,10562265153,512,23,489,263,2000,1976,0,0.000000000,10881.926500000,10875.024000000,10875.017000000,0.000000000,6.902500000,13805,2.150000000,8.359524028,27.757990185,135.668743498,1.475689803,57.122483811,1.000000000
36,history_hotspot_bfs,1731168353,512,47,465,415,2000,1976,52,2.600000000,10881.926500000,10788.767500000,10783.283500000,5.477000000,93.159000000,186318,34.850000000,8.359524028,25.607873720,124.117344850,1.388814803,52.628496437,1.000000000
37,fixed_random_bfs,1801523308,512,27,485,184,2000,1976,1,0.050000000,10881.926500000,10858.076000000,10858.063000000,0.006000000,23.850500000,47701,5.750000000,8.359524028,23.658599991,115.491489949,1.266746313,48.570887859,1.000000000
38,history_hotspot_bfs,4529952469,512,35,477,205,2000,1976,229,11.450000000,10881.926500000,10705.709500000,10664.171500000,41.531000000,176.217000000,352434,65.950000000,8.359524028,27.477449657,135.654837601,1.710521442,56.383000629,1.000000000
39,fixed_random_bfs,1548076025,512,36,476,595,2000,1976,18,0.900000000,10881.926500000,10806.487000000,10802.780000000,3.700000000,75.439500000,150879,27.750000000,8.359524028,25.635803623,124.149411947,1.578914305,52.686897948,1.000000000
40,history_hotspot_bfs,5185083151,512,25,487,303,2000,1976,18,0.900000000,10881.926500000,10822.691000000,10818.663000000,4.021000000,59.235500000,118471,20.350000000,8.359524028,27.642953505,133.736186950,1.542068672,56.867335017,1.000000000
41,fixed_random_bfs,5185111392,512,31,481,430,2000,1976,6,0.300000000,10881.926500000,10850.168500000,10848.752500000,1.409000000,31.758000000,63516,10.000000000,8.359524028,27.578392122,133.573681900,1.526184981,56.744204187,1.000000000
42,fixed_random_bfs,445353619,512,26,486,509,2000,1976,5,0.250000000,10881.926500000,10855.211000000,10853.940000000,1.264000000,26.715500000,53431,8.600000000,8.359524028,27.598431611,135.225790301,1.718294736,56.790662241,1.000000000
43,history_hotspot_bfs,12514870315,512,37,475,415,2000,1976,215,10.750000000,10881.926500000,10734.528000000,10693.161500000,41.359500000,147.398500000,294797,58.900000000,8.359524028,25.167884310,119.665048251,1.286678249,51.663300148,1.000000000
44,history_hotspot_bfs,314074569,512,42,470,837,2000,1976,92,4.600000000,10881.926500000,10776.429000000,10757.434000000,18.988000000,105.497500000,210995,39.800000000,8.359524028,31.758590853,153.724564449,1.636712341,65.356592441,1.000000000
45,fixed_random_bfs,5284628346,512,26,486,625,2000,1976,0,0.000000000,10881.926500000,10878.879500000,10878.872500000,0.000000000,3.047000000,6094,2.450000000,8.359524028,27.519783832,133.106799750,1.493395931,56.622037992,1.000000000
46,spatial_uniform_bfs,6491943284,512,29,483,678,2000,1976,2,0.100000000,10881.926500000,10879.206000000,10878.695000000,0.504000000,2.720500000,5441,1.500000000,8.359524028,27.252853053,130.570904450,1.482460589,56.074344359,1.000000000
47,history_hotspot_bfs,6924815711,512,58,454,470,2000,1976,134,6.700000000,10881.926500000,10739.651500000,10720.802500000,18.842000000,142.275000000,284550,64.150000000,8.359524028,27.219884053,131.200770950,1.469673388,55.924668369,1.000000000
48,fixed_random_bfs,10892466852,512,32,480,584,2000,1976,45,2.250000000,10881.926500000,10830.076000000,10820.157500000,9.911500000,51.850500000,103701,19.150000000,8.359524028,32.357470606,156.960172001,1.201612799,66.606469898,1.000000000
49,history_hotspot_bfs,3098121126,512,44,468,260,2000,1976,273,13.650000000,10881.926500000,10721.259500000,10693.093500000,28.159000000,160.667000000,321334,66.500000000,8.359524028,24.255323240,117.023354498,0.931185300,49.663673875,1.000000000
50,fixed_random_bfs,1110698247,512,44,468,372,2000,1976,174,8.700000000,10881.926500000,10699.082000000,10678.482000000,20.593000000,182.844500000,365689,68.350000000,8.359524028,28.654837646,140.343526849,0.896042927,58.887641197,1.000000000
51,history_hotspot_bfs,12456064553,512,55,457,416,2000,1976,94,4.700000000,10881.926500000,10704.884500000,10692.749000000,12.128500000,177.042000000,354084,70.950000000,8.359524028,26.110176602,119.430150250,0.875876866,53.644680746,1.000000000
52,fixed_random_bfs,13426945403,512,29,483,704,2000,1976,1,0.050000000,10881.926500000,10869.400500000,10869.143000000,0.250500000,12.526000000,25052,4.700000000,8.359524028,29.496805324,145.361278800,1.278947370,60.741328641,1.000000000
53,spatial_uniform_bfs,1145535936,512,34,478,963,2000,1976,2,0.100000000,10881.926500000,10878.867500000,10878.352500000,0.508000000,3.059000000,6118,1.800000000,8.359524028,26.119585645,124.311425898,0.922707190,53.697702799,1.000000000
54,fixed_random_bfs,11406498895,512,40,472,746,2000,1976,1,0.050000000,10881.926500000,10853.205000000,10852.959000000,0.239000000,28.721500000,57443,9.350000000,8.359524028,27.977266374,136.348865502,1.143273397,57.548249708,1.000000000
55,history_hotspot_bfs,1471128087,512,42,470,843,2000,1976,56,2.800000000,10881.926500000,10811.790000000,10800.119500000,11.663500000,70.136500000,140273,39.000000000,8.359524028,31.172018355,147.735528250,1.125189486,64.181982879,1.000000000
56,fixed_random_bfs,1251033242,512,48,464,983,2000,1976,12,0.600000000,10881.926500000,10843.195500000,10840.779000000,2.409500000,38.731000000,77462,13.900000000,8.359524028,23.233734044,112.585510750,0.904330360,47.669676172,1.000000000
57,history_hotspot_bfs,7057137055,512,46,466,458,2000,1976,110,5.500000000,10881.926500000,10722.281000000,10707.903500000,14.370500000,159.645500000,319291,62.750000000,8.359524028,26.646533904,128.871538748,1.143722286,54.731328444,1.000000000
58,fixed_random_bfs,1436602798,512,37,475,611,2000,1976,1,0.050000000,10881.926500000,10865.025500000,10864.795500000,0.223000000,16.901000000,33802,6.650000000,8.359524028,28.020264792,134.345689250,1.112168875,57.648842578,1.000000000
59,spatial_uniform_bfs,1263990239,512,29,483,784,2000,1976,1,0.050000000,10881.926500000,10876.910500000,10876.650500000,0.253000000,5.016000000,10032,2.550000000,8.359524028,28.176723011,136.048871101,1.122784320,57.975006051,1.000000000
60,history_hotspot_bfs,112613631,512,32,480,404,2000,1976,42,2.100000000,10881.926500000,10819.525500000,10811.222000000,8.296500000,62.401000000,124802,22.400000000,8.359524028,27.915006125,133.642828698,1.113290153,57.406373243,1.000000000
61,fixed_random_bfs,4753112735,512,17,495,272,2000,1976,0,0.000000000,10881.926500000,10880.932500000,10880.925500000,0.000000000,0.994000000,1988,0.550000000,8.359524028,23.524228676,113.255990900,1.138374789,48.277443281,1.000000000
62,fixed_random_bfs,1324799773,512,18,494,306,2000,1976,0,0.000000000,10881.926500000,10881.460000000,10881.453000000,0.000000000,0.466500000,933,0.200000000,8.359524028,29.230859339,145.037258901,1.230615865,60.158490134,1.000000000
63,history_hotspot_bfs,5849890925,512,33,479,310,2000,1976,65,3.250000000,10881.926500000,10770.116000000,10756.104500000,14.004500000,111.810500000,223621,39.500000000,8.359524028,27.821577585,134.333586147,0.872306140,57.213923852,1.000000000
64,fixed_random_bfs,3250683230,512,34,478,735,2000,1976,43,2.150000000,10881.926500000,10804.793500000,10794.386500000,10.400000000,77.133000000,154266,31.400000000,8.359524028,23.305871623,114.493913899,1.193883267,47.821995086,1.000000000
65,spatial_uniform_bfs,1263990280,512,35,477,1027,2000,1976,2,0.100000000,10881.926500000,10878.249000000,10877.738500000,0.503500000,3.677500000,7355,1.800000000,8.359524028,32.450095358,158.177662050,1.669334587,66.824025545,1.000000000
66,history_hotspot_bfs,12170822363,512,48,464,598,2000,1976,41,2.050000000,10881.926500000,10776.810500000,10768.972500000,7.831000000,105.116000000,210232,34.500000000,8.359524028,23.078810374,111.830261200,1.344096206,47.322048579,1.000000000
67,fixed_random_bfs,1321499596,512,30,482,870,2000,1976,1,0.050000000,10881.926500000,10875.404000000,10875.141000000,0.256000000,6.522500000,13045,2.300000000,8.359524028,32.340864332,157.405714599,1.878339270,66.602026873,1.000000000
68,fixed_random_bfs,278725753,512,29,483,187,2000,1976,0,0.000000000,10881.926500000,10874.933000000,10874.926000000,0.000000000,6.993500000,13987,6.700000000,8.359524028,27.905114941,136.647215201,1.562663161,57.397599125,1.000000000
69,history_hotspot_bfs,474552495,512,43,469,446,2000,1976,66,3.300000000,10881.926500000,10729.709500000,10717.778000000,11.924500000,152.217000000,304434,57.850000000,8.359524028,29.124975822,141.728195748,1.628563394,59.894226923,1.000000000
70,fixed_random_bfs,1322203518,512,15,497,146,2000,1976,0,0.000000000,10881.926500000,10877.999000000,10877.992000000,0.000000000,3.927500000,7855,2.350000000,8.359524028,27.771624394,134.974243449,1.545769786,57.111802431,1.000000000
71,history_hotspot_bfs,4656695032,512,40,472,854,2000,1976,35,1.750000000,10881.926500000,10800.354000000,10791.751500000,8.595500000,81.572500000,163145,27.350000000,8.359524028,27.760485182,135.773515150,1.540365338,57.038684443,1.000000000
72,fixed_random_bfs,1131291352,512,32,480,494,2000,1976,8,0.400000000,10881.926500000,10813.757500000,10812.121000000,1.629500000,68.169000000,136338,43.000000000,8.359524028,27.620465823,133.764487300,1.527947410,56.795834331,1.000000000
73,fixed_random_bfs,7114167921,512,35,477,491,2000,1976,2,0.100000000,10881.926500000,10852.462500000,10852.044000000,0.411500000,29.464000000,58928,9.450000000,8.359524028,25.939431710,126.047420600,1.527321225,53.289233165,1.000000000
74,history_hotspot_bfs,13522470886,512,42,470,361,2000,1976,88,4.400000000,10881.926500000,10726.675500000,10713.252000000,13.416500000,155.251000000,310502,55.750000000,8.359524028,22.516259868,108.027073099,1.256235736,46.178836707,1.000000000
75,fixed_random_bfs,1548079325,512,25,487,268,2000,1976,11,0.550000000,10881.926500000,10830.074500000,10827.579500000,2.488000000,51.852000000,103704,18.500000000,8.359524028,22.687990431,109.057291899,1.345237826,46.552537849,1.000000000
76,history_hotspot_bfs,3993126224,512,40,472,289,2000,1976,462,23.100000000,10881.926500000,10720.882500000,10656.502000000,64.373500000,161.044000000,322088,66.350000000,8.359524028,29.333367815,142.941838151,1.673373398,59.967612353,1.000000000
77,fixed_random_bfs,6595210390,512,16,496,240,2000,1976,0,0.000000000,10881.926500000,10879.128500000,10879.121500000,0.000000000,2.798000000,5596,1.000000000,8.359524028,27.610271613,135.067558251,1.554860022,56.763675534,1.000000000
78,fixed_random_bfs,1392657799,512,16,496,211,2000,1976,0,0.000000000,10881.926500000,10878.923000000,10878.916000000,0.000000000,3.003500000,6007,1.150000000,8.359524028,28.926396164,140.346196750,1.613936383,59.491822844,1.000000000
79,fixed_random_bfs,292599454,512,21,491,172,2000,1976,3,0.150000000,10881.926500000,10874.092000000,10873.620500000,0.464500000,7.834500000,15669,3.500000000,8.359524028,27.274456744,131.686254100,1.555576949,56.063677059,1.000000000
80,fixed_random_bfs,2689537161,512,39,473,392,2000,1976,78,3.900000000,10881.926500000,10759.685500000,10743.416500000,16.262000000,122.241000000,244482,52.100000000,8.359524028,24.774541194,121.049697548,0.829397186,50.888519134,1.000000000
81,history_hotspot_bfs,2914925366,512,41,471,335,2000,1976,225,11.250000000,10881.926500000,10727.088500000,10691.528000000,35.553500000,154.838000000,309676,67.450000000,8.359524028,25.601242611,125.805779503,0.848424364,52.494296232,1.000000000
82,fixed_random_bfs,4720708097,512,43,469,437,2000,1976,15,0.750000000,10881.926500000,10799.095500000,10796.847500000,2.241000000,82.831000000,165662,35.550000000,8.359524028,27.465355686,132.526085199,1.111398136,56.442945218,1.000000000
83,history_hotspot_bfs,10838978985,512,49,463,742,2000,1976,145,7.250000000,10881.926500000,10740.701000000,10711.907500000,28.786500000,141.225500000,282451,61.200000000,8.359524028,27.595311524,135.063378802,1.120976329,56.664559683,1.000000000
84,fixed_random_bfs,1801521181,512,37,475,345,2000,1976,6,0.300000000,10881.926500000,10833.155500000,10832.347500000,0.801000000,48.771000000,97542,17.300000000,8.359524028,21.848185958,106.129345800,0.813333694,44.795489885,1.000000000
85,fixed_random_bfs,1642560348,512,32,480,901,2000,1976,0,0.000000000,10881.926500000,10876.393000000,10876.386000000,0.000000000,5.533500000,11067,1.950000000,8.359524028,30.086613245,144.577370047,0.842115179,61.904287241,1.000000000
86,fixed_random_bfs,1548076551,512,23,489,249,2000,1976,1,0.050000000,10881.926500000,10865.990000000,10865.746500000,0.236500000,15.936500000,31873,6.000000000,8.359524028,27.586697090,135.154618801,1.100556775,56.708392522,1.000000000
87,history_hotspot_bfs,12241567151,512,42,470,276,2000,1976,413,20.650000000,10881.926500000,10713.147000000,10656.572000000,56.568000000,168.779500000,337559,66.000000000,8.359524028,21.414289852,104.296444200,0.855253002,43.700880514,1.000000000
88,fixed_random_bfs,7856254144,512,27,485,219,2000,1976,3,0.150000000,10881.926500000,10840.594000000,10840.151000000,0.436000000,41.332500000,82665,14.600000000,8.359524028,27.506570542,132.697242851,1.103227822,56.544068354,1.000000000
89,history_hotspot_bfs,2202026143,512,42,470,254,2000,1976,236,11.800000000,10881.926500000,10725.425000000,10694.439500000,30.978500000,156.501500000,313003,67.900000000,8.359524028,31.693644204,153.768593699,1.177358333,65.074699197,1.000000000
90,fixed_random_bfs,1550572190,512,22,490,253,2000,1976,2,0.100000000,10881.926500000,10876.894000000,10876.426000000,0.461000000,5.032500000,10065,1.250000000,8.359524028,27.586515827,132.091928002,1.093944825,56.705914503,1.000000000
91,spatial_uniform_bfs,4728929492,512,18,494,190,2000,1976,1,0.050000000,10881.926500000,10879.341000000,10879.084000000,0.250000000,2.585500000,5171,1.300000000,8.359524028,31.987518854,154.221010099,1.172746831,65.839172008,1.000000000
92,history_hotspot_bfs,3573222241,512,33,479,316,2000,1976,124,6.200000000,10881.926500000,10832.913500000,10814.956000000,17.950500000,49.013000000,98026,25.000000000,8.359524028,27.296178794,131.193593850,1.107331678,56.037770220,1.000000000
93,fixed_random_bfs,283317561,512,23,489,382,2000,1976,1,0.050000000,10881.926500000,10859.271000000,10859.016500000,0.247500000,22.655500000,45311,9.000000000,8.359524028,21.588253352,103.214934252,0.858491103,44.263846763,1.000000000
94,fixed_random_bfs,4955227540,512,33,479,436,2000,1976,1,0.050000000,10881.926500000,10852.413000000,10852.194000000,0.212000000,29.513500000,59027,9.500000000,8.359524028,21.559042711,103.424397198,0.837632049,44.217248705,1.000000000
95,history_hotspot_bfs,343646697,512,34,478,276,2000,1976,62,3.100000000,10881.926500000,10770.739000000,10758.664500000,12.067500000,111.187500000,222375,44.900000000,8.359524028,25.607729179,123.692099047,1.104200436,52.584111589,1.000000000
96,fixed_random_bfs,2264487487,512,28,484,603,2000,1976,1,0.050000000,10881.926500000,10852.638500000,10852.379500000,0.252000000,29.288000000,58576,6.650000000,8.359524028,27.151478435,130.793411350,1.488348636,55.831453953,1.000000000
97,history_hotspot_bfs,10236070598,512,52,460,1806,2000,1976,12,0.600000000,10881.926500000,10837.703000000,10835.121000000,2.575000000,44.223500000,88447,16.250000000,8.359524028,31.791434087,154.647125047,1.549432036,65.423331907,1.000000000
98,fixed_random_bfs,474728395,512,50,462,790,2000,1976,87,4.350000000,10881.926500000,10752.966000000,10735.061500000,17.897500000,128.960500000,257921,55.000000000,8.359524028,21.528906298,104.149722999,1.102736358,44.131776374,1.000000000
99,fixed_random_bfs,5640218854,512,24,488,125,2000,1976,2,0.100000000,10881.926500000,10847.327000000,10846.989000000,0.331000000,34.599500000,69199,14.050000000,8.359524028,21.485784926,103.485715149,1.077290794,44.057605522,1.000000000
100,fixed_random_bfs,1328157992,512,21,491,326,2000,1976,2,0.100000000,10881.926500000,10874.460000000,10873.954000000,0.499000000,7.466500000,14933,4.150000000,8.359524028,27.362058547,132.904960301,1.491917288,56.245789303,1.000000000
101,history_hotspot_bfs,475544038,512,31,481,145,2000,1976,406,20.300000000,10881.926500000,10696.318500000,10660.324500000,35.987000000,185.608000000,371216,66.700000000,8.359524028,27.346846473,135.284724151,1.487487001,55.938573203,1.000000000
102,fixed_random_bfs,5230804046,512,33,479,563,2000,1976,3,0.150000000,10881.926500000,10846.836000000,10846.152500000,0.676500000,35.090500000,70181,16.750000000,8.359524028,26.865759837,128.566969700,1.102269419,55.219155970,1.000000000
103,history_hotspot_bfs,12244620635,512,29,483,196,2000,1976,48,2.400000000,10881.926500000,10821.625000000,10813.281000000,8.337000000,60.301500000,120603,19.400000000,8.359524028,28.917700919,138.198269250,1.482536372,59.429338481,1.000000000
104,fixed_random_bfs,11380488696,512,26,486,244,2000,1976,83,4.150000000,10881.926500000,10785.441000000,10766.504000000,18.930000000,96.485500000,192971,34.500000000,8.359524028,27.204693192,132.112066498,1.460192727,55.870100478,1.000000000
105,fixed_random_bfs,1587092665,512,19,493,187,2000,1976,0,0.000000000,10881.926500000,10878.005000000,10877.998000000,0.000000000,3.921500000,7843,1.100000000,8.359524028,27.349193917,132.735776101,1.494428455,56.229629607,1.000000000
106,history_hotspot_bfs,510791951,512,47,465,304,2000,1976,147,7.350000000,10881.926500000,10755.641000000,10732.902500000,22.731500000,126.285500000,252571,49.300000000,8.359524028,24.127239216,120.437743148,1.541265576,49.490063549,1.000000000
107,fixed_random_bfs,6340099264,512,41,471,691,2000,1976,11,0.550000000,10881.926500000,10795.767000000,10793.668000000,2.092000000,86.159500000,172319,29.550000000,8.359524028,22.863206381,112.236433349,1.147661969,46.918337991,1.000000000
108,fixed_random_bfs,12463880315,512,34,478,534,2000,1976,2,0.100000000,10881.926500000,10858.815500000,10858.355500000,0.453000000,23.111000000,46222,6.700000000,8.359524028,28.079190891,134.883628348,1.490365438,57.740631401,1.000000000
109,history_hotspot_bfs,1788788569,512,44,468,380,2000,1976,81,4.050000000,10881.926500000,10743.342000000,10735.513500000,7.821500000,138.584500000,277169,51.950000000,8.359524028,31.470837230,151.605238850,1.535938457,64.726844920,1.000000000
110,fixed_random_bfs,1361251984,512,16,496,86,2000,1976,0,0.000000000,10881.926500000,10859.662000000,10859.655000000,0.000000000,22.264500000,44529,6.000000000,8.359524028,27.815657925,135.023034850,1.520992399,57.187461983,1.000000000
111,fixed_random_bfs,5773611651,512,36,476,739,2000,1976,0,0.000000000,10881.926500000,10880.109500000,10880.102500000,0.000000000,1.817000000,3634,0.500000000,8.359524028,27.967170444,134.970319202,1.103640424,57.510760562,1.000000000
112,history_hotspot_bfs,4464000796,512,27,485,251,2000,1976,62,3.100000000,10881.926500000,10748.029000000,10733.966500000,14.055500000,133.897500000,267795,47.750000000,8.359524028,26.733517518,128.451656948,1.089983514,54.959123592,1.000000000
113,fixed_random_bfs,4685552133,512,23,489,161,2000,1976,6,0.300000000,10881.926500000,10797.654000000,10796.541000000,1.106000000,84.272500000,168545,32.250000000,8.359524028,21.303504167,101.211506850,0.838806782,43.683264489,1.000000000
114,history_hotspot_bfs,5494272217,512,32,480,281,2000,1976,142,7.100000000,10881.926500000,10716.615500000,10690.050500000,26.558000000,165.311000000,330622,62.400000000,8.359524028,23.958617813,114.345798698,0.821517781,49.160612067,1.000000000
115,fixed_random_bfs,10300962373,512,18,494,306,2000,1976,0,0.000000000,10881.926500000,10879.108500000,10879.101500000,0.000000000,2.818000000,5636,1.050000000,8.359524028,31.704831510,155.566034848,1.173771972,65.258012797,1.000000000
116,history_hotspot_bfs,6249235140,512,40,472,666,2000,1976,52,2.600000000,10881.926500000,10795.790500000,10784.639500000,11.144000000,86.136000000,172272,35.100000000,8.359524028,27.252619297,134.078186300,1.145269428,55.989212840,1.000000000
117,fixed_random_bfs,13370114785,512,27,485,278,2000,1976,0,0.000000000,10881.926500000,10873.364000000,10873.357000000,0.000000000,8.562500000,17125,2.350000000,8.359524028,27.477794883,131.104940497,1.103926424,56.495722558,1.000000000
118,history_hotspot_bfs,13522470885,512,38,474,412,2000,1976,104,5.200000000,10881.926500000,10726.549000000,10710.705500000,15.836500000,155.377500000,310755,56.100000000,8.359524028,25.865439716,128.339049049,0.821123267,53.128605732,1.000000000
119,fixed_random_bfs,1784085866,512,42,470,623,2000,1976,19,0.950000000,10881.926500000,10819.367000000,10815.986000000,3.374000000,62.559500000,125119,24.300000000,8.359524028,21.530480331,103.642971151,0.892688906,44.141091954,1.000000000
120,history_hotspot_bfs,1842003071,512,43,469,454,2000,1976,135,6.750000000,10881.926500000,10759.388500000,10729.546500000,29.835000000,122.538000000,245076,48.150000000,8.359524028,27.516282760,130.754997050,1.120860607,56.519263272,1.000000000
121,fixed_random_bfs,10140383897,512,31,481,644,2000,1976,1,0.050000000,10881.926500000,10879.239000000,10878.980500000,0.251500000,2.687500000,5375,0.800000000,8.359524028,27.178097071,130.875669447,1.098157090,55.878409015,1.000000000
122,spatial_uniform_bfs,1710076828,512,30,482,681,2000,1976,1,0.050000000,10881.926500000,10879.096000000,10878.837500000,0.251500000,2.830500000,5661,1.350000000,8.359524028,27.918312714,133.300529299,1.135219979,57.406572733,1.000000000
123,history_hotspot_bfs,111428015,512,24,488,264,2000,1976,34,1.700000000,10881.926500000,10834.225500000,10826.343000000,7.875500000,47.701000000,95402,22.200000000,8.359524028,21.633538865,105.597455750,0.842758977,44.331478513,1.000000000
124,fixed_random_bfs,10083541091,512,33,479,605,2000,1976,9,0.450000000,10881.926500000,10805.468000000,10804.297500000,1.163500000,76.458500000,152917,27.100000000,8.359524028,27.235119853,132.046242549,1.120454122,56.005727977,1.000000000
125,spatial_uniform_bfs,1710076812,512,24,488,443,2000,1976,1,0.050000000,10881.926500000,10879.329000000,10879.070000000,0.252000000,2.597500000,5195,1.350000000,8.359524028,27.457176389,133.038061903,1.114295068,56.443553778,1.000000000
126,fixed_random_bfs,4695412324,512,36,476,597,2000,1976,33,1.650000000,10881.926500000,10795.680000000,10788.739000000,6.934000000,86.246500000,172493,32.450000000,8.359524028,21.504083509,103.412359399,1.114872531,44.085142618,1.000000000
127,fixed_random_bfs,293055528,512,17,495,89,2000,1976,0,0.000000000,10881.926500000,10878.466500000,10878.459500000,0.000000000,3.460000000,6920,3.200000000,8.359524028,26.040912354,124.402377852,1.170307375,53.505029907,1.000000000
128,history_hotspot_bfs,10894194294,512,38,474,573,2000,1976,23,1.150000000,10881.926500000,10808.216000000,10803.679500000,4.529500000,73.710500000,147421,27.850000000,8.359524028,31.706045796,155.564841800,1.191814739,65.238931422,1.000000000
129,fixed_random_bfs,10781372129,512,32,480,478,2000,1976,3,0.150000000,10881.926500000,10876.539000000,10876.057000000,0.475000000,5.387500000,10775,1.900000000,8.359524028,27.790206056,135.486274302,1.443898946,57.143728573,1.000000000
130,fixed_random_bfs,343634630,512,37,475,497,2000,1976,76,3.800000000,10881.926500000,10778.119000000,10760.860000000,17.252000000,103.807500000,207615,46.900000000,8.359524028,23.754051968,112.885609200,1.126254390,48.741457835,1.000000000
131,history_hotspot_bfs,1788788661,512,36,476,690,2000,1976,53,2.650000000,10881.926500000,10776.910000000,10765.677500000,11.225500000,105.016500000,210033,35.650000000,8.359524028,22.017724521,105.034503650,1.131178805,45.137879184,1.000000000
132,fixed_random_bfs,4758581357,512,30,482,537,2000,1976,16,0.800000000,10881.926500000,10814.876000000,10811.679000000,3.190000000,67.050500000,134101,23.400000000,8.359524028,21.952445719,106.287384750,1.133615649,45.014061725,1.000000000
133,history_hotspot_bfs,112686789,512,34,478,425,2000,1976,330,16.500000000,10881.926500000,10760.405000000,10713.267500000,47.130500000,121.521500000,243043,56.300000000,8.359524028,27.140919686,131.155390252,1.103397322,55.579058694,1.000000000
134,fixed_random_bfs,1436856906,512,31,481,339,2000,1976,3,0.150000000,10881.926500000,10868.641000000,10868.164000000,0.470000000,13.285500000,26571,4.800000000,8.359524028,27.165791526,132.022998450,1.485487620,55.848136539,1.000000000
135,fixed_random_bfs,4421109825,512,21,491,362,2000,1976,0,0.000000000,10881.926500000,10847.419500000,10847.412500000,0.000000000,34.507000000,69014,12.400000000,8.359524028,29.474408531,139.818234000,1.574702873,60.618865343,1.000000000
136,fixed_random_bfs,10893592960,512,34,478,473,2000,1976,24,1.200000000,10881.926500000,10790.926000000,10785.332500000,5.586500000,91.000500000,182001,28.050000000,8.359524028,26.824104893,130.684624501,1.525683639,55.100118244,1.000000000
137,fixed_random_bfs,299611722,512,49,463,888,2000,1976,95,4.750000000,10881.926500000,10756.414000000,10738.260500000,18.146500000,125.512500000,251025,56.000000000,8.359524028,31.767786317,152.039380350,1.569435685,65.344493229,1.000000000
138,fixed_random_bfs,9731026658,512,17,495,65,2000,1976,0,0.000000000,10881.926500000,10854.694500000,10854.687500000,0.000000000,27.232000000,54464,6.550000000,8.359524028,27.507027149,134.282598652,1.480476954,56.540181137,1.000000000
139,history_hotspot_bfs,314555995,512,37,475,393,2000,1976,214,10.700000000,10881.926500000,10736.719000000,10705.802000000,30.910000000,145.207500000,290415,54.900000000,8.359524028,22.145153553,108.107250898,0.898183192,45.350319836,1.000000000
140,fixed_random_bfs,3921241192,512,27,485,387,2000,1976,0,0.000000000,10881.926500000,10856.031000000,10856.024000000,0.000000000,25.895500000,51791,7.100000000,8.359524028,30.488621799,149.154957401,1.519904581,62.722335504,1.000000000
141,fixed_random_bfs,13152754483,512,42,470,659,2000,1976,17,0.850000000,10881.926500000,10788.929000000,10786.697000000,2.225000000,92.997500000,185995,41.850000000,8.359524028,25.454555335,123.665263650,1.481495876,52.283896247,1.000000000
142,fixed_random_bfs,1551005126,512,23,489,463,2000,1976,2,0.100000000,10881.926500000,10865.633000000,10865.119000000,0.507000000,16.293500000,32587,5.500000000,8.359524028,27.512109396,132.714600748,1.511533008,56.548401183,1.000000000
143,fixed_random_bfs,1236473152,512,38,474,340,2000,1976,29,1.450000000,10881.926500000,10762.509500000,10757.713500000,4.789000000,119.417000000,238834,48.100000000,8.359524028,22.879717029,108.378543151,1.098879194,46.942336448,1.000000000
144,history_hotspot_bfs,1554886175,512,30,482,228,2000,1976,198,9.900000000,10881.926500000,10730.768500000,10687.145500000,43.616000000,151.158000000,302316,61.800000000,8.359524028,27.197189475,132.777065551,1.116798726,55.824491502,1.000000000
145,fixed_random_bfs,12030930241,512,16,496,87,2000,1976,0,0.000000000,10881.926500000,10870.878500000,10870.871500000,0.000000000,11.048000000,22096,3.900000000,8.359524028,25.936572671,125.311319453,1.093419679,53.301283216,1.000000000
146,fixed_random_bfs,9038898395,512,51,461,400,2000,1976,129,6.450000000,10881.926500000,10752.363500000,10736.937000000,15.419500000,129.563000000,259126,47.450000000,8.359524028,29.751295656,143.105156601,1.539737359,61.136915933,1.000000000
147,fixed_random_bfs,1147305554,512,26,486,199,2000,1976,3,0.150000000,10881.926500000,10855.971500000,10855.360000000,0.604500000,25.955000000,51910,8.400000000,8.359524028,24.181871962,117.941415150,0.818875026,49.638883827,1.000000000
148,fixed_random_bfs,12291327666,512,30,482,287,2000,1976,2,0.100000000,10881.926500000,10849.008000000,10848.549000000,0.452000000,32.918500000,65837,10.050000000,8.359524028,27.943306984,134.831844298,0.824550816,57.444855789,1.000000000
149,fixed_random_bfs,1327641343,512,21,491,161,2000,1976,2,0.100000000,10881.926500000,10875.361000000,10874.898000000,0.456000000,6.565500000,13131,2.900000000,8.359524028,24.715921146,121.438108499,1.137644215,50.745219844,1.000000000
150,fixed_random_bfs,1194795154,512,30,482,760,2000,1976,2,0.100000000,10881.926500000,10879.591000000,10879.098000000,0.486000000,2.335500000,4671,0.700000000,8.359524028,24.265215874,115.140947201,1.111299446,49.820187553,1.000000000
151,fixed_random_bfs,5869817045,512,34,478,187,2000,1976,7,0.350000000,10881.926500000,10831.260000000,10830.840000000,0.413000000,50.666500000,101333,17.600000000,8.359524028,29.016803010,137.874471199,1.113779884,59.671195125,1.000000000
152,history_hotspot_bfs,3391599150,512,50,462,587,2000,1976,151,7.550000000,10881.926500000,10727.202500000,10706.049000000,21.146500000,154.724000000,309448,60.100000000,8.359524028,29.035329336,140.172620751,0.866022004,59.641709479,1.000000000
153,fixed_random_bfs,292621872,512,25,487,193,2000,1976,3,0.150000000,10881.926500000,10874.016000000,10873.593500000,0.415500000,7.910500000,15821,3.550000000,8.359524028,23.180388773,110.572357949,0.824266318,47.560181995,1.000000000
154,history_hotspot_bfs,6244576698,512,48,464,541,2000,1976,120,6.000000000,10881.926500000,10731.594500000,10710.513000000,21.074500000,150.332000000,300664,65.300000000,8.359524028,27.302119584,133.025543252,1.136845035,56.076979746,1.000000000
155,fixed_random_bfs,8126762080,512,21,491,193,2000,1976,7,0.350000000,10881.926500000,10836.222500000,10835.319000000,0.896500000,45.704000000,91408,15.600000000,8.359524028,26.032611174,128.472173148,0.830200500,53.491315618,1.000000000
156,history_hotspot_bfs,4488753662,512,42,470,297,2000,1976,435,21.750000000,10881.926500000,10728.156000000,10655.294000000,72.855000000,153.770500000,307541,64.700000000,8.359524028,27.343459281,133.677701099,1.132518614,55.899236351,1.000000000
157,fixed_random_bfs,4468057768,512,32,480,431,2000,1976,2,0.100000000,10881.926500000,10861.921500000,10861.477500000,0.437000000,20.005000000,40010,7.750000000,8.359524028,28.207790600,136.290298953,1.191866910,57.999295156,1.000000000
158,fixed_random_bfs,7678759569,512,28,484,556,2000,1976,2,0.100000000,10881.926500000,10872.887000000,10872.396500000,0.483500000,9.039500000,18079,3.000000000,8.359524028,31.838971793,152.367702452,1.167401674,65.535032390,1.000000000
159,history_hotspot_bfs,25632231,512,33,479,376,2000,1976,174,8.700000000,10881.926500000,10726.326000000,10691.471500000,34.847500000,155.600500000,311201,65.950000000,8.359524028,27.318782538,133.226155650,1.114920856,56.096082843,1.000000000
160,fixed_random_bfs,479512737,512,20,492,207,2000,1976,14,0.700000000,10881.926500000,10787.270500000,10784.176000000,3.087500000,94.656000000,189312,26.600000000,8.359524028,22.818330296,110.784198699,1.488000413,46.817310618,1.000000000
161,fixed_random_bfs,12469475530,512,33,479,160,2000,1976,0,0.000000000,10881.926500000,10872.772500000,10872.765500000,0.000000000,9.154000000,18308,5.350000000,8.359524028,27.408272394,132.302393501,1.461003336,56.357119717,1.000000000
162,history_hotspot_bfs,9301363694,512,38,474,170,2000,1976,284,14.200000000,10881.926500000,10716.356000000,10676.334000000,40.015000000,165.570500000,331141,64.550000000,8.359524028,21.512291871,103.951595451,1.101520326,43.994293791,1.000000000
163,fixed_random_bfs,263571647,512,33,479,591,2000,1976,1,0.050000000,10881.926500000,10878.450500000,10878.275000000,0.168500000,3.476000000,6952,1.950000000,8.359524028,27.662234100,134.248601498,1.108168903,56.855191218,1.000000000
164,fixed_random_bfs,4494941197,512,37,475,770,2000,1976,2,0.100000000,10881.926500000,10827.835000000,10827.332000000,0.496000000,54.091500000,108183,15.250000000,8.359524028,27.930616918,136.343602749,1.499584257,57.408943166,1.000000000
165,history_hotspot_bfs,411014377,512,49,463,769,2000,1976,48,2.400000000,10881.926500000,10788.528500000,10781.346000000,7.175500000,93.398000000,186796,34.150000000,8.359524028,21.471166420,104.070531951,1.133464265,44.024462210,1.000000000
166,fixed_random_bfs,690429375,512,35,477,904,2000,1976,1,0.050000000,10881.926500000,10852.578000000,10852.325000000,0.246000000,29.348500000,58697,7.000000000,8.359524028,27.524002162,131.262844602,1.133112554,56.574281204,1.000000000
167,history_hotspot_bfs,7844486784,512,47,465,915,2000,1976,79,3.950000000,10881.926500000,10733.948000000,10716.073500000,17.867500000,147.978500000,295957,56.350000000,8.359524028,21.519766457,104.645231451,1.136142519,44.088860055,1.000000000
168,fixed_random_bfs,4567051360,512,26,486,256,2000,1976,31,1.550000000,10881.926500000,10818.981500000,10812.633500000,6.341000000,62.945000000,125890,20.100000000,8.359524028,30.905811131,151.976868100,1.561875041,63.572692861,1.000000000
169,history_hotspot_bfs,2486315108,512,48,464,1259,2000,1976,44,2.200000000,10881.926500000,10819.467000000,10809.976000000,9.484000000,62.459500000,124919,29.800000000,8.359524028,31.197129787,155.102096448,1.587903602,64.168938272,1.000000000
170,fixed_random_bfs,10287403210,512,23,489,117,2000,1976,2,0.100000000,10881.926500000,10862.904000000,10862.499000000,0.398000000,19.022500000,38045,5.700000000,8.359524028,25.989340217,126.831060298,1.515435223,53.380957474,1.000000000
171,fixed_random_bfs,1142607204,512,27,485,431,2000,1976,1,0.050000000,10881.926500000,10858.560500000,10858.307500000,0.246000000,23.366000000,46732,6.300000000,8.359524028,30.678326405,152.040501451,1.532865387,63.120574236,1.000000000
172,fixed_random_bfs,13607352237,512,9,503,72,2000,1976,0,0.000000000,10881.926500000,10881.177500000,10881.170500000,0.000000000,0.749000000,1498,0.150000000,8.359524028,26.979150726,130.408823401,1.489308147,55.456782563,1.000000000
173,fixed_random_bfs,4537191947,512,34,478,817,2000,1976,1,0.050000000,10881.926500000,10873.385500000,10873.129000000,0.249500000,8.541000000,17082,3.250000000,8.359524028,21.845195903,106.733339503,0.900322699,44.797344840,1.000000000
174,fixed_random_bfs,6094371885,512,33,479,187,2000,1976,3,0.150000000,10881.926500000,10854.097000000,10853.722000000,0.368000000,27.829500000,55659,8.300000000,8.359524028,27.348677175,132.027139349,1.494501339,56.190446976,1.000000000
175,history_hotspot_bfs,2460613849,512,35,477,238,2000,1976,176,8.800000000,10881.926500000,10715.391000000,10691.692500000,23.691500000,166.535500000,333071,62.900000000,8.359524028,21.838009820,104.636302998,0.862184244,44.743108258,1.000000000
176,fixed_random_bfs,3521762542,512,28,484,61,2000,1976,1,0.050000000,10881.926500000,10861.447000000,10861.336500000,0.103500000,20.479500000,40959,20.600000000,8.359524028,27.805018616,133.251350300,1.485933271,57.140671341,1.000000000
177,fixed_random_bfs,12620869964,512,21,491,157,2000,1976,1,0.050000000,10881.926500000,10877.424500000,10877.203500000,0.214000000,4.502000000,9004,1.450000000,8.359524028,27.501465370,132.436999002,1.093094337,56.534413279,1.000000000
178,history_hotspot_bfs,5849847823,512,28,484,254,2000,1976,270,13.500000000,10881.926500000,10775.766500000,10733.704000000,42.055500000,106.160000000,212320,52.900000000,8.359524028,31.700528557,153.804791448,1.526056573,65.036508584,1.000000000
179,fixed_random_bfs,447872455,512,26,486,355,2000,1976,21,1.050000000,10881.926500000,10826.647500000,10823.347500000,3.293000000,55.279000000,110558,19.200000000,8.359524028,26.280767773,125.954184452,0.835924959,53.981991404,1.000000000
180,history_hotspot_bfs,3891282353,512,37,475,278,2000,1976,205,10.250000000,10881.926500000,10701.057500000,10664.198000000,36.852500000,180.869000000,361738,64.100000000,8.359524028,30.300082962,146.392996600,1.486744346,62.190552378,1.000000000
181,fixed_random_bfs,3693344689,512,27,485,115,2000,1976,3,0.150000000,10881.926500000,10838.554500000,10838.241000000,0.306500000,43.372000000,86744,25.150000000,8.359524028,21.785654538,104.767460250,0.826096914,44.664884772,1.000000000
182,history_hotspot_bfs,1471188701,512,41,471,493,2000,1976,72,3.600000000,10881.926500000,10762.412500000,10747.672000000,14.733500000,119.514000000,239028,44.200000000,8.359524028,26.321238680,128.326741098,1.121801745,54.043886403,1.000000000
183,fixed_random_bfs,11051941885,512,36,476,523,2000,1976,1,0.050000000,10881.926500000,10857.406000000,10857.179000000,0.220000000,24.520500000,49041,7.800000000,8.359524028,27.157041561,125.243325950,1.495146832,55.810842685,1.000000000
184,fixed_random_bfs,1199489266,512,29,483,513,2000,1976,0,0.000000000,10881.926500000,10865.608000000,10865.601000000,0.000000000,16.318500000,32637,6.400000000,8.359524028,27.934580952,139.620649500,1.155702352,57.435754479,1.000000000
185,fixed_random_bfs,1394057767,512,31,481,656,2000,1976,0,0.000000000,10881.926500000,10880.389500000,10880.382500000,0.000000000,1.537000000,3074,0.950000000,8.359524028,25.671791929,124.712008249,0.860499313,52.735282392,1.000000000
186,history_hotspot_bfs,3387597051,512,32,480,260,2000,1976,330,16.500000000,10881.926500000,10740.624000000,10693.899000000,46.718000000,141.302500000,282605,58.150000000,8.359524028,27.337548288,133.231680698,1.524294552,55.965085544,1.000000000
187,fixed_random_bfs,2880419782,512,28,484,135,2000,1976,1,0.050000000,10881.926500000,10838.939500000,10838.739500000,0.193000000,42.987000000,85974,13.700000000,8.359524028,24.688116980,116.660462299,0.868827102,50.710708205,1.000000000
188,fixed_random_bfs,4530718094,512,35,477,801,2000,1976,0,0.000000000,10881.926500000,10877.082000000,10877.075000000,0.000000000,4.844500000,9689,1.950000000,8.359524028,27.728876096,136.020875650,1.152189453,56.993277463,1.000000000
189,fixed_random_bfs,5342861433,512,29,483,246,2000,1976,8,0.400000000,10881.926500000,10842.499000000,10841.219500000,1.272500000,39.427500000,78855,13.450000000,8.359524028,26.877006277,129.381439850,1.124106303,55.220501263,1.000000000
190,history_hotspot_bfs,3584513100,512,43,469,461,2000,1976,124,6.200000000,10881.926500000,10755.914000000,10736.668500000,19.238500000,126.012500000,252025,46.850000000,8.359524028,21.596992383,105.933879648,0.856947977,44.231119081,1.000000000
191,fixed_random_bfs,445028130,512,21,491,191,2000,1976,0,0.000000000,10881.926500000,10829.207000000,10829.200000000,0.000000000,52.719500000,105439,14.450000000,8.359524028,27.805592939,134.551852550,1.140289570,57.151621988,1.000000000
192,fixed_random_bfs,11016886026,512,22,490,217,2000,1976,11,0.550000000,10881.926500000,10786.078500000,10783.519000000,2.552500000,95.848000000,191696,27.400000000,8.359524028,27.252851638,133.166377350,1.129247107,56.029920813,1.000000000
193,fixed_random_bfs,1394437022,512,33,479,843,2000,1976,2,0.100000000,10881.926500000,10854.532000000,10854.019000000,0.506000000,27.394500000,54789,7.900000000,8.359524028,22.055196944,103.146935451,1.487607992,45.246880713,1.000000000
194,history_hotspot_bfs,1887601134,512,49,463,357,2000,1976,143,7.150000000,10881.926500000,10703.846000000,10683.304500000,20.534500000,178.080500000,356161,68.550000000,8.359524028,28.675174940,137.908812602,1.105895062,58.904299585,1.000000000
195,fixed_random_bfs,5284404374,512,35,477,324,2000,1976,113,5.650000000,10881.926500000,10723.287500000,10701.416500000,21.864000000,158.639000000,317278,57.000000000,8.359524028,27.334263239,131.671878799,1.497835969,56.140836739,1.000000000
196,history_hotspot_bfs,8001483703,512,44,468,313,2000,1976,200,10.000000000,10881.926500000,10681.287000000,10667.192500000,14.087500000,200.639500000,401279,67.350000000,8.359524028,31.545487903,153.987056399,1.200179957,64.766904324,1.000000000
197,fixed_random_bfs,11356410433,512,39,473,970,2000,1976,4,0.200000000,10881.926500000,10869.704000000,10868.737000000,0.960000000,12.222500000,24445,6.050000000,8.359524028,25.753105724,124.720890302,1.104228426,52.898693927,1.000000000
198,fixed_random_bfs,1235226279,512,14,498,123,2000,1976,1,0.050000000,10881.926500000,10877.178000000,10876.926500000,0.244500000,4.748500000,9497,1.550000000,8.359524028,31.877577575,153.866664500,1.174455983,65.614142943,1.000000000
199,fixed_random_bfs,1731221969,512,32,480,413,2000,1976,2,0.100000000,10881.926500000,10870.485000000,10870.019000000,0.459000000,11.441500000,22883,3.750000000,8.359524028,23.137359187,111.715672000,0.821262838,47.492018402,1.000000000
200,history_hotspot_bfs,8419301482,512,20,492,179,2000,1976,18,0.900000000,10881.926500000,10824.231000000,10820.549000000,3.675000000,57.695500000,115391,19.800000000,8.359524028,27.610522777,134.459103153,1.493946127,56.733268304,1.000000000
201,fixed_random_bfs,430137487,512,26,486,554,2000,1976,5,0.250000000,10881.926500000,10832.318500000,10831.052000000,1.259500000,49.608000000,99216,17.000000000,8.359524028,26.958420321,127.796117298,1.119186841,55.414399035,1.000000000
202,fixed_random_bfs,9370003055,512,31,481,762,2000,1976,0,0.000000000,10881.926500000,10881.349000000,10881.342000000,0.000000000,0.577500000,1155,0.200000000,8.359524028,27.612646043,135.147506300,1.141284196,56.760074583,1.000000000
203,history_hotspot_bfs,1386063709,512,42,470,183,2000,1976,447,22.350000000,10881.926500000,10708.097000000,10663.941000000,44.149000000,173.829500000,347659,67.650000000,8.359524028,27.411275667,133.911392601,1.518217359,56.044696188,1.000000000
204,fixed_random_bfs,1586919528,512,17,495,240,2000,1976,0,0.000000000,10881.926500000,10878.049500000,10878.042500000,0.000000000,3.877000000,7754,1.100000000,8.359524028,23.935207414,117.393455649,0.850402651,49.132659386,1.000000000
205,fixed_random_bfs,1643296300,512,32,480,327,2000,1976,10,0.500000000,10881.926500000,10808.055500000,10806.027000000,2.021500000,73.871000000,147742,27.550000000,8.359524028,23.066771149,111.332299900,1.142233119,47.330866026,1.000000000
206,fixed_random_bfs,12607378904,512,30,482,584,2000,1976,1,0.050000000,10881.926500000,10872.824000000,10872.567500000,0.249500000,9.102500000,18205,3.200000000,8.359524028,27.715343992,132.782531049,1.514294186,56.967045972,1.000000000
207,fixed_random_bfs,1129574609,512,26,486,430,2000,1976,1,0.050000000,10881.926500000,10877.971500000,10877.717000000,0.247500000,3.955000000,7910,1.850000000,8.359524028,22.964589050,109.582775148,0.818536226,47.133571901,1.000000000
208,fixed_random_bfs,12104117128,512,35,477,638,2000,1976,44,2.200000000,10881.926500000,10772.782000000,10763.861000000,8.914000000,109.144500000,218289,36.600000000,8.359524028,25.819170317,124.679467901,1.508141686,53.019422725,1.000000000
209,history_hotspot_bfs,4751660531,512,31,481,346,2000,1976,175,8.750000000,10881.926500000,10789.438000000,10750.090000000,39.341000000,92.488500000,184977,44.500000000,8.359524028,26.613698571,126.116664902,1.474909496,54.526116186,1.000000000
210,fixed_random_bfs,663859934,512,35,477,521,2000,1976,1,0.050000000,10881.926500000,10863.873000000,10863.634000000,0.232000000,18.053500000,36107,6.950000000,8.359524028,28.916272128,138.645111349,1.177806926,59.450752893,1.000000000
211,spatial_uniform_bfs,1314136474,512,19,493,188,2000,1976,2,0.100000000,10881.926500000,10879.365000000,10878.854000000,0.504000000,2.561500000,5123,1.200000000,8.359524028,27.694458717,131.997695300,1.128688133,56.930727688,1.000000000
212,fixed_random_bfs,497186080,512,29,483,355,2000,1976,20,1.000000000,10881.926500000,10812.459000000,10808.070500000,4.381500000,69.467500000,138935,23.050000000,8.359524028,22.092921088,105.850108002,0.836905407,45.292529422,1.000000000
213,history_hotspot_bfs,9927032103,512,52,460,774,2000,1976,137,6.850000000,10881.926500000,10749.414500000,10726.042500000,23.365000000,132.512000000,265024,59.250000000,8.359524028,27.831228185,136.683175699,1.561236568,57.146539447,1.000000000
214,fixed_random_bfs,1395608732,512,28,484,477,2000,1976,2,0.100000000,10881.926500000,10854.027500000,10853.547500000,0.473000000,27.899000000,55798,8.500000000,8.359524028,31.973013045,156.071810001,1.542470582,65.807839427,1.000000000
215,fixed_random_bfs,1670512124,512,44,468,1056,2000,1976,3,0.150000000,10881.926500000,10855.862000000,10854.927500000,0.927500000,26.064500000,52129,10.200000000,8.359524028,31.986341317,151.812721650,1.626972494,65.829297400,1.000000000
216,fixed_random_bfs,12147905037,512,33,479,327,2000,1976,125,6.250000000,10881.926500000,10732.295000000,10708.299500000,23.988500000,149.631500000,299263,56.150000000,8.359524028,27.562535686,136.320477750,1.283027588,56.584238060,1.000000000
217,fixed_random_bfs,13383897538,512,16,496,123,2000,1976,0,0.000000000,10881.926500000,10872.795500000,10872.788500000,0.000000000,9.131000000,18262,2.900000000,8.359524028,28.040764165,135.196682101,1.127650669,57.640822790,1.000000000
218,fixed_random_bfs,1328043463,512,35,477,1027,2000,1976,2,0.100000000,10881.926500000,10874.100000000,10873.587000000,0.506000000,7.826500000,15653,3.750000000,8.359524028,28.235661343,136.889506049,1.202665932,58.045805751,1.000000000
219,fixed_random_bfs,269524526,512,19,493,129,2000,1976,1,0.050000000,10881.926500000,10857.049000000,10856.856000000,0.186000000,24.877500000,49755,5.750000000,8.359524028,22.452642327,105.197693799,1.185521495,46.047616104,1.000000000
220,history_hotspot_bfs,2352440668,512,35,477,290,2000,1976,39,1.950000000,10881.926500000,10813.213500000,10806.650500000,6.556000000,68.713000000,137426,34.500000000,8.359524028,27.812768087,133.658415697,1.520305698,57.144304838,1.000000000
221,fixed_random_bfs,2234962250,512,15,497,97,2000,1976,7,0.350000000,10881.926500000,10835.969500000,10834.835000000,1.127500000,45.957000000,91914,14.700000000,8.359524028,21.459108986,102.055119701,1.196595615,43.992512403,1.000000000
222,fixed_random_bfs,1551007072,512,23,489,424,2000,1976,3,0.150000000,10881.926500000,10860.778000000,10860.021000000,0.750000000,21.148500000,42297,7.000000000,8.359524028,26.526631083,127.298104051,1.143409674,54.496952596,1.000000000
223,fixed_random_bfs,1548071002,512,24,488,384,2000,1976,0,0.000000000,10881.926500000,10856.933000000,10856.926000000,0.000000000,24.993500000,49987,7.250000000,8.359524028,21.580573518,104.335999852,0.841964015,44.242736870,1.000000000
224,fixed_random_bfs,3170890749,512,28,484,374,2000,1976,0,0.000000000,10881.926500000,10862.601000000,10862.594000000,0.000000000,19.325500000,38651,5.950000000,8.359524028,27.836666921,134.554940751,1.136327036,57.210808536,1.000000000
225,history_hotspot_bfs,474799738,512,42,470,561,2000,1976,84,4.200000000,10881.926500000,10757.605000000,10739.851500000,17.746500000,124.321500000,248643,52.300000000,8.359524028,31.807048483,155.506620053,1.191805977,65.409523359,1.000000000
226,fixed_random_bfs,450324047,512,20,492,308,2000,1976,1,0.050000000,10881.926500000,10869.758000000,10869.501000000,0.250000000,12.168500000,24337,4.500000000,8.359524028,25.155444333,118.824745750,1.107721864,51.649766773,1.000000000
227,fixed_random_bfs,8286473847,512,36,476,416,2000,1976,96,4.800000000,10881.926500000,10755.749500000,10736.280500000,19.462000000,126.177000000,252354,49.600000000,8.359524028,27.726916593,135.395189302,1.528378933,56.927220049,1.000000000
228,history_hotspot_bfs,10893691664,512,29,483,428,2000,1976,63,3.150000000,10881.926500000,10829.443000000,10815.552000000,13.884000000,52.483500000,104967,19.850000000,8.359524028,32.097005284,152.809101699,1.549113591,65.977121816,1.000000000
229,fixed_random_bfs,6768278301,512,26,486,601,2000,1976,1,0.050000000,10881.926500000,10881.560500000,10881.299000000,0.254500000,0.366000000,732,0.150000000,8.359524028,27.783639343,134.025463298,1.138629702,57.112917733,1.000000000
230,history_hotspot_bfs,11408632982,512,39,473,586,2000,1976,13,0.650000000,10881.926500000,10843.308500000,10840.105500000,3.196000000,38.618000000,77236,18.550000000,8.359524028,21.752120169,105.607759203,1.150569890,44.591016228,1.000000000
231,fixed_random_bfs,12738892067,512,29,483,473,2000,1976,2,0.100000000,10881.926500000,10877.574000000,10877.121000000,0.446000000,4.352500000,8705,1.500000000,8.359524028,21.606142273,104.418436049,0.862984196,44.307743323,1.000000000
232,history_hotspot_bfs,9038311250,512,47,465,411,2000,1976,152,7.600000000,10881.926500000,10753.776000000,10730.732000000,23.037000000,128.150500000,256301,49.300000000,8.359524028,31.914734701,154.566487998,1.193334669,65.601122738,1.000000000
233,fixed_random_bfs,13378671816,512,56,456,1518,2000,1976,37,1.850000000,10881.926500000,10827.502500000,10820.684500000,6.811000000,54.424000000,108848,28.900000000,8.359524028,27.925927605,133.786298149,1.134112823,57.382683234,1.000000000
234,fixed_random_bfs,411029266,512,43,469,473,2000,1976,26,1.300000000,10881.926500000,10792.654000000,10789.620000000,3.027000000,89.272500000,178545,46.850000000,8.359524028,21.638216557,103.980350202,1.095923641,44.355178266,1.000000000
235,fixed_random_bfs,3713963405,512,41,471,373,2000,1976,79,3.950000000,10881.926500000,10830.631500000,10820.085500000,10.539000000,51.295000000,102590,22.250000000,8.359524028,28.099946457,135.838967301,1.581841660,57.696829207,1.000000000
236,history_hotspot_bfs,8890136774,512,44,468,810,2000,1976,38,1.900000000,10881.926500000,10793.412000000,10788.187000000,5.218000000,88.514500000,177029,32.250000000,8.359524028,27.756793026,133.810409648,1.578187316,57.035341616,1.000000000
237,fixed_random_bfs,1112072959,512,24,488,443,2000,1976,0,0.000000000,10881.926500000,10862.260000000,10862.253000000,0.000000000,19.666500000,39333,5.400000000,8.359524028,21.882573615,107.152769700,1.222120709,44.868056146,1.000000000
238,fixed_random_bfs,4468932444,512,15,497,56,2000,1976,14,0.700000000,10881.926500000,10825.563500000,10822.469000000,3.087500000,56.363000000,112726,18.050000000,8.359524028,27.763181579,135.008888499,1.136281716,57.050148927,1.000000000
239,fixed_random_bfs,4486815102,512,33,479,252,2000,1976,31,1.550000000,10881.926500000,10808.651500000,10806.860500000,1.784000000,73.275000000,146550,27.450000000,8.359524028,31.832663752,155.392227998,1.190016263,65.470203002,1.000000000
240,history_hotspot_bfs,9311028462,512,39,473,325,2000,1976,45,2.250000000,10881.926500000,10749.133500000,10745.099000000,4.027500000,132.793000000,265586,46.600000000,8.359524028,27.574959504,131.122947151,1.506284100,56.649389923,1.000000000
241,fixed_random_bfs,114311905,512,27,485,121,2000,1976,1,0.050000000,10881.926500000,10822.179000000,10821.982500000,0.189500000,59.747500000,119495,26.100000000,8.359524028,27.858528307,136.014442601,1.106851829,57.247067297,1.000000000
242,history_hotspot_bfs,10908566370,512,48,464,876,2000,1976,55,2.750000000,10881.926500000,10805.655500000,10798.795000000,6.853500000,76.271000000,152542,28.200000000,8.359524028,31.960421393,154.204635950,1.552323932,65.738705229,1.000000000
243,fixed_random_bfs,436639181,512,31,481,411,2000,1976,0,0.000000000,10881.926500000,10844.526000000,10844.519000000,0.000000000,37.400500000,74801,12.600000000,8.359524028,27.778168008,136.746987951,1.123578864,57.099146424,1.000000000
244,fixed_random_bfs,1549684230,512,33,479,964,2000,1976,1,0.050000000,10881.926500000,10874.454000000,10874.192500000,0.254500000,7.472500000,14945,2.650000000,8.359524028,21.660537895,104.260843149,1.182999584,44.413108389,1.000000000
245,fixed_random_bfs,8417969984,512,22,490,132,2000,1976,6,0.300000000,10881.926500000,10796.687500000,10795.691000000,0.989500000,85.239000000,170478,22.200000000,8.359524028,21.592712823,104.567085252,0.859688316,44.272818315,1.000000000
246,history_hotspot_bfs,5306607712,512,33,479,231,2000,1976,70,3.500000000,10881.926500000,10823.276500000,10812.845500000,10.424000000,58.650000000,117300,20.250000000,8.359524028,27.662851445,132.924403901,1.499892758,56.799509262,1.000000000
247,fixed_random_bfs,10915038477,512,23,489,329,2000,1976,45,2.250000000,10881.926500000,10835.105000000,10824.447000000,10.651000000,46.821500000,93643,17.100000000,8.359524028,22.536844784,106.582751849,0.839624602,46.188429066,1.000000000
248,fixed_random_bfs,8899071813,512,33,479,426,2000,1976,6,0.300000000,10881.926500000,10783.165000000,10782.125500000,1.032500000,98.761500000,197523,28.450000000,8.359524028,31.877881803,152.931665201,1.168185949,65.600994607,1.000000000
249,history_hotspot_bfs,5297868242,512,43,469,353,2000,1976,20,1.000000000,10881.926500000,10817.996500000,10815.667000000,2.322500000,63.930000000,127860,23.750000000,8.359524028,21.877604585,104.940703351,0.881397787,44.840970625,1.000000000
250,fixed_random_bfs,2784646317,512,28,484,280,2000,1976,16,0.800000000,10881.926500000,10831.720500000,10828.975000000,2.738500000,50.206000000,100412,25.150000000,8.359524028,27.681863742,132.842895600,1.488904947,56.892690517,1.000000000
251,fixed_random_bfs,5306915839,512,32,480,238,2000,1976,18,0.900000000,10881.926500000,10804.298000000,10801.179500000,3.111500000,77.628500000,155257,28.600000000,8.359524028,27.877583642,136.038822650,1.150183899,57.287823397,1.000000000
252,history_hotspot_bfs,2485736711,512,36,476,625,2000,1976,25,1.250000000,10881.926500000,10796.056000000,10790.536000000,5.513000000,85.870500000,171741,30.000000000,8.359524028,27.665269815,133.501643548,1.142795490,56.847978000,1.000000000
253,fixed_random_bfs,5312307604,512,33,479,634,2000,1976,0,0.000000000,10881.926500000,10873.987500000,10873.980500000,0.000000000,7.939000000,15878,2.650000000,8.359524028,32.014016950,154.908747999,1.609579849,65.892706178,1.000000000
254,history_hotspot_bfs,4378185663,512,33,479,373,2000,1976,127,6.350000000,10881.926500000,10828.278500000,10810.099500000,18.172000000,53.648000000,107296,26.450000000,8.359524028,27.830754694,134.308098248,1.520371511,57.120070714,1.000000000
255,fixed_random_bfs,12488699245,512,33,479,101,2000,1976,1,0.050000000,10881.926500000,10875.727000000,10875.614000000,0.106000000,6.199500000,12399,5.350000000,8.359524028,27.855864130,135.255745249,1.122166893,57.251338962,1.000000000
256,history_hotspot_bfs,1788787471,512,40,472,640,2000,1976,28,1.400000000,10881.926500000,10794.088500000,10787.902000000,6.179500000,87.838000000,175676,28.000000000,8.359524028,31.826469032,152.015027950,1.546523586,65.463326375,1.000000000
257,fixed_random_bfs,4614461143,512,33,479,735,2000,1976,1,0.050000000,10881.926500000,10878.322500000,10878.070000000,0.245500000,3.604000000,7208,0.900000000,8.359524028,27.906568907,137.234033351,1.509834584,57.350470395,1.000000000
258,history_hotspot_bfs,8428802847,512,24,488,331,2000,1976,25,1.250000000,10881.926500000,10803.414000000,10798.354500000,5.052500000,78.512500000,157025,23.800000000,8.359524028,21.542387491,104.669509050,0.923417587,44.155564837,1.000000000
259,fixed_random_bfs,6491826629,512,22,490,196,2000,1976,3,0.150000000,10881.926500000,10855.709000000,10855.097500000,0.604500000,26.217500000,52435,8.050000000,8.359524028,21.740297827,105.685823202,1.149450098,44.569101979,1.000000000
260,fixed_random_bfs,1549685300,512,28,484,605,2000,1976,1,0.050000000,10881.926500000,10877.671000000,10877.418500000,0.245500000,4.255500000,8511,1.850000000,8.359524028,21.582856917,104.308696351,1.139133859,44.262474826,1.000000000
261,fixed_random_bfs,5284452813,512,47,465,341,2000,1976,130,6.500000000,10881.926500000,10750.048000000,10732.542500000,17.498500000,131.878500000,263757,48.650000000,8.359524028,27.687169078,135.376112000,1.529732295,56.843779396,1.000000000
262,fixed_random_bfs,4530718100,512,28,484,433,2000,1976,1,0.050000000,10881.926500000,10877.356500000,10877.164000000,0.185500000,4.570000000,9140,1.450000000,8.359524028,21.792530592,105.850181247,1.166548553,44.685278154,1.000000000
263,spatial_uniform_bfs,1314136684,512,40,472,1040,2000,1976,2,0.100000000,10881.926500000,10879.406000000,10878.899000000,0.500000000,2.520500000,5041,1.300000000,8.359524028,31.963360145,153.094519050,1.185415003,65.766700393,1.000000000
264,fixed_random_bfs,3846238141,512,28,484,703,2000,1976,0,0.000000000,10881.926500000,10873.927000000,10873.920000000,0.000000000,7.999500000,15999,2.400000000,8.359524028,27.695585528,133.946567699,1.135751209,56.939004589,1.000000000
265,history_hotspot_bfs,349907649,512,38,474,299,2000,1976,93,4.650000000,10881.926500000,10712.721000000,10697.252000000,15.462000000,169.205500000,338411,63.200000000,8.359524028,31.790428867,153.032290147,1.533465838,65.360238783,1.000000000
266,fixed_random_bfs,302555501,512,27,485,48,2000,1976,1,0.050000000,10881.926500000,10861.500500000,10861.489500000,0.004000000,20.426000000,40852,24.400000000,8.359524028,27.799057327,134.690178150,1.102135734,57.135440842,1.000000000
267,history_hotspot_bfs,2208891067,512,45,467,254,2000,1976,368,18.400000000,10881.926500000,10698.839500000,10669.186000000,29.646500000,183.087000000,366174,64.350000000,8.359524028,27.993771940,135.387782200,1.536707095,57.249915665,1.000000000
268,spatial_uniform_bfs,1314137085,512,30,482,630,2000,1976,2,0.100000000,10881.926500000,10879.373500000,10878.868500000,0.498000000,2.553000000,5106,1.250000000,8.359524028,28.162938693,138.860057900,1.546631895,57.880839123,1.000000000
269,fixed_random_bfs,1518839901,512,21,491,301,2000,1976,0,0.000000000,10881.926500000,10878.162500000,10878.155500000,0.000000000,3.764000000,7528,1.300000000,8.359524028,27.868388823,134.709067999,1.139283337,57.288380086,1.000000000
270,fixed_random_bfs,1316576236,512,25,487,444,2000,1976,0,0.000000000,10881.926500000,10869.117500000,10869.110500000,0.000000000,12.809000000,25618,5.550000000,8.359524028,21.813247745,105.265144600,1.163695920,44.724246799,1.000000000
271,history_hotspot_bfs,10836137940,512,34,478,356,2000,1976,155,7.750000000,10881.926500000,10731.318500000,10698.815000000,32.496500000,150.608000000,301216,55.500000000,8.359524028,21.629286795,105.594268352,0.871486780,44.255688519,1.000000000
272,fixed_random_bfs,12381066520,512,27,485,269,2000,1976,108,5.400000000,10881.926500000,10753.038000000,10737.873000000,15.158000000,128.888500000,257777,51.650000000,8.359524028,31.830638424,156.031288450,1.218457190,65.447575124,1.000000000
273,history_hotspot_bfs,475548529,512,32,480,115,2000,1976,253,12.650000000,10881.926500000,10716.047000000,10677.469500000,38.570500000,165.879500000,331759,62.650000000,8.359524028,27.529414945,133.756324151,1.497583059,56.410511588,1.000000000
274,fixed_random_bfs,655308589,512,25,487,366,2000,1976,1,0.050000000,10881.926500000,10855.607000000,10855.362000000,0.238000000,26.319500000,52639,6.150000000,8.359524028,21.679720819,102.612724301,0.846636671,44.447638369,1.000000000
275,spatial_uniform_bfs,1314136755,512,29,483,629,2000,1976,1,0.050000000,10881.926500000,10878.790000000,10878.532000000,0.251000000,3.136500000,6273,1.350000000,8.359524028,25.253828959,123.297901050,1.155548812,51.849782297,1.000000000
276,fixed_random_bfs,10278952219,512,15,497,170,2000,1976,0,0.000000000,10881.926500000,10880.438500000,10880.431500000,0.000000000,1.488000000,2976,0.300000000,8.359524028,23.701178504,112.563791699,0.929279205,48.640946100,1.000000000
277,history_hotspot_bfs,8286473844,512,31,481,314,2000,1976,125,6.250000000,10881.926500000,10729.233500000,10706.580500000,22.646000000,152.693000000,305386,55.600000000,8.359524028,31.641452601,155.224423298,1.197118928,65.031259714,1.000000000
278,fixed_random_bfs,1321499723,512,41,471,1446,2000,1976,1,0.050000000,10881.926500000,10876.332000000,10876.072500000,0.252500000,5.594500000,11189,2.150000000,8.359524028,27.852998791,136.316047647,1.166060751,57.247607897,1.000000000
279,fixed_random_bfs,1687477804,512,28,484,388,2000,1976,2,0.100000000,10881.926500000,10870.343500000,10869.863500000,0.473000000,11.583000000,23166,3.750000000,8.359524028,27.812701359,133.468691751,1.516976310,57.164017869,1.000000000
280,fixed_random_bfs,1173425139,512,28,484,407,2000,1976,2,0.100000000,10881.926500000,10877.959500000,10877.456500000,0.496000000,3.967000000,7934,1.000000000,8.359524028,22.914683313,111.356155249,1.527815448,47.014238299,1.000000000
281,fixed_random_bfs,3170147746,512,32,480,681,2000,1976,2,0.100000000,10881.926500000,10877.206500000,10876.716500000,0.483000000,4.720000000,9440,1.650000000,8.359524028,27.847182673,134.401128551,1.560693027,57.237687145,1.000000000
282,spatial_uniform_bfs,1327633116,512,35,477,935,2000,1976,2,0.100000000,10881.926500000,10878.964000000,10878.461000000,0.496000000,2.962500000,5925,1.200000000,8.359524028,21.903852299,106.444805549,1.208492024,44.913268593,1.000000000
283,history_hotspot_bfs,2352569141,512,44,468,390,2000,1976,177,8.850000000,10881.926500000,10706.402000000,10676.235500000,30.159500000,175.524500000,351049,64.200000000,8.359524028,27.283704036,131.297385851,1.152088760,55.975516543,1.000000000
284,fixed_random_bfs,12199379540,512,29,483,703,2000,1976,0,0.000000000,10881.926500000,10866.394000000,10866.387000000,0.000000000,15.532500000,31065,4.700000000,8.359524028,31.922459298,155.112816802,1.199568688,65.704594734,1.000000000
285,fixed_random_bfs,12763312047,512,18,494,126,2000,1976,0,0.000000000,10881.926500000,10876.055500000,10876.048500000,0.000000000,5.871000000,11742,2.500000000,8.359524028,28.070217398,137.433904198,1.157630432,57.698327967,1.000000000
286,fixed_random_bfs,4463691469,512,32,480,365,2000,1976,1,0.050000000,10881.926500000,10826.192000000,10825.976000000,0.209000000,55.734500000,111469,16.350000000,8.359524028,32.086545296,154.599661498,1.231378674,66.029146156,1.000000000
287,history_hotspot_bfs,11364764224,512,36,476,456,2000,1976,8,0.400000000,10881.926500000,10807.846000000,10806.063000000,1.776000000,74.080500000,148161,27.850000000,8.359524028,27.778632109,134.561993748,1.529045815,57.089884339,1.000000000
288,fixed_random_bfs,3740426718,512,22,490,145,2000,1976,5,0.250000000,10881.926500000,10846.316500000,10845.226500000,1.083000000,35.610000000,71220,9.700000000,8.359524028,21.504973484,103.012275600,1.092017121,44.085164387,1.000000000
289,fixed_random_bfs,334351549,512,49,463,1503,2000,1976,2,0.100000000,10881.926500000,10862.582500000,10862.083500000,0.492000000,19.344000000,38688,9.650000000,8.359524028,27.857487965,133.777305049,1.143954300,57.259666566,1.000000000
290,history_hotspot_bfs,2208891198,512,30,482,182,2000,1976,307,15.350000000,10881.926500000,10705.541500000,10672.690000000,32.844500000,176.385000000,352770,61.800000000,8.359524028,27.508521630,134.464294499,1.502942181,56.305586233,1.000000000
291,fixed_random_bfs,5480154815,512,28,484,510,2000,1976,1,0.050000000,10881.926500000,10876.961000000,10876.709000000,0.245000000,4.965500000,9931,1.400000000,8.359524028,21.889708013,104.951159851,1.142788048,44.874708076,1.000000000
292,history_hotspot_bfs,3457190272,512,18,494,99,2000,1976,303,15.150000000,10881.926500000,10734.150500000,10686.531000000,47.612500000,147.776000000,295552,57.050000000,8.359524028,31.750753498,156.111063098,1.536558844,65.114325783,1.000000000
293,fixed_random_bfs,4380997598,512,39,473,675,2000,1976,6,0.300000000,10881.926500000,10846.969000000,10845.472000000,1.490000000,34.957500000,69915,11.800000000,8.359524028,27.478777858,129.797241952,1.544541708,56.477890163,1.000000000
294,fixed_random_bfs,12638692522,512,35,477,606,2000,1976,1,0.050000000,10881.926500000,10876.311500000,10876.091500000,0.213000000,5.615000000,11230,1.750000000,8.359524028,27.684354244,134.911685799,1.540428385,56.908253936,1.000000000
295,fixed_random_bfs,12776717241,512,39,473,1342,2000,1976,1,0.050000000,10881.926500000,10873.840500000,10873.586000000,0.247500000,8.086000000,16172,3.050000000,8.359524028,21.668619039,103.661231849,0.848136570,44.425854803,1.000000000
296,history_hotspot_bfs,112675709,512,34,478,325,2000,1976,136,6.800000000,10881.926500000,10735.929000000,10708.695000000,27.227000000,145.997500000,291995,52.900000000,8.359524028,27.285080774,131.239700799,1.131208931,56.033114033,1.000000000
297,fixed_random_bfs,2292618090,512,30,482,470,2000,1976,0,0.000000000,10881.926500000,10858.084000000,10858.077000000,0.000000000,23.842500000,47685,9.200000000,8.359524028,23.936155285,112.316525901,0.856939321,49.134744572,1.000000000
298,spatial_uniform_bfs,1145528636,512,29,483,582,2000,1976,1,0.050000000,10881.926500000,10878.901500000,10878.655500000,0.239000000,3.025000000,6050,1.400000000,8.359524028,22.553756502,108.935298497,0.839319397,46.261106365,1.000000000
299,history_hotspot_bfs,257735446,512,29,483,309,2000,1976,14,0.700000000,10881.926500000,10815.377000000,10812.336000000,3.034000000,66.549500000,133099,24.400000000,8.359524028,27.490080651,133.112922201,1.519451446,56.501484747,1.000000000
300,fixed_random_bfs,1520363691,512,28,484,555,2000,1976,1,0.050000000,10881.926500000,10871.476000000,10871.219000000,0.250000000,10.450500000,20901,3.600000000,8.359524028,27.751442045,131.765936600,1.120971994,57.047410955,1.000000000
301,history_hotspot_bfs,314043975,512,34,478,384,2000,1976,52,2.600000000,10881.926500000,10788.587000000,10780.197500000,8.382500000,93.339500000,186679,30.800000000,8.359524028,27.952571740,135.848250502,1.549025186,57.420609864,1.000000000
302,fixed_random_bfs,13414122103,512,25,487,103,2000,1976,0,0.000000000,10881.926500000,10880.850500000,10880.843500000,0.000000000,1.076000000,2152,1.100000000,8.359524028,27.926012669,137.384084749,1.138182827,57.397904065,1.000000000
303,history_hotspot_bfs,2247371503,512,33,479,198,2000,1976,391,19.550000000,10881.926500000,10726.278000000,10668.780000000,57.491000000,155.648500000,311297,61.550000000,8.359524028,23.390974576,114.396340801,0.870645694,47.799943369,1.000000000
304,fixed_random_bfs,7678759766,512,37,475,1158,2000,1976,1,0.050000000,10881.926500000,10875.828000000,10875.575000000,0.246000000,6.098500000,12197,2.250000000,8.359524028,23.259705194,113.214042850,1.508308177,47.727249054,1.000000000
305,fixed_random_bfs,4604361990,512,27,485,136,2000,1976,7,0.350000000,10881.926500000,10830.094500000,10828.995000000,1.092500000,51.832000000,103664,16.950000000,8.359524028,31.990462285,155.593833002,1.643994930,65.822149949,1.000000000
306,spatial_uniform_bfs,1710086814,512,27,485,556,2000,1976,1,0.050000000,10881.926500000,10878.532000000,10878.275000000,0.250000000,3.394500000,6789,1.500000000,8.359524028,27.769585606,133.548236648,1.575084159,57.077661984,1.000000000
307,fixed_random_bfs,2084091574,512,41,471,667,2000,1976,53,2.650000000,10881.926500000,10787.871500000,10776.297500000,11.567000000,94.055000000,188110,38.100000000,8.359524028,27.652039004,132.938038401,1.117600036,56.823868053,1.000000000
308,history_hotspot_bfs,9313283595,512,43,469,540,2000,1976,223,11.150000000,10881.926500000,10742.448500000,10694.613000000,47.828500000,139.478000000,278956,57.650000000,8.359524028,28.207579918,139.766819352,1.436529638,57.888242610,1.000000000
309,fixed_random_bfs,12556413525,512,18,494,199,2000,1976,0,0.000000000,10881.926500000,10867.195500000,10867.188500000,0.000000000,14.731000000,29462,4.850000000,8.359524028,32.165445062,156.156983797,1.176774519,66.196261554,1.000000000
310,history_hotspot_bfs,138244793,512,50,462,755,2000,1976,66,3.300000000,10881.926500000,10727.843500000,10714.595500000,13.241000000,154.083000000,308166,54.700000000,8.359524028,31.530002027,151.339278948,0.875160354,64.839944178,1.000000000
311,fixed_random_bfs,1173497322,512,25,487,237,2000,1976,3,0.150000000,10881.926500000,10876.761500000,10876.517500000,0.237000000,5.165000000,10330,1.650000000,8.359524028,27.878940305,135.389891198,1.150237517,57.291204817,1.000000000
312,history_hotspot_bfs,5051671040,512,36,476,292,2000,1976,49,2.450000000,10881.926500000,10797.581500000,10788.342500000,9.232000000,84.345000000,168690,36.100000000,8.359524028,31.877743342,153.810711749,1.557909182,65.560663750,1.000000000
313,fixed_random_bfs,5585575940,512,23,489,194,2000,1976,1,0.050000000,10881.926500000,10856.636500000,10856.398500000,0.231000000,25.290000000,50580,7.800000000,8.359524028,21.741088925,103.348741899,1.120395413,44.577083147,1.000000000
314,fixed_random_bfs,11364764644,512,29,483,315,2000,1976,12,0.600000000,10881.926500000,10851.141500000,10848.473500000,2.661000000,30.785000000,61570,12.250000000,8.359524028,21.588474880,103.958285600,1.175330065,44.246191629,1.000000000
315,history_hotspot_bfs,8091600917,512,54,458,817,2000,1976,59,2.950000000,10881.926500000,10778.587000000,10768.256000000,10.324000000,103.339500000,206679,46.950000000,8.359524028,21.810098871,104.329026849,1.143707976,44.705432180,1.000000000
316,fixed_random_bfs,663694616,512,43,469,944,2000,1976,1,0.050000000,10881.926500000,10856.023000000,10856.015000000,0.001000000,25.903500000,51807,8.850000000,8.359524028,27.633474840,133.249713150,1.127012339,56.810616891,1.000000000
317,history_hotspot_bfs,12144320142,512,26,486,228,2000,1976,25,1.250000000,10881.926500000,10777.037000000,10774.458000000,2.572000000,104.889500000,209779,39.000000000,8.359524028,27.731915434,132.768879500,1.499548795,56.975621659,1.000000000
318,fixed_random_bfs,6412501106,512,33,479,328,2000,1976,35,1.750000000,10881.926500000,10770.564000000,10763.150500000,7.406500000,111.362500000,222725,42.700000000,8.359524028,21.758013785,104.955844650,0.875847803,44.602070678,1.000000000
319,history_hotspot_bfs,479236074,512,41,471,937,2000,1976,84,4.200000000,10881.926500000,10784.835500000,10765.898500000,18.930000000,97.091000000,194182,34.850000000,8.359524028,28.044635366,137.164417550,1.185362302,57.587722488,1.000000000
320,fixed_random_bfs,5476746043,512,21,491,155,2000,1976,3,0.150000000,10881.926500000,10848.350500000,10848.021000000,0.322500000,33.576000000,67152,10.300000000,8.359524028,27.905400276,134.685125652,1.534211254,57.361044464,1.000000000
321,fixed_random_bfs,1146570420,512,32,480,570,2000,1976,1,0.050000000,10881.926500000,10854.893500000,10854.634500000,0.252000000,27.033000000,54066,8.500000000,8.359524028,27.864857581,133.677680348,1.176929384,57.270923034,1.000000000
322,fixed_random_bfs,5305836816,512,39,473,357,2000,1976,59,2.950000000,10881.926500000,10754.988500000,10744.115500000,10.866000000,126.938000000,253876,47.550000000,8.359524028,27.744536325,135.748176653,1.506596842,56.991593825,1.000000000
323,fixed_random_bfs,1322651089,512,26,486,426,2000,1976,3,0.150000000,10881.926500000,10862.407000000,10861.671000000,0.729000000,19.519500000,39039,5.950000000,8.359524028,32.116101982,157.532469400,1.192690733,66.099403241,1.000000000
324,history_hotspot_bfs,8390290965,512,31,481,287,2000,1976,13,0.650000000,10881.926500000,10757.059500000,10755.301500000,1.751000000,124.867000000,249734,42.000000000,8.359524028,27.773257455,134.103385252,1.114757124,57.073169566,1.000000000
325,fixed_random_bfs,12500423892,512,19,493,273,2000,1976,0,0.000000000,10881.926500000,10877.783500000,10877.776500000,0.000000000,4.143000000,8286,1.250000000,8.359524028,21.687040486,105.794272102,0.840008788,44.475956140,1.000000000
326,fixed_random_bfs,1132441774,512,26,486,316,2000,1976,1,0.050000000,10881.926500000,10849.260500000,10849.037500000,0.216000000,32.666000000,65332,12.500000000,8.359524028,21.714180495,105.613689250,0.867218122,44.519349265,1.000000000
327,history_hotspot_bfs,12458783069,512,40,472,320,2000,1976,402,20.100000000,10881.926500000,10729.885000000,10659.479000000,70.399000000,152.041500000,304083,61.700000000,8.359524028,27.666636101,134.238035949,1.507165172,56.574063724,1.000000000
328,spatial_uniform_bfs,1263990332,512,34,478,992,2000,1976,1,0.050000000,10881.926500000,10876.431000000,10876.177000000,0.247000000,5.495500000,10991,2.850000000,8.359524028,30.279944954,144.352530202,1.663123127,62.291519629,1.000000000
329,fixed_random_bfs,13325012925,512,20,492,323,2000,1976,2,0.100000000,10881.926500000,10870.104500000,10869.593500000,0.504000000,11.822000000,23644,4.600000000,8.359524028,31.791217375,154.226845849,1.619271233,65.425887654,1.000000000
330,fixed_random_bfs,1640849907,512,28,484,359,2000,1976,0,0.000000000,10881.926500000,10877.849500000,10877.842500000,0.000000000,4.077000000,8154,1.200000000,8.359524028,21.803082150,105.175845799,0.870237538,44.703256741,1.000000000
331,history_hotspot_bfs,2245520806,512,41,471,297,2000,1976,405,20.250000000,10881.926500000,10711.847500000,10664.697500000,47.143000000,170.079000000,340158,64.500000000,8.359524028,30.999991471,152.811500852,1.184929276,63.440631733,1.000000000
332,fixed_random_bfs,90380150,512,30,482,357,2000,1976,64,3.200000000,10881.926500000,10828.737500000,10814.281500000,14.449000000,53.189000000,106378,20.300000000,8.359524028,21.832660145,104.221836349,1.138626510,44.722112510,1.000000000
333,fixed_random_bfs,2069959804,512,46,466,400,2000,1976,13,0.650000000,10881.926500000,10830.544500000,10828.304500000,2.233000000,51.382000000,102764,21.550000000,8.359524028,27.252620710,131.531827101,1.484342980,56.032089523,1.000000000
334,fixed_random_bfs,138194386,512,48,464,534,2000,1976,99,4.950000000,10881.926500000,10741.674500000,10728.025000000,13.642500000,140.252000000,280504,56.600000000,8.359524028,26.085976526,125.890601751,1.127451398,53.555361733,1.000000000
335,history_hotspot_bfs,10676507084,512,31,481,172,2000,1976,338,16.900000000,10881.926500000,10711.366500000,10659.749500000,51.610000000,170.560000000,341120,65.300000000,8.359524028,28.001960589,134.213706197,1.542265760,57.353601775,1.000000000
336,fixed_random_bfs,1132441706,512,41,471,666,2000,1976,2,0.100000000,10881.926500000,10847.820000000,10847.363000000,0.450000000,34.106500000,68213,11.350000000,8.359524028,29.051864453,138.099477951,1.147835900,59.754381333,1.000000000
337,fixed_random_bfs,416007742,512,41,471,385,2000,1976,48,2.400000000,10881.926500000,10765.757500000,10756.217500000,9.533000000,116.169000000,232338,52.250000000,8.359524028,27.253344230,131.929401152,1.543008669,56.006765608,1.000000000
338,history_hotspot_bfs,1143318838,512,23,489,117,2000,1976,8,0.400000000,10881.926500000,10843.541500000,10842.708500000,0.826000000,38.385000000,76770,17.550000000,8.359524028,27.276328909,130.768408349,1.147031925,56.081479768,1.000000000
339,fixed_random_bfs,549517209,512,30,482,606,2000,1976,2,0.100000000,10881.926500000,10871.467000000,10870.965000000,0.495000000,10.459500000,20919,4.550000000,8.359524028,27.093923784,134.013590649,1.148206527,55.698765466,1.000000000
340,fixed_random_bfs,1142605856,512,19,493,150,2000,1976,33,1.650000000,10881.926500000,10797.950500000,10789.839000000,8.104500000,83.976000000,167952,39.250000000,8.359524028,21.274324300,102.823058548,1.151621045,43.611719309,1.000000000
341,fixed_random_bfs,1518839266,512,33,479,842,2000,1976,1,0.050000000,10881.926500000,10877.519500000,10877.266000000,0.246500000,4.407000000,8814,1.500000000,8.359524028,30.151748659,145.167403799,1.493117030,62.056518809,1.000000000
342,fixed_random_bfs,4722621789,512,30,482,537,2000,1976,0,0.000000000,10881.926500000,10877.626000000,10877.619000000,0.000000000,4.300500000,8601,1.100000000,8.359524028,25.737697507,122.064199351,1.128455701,52.899397398,1.000000000
343,history_hotspot_bfs,5265682885,512,35,477,341,2000,1976,59,2.950000000,10881.926500000,10753.136500000,10744.736000000,8.393500000,128.790000000,257580,47.950000000,8.359524028,27.329554486,131.945555349,1.520251565,56.160131300,1.000000000
344,fixed_random_bfs,3241140550,512,45,467,1168,2000,1976,5,0.250000000,10881.926500000,10836.848000000,10835.699000000,1.142000000,45.078500000,90157,16.400000000,8.359524028,21.658758996,104.440309051,0.881749872,44.418675154,1.000000000
345,fixed_random_bfs,9470660049,512,27,485,218,2000,1976,237,11.850000000,10881.926500000,10711.270500000,10678.225000000,33.038500000,170.656000000,341312,58.900000000,8.359524028,22.201319268,105.671646350,1.140724324,45.413165382,1.000000000
346,history_hotspot_bfs,12456240969,512,42,470,424,2000,1976,348,17.400000000,10881.926500000,10709.512500000,10658.367000000,51.138500000,172.414000000,344828,65.800000000,8.359524028,27.274619555,131.886691048,1.112299489,55.858731540,1.000000000
347,history_hotspot_bfs,12533949437,512,44,468,450,2000,1976,115,5.750000000,10881.926500000,10731.439500000,10714.791500000,16.641000000,150.487000000,300974,65.000000000,8.359524028,31.507722543,151.723732401,1.177446452,64.822506602,1.000000000
348,fixed_random_bfs,12356963034,512,37,475,697,2000,1976,1,0.050000000,10881.926500000,10851.212500000,10851.009500000,0.196000000,30.714000000,61428,12.750000000,8.359524028,27.493320324,132.064209400,1.496197576,56.528361864,1.000000000
349,history_hotspot_bfs,25632225,512,38,474,323,2000,1976,170,8.500000000,10881.926500000,10714.102500000,10692.470000000,21.625500000,167.824000000,335648,66.450000000,8.359524028,21.341043799,104.637875851,1.150788404,43.730784490,1.000000000
350,fixed_random_bfs,2249891220,512,23,489,382,2000,1976,0,0.000000000,10881.926500000,10878.168000000,10878.161000000,0.000000000,3.758500000,7517,1.550000000,8.359524028,27.157586777,130.862037100,1.102076727,55.869107366,1.000000000
351,fixed_random_bfs,430284809,512,38,474,505,2000,1976,10,0.500000000,10881.926500000,10819.969500000,10817.701500000,2.261000000,61.957000000,123914,25.350000000,8.359524028,21.611110113,104.424208450,0.839742762,44.331011990,1.000000000
352,history_hotspot_bfs,343634578,512,34,478,360,2000,1976,82,4.100000000,10881.926500000,10780.348000000,10763.884000000,16.457000000,101.578500000,203157,36.000000000,8.359524028,27.321829025,131.300840100,1.113749762,56.146369371,1.000000000
353,fixed_random_bfs,4695525107,512,43,469,419,2000,1976,82,4.100000000,10881.926500000,10760.878000000,10753.011500000,7.859500000,121.048500000,242097,43.800000000,8.359524028,30.203861596,144.219241400,1.548085379,62.100830929,1.000000000
354,fixed_random_bfs,1382334098,512,18,494,168,2000,1976,0,0.000000000,10881.926500000,10875.649500000,10875.642500000,0.000000000,6.277000000,12554,1.750000000,8.359524028,27.824464964,132.667163048,1.205662123,57.226760707,1.000000000
355,fixed_random_bfs,292621928,512,24,488,194,2000,1976,0,0.000000000,10881.926500000,10875.015500000,10875.008500000,0.000000000,6.911000000,13822,2.150000000,8.359524028,26.380271333,127.032159301,1.562659074,54.231264174,1.000000000
356,history_hotspot_bfs,1874214575,512,45,467,252,2000,1976,320,16.000000000,10881.926500000,10719.551500000,10691.786500000,27.758000000,162.375000000,324750,68.100000000,8.359524028,30.117512534,148.700994300,1.204098306,61.788266017,1.000000000
357,fixed_random_bfs,2234754150,512,22,490,99,2000,1976,5,0.250000000,10881.926500000,10823.248000000,10822.259000000,0.982000000,58.678500000,117357,20.350000000,8.359524028,21.763162740,105.884775800,1.164507734,44.645581386,1.000000000
358,history_hotspot_bfs,2486324318,512,22,490,192,2000,1976,5,0.250000000,10881.926500000,10857.179000000,10856.291500000,0.880500000,24.747500000,49495,6.700000000,8.359524028,25.381281100,119.138506549,1.168160476,52.151664682,1.000000000
359,fixed_random_bfs,3740426766,512,18,494,98,2000,1976,8,0.400000000,10881.926500000,10842.531000000,10841.627000000,0.897000000,39.395500000,78791,17.550000000,8.359524028,27.447039976,130.293293851,1.111374974,56.450606211,1.000000000
360,spatial_uniform_bfs,1710076775,512,20,492,325,2000,1976,1,0.050000000,10881.926500000,10878.951000000,10878.688500000,0.255500000,2.975500000,5951,1.350000000,8.359524028,28.088667961,135.322782249,1.170604846,57.786908657,1.000000000
361,fixed_random_bfs,1436987832,512,34,478,735,2000,1976,1,0.050000000,10881.926500000,10852.583500000,10852.337000000,0.239500000,29.343000000,58686,7.050000000,8.359524028,28.904484215,140.818284002,1.192840861,59.478958617,1.000000000
362,spatial_uniform_bfs,6495460975,512,30,482,655,2000,1976,1,0.050000000,10881.926500000,10878.724500000,10878.468000000,0.249500000,3.202000000,6404,1.350000000,8.359524028,26.005007042,126.668992600,0.836763838,53.484367102,1.000000000
363,fixed_random_bfs,8404931953,512,31,481,202,2000,1976,24,1.200000000,10881.926500000,10775.572000000,10773.156000000,2.409000000,106.354500000,212709,32.400000000,8.359524028,27.234343127,130.447754550,1.542123230,56.001768183,1.000000000
364,fixed_random_bfs,8934385544,512,25,487,465,2000,1976,0,0.000000000,10881.926500000,10864.670500000,10864.663500000,0.000000000,17.256000000,34512,5.350000000,8.359524028,26.394539361,127.818563651,1.135908156,54.298793203,1.000000000
365,fixed_random_bfs,11231050475,512,36,476,349,2000,1976,84,4.200000000,10881.926500000,10754.112000000,10746.924500000,7.180500000,127.814500000,255629,48.250000000,8.359524028,27.189850793,133.927997850,1.107354290,55.909697405,1.000000000
366,fixed_random_bfs,12459721417,512,25,487,196,2000,1976,4,0.200000000,10881.926500000,10871.809000000,10871.208500000,0.593500000,10.117500000,20235,4.200000000,8.359524028,23.555032534,114.876750002,1.482392981,48.419264068,1.000000000
367,history_hotspot_bfs,1487179451,512,29,483,413,2000,1976,39,1.950000000,10881.926500000,10772.511500000,10763.227000000,9.277500000,109.415000000,218830,35.500000000,8.359524028,21.538387887,102.588274651,1.352690153,44.193381524,1.000000000
368,fixed_random_bfs,13392871940,512,26,486,465,2000,1976,0,0.000000000,10881.926500000,10877.339000000,10877.332000000,0.000000000,4.587500000,9175,1.250000000,8.359524028,24.438563284,121.496954502,1.517863286,50.246105788,1.000000000
369,fixed_random_bfs,4751793237,512,36,476,367,2000,1976,39,1.950000000,10881.926500000,10817.085000000,10812.234000000,4.844000000,64.841500000,129683,23.250000000,8.359524028,21.893214907,105.641164801,0.884543769,44.949181533,1.000000000
370,fixed_random_bfs,8376102990,512,24,488,314,2000,1976,17,0.850000000,10881.926500000,10807.744500000,10804.318000000,3.419500000,74.182000000,148364,25.800000000,8.359524028,29.552343336,144.169756703,1.189725815,60.865096380,1.000000000
371,history_hotspot_bfs,4356494336,512,36,476,261,2000,1976,247,12.350000000,10881.926500000,10704.203500000,10661.298000000,42.898500000,177.723000000,355446,64.700000000,8.359524028,31.157491178,149.619639152,1.609360025,64.033715250,1.000000000
372,fixed_random_bfs,279907320,512,26,486,199,2000,1976,3,0.150000000,10881.926500000,10857.609500000,10857.093000000,0.509500000,24.317000000,48634,6.750000000,8.359524028,28.660810824,138.949742749,0.905164021,59.027032841,1.000000000
373,fixed_random_bfs,1148228194,512,29,483,410,2000,1976,1,0.050000000,10881.926500000,10870.151000000,10869.897000000,0.247000000,11.775500000,23551,5.450000000,8.359524028,26.911839378,131.006373900,1.530066015,55.383026097,1.000000000
374,fixed_random_bfs,9654063954,512,26,486,650,2000,1976,0,0.000000000,10881.926500000,10878.323500000,10878.316500000,0.000000000,3.603000000,7206,1.550000000,8.359524028,27.029824446,131.911097299,1.137057071,55.629129115,1.000000000
375,fixed_random_bfs,3740426594,512,22,490,154,2000,1976,9,0.450000000,10881.926500000,10842.713000000,10841.761000000,0.945000000,39.213500000,78427,17.650000000,8.359524028,27.045991023,129.808040900,1.492130516,55.648027185,1.000000000
376,history_hotspot_bfs,2208476289,512,44,468,238,2000,1976,310,15.500000000,10881.926500000,10704.369500000,10677.866500000,26.496000000,177.557000000,355114,63.550000000,8.359524028,26.870505388,131.673863050,1.487939898,55.043530353,1.000000000
377,fixed_random_bfs,1143318691,512,29,483,402,2000,1976,6,0.300000000,10881.926500000,10854.307500000,10853.085500000,1.215000000,27.619000000,55238,8.600000000,8.359524028,27.015216421,130.655375002,1.494406952,55.593334975,1.000000000
378,history_hotspot_bfs,3391597643,512,20,492,148,2000,1976,182,9.100000000,10881.926500000,10747.110500000,10706.842500000,40.261000000,134.816000000,269632,51.900000000,8.359524028,31.227660905,149.834632800,1.547430451,64.238834235,1.000000000
379,fixed_random_bfs,12040748775,512,32,480,515,2000,1976,1,0.050000000,10881.926500000,10876.718500000,10876.477500000,0.234000000,5.208000000,10416,1.400000000,8.359524028,27.046284806,130.820471851,1.148263374,55.661963680,1.000000000
380,fixed_random_bfs,292622775,512,19,493,126,2000,1976,2,0.100000000,10881.926500000,10868.579000000,10868.164000000,0.408000000,13.347500000,26695,5.200000000,8.359524028,21.663246784,103.680839150,0.868672587,44.470723421,1.000000000
381,fixed_random_bfs,13031943608,512,27,485,556,2000,1976,1,0.050000000,10881.926500000,10877.152000000,10876.893500000,0.251500000,4.774500000,9549,1.500000000,8.359524028,30.295988053,144.030087599,0.888083190,62.440086989,1.000000000
382,spatial_uniform_bfs,1227826159,512,27,485,536,2000,1976,1,0.050000000,10881.926500000,10878.638000000,10878.378000000,0.253000000,3.288500000,6577,1.500000000,8.359524028,22.207687136,108.663032001,1.124448483,45.607005544,1.000000000
383,fixed_random_bfs,4488861353,512,39,473,1482,2000,1976,0,0.000000000,10881.926500000,10869.569500000,10869.562500000,0.000000000,12.357000000,24714,5.250000000,8.359524028,27.465301525,135.110527151,1.553400069,56.524996419,1.000000000
384,history_hotspot_bfs,12456064581,512,42,470,354,2000,1976,99,4.950000000,10881.926500000,10724.108000000,10704.148500000,19.952500000,157.818500000,315637,63.100000000,8.359524028,21.606427030,103.374422350,1.169012180,44.322880894,1.000000000
385,fixed_random_bfs,5971114318,512,15,497,135,2000,1976,5,0.250000000,10881.926500000,10846.895500000,10845.632000000,1.256500000,35.031000000,70062,14.350000000,8.359524028,21.721442827,102.976463350,0.852534444,44.592613254,1.000000000
386,fixed_random_bfs,5478669783,512,18,494,173,2000,1976,5,0.250000000,10881.926500000,10848.624000000,10847.382000000,1.235000000,33.302500000,66605,13.350000000,8.359524028,27.252289700,132.885661700,1.541542902,56.066371437,1.000000000
387,fixed_random_bfs,6859300085,512,29,483,486,2000,1976,1,0.050000000,10881.926500000,10871.738000000,10871.484000000,0.247000000,10.188500000,20377,4.200000000,8.359524028,31.547875220,152.776754200,1.585699452,65.017156601,1.000000000
388,fixed_random_bfs,4183662309,512,23,489,221,2000,1976,9,0.450000000,10881.926500000,10802.980500000,10801.074000000,1.899500000,78.946000000,157892,36.250000000,8.359524028,26.978243735,132.565708600,1.167839791,55.514508836,1.000000000
389,fixed_random_bfs,9865208383,512,30,482,518,2000,1976,1,0.050000000,10881.926500000,10860.110000000,10859.853500000,0.249500000,21.816500000,43633,6.450000000,8.359524028,27.117881183,131.992740750,1.506641224,55.805116086,1.000000000
390,history_hotspot_bfs,10910205889,512,41,471,387,2000,1976,161,8.050000000,10881.926500000,10729.897000000,10702.187000000,27.703000000,152.029500000,304059,55.900000000,8.359524028,31.397156805,151.707047502,1.181262935,64.630097536,1.000000000
391,fixed_random_bfs,122528349,512,27,485,334,2000,1976,73,3.650000000,10881.926500000,10829.779000000,10813.168000000,16.604000000,52.147500000,104295,18.450000000,8.359524028,27.135362459,133.585555750,1.110585663,55.772889562,1.000000000
392,fixed_random_bfs,4452315803,512,42,470,1007,2000,1976,15,0.750000000,10881.926500000,10812.170500000,10808.699000000,3.464500000,69.756000000,139512,25.150000000,8.359524028,27.333627633,132.254570250,1.131629065,56.233817310,1.000000000
393,fixed_random_bfs,1328041456,512,32,480,479,2000,1976,0,0.000000000,10881.926500000,10858.774500000,10858.767500000,0.000000000,23.152000000,46304,6.100000000,8.359524028,21.477493172,104.290298203,1.140853268,44.092106042,1.000000000
394,fixed_random_bfs,12049398816,512,34,478,712,2000,1976,1,0.050000000,10881.926500000,10876.407000000,10876.164500000,0.235500000,5.519500000,11039,1.450000000,8.359524028,27.299917663,130.158848747,1.129801585,56.183275814,1.000000000
395,fixed_random_bfs,4749945172,512,39,473,303,2000,1976,46,2.300000000,10881.926500000,10750.152000000,10745.583000000,4.562000000,131.774500000,263549,46.500000000,8.359524028,21.632726297,105.833442950,1.124914251,44.396492055,1.000000000
396,history_hotspot_bfs,10915402310,512,42,470,446,2000,1976,149,7.450000000,10881.926500000,10729.672000000,10703.439000000,26.226000000,152.254500000,304509,59.500000000,8.359524028,27.049098328,132.383091801,1.506327335,55.598479297,1.000000000
397,fixed_random_bfs,474797448,512,49,463,688,2000,1976,76,3.800000000,10881.926500000,10763.814500000,10748.608000000,15.199500000,118.112000000,236224,51.150000000,8.359524028,21.668738860,103.243096948,0.923953847,44.469821154,1.000000000
398,fixed_random_bfs,295232565,512,30,482,339,2000,1976,2,0.100000000,10881.926500000,10877.460500000,10877.009500000,0.444000000,4.466000000,8932,1.500000000,8.359524028,31.710387375,154.599997049,1.235754399,65.336555982,1.000000000
399,spatial_uniform_bfs,1314136836,512,24,488,485,2000,1976,1,0.050000000,10881.926500000,10878.355000000,10878.096000000,0.252000000,3.571500000,7143,1.300000000,8.359524028,21.846932438,106.626712197,1.145333408,44.862809221,1.000000000
400,history_hotspot_bfs,25632371,512,40,472,306,2000,1976,374,18.700000000,10881.926500000,10736.392500000,10683.966500000,52.419000000,145.534000000,291068,65.000000000,8.359524028,31.178593060,148.901860299,1.585134984,63.980864626,1.000000000
401,fixed_random_bfs,432578860,512,31,481,314,2000,1976,51,2.550000000,10881.926500000,10798.360000000,10787.154500000,11.198500000,83.566500000,167133,32.450000000,8.359524028,27.360243032,131.631378649,1.161629900,56.257027847,1.000000000
402,fixed_random_bfs,4561991363,512,46,466,1488,2000,1976,3,0.150000000,10881.926500000,10861.588500000,10860.843500000,0.738000000,20.338000000,40676,7.850000000,8.359524028,27.484779673,134.850663448,1.149134015,56.556251238,1.000000000
403,fixed_random_bfs,4763677950,512,24,488,281,2000,1976,4,0.200000000,10881.926500000,10857.723000000,10856.784000000,0.932000000,24.203500000,48407,6.950000000,8.359524028,27.258431845,131.964852402,1.565833056,56.085957582,1.000000000
404,history_hotspot_bfs,2086440304,512,28,484,118,2000,1976,399,19.950000000,10881.926500000,10701.441000000,10665.609500000,35.824500000,180.485500000,360971,65.400000000,8.359524028,27.106154533,132.025611150,1.140937514,55.505365012,1.000000000
405,fixed_random_bfs,12488285230,512,28,484,411,2000,1976,0,0.000000000,10881.926500000,10875.993500000,10875.986500000,0.000000000,5.933000000,11866,2.250000000,8.359524028,21.743492078,105.863605550,0.871013230,44.650005077,1.000000000
406,fixed_random_bfs,3092784191,512,46,466,379,2000,1976,9,0.450000000,10881.926500000,10813.004000000,10812.592500000,0.404500000,68.922500000,137845,41.150000000,8.359524028,21.848252351,106.425211951,0.878916934,44.852605468,1.000000000
407,fixed_random_bfs,1549671659,512,33,479,789,2000,1976,2,0.100000000,10881.926500000,10876.428000000,10875.950000000,0.471000000,5.498500000,10997,1.750000000,8.359524028,27.422789889,131.640884350,1.513405933,56.436442776,1.000000000
408,fixed_random_bfs,1674428808,512,38,474,258,2000,1976,3,0.150000000,10881.926500000,10851.016500000,10850.773000000,0.236500000,30.910000000,61820,10.600000000,8.359524028,31.644577790,154.003505200,1.190474137,65.209313589,1.000000000
409,fixed_random_bfs,1147307037,512,37,475,614,2000,1976,3,0.150000000,10881.926500000,10854.986500000,10854.285000000,0.694500000,26.940000000,53880,8.800000000,8.359524028,27.482829543,134.735397548,1.553313484,56.542078949,1.000000000
410,history_hotspot_bfs,4751327677,512,41,471,645,2000,1976,42,2.100000000,10881.926500000,10759.102000000,10749.872000000,9.223000000,122.824500000,245649,46.400000000,8.359524028,31.631065616,152.076804501,1.610995559,65.149531400,1.000000000
411,fixed_random_bfs,492712200,512,32,480,263,2000,1976,3,0.150000000,10881.926500000,10846.093000000,10845.604000000,0.482000000,35.833500000,71667,14.150000000,8.359524028,21.795228965,104.529915200,1.214813748,44.742237325,1.000000000
412,history_hotspot_bfs,12170915280,512,38,474,353,2000,1976,44,2.200000000,10881.926500000,10780.170000000,10772.085000000,8.078000000,101.756500000,203513,33.150000000,8.359524028,27.227713826,131.036571849,1.551252597,56.001948554,1.000000000
413,fixed_random_bfs,4103936121,512,49,463,1731,2000,1976,2,0.100000000,10881.926500000,10862.697000000,10862.206000000,0.484000000,19.229500000,38459,7.500000000,8.359524028,21.755007271,106.476356747,0.885076026,44.668468612,1.000000000
414,fixed_random_bfs,11901884763,512,47,465,259,2000,1976,1,0.050000000,10881.926500000,10850.218500000,10850.177500000,0.034000000,31.708000000,63416,12.050000000,8.359524028,27.381930514,132.285259498,1.129937721,56.333639140,1.000000000
415,fixed_random_bfs,1438730061,512,14,498,92,2000,1976,1,0.050000000,10881.926500000,10871.188000000,10871.181000000,0.000000000,10.738500000,21477,5.250000000,8.359524028,27.659415511,133.662967950,1.513700123,56.910653739,1.000000000
416,spatial_uniform_bfs,1314137040,512,23,489,442,2000,1976,1,0.050000000,10881.926500000,10878.256500000,10877.995500000,0.254000000,3.670000000,7340,1.500000000,8.359524028,31.720844624,153.158694849,1.581631889,65.369484905,1.000000000
417,fixed_random_bfs,7900232342,512,33,479,329,2000,1976,4,0.200000000,10881.926500000,10871.410500000,10870.539500000,0.864000000,10.516000000,21032,3.350000000,8.359524028,31.594452568,154.392942599,1.173822549,65.100549989,1.000000000
418,history_hotspot_bfs,4529130488,512,38,474,237,2000,1976,355,17.750000000,10881.926500000,10738.294000000,10686.426000000,51.861000000,143.632500000,287265,58.150000000,8.359524028,21.695676044,106.177321700,1.158469962,44.366771350,1.000000000
419,fixed_random_bfs,3714381723,512,15,497,25,2000,1976,2,0.100000000,10881.926500000,10873.067500000,10872.793000000,0.267500000,8.859000000,17718,10.300000000,8.359524028,22.014591178,106.875250201,1.131274537,45.196584257,1.000000000
420,history_hotspot_bfs,5307690019,512,52,460,1207,2000,1976,48,2.400000000,10881.926500000,10800.986500000,10791.677000000,9.302500000,80.940000000,161880,31.200000000,8.359524028,27.582651659,134.625547899,1.532982326,56.714987176,1.000000000
421,fixed_random_bfs,1143317821,512,34,478,328,2000,1976,36,1.800000000,10881.926500000,10790.576000000,10784.163500000,6.405500000,91.350500000,182701,35.950000000,8.359524028,27.239809026,132.517890600,1.176205110,56.021431538,1.000000000
422,history_hotspot_bfs,8091600947,512,49,463,660,2000,1976,114,5.700000000,10881.926500000,10746.056000000,10723.814000000,22.235000000,135.870500000,271741,58.550000000,8.359524028,27.377150092,131.512492348,1.543030406,56.266604585,1.000000000
423,fixed_random_bfs,2099832390,512,17,495,101,2000,1976,0,0.000000000,10881.926500000,10866.341500000,10866.334500000,0.000000000,15.585000000,31170,6.250000000,8.359524028,21.914399260,105.322565548,0.829041058,44.987564459,1.000000000
424,history_hotspot_bfs,11172599876,512,38,474,555,2000,1976,129,6.450000000,10881.926500000,10819.097000000,10804.084500000,15.005500000,62.829500000,125659,28.200000000,8.359524028,22.064544352,106.735717451,1.181215897,45.236319777,1.000000000
425,fixed_random_bfs,9043542390,512,33,479,308,2000,1976,27,1.350000000,10881.926500000,10752.021000000,10747.394000000,4.620000000,129.905500000,259811,44.800000000,8.359524028,27.314958196,130.830751749,1.123156804,56.173202466,1.000000000
426,spatial_uniform_bfs,1327634817,512,26,486,555,2000,1976,1,0.050000000,10881.926500000,10878.189500000,10877.928000000,0.254500000,3.737000000,7474,1.500000000,8.359524028,27.669704866,133.081324401,1.127038809,56.930674472,1.000000000
427,fixed_random_bfs,13335866612,512,33,479,733,2000,1976,2,0.100000000,10881.926500000,10875.908500000,10875.413500000,0.488000000,6.018000000,12036,1.700000000,8.359524028,27.614704778,132.466958252,1.135291794,56.819678223,1.000000000
428,spatial_uniform_bfs,1327630027,512,37,475,981,2000,1976,1,0.050000000,10881.926500000,10878.160500000,10877.909500000,0.244000000,3.766000000,7532,1.550000000,8.359524028,27.260885611,131.989301000,1.584482599,56.080495118,1.000000000
429,fixed_random_bfs,1874361203,512,21,491,64,2000,1976,2,0.100000000,10881.926500000,10861.980500000,10861.626500000,0.347000000,19.946000000,39892,5.800000000,8.359524028,31.850363386,154.803839602,1.191287858,65.630919992,1.000000000
430,history_hotspot_bfs,452682282,512,42,470,340,2000,1976,139,6.950000000,10881.926500000,10687.399000000,10673.561000000,13.831000000,194.527500000,389055,67.500000000,8.359524028,27.284052459,133.315063700,1.517479847,56.053032097,1.000000000
431,fixed_random_bfs,1198969862,512,37,475,661,2000,1976,1,0.050000000,10881.926500000,10863.950000000,10863.699500000,0.243500000,17.976500000,35953,7.050000000,8.359524028,27.887111615,136.574475601,1.185186298,57.382580504,1.000000000
432,fixed_random_bfs,4492974926,512,25,487,442,2000,1976,0,0.000000000,10881.926500000,10849.655000000,10849.648000000,0.000000000,32.271500000,64543,11.500000000,8.359524028,21.958550155,105.426069151,0.935736270,45.075520838,1.000000000
433,fixed_random_bfs,1325748213,512,29,483,730,2000,1976,1,0.050000000,10881.926500000,10877.236500000,10876.973500000,0.256000000,4.690000000,9380,1.300000000,8.359524028,22.301510220,107.750786950,0.882359787,45.784914383,1.000000000
434,fixed_random_bfs,7430153074,512,22,490,96,2000,1976,15,0.750000000,10881.926500000,10851.493500000,10849.494000000,1.992500000,30.433000000,60866,9.500000000,8.359524028,31.857184018,153.073094402,1.208367911,65.619740395,1.000000000
435,history_hotspot_bfs,3694908966,512,48,464,447,2000,1976,150,7.500000000,10881.926500000,10712.439500000,10689.189500000,23.243000000,169.487000000,338974,67.600000000,8.359524028,22.028522578,106.900732799,1.186580443,45.180874619,1.000000000
436,fixed_random_bfs,9311844836,512,21,491,381,2000,1976,1,0.050000000,10881.926500000,10876.555000000,10876.292500000,0.255500000,5.371500000,10743,2.200000000,8.359524028,31.615232242,151.940503799,1.628860348,65.161721683,1.000000000
437,spatial_uniform_bfs,1300651903,512,32,480,843,2000,1976,1,0.050000000,10881.926500000,10878.129500000,10877.869000000,0.253500000,3.797000000,7594,1.600000000,8.359524028,31.823413986,154.368453598,1.252707977,65.575797155,1.000000000
438,history_hotspot_bfs,4452315785,512,37,475,638,2000,1976,55,2.750000000,10881.926500000,10805.981000000,10793.775500000,12.198500000,75.945500000,151891,27.300000000,8.359524028,27.425641327,134.889897249,1.182180879,56.396362853,1.000000000
439,fixed_random_bfs,1904460117,512,37,475,650,2000,1976,3,0.150000000,10881.926500000,10869.494000000,10868.846500000,0.640500000,12.432500000,24865,5.100000000,8.359524028,27.462081272,133.371948651,1.579754301,56.500767215,1.000000000
440,history_hotspot_bfs,4468847635,512,38,474,938,2000,1976,50,2.500000000,10881.926500000,10796.752500000,10784.806000000,11.939500000,85.174000000,170348,28.350000000,8.359524028,27.497595517,132.691358452,1.162503385,56.537561898,1.000000000
441,fixed_random_bfs,3389563090,512,31,481,270,2000,1976,0,0.000000000,10881.926500000,10851.906000000,10851.899000000,0.000000000,30.020500000,60041,10.600000000,8.359524028,27.557541964,133.180145151,1.513845904,56.694852694,1.000000000
442,fixed_random_bfs,3677979900,512,15,497,62,2000,1976,0,0.000000000,10881.926500000,10863.837000000,10863.830000000,0.000000000,18.089500000,36179,5.650000000,8.359524028,27.629468158,132.500811002,1.511202912,56.855923173,1.000000000
443,fixed_random_bfs,5221452643,512,37,475,1094,2000,1976,2,0.100000000,10881.926500000,10875.902500000,10875.399000000,0.496500000,6.024000000,12048,2.400000000,8.359524028,27.606152121,133.337640598,1.527170733,56.793457132,1.000000000
444,history_hotspot_bfs,9313283594,512,25,487,214,2000,1976,179,8.950000000,10881.926500000,10731.583000000,10694.930500000,36.645500000,150.343500000,300687,62.050000000,8.359524028,21.493330775,105.077195449,0.873367466,44.066723229,1.000000000
445,fixed_random_bfs,10006220256,512,31,481,560,2000,1976,0,0.000000000,10881.926500000,10880.077000000,10880.070000000,0.000000000,1.849500000,3699,0.550000000,8.359524028,21.778895107,104.937882850,1.148368365,44.713856970,1.000000000
446,fixed_random_bfs,12051483812,512,33,479,657,2000,1976,1,0.050000000,10881.926500000,10867.636500000,10867.393000000,0.236500000,14.290000000,28580,5.850000000,8.359524028,27.523124262,134.147099000,1.137704352,56.622750940,1.000000000
447,fixed_random_bfs,1866964756,512,47,465,1109,2000,1976,2,0.100000000,10881.926500000,10852.152000000,10851.706000000,0.439000000,29.774500000,59549,10.600000000,8.359524028,22.326271170,108.125906850,1.182282039,45.836364055,1.000000000
448,fixed_random_bfs,111503632,512,30,482,345,2000,1976,31,1.550000000,10881.926500000,10841.140500000,10835.495500000,5.638000000,40.786000000,81572,21.300000000,8.359524028,31.863676050,154.398263700,1.587665045,65.612321468,1.000000000
449,spatial_uniform_bfs,1300651831,512,41,471,1233,2000,1976,0,0.000000000,10881.926500000,10877.502500000,10877.495500000,0.000000000,4.424000000,8848,1.850000000,8.359524028,27.802905963,135.332383249,1.543600251,57.213022731,1.000000000
450,history_hotspot_bfs,12533949417,512,53,459,390,2000,1976,146,7.300000000,10881.926500000,10718.578500000,10702.330500000,16.241000000,163.348000000,326696,67.450000000,8.359524028,21.841206375,105.051753749,0.854731586,44.792670489,1.000000000
451,fixed_random_bfs,1398201412,512,20,492,48,2000,1976,0,0.000000000,10881.926500000,10858.864000000,10858.857000000,0.000000000,23.062500000,46125,6.100000000,8.359524028,31.866985500,157.165950003,1.584852730,65.677257781,1.000000000
452,spatial_uniform_bfs,1300652355,512,45,467,1376,2000,1976,1,0.050000000,10881.926500000,10877.491500000,10877.234500000,0.250000000,4.435000000,8870,1.900000000,8.359524028,27.571149718,134.502181499,1.612423510,56.715794376,1.000000000
453,fixed_random_bfs,705402155,512,33,479,336,2000,1976,3,0.150000000,10881.926500000,10863.339500000,10862.817000000,0.515500000,18.587000000,37174,10.350000000,8.359524028,27.519725770,134.028696200,1.171450353,56.604656893,1.000000000
454,history_hotspot_bfs,473894833,512,39,473,427,2000,1976,67,3.350000000,10881.926500000,10769.506500000,10754.181500000,15.318000000,112.420000000,224840,52.850000000,8.359524028,27.391976981,133.263300248,1.542482144,56.329996684,1.000000000
455,spatial_uniform_bfs,1300652303,512,36,476,916,2000,1976,1,0.050000000,10881.926500000,10877.052500000,10876.801500000,0.244000000,4.874000000,9748,1.950000000,8.359524028,31.587718834,153.952752047,1.227135244,65.090810881,1.000000000
456,fixed_random_bfs,335560378,512,39,473,390,2000,1976,165,8.250000000,10881.926500000,10735.725000000,10705.084000000,30.634000000,146.201500000,292403,57.350000000,8.359524028,31.548766848,154.207442351,1.594338101,64.904267553,1.000000000
457,fixed_random_bfs,422548097,512,40,472,121,2000,1976,7,0.350000000,10881.926500000,10801.960000000,10801.402000000,0.551000000,79.966500000,159933,40.150000000,8.359524028,21.539964763,102.899701053,1.154391944,44.206761399,1.000000000
458,fixed_random_bfs,1520431688,512,24,488,223,2000,1976,0,0.000000000,10881.926500000,10873.038500000,10873.031500000,0.000000000,8.888000000,17776,3.750000000,8.359524028,27.528172620,134.751507950,1.127370389,56.638281071,1.000000000
459,fixed_random_bfs,4028808921,512,21,491,53,2000,1976,2,0.100000000,10881.926500000,10860.487000000,10860.291000000,0.189000000,21.439500000,42879,6.250000000,8.359524028,21.712416101,103.335206152,0.843916477,44.573853333,1.000000000
460,fixed_random_bfs,11364765792,512,36,476,129,2000,1976,13,0.650000000,10881.926500000,10829.138000000,10828.562500000,0.568500000,52.788500000,105577,44.950000000,8.359524028,27.539315379,135.422600549,1.127181844,56.660102155,1.000000000
461,history_hotspot_bfs,2829209747,512,39,473,308,2000,1976,180,9.000000000,10881.926500000,10703.299500000,10675.304500000,27.988000000,178.627000000,357254,64.850000000,8.359524028,27.290966060,131.347414949,1.123264251,56.048994825,1.000000000
462,fixed_random_bfs,444058664,512,28,484,512,2000,1976,5,0.250000000,10881.926500000,10857.067000000,10855.839500000,1.220500000,24.859500000,49719,8.600000000,8.359524028,22.013950868,106.603672951,0.898339599,45.186464484,1.000000000
463,spatial_uniform_bfs,1314137134,512,26,486,559,2000,1976,1,0.050000000,10881.926500000,10877.911500000,10877.651000000,0.253500000,4.015000000,8030,1.550000000,8.359524028,27.613772463,132.307526650,1.551240637,56.815804557,1.000000000
464,history_hotspot_bfs,4529953533,512,43,469,379,2000,1976,177,8.850000000,10881.926500000,10697.551000000,10668.967000000,28.577000000,184.375500000,368751,64.450000000,8.359524028,21.684672168,105.628339701,1.148285849,44.421526824,1.000000000
465,fixed_random_bfs,277536063,512,20,492,259,2000,1976,0,0.000000000,10881.926500000,10878.464000000,10878.457000000,0.000000000,3.462500000,6925,3.050000000,8.359524028,28.275088378,136.942380851,1.136565001,58.162285964,1.000000000
466,spatial_uniform_bfs,1327631607,512,36,476,1023,2000,1976,0,0.000000000,10881.926500000,10877.450000000,10877.443000000,0.000000000,4.476500000,8953,1.650000000,8.359524028,28.196089592,132.835110499,1.222816372,58.017973976,1.000000000
467,history_hotspot_bfs,4720550784,512,37,475,281,2000,1976,105,5.250000000,10881.926500000,10728.336000000,10711.224500000,17.104500000,153.590500000,307181,54.000000000,8.359524028,23.869812880,116.032238700,0.855518626,48.991484383,1.000000000
468,fixed_random_bfs,9007500747,512,35,477,544,2000,1976,1,0.050000000,10881.926500000,10860.464500000,10860.225500000,0.232000000,21.462000000,42924,7.500000000,8.359524028,27.454416240,131.677469553,1.257185585,56.452304316,1.000000000
469,fixed_random_bfs,1324735565,512,34,478,944,2000,1976,0,0.000000000,10881.926500000,10881.170500000,10881.163500000,0.000000000,0.756000000,1512,0.800000000,8.359524028,25.622667583,128.237954101,1.219047124,52.636226274,1.000000000
470,fixed_random_bfs,444058678,512,31,481,707,2000,1976,0,0.000000000,10881.926500000,10842.688500000,10842.681500000,0.000000000,39.238000000,78476,11.550000000,8.359524028,28.286024662,139.133489848,1.562704684,58.179529402,1.000000000
471,history_hotspot_bfs,10893856734,512,43,469,548,2000,1976,155,7.750000000,10881.926500000,10723.881500000,10695.518000000,28.356500000,158.045000000,316090,64.050000000,8.359524028,28.361418102,137.499190848,1.151873719,58.281953175,1.000000000
472,fixed_random_bfs,13404320173,512,23,489,254,2000,1976,0,0.000000000,10881.926500000,10874.230500000,10874.223500000,0.000000000,7.696000000,15392,2.250000000,8.359524028,26.884759329,130.651212949,1.250309320,55.255201222,1.000000000
473,fixed_random_bfs,12673046097,512,28,484,702,2000,1976,3,0.150000000,10881.926500000,10875.871500000,10875.096500000,0.768000000,6.055000000,12110,2.100000000,8.359524028,33.098541923,159.494335151,1.293074546,68.151168329,1.000000000
474,fixed_random_bfs,12051595428,512,37,475,794,2000,1976,1,0.050000000,10881.926500000,10857.010500000,10856.997500000,0.006000000,24.916000000,49832,7.900000000,8.359524028,28.757079953,137.502502750,1.523460094,59.135720461,1.000000000
475,history_hotspot_bfs,10916721740,512,57,455,1079,2000,1976,102,5.100000000,10881.926500000,10755.955500000,10735.612500000,20.336000000,125.971000000,251942,56.550000000,8.359524028,23.823409007,116.034630250,1.621934142,48.901110303,1.000000000
476,fixed_random_bfs,1561603666,512,36,476,628,2000,1976,42,2.100000000,10881.926500000,10816.409000000,10807.402500000,8.999500000,65.517500000,131035,30.900000000,8.359524028,24.541228451,119.616828751,1.247989579,50.382131965,1.000000000
477,fixed_random_bfs,12386675076,512,30,482,536,2000,1976,2,0.100000000,10881.926500000,10877.875500000,10877.380500000,0.488000000,4.051000000,8102,1.450000000,8.359524028,30.718858215,151.310626448,0.906443815,63.217642670,1.000000000
478,history_hotspot_bfs,25632364,512,36,476,346,2000,1976,143,7.150000000,10881.926500000,10718.087500000,10693.863500000,24.217000000,163.839000000,327678,65.000000000,8.359524028,32.180700724,155.603839001,1.531374188,66.200065128,1.000000000
479,fixed_random_bfs,5291944038,512,24,488,171,2000,1976,7,0.350000000,10881.926500000,10831.046500000,10829.563000000,1.476500000,50.880000000,101760,18.700000000,8.359524028,28.528648988,137.680749099,1.523283220,58.661070603,1.000000000
480,history_hotspot_bfs,1548540067,512,35,477,347,2000,1976,77,3.850000000,10881.926500000,10774.329000000,10758.041000000,16.281000000,107.597500000,215195,47.250000000,8.359524028,28.595712209,140.800527048,1.195259499,58.764473797,1.000000000
481,fixed_random_bfs,6535772151,512,27,485,333,2000,1976,3,0.150000000,10881.926500000,10834.389000000,10833.709500000,0.672500000,47.537500000,95075,15.700000000,8.359524028,27.267497994,130.684661851,1.591590409,56.042964903,1.000000000
482,fixed_random_bfs,13414113694,512,21,491,58,2000,1976,0,0.000000000,10881.926500000,10874.632500000,10874.625500000,0.000000000,7.294000000,14588,5.100000000,8.359524028,28.895522030,139.640481951,1.595781308,59.447473173,1.000000000
483,spatial_uniform_bfs,12160419133,512,29,483,634,2000,1976,0,0.000000000,10881.926500000,10877.426000000,10877.419000000,0.000000000,4.500500000,9001,1.800000000,8.359524028,22.301740415,109.320934749,1.301113314,45.760708577,1.000000000
484,fixed_random_bfs,12811273501,512,27,485,510,2000,1976,0,0.000000000,10881.926500000,10861.753500000,10861.746500000,0.000000000,20.173000000,40346,6.000000000,8.359524028,22.970966947,109.658220500,1.162806739,47.162079333,1.000000000
485,spatial_uniform_bfs,1300651956,512,31,481,727,2000,1976,0,0.000000000,10881.926500000,10877.192500000,10877.185500000,0.000000000,4.734000000,9468,1.700000000,8.359524028,32.367670804,155.821525701,1.247352009,66.670785397,1.000000000
486,history_hotspot_bfs,2852022761,512,46,466,263,2000,1976,301,15.050000000,10881.926500000,10705.975500000,10675.857500000,30.111000000,175.951000000,351902,68.000000000,8.359524028,26.869133904,128.716629650,1.199948444,55.068214406,1.000000000
487,fixed_random_bfs,534476383,512,49,463,687,2000,1976,30,1.500000000,10881.926500000,10756.355000000,10751.087500000,5.260500000,125.571500000,251143,48.350000000,8.359524028,28.278110611,136.851732650,1.608560299,58.146420773,1.000000000
488,fixed_random_bfs,1324733827,512,29,483,730,2000,1976,1,0.050000000,10881.926500000,10881.646000000,10881.385000000,0.254000000,0.280500000,561,0.150000000,8.359524028,23.393475121,111.027991298,0.881345309,48.064098513,1.000000000
489,history_hotspot_bfs,4455723064,512,32,480,437,2000,1976,57,2.850000000,10881.926500000,10797.796500000,10784.779000000,13.010500000,84.130000000,168260,33.300000000,8.359524028,24.267456790,116.126405199,1.203402661,49.827739334,1.000000000
490,fixed_random_bfs,3098121121,512,40,472,354,2000,1976,9,0.450000000,10881.926500000,10847.279500000,10846.381500000,0.891000000,34.647000000,69294,11.350000000,8.359524028,27.909978955,131.057270400,1.193593263,57.398478687,1.000000000
491,history_hotspot_bfs,4498987611,512,38,474,522,2000,1976,77,3.850000000,10881.926500000,10833.960500000,10820.582000000,13.371500000,47.966000000,95932,18.950000000,8.359524028,29.730667395,140.763294400,1.149551117,61.118096237,1.000000000
492,fixed_random_bfs,8958198523,512,24,488,276,2000,1976,5,0.250000000,10881.926500000,10798.409000000,10797.293000000,1.109000000,83.517500000,167035,24.850000000,8.359524028,28.088247753,134.438323050,1.146918899,57.759651174,1.000000000
493,fixed_random_bfs,12051483841,512,27,485,488,2000,1976,1,0.050000000,10881.926500000,10868.666500000,10868.413500000,0.246000000,13.260000000,26520,5.450000000,8.359524028,29.969283881,143.122248801,1.659333003,61.684269785,1.000000000
494,fixed_random_bfs,1520374841,512,23,489,278,2000,1976,1,0.050000000,10881.926500000,10877.564500000,10877.315500000,0.242000000,4.362000000,8724,1.600000000,8.359524028,26.186278985,125.851502049,1.588937343,53.834747639,1.000000000
495,spatial_uniform_bfs,1300652080,512,38,474,1143,2000,1976,0,0.000000000,10881.926500000,10877.121500000,10877.114500000,0.000000000,4.805000000,9610,1.800000000,8.359524028,27.504370298,130.424198501,1.242351661,56.577302531,1.000000000
496,history_hotspot_bfs,7498428749,512,43,469,648,2000,1976,87,4.350000000,10881.926500000,10749.201500000,10732.934000000,16.260500000,132.725000000,265450,55.450000000,8.359524028,28.070230830,135.960724198,1.548872609,57.704387740,1.000000000
497,fixed_random_bfs,1322673984,512,29,483,490,2000,1976,2,0.100000000,10881.926500000,10861.491500000,10861.472000000,0.012500000,20.435000000,40870,5.650000000,8.359524028,26.098677751,124.340534751,0.853177844,53.650114120,1.000000000
498,history_hotspot_bfs,8274135021,512,32,480,479,2000,1976,35,1.750000000,10881.926500000,10830.456500000,10822.212000000,8.237500000,51.470000000,102940,19.600000000,8.359524028,22.433132066,108.588986548,0.858512796,46.014126674,1.000000000
499,fixed_random_bfs,1295426932,512,32,480,432,2000,1976,0,0.000000000,10881.926500000,10850.692000000,10850.685000000,0.000000000,31.234500000,62469,9.450000000,8.359524028,28.259382244,138.983220650,1.145721225,58.124347314,1.000000000
500,history_hotspot_bfs,10840321817,512,38,474,287,2000,1976,139,6.950000000,10881.926500000,10691.584500000,10672.496000000,19.081500000,190.342000000,380684,66.550000000,8.359524028,22.278203003,107.333266802,1.204583435,45.665299516,1.000000000
501,fixed_random_bfs,62890972,512,38,474,618,2000,1976,0,0.000000000,10881.926500000,10855.608000000,10855.601000000,0.000000000,26.318500000,52637,8.450000000,8.359524028,28.133025164,134.404765998,1.541307709,57.878979264,1.000000000
502,history_hotspot_bfs,11040209527,512,53,459,384,2000,1976,125,6.250000000,10881.926500000,10708.488500000,10692.583500000,15.898000000,173.438000000,346876,70.450000000,8.359524028,27.980254625,136.028000952,1.176665238,57.486071893,1.000000000
503,fixed_random_bfs,9920608214,512,21,491,165,2000,1976,1,0.050000000,10881.926500000,10857.579000000,10857.384000000,0.188000000,24.347500000,48695,5.650000000,8.359524028,27.638128925,132.732117901,1.577827737,56.844799709,1.000000000
504,fixed_random_bfs,1322625918,512,21,491,362,2000,1976,1,0.050000000,10881.926500000,10869.348500000,10869.087000000,0.254500000,12.578000000,25156,4.500000000,8.359524028,28.237947001,138.462768999,1.169526382,58.090025100,1.000000000
505,fixed_random_bfs,13012333814,512,30,482,260,2000,1976,4,0.200000000,10881.926500000,10843.421000000,10842.604000000,0.810000000,38.505500000,77011,18.100000000,8.359524028,27.143891836,128.739849850,1.615733791,55.823612204,1.000000000
506,fixed_random_bfs,1328039949,512,31,481,426,2000,1976,2,0.100000000,10881.926500000,10876.090000000,10875.612000000,0.471000000,5.836500000,11673,4.600000000,8.359524028,31.218872048,147.383092552,1.585504165,64.289388224,1.000000000
507,spatial_uniform_bfs,1263990851,512,30,482,841,2000,1976,1,0.050000000,10881.926500000,10876.724000000,10876.462500000,0.254500000,5.202500000,10405,2.550000000,8.359524028,28.123687295,133.729751750,1.588945892,57.865922415,1.000000000
508,history_hotspot_bfs,974882842,512,51,461,372,2000,1976,141,7.050000000,10881.926500000,10714.946500000,10695.013500000,19.926000000,166.980000000,333960,68.650000000,8.359524028,21.882739715,105.946648349,0.852545755,44.882593461,1.000000000
509,fixed_random_bfs,10704407724,512,23,489,205,2000,1976,1,0.050000000,10881.926500000,10866.104500000,10865.872000000,0.225500000,15.822000000,31644,6.250000000,8.359524028,28.353457254,138.534502248,1.532031207,58.317322119,1.000000000
510,fixed_random_bfs,1132441934,512,43,469,1069,2000,1976,2,0.100000000,10881.926500000,10853.709000000,10853.250000000,0.452000000,28.217500000,56435,10.300000000,8.359524028,27.094600519,130.144849649,1.629972378,55.723363669,1.000000000
511,fixed_random_bfs,432874403,512,31,481,543,2000,1976,5,0.250000000,10881.926500000,10827.556500000,10826.339000000,1.210500000,54.370000000,108740,17.450000000,8.359524028,28.047762240,135.421737550,1.151309133,57.686395308,1.000000000
512,history_hotspot_bfs,2245786927,512,35,477,233,2000,1976,414,20.700000000,10881.926500000,10712.093000000,10657.847500000,54.238500000,169.833500000,339667,65.950000000,8.359524028,26.779133778,129.317302249,1.190466724,54.775794895,1.000000000
513,fixed_random_bfs,12055134941,512,24,488,150,2000,1976,1,0.050000000,10881.926500000,10871.107000000,10870.877500000,0.222500000,10.819500000,21639,4.300000000,8.359524028,26.430726653,127.481128751,1.269825664,54.340755665,1.000000000
514,history_hotspot_bfs,2414401910,512,53,459,319,2000,1976,323,16.150000000,10881.926500000,10721.336500000,10692.944000000,28.385500000,160.590000000,321180,69.400000000,8.359524028,28.946013432,138.621664751,1.150823247,59.355567220,1.000000000
515,fixed_random_bfs,5277793605,512,22,490,251,2000,1976,22,1.100000000,10881.926500000,10809.480000000,10804.584500000,4.888500000,72.446500000,144893,26.900000000,8.359524028,29.078524560,141.219725499,1.154352414,59.834357590,1.000000000
516,fixed_random_bfs,279907485,512,23,489,85,2000,1976,3,0.150000000,10881.926500000,10858.864000000,10858.552500000,0.304500000,23.062500000,46125,7.250000000,8.359524028,26.602137008,126.497144651,1.567039664,54.690140723,1.000000000
517,fixed_random_bfs,11470160441,512,32,480,151,2000,1976,2,0.100000000,10881.926500000,10859.772000000,10859.624500000,0.140500000,22.154500000,44309,7.250000000,8.359524028,26.942716917,129.919686897,1.139410291,55.431255467,1.000000000
518,history_hotspot_bfs,3992982895,512,36,476,267,2000,1976,413,20.650000000,10881.926500000,10714.496000000,10655.819500000,58.669500000,167.430500000,334861,64.150000000,8.359524028,27.727391199,133.145016951,1.524684623,56.716319221,1.000000000
519,fixed_random_bfs,1640849736,512,31,481,445,2000,1976,0,0.000000000,10881.926500000,10878.057000000,10878.050000000,0.000000000,3.869500000,7739,1.000000000,8.359524028,28.570604677,136.087896600,1.140833886,58.790355599,1.000000000
520,spatial_uniform_bfs,11358714971,512,25,487,576,2000,1976,1,0.050000000,10881.926500000,10876.191000000,10875.930500000,0.253500000,5.735500000,11471,2.800000000,8.359524028,25.531452086,122.568150550,1.250482470,52.477163228,1.000000000
521,history_hotspot_bfs,4567051364,512,29,483,371,2000,1976,50,2.500000000,10881.926500000,10824.489500000,10813.680500000,10.802000000,57.437000000,114874,18.550000000,8.359524028,23.915179019,122.448609850,0.952578564,49.089783868,1.000000000
522,fixed_random_bfs,1148228632,512,32,480,844,2000,1976,1,0.050000000,10881.926500000,10872.441500000,10872.182500000,0.252000000,9.485000000,18970,3.950000000,8.359524028,28.631153554,136.883699752,1.566717750,58.933758172,1.000000000
523,history_hotspot_bfs,5279422236,512,45,467,382,2000,1976,147,7.350000000,10881.926500000,10713.944000000,10692.051500000,21.885500000,167.982500000,335965,64.900000000,8.359524028,23.349279646,111.113217249,0.851059255,47.920682116,1.000000000
524,fixed_random_bfs,8274134963,512,26,486,368,2000,1976,31,1.550000000,10881.926500000,10823.056000000,10815.426000000,7.623000000,58.870500000,117741,20.950000000,8.359524028,25.729849942,126.482364300,1.213323311,52.861296231,1.000000000
525,fixed_random_bfs,1322703518,512,23,489,328,2000,1976,1,0.050000000,10881.926500000,10863.528000000,10863.272000000,0.249000000,18.398500000,36797,5.350000000,8.359524028,31.243991703,147.027143802,1.163369868,64.350063488,1.000000000
526,fixed_random_bfs,1148227984,512,31,481,593,2000,1976,1,0.050000000,10881.926500000,10871.186500000,10870.929500000,0.250000000,10.740000000,21480,4.500000000,8.359524028,28.016751357,136.375095801,1.477190096,57.626227604,1.000000000
527,history_hotspot_bfs,5865166001,512,50,462,661,2000,1976,146,7.300000000,10881.926500000,10724.218500000,10705.567000000,18.644500000,157.708000000,315416,65.100000000,8.359524028,22.547461829,110.694131650,1.587000835,46.238375831,1.000000000
528,fixed_random_bfs,1328045023,512,31,481,790,2000,1976,0,0.000000000,10881.926500000,10876.140500000,10876.133500000,0.000000000,5.786000000,11572,2.650000000,8.359524028,32.054761640,154.620940602,1.081237096,66.041523541,1.000000000
529,history_hotspot_bfs,5902247588,512,30,482,256,2000,1976,138,6.900000000,10881.926500000,10709.698500000,10690.899500000,18.792000000,172.228000000,344456,66.150000000,8.359524028,27.546663514,135.396873351,1.166897192,56.628537156,1.000000000
530,fixed_random_bfs,1323004998,512,24,488,334,2000,1976,0,0.000000000,10881.926500000,10874.809500000,10874.802500000,0.000000000,7.117000000,14234,3.500000000,8.359524028,28.088139258,137.760301501,1.570365745,57.783477580,1.000000000
531,spatial_uniform_bfs,1263990596,512,30,482,813,2000,1976,1,0.050000000,10881.926500000,10876.040000000,10875.781000000,0.252000000,5.886500000,11773,3.000000000,8.359524028,31.976995091,150.364081600,1.141689795,65.869241459,1.000000000
532,fixed_random_bfs,4501342445,512,36,476,653,2000,1976,1,0.050000000,10881.926500000,10830.731000000,10830.481000000,0.243000000,51.195500000,102391,14.950000000,8.359524028,28.072468771,136.199815450,1.174230300,57.739739435,1.000000000
533,fixed_random_bfs,3736054911,512,20,492,74,2000,1976,7,0.350000000,10881.926500000,10851.592000000,10850.328000000,1.257000000,30.334500000,60669,12.100000000,8.359524028,21.920146842,105.360413948,1.135371762,44.993757792,1.000000000
534,fixed_random_bfs,4757473093,512,14,498,182,2000,1976,0,0.000000000,10881.926500000,10880.853500000,10880.846500000,0.000000000,1.073000000,2146,0.650000000,8.359524028,22.208186783,108.210604148,1.191405503,45.588949149,1.000000000
535,fixed_random_bfs,1183683996,512,30,482,629,2000,1976,0,0.000000000,10881.926500000,10877.690000000,10877.683000000,0.000000000,4.236500000,8473,1.000000000,8.359524028,28.025875184,137.430748100,1.159664948,57.650794190,1.000000000
536,fixed_random_bfs,12738892292,512,34,478,633,2000,1976,1,0.050000000,10881.926500000,10877.495000000,10877.248000000,0.240000000,4.431500000,8863,1.550000000,8.359524028,28.118724999,138.536703000,1.152969836,57.842441783,1.000000000
537,spatial_uniform_bfs,8289644875,512,22,490,345,2000,1976,1,0.050000000,10881.926500000,10876.010500000,10875.751000000,0.252500000,5.916000000,11832,2.650000000,8.359524028,28.172994030,134.782098899,1.559519174,57.951543288,1.000000000
538,history_hotspot_bfs,12455973455,512,54,458,1215,2000,1976,123,6.150000000,10881.926500000,10759.305500000,10732.608000000,26.690500000,122.621000000,245242,56.150000000,8.359524028,22.025126761,105.281659097,1.154545688,45.175976469,1.000000000
539,fixed_random_bfs,1586188069,512,41,471,1164,2000,1976,4,0.200000000,10881.926500000,10872.904000000,10871.900000000,0.997000000,9.022500000,18045,3.000000000,8.359524028,30.834060507,146.286926098,1.246390992,63.471492623,1.000000000
540,fixed_random_bfs,1322955453,512,28,484,457,2000,1976,0,0.000000000,10881.926500000,10861.212500000,10861.205500000,0.000000000,20.714000000,41428,6.150000000,8.359524028,28.679156543,137.388775299,1.548060115,59.011154204,1.000000000
541,fixed_random_bfs,5291836415,512,32,480,270,2000,1976,65,3.250000000,10881.926500000,10767.569000000,10753.600500000,13.961500000,114.357500000,228715,49.350000000,8.359524028,21.805073080,104.493950350,0.879536343,44.737033053,1.000000000
542,fixed_random_bfs,4464130481,512,44,468,436,2000,1976,54,2.700000000,10881.926500000,10782.795500000,10773.713500000,9.075000000,99.131000000,198262,36.550000000,8.359524028,27.840589770,135.913890849,1.541274743,57.234253230,1.000000000
543,fixed_random_bfs,10832272086,512,32,480,239,2000,1976,10,0.500000000,10881.926500000,10841.932500000,10840.232000000,1.693500000,39.994000000,79988,14.550000000,8.359524028,25.575693579,124.424590700,1.530358403,52.546779875,1.000000000
544,history_hotspot_bfs,122432566,512,43,469,382,2000,1976,137,6.850000000,10881.926500000,10746.847500000,10725.115000000,21.725500000,135.079000000,270158,51.500000000,8.359524028,29.682450582,144.299854600,1.576112275,61.032808318,1.000000000
545,fixed_random_bfs,5337811386,512,39,473,554,2000,1976,28,1.400000000,10881.926500000,10827.746000000,10822.736000000,5.003000000,54.180500000,108361,25.600000000,8.359524028,27.905084689,135.819432999,1.148232281,57.400786973,1.000000000
546,fixed_random_bfs,8445784733,512,27,485,169,2000,1976,3,0.150000000,10881.926500000,10848.166500000,10847.534000000,0.625500000,33.760000000,67520,12.900000000,8.359524028,32.071311197,153.297535848,1.562893965,66.075813996,1.000000000
547,spatial_uniform_bfs,1148227838,512,31,481,573,2000,1976,2,0.100000000,10881.926500000,10876.257000000,10875.768500000,0.481500000,5.669500000,11339,2.750000000,8.359524028,25.299040663,123.546988347,0.878636159,52.013817142,1.000000000
548,fixed_random_bfs,4501342485,512,24,488,552,2000,1976,0,0.000000000,10881.926500000,10860.265500000,10860.258500000,0.000000000,21.661000000,43322,10.050000000,8.359524028,27.885769209,133.987221552,0.887526025,57.390174637,1.000000000
549,fixed_random_bfs,4495041707,512,39,473,860,2000,1976,2,0.100000000,10881.926500000,10856.413000000,10855.975000000,0.431000000,25.513500000,51027,10.200000000,8.359524028,28.042704260,136.705730898,1.569419125,57.684445562,1.000000000
550,history_hotspot_bfs,1143318145,512,34,478,211,2000,1976,139,6.950000000,10881.926500000,10807.048500000,10777.965500000,29.076000000,74.878000000,149756,40.950000000,8.359524028,28.548986089,136.983613749,1.595434412,58.656816410,1.000000000
551,fixed_random_bfs,1131292024,512,37,475,305,2000,1976,10,0.500000000,10881.926500000,10841.326500000,10840.077500000,1.242000000,40.600000000,81200,14.300000000,8.359524028,24.001816085,115.125314252,0.871645623,49.316173810,1.000000000
552,fixed_random_bfs,1190291603,512,18,494,139,2000,1976,5,0.250000000,10881.926500000,10855.840000000,10855.124500000,0.708500000,26.086500000,52173,7.000000000,8.359524028,29.135450885,141.645315400,1.546021902,59.966867596,1.000000000
553,history_hotspot_bfs,2516156959,512,18,494,128,2000,1976,146,7.300000000,10881.926500000,10739.315000000,10715.663500000,23.644500000,142.611500000,285223,55.200000000,8.359524028,27.754570862,135.358929550,1.607039722,57.001364077,1.000000000
554,fixed_random_bfs,5297746056,512,33,479,421,2000,1976,65,3.250000000,10881.926500000,10778.374000000,10768.652000000,9.715000000,103.552500000,207105,33.650000000,8.359524028,21.885510613,106.416918650,1.227588586,44.903276223,1.000000000
555,fixed_random_bfs,1520365923,512,28,484,557,2000,1976,0,0.000000000,10881.926500000,10874.117000000,10874.110000000,0.000000000,7.809500000,15619,2.500000000,8.359524028,27.765919160,133.428672099,1.161666219,57.125769446,1.000000000
556,fixed_random_bfs,10137983255,512,39,473,960,2000,1976,0,0.000000000,10881.926500000,10877.540500000,10877.533500000,0.000000000,4.386000000,8772,1.300000000,8.359524028,22.211418329,108.702046699,1.248467864,45.605256400,1.000000000
557,history_hotspot_bfs,5284385983,512,32,480,243,2000,1976,131,6.550000000,10881.926500000,10708.368000000,10692.918500000,15.442500000,173.558500000,347117,67.850000000,8.359524028,31.329717269,152.658760501,1.258381619,64.484432075,1.000000000
558,fixed_random_bfs,1534488076,512,38,474,130,2000,1976,1,0.050000000,10881.926500000,10864.185000000,10864.071000000,0.107000000,17.741500000,35483,7.650000000,8.359524028,22.099103940,105.266135648,0.886287716,45.363698067,1.000000000
559,fixed_random_bfs,1731169514,512,28,484,427,2000,1976,8,0.400000000,10881.926500000,10813.851000000,10812.131000000,1.713000000,68.075500000,136151,23.350000000,8.359524028,27.776861407,134.796914552,1.125470348,57.131031460,1.000000000
560,history_hotspot_bfs,8001483701,512,37,475,246,2000,1976,91,4.550000000,10881.926500000,10703.853500000,10693.043500000,10.803000000,178.073000000,356146,66.350000000,8.359524028,27.707483009,133.981799602,1.565016985,56.951541420,1.000000000
561,fixed_random_bfs,1654560453,512,31,481,537,2000,1976,3,0.150000000,10881.926500000,10836.199500000,10835.450500000,0.742000000,45.727000000,91454,13.750000000,8.359524028,28.144025393,135.119458652,1.167625744,57.882752104,1.000000000
562,history_hotspot_bfs,9321127087,512,37,475,282,2000,1976,160,8.000000000,10881.926500000,10726.015000000,10705.946000000,20.062000000,155.911500000,311823,56.050000000,8.359524028,25.664949600,126.150574247,1.522323737,52.717186546,1.000000000
563,history_hotspot_bfs,10914702361,512,35,477,279,2000,1976,277,13.850000000,10881.926500000,10702.902500000,10656.658000000,46.237500000,179.024000000,358048,64.600000000,8.359524028,32.066320361,154.270203848,1.238752639,65.850074130,1.000000000
564,fixed_random_bfs,4456681818,512,35,477,192,2000,1976,1,0.050000000,10881.926500000,10868.755000000,10868.726500000,0.021500000,13.171500000,26343,15.700000000,8.359524028,32.430407262,156.887973148,1.650237254,66.804776505,1.000000000
565,fixed_random_bfs,5413401448,512,43,469,1100,2000,1976,32,1.600000000,10881.926500000,10827.703500000,10819.989500000,7.707000000,54.223000000,108446,23.300000000,8.359524028,22.006497010,106.000650199,1.246083517,45.153975707,1.000000000
566,history_hotspot_bfs,12086138909,512,37,475,517,2000,1976,124,6.200000000,10881.926500000,10727.695500000,10715.172000000,12.516500000,154.231000000,308462,56.950000000,8.359524028,27.976113655,136.247082453,1.149064234,57.441961114,1.000000000
567,fixed_random_bfs,7678759693,512,33,479,796,2000,1976,2,0.100000000,10881.926500000,10876.228000000,10875.733500000,0.487500000,5.698500000,11397,2.250000000,8.359524028,22.007745255,104.958064300,0.881815873,45.164087960,1.000000000
568,fixed_random_bfs,497334239,512,30,482,397,2000,1976,23,1.150000000,10881.926500000,10799.168000000,10794.110500000,5.050500000,82.758500000,165517,25.500000000,8.359524028,27.933244679,136.031368351,1.147486407,57.438872632,1.000000000
569,fixed_random_bfs,4718388084,512,39,473,587,2000,1976,39,1.950000000,10881.926500000,10785.575500000,10780.140500000,5.428000000,96.351000000,192702,34.400000000,8.359524028,28.488081512,138.114169502,1.172872453,58.582208161,1.000000000
570,fixed_random_bfs,5296143935,512,30,482,651,2000,1976,0,0.000000000,10881.926500000,10863.989500000,10863.982500000,0.000000000,17.937000000,35874,6.750000000,8.359524028,29.749088897,144.494433101,0.982094399,61.246898843,1.000000000
571,history_hotspot_bfs,111459764,512,37,475,420,2000,1976,41,2.050000000,10881.926500000,10770.763500000,10761.909000000,8.847500000,111.163000000,222326,49.150000000,8.359524028,24.095822872,117.079359752,1.259847008,49.484393350,1.000000000
572,fixed_random_bfs,13414122093,512,20,492,86,2000,1976,0,0.000000000,10881.926500000,10881.036500000,10881.029500000,0.000000000,0.890000000,1780,0.800000000,8.359524028,28.392700655,136.894546350,1.534884219,58.401784719,1.000000000
573,fixed_random_bfs,4000897111,512,23,489,259,2000,1976,0,0.000000000,10881.926500000,10855.691500000,10855.684500000,0.000000000,26.235000000,52470,8.200000000,8.359524028,31.229081545,149.145138202,1.199914136,64.308272725,1.000000000
574,spatial_uniform_bfs,1148143857,512,35,477,696,2000,1976,2,0.100000000,10881.926500000,10876.283000000,10875.795500000,0.480500000,5.643500000,11287,2.900000000,8.359524028,28.401944082,138.297502001,1.581626461,58.404747140,1.000000000
575,fixed_random_bfs,480346404,512,27,485,466,2000,1976,14,0.700000000,10881.926500000,10789.495000000,10786.038000000,3.450000000,92.431500000,184863,26.200000000,8.359524028,28.326173123,138.240435399,1.550984457,58.250419988,1.000000000
576,history_hotspot_bfs,473873465,512,33,479,185,2000,1976,93,4.650000000,10881.926500000,10704.185500000,10689.050500000,15.128000000,177.741000000,355482,64.800000000,8.359524028,22.017487843,107.040173801,0.881191032,45.148069994,1.000000000
577,fixed_random_bfs,295526664,512,10,502,65,2000,1976,1,0.050000000,10881.926500000,10859.767500000,10859.759000000,0.001500000,22.159000000,44318,5.600000000,8.359524028,22.217856642,106.870478749,0.871955454,45.599093020,1.000000000
578,fixed_random_bfs,4488861385,512,25,487,510,2000,1976,0,0.000000000,10881.926500000,10867.853000000,10867.846000000,0.000000000,14.073500000,28147,5.800000000,8.359524028,28.375552771,138.105313152,1.199472514,58.358928612,1.000000000
579,spatial_uniform_bfs,1148143474,512,35,477,858,2000,1976,1,0.050000000,10881.926500000,10875.788000000,10875.539000000,0.242000000,6.138500000,12277,3.050000000,8.359524028,26.563737760,128.923052998,1.571416934,54.587634452,1.000000000
580,fixed_random_bfs,1676348356,512,31,481,495,2000,1976,1,0.050000000,10881.926500000,10873.276000000,10873.027000000,0.242000000,8.650500000,17301,3.650000000,8.359524028,22.279639245,108.236288052,1.166964776,45.728329888,1.000000000
581,fixed_random_bfs,13943035813,512,30,482,322,2000,1976,1,0.050000000,10881.926500000,10856.943000000,10856.934000000,0.002000000,24.983500000,49967,5.850000000,8.359524028,28.438803191,137.414863599,1.569988929,58.477277828,1.000000000
582,history_hotspot_bfs,1866347344,512,45,467,522,2000,1976,105,5.250000000,10881.926500000,10739.917000000,10724.373500000,15.536500000,142.009500000,284019,53.550000000,8.359524028,28.141010112,135.370120350,1.556064801,57.838784540,1.000000000
583,spatial_uniform_bfs,1148227992,512,32,480,738,2000,1976,1,0.050000000,10881.926500000,10875.320000000,10875.063500000,0.249500000,6.606500000,13213,3.100000000,8.359524028,32.537877723,158.242967449,1.601177600,67.014074709,1.000000000
584,fixed_random_bfs,13153050614,512,41,471,320,2000,1976,35,1.750000000,10881.926500000,10786.797000000,10781.983500000,4.806500000,95.129500000,190259,45.050000000,8.359524028,26.676540158,128.198973202,1.283487002,54.814376090,1.000000000
585,fixed_random_bfs,1204987916,512,17,495,95,2000,1976,1,0.050000000,10881.926500000,10857.643500000,10857.395000000,0.241500000,24.283000000,48566,5.550000000,8.359524028,32.592298976,155.457218400,1.260323884,67.119650377,1.000000000
586,fixed_random_bfs,1142607433,512,20,492,290,2000,1976,1,0.050000000,10881.926500000,10857.335000000,10857.072500000,0.255500000,24.591500000,49183,6.650000000,8.359524028,28.509832540,138.303277952,1.574122481,58.633756739,1.000000000
587,history_hotspot_bfs,4452315941,512,47,465,754,2000,1976,82,4.100000000,10881.926500000,10756.699000000,10738.235500000,18.456500000,125.227500000,250455,54.450000000,8.359524028,28.208532895,136.772984002,1.174873812,57.981889850,1.000000000
588,fixed_random_bfs,1518843190,512,18,494,210,2000,1976,0,0.000000000,10881.926500000,10878.325000000,10878.318000000,0.000000000,3.601500000,7203,1.250000000,8.359524028,32.647497160,157.354128548,1.608977231,67.251624634,1.000000000
589,spatial_uniform_bfs,1145535965,512,27,485,470,2000,1976,1,0.050000000,10881.926500000,10875.124000000,10874.864500000,0.252500000,6.802500000,13605,3.000000000,8.359524028,32.715005258,156.990399749,1.244390164,67.393281122,1.000000000
590,fixed_random_bfs,5264509361,512,37,475,419,2000,1976,1,0.050000000,10881.926500000,10851.466000000,10851.267500000,0.191500000,30.460500000,60921,9.950000000,8.359524028,21.973896951,107.034234348,1.143019274,45.100554509,1.000000000
591,spatial_uniform_bfs,1145535973,512,34,478,872,2000,1976,2,0.100000000,10881.926500000,10874.855500000,10874.343500000,0.505000000,7.071000000,14142,3.350000000,8.359524028,22.053383296,106.103233801,1.158916047,45.260368558,1.000000000
592,fixed_random_bfs,2880479516,512,30,482,275,2000,1976,10,0.500000000,10881.926500000,10825.168500000,10823.904000000,1.257500000,56.758000000,113516,19.200000000,8.359524028,28.086642814,134.898853598,1.181540156,57.768413586,1.000000000
593,history_hotspot_bfs,7892887309,512,30,482,274,2000,1976,5,0.250000000,10881.926500000,10834.154000000,10833.620500000,0.526500000,47.772500000,95545,17.550000000,8.359524028,22.099304991,106.881462450,0.898725826,45.350303920,1.000000000
594,fixed_random_bfs,4561990368,512,26,486,509,2000,1976,0,0.000000000,10881.926500000,10876.920500000,10876.913500000,0.000000000,5.006000000,10012,1.800000000,8.359524028,28.372722298,138.263978702,1.156338466,58.350600591,1.000000000
595,history_hotspot_bfs,8273973049,512,28,484,286,2000,1976,12,0.600000000,10881.926500000,10835.553500000,10834.450500000,1.096000000,46.373000000,92746,18.550000000,8.359524028,22.306359940,105.921665200,0.876677242,45.759916455,1.000000000
596,fixed_random_bfs,663689247,512,27,485,333,2000,1976,3,0.150000000,10881.926500000,10850.376500000,10849.770500000,0.599000000,31.550000000,63100,12.000000000,8.359524028,28.343717521,137.485951851,1.553780215,58.286477102,1.000000000
597,history_hotspot_bfs,8341803235,512,44,468,607,2000,1976,42,2.100000000,10881.926500000,10809.666000000,10801.388500000,8.270500000,72.260500000,144521,29.600000000,8.359524028,28.338574864,135.330334001,1.166977528,58.241953043,1.000000000
598,fixed_random_bfs,11500609455,512,35,477,339,2000,1976,31,1.550000000,10881.926500000,10783.411000000,10780.402000000,3.002000000,98.515500000,197031,35.200000000,8.359524028,28.133906196,136.320038401,1.170994124,57.858913920,1.000000000
599,fixed_random_bfs,4068484663,512,15,497,65,2000,1976,2,0.100000000,10881.926500000,10861.652500000,10861.218500000,0.427000000,20.274000000,40548,5.850000000,8.359524028,28.346169246,137.905671799,1.151526682,58.296875772,1.000000000
600,history_hotspot_bfs,10914247485,512,42,470,719,2000,1976,115,5.750000000,10881.926500000,10743.471500000,10717.095000000,26.369500000,138.455000000,276910,59.550000000,8.359524028,32.494500501,160.153367749,1.234644533,66.859953678,1.000000000
601,fixed_random_bfs,1193621333,512,26,486,531,2000,1976,0,0.000000000,10881.926500000,10865.918000000,10865.911000000,0.000000000,16.008500000,32017,5.500000000,8.359524028,28.607984905,139.303516501,1.182399396,58.843837954,1.000000000
602,history_hotspot_bfs,10916713066,512,45,467,378,2000,1976,123,6.150000000,10881.926500000,10716.275500000,10701.185500000,15.083000000,165.651000000,331302,63.850000000,8.359524028,32.239579678,157.174034500,1.692330353,66.321683714,1.000000000
603,fixed_random_bfs,13012263181,512,38,474,358,2000,1976,14,0.700000000,10881.926500000,10794.868000000,10793.173500000,1.687500000,87.058500000,174117,31.950000000,8.359524028,21.959890047,107.955149501,0.936982470,45.069188616,1.000000000
604,history_hotspot_bfs,11392901868,512,31,481,292,2000,1976,209,10.450000000,10881.926500000,10726.363500000,10696.665000000,29.691500000,155.563000000,311126,55.850000000,8.359524028,28.040383682,138.313722499,1.591091769,57.594050144,1.000000000
605,fixed_random_bfs,1126333925,512,32,480,605,2000,1976,1,0.050000000,10881.926500000,10855.987500000,10855.746500000,0.234000000,25.939000000,51878,8.650000000,8.359524028,22.136377653,107.270375749,0.874607289,45.438198652,1.000000000
606,history_hotspot_bfs,13034312908,512,39,473,512,2000,1976,48,2.400000000,10881.926500000,10818.994000000,10809.423500000,9.563500000,62.932500000,125865,24.350000000,8.359524028,22.208773074,104.902427001,1.151497111,45.563882892,1.000000000
607,fixed_random_bfs,1296455191,512,30,482,731,2000,1976,10,0.500000000,10881.926500000,10782.935000000,10780.449000000,2.479000000,98.991500000,197983,28.350000000,8.359524028,32.512956729,155.439369852,1.246906756,66.965495317,1.000000000
608,history_hotspot_bfs,13510322646,512,29,483,185,2000,1976,378,18.900000000,10881.926500000,10723.779000000,10648.941000000,74.831000000,158.147500000,316295,62.100000000,8.359524028,22.205693541,107.200710351,1.178229840,45.371320836,1.000000000
609,fixed_random_bfs,13576410815,512,18,494,227,2000,1976,3,0.150000000,10881.926500000,10861.783500000,10861.019000000,0.757500000,20.143000000,40286,6.950000000,8.359524028,28.337774436,139.062585252,1.569426682,58.290971348,1.000000000
610,fixed_random_bfs,1148143865,512,25,487,508,2000,1976,4,0.200000000,10881.926500000,10856.867000000,10855.860000000,1.000000000,25.059500000,50119,7.900000000,8.359524028,32.628632320,158.503403452,1.653753655,67.209391999,1.000000000
611,fixed_random_bfs,4587696995,512,23,489,191,2000,1976,9,0.450000000,10881.926500000,10855.991000000,10854.017000000,1.967000000,25.935500000,51871,8.150000000,8.359524028,28.199221203,138.179512099,1.549753616,57.979129923,1.000000000
612,fixed_random_bfs,2854186076,512,29,483,513,2000,1976,1,0.050000000,10881.926500000,10855.689500000,10855.445500000,0.237000000,26.237000000,52474,6.200000000,8.359524028,28.191437294,136.079349801,1.168884326,57.988557048,1.000000000
613,fixed_random_bfs,1395617281,512,20,492,203,2000,1976,1,0.050000000,10881.926500000,10841.274000000,10841.020000000,0.247000000,40.652500000,81305,13.700000000,8.359524028,28.246957737,135.446560699,1.572445969,58.104814702,1.000000000
614,spatial_uniform_bfs,1148228554,512,28,484,535,2000,1976,1,0.050000000,10881.926500000,10874.990000000,10874.732000000,0.251000000,6.936500000,13873,3.200000000,8.359524028,28.372388771,140.030686300,1.556967337,58.353099059,1.000000000
615,fixed_random_bfs,2896364544,512,27,485,284,2000,1976,2,0.100000000,10881.926500000,10857.642000000,10857.570000000,0.065000000,24.284500000,48569,5.600000000,8.359524028,22.123924348,107.099408451,1.216057151,45.405943853,1.000000000
616,history_hotspot_bfs,2250812531,512,39,473,353,2000,1976,113,5.650000000,10881.926500000,10701.120000000,10679.667000000,21.446000000,180.806500000,361613,65.350000000,8.359524028,28.063919619,138.104316500,1.573638315,57.656561449,1.000000000
617,fixed_random_bfs,11248751221,512,28,484,514,2000,1976,0,0.000000000,10881.926500000,10871.345500000,10871.338500000,0.000000000,10.581000000,21162,4.000000000,8.359524028,22.091329263,107.714945952,1.147082604,45.339241216,1.000000000
618,spatial_uniform_bfs,1163403127,512,34,478,964,2000,1976,1,0.050000000,10881.926500000,10873.657000000,10873.398000000,0.252000000,8.269500000,16539,3.700000000,8.359524028,22.090018873,106.693322549,0.891109305,45.341653513,1.000000000
619,fixed_random_bfs,12068666305,512,35,477,875,2000,1976,0,0.000000000,10881.926500000,10873.227500000,10873.220500000,0.000000000,8.699000000,17398,2.450000000,8.359524028,28.506641032,136.746049000,1.607694907,58.639720084,1.000000000
620,fixed_random_bfs,1587152803,512,20,492,246,2000,1976,0,0.000000000,10881.926500000,10880.233500000,10880.226500000,0.000000000,1.693000000,3386,0.550000000,8.359524028,28.261343445,136.205926148,1.189599644,58.131775455,1.000000000
621,fixed_random_bfs,4412388681,512,40,472,746,2000,1976,0,0.000000000,10881.926500000,10848.665000000,10848.658000000,0.000000000,33.261500000,66523,10.000000000,8.359524028,22.362972993,107.185485651,0.866307433,45.895571725,1.000000000
622,fixed_random_bfs,3846226753,512,33,479,447,2000,1976,4,0.200000000,10881.926500000,10876.561000000,10875.896500000,0.657500000,5.365500000,10731,1.850000000,8.359524028,31.741951890,157.330080002,1.598421598,65.358578513,1.000000000
623,history_hotspot_bfs,3993126454,512,42,470,379,2000,1976,411,20.550000000,10881.926500000,10732.119500000,10657.136000000,74.976500000,149.807000000,299614,62.500000000,8.359524028,30.391976297,144.903943050,1.217201120,62.192002728,1.000000000
624,fixed_random_bfs,3162256068,512,50,462,519,2000,1976,123,6.150000000,10881.926500000,10733.532500000,10715.558500000,17.967000000,148.394000000,296788,62.150000000,8.359524028,26.484868155,127.138939448,1.190501530,54.384904435,1.000000000
625,fixed_random_bfs,4000877979,512,30,482,427,2000,1976,2,0.100000000,10881.926500000,10871.479000000,10871.257000000,0.215000000,10.447500000,20895,8.500000000,8.359524028,32.584400521,156.848281599,1.625749575,67.123574582,1.000000000
626,fixed_random_bfs,4503189154,512,21,491,309,2000,1976,0,0.000000000,10881.926500000,10827.932500000,10827.925500000,0.000000000,53.994000000,107988,13.950000000,8.359524028,28.173359019,137.148908499,1.148952520,57.951771678,1.000000000
627,fixed_random_bfs,1322206892,512,21,491,231,2000,1976,0,0.000000000,10881.926500000,10875.186000000,10875.179000000,0.000000000,6.740500000,13481,3.600000000,8.359524028,28.262687240,136.571791551,1.586483878,58.135688805,1.000000000
628,fixed_random_bfs,4297946731,512,33,479,225,2000,1976,2,0.100000000,10881.926500000,10789.638000000,10789.413000000,0.218000000,92.288500000,184577,41.350000000,8.359524028,32.338376778,156.417470199,1.252072798,66.626230665,1.000000000
629,history_hotspot_bfs,7118195792,512,54,458,577,2000,1976,243,12.150000000,10881.926500000,10702.005500000,10664.771500000,37.227000000,179.921000000,359842,67.050000000,8.359524028,21.961943291,107.162977250,0.929541543,44.966443306,1.000000000
630,fixed_random_bfs,5369088184,512,18,494,129,2000,1976,0,0.000000000,10881.926500000,10867.575500000,10867.568500000,0.000000000,14.351000000,28702,4.700000000,8.359524028,22.093371498,106.069776651,0.853155296,45.346232414,1.000000000
631,history_hotspot_bfs,7990276400,512,43,469,1165,2000,1976,16,0.800000000,10881.926500000,10796.146500000,10792.214500000,3.925000000,85.780000000,171560,28.800000000,8.359524028,24.988804782,118.939854851,1.179909726,51.345677866,1.000000000
632,fixed_random_bfs,12459441528,512,43,469,272,2000,1976,5,0.250000000,10881.926500000,10842.433500000,10841.752500000,0.674000000,39.493000000,78986,13.350000000,8.359524028,28.016337476,136.790692702,1.161615392,57.621351829,1.000000000
633,fixed_random_bfs,13155095175,512,46,466,660,2000,1976,71,3.550000000,10881.926500000,10768.128500000,10751.843500000,16.278000000,113.798000000,227596,49.100000000,8.359524028,26.972705927,130.006242600,1.184357620,55.431290448,1.000000000
634,fixed_random_bfs,1322649848,512,27,485,447,2000,1976,0,0.000000000,10881.926500000,10867.360500000,10867.353500000,0.000000000,14.566000000,29132,4.700000000,8.359524028,27.828103138,136.226855102,1.163812369,57.243110468,1.000000000
635,spatial_uniform_bfs,1145564793,512,35,477,997,2000,1976,1,0.050000000,10881.926500000,10876.057500000,10875.809500000,0.241000000,5.869000000,11738,2.900000000,8.359524028,27.851230028,136.009052403,1.181109471,57.298815031,1.000000000
636,history_hotspot_bfs,10914247475,512,52,460,503,2000,1976,136,6.800000000,10881.926500000,10729.619000000,10712.054500000,17.557500000,152.307500000,304615,64.350000000,8.359524028,30.165274581,142.435886150,1.580313379,62.067107307,1.000000000
637,history_hotspot_bfs,11397043884,512,42,470,582,2000,1976,13,0.650000000,10881.926500000,10839.171000000,10836.544500000,2.619500000,42.755500000,85511,15.800000000,8.359524028,27.891302308,136.125711650,1.173653419,57.378632135,1.000000000
638,fixed_random_bfs,1323016185,512,34,478,994,2000,1976,1,0.050000000,10881.926500000,10881.530000000,10881.268500000,0.254500000,0.396500000,793,0.350000000,8.359524028,23.053050220,110.598991949,1.147781895,47.353809113,1.000000000
639,fixed_random_bfs,1182447893,512,34,478,684,2000,1976,0,0.000000000,10881.926500000,10879.338500000,10879.331500000,0.000000000,2.588000000,5176,0.700000000,8.359524028,28.939262030,137.601672601,1.144486531,59.571437377,1.000000000
640,history_hotspot_bfs,12456007327,512,49,463,722,2000,1976,124,6.200000000,10881.926500000,10750.509000000,10724.790000000,25.712000000,131.417500000,262835,57.700000000,8.359524028,25.515065562,123.933084650,1.151073271,52.416200023,1.000000000
641,fixed_random_bfs,1159931333,512,37,475,638,2000,1976,1,0.050000000,10881.926500000,10876.854000000,10876.845000000,0.002000000,5.072500000,10145,1.500000000,8.359524028,26.508059550,128.574665050,1.240817340,54.552399799,1.000000000
642,fixed_random_bfs,2695337180,512,26,486,510,2000,1976,1,0.050000000,10881.926500000,10853.538000000,10853.285500000,0.245500000,28.388500000,56777,9.100000000,8.359524028,24.409318528,117.126841851,1.539422008,50.161476704,1.000000000
643,history_hotspot_bfs,299611755,512,41,471,495,2000,1976,106,5.300000000,10881.926500000,10759.149000000,10738.593500000,20.548500000,122.777500000,245555,55.200000000,8.359524028,25.901654518,125.907107952,1.186328481,53.235077623,1.000000000
644,fixed_random_bfs,430491226,512,38,474,908,2000,1976,5,0.250000000,10881.926500000,10840.762000000,10839.581500000,1.173500000,41.164500000,82329,14.250000000,8.359524028,27.803938380,132.824466200,1.252685567,57.205603869,1.000000000
645,history_hotspot_bfs,311887399,512,24,488,187,2000,1976,58,2.900000000,10881.926500000,10825.400500000,10812.803500000,12.590000000,56.526000000,113052,19.450000000,8.359524028,23.774475345,116.428398100,1.147790072,48.796037593,1.000000000
646,fixed_random_bfs,429998776,512,31,481,470,2000,1976,2,0.100000000,10881.926500000,10850.450500000,10850.200500000,0.243000000,31.476000000,62952,11.450000000,8.359524028,27.587640227,135.017764250,1.150434064,56.758456979,1.000000000
647,history_hotspot_bfs,343646818,512,46,466,717,2000,1976,85,4.250000000,10881.926500000,10744.411500000,10726.211000000,18.193500000,137.515000000,275030,54.850000000,8.359524028,29.221026998,139.877975449,1.604210175,60.124376642,1.000000000
648,fixed_random_bfs,1731169777,512,35,477,408,2000,1976,6,0.300000000,10881.926500000,10839.770000000,10839.129500000,0.633500000,42.156500000,84313,14.800000000,8.359524028,29.541980102,139.984725152,1.317197408,60.835444335,1.000000000
649,history_hotspot_bfs,479235883,512,20,492,276,2000,1976,85,4.250000000,10881.926500000,10785.304000000,10764.714000000,20.583000000,96.622500000,193245,32.850000000,8.359524028,27.499849147,133.403188197,1.519019011,56.515849733,1.000000000
650,fixed_random_bfs,12048024921,512,27,485,195,2000,1976,1,0.050000000,10881.926500000,10845.911500000,10845.684000000,0.220500000,36.015000000,72030,11.600000000,8.359524028,22.228988545,107.604781050,1.137209280,45.641778022,1.000000000
651,fixed_random_bfs,6381466767,512,24,488,489,2000,1976,1,0.050000000,10881.926500000,10881.717000000,10881.461000000,0.249000000,0.209500000,419,0.450000000,8.359524028,27.769166763,136.787534502,1.123931088,57.133232431,1.000000000
652,history_hotspot_bfs,2486710547,512,51,461,556,2000,1976,58,2.900000000,10881.926500000,10776.244000000,10767.357000000,8.880000000,105.682500000,211365,43.250000000,8.359524028,28.194245730,136.065077400,1.539328603,57.967945759,1.000000000
653,fixed_random_bfs,8910213350,512,28,484,140,2000,1976,14,0.700000000,10881.926500000,10784.116000000,10782.408500000,1.700500000,97.810500000,195621,30.450000000,8.359524028,23.326162766,111.437155249,0.866860628,47.903464900,1.000000000
654,spatial_uniform_bfs,4838616644,512,27,485,455,2000,1976,2,0.100000000,10881.926500000,10875.633000000,10875.148000000,0.478000000,6.293500000,12587,2.950000000,8.359524028,32.303734760,156.262522051,1.222391234,66.548526478,1.000000000
655,history_hotspot_bfs,2486710676,512,41,471,517,2000,1976,7,0.350000000,10881.926500000,10829.893500000,10828.676000000,1.210500000,52.033000000,104066,18.900000000,8.359524028,29.267848953,137.497793250,1.149347388,60.222600180,1.000000000
656,fixed_random_bfs,1189111428,512,21,491,276,2000,1976,2,0.100000000,10881.926500000,10877.233500000,10876.732500000,0.494000000,4.693000000,9386,1.650000000,8.359524028,30.317588148,145.653746397,1.201995968,62.410220702,1.000000000
657,fixed_random_bfs,1548057324,512,23,489,402,2000,1976,0,0.000000000,10881.926500000,10858.131000000,10858.124000000,0.000000000,23.795500000,47591,6.800000000,8.359524028,25.156181341,120.068834802,1.148941614,51.708766406,1.000000000
658,fixed_random_bfs,4759821534,512,12,500,132,2000,1976,0,0.000000000,10881.926500000,10880.885000000,10880.878000000,0.000000000,1.041500000,2083,0.650000000,8.359524028,31.648472984,154.546959000,1.192797600,65.213303022,1.000000000
659,history_hotspot_bfs,2915004401,512,21,491,159,2000,1976,231,11.550000000,10881.926500000,10742.561000000,10697.329000000,45.225000000,139.365500000,278731,54.500000000,8.359524028,28.459887218,138.518799550,1.130153067,58.423665591,1.000000000
660,fixed_random_bfs,13397585645,512,29,483,510,2000,1976,1,0.050000000,10881.926500000,10877.300000000,10877.052000000,0.241000000,4.626500000,9253,1.550000000,8.359524028,23.140629781,113.314204902,1.160046870,47.516619556,1.000000000
661,spatial_uniform_bfs,11708388227,512,36,476,1124,2000,1976,1,0.050000000,10881.926500000,10875.561000000,10875.304500000,0.249500000,6.365500000,12731,3.250000000,8.359524028,27.004589180,129.196591049,1.560619476,55.525983181,1.000000000
662,fixed_random_bfs,1103952920,512,36,476,538,2000,1976,11,0.550000000,10881.926500000,10826.279000000,10824.398000000,1.874000000,55.647500000,111295,22.450000000,8.359524028,23.446050247,112.853886350,1.553357155,48.164117946,1.000000000
663,history_hotspot_bfs,3566326292,512,56,456,668,2000,1976,147,7.350000000,10881.926500000,10718.022500000,10705.737000000,12.278500000,163.904000000,327808,66.000000000,8.359524028,27.256666085,129.301074401,0.904479128,55.986596379,1.000000000
664,fixed_random_bfs,1300669581,512,20,492,343,2000,1976,1,0.050000000,10881.926500000,10880.082500000,10879.821000000,0.254500000,1.844000000,3688,0.550000000,8.359524028,28.344570723,139.306331902,1.225126503,58.298460139,1.000000000
665,history_hotspot_bfs,5258500724,512,46,466,605,2000,1976,77,3.850000000,10881.926500000,10773.048500000,10757.890500000,15.151000000,108.878000000,217756,48.050000000,8.359524028,28.163766876,137.066085900,1.178496922,57.889288347,1.000000000
666,fixed_random_bfs,6701073016,512,17,495,33,2000,1976,1,0.050000000,10881.926500000,10876.158000000,10876.144000000,0.007000000,5.768500000,11537,9.700000000,8.359524028,22.398228397,108.631242801,1.000476151,45.974426700,1.000000000
667,fixed_random_bfs,1318762307,512,17,495,227,2000,1976,0,0.000000000,10881.926500000,10877.765500000,10877.758500000,0.000000000,4.161000000,8322,1.400000000,8.359524028,28.324986904,136.937449399,1.564668428,58.260630627,1.000000000
668,fixed_random_bfs,479226488,512,47,465,738,2000,1976,95,4.750000000,10881.926500000,10779.351500000,10759.516500000,19.828000000,102.575000000,205150,41.550000000,8.359524028,22.109928358,106.602795699,1.165289375,45.328926671,1.000000000
669,fixed_random_bfs,1207580359,512,30,482,143,2000,1976,2,0.100000000,10881.926500000,10863.401000000,10863.006000000,0.388000000,18.525500000,37051,5.600000000,8.359524028,28.381715249,138.037399501,1.156418040,58.375401651,1.000000000
670,fixed_random_bfs,4838616628,512,38,474,1034,2000,1976,0,0.000000000,10881.926500000,10872.928000000,10872.921000000,0.000000000,8.998500000,17997,4.150000000,8.359524028,27.511637961,131.940648700,1.186241197,56.582515981,1.000000000
671,spatial_uniform_bfs,1148143356,512,33,479,848,2000,1976,1,0.050000000,10881.926500000,10874.754000000,10874.497500000,0.249500000,7.172500000,14345,4.050000000,8.359524028,22.496254791,109.325546750,0.899622920,46.193130813,1.000000000
672,fixed_random_bfs,1159931485,512,26,486,466,2000,1976,0,0.000000000,10881.926500000,10877.134000000,10877.127000000,0.000000000,4.792500000,9585,1.300000000,8.359524028,22.766728460,109.441499101,1.616669511,46.756377608,1.000000000
673,spatial_uniform_bfs,13265364952,512,38,474,1068,2000,1976,1,0.050000000,10881.926500000,10876.633500000,10876.384500000,0.242000000,5.293000000,10586,2.850000000,8.359524028,32.451442012,158.912785550,1.646176201,66.850685338,1.000000000
674,fixed_random_bfs,4604362064,512,28,484,226,2000,1976,8,0.400000000,10881.926500000,10825.875000000,10825.109500000,0.758500000,56.051500000,112103,18.950000000,8.359524028,28.307346901,136.621918201,1.238424495,58.238470779,1.000000000
675,fixed_random_bfs,4441072498,512,29,483,211,2000,1976,7,0.350000000,10881.926500000,10817.013500000,10816.280500000,0.726000000,64.913000000,129826,21.750000000,8.359524028,27.945087056,135.927589450,1.542675172,57.476406167,1.000000000
676,fixed_random_bfs,1391615728,512,27,485,427,2000,1976,0,0.000000000,10881.926500000,10875.314500000,10875.307500000,0.000000000,6.612000000,13224,1.800000000,8.359524028,31.720771591,152.451922148,1.215851939,65.343542746,1.000000000
677,fixed_random_bfs,2417938556,512,25,487,341,2000,1976,2,0.100000000,10881.926500000,10858.323500000,10857.823500000,0.493000000,23.603000000,47206,6.650000000,8.359524028,27.650257576,130.210268352,1.586584209,56.917092606,1.000000000
678,history_hotspot_bfs,11105978767,512,31,481,192,2000,1976,94,4.700000000,10881.926500000,10695.587500000,10680.417000000,15.163500000,186.339000000,372678,65.800000000,8.359524028,29.408691854,141.143142849,1.144718710,60.469498154,1.000000000
679,fixed_random_bfs,3921306608,512,27,485,446,2000,1976,1,0.050000000,10881.926500000,10853.631000000,10853.385000000,0.239000000,28.295500000,56591,7.100000000,8.359524028,27.979035156,132.980921898,1.550903282,57.537115346,1.000000000
680,fixed_random_bfs,503018170,512,25,487,182,2000,1976,116,5.800000000,10881.926500000,10752.246500000,10731.979000000,20.260500000,129.680000000,259360,46.400000000,8.359524028,25.662275999,125.626647949,1.190676771,52.725619526,1.000000000
681,spatial_uniform_bfs,6419228760,512,30,482,683,2000,1976,1,0.050000000,10881.926500000,10876.153000000,10875.906500000,0.239500000,5.773500000,11547,2.950000000,8.359524028,24.776629288,117.786654150,0.875146190,50.921576009,1.000000000
682,history_hotspot_bfs,112686793,512,29,483,303,2000,1976,197,9.850000000,10881.926500000,10794.660000000,10753.087000000,41.566000000,87.266500000,174533,45.850000000,8.359524028,27.841283565,133.302613702,1.594305753,57.150271746,1.000000000
683,fixed_random_bfs,4455558350,512,20,492,275,2000,1976,0,0.000000000,10881.926500000,10877.247000000,10877.240000000,0.000000000,4.679500000,9359,1.300000000,8.359524028,27.955570742,135.652765402,1.588248176,57.508775510,1.000000000
684,history_hotspot_bfs,257735105,512,34,478,589,2000,1976,11,0.550000000,10881.926500000,10791.523500000,10788.903500000,2.613000000,90.403000000,180806,37.450000000,8.359524028,29.279291661,137.937190200,1.146306054,60.253842708,1.000000000
685,fixed_random_bfs,5225083975,512,32,480,708,2000,1976,1,0.050000000,10881.926500000,10877.310500000,10877.066000000,0.237500000,4.616000000,9232,1.350000000,8.359524028,27.440335794,133.295301250,1.176781637,56.441366613,1.000000000
686,history_hotspot_bfs,311889487,512,41,471,426,2000,1976,130,6.500000000,10881.926500000,10755.258500000,10736.321000000,18.930500000,126.668000000,253336,47.900000000,8.359524028,28.039508528,135.632417200,1.580627946,57.610993596,1.000000000
687,fixed_random_bfs,11398965012,512,21,491,201,2000,1976,1,0.050000000,10881.926500000,10843.936500000,10843.705500000,0.224000000,37.990000000,75980,12.650000000,8.359524028,22.112951125,107.499571300,0.915455669,45.390579022,1.000000000
688,history_hotspot_bfs,343646738,512,53,459,627,2000,1976,79,3.950000000,10881.926500000,10761.886000000,10747.508000000,14.371000000,120.040500000,240081,52.700000000,8.359524028,21.922965657,106.781201398,1.153551358,44.983199469,1.000000000
689,fixed_random_bfs,4838731496,512,23,489,388,2000,1976,0,0.000000000,10881.926500000,10871.774500000,10871.767500000,0.000000000,10.152000000,20304,4.700000000,8.359524028,21.892090157,106.656313300,0.866003574,44.937088413,1.000000000
690,fixed_random_bfs,1556356288,512,32,480,236,2000,1976,1,0.050000000,10881.926500000,10873.824500000,10873.611000000,0.206500000,8.102000000,16204,2.900000000,8.359524028,28.109569984,135.572378199,1.140302197,57.823117125,1.000000000
691,fixed_random_bfs,2082706086,512,41,471,730,2000,1976,0,0.000000000,10881.926500000,10863.144500000,10863.137500000,0.000000000,18.782000000,37564,5.850000000,8.359524028,28.293889674,137.457123250,1.237251799,58.207991709,1.000000000
692,spatial_uniform_bfs,1262328484,512,36,476,1191,2000,1976,1,0.050000000,10881.926500000,10875.629500000,10875.367500000,0.255000000,6.297000000,12594,2.900000000,8.359524028,22.850932685,109.439920948,0.892232659,46.941436260,1.000000000
693,fixed_random_bfs,8519150945,512,34,478,743,2000,1976,1,0.050000000,10881.926500000,10872.256000000,10872.010000000,0.239000000,9.670500000,19341,4.300000000,8.359524028,30.958209739,152.393996903,1.228476798,63.750711171,1.000000000
694,fixed_random_bfs,1163402614,512,45,467,1491,2000,1976,1,0.050000000,10881.926500000,10873.067000000,10872.814500000,0.245500000,8.859500000,17719,3.850000000,8.359524028,30.534465496,149.826622550,1.693590304,62.869268923,1.000000000
695,fixed_random_bfs,1143316832,512,28,484,425,2000,1976,1,0.050000000,10881.926500000,10855.973000000,10855.716000000,0.250000000,25.953500000,51907,7.500000000,8.359524028,28.882115761,139.853894701,1.684705017,59.440571924,1.000000000
696,history_hotspot_bfs,2225262331,512,34,478,329,2000,1976,96,4.800000000,10881.926500000,10835.114500000,10816.865500000,18.242000000,46.812000000,93624,23.700000000,8.359524028,26.654323525,128.622362952,1.585250165,54.727842025,1.000000000
697,fixed_random_bfs,1324735135,512,24,488,443,2000,1976,1,0.050000000,10881.926500000,10880.243000000,10879.982000000,0.254000000,1.683500000,3367,1.900000000,8.359524028,28.142131727,135.856741252,1.179982301,57.885794017,1.000000000
698,spatial_uniform_bfs,1300651782,512,29,483,653,2000,1976,0,0.000000000,10881.926500000,10876.256000000,10876.249000000,0.000000000,5.670500000,11341,2.250000000,8.359524028,28.247801365,137.154769152,1.186190586,58.104055055,1.000000000
699,fixed_random_bfs,8378138424,512,42,470,823,2000,1976,24,1.200000000,10881.926500000,10789.588000000,10784.614500000,4.966500000,92.338500000,184677,26.600000000,8.359524028,24.518716429,122.571588253,1.157654712,50.344448790,1.000000000
700,spatial_uniform_bfs,1300651875,512,34,478,994,2000,1976,0,0.000000000,10881.926500000,10875.939500000,10875.932500000,0.000000000,5.987000000,11974,2.750000000,8.359524028,24.831690753,117.037929200,1.226775137,51.009115122,1.000000000
701,fixed_random_bfs,8302243184,512,23,489,247,2000,1976,2,0.100000000,10881.926500000,10835.059000000,10834.627000000,0.425000000,46.867500000,93735,14.650000000,8.359524028,27.166311623,132.164316750,1.571723582,55.865591368,1.000000000
702,spatial_uniform_bfs,1147306140,512,31,481,631,2000,1976,0,0.000000000,10881.926500000,10875.227500000,10875.220500000,0.000000000,6.699000000,13398,2.900000000,8.359524028,26.925078758,128.736202401,0.885963343,55.358401010,1.000000000
703,fixed_random_bfs,708249429,512,26,486,298,2000,1976,1,0.050000000,10881.926500000,10877.174500000,10876.929000000,0.238500000,4.752000000,9504,2.050000000,8.359524028,24.778469773,120.066680553,1.145403796,50.904685208,1.000000000
704,spatial_uniform_bfs,1145564617,512,28,484,471,2000,1976,1,0.050000000,10881.926500000,10875.226500000,10874.972000000,0.247500000,6.700000000,13400,2.900000000,8.359524028,25.327552095,125.874040051,1.151311058,52.041130541,1.000000000
705,fixed_random_bfs,1518839621,512,17,495,272,2000,1976,0,0.000000000,10881.926500000,10877.956000000,10877.949000000,0.000000000,3.970500000,7941,1.350000000,8.359524028,32.525521910,156.836964702,1.132972928,67.009677654,1.000000000
706,history_hotspot_bfs,2408303665,512,35,477,471,2000,1976,77,3.850000000,10881.926500000,10759.893000000,10741.778000000,18.108000000,122.033500000,244067,45.500000000,8.359524028,32.011323782,154.106476199,1.622777652,65.926652155,1.000000000
707,fixed_random_bfs,4115231465,512,27,485,626,2000,1976,1,0.050000000,10881.926500000,10880.094000000,10879.833500000,0.253500000,1.832500000,3665,0.600000000,8.359524028,30.793458521,148.139691100,1.606021774,63.392389985,1.000000000
708,history_hotspot_bfs,3013289569,512,40,472,611,2000,1976,46,2.300000000,10881.926500000,10810.533500000,10800.968500000,9.558000000,71.393000000,142786,24.600000000,8.359524028,28.114432547,135.166298601,1.567633068,57.788522915,1.000000000
709,fixed_random_bfs,4573702109,512,25,487,107,2000,1976,7,0.350000000,10881.926500000,10800.994000000,10799.905000000,1.082000000,80.932500000,161865,28.450000000,8.359524028,25.304421002,123.851977701,0.876304263,52.007981534,1.000000000
710,fixed_random_bfs,111648488,512,40,472,378,2000,1976,5,0.250000000,10881.926500000,10823.496000000,10822.908500000,0.580500000,58.430500000,116861,24.700000000,8.359524028,28.086716489,137.073684500,1.593487837,57.754355810,1.000000000
711,spatial_uniform_bfs,1262329292,512,31,481,788,2000,1976,1,0.050000000,10881.926500000,10875.049500000,10874.795000000,0.247500000,6.877000000,13754,3.300000000,8.359524028,28.328144622,137.716448950,1.172981099,58.261985219,1.000000000
712,fixed_random_bfs,114320452,512,27,485,220,2000,1976,20,1.000000000,10881.926500000,10815.207500000,10813.735000000,1.465500000,66.719000000,133438,27.150000000,8.359524028,27.989531408,134.914346149,1.614285012,57.562255572,1.000000000
713,fixed_random_bfs,2085233049,512,25,487,267,2000,1976,0,0.000000000,10881.926500000,10867.702000000,10867.695000000,0.000000000,14.224500000,28449,6.250000000,8.359524028,28.370438866,138.941023752,1.283457236,58.378081647,1.000000000
714,fixed_random_bfs,9118890351,512,52,460,1735,2000,1976,38,1.900000000,10881.926500000,10825.557500000,10816.883000000,8.667500000,56.369000000,112738,27.500000000,8.359524028,28.234336566,136.356621299,1.184392920,58.069929154,1.000000000
715,history_hotspot_bfs,3846229705,512,27,485,400,2000,1976,12,0.600000000,10881.926500000,10838.257000000,10835.874500000,2.375500000,43.669500000,87339,16.150000000,8.359524028,22.325872084,107.657183249,1.159918969,45.832444247,1.000000000
716,fixed_random_bfs,1207580771,512,29,483,211,2000,1976,1,0.050000000,10881.926500000,10863.136000000,10862.933500000,0.195500000,18.790500000,37581,5.850000000,8.359524028,28.012198497,136.953377797,1.563129475,57.616705378,1.000000000
717,history_hotspot_bfs,4478069023,512,54,458,796,2000,1976,72,3.600000000,10881.926500000,10788.704000000,10775.072000000,13.625000000,93.222500000,186445,41.050000000,8.359524028,28.093623683,137.368790453,1.216263861,57.759731459,1.000000000
718,fixed_random_bfs,1550555192,512,33,479,544,2000,1976,4,0.200000000,10881.926500000,10875.797500000,10874.890000000,0.900500000,6.129000000,12258,2.150000000,8.359524028,22.081521716,106.640858149,1.189390827,45.323161937,1.000000000
719,history_hotspot_bfs,4492375365,512,40,472,413,2000,1976,93,4.650000000,10881.926500000,10739.305000000,10723.907000000,15.391000000,142.621500000,285243,61.550000000,8.359524028,27.547319658,135.783054798,1.541476034,56.630233898,1.000000000
720,fixed_random_bfs,12040748703,512,25,487,252,2000,1976,2,0.100000000,10881.926500000,10877.584000000,10877.340000000,0.237000000,4.342500000,8685,1.450000000,8.359524028,22.180597884,108.512646652,1.157814961,45.522464563,1.000000000
721,fixed_random_bfs,2258130893,512,30,482,302,2000,1976,4,0.200000000,10881.926500000,10847.501000000,10846.566500000,0.927500000,34.425500000,68851,10.100000000,8.359524028,24.913085676,123.288194950,1.228134294,51.211787035,1.000000000
722,fixed_random_bfs,1187070119,512,26,486,529,2000,1976,0,0.000000000,10881.926500000,10878.315500000,10878.308500000,0.000000000,3.611000000,7222,0.950000000,8.359524028,23.842417361,115.302452950,1.236562352,49.012533326,1.000000000
723,history_hotspot_bfs,4685615426,512,32,480,255,2000,1976,56,2.800000000,10881.926500000,10711.318500000,10700.169500000,11.142000000,170.608000000,341216,57.450000000,8.359524028,28.676777544,138.168645800,1.158866662,59.025493030,1.000000000
724,fixed_random_bfs,8865527864,512,38,474,851,2000,1976,10,0.500000000,10881.926500000,10800.694000000,10798.359500000,2.327500000,81.232500000,162465,28.900000000,8.359524028,27.232544670,130.247207802,1.154674285,56.025224652,1.000000000
725,spatial_uniform_bfs,1262328869,512,26,486,650,2000,1976,1,0.050000000,10881.926500000,10875.098500000,10874.835500000,0.256000000,6.828000000,13656,3.050000000,8.359524028,31.716660596,155.695448748,1.216550279,65.361767262,1.000000000
726,fixed_random_bfs,1300694196,512,18,494,289,2000,1976,1,0.050000000,10881.926500000,10880.047000000,10879.784000000,0.256000000,1.879500000,3759,0.600000000,8.359524028,30.337873891,146.395853451,1.186020644,62.500216815,1.000000000
727,fixed_random_bfs,1199517281,512,27,485,426,2000,1976,0,0.000000000,10881.926500000,10880.310000000,10880.303000000,0.000000000,1.616500000,3233,0.400000000,8.359524028,27.209319331,129.513377101,1.177387987,55.990872940,1.000000000
728,history_hotspot_bfs,6249311590,512,44,468,514,2000,1976,128,6.400000000,10881.926500000,10827.957000000,10812.490000000,15.460000000,53.969500000,107939,27.450000000,8.359524028,27.381894212,132.867772300,1.583272748,56.252507918,1.000000000
729,fixed_random_bfs,4561923942,512,30,482,588,2000,1976,0,0.000000000,10881.926500000,10880.240500000,10880.233500000,0.000000000,1.686000000,3372,0.400000000,8.359524028,27.177281896,133.027764147,1.179604568,55.929797678,1.000000000
730,fixed_random_bfs,4479824201,512,19,493,307,2000,1976,0,0.000000000,10881.926500000,10860.811500000,10860.804500000,0.000000000,21.115000000,42230,6.350000000,8.359524028,31.572032586,152.091208701,1.237313229,65.076862510,1.000000000
731,fixed_random_bfs,3522106293,512,30,482,50,2000,1976,3,0.150000000,10881.926500000,10828.448000000,10828.276000000,0.165000000,53.478500000,106957,39.100000000,8.359524028,27.321561185,132.313624202,1.519482019,56.212102000,1.000000000
732,fixed_random_bfs,12383375527,512,25,487,358,2000,1976,0,0.000000000,10881.926500000,10878.644500000,10878.637500000,0.000000000,3.282000000,6564,0.900000000,8.359524028,21.472573366,105.197563399,0.897126987,44.086124187,1.000000000
733,history_hotspot_bfs,10838978988,512,46,466,515,2000,1976,81,4.050000000,10881.926500000,10750.147000000,10735.336000000,14.804000000,131.779500000,263559,54.650000000,8.359524028,27.076981037,129.916530699,1.161434126,55.683152619,1.000000000
734,fixed_random_bfs,1305103908,512,39,473,375,2000,1976,37,1.850000000,10881.926500000,10771.714500000,10767.172500000,4.535000000,110.212000000,220424,34.800000000,8.359524028,21.653593675,103.872453649,0.845636950,44.444096711,1.000000000
735,fixed_random_bfs,4391191769,512,44,468,1015,2000,1976,0,0.000000000,10881.926500000,10862.772500000,10862.765500000,0.000000000,19.154000000,38308,5.800000000,8.359524028,27.356959776,132.634814798,1.517295432,56.297750400,1.000000000
736,fixed_random_bfs,4494941245,512,32,480,659,2000,1976,4,0.200000000,10881.926500000,10824.292500000,10823.298000000,0.987500000,57.634000000,115268,16.700000000,8.359524028,27.266952232,130.595342348,1.144422324,56.105140775,1.000000000
737,history_hotspot_bfs,12328889057,512,31,481,241,2000,1976,118,5.900000000,10881.926500000,10743.394000000,10719.891500000,23.495500000,138.532500000,277065,51.050000000,8.359524028,21.994563277,105.756495550,1.154743743,45.148047198,1.000000000
738,fixed_random_bfs,5264715110,512,25,487,349,2000,1976,1,0.050000000,10881.926500000,10850.813500000,10850.582000000,0.224500000,31.113000000,62226,10.050000000,8.359524028,21.582227974,104.428763951,1.160193057,44.319606264,1.000000000
739,spatial_uniform_bfs,1262328436,512,22,490,365,2000,1976,1,0.050000000,10881.926500000,10873.954000000,10873.704000000,0.243000000,7.972500000,15945,4.350000000,8.359524028,27.395555034,131.190546000,1.613387454,56.361106211,1.000000000
740,history_hotspot_bfs,12610270513,512,47,465,421,2000,1976,148,7.400000000,10881.926500000,10713.093500000,10695.322500000,17.764000000,168.833000000,337666,68.150000000,8.359524028,21.548527752,105.695260400,1.254709956,44.207014293,1.000000000
741,fixed_random_bfs,1548073771,512,24,488,274,2000,1976,13,0.650000000,10881.926500000,10843.933000000,10840.821000000,3.105000000,37.993500000,75987,13.800000000,8.359524028,31.570024014,155.174028451,1.221724105,65.055499391,1.000000000
742,history_hotspot_bfs,13097194813,512,47,465,438,2000,1976,129,6.450000000,10881.926500000,10712.066000000,10691.997000000,20.062000000,169.860500000,339721,69.350000000,8.359524028,21.694504571,108.973136548,1.177839162,44.505768846,1.000000000
743,fixed_random_bfs,10913216606,512,42,470,642,2000,1976,68,3.400000000,10881.926500000,10761.913500000,10747.374500000,14.532000000,120.013000000,240026,48.200000000,8.359524028,27.216420912,130.486023349,1.543713382,55.965174745,1.000000000
744,fixed_random_bfs,12383375418,512,21,491,277,2000,1976,0,0.000000000,10881.926500000,10878.745500000,10878.738500000,0.000000000,3.181000000,6362,0.800000000,8.359524028,27.575720161,134.582254452,1.197485778,56.744990402,1.000000000
745,fixed_random_bfs,1318770020,512,21,491,420,2000,1976,1,0.050000000,10881.926500000,10877.473000000,10877.210000000,0.256000000,4.453500000,8907,1.300000000,8.359524028,27.316980699,134.330158548,1.573713711,56.219134665,1.000000000
746,fixed_random_bfs,1147306840,512,33,479,479,2000,1976,5,0.250000000,10881.926500000,10848.799500000,10847.730000000,1.062500000,33.127000000,66254,10.700000000,8.359524028,31.677187392,154.388148002,1.672486086,65.270093843,1.000000000
747,history_hotspot_bfs,429205569,512,33,479,416,2000,1976,97,4.850000000,10881.926500000,10837.327000000,10817.720500000,19.599500000,44.599500000,89199,22.400000000,8.359524028,31.587813786,151.705853648,1.245346279,65.003711441,1.000000000
748,fixed_random_bfs,314046505,512,38,474,490,2000,1976,42,2.100000000,10881.926500000,10790.318500000,10782.012500000,8.299000000,91.608000000,183216,29.150000000,8.359524028,27.327087595,131.472432100,1.136358015,56.212097249,1.000000000
749,fixed_random_bfs,454550116,512,34,478,618,2000,1976,4,0.200000000,10881.926500000,10838.799500000,10838.078000000,0.714500000,43.127000000,86254,16.450000000,8.359524028,27.436804449,131.955762099,1.543031575,56.450913671,1.000000000
750,history_hotspot_bfs,478632387,512,31,481,275,2000,1976,111,5.550000000,10881.926500000,10749.296500000,10730.122000000,19.167500000,132.630000000,265260,53.400000000,8.359524028,31.509703505,154.173646752,1.571592847,64.872342672,1.000000000
751,fixed_random_bfs,4720729860,512,17,495,272,2000,1976,0,0.000000000,10881.926500000,10880.070000000,10880.063000000,0.000000000,1.856500000,3713,0.800000000,8.359524028,27.423334631,133.084741201,1.128498212,56.435284714,1.000000000
752,history_hotspot_bfs,1386051845,512,42,470,164,2000,1976,403,20.150000000,10881.926500000,10700.928000000,10664.838500000,36.082500000,180.998500000,361997,67.900000000,8.359524028,27.217178847,131.326755098,1.517502273,55.704260123,1.000000000
753,fixed_random_bfs,1323015583,512,19,493,306,2000,1976,1,0.050000000,10881.926500000,10881.726500000,10881.464500000,0.255000000,0.200000000,400,1.100000000,8.359524028,21.861904454,103.726728049,0.897753991,44.884794659,1.000000000
754,fixed_random_bfs,12291327681,512,31,481,338,2000,1976,2,0.100000000,10881.926500000,10849.815500000,10849.389500000,0.419000000,32.111000000,64222,9.950000000,8.359524028,22.255538333,106.040762450,0.840113578,45.716299763,1.000000000
755,fixed_random_bfs,1322608483,512,25,487,336,2000,1976,0,0.000000000,10881.926500000,10879.592500000,10879.585500000,0.000000000,2.334000000,4668,2.400000000,8.359524028,22.095098487,104.092955253,0.853349544,45.370621645,1.000000000
756,spatial_uniform_bfs,1262329086,512,25,487,466,2000,1976,1,0.050000000,10881.926500000,10874.162500000,10873.901000000,0.254500000,7.764000000,15528,4.200000000,8.359524028,21.890657077,104.415169653,0.878146301,44.940087982,1.000000000
757,fixed_random_bfs,11059585765,512,18,494,98,2000,1976,14,0.700000000,10881.926500000,10825.620000000,10822.662000000,2.951000000,56.306500000,112613,19.000000000,8.359524028,27.337623504,132.972874901,1.137161626,56.243090877,1.000000000
758,history_hotspot_bfs,2245786974,512,38,474,229,2000,1976,435,21.750000000,10881.926500000,10715.263000000,10656.081500000,59.174500000,166.663500000,333327,66.450000000,8.359524028,27.267160132,133.741518301,1.143844631,55.800509749,1.000000000
759,fixed_random_bfs,733884026,512,37,475,197,2000,1976,1,0.050000000,10881.926500000,10861.998500000,10861.872000000,0.119500000,19.928000000,39856,7.250000000,8.359524028,27.731768718,136.589644751,1.621176096,57.064831353,1.000000000
760,history_hotspot_bfs,2355306655,512,37,475,259,2000,1976,129,6.450000000,10881.926500000,10734.516500000,10717.490000000,17.019500000,147.410000000,294820,53.700000000,8.359524028,31.482716842,153.017975751,1.656729598,64.819884406,1.000000000
761,fixed_random_bfs,4537191778,512,18,494,273,2000,1976,1,0.050000000,10881.926500000,10874.273000000,10874.012000000,0.254000000,7.653500000,15307,2.250000000,8.359524028,27.500044195,134.732051397,1.168014356,56.580832487,1.000000000
762,fixed_random_bfs,1131292063,512,37,475,244,2000,1976,1,0.050000000,10881.926500000,10841.215500000,10841.046000000,0.162500000,40.711000000,81422,16.000000000,8.359524028,27.675627007,133.180797500,1.498035643,56.934529588,1.000000000
763,fixed_random_bfs,292314114,512,37,475,660,2000,1976,3,0.150000000,10881.926500000,10868.539500000,10868.086500000,0.446000000,13.387000000,26774,6.100000000,8.359524028,27.557623907,134.013461250,1.144684304,56.694728968,1.000000000
764,fixed_random_bfs,8519207848,512,22,490,277,2000,1976,0,0.000000000,10881.926500000,10880.462000000,10880.455000000,0.000000000,1.464500000,2929,2.000000000,8.359524028,31.929827308,153.147749747,1.265765081,65.800488027,1.000000000
765,history_hotspot_bfs,2511664799,512,33,479,187,2000,1976,209,10.450000000,10881.926500000,10730.699000000,10698.793500000,31.898500000,151.227500000,302455,63.700000000,8.359524028,21.823847416,106.271456952,1.243131281,44.732999183,1.000000000
766,fixed_random_bfs,1326188426,512,29,483,246,2000,1976,4,0.200000000,10881.926500000,10876.050000000,10875.143000000,0.900000000,5.876500000,11753,2.000000000,8.359524028,31.828417080,152.799016251,1.610386295,65.562560732,1.000000000
767,fixed_random_bfs,9598450074,512,24,488,466,2000,1976,2,0.100000000,10881.926500000,10860.777000000,10860.263000000,0.507000000,21.149500000,42299,7.350000000,8.359524028,27.416818785,132.309991548,1.566794688,56.417313453,1.000000000
768,fixed_random_bfs,1147305171,512,36,476,566,2000,1976,2,0.100000000,10881.926500000,10853.428500000,10853.141500000,0.280000000,28.498000000,56996,9.450000000,8.359524028,21.442355293,102.932963399,1.461229214,44.020865752,1.000000000
769,fixed_random_bfs,2525455290,512,31,481,367,2000,1976,0,0.000000000,10881.926500000,10880.465500000,10880.458500000,0.000000000,1.461000000,2922,0.900000000,8.359524028,27.559713308,134.616683299,1.120833505,56.695976416,1.000000000
770,spatial_uniform_bfs,1262328634,512,28,484,584,2000,1976,0,0.000000000,10881.926500000,10874.037000000,10874.030000000,0.000000000,7.889500000,15779,3.400000000,8.359524028,31.863554261,152.465906550,1.207553142,65.663980347,1.000000000
771,history_hotspot_bfs,3896082166,512,48,464,599,2000,1976,32,1.600000000,10881.926500000,10804.285000000,10801.398000000,2.880000000,77.641500000,155283,25.250000000,8.359524028,21.713316228,104.936313698,1.174608369,44.557529975,1.000000000
772,fixed_random_bfs,7859526776,512,39,473,432,2000,1976,115,5.750000000,10881.926500000,10734.840500000,10715.280000000,19.553500000,147.086000000,294172,53.950000000,8.359524028,21.666013856,104.753318301,1.159395996,44.451491735,1.000000000
773,spatial_uniform_bfs,1148228262,512,34,478,783,2000,1976,0,0.000000000,10881.926500000,10874.670500000,10874.663500000,0.000000000,7.256000000,14512,3.300000000,8.359524028,27.921730659,134.060792299,1.548154930,57.441912058,1.000000000
774,fixed_random_bfs,1801521836,512,26,486,316,2000,1976,1,0.050000000,10881.926500000,10865.806500000,10865.565500000,0.234000000,16.120000000,32240,7.700000000,8.359524028,28.153439479,135.865323501,1.555438004,57.913057784,1.000000000
775,fixed_random_bfs,705402277,512,31,481,288,2000,1976,2,0.100000000,10881.926500000,10860.104500000,10859.722000000,0.375500000,21.822000000,43644,6.900000000,8.359524028,24.676792380,120.740185251,0.900941451,50.697919135,1.000000000
776,fixed_random_bfs,2083726496,512,32,480,656,2000,1976,0,0.000000000,10881.926500000,10850.784000000,10850.777000000,0.000000000,31.142500000,62285,9.050000000,8.359524028,28.111156441,137.946521552,1.593988860,57.827621502,1.000000000
777,fixed_random_bfs,4761603005,512,35,477,525,2000,1976,1,0.050000000,10881.926500000,10853.612000000,10853.387000000,0.218000000,28.314500000,56629,10.300000000,8.359524028,28.256525038,135.812272799,1.192686206,58.120244731,1.000000000
778,fixed_random_bfs,5284452758,512,37,475,248,2000,1976,119,5.950000000,10881.926500000,10733.819000000,10717.953500000,15.858500000,148.107500000,296215,52.150000000,8.359524028,27.926286986,135.412861551,1.146194043,57.410286115,1.000000000
779,fixed_random_bfs,4463941158,512,32,480,372,2000,1976,0,0.000000000,10881.926500000,10855.866000000,10855.859000000,0.000000000,26.060500000,52121,9.250000000,8.359524028,21.818525865,106.118288498,0.899508187,44.785989762,1.000000000
780,fixed_random_bfs,4494978000,512,26,486,467,2000,1976,0,0.000000000,10881.926500000,10830.894500000,10830.887500000,0.000000000,51.032000000,102064,13.750000000,8.359524028,28.217781702,134.255974751,1.562471105,58.041458406,1.000000000
781,fixed_random_bfs,1316576228,512,29,483,604,2000,1976,4,0.200000000,10881.926500000,10858.953000000,10857.947000000,0.999000000,22.973500000,45947,8.400000000,8.359524028,24.964034286,124.758127052,1.239477009,51.290366999,1.000000000
782,fixed_random_bfs,1316566983,512,27,485,448,2000,1976,1,0.050000000,10881.926500000,10865.492000000,10865.236500000,0.248500000,16.434500000,32869,5.300000000,8.359524028,22.024149711,103.871868199,0.852559211,45.191002164,1.000000000
783,fixed_random_bfs,4437048875,512,36,476,797,2000,1976,0,0.000000000,10881.926500000,10880.042500000,10880.035500000,0.000000000,1.884000000,3768,0.650000000,8.359524028,31.768890177,153.164065702,1.138910497,65.417804690,1.000000000
784,fixed_random_bfs,1076761242,512,26,486,577,2000,1976,1,0.050000000,10881.926500000,10878.108000000,10877.851000000,0.250000000,3.818500000,7637,1.950000000,8.359524028,32.027774599,153.345686702,1.534962327,65.953004214,1.000000000
785,history_hotspot_bfs,10884254804,512,44,468,170,2000,1976,3,0.150000000,10881.926500000,10807.652000000,10807.574500000,0.070500000,74.274500000,148549,38.300000000,8.359524028,22.418626217,107.970775350,0.854966951,46.016373386,1.000000000
786,fixed_random_bfs,3892627987,512,22,490,296,2000,1976,1,0.050000000,10881.926500000,10875.726500000,10875.472500000,0.247000000,6.200000000,12400,2.150000000,8.359524028,32.596077895,157.886342898,1.623874741,67.131253661,1.000000000
787,fixed_random_bfs,3570149272,512,29,483,198,2000,1976,1,0.050000000,10881.926500000,10835.394500000,10835.194500000,0.193000000,46.532000000,93064,17.400000000,8.359524028,28.039785886,135.324560648,1.222699484,57.658717466,1.000000000
788,history_hotspot_bfs,12111398076,512,34,478,241,2000,1976,148,7.400000000,10881.926500000,10694.254500000,10673.212500000,21.035000000,187.672000000,375344,67.850000000,8.359524028,32.225083003,157.060171248,1.646165068,66.264028981,1.000000000
789,fixed_random_bfs,125800775,512,29,483,469,2000,1976,0,0.000000000,10881.926500000,10852.010500000,10852.003500000,0.000000000,29.916000000,59832,9.450000000,8.359524028,25.108994768,123.360386700,1.206946438,51.606341594,1.000000000
790,fixed_random_bfs,4477707012,512,28,484,253,2000,1976,90,4.500000000,10881.926500000,10766.835500000,10754.159500000,12.669000000,115.091000000,230182,50.050000000,8.359524028,28.191696465,138.525499102,1.169662615,57.927506903,1.000000000
791,spatial_uniform_bfs,1148227852,512,33,479,771,2000,1976,0,0.000000000,10881.926500000,10873.914000000,10873.907000000,0.000000000,8.012500000,16025,4.050000000,8.359524028,28.497699224,141.427032150,1.560559217,58.610319822,1.000000000
792,fixed_random_bfs,1322210314,512,21,491,276,2000,1976,0,0.000000000,10881.926500000,10877.210500000,10877.203500000,0.000000000,4.716000000,9432,2.650000000,8.359524028,28.448913954,138.355130248,1.169350571,58.523699217,1.000000000
793,fixed_random_bfs,12163209409,512,33,479,708,2000,1976,4,0.200000000,10881.926500000,10838.883000000,10837.937000000,0.939000000,43.043500000,86087,15.100000000,8.359524028,22.384000976,109.033699850,1.214897231,45.956968959,1.000000000
794,fixed_random_bfs,1548067813,512,15,497,88,2000,1976,12,0.600000000,10881.926500000,10826.709000000,10823.868000000,2.834000000,55.217500000,110435,19.350000000,8.359524028,28.350400435,137.345638751,1.208728295,58.305286669,1.000000000
795,fixed_random_bfs,4758581080,512,30,482,493,2000,1976,24,1.200000000,10881.926500000,10792.762000000,10787.301500000,5.453500000,89.164500000,178329,27.200000000,8.359524028,22.733374967,109.454670700,1.618187697,46.649068455,1.000000000
796,history_hotspot_bfs,435759031,512,36,476,562,2000,1976,96,4.800000000,10881.926500000,10835.517000000,10814.137500000,21.372500000,46.409500000,92819,21.700000000,8.359524028,28.491435659,136.871332700,1.608166882,58.523403311,1.000000000
797,fixed_random_bfs,12461735905,512,25,487,119,2000,1976,0,0.000000000,10881.926500000,10867.929000000,10867.922000000,0.000000000,13.997500000,27995,5.250000000,8.359524028,22.212861938,108.622112250,1.243423146,45.583038920,1.000000000
798,fixed_random_bfs,11377962749,512,29,483,153,2000,1976,1,0.050000000,10881.926500000,10839.865500000,10839.834000000,0.024500000,42.061000000,84122,13.650000000,8.359524028,28.635556939,141.271147798,1.556248927,58.892287596,1.000000000
799,spatial_uniform_bfs,1148228645,512,40,472,1231,2000,1976,0,0.000000000,10881.926500000,10873.185000000,10873.178000000,0.000000000,8.741500000,17483,4.250000000,8.359524028,28.414440209,135.722498551,1.182013349,58.452849170,1.000000000
800,fixed_random_bfs,280240227,512,24,488,78,2000,1976,2,0.100000000,10881.926500000,10860.828000000,10860.645000000,0.176000000,21.098500000,42197,8.250000000,8.359524028,22.407355442,109.215275650,1.189403632,45.979137671,1.000000000
801,fixed_random_bfs,1188393879,512,26,486,554,2000,1976,1,0.050000000,10881.926500000,10878.352000000,10878.090500000,0.254500000,3.574500000,7149,0.950000000,8.359524028,32.711238594,159.386827300,1.619335539,67.372315856,1.000000000
802,history_hotspot_bfs,2053583469,512,57,455,709,2000,1976,53,2.650000000,10881.926500000,10740.276500000,10732.414000000,7.855500000,141.650000000,283300,54.450000000,8.359524028,32.496300338,158.691191147,1.235195993,66.912738768,1.000000000
803,fixed_random_bfs,1640863402,512,32,480,931,2000,1976,0,0.000000000,10881.926500000,10879.401500000,10879.394500000,0.000000000,2.525000000,5050,1.150000000,8.359524028,32.406785602,157.560031202,1.231715383,66.764050743,1.000000000
804,fixed_random_bfs,1199517179,512,18,494,213,2000,1976,0,0.000000000,10881.926500000,10880.274500000,10880.267500000,0.000000000,1.652000000,3304,0.400000000,8.359524028,32.285329832,155.764644299,1.231456856,66.502571397,1.000000000
805,spatial_uniform_bfs,1262329143,512,32,480,902,2000,1976,0,0.000000000,10881.926500000,10873.733000000,10873.726000000,0.000000000,8.193500000,16387,3.350000000,8.359524028,28.021610648,137.447800902,1.162342749,57.656862074,1.000000000
806,fixed_random_bfs,3170147742,512,28,484,627,2000,1976,2,0.100000000,10881.926500000,10876.940000000,10876.430000000,0.503000000,4.986500000,9973,1.800000000,8.359524028,22.334110753,107.453003202,0.863743550,45.842478079,1.000000000
807,fixed_random_bfs,11016886036,512,22,490,227,2000,1976,11,0.550000000,10881.926500000,10784.935500000,10782.285000000,2.643500000,96.991000000,193982,26.650000000,8.359524028,21.859148504,104.900160553,0.993672009,44.864360347,1.000000000
808,fixed_random_bfs,1548061658,512,31,481,683,2000,1976,4,0.200000000,10881.926500000,10846.734500000,10845.735500000,0.992000000,35.192000000,70384,11.600000000,8.359524028,28.147003795,136.247058149,1.602026369,57.892110393,1.000000000
809,history_hotspot_bfs,3148917487,512,53,459,484,2000,1976,154,7.700000000,10881.926500000,10720.438500000,10703.314500000,17.117000000,161.488000000,322976,66.150000000,8.359524028,22.090986577,107.873369702,0.916153606,45.285084380,1.000000000
810,fixed_random_bfs,1222473654,512,21,491,381,2000,1976,2,0.100000000,10881.926500000,10863.429500000,10862.910500000,0.512000000,18.497000000,36994,8.150000000,8.359524028,28.208164583,136.797833348,1.154783513,58.014612856,1.000000000
811,history_hotspot_bfs,3387597070,512,31,481,144,2000,1976,404,20.200000000,10881.926500000,10724.109000000,10676.835500000,47.266500000,157.817500000,315635,59.650000000,8.359524028,28.007468985,138.097956199,1.573009322,57.311813384,1.000000000
812,fixed_random_bfs,2083229096,512,23,489,345,2000,1976,0,0.000000000,10881.926500000,10844.967000000,10844.960000000,0.000000000,36.959500000,73919,12.000000000,8.359524028,27.793846258,130.363151699,1.546737093,57.163725942,1.000000000
813,fixed_random_bfs,1520370267,512,27,485,230,2000,1976,0,0.000000000,10881.926500000,10876.062500000,10876.055500000,0.000000000,5.864000000,11728,2.950000000,8.359524028,28.449695543,136.648717550,1.140281858,58.515026397,1.000000000
814,fixed_random_bfs,1324734395,512,25,487,530,2000,1976,1,0.050000000,10881.926500000,10880.788000000,10880.525500000,0.255500000,1.138500000,2277,1.250000000,8.359524028,28.489833614,138.276252299,1.180132242,58.607053960,1.000000000
815,history_hotspot_bfs,4492375942,512,47,465,631,2000,1976,77,3.850000000,10881.926500000,10781.650000000,10765.719500000,15.923500000,100.276500000,200553,41.950000000,8.359524028,22.098326335,106.545636951,0.862908834,45.322924860,1.000000000
816,spatial_uniform_bfs,1163402484,512,29,483,655,2000,1976,1,0.050000000,10881.926500000,10873.547500000,10873.292000000,0.248500000,8.379000000,16758,3.350000000,8.359524028,28.969282090,139.630773401,1.565648174,59.593801899,1.000000000
817,history_hotspot_bfs,4505215363,512,35,477,443,2000,1976,42,2.100000000,10881.926500000,10739.230000000,10732.427000000,6.796000000,142.696500000,285393,51.400000000,8.359524028,29.541668607,142.238110051,1.231321344,60.771057750,1.000000000
818,fixed_random_bfs,1550566756,512,28,484,409,2000,1976,2,0.100000000,10881.926500000,10875.819000000,10875.347000000,0.465000000,6.107500000,12215,2.000000000,8.359524028,24.309136961,116.481594649,1.201660155,49.948044943,1.000000000
819,fixed_random_bfs,1142606001,512,30,482,407,2000,1976,13,0.650000000,10881.926500000,10791.266500000,10789.222500000,2.037000000,90.660000000,181320,45.100000000,8.359524028,25.045646300,123.036152001,1.667275204,51.479571493,1.000000000
820,fixed_random_bfs,1143318298,512,26,486,319,2000,1976,3,0.150000000,10881.926500000,10857.720500000,10857.001000000,0.712500000,24.206000000,48412,7.950000000,8.359524028,27.928591015,134.169701301,1.195005995,57.475543487,1.000000000
821,history_hotspot_bfs,9134232264,512,30,482,188,2000,1976,3,0.150000000,10881.926500000,10842.200000000,10841.830000000,0.363000000,39.726500000,79453,13.700000000,8.359524028,23.315753092,113.264775102,1.202623946,47.903563278,1.000000000
822,fixed_random_bfs,293561772,512,12,500,75,2000,1976,0,0.000000000,10881.926500000,10860.987500000,10860.980500000,0.000000000,20.939000000,41878,5.450000000,8.359524028,28.702345562,139.634255002,1.587860753,59.056447498,1.000000000
823,history_hotspot_bfs,9381515170,512,46,466,600,2000,1976,77,3.850000000,10881.926500000,10732.960000000,10718.114500000,14.838500000,148.966500000,297933,56.500000000,8.359524028,29.684800868,142.720398851,1.540508013,61.092630585,1.000000000
824,fixed_random_bfs,1328041520,512,31,481,193,2000,1976,0,0.000000000,10881.926500000,10864.678000000,10864.671000000,0.000000000,17.248500000,34497,6.450000000,8.359524028,26.927960731,129.213376653,1.161909940,55.379003738,1.000000000
825,fixed_random_bfs,111467285,512,19,493,149,2000,1976,63,3.150000000,10881.926500000,10740.531500000,10727.962500000,12.562000000,141.395000000,282790,58.350000000,8.359524028,27.646476846,135.357308398,1.146331855,56.852350976,1.000000000
826,spatial_uniform_bfs,1148228101,512,42,470,1241,2000,1976,1,0.050000000,10881.926500000,10874.121500000,10873.864000000,0.250500000,7.805000000,15610,3.550000000,8.359524028,22.052349252,107.640564351,1.565019516,45.271651882,1.000000000
827,fixed_random_bfs,9081913534,512,17,495,226,2000,1976,0,0.000000000,10881.926500000,10878.249000000,10878.242000000,0.000000000,3.677500000,7355,1.400000000,8.359524028,31.798783576,153.613404650,1.146437683,65.510302552,1.000000000
828,history_hotspot_bfs,9841388825,512,22,490,284,2000,1976,14,0.700000000,10881.926500000,10839.840500000,10836.773000000,3.060500000,42.086000000,84172,14.800000000,8.359524028,27.787284898,133.589240651,1.186030700,57.171011924,1.000000000
829,fixed_random_bfs,1187119111,512,21,491,203,2000,1976,0,0.000000000,10881.926500000,10877.723000000,10877.716000000,0.000000000,4.203500000,8407,1.300000000,8.359524028,30.215948769,144.027544047,1.220434912,62.216602599,1.000000000
830,fixed_random_bfs,1919773620,512,41,471,1033,2000,1976,1,0.050000000,10881.926500000,10855.120000000,10855.112000000,0.001000000,26.806500000,53613,9.050000000,8.359524028,23.557403020,116.308523900,1.562073372,48.383200726,1.000000000
831,history_hotspot_bfs,11018676585,512,40,472,594,2000,1976,78,3.900000000,10881.926500000,10726.920000000,10710.316500000,16.596500000,155.006500000,310013,55.700000000,8.359524028,27.578148486,133.537366500,1.564161130,56.686439490,1.000000000
832,fixed_random_bfs,2854248778,512,18,494,257,2000,1976,1,0.050000000,10881.926500000,10863.608000000,10863.347500000,0.253500000,18.318500000,36637,7.200000000,8.359524028,27.735412219,134.896577148,1.122424129,57.064672786,1.000000000
833,history_hotspot_bfs,12456103086,512,20,492,138,2000,1976,57,2.850000000,10881.926500000,10737.885500000,10728.962500000,8.916000000,144.041000000,288082,59.800000000,8.359524028,21.784772955,104.387184201,0.877801809,44.700185888,1.000000000
834,fixed_random_bfs,6228577942,512,27,485,248,2000,1976,4,0.200000000,10881.926500000,10846.975500000,10846.095500000,0.873000000,34.951000000,69902,10.350000000,8.359524028,32.097661345,156.922097200,1.232557503,66.125362201,1.000000000
835,fixed_random_bfs,1520366710,512,23,489,383,2000,1976,1,0.050000000,10881.926500000,10875.011500000,10874.753500000,0.251000000,6.915000000,13830,2.200000000,8.359524028,22.468097655,107.298731901,0.855488900,46.128278648,1.000000000
836,fixed_random_bfs,13007100842,512,19,493,49,2000,1976,2,0.100000000,10881.926500000,10843.458000000,10843.264000000,0.187000000,38.468500000,76937,12.600000000,8.359524028,27.859410812,135.674270999,1.572398069,57.312641090,1.000000000
837,history_hotspot_bfs,13430226018,512,50,462,861,2000,1976,56,2.800000000,10881.926500000,10781.630500000,10770.453000000,11.170500000,100.296000000,200592,41.950000000,8.359524028,24.697076508,122.776167849,1.243140069,50.743513623,1.000000000
838,fixed_random_bfs,12131036962,512,14,498,38,2000,1976,0,0.000000000,10881.926500000,10867.336500000,10867.329500000,0.000000000,14.590000000,29180,5.100000000,8.359524028,28.356025463,136.189673900,0.900374980,58.359743253,1.000000000
839,fixed_random_bfs,64650189,512,25,487,553,2000,1976,0,0.000000000,10881.926500000,10853.063000000,10853.056000000,0.000000000,28.863500000,57727,8.450000000,8.359524028,28.102704489,135.725011352,1.172390320,57.809631031,1.000000000
840,history_hotspot_bfs,124384923,512,29,483,275,2000,1976,115,5.750000000,10881.926500000,10747.351000000,10728.749000000,18.595000000,134.575500000,269151,53.250000000,8.359524028,27.604680314,136.761882801,1.152745831,56.740065325,1.000000000
841,fixed_random_bfs,1520382617,512,26,486,490,2000,1976,2,0.100000000,10881.926500000,10877.105000000,10876.596000000,0.502000000,4.821500000,9643,1.650000000,8.359524028,27.771560551,134.725616301,1.141278733,57.138803689,1.000000000
842,history_hotspot_bfs,137819394,512,31,481,262,2000,1976,195,9.750000000,10881.926500000,10727.629000000,10698.029500000,29.592500000,154.297500000,308595,57.300000000,8.359524028,27.595040798,134.844846348,1.543385465,56.685545943,1.000000000
843,fixed_random_bfs,2469471998,512,27,485,211,2000,1976,1,0.050000000,10881.926500000,10878.143000000,10878.134500000,0.001500000,3.783500000,7567,4.700000000,8.359524028,22.204235211,106.289352749,0.873330417,45.576016875,1.000000000
844,fixed_random_bfs,1731183139,512,32,480,816,2000,1976,0,0.000000000,10881.926500000,10873.572000000,10873.565000000,0.000000000,8.354500000,16709,3.050000000,8.359524028,27.907063894,136.987003752,1.550300716,57.409742132,1.000000000
845,history_hotspot_bfs,343646665,512,55,457,914,2000,1976,87,4.350000000,10881.926500000,10759.851000000,10744.443000000,15.401000000,122.075500000,244151,56.850000000,8.359524028,31.509187528,153.194001050,1.214671030,64.855280385,1.000000000
846,fixed_random_bfs,5307690002,512,43,469,1199,2000,1976,53,2.650000000,10881.926500000,10805.732500000,10793.014000000,12.711500000,76.194000000,152388,27.500000000,8.359524028,32.147026386,155.976095700,1.609224940,66.196634835,1.000000000
847,history_hotspot_bfs,343646666,512,41,471,431,2000,1976,68,3.400000000,10881.926500000,10767.780000000,10753.154500000,14.618500000,114.146500000,228293,52.950000000,8.359524028,27.716228500,133.030799350,1.136957138,56.984627226,1.000000000
848,fixed_random_bfs,1436603178,512,24,488,208,2000,1976,1,0.050000000,10881.926500000,10866.661000000,10866.426000000,0.228000000,15.265500000,30531,5.900000000,8.359524028,27.928959853,135.859541299,1.532263946,57.450412923,1.000000000
849,fixed_random_bfs,1143317142,512,37,475,334,2000,1976,28,1.400000000,10881.926500000,10795.913000000,10790.965500000,4.940500000,86.013500000,172027,34.300000000,8.359524028,27.030352826,131.960355149,1.160536393,55.596428099,1.000000000
850,fixed_random_bfs,13945733928,512,26,486,295,2000,1976,1,0.050000000,10881.926500000,10857.813000000,10857.590500000,0.215500000,24.113500000,48227,5.700000000,8.359524028,22.026080657,106.011604947,1.194497642,45.205520392,1.000000000
851,fixed_random_bfs,10915059235,512,39,473,403,2000,1976,33,1.650000000,10881.926500000,10800.533500000,10794.853500000,5.673000000,81.393000000,162786,35.500000000,8.359524028,21.991947635,105.889268798,1.144970142,45.125374085,1.000000000
852,fixed_random_bfs,12128031535,512,27,485,368,2000,1976,1,0.050000000,10881.926500000,10854.063000000,10853.830500000,0.225500000,27.863500000,55727,6.900000000,8.359524028,32.204199982,155.121003247,1.648905654,66.345080368,1.000000000
853,spatial_uniform_bfs,1262328468,512,35,477,1058,2000,1976,0,0.000000000,10881.926500000,10872.891000000,10872.884000000,0.000000000,9.035500000,18071,4.050000000,8.359524028,28.123593218,137.674973099,1.180727617,57.856800946,1.000000000
854,fixed_random_bfs,13012313553,512,38,474,473,2000,1976,10,0.500000000,10881.926500000,10821.899500000,10819.414000000,2.478500000,60.027000000,120054,24.350000000,8.359524028,28.017970353,134.348085801,1.585774937,57.632394040,1.000000000
855,history_hotspot_bfs,1664454455,512,33,479,352,2000,1976,71,3.550000000,10881.926500000,10771.310500000,10759.650000000,11.653500000,110.616000000,221232,39.700000000,8.359524028,22.136856410,106.136756652,1.273628183,45.401987612,1.000000000
856,fixed_random_bfs,5849890921,512,41,471,493,2000,1976,72,3.600000000,10881.926500000,10769.121500000,10754.958500000,14.156000000,112.805000000,225610,41.200000000,8.359524028,22.037999063,105.872675000,1.253419868,45.210375147,1.000000000
857,fixed_random_bfs,1037307083,512,24,488,363,2000,1976,1,0.050000000,10881.926500000,10861.995000000,10861.739500000,0.248500000,19.931500000,39863,8.850000000,8.359524028,27.944974472,136.349691451,1.544910548,57.484661277,1.000000000
858,history_hotspot_bfs,1788786017,512,36,476,824,2000,1976,17,0.850000000,10881.926500000,10781.708000000,10777.653500000,4.047500000,100.218500000,200437,31.100000000,8.359524028,27.568497249,131.304063450,1.540174912,56.710439538,1.000000000
859,fixed_random_bfs,25532144,512,42,470,162,2000,1976,4,0.200000000,10881.926500000,10831.991000000,10831.482000000,0.502000000,49.935500000,99871,35.550000000,8.359524028,27.727970603,132.660248550,1.135357552,57.041876648,1.000000000
860,spatial_uniform_bfs,1148228499,512,34,478,964,2000,1976,1,0.050000000,10881.926500000,10873.529000000,10873.278000000,0.244000000,8.397500000,16795,4.000000000,8.359524028,27.841313877,133.533616952,1.168370282,57.272223284,1.000000000
861,fixed_random_bfs,1328041849,512,10,502,81,2000,1976,2,0.100000000,10881.926500000,10871.812000000,10871.293000000,0.512000000,10.114500000,20229,4.500000000,8.359524028,21.923675281,104.387784899,0.841613284,45.006289845,1.000000000
862,fixed_random_bfs,1262329290,512,24,488,298,2000,1976,4,0.200000000,10881.926500000,10850.747000000,10849.784000000,0.956000000,31.179500000,62359,10.050000000,8.359524028,27.775588224,134.728864451,1.532794165,57.136960987,1.000000000
863,fixed_random_bfs,1131291372,512,32,480,292,2000,1976,11,0.550000000,10881.926500000,10844.145500000,10842.977500000,1.161000000,37.781000000,75562,11.900000000,8.359524028,29.999288625,143.162241399,1.653740307,61.759309600,1.000000000
864,history_hotspot_bfs,2206192839,512,28,484,428,2000,1976,62,3.100000000,10881.926500000,10754.785500000,10743.336500000,11.442000000,127.141000000,254282,47.850000000,8.359524028,27.498952149,132.830691548,1.168008129,56.557223764,1.000000000
865,fixed_random_bfs,13370027491,512,22,490,222,2000,1976,0,0.000000000,10881.926500000,10873.673000000,10873.666000000,0.000000000,8.253500000,16507,2.450000000,8.359524028,31.145023850,155.453464750,1.215785504,64.155212582,1.000000000
866,fixed_random_bfs,4412468488,512,46,466,945,2000,1976,2,0.100000000,10881.926500000,10827.354000000,10826.882000000,0.465000000,54.572500000,109145,16.300000000,8.359524028,31.153728530,152.916300899,1.236447302,64.159938292,1.000000000
867,fixed_random_bfs,734659787,512,38,474,258,2000,1976,3,0.150000000,10881.926500000,10863.387500000,10863.091500000,0.289000000,18.539000000,37078,7.400000000,8.359524028,21.783703809,104.879726500,0.846985261,44.710177516,1.000000000
868,fixed_random_bfs,4438030089,512,44,468,296,2000,1976,45,2.250000000,10881.926500000,10767.850500000,10764.124500000,3.719000000,114.076000000,228152,47.000000000,8.359524028,24.212353267,113.750358399,0.847051068,49.734481151,1.000000000
869,history_hotspot_bfs,2685906086,512,35,477,300,2000,1976,182,9.100000000,10881.926500000,10726.696000000,10696.222500000,30.466500000,155.230500000,310461,67.650000000,8.359524028,22.006970758,106.373724352,0.856036034,45.113450549,1.000000000
870,fixed_random_bfs,4526689695,512,35,477,379,2000,1976,62,3.100000000,10881.926500000,10771.200500000,10757.905500000,13.288000000,110.726000000,221452,44.400000000,8.359524028,28.003780908,135.760934198,1.541372080,57.570514952,1.000000000
871,history_hotspot_bfs,3984886786,512,37,475,373,2000,1976,5,0.250000000,10881.926500000,10840.736000000,10839.906500000,0.822500000,41.190500000,82381,12.950000000,8.359524028,28.750744175,137.426552900,1.143440711,59.161613390,1.000000000
872,fixed_random_bfs,9922143987,512,24,488,312,2000,1976,4,0.200000000,10881.926500000,10876.963500000,10876.023500000,0.933000000,4.963000000,9926,1.500000000,8.359524028,30.083268051,145.048078900,1.148869279,61.917621584,1.000000000
873,spatial_uniform_bfs,1148143425,512,44,468,1350,2000,1976,1,0.050000000,10881.926500000,10874.392500000,10874.139000000,0.246500000,7.534000000,15068,4.100000000,8.359524028,27.983826429,139.095197050,1.268938989,57.566871489,1.000000000
874,history_hotspot_bfs,4356495991,512,40,472,404,2000,1976,173,8.650000000,10881.926500000,10701.473500000,10671.474500000,29.992000000,180.453000000,360906,67.500000000,8.359524028,30.582590454,144.913728351,1.147895374,62.901942688,1.000000000
875,fixed_random_bfs,8936327877,512,30,482,279,2000,1976,1,0.050000000,10881.926500000,10870.252500000,10870.061000000,0.184500000,11.674000000,23348,4.150000000,8.359524028,28.147561651,137.612499348,1.542945532,57.900123950,1.000000000
876,spatial_uniform_bfs,1262328347,512,35,477,908,2000,1976,1,0.050000000,10881.926500000,10873.468000000,10873.212500000,0.248500000,8.458500000,16917,4.200000000,8.359524028,27.079618941,130.569896802,1.146435134,55.691173835,1.000000000
877,fixed_random_bfs,1163403131,512,34,478,743,2000,1976,1,0.050000000,10881.926500000,10873.527500000,10873.275500000,0.245000000,8.399000000,16798,3.350000000,8.359524028,31.110685825,149.364722349,1.557123706,64.069749761,1.000000000
878,history_hotspot_bfs,5268162905,512,47,465,684,2000,1976,140,7.000000000,10881.926500000,10738.533000000,10710.503000000,28.023000000,143.393500000,286787,62.050000000,8.359524028,26.869447068,130.759633400,1.228232025,55.170724541,1.000000000
879,fixed_random_bfs,1556196994,512,19,493,342,2000,1976,0,0.000000000,10881.926500000,10880.814500000,10880.807500000,0.000000000,1.112000000,2224,0.700000000,8.359524028,23.124817406,111.391157549,1.148766140,47.481512558,1.000000000
880,fixed_random_bfs,1642971058,512,25,487,224,2000,1976,0,0.000000000,10881.926500000,10873.120000000,10873.113000000,0.000000000,8.806500000,17613,2.600000000,8.359524028,28.341893870,137.641294948,1.550181073,58.296897738,1.000000000
881,fixed_random_bfs,5281885070,512,31,481,218,2000,1976,7,0.350000000,10881.926500000,10809.840000000,10809.051000000,0.782000000,72.086500000,144173,27.450000000,8.359524028,22.931381362,107.738116848,0.870024251,47.084630899,1.000000000
882,fixed_random_bfs,11394388198,512,29,483,329,2000,1976,5,0.250000000,10881.926500000,10855.057000000,10853.839500000,1.210500000,26.869500000,53739,8.500000000,8.359524028,23.038809270,111.955830949,1.229476772,47.297140262,1.000000000
883,spatial_uniform_bfs,6491942102,512,32,480,785,2000,1976,0,0.000000000,10881.926500000,10872.093500000,10872.086500000,0.000000000,9.833000000,19666,4.300000000,8.359524028,22.635644234,109.406356448,1.176592329,46.483545524,1.000000000
884,history_hotspot_bfs,8091600946,512,57,455,716,2000,1976,113,5.650000000,10881.926500000,10743.907500000,10726.807500000,17.093000000,138.019000000,276038,59.800000000,8.359524028,31.746956946,147.469831498,1.612802046,65.311274931,1.000000000
885,fixed_random_bfs,1143317207,512,36,476,546,2000,1976,4,0.200000000,10881.926500000,10853.716000000,10852.757000000,0.952000000,28.210500000,56421,8.850000000,8.359524028,28.490467469,138.528507799,1.581341714,58.609543755,1.000000000
886,fixed_random_bfs,698737749,512,23,489,142,2000,1976,5,0.250000000,10881.926500000,10847.141000000,10846.048500000,1.085500000,34.785500000,69571,10.500000000,8.359524028,28.487410881,137.258286801,1.144866212,58.577723868,1.000000000
887,fixed_random_bfs,12638608676,512,22,490,293,2000,1976,0,0.000000000,10881.926500000,10862.557500000,10862.550500000,0.000000000,19.369000000,38738,7.300000000,8.359524028,28.506012816,140.352996448,1.549503516,58.625286389,1.000000000
888,fixed_random_bfs,12486990550,512,19,493,108,2000,1976,1,0.050000000,10881.926500000,10875.947500000,10875.717500000,0.223000000,5.979000000,11958,3.700000000,8.359524028,28.491261827,139.420617901,1.546606153,58.589168784,1.000000000
889,fixed_random_bfs,702048345,512,31,481,631,2000,1976,0,0.000000000,10881.926500000,10877.649500000,10877.642500000,0.000000000,4.277000000,8554,1.450000000,8.359524028,29.583378608,143.349359199,1.617108782,60.867004947,1.000000000
890,fixed_random_bfs,430262130,512,19,493,274,2000,1976,6,0.300000000,10881.926500000,10838.069000000,10836.550500000,1.511500000,43.857500000,87715,13.950000000,8.359524028,31.811717933,148.434028200,1.200972948,65.502071443,1.000000000
891,fixed_random_bfs,3150221379,512,32,480,392,2000,1976,1,0.050000000,10881.926500000,10870.236500000,10870.053000000,0.176500000,11.690000000,23380,4.150000000,8.359524028,28.594041477,139.907109551,1.178207156,58.802557755,1.000000000
892,spatial_uniform_bfs,1148228337,512,42,470,1141,2000,1976,0,0.000000000,10881.926500000,10872.253500000,10872.246500000,0.000000000,9.673000000,19346,4.250000000,8.359524028,31.186861745,155.438988899,1.604751397,64.233136797,1.000000000
893,fixed_random_bfs,12055130663,512,22,490,189,2000,1976,0,0.000000000,10881.926500000,10873.838500000,10873.831500000,0.000000000,8.088000000,16176,3.450000000,8.359524028,22.993337536,112.821775452,1.457423973,47.195835751,1.000000000
894,fixed_random_bfs,13038244561,512,35,477,765,2000,1976,1,0.050000000,10881.926500000,10876.941000000,10876.695000000,0.239000000,4.985500000,9971,1.550000000,8.359524028,22.696920610,109.465553151,1.145620052,46.578936174,1.000000000
895,history_hotspot_bfs,11397043896,512,38,474,445,2000,1976,13,0.650000000,10881.926500000,10840.120500000,10837.561500000,2.552000000,41.806000000,83612,15.250000000,8.359524028,28.536118639,137.603159999,1.630124885,58.672689746,1.000000000
896,fixed_random_bfs,12055135304,512,25,487,404,2000,1976,0,0.000000000,10881.926500000,10868.648500000,10868.641500000,0.000000000,13.278000000,26556,5.750000000,8.359524028,22.409876721,108.296291150,1.244104373,45.979121502,1.000000000
897,spatial_uniform_bfs,1148143211,512,33,479,873,2000,1976,0,0.000000000,10881.926500000,10871.295500000,10871.288500000,0.000000000,10.631000000,21262,5.200000000,8.359524028,22.408688450,108.032770548,1.008529518,45.984460927,1.000000000
898,fixed_random_bfs,6249235104,512,45,467,547,2000,1976,32,1.600000000,10881.926500000,10802.423000000,10797.855500000,4.560500000,79.503500000,159007,33.550000000,8.359524028,32.644817542,158.114093601,1.220880013,67.207064951,1.000000000
899,history_hotspot_bfs,11429488481,512,37,475,312,2000,1976,152,7.600000000,10881.926500000,10712.370000000,10693.514000000,18.849000000,169.556500000,339113,67.000000000,8.359524028,28.322521547,137.174490650,1.186594622,58.197659273,1.000000000
900,fixed_random_bfs,6505017036,512,31,481,607,2000,1976,2,0.100000000,10881.926500000,10874.062500000,10873.564500000,0.491000000,7.864000000,15728,3.000000000,8.359524028,28.828136309,140.148641701,1.198040383,59.285059861,1.000000000
901,fixed_random_bfs,1143316741,512,32,480,268,2000,1976,4,0.200000000,10881.926500000,10845.166500000,10844.668000000,0.491500000,36.760000000,73520,10.050000000,8.359524028,31.620996505,154.540909949,1.225653795,65.106700166,1.000000000
902,history_hotspot_bfs,12148105780,512,40,472,501,2000,1976,51,2.550000000,10881.926500000,10744.498500000,10736.579500000,7.912000000,137.428000000,274856,50.900000000,8.359524028,28.290548349,139.203073300,1.558419220,58.167047823,1.000000000
903,fixed_random_bfs,500335384,512,31,481,494,2000,1976,0,0.000000000,10881.926500000,10856.281500000,10856.274500000,0.000000000,25.645000000,51290,5.800000000,8.359524028,28.480572159,138.391981151,1.160007919,58.573795943,1.000000000
904,fixed_random_bfs,1551004795,512,17,495,272,2000,1976,0,0.000000000,10881.926500000,10879.037500000,10879.030500000,0.000000000,2.889000000,5778,0.950000000,8.359524028,22.485664312,109.996709801,0.959656465,46.150880631,1.000000000
905,fixed_random_bfs,2213321429,512,26,486,181,2000,1976,329,16.450000000,10881.926500000,10730.916500000,10687.514000000,43.395500000,151.010000000,302020,58.700000000,8.359524028,28.166419103,136.789347102,1.156450695,57.726642825,1.000000000
906,fixed_random_bfs,1550561072,512,32,480,292,2000,1976,1,0.050000000,10881.926500000,10873.834500000,10873.633500000,0.194000000,8.092000000,16184,3.000000000,8.359524028,22.674757975,110.239008049,1.160841148,46.541144251,1.000000000
907,fixed_random_bfs,128668294,512,27,485,365,2000,1976,74,3.700000000,10881.926500000,10779.934000000,10763.809000000,16.118000000,101.992500000,203985,35.300000000,8.359524028,28.137839422,140.736468401,1.600764289,57.816961853,1.000000000
908,fixed_random_bfs,3134151980,512,23,489,123,2000,1976,1,0.050000000,10881.926500000,10875.222000000,10875.041500000,0.173500000,6.704500000,13409,4.600000000,8.359524028,25.355981991,124.683904301,1.188057278,52.095545272,1.000000000
909,fixed_random_bfs,12051483867,512,30,482,451,2000,1976,0,0.000000000,10881.926500000,10868.003000000,10867.996000000,0.000000000,13.923500000,27847,5.450000000,8.359524028,25.568856241,118.429259950,1.203098216,52.560473301,1.000000000
910,history_hotspot_bfs,13507274445,512,41,471,301,2000,1976,182,9.100000000,10881.926500000,10703.292500000,10673.515500000,29.770000000,178.634000000,357268,67.150000000,8.359524028,26.027757450,129.706091897,1.172283975,53.428094116,1.000000000
911,fixed_random_bfs,2184077119,512,38,474,835,2000,1976,9,0.450000000,10881.926500000,10834.895000000,10833.065000000,1.823000000,47.031500000,94063,17.050000000,8.359524028,32.725336434,157.156377250,1.680537151,67.398622170,1.000000000
912,fixed_random_bfs,8934377491,512,17,495,272,2000,1976,0,0.000000000,10881.926500000,10874.336500000,10874.329500000,0.000000000,7.590000000,15180,3.000000000,8.359524028,32.439986369,156.651006949,1.239230899,66.849106345,1.000000000
913,history_hotspot_bfs,25632463,512,46,466,538,2000,1976,124,6.200000000,10881.926500000,10727.689500000,10705.738000000,21.944500000,154.237000000,308474,65.600000000,8.359524028,27.972509005,134.945362151,1.164115653,57.484486768,1.000000000
914,fixed_random_bfs,1050531203,512,28,484,227,2000,1976,5,0.250000000,10881.926500000,10843.208000000,10842.376500000,0.824500000,38.718500000,77437,15.400000000,8.359524028,28.201288763,135.289548100,1.573449873,58.005542209,1.000000000
915,fixed_random_bfs,8011183435,512,22,490,232,2000,1976,0,0.000000000,10881.926500000,10872.351000000,10872.344000000,0.000000000,9.575500000,19151,3.850000000,8.359524028,25.016787724,119.433998701,1.594994669,51.425266443,1.000000000
916,fixed_random_bfs,1173444039,512,23,489,364,2000,1976,2,0.100000000,10881.926500000,10878.285500000,10877.772500000,0.506000000,3.641000000,7282,0.950000000,8.359524028,28.497089143,137.977888399,1.588912908,58.612031034,1.000000000
917,fixed_random_bfs,497301828,512,26,486,243,2000,1976,6,0.300000000,10881.926500000,10810.636500000,10809.423500000,1.206000000,71.290000000,142580,22.450000000,8.359524028,27.087384835,131.296486599,1.152999328,55.710297868,1.000000000
918,fixed_random_bfs,1165931639,512,36,476,628,2000,1976,1,0.050000000,10881.926500000,10871.335000000,10871.100500000,0.227500000,10.591500000,21183,3.400000000,8.359524028,24.402543171,119.863505149,1.550437130,50.134312518,1.000000000
919,fixed_random_bfs,454550131,512,27,485,351,2000,1976,4,0.200000000,10881.926500000,10842.154500000,10841.172500000,0.975000000,39.772000000,79544,14.100000000,8.359524028,25.611854495,122.739367752,0.945472032,52.639941162,1.000000000
920,history_hotspot_bfs,343646762,512,41,471,693,2000,1976,84,4.200000000,10881.926500000,10766.454000000,10747.088000000,19.359000000,115.472500000,230945,45.150000000,8.359524028,27.981199002,135.324481550,1.144088152,57.529574737,1.000000000
921,history_hotspot_bfs,410370668,512,45,467,505,2000,1976,61,3.050000000,10881.926500000,10774.254500000,10765.372500000,8.875000000,107.672000000,215344,39.900000000,8.359524028,28.090741856,136.679060749,1.570500231,57.752937768,1.000000000
922,fixed_random_bfs,10284203355,512,18,494,228,2000,1976,17,0.850000000,10881.926500000,10837.458500000,10834.699500000,2.752000000,44.468000000,88936,14.900000000,8.359524028,22.064244477,107.441412100,1.261769038,45.274651576,1.000000000
923,fixed_random_bfs,450324063,512,30,482,785,2000,1976,0,0.000000000,10881.926500000,10871.153000000,10871.146000000,0.000000000,10.773500000,21547,3.550000000,8.359524028,28.035917284,135.253951349,1.588888814,57.676246602,1.000000000
924,fixed_random_bfs,1556196243,512,17,495,272,2000,1976,0,0.000000000,10881.926500000,10880.996000000,10880.989000000,0.000000000,0.930500000,1861,0.550000000,8.359524028,23.627353023,115.591411051,1.232911673,48.530486766,1.000000000
925,fixed_random_bfs,11364764954,512,38,474,533,2000,1976,4,0.200000000,10881.926500000,10849.792000000,10848.959000000,0.826000000,32.134500000,64269,11.500000000,8.359524028,23.287612602,114.276566400,1.204734331,47.827537780,1.000000000
926,fixed_random_bfs,1548078127,512,24,488,253,2000,1976,2,0.100000000,10881.926500000,10850.752500000,10850.378000000,0.367500000,31.174000000,62348,15.550000000,8.359524028,29.780167032,145.156586402,0.869051510,61.292884492,1.000000000
927,fixed_random_bfs,8375236702,512,31,481,492,2000,1976,15,0.750000000,10881.926500000,10774.012000000,10770.672500000,3.332500000,107.914500000,215829,31.300000000,8.359524028,28.018033993,135.168044100,1.535263161,57.624034646,1.000000000
928,history_hotspot_bfs,480328314,512,29,483,451,2000,1976,24,1.200000000,10881.926500000,10800.165500000,10794.731500000,5.427000000,81.761000000,163522,24.000000000,8.359524028,32.178179877,154.813857101,1.639373013,66.283498271,1.000000000
929,fixed_random_bfs,534478825,512,36,476,423,2000,1976,79,3.950000000,10881.926500000,10772.220500000,10755.720000000,16.493500000,109.706000000,219412,43.000000000,8.359524028,32.401287430,157.347010100,1.256826968,66.694914659,1.000000000
930,fixed_random_bfs,1126355534,512,25,487,348,2000,1976,0,0.000000000,10881.926500000,10860.375000000,10860.368000000,0.000000000,21.551500000,43103,7.550000000,8.359524028,28.231404075,139.212439249,1.151691117,58.067579278,1.000000000
931,spatial_uniform_bfs,1148228088,512,31,481,711,2000,1976,0,0.000000000,10881.926500000,10871.200000000,10871.193000000,0.000000000,10.726500000,21453,4.500000000,8.359524028,28.089598203,136.225912399,1.173431909,57.778841658,1.000000000
932,history_hotspot_bfs,1487204360,512,26,486,445,2000,1976,2,0.100000000,10881.926500000,10865.014500000,10864.508500000,0.499000000,16.912000000,33824,5.050000000,8.359524028,28.301534148,136.503903801,1.179558175,58.222269709,1.000000000
933,fixed_random_bfs,4695855091,512,37,475,906,2000,1976,2,0.100000000,10881.926500000,10870.202500000,10869.707500000,0.488000000,11.724000000,23448,4.100000000,8.359524028,30.473263566,147.821137750,0.853235813,62.734820549,1.000000000
934,spatial_uniform_bfs,1148228630,512,33,479,776,2000,1976,0,0.000000000,10881.926500000,10870.845000000,10870.838000000,0.000000000,11.081500000,22163,5.450000000,8.359524028,22.704361871,108.864096351,1.274738946,46.616356306,1.000000000
935,fixed_random_bfs,4463731558,512,35,477,454,2000,1976,9,0.450000000,10881.926500000,10819.337500000,10817.300000000,2.030500000,62.589000000,125178,22.000000000,8.359524028,22.689658052,110.787260651,1.594755328,46.567707239,1.000000000
936,fixed_random_bfs,6845383892,512,27,485,532,2000,1976,0,0.000000000,10881.926500000,10877.454500000,10877.447500000,0.000000000,4.472000000,8944,1.550000000,8.359524028,22.237256981,108.053011847,0.929111523,45.644732778,1.000000000
937,spatial_uniform_bfs,1148227885,512,35,477,879,2000,1976,0,0.000000000,10881.926500000,10871.783000000,10871.776000000,0.000000000,10.143500000,20287,4.250000000,8.359524028,29.125629818,137.506955001,1.386880511,59.941241180,1.000000000
938,history_hotspot_bfs,1731168732,512,28,484,216,2000,1976,46,2.300000000,10881.926500000,10800.435000000,10792.937500000,7.490500000,81.491500000,162983,32.600000000,8.359524028,28.163608030,135.112781800,1.544482848,57.909912877,1.000000000
939,fixed_random_bfs,129548931,512,51,461,681,2000,1976,107,5.350000000,10881.926500000,10750.209000000,10731.672000000,18.530000000,131.717500000,263435,57.600000000,8.359524028,21.925122917,105.778298699,1.157123955,44.959853778,1.000000000
940,fixed_random_bfs,1324733180,512,31,481,786,2000,1976,1,0.050000000,10881.926500000,10881.285500000,10881.024000000,0.254500000,0.641000000,1282,1.100000000,8.359524028,28.295228847,136.233812103,1.156541683,58.192843337,1.000000000
941,fixed_random_bfs,5271102193,512,37,475,498,2000,1976,1,0.050000000,10881.926500000,10852.873500000,10852.662500000,0.204000000,29.053000000,58106,9.750000000,8.359524028,28.245448243,137.191634648,1.158217400,58.090534989,1.000000000
942,history_hotspot_bfs,2319991795,512,34,478,214,2000,1976,354,17.700000000,10881.926500000,10705.940500000,10668.200000000,37.733500000,175.986000000,351972,62.050000000,8.359524028,29.169854796,137.588846152,1.535859694,59.724910501,1.000000000
943,fixed_random_bfs,4441072618,512,39,473,849,2000,1976,13,0.650000000,10881.926500000,10811.701000000,10809.451000000,2.243000000,70.225500000,140451,27.600000000,8.359524028,28.271631401,136.994110799,1.152339259,58.139778681,1.000000000
944,history_hotspot_bfs,2422037958,512,24,488,346,2000,1976,19,0.950000000,10881.926500000,10818.581500000,10814.248500000,4.326000000,63.345000000,126690,21.000000000,8.359524028,28.353448095,136.424366597,1.557720106,58.306588891,1.000000000
945,fixed_random_bfs,13381299152,512,18,494,227,2000,1976,1,0.050000000,10881.926500000,10872.713500000,10872.473000000,0.233500000,9.213000000,18426,3.550000000,8.359524028,28.374642850,139.214421600,1.538455120,58.364016735,1.000000000
946,spatial_uniform_bfs,1148143437,512,32,480,844,2000,1976,0,0.000000000,10881.926500000,10869.751500000,10869.744500000,0.000000000,12.175000000,24350,5.850000000,8.359524028,32.476510162,157.772725950,1.258467927,66.908744808,1.000000000
947,fixed_random_bfs,3921306354,512,31,481,631,2000,1976,1,0.050000000,10881.926500000,10854.948500000,10854.710000000,0.231500000,26.978000000,53956,7.150000000,8.359524028,32.665466473,157.653302400,1.625001213,67.277055821,1.000000000
948,fixed_random_bfs,1112073344,512,38,474,566,2000,1976,2,0.100000000,10881.926500000,10845.111500000,10844.678500000,0.426000000,36.815000000,73630,14.100000000,8.359524028,22.945426168,109.718094549,1.375593368,47.105514277,1.000000000
949,history_hotspot_bfs,3394631328,512,22,490,203,2000,1976,19,0.950000000,10881.926500000,10816.358500000,10812.736000000,3.615500000,65.568000000,131136,24.550000000,8.359524028,23.225129376,113.215271000,1.203771746,47.676139238,1.000000000
950,fixed_random_bfs,4566797444,512,27,485,448,2000,1976,41,2.050000000,10881.926500000,10790.546000000,10780.814500000,9.724500000,91.380500000,182761,37.900000000,8.359524028,31.528343658,149.754145101,0.923017744,64.892460146,1.000000000
951,history_hotspot_bfs,3950967585,512,36,476,285,2000,1976,78,3.900000000,10881.926500000,10714.369000000,10700.049000000,14.313000000,167.557500000,335115,58.600000000,8.359524028,22.084780946,104.992141552,0.949044826,45.291048960,1.000000000
952,fixed_random_bfs,1670426636,512,31,481,306,2000,1976,4,0.200000000,10881.926500000,10836.354000000,10835.677000000,0.670000000,45.572500000,91145,21.850000000,8.359524028,28.520926342,135.689000649,1.610419426,58.657357600,1.000000000
953,spatial_uniform_bfs,1148228424,512,32,480,792,2000,1976,0,0.000000000,10881.926500000,10870.053000000,10870.046000000,0.000000000,11.873500000,23747,5.500000000,8.359524028,28.420554009,138.743329750,1.560165853,58.452149645,1.000000000
954,fixed_random_bfs,6994660235,512,33,479,707,2000,1976,0,0.000000000,10881.926500000,10879.238000000,10879.231000000,0.000000000,2.688500000,5377,0.700000000,8.359524028,28.329162691,135.128751698,1.146796926,58.263055827,1.000000000
955,spatial_uniform_bfs,1148228545,512,38,474,932,2000,1976,0,0.000000000,10881.926500000,10870.633500000,10870.626500000,0.000000000,11.293000000,22586,4.500000000,8.359524028,21.929308166,105.399550749,0.856172563,44.997943249,1.000000000
956,history_hotspot_bfs,4598151026,512,40,472,490,2000,1976,31,1.550000000,10881.926500000,10788.242500000,10782.251500000,5.984000000,93.684000000,187368,28.900000000,8.359524028,28.213667037,135.640141853,1.542964306,57.996019378,1.000000000
957,fixed_random_bfs,4644509199,512,33,479,518,2000,1976,3,0.150000000,10881.926500000,10867.092500000,10866.401500000,0.684000000,14.834000000,29668,6.750000000,8.359524028,28.448021400,136.955795598,1.566974179,58.496225660,1.000000000
958,spatial_uniform_bfs,4838615905,512,33,479,874,2000,1976,1,0.050000000,10881.926500000,10872.522000000,10872.261000000,0.254000000,9.404500000,18809,4.050000000,8.359524028,30.333370330,145.686132948,1.215375491,62.448665572,1.000000000
959,history_hotspot_bfs,4708552369,512,45,467,428,2000,1976,129,6.450000000,10881.926500000,10755.131500000,10730.114000000,25.010500000,126.795000000,253590,58.350000000,8.359524028,27.985297213,135.694754951,1.567583438,57.504951900,1.000000000
960,fixed_random_bfs,11635586344,512,41,471,1335,2000,1976,0,0.000000000,10881.926500000,10874.671000000,10874.664000000,0.000000000,7.255500000,14511,2.550000000,8.359524028,27.609580454,129.837324151,0.905836293,56.799269545,1.000000000
961,spatial_uniform_bfs,4838615909,512,34,478,750,2000,1976,0,0.000000000,10881.926500000,10871.398000000,10871.391000000,0.000000000,10.528500000,21057,4.300000000,8.359524028,22.251795551,106.824768698,0.860333497,45.674173510,1.000000000
962,fixed_random_bfs,1551011927,512,33,479,788,2000,1976,3,0.150000000,10881.926500000,10853.220500000,10852.463500000,0.750000000,28.706000000,57412,8.650000000,8.359524028,28.061650539,135.417103200,1.149431747,57.722326148,1.000000000
963,history_hotspot_bfs,4751728014,512,35,477,412,2000,1976,69,3.450000000,10881.926500000,10724.262000000,10708.694500000,15.560500000,157.664500000,315329,54.900000000,8.359524028,27.758811250,135.105535801,1.171468131,57.072816020,1.000000000
964,fixed_random_bfs,1216830857,512,40,472,218,2000,1976,2,0.100000000,10881.926500000,10806.589500000,10806.338500000,0.244000000,75.337000000,150674,31.600000000,8.359524028,23.628984137,113.852110902,1.224896466,48.535223039,1.000000000
965,fixed_random_bfs,6394782026,512,27,485,327,2000,1976,0,0.000000000,10881.926500000,10855.763500000,10855.756500000,0.000000000,26.163000000,52326,6.300000000,8.359524028,26.223217921,126.077322252,1.642840911,53.930794280,1.000000000
966,fixed_random_bfs,3913816566,512,23,489,484,2000,1976,0,0.000000000,10881.926500000,10866.910000000,10866.903000000,0.000000000,15.016500000,30033,4.350000000,8.359524028,22.226437690,108.817122602,1.238105065,45.628297963,1.000000000
967,fixed_random_bfs,1198829476,512,29,483,449,2000,1976,3,0.150000000,10881.926500000,10868.597000000,10867.861000000,0.729000000,13.329500000,26659,5.150000000,8.359524028,28.846393490,138.417419851,1.266953416,59.368465767,1.000000000
968,fixed_random_bfs,12051485772,512,32,480,656,2000,1976,1,0.050000000,10881.926500000,10866.682000000,10866.438000000,0.237000000,15.244500000,30489,6.100000000,8.359524028,31.397827893,151.861774451,1.194013998,64.660448228,1.000000000
969,fixed_random_bfs,1147305578,512,34,478,201,2000,1976,3,0.150000000,10881.926500000,10857.016500000,10856.564000000,0.445500000,24.910000000,49820,9.900000000,8.359524028,22.509185788,107.655994000,1.598087319,46.209710867,1.000000000
970,fixed_random_bfs,4458099456,512,31,481,304,2000,1976,48,2.400000000,10881.926500000,10756.112500000,10746.296500000,9.809000000,125.814000000,251628,45.200000000,8.359524028,28.056665228,136.314243350,1.165557216,57.693268408,1.000000000
971,history_hotspot_bfs,9037852789,512,41,471,280,2000,1976,154,7.700000000,10881.926500000,10753.325500000,10725.837500000,27.481000000,128.601000000,257202,49.800000000,8.359524028,30.996731303,150.078705800,1.549133094,63.761105156,1.000000000
972,fixed_random_bfs,13046307574,512,32,480,537,2000,1976,0,0.000000000,10881.926500000,10865.412500000,10865.405500000,0.000000000,16.514000000,33028,5.750000000,8.359524028,28.217906268,135.324331050,1.146825740,58.038608094,1.000000000
973,fixed_random_bfs,1191411624,512,39,473,1004,2000,1976,2,0.100000000,10881.926500000,10876.720500000,10876.232500000,0.481000000,5.206000000,10412,1.850000000,8.359524028,28.140503087,133.679995001,1.176370522,57.889593355,1.000000000
974,fixed_random_bfs,8303467628,512,26,486,282,2000,1976,5,0.250000000,10881.926500000,10844.226500000,10843.124000000,1.095500000,37.700000000,75400,11.450000000,8.359524028,22.511037341,108.118213900,1.132409430,46.224096804,1.000000000
975,history_hotspot_bfs,10892368778,512,41,471,478,2000,1976,45,2.250000000,10881.926500000,10750.243000000,10742.746000000,7.490000000,131.683500000,263367,49.250000000,8.359524028,26.568790563,128.518945598,1.516353376,54.597714419,1.000000000
976,fixed_random_bfs,3713843052,512,29,483,117,2000,1976,60,3.000000000,10881.926500000,10843.146500000,10836.164000000,6.975500000,38.780000000,77560,30.800000000,8.359524028,26.605329660,130.769122300,1.177252359,54.665291899,1.000000000
977,fixed_random_bfs,1300694076,512,31,481,733,2000,1976,1,0.050000000,10881.926500000,10879.953500000,10879.699000000,0.247500000,1.973000000,3946,0.600000000,8.359524028,31.266347107,148.751978851,1.124802652,64.372053102,1.000000000
978,fixed_random_bfs,3679308954,512,32,480,234,2000,1976,2,0.100000000,10881.926500000,10868.036000000,10867.823500000,0.205500000,13.890500000,27781,8.750000000,8.359524028,26.661410299,127.161625150,1.576495086,54.826956854,1.000000000
979,fixed_random_bfs,1291503779,512,37,475,483,2000,1976,73,3.650000000,10881.926500000,10772.983000000,10757.466500000,15.509500000,108.943500000,217887,39.100000000,8.359524028,28.408142087,139.042811400,1.560666636,58.399151807,1.000000000
980,history_hotspot_bfs,12458783071,512,36,476,267,2000,1976,243,12.150000000,10881.926500000,10701.328500000,10658.058500000,43.263000000,180.598000000,361196,63.500000000,8.359524028,28.294725224,136.221149949,1.522159139,58.039169114,1.000000000
981,fixed_random_bfs,4965877140,512,24,488,507,2000,1976,4,0.200000000,10881.926500000,10874.907500000,10873.878500000,1.022000000,7.019000000,14038,2.500000000,8.359524028,25.278379568,117.443345949,0.859560272,51.949291164,1.000000000
982,fixed_random_bfs,11105950323,512,49,463,694,2000,1976,58,2.900000000,10881.926500000,10781.406500000,10771.084000000,10.315500000,100.520000000,201040,44.850000000,8.359524028,27.832616562,132.563677201,0.851791430,57.223682134,1.000000000
983,spatial_uniform_bfs,1164520553,512,32,480,772,2000,1976,5,0.250000000,10881.926500000,10875.935500000,10874.853500000,1.075000000,5.991000000,11982,2.450000000,8.359524028,32.581916060,157.685613102,0.842477347,67.125099027,1.000000000
984,fixed_random_bfs,12461736113,512,22,490,79,2000,1976,0,0.000000000,10881.926500000,10868.618000000,10868.611000000,0.000000000,13.308500000,26617,5.400000000,8.359524028,22.320319037,109.306392299,1.176068870,45.814021515,1.000000000
985,fixed_random_bfs,4767426076,512,21,491,164,2000,1976,0,0.000000000,10881.926500000,10861.922000000,10861.915000000,0.000000000,20.004500000,40009,6.400000000,8.359524028,30.190222863,142.345667001,1.604051325,62.136423356,1.000000000
986,fixed_random_bfs,1548068554,512,22,490,217,2000,1976,1,0.050000000,10881.926500000,10859.606500000,10859.365500000,0.234000000,22.320000000,44640,6.900000000,8.359524028,28.486582119,138.812085450,1.588346817,58.588152915,1.000000000
987,spatial_uniform_bfs,1148143711,512,31,481,656,2000,1976,2,0.100000000,10881.926500000,10875.134500000,10874.625500000,0.502000000,6.792000000,13584,3.050000000,8.359524028,28.648224982,138.844188947,1.184801673,58.923853651,1.000000000
988,history_hotspot_bfs,137994655,512,47,465,357,2000,1976,141,7.050000000,10881.926500000,10717.819500000,10702.476500000,15.336000000,164.107000000,328214,66.050000000,8.359524028,22.391329674,108.590147252,1.153661804,45.904249082,1.000000000
989,fixed_random_bfs,8421467159,512,26,486,335,2000,1976,16,0.800000000,10881.926500000,10816.464000000,10813.071000000,3.386000000,65.462500000,130925,21.500000000,8.359524028,28.308861481,136.838114952,1.530328516,58.206271944,1.000000000
990,fixed_random_bfs,1143317433,512,24,488,413,2000,1976,2,0.100000000,10881.926500000,10856.248500000,10855.729500000,0.512000000,25.678000000,51356,7.900000000,8.359524028,28.393682138,136.699849653,1.560485339,58.396709390,1.000000000
991,history_hotspot_bfs,138198392,512,48,464,456,2000,1976,130,6.500000000,10881.926500000,10739.681500000,10718.646500000,21.028000000,142.245000000,284490,63.850000000,8.359524028,22.031865385,105.197583201,0.882112465,45.173867552,1.000000000
992,fixed_random_bfs,1147306980,512,29,483,285,2000,1976,3,0.150000000,10881.926500000,10855.758000000,10855.131500000,0.619500000,26.168500000,52337,8.500000000,8.359524028,28.805104102,142.144138948,1.598088645,59.258535038,1.000000000
993,history_hotspot_bfs,411504969,512,41,471,628,2000,1976,45,2.250000000,10881.926500000,10784.900500000,10778.521500000,6.372000000,97.026000000,194052,38.900000000,8.359524028,22.575596405,107.653535350,1.232015825,46.336180689,1.000000000
994,fixed_random_bfs,1839824347,512,44,468,1132,2000,1976,1,0.050000000,10881.926500000,10852.954500000,10852.713000000,0.234500000,28.972000000,57944,9.850000000,8.359524028,30.657678629,147.263202550,1.214277719,63.126307425,1.000000000
995,fixed_random_bfs,1143318758,512,32,480,473,2000,1976,12,0.600000000,10881.926500000,10849.528500000,10846.407000000,3.114500000,32.398000000,64796,13.600000000,8.359524028,30.501448474,147.370805200,1.668312945,62.762877540,1.000000000
996,history_hotspot_bfs,428217657,512,35,477,228,2000,1976,27,1.350000000,10881.926500000,10779.002500000,10777.139500000,1.856000000,102.924000000,205848,31.450000000,8.359524028,28.967086118,137.210806500,1.163673986,59.574476247,1.000000000
997,fixed_random_bfs,4761669979,512,31,481,513,2000,1976,1,0.050000000,10881.926500000,10853.005500000,10852.778000000,0.220500000,28.921000000,57842,10.700000000,8.359524028,25.462260912,124.913590901,1.158041704,52.323535134,1.000000000
998,history_hotspot_bfs,474780958,512,40,472,546,2000,1976,96,4.800000000,10881.926500000,10724.188000000,10707.733500000,16.447500000,157.738500000,315477,54.950000000,8.359524028,26.640554885,127.489983003,1.568601396,54.740981358,1.000000000
999,fixed_random_bfs,4527005332,512,32,480,328,2000,1976,0,0.000000000,10881.926500000,10858.126000000,10858.119000000,0.000000000,23.800500000,47601,8.650000000,8.359524028,25.510894615,118.531065449,0.891936700,52.441071825,1.000000000
1000,spatial_uniform_bfs,1148227994,512,27,485,626,2000,1976,2,0.100000000,10881.926500000,10874.922500000,10874.407500000,0.508000000,7.004000000,14008,3.050000000,8.359524028,32.518494331,156.806018301,1.595264827,66.998650951,1.000000000
1001,fixed_random_bfs,7678725064,512,39,473,740,2000,1976,0,0.000000000,10881.926500000,10870.836500000,10870.829500000,0.000000000,11.090000000,22180,4.400000000,8.359524028,22.329141604,107.970994551,1.162591095,45.826949700,1.000000000
1002,fixed_random_bfs,12055134685,512,32,480,302,2000,1976,0,0.000000000,10881.926500000,10874.437000000,10874.430000000,0.000000000,7.489500000,14979,5.100000000,8.359524028,28.469532691,139.192908400,1.177679256,58.548570942,1.000000000
1003,spatial_uniform_bfs,11358715113,512,34,478,873,2000,1976,4,0.200000000,10881.926500000,10875.873000000,10874.884000000,0.982000000,6.053500000,12107,2.800000000,8.359524028,28.870512980,141.972450698,1.223376401,59.388725096,1.000000000
1004,history_hotspot_bfs,1252543227,512,37,475,347,2000,1976,194,9.700000000,10881.926500000,10725.198500000,10692.745000000,32.446500000,156.728000000,313456,60.000000000,8.359524028,22.095707984,108.345916449,1.207726421,45.291704941,1.000000000
1005,spatial_uniform_bfs,1148143311,512,34,478,880,2000,1976,5,0.250000000,10881.926500000,10876.199500000,10875.007500000,1.185000000,5.727000000,11454,2.800000000,8.359524028,28.329313264,136.638630902,1.577054803,58.258597995,1.000000000
1006,history_hotspot_bfs,1314205272,512,20,492,108,2000,1976,4,0.200000000,10881.926500000,10843.099500000,10842.646000000,0.446500000,38.827000000,77654,12.150000000,8.359524028,28.225645434,137.736636601,1.150927884,58.052794229,1.000000000
1007,fixed_random_bfs,12964656084,512,38,474,713,2000,1976,7,0.350000000,10881.926500000,10853.709500000,10852.143500000,1.559000000,28.217000000,56434,10.450000000,8.359524028,28.231543544,135.588969248,1.170748098,58.053764310,1.000000000
1008,fixed_random_bfs,3573222475,512,22,490,251,2000,1976,3,0.150000000,10881.926500000,10853.248000000,10852.512000000,0.729000000,28.678500000,57357,9.600000000,8.359524028,31.796135571,149.550168900,1.191513954,65.471147600,1.000000000
1009,spatial_uniform_bfs,1148228360,512,42,470,1376,2000,1976,2,0.100000000,10881.926500000,10875.013000000,10874.506000000,0.500000000,6.913500000,13827,3.250000000,8.359524028,28.572009913,138.129804948,1.171315028,58.772468929,1.000000000
1010,fixed_random_bfs,12459075394,512,40,472,439,2000,1976,0,0.000000000,10881.926500000,10848.750500000,10848.743500000,0.000000000,33.176000000,66352,11.800000000,8.359524028,22.185148190,106.903436800,1.165899139,45.539263757,1.000000000
1011,fixed_random_bfs,4477811710,512,21,491,245,2000,1976,7,0.350000000,10881.926500000,10851.242500000,10849.807500000,1.428000000,30.684000000,61368,9.500000000,8.359524028,32.672964736,156.377371351,1.600338081,67.300649987,1.000000000
1012,history_hotspot_bfs,3092543636,512,27,485,254,2000,1976,120,6.000000000,10881.926500000,10735.116500000,10713.154500000,21.955000000,146.810000000,293620,53.700000000,8.359524028,22.586124142,112.151189499,1.167284411,46.316035947,1.000000000
1013,fixed_random_bfs,4567258270,512,22,490,220,2000,1976,4,0.200000000,10881.926500000,10851.505500000,10850.588500000,0.910000000,30.421000000,60842,12.100000000,8.359524028,28.309831061,137.415510401,1.171013946,58.216196190,1.000000000
1014,fixed_random_bfs,1419378645,512,22,490,401,2000,1976,0,0.000000000,10881.926500000,10878.675500000,10878.668500000,0.000000000,3.251000000,6502,1.050000000,8.359524028,32.554081258,156.674121998,1.589108869,67.055867366,1.000000000
1015,fixed_random_bfs,1173487052,512,27,485,370,2000,1976,0,0.000000000,10881.926500000,10877.333500000,10877.326500000,0.000000000,4.593000000,9186,1.100000000,8.359524028,28.279050640,136.882535849,1.146989160,58.165462198,1.000000000
1016,spatial_uniform_bfs,1163402072,512,39,473,1093,2000,1976,1,0.050000000,10881.926500000,10874.117500000,10873.858000000,0.252500000,7.809000000,15618,3.350000000,8.359524028,22.299285672,107.979576249,0.892455114,45.764523997,1.000000000
1017,history_hotspot_bfs,3452961282,512,46,466,454,2000,1976,52,2.600000000,10881.926500000,10791.235500000,10784.083500000,7.145000000,90.691000000,181382,34.950000000,8.359524028,22.328331477,106.134137848,0.848023493,45.802648713,1.000000000
1018,fixed_random_bfs,4567403788,512,27,485,199,2000,1976,42,2.100000000,10881.926500000,10793.257000000,10784.408000000,8.842000000,88.669500000,177339,28.100000000,8.359524028,28.205203581,137.514379850,1.566892873,57.983754335,1.000000000
1019,history_hotspot_bfs,3695776123,512,33,479,283,2000,1976,190,9.500000000,10881.926500000,10707.388500000,10674.714500000,32.667000000,174.538000000,349076,65.450000000,8.359524028,28.188343313,136.822218597,1.567100878,57.870748521,1.000000000
1020,fixed_random_bfs,12051483783,512,35,477,569,2000,1976,0,0.000000000,10881.926500000,10869.082000000,10869.075000000,0.000000000,12.844500000,25689,5.100000000,8.359524028,32.627629384,156.594816802,1.228854174,67.225462427,1.000000000
1021,fixed_random_bfs,3846227355,512,31,481,359,2000,1976,1,0.050000000,10881.926500000,10876.104000000,10875.874500000,0.222500000,5.822500000,11645,1.950000000,8.359524028,28.453384324,138.295377898,1.556789041,58.520627818,1.000000000
1022,history_hotspot_bfs,4452315730,512,26,486,251,2000,1976,47,2.350000000,10881.926500000,10774.849500000,10767.602500000,7.240000000,107.077000000,214154,37.200000000,8.359524028,28.218584585,138.252601850,1.171036946,58.006404595,1.000000000
1023,fixed_random_bfs,12459441504,512,49,463,510,2000,1976,11,0.550000000,10881.926500000,10842.237000000,10841.036500000,1.193500000,39.689500000,79379,13.750000000,8.359524028,28.339017019,137.489441648,1.546261960,58.275074757,1.000000000
1024,fixed_random_bfs,1262328746,512,16,496,115,2000,1976,0,0.000000000,10881.926500000,10867.337500000,10867.330500000,0.000000000,14.589000000,29178,6.200000000,8.359524028,22.324149313,106.318618399,0.869862890,45.823323410,1.000000000
1025,fixed_random_bfs,4183597895,512,29,483,372,2000,1976,10,0.500000000,10881.926500000,10801.722000000,10799.355500000,2.359500000,80.204500000,160409,29.200000000,8.359524028,22.085669744,106.805980600,1.285784611,45.318882786,1.000000000
1026,fixed_random_bfs,5185083237,512,20,492,128,2000,1976,5,0.250000000,10881.926500000,10822.088000000,10821.016000000,1.065000000,59.838500000,119677,19.650000000,8.359524028,32.477304381,157.514273100,1.254745409,66.902197219,1.000000000
1027,history_hotspot_bfs,4685392606,512,41,471,357,2000,1976,112,5.600000000,10881.926500000,10697.443000000,10682.898000000,14.538000000,184.483500000,368967,70.100000000,8.359524028,28.384715419,138.705629250,1.564110116,58.311832447,1.000000000
1028,fixed_random_bfs,293055543,512,22,490,231,2000,1976,0,0.000000000,10881.926500000,10878.279000000,10878.272000000,0.000000000,3.647500000,7295,3.500000000,8.359524028,22.449269112,107.917290849,1.182026456,46.081943252,1.000000000
1029,fixed_random_bfs,446319883,512,23,489,402,2000,1976,0,0.000000000,10881.926500000,10868.685500000,10868.678500000,0.000000000,13.241000000,26482,5.150000000,8.359524028,28.438156172,140.119847553,1.563360365,58.489052470,1.000000000
1030,fixed_random_bfs,263576262,512,30,482,257,2000,1976,0,0.000000000,10881.926500000,10859.148500000,10859.141500000,0.000000000,22.778000000,45556,10.950000000,8.359524028,28.373866680,136.557855951,1.560459826,58.352453980,1.000000000
1031,fixed_random_bfs,697445011,512,35,477,617,2000,1976,4,0.200000000,10881.926500000,10845.567500000,10844.703000000,0.857500000,36.359000000,72718,11.400000000,8.359524028,22.375760904,108.161719201,1.186760556,45.920272544,1.000000000
1032,fixed_random_bfs,1186511141,512,24,488,485,2000,1976,1,0.050000000,10881.926500000,10878.272500000,10878.010500000,0.255000000,3.654000000,7308,0.900000000,8.359524028,32.643082258,160.845029300,1.242270578,67.232023676,1.000000000
1033,history_hotspot_bfs,8184149274,512,37,475,793,2000,1976,3,0.150000000,10881.926500000,10865.214000000,10864.521000000,0.686000000,16.712500000,33425,6.550000000,8.359524028,32.527977229,158.570383399,1.204252571,66.990410425,1.000000000
1034,fixed_random_bfs,1731168971,512,46,466,791,2000,1976,11,0.550000000,10881.926500000,10812.803500000,10811.046000000,1.750500000,69.123000000,138246,22.750000000,8.359524028,28.197488194,137.227818852,1.176720277,57.995149533,1.000000000
1035,spatial_uniform_bfs,1163403606,512,36,476,1092,2000,1976,3,0.150000000,10881.926500000,10874.846000000,10874.099500000,0.739500000,7.080500000,14161,3.550000000,8.359524028,28.354805427,140.381625500,1.162710999,58.324383628,1.000000000
1036,history_hotspot_bfs,8267907702,512,44,468,450,2000,1976,68,3.400000000,10881.926500000,10747.427500000,10740.098000000,7.322500000,134.499000000,268998,50.100000000,8.359524028,22.106765343,105.944855800,1.213700890,45.348965009,1.000000000
1037,fixed_random_bfs,8934352755,512,19,493,244,2000,1976,0,0.000000000,10881.926500000,10878.318000000,10878.311000000,0.000000000,3.608500000,7217,3.000000000,8.359524028,28.281911382,137.760422950,1.575962135,58.177649531,1.000000000
1038,spatial_uniform_bfs,1148143546,512,37,475,935,2000,1976,5,0.250000000,10881.926500000,10876.225500000,10875.088500000,1.130000000,5.701000000,11402,2.650000000,8.359524028,28.260543751,136.752880401,1.172854976,58.132202192,1.000000000
1039,history_hotspot_bfs,9118885990,512,38,474,822,2000,1976,46,2.300000000,10881.926500000,10808.459500000,10797.246000000,11.206500000,73.467000000,146934,33.450000000,8.359524028,25.678124720,119.503577647,0.855173494,52.773562204,1.000000000
1040,fixed_random_bfs,3846227196,512,30,482,272,2000,1976,1,0.050000000,10881.926500000,10872.688000000,10872.479000000,0.202000000,9.238500000,18477,3.600000000,8.359524028,32.500645002,157.450095798,1.602578446,66.963911826,1.000000000
1041,fixed_random_bfs,12069712236,512,38,474,710,2000,1976,2,0.100000000,10881.926500000,10853.981000000,10853.542000000,0.432000000,27.945500000,55891,8.650000000,8.359524028,28.225872212,137.788620298,1.181198879,58.056004757,1.000000000
1042,fixed_random_bfs,9041188470,512,37,475,366,2000,1976,27,1.350000000,10881.926500000,10753.752000000,10748.801000000,4.944000000,128.174500000,256349,43.450000000,8.359524028,22.175367820,108.000270750,0.893055356,45.508670734,1.000000000
1043,fixed_random_bfs,11231050474,512,40,472,330,2000,1976,107,5.350000000,10881.926500000,10756.891500000,10746.703500000,10.181000000,125.035000000,250070,47.700000000,8.359524028,28.329310519,137.837156948,1.159172856,58.212095384,1.000000000
1044,fixed_random_bfs,5586150797,512,29,483,314,2000,1976,2,0.100000000,10881.926500000,10851.327500000,10850.919500000,0.401000000,30.599000000,61198,10.600000000,8.359524028,22.283574596,109.343501599,0.869036680,45.733203836,1.000000000
1045,fixed_random_bfs,12776717274,512,30,482,757,2000,1976,4,0.200000000,10881.926500000,10857.774500000,10856.794500000,0.973000000,24.152000000,48304,8.150000000,8.359524028,26.044607688,125.019637750,1.618628036,53.541341845,1.000000000
1046,fixed_random_bfs,480482947,512,27,485,332,2000,1976,32,1.600000000,10881.926500000,10818.571500000,10811.563500000,7.001000000,63.355000000,126710,20.950000000,8.359524028,28.229578910,136.362798248,1.166791454,58.042605690,1.000000000
1047,spatial_uniform_bfs,1163401678,512,39,473,1233,2000,1976,5,0.250000000,10881.926500000,10875.648500000,10874.444000000,1.197500000,6.278000000,12556,3.100000000,8.359524028,28.330560732,134.766928148,1.164933380,58.266846021,1.000000000
1048,fixed_random_bfs,12049398918,512,32,480,558,2000,1976,1,0.050000000,10881.926500000,10876.699000000,10876.476500000,0.215500000,5.227500000,10455,1.300000000,8.359524028,22.262212420,107.598015602,0.980186478,45.695845912,1.000000000
1049,fixed_random_bfs,1187136619,512,38,474,1126,2000,1976,2,0.100000000,10881.926500000,10875.514500000,10875.009500000,0.498000000,6.412000000,12824,2.400000000,8.359524028,32.795827546,157.427772501,1.642035520,67.545482543,1.000000000
1050,spatial_uniform_bfs,1163402547,512,28,484,603,2000,1976,5,0.250000000,10881.926500000,10875.720000000,10874.448000000,1.265000000,6.206500000,12413,2.350000000,8.359524028,32.586875187,159.564890600,1.582233383,67.118105252,1.000000000
1051,fixed_random_bfs,1187136636,512,42,470,1268,2000,1976,2,0.100000000,10881.926500000,10876.412000000,10875.911500000,0.493500000,5.514500000,11029,1.950000000,8.359524028,28.448582083,137.197444650,1.563824843,58.510244553,1.000000000
1052,fixed_random_bfs,6249235099,512,51,461,676,2000,1976,42,2.100000000,10881.926500000,10793.546500000,10787.708500000,5.831000000,88.380000000,176760,33.500000000,8.359524028,28.561408094,137.539298697,1.545317399,58.710247971,1.000000000
1053,history_hotspot_bfs,12049444366,512,39,473,551,2000,1976,30,1.500000000,10881.926500000,10805.981500000,10801.331000000,4.643500000,75.945000000,151890,26.750000000,8.359524028,22.639825228,109.183072801,1.642458262,46.446835572,1.000000000
1054,fixed_random_bfs,13056066865,512,29,483,469,2000,1976,0,0.000000000,10881.926500000,10875.715000000,10875.708000000,0.000000000,6.211500000,12423,1.750000000,8.359524028,22.611967330,108.936034848,1.187726458,46.407758280,1.000000000
1055,spatial_uniform_bfs,1163401609,512,29,483,544,2000,1976,3,0.150000000,10881.926500000,10873.025500000,10872.731000000,0.287500000,8.901000000,17802,3.800000000,8.359524028,28.642640957,138.724285050,1.173977236,58.894930944,1.000000000
1056,fixed_random_bfs,12333581101,512,33,479,300,2000,1976,51,2.550000000,10881.926500000,10753.564000000,10749.487000000,4.070000000,128.362500000,256725,43.250000000,8.359524028,28.358167676,138.963476651,1.546118373,58.298236573,1.000000000
1057,fixed_random_bfs,12132082942,512,23,489,232,2000,1976,1,0.050000000,10881.926500000,10855.269000000,10855.022000000,0.240000000,26.657500000,53315,6.150000000,8.359524028,28.502872886,138.979838350,1.567320274,58.617119602,1.000000000
1058,fixed_random_bfs,1643293823,512,24,488,441,2000,1976,0,0.000000000,10881.926500000,10874.435500000,10874.428500000,0.000000000,7.491000000,14982,2.800000000,8.359524028,23.114881181,108.207440900,1.168580048,47.437878971,1.000000000
1059,fixed_random_bfs,1219137941,512,32,480,611,2000,1976,2,0.100000000,10881.926500000,10868.722000000,10868.231000000,0.484000000,13.204500000,26409,5.450000000,8.359524028,32.554186538,157.561872851,1.204852551,67.057283617,1.000000000
1060,fixed_random_bfs,1419645375,512,34,478,295,2000,1976,149,7.450000000,10881.926500000,10714.732500000,10692.686000000,22.039500000,167.194000000,334388,65.550000000,8.359524028,28.405165693,137.125108851,1.562191536,58.383069501,1.000000000
1061,history_hotspot_bfs,13055272862,512,32,480,320,2000,1976,128,6.400000000,10881.926500000,10713.149500000,10691.371500000,21.771000000,168.777000000,337554,63.200000000,8.359524028,32.322931022,156.294893799,1.226678830,66.527869456,1.000000000
1062,fixed_random_bfs,4567404052,512,48,464,439,2000,1976,84,4.200000000,10881.926500000,10755.197000000,10745.421500000,9.768500000,126.729500000,253459,44.650000000,8.359524028,28.273769453,136.271692302,1.562195118,58.096982417,1.000000000
1063,history_hotspot_bfs,13717448260,512,34,478,711,2000,1976,3,0.150000000,10881.926500000,10848.539500000,10847.807000000,0.725500000,33.387000000,66774,11.600000000,8.359524028,22.182593900,107.607609198,1.173862086,45.521598407,1.000000000
1064,fixed_random_bfs,4505162251,512,22,490,192,2000,1976,22,1.100000000,10881.926500000,10790.659000000,10785.598500000,5.053500000,91.267500000,182535,32.800000000,8.359524028,28.255706482,135.900954450,1.555299867,58.104842798,1.000000000
1065,fixed_random_bfs,12563426298,512,42,470,1034,2000,1976,3,0.150000000,10881.926500000,10850.739500000,10850.028500000,0.704000000,31.187000000,62374,13.100000000,8.359524028,22.062782344,106.681251699,0.902459965,45.269518159,1.000000000
1066,history_hotspot_bfs,128668297,512,38,474,773,2000,1976,20,1.000000000,10881.926500000,10779.207500000,10774.845500000,4.355000000,102.719000000,205438,32.450000000,8.359524028,22.489692162,108.371038802,0.904550129,46.154261993,1.000000000
1067,fixed_random_bfs,444058630,512,26,486,465,2000,1976,5,0.250000000,10881.926500000,10852.095000000,10850.845500000,1.242500000,29.831500000,59663,9.450000000,8.359524028,28.419534354,137.094302300,1.161946165,58.439492947,1.000000000
1068,spatial_uniform_bfs,1148227835,512,33,479,755,2000,1976,4,0.200000000,10881.926500000,10873.724000000,10873.403000000,0.314000000,8.202500000,16405,3.800000000,8.359524028,32.736238638,158.349976349,1.236152616,67.423988147,1.000000000
1069,fixed_random_bfs,8734369949,512,27,485,360,2000,1976,24,1.200000000,10881.926500000,10798.447500000,10792.866500000,5.574000000,83.479000000,166958,26.900000000,8.359524028,28.402190049,139.415463750,1.161118676,58.391801076,1.000000000
1070,history_hotspot_bfs,138230330,512,28,484,142,2000,1976,290,14.500000000,10881.926500000,10714.718500000,10673.920500000,40.791000000,167.208000000,334416,60.050000000,8.359524028,32.287536002,154.997106950,1.201743926,66.224336481,1.000000000
1071,history_hotspot_bfs,257736783,512,18,494,241,2000,1976,12,0.600000000,10881.926500000,10796.492000000,10793.470000000,3.015000000,85.434500000,170869,30.900000000,8.359524028,22.130472751,105.755028599,0.894339205,45.415043230,1.000000000
1072,fixed_random_bfs,1323016188,512,13,499,144,2000,1976,0,0.000000000,10881.926500000,10880.365500000,10880.358500000,0.000000000,1.561000000,3122,2.400000000,8.359524028,28.517252610,137.821505203,1.561025211,58.648333454,1.000000000
1073,spatial_uniform_bfs,1148228302,512,40,472,1172,2000,1976,2,0.100000000,10881.926500000,10873.813500000,10873.550000000,0.256500000,8.113000000,16226,3.800000000,8.359524028,28.361468295,137.999317599,1.176645671,58.339425504,1.000000000
1074,fixed_random_bfs,2292541513,512,30,482,371,2000,1976,2,0.100000000,10881.926500000,10869.475500000,10869.034500000,0.434000000,12.451000000,24902,7.400000000,8.359524028,28.481001282,140.322801449,1.160916721,58.576048393,1.000000000
1075,history_hotspot_bfs,314553224,512,35,477,588,2000,1976,89,4.450000000,10881.926500000,10779.808000000,10760.656500000,19.144500000,102.118500000,204237,37.850000000,8.359524028,22.217487841,107.495640750,0.885704445,45.559394566,1.000000000
1076,fixed_random_bfs,7671746650,512,15,497,210,2000,1976,0,0.000000000,10881.926500000,10878.379000000,10878.372000000,0.000000000,3.547500000,7095,1.200000000,8.359524028,28.678366055,140.675719400,1.163717490,58.993856464,1.000000000
1077,fixed_random_bfs,8987725938,512,22,490,328,2000,1976,12,0.600000000,10881.926500000,10803.119500000,10800.496500000,2.616000000,78.807000000,157614,23.850000000,8.359524028,32.406780178,157.252477197,1.587545024,66.748032337,1.000000000
1078,spatial_uniform_bfs,1148227974,512,44,468,1383,2000,1976,1,0.050000000,10881.926500000,10873.486000000,10873.236500000,0.242500000,8.440500000,16881,3.800000000,8.359524028,28.408025190,137.942742602,1.195187758,58.430858745,1.000000000
1079,fixed_random_bfs,428050279,512,33,479,292,2000,1976,72,3.600000000,10881.926500000,10767.833000000,10752.408500000,15.417500000,114.093500000,228187,48.850000000,8.359524028,32.388121702,157.037264752,1.606816022,66.678910555,1.000000000
1080,history_hotspot_bfs,409770937,512,39,473,459,2000,1976,81,4.050000000,10881.926500000,10785.441000000,10770.004000000,15.430000000,96.485500000,192971,35.600000000,8.359524028,22.080181515,106.995261199,1.231021433,45.284615527,1.000000000
1081,fixed_random_bfs,1148228680,512,42,470,1098,2000,1976,1,0.050000000,10881.926500000,10865.066500000,10864.829000000,0.230500000,16.860000000,33720,6.800000000,8.359524028,28.326501065,137.030239350,1.186577972,58.269418866,1.000000000
1082,history_hotspot_bfs,411842220,512,44,468,451,2000,1976,110,5.500000000,10881.926500000,10747.180500000,10727.639500000,19.534000000,134.746000000,269492,58.900000000,8.359524028,22.385740427,108.572732451,1.197168614,45.908487532,1.000000000
1083,fixed_random_bfs,4607650176,512,41,471,469,2000,1976,4,0.200000000,10881.926500000,10845.063500000,10844.449500000,0.607000000,36.863000000,73726,12.550000000,8.359524028,22.416291432,107.953862900,1.186154533,46.012917782,1.000000000
1084,fixed_random_bfs,1548057696,512,35,477,633,2000,1976,5,0.250000000,10881.926500000,10842.655500000,10841.477000000,1.171500000,39.271000000,78542,13.800000000,8.359524028,28.115842228,138.061107749,1.560772999,57.835838620,1.000000000
1085,history_hotspot_bfs,428214949,512,39,473,479,2000,1976,135,6.750000000,10881.926500000,10753.688500000,10726.232500000,27.449000000,128.238000000,256476,49.350000000,8.359524028,27.702033611,134.007448699,1.570754133,56.909022672,1.000000000
1086,fixed_random_bfs,418721515,512,31,481,238,2000,1976,7,0.350000000,10881.926500000,10855.716000000,10854.718500000,0.990500000,26.210500000,52421,7.650000000,8.359524028,28.678874772,139.355232548,1.610549655,58.993379803,1.000000000
1087,fixed_random_bfs,1518683725,512,39,473,547,2000,1976,1,0.050000000,10881.926500000,10877.859000000,10877.666000000,0.186000000,4.067500000,8135,1.900000000,8.359524028,30.477102324,148.089385501,1.699787174,62.747653511,1.000000000
1088,history_hotspot_bfs,474701473,512,49,463,787,2000,1976,98,4.900000000,10881.926500000,10752.499000000,10731.720000000,20.772000000,129.427500000,258855,54.550000000,8.359524028,27.969126403,134.959847499,1.179087969,57.486626401,1.000000000
1089,fixed_random_bfs,13037833044,512,24,488,329,2000,1976,1,0.050000000,10881.926500000,10876.914000000,10876.657500000,0.249500000,5.012500000,10025,1.350000000,8.359524028,31.524489371,154.992549251,1.713753032,64.937913756,1.000000000
1090,fixed_random_bfs,1160057045,512,30,482,591,2000,1976,1,0.050000000,10881.926500000,10877.548000000,10877.322500000,0.218500000,4.378500000,8757,1.300000000,8.359524028,23.733753424,113.968384002,1.272343832,48.754675518,1.000000000
1091,fixed_random_bfs,10240340316,512,45,467,926,2000,1976,1,0.050000000,10881.926500000,10872.059000000,10871.851500000,0.200500000,9.867500000,19735,3.150000000,8.359524028,26.365916504,125.774241349,1.590203581,54.212086665,1.000000000
1092,fixed_random_bfs,1145512910,512,39,473,391,2000,1976,10,0.500000000,10881.926500000,10843.753500000,10841.601500000,2.145000000,38.173000000,76346,12.850000000,8.359524028,25.485939234,122.035709598,0.881799247,52.399656739,1.000000000
1093,fixed_random_bfs,1788785652,512,28,484,227,2000,1976,167,8.350000000,10881.926500000,10730.103500000,10695.893500000,34.203000000,151.823000000,303646,64.250000000,8.359524028,28.837488020,138.605273247,1.560459692,59.287353494,1.000000000
1094,history_hotspot_bfs,497871234,512,37,475,795,2000,1976,34,1.700000000,10881.926500000,10797.825000000,10789.384000000,8.434000000,84.101500000,168203,27.700000000,8.359524028,22.192487754,108.504315449,0.868735499,45.535135472,1.000000000
1095,fixed_random_bfs,447549140,512,23,489,383,2000,1976,0,0.000000000,10881.926500000,10870.396000000,10870.389000000,0.000000000,11.530500000,23061,4.400000000,8.359524028,25.139283200,122.737523999,1.556733866,51.668890667,1.000000000
1096,fixed_random_bfs,1640860700,512,37,475,823,2000,1976,0,0.000000000,10881.926500000,10880.223500000,10880.216500000,0.000000000,1.703000000,3406,0.450000000,8.359524028,25.735519694,121.672567100,0.899689475,52.946458454,1.000000000
1097,history_hotspot_bfs,1165604056,512,42,470,538,2000,1976,68,3.400000000,10881.926500000,10767.049000000,10751.227000000,15.815000000,114.877500000,229755,47.750000000,8.359524028,24.961211586,122.244813903,0.833943136,51.289769579,1.000000000
1098,fixed_random_bfs,1214153197,512,19,493,42,2000,1976,1,0.050000000,10881.926500000,10874.567000000,10874.434000000,0.126000000,7.359500000,14719,9.600000000,8.359524028,27.722025271,132.618725800,1.510721944,57.036531946,1.000000000
1099,history_hotspot_bfs,1731170416,512,43,469,793,2000,1976,66,3.300000000,10881.926500000,10809.802500000,10798.525500000,11.270000000,72.124000000,144248,26.900000000,8.359524028,30.747113452,143.486165349,1.214755140,63.284275962,1.000000000
1100,fixed_random_bfs,478864894,512,31,481,289,2000,1976,100,5.000000000,10881.926500000,10759.918500000,10741.176500000,18.735000000,122.008000000,244016,49.750000000,8.359524028,29.847696271,147.126179949,0.887190138,61.405749374,1.000000000
1101,fixed_random_bfs,1174117251,512,39,473,623,2000,1976,0,0.000000000,10881.926500000,10877.532000000,10877.525000000,0.000000000,4.394500000,8789,1.050000000,8.359524028,22.258072504,106.341858251,0.866368682,45.689814584,1.000000000
1102,fixed_random_bfs,9791171616,512,24,488,192,2000,1976,10,0.500000000,10881.926500000,10843.680500000,10842.704000000,0.969500000,38.246000000,76492,14.400000000,8.359524028,31.825578871,151.669636199,1.115444482,65.558620604,1.000000000
1103,history_hotspot_bfs,1788787081,512,33,479,228,2000,1976,106,5.300000000,10881.926500000,10704.646500000,10688.978500000,15.661000000,177.280000000,354560,67.000000000,8.359524028,27.656734787,136.872855699,1.185370250,56.860387568,1.000000000
1104,fixed_random_bfs,4444137419,512,18,494,150,2000,1976,12,0.600000000,10881.926500000,10830.159500000,10827.310500000,2.842000000,51.767000000,103534,17.250000000,8.359524028,27.782290184,134.020987401,1.520353543,57.151287162,1.000000000
1105,spatial_uniform_bfs,1148228007,512,26,486,456,2000,1976,2,0.100000000,10881.926500000,10872.054500000,10871.791500000,0.256000000,9.872000000,19744,4.100000000,8.359524028,27.843731382,134.478204702,1.135372193,57.286996193,1.000000000
1106,history_hotspot_bfs,1866946873,512,30,482,253,2000,1976,59,2.950000000,10881.926500000,10824.018000000,10811.912500000,12.098500000,57.908500000,115817,20.900000000,8.359524028,22.218409298,106.680484398,1.184425177,45.566814883,1.000000000
1107,fixed_random_bfs,2490198511,512,52,460,572,2000,1976,51,2.550000000,10881.926500000,10790.925000000,10783.647000000,7.271000000,91.001500000,182003,47.300000000,8.359524028,28.206697372,135.109984097,1.161316480,57.992259054,1.000000000
1108,spatial_uniform_bfs,1145535986,512,23,489,386,2000,1976,5,0.250000000,10881.926500000,10875.085500000,10874.323500000,0.755000000,6.841000000,13682,2.700000000,8.359524028,27.984996760,135.904687500,1.120137946,57.561347309,1.000000000
1109,history_hotspot_bfs,2232529133,512,41,471,316,2000,1976,195,9.750000000,10881.926500000,10711.225500000,10683.809000000,27.409500000,170.701000000,341402,62.050000000,8.359524028,27.697757836,135.087015051,1.524445917,56.806792206,1.000000000
1110,fixed_random_bfs,4502959789,512,27,485,338,2000,1976,4,0.200000000,10881.926500000,10838.405500000,10837.458500000,0.940000000,43.521000000,87042,12.650000000,8.359524028,31.433337024,154.076780502,1.188669585,64.729305579,1.000000000
1111,fixed_random_bfs,9714524560,512,33,479,686,2000,1976,1,0.050000000,10881.926500000,10863.204000000,10862.957500000,0.239500000,18.722500000,37445,5.750000000,8.359524028,23.349096196,108.873667551,0.866148864,47.937516365,1.000000000
1112,history_hotspot_bfs,2308862129,512,43,469,349,2000,1976,94,4.700000000,10881.926500000,10701.521000000,10689.081500000,12.432500000,180.405500000,360811,64.500000000,8.359524028,21.858351554,104.096109051,1.127251568,44.832707866,1.000000000
1113,fixed_random_bfs,4722703955,512,41,471,266,2000,1976,2,0.100000000,10881.926500000,10855.164000000,10854.793000000,0.364000000,26.762500000,53525,8.100000000,8.359524028,27.714010580,136.344815499,1.512343886,57.020806559,1.000000000
1114,fixed_random_bfs,13030226518,512,20,492,201,2000,1976,0,0.000000000,10881.926500000,10877.312000000,10877.305000000,0.000000000,4.614500000,9229,1.300000000,8.359524028,28.039084664,133.781204101,1.128699709,57.682889669,1.000000000
1115,history_hotspot_bfs,2460613855,512,36,476,297,2000,1976,180,9.000000000,10881.926500000,10734.066000000,10699.470500000,34.588500000,147.860500000,295721,57.500000000,8.359524028,22.025273902,107.904420101,1.171901518,45.162051165,1.000000000
1116,fixed_random_bfs,8364445833,512,44,468,1013,2000,1976,55,2.750000000,10881.926500000,10781.348500000,10769.518000000,11.823500000,100.578000000,201156,34.050000000,8.359524028,26.876084308,129.767759148,1.510403820,55.234115978,1.000000000
1117,fixed_random_bfs,8251845725,512,35,477,352,2000,1976,23,1.150000000,10881.926500000,10818.326500000,10815.531500000,2.788000000,63.600000000,127200,21.900000000,8.359524028,32.483623329,157.984094748,1.639190756,66.876635414,1.000000000
1118,history_hotspot_bfs,2937936475,512,32,480,198,2000,1976,390,19.500000000,10881.926500000,10720.990500000,10649.346000000,71.637500000,160.936000000,321872,64.800000000,8.359524028,22.088437855,105.467603751,0.871496001,45.122464440,1.000000000
1119,fixed_random_bfs,1110673601,512,34,478,325,2000,1976,99,4.950000000,10881.926500000,10757.619500000,10739.319500000,18.293000000,124.307000000,248614,49.900000000,8.359524028,28.049570060,137.181224250,1.564006094,57.643779518,1.000000000
1120,history_hotspot_bfs,3896082259,512,50,462,635,2000,1976,97,4.850000000,10881.926500000,10743.669500000,10725.775000000,17.887500000,138.257000000,276514,60.350000000,8.359524028,28.084614979,136.979399349,1.159851370,57.708732718,1.000000000
1121,fixed_random_bfs,1548075778,512,40,472,597,2000,1976,3,0.150000000,10881.926500000,10853.158000000,10852.502500000,0.648500000,28.768500000,57537,10.100000000,8.359524028,29.034030732,141.056344500,1.656180379,59.738066436,1.000000000
1122,fixed_random_bfs,1147306677,512,43,469,571,2000,1976,14,0.700000000,10881.926500000,10854.585000000,10851.163500000,3.414500000,27.341500000,54683,10.650000000,8.359524028,29.623551570,142.565771951,1.547513930,60.946390217,1.000000000
1123,fixed_random_bfs,1548081296,512,36,476,498,2000,1976,16,0.800000000,10881.926500000,10832.037000000,10828.444000000,3.586000000,49.889500000,99779,18.000000000,8.359524028,28.484970034,137.957286947,1.552933834,58.581409939,1.000000000
1124,history_hotspot_bfs,4587696991,512,22,490,154,2000,1976,9,0.450000000,10881.926500000,10857.006000000,10855.328000000,1.671000000,24.920500000,49841,7.600000000,8.359524028,32.145376248,155.715487549,1.594248341,66.198119415,1.000000000
1125,fixed_random_bfs,1548068057,512,35,477,905,2000,1976,1,0.050000000,10881.926500000,10851.277000000,10851.031000000,0.239000000,30.649500000,61299,9.650000000,8.359524028,22.075841051,106.297703748,0.973426612,45.306711077,1.000000000
1126,fixed_random_bfs,1394086762,512,34,478,761,2000,1976,2,0.100000000,10881.926500000,10852.503000000,10851.990000000,0.506000000,29.423500000,58847,9.550000000,8.359524028,28.268616390,137.516518151,1.182374018,58.143456646,1.000000000
1127,history_hotspot_bfs,4685392627,512,61,451,809,2000,1976,86,4.300000000,10881.926500000,10760.637000000,10745.484500000,15.145500000,121.289500000,242579,53.800000000,8.359524028,28.968880213,140.618002399,1.197693721,59.567486917,1.000000000
1128,fixed_random_bfs,10140392423,512,30,482,514,2000,1976,0,0.000000000,10881.926500000,10878.575500000,10878.568500000,0.000000000,3.351000000,6702,0.950000000,8.359524028,25.441284154,125.783910699,1.137457197,52.297498641,1.000000000
1129,fixed_random_bfs,1670401805,512,41,471,1096,2000,1976,4,0.200000000,10881.926500000,10839.159500000,10838.230000000,0.922500000,42.767000000,85534,15.000000000,8.359524028,28.192977599,136.236450951,1.580404185,57.988359202,1.000000000
1130,history_hotspot_bfs,4751793167,512,50,462,589,2000,1976,117,5.850000000,10881.926500000,10746.144000000,10726.433500000,19.703500000,135.782500000,271565,59.000000000,8.359524028,23.605681394,113.694288251,0.886233017,48.435303153,1.000000000
1131,fixed_random_bfs,12469918347,512,32,480,539,2000,1976,1,0.050000000,10881.926500000,10852.449000000,10852.201500000,0.240500000,29.477500000,58955,10.200000000,8.359524028,28.197822484,135.347153101,1.552827669,58.000453299,1.000000000
1132,fixed_random_bfs,4750584913,512,21,491,219,2000,1976,0,0.000000000,10881.926500000,10878.690000000,10878.683000000,0.000000000,3.236500000,6473,1.150000000,8.359524028,28.570629692,137.144311101,0.852715274,58.788006409,1.000000000
1133,fixed_random_bfs,2611061256,512,38,474,772,2000,1976,1,0.050000000,10881.926500000,10858.088000000,10857.847000000,0.234000000,23.838500000,47677,8.450000000,8.359524028,22.321375654,107.912470300,1.152370911,45.821125868,1.000000000
1134,fixed_random_bfs,9022834421,512,41,471,403,2000,1976,35,1.750000000,10881.926500000,10768.026500000,10763.255500000,4.764000000,113.900000000,227800,35.950000000,8.359524028,26.648424333,130.254714399,1.541986524,54.751773465,1.000000000
1135,history_hotspot_bfs,5264286371,512,39,473,807,2000,1976,3,0.150000000,10881.926500000,10855.029500000,10854.362000000,0.660500000,26.897000000,53794,9.450000000,8.359524028,23.019293738,113.352803401,1.176130452,47.249409527,1.000000000
1136,fixed_random_bfs,1728072364,512,36,476,903,2000,1976,6,0.300000000,10881.926500000,10835.893500000,10834.414500000,1.472000000,46.033000000,92066,16.350000000,8.359524028,26.322943759,127.960163100,1.549220967,54.099867966,1.000000000
1137,fixed_random_bfs,4773520962,512,23,489,282,2000,1976,13,0.650000000,10881.926500000,10789.960500000,10786.892500000,3.061000000,91.966000000,183932,26.450000000,8.359524028,32.609265213,156.957603500,1.250831795,67.162370780,1.000000000
1138,fixed_random_bfs,1550092701,512,20,492,142,2000,1976,0,0.000000000,10881.926500000,10874.569500000,10874.562500000,0.000000000,7.357000000,14714,2.750000000,8.359524028,27.550443172,131.617613551,1.148631105,56.681902570,1.000000000
1139,fixed_random_bfs,1142606543,512,34,478,514,2000,1976,1,0.050000000,10881.926500000,10858.700000000,10858.461000000,0.232000000,23.226500000,46453,6.400000000,8.359524028,28.253952706,136.118980601,0.840815060,58.108274758,1.000000000
1140,history_hotspot_bfs,7183974779,512,48,464,518,2000,1976,100,5.000000000,10881.926500000,10729.325500000,10714.816500000,14.502000000,152.601000000,305202,64.850000000,8.359524028,27.604480976,131.564089602,1.157456234,56.709211212,1.000000000
1141,fixed_random_bfs,2784646269,512,21,491,205,2000,1976,10,0.500000000,10881.926500000,10834.758000000,10832.513000000,2.238000000,47.168500000,94337,22.200000000,8.359524028,28.120854149,136.794103000,1.555987568,57.836701835,1.000000000
1142,history_hotspot_bfs,8369094396,512,33,479,457,2000,1976,49,2.450000000,10881.926500000,10771.400000000,10761.165000000,10.228000000,110.526500000,221053,40.100000000,8.359524028,28.160345211,135.677757900,1.143449174,57.887847576,1.000000000
1143,fixed_random_bfs,4825414675,512,15,497,183,2000,1976,0,0.000000000,10881.926500000,10872.323500000,10872.316500000,0.000000000,9.603000000,19206,4.700000000,8.359524028,25.178543074,120.860749550,1.225685741,51.742583849,1.000000000
1144,fixed_random_bfs,1518691614,512,18,494,188,2000,1976,0,0.000000000,10881.926500000,10878.293500000,10878.286500000,0.000000000,3.633000000,7266,1.000000000,8.359524028,24.888004219,118.579009101,1.279133674,51.158220779,1.000000000
1145,history_hotspot_bfs,9401053195,512,55,457,844,2000,1976,98,4.900000000,10881.926500000,10754.877500000,10736.519500000,18.351000000,127.049000000,254098,59.350000000,8.359524028,31.469246045,155.521584648,1.252326643,64.753258853,1.000000000
1146,fixed_random_bfs,6433259701,512,47,465,1014,2000,1976,2,0.100000000,10881.926500000,10871.824500000,10871.584500000,0.233000000,10.102000000,20204,3.600000000,8.359524028,24.947533571,120.302585898,1.156181605,51.249829125,1.000000000
1147,history_hotspot_bfs,9922215307,512,56,456,578,2000,1976,54,2.700000000,10881.926500000,10736.088000000,10729.778000000,6.303000000,145.838500000,291677,55.550000000,8.359524028,26.619898505,128.902963151,0.840480851,54.719709008,1.000000000
1148,fixed_random_bfs,11831690477,512,34,478,635,2000,1976,0,0.000000000,10881.926500000,10880.221500000,10880.214500000,0.000000000,1.705000000,3410,0.450000000,8.359524028,28.111958189,137.295190501,1.133689037,57.839369100,1.000000000
1149,fixed_random_bfs,1198829487,512,23,489,328,2000,1976,3,0.150000000,10881.926500000,10867.069500000,10866.317000000,0.745500000,14.857000000,29714,5.750000000,8.359524028,27.922161961,137.796568451,1.601311027,57.446561198,1.000000000
1150,fixed_random_bfs,5292005409,512,26,486,116,2000,1976,2,0.100000000,10881.926500000,10837.998500000,10837.799000000,0.192500000,43.928000000,87856,14.950000000,8.359524028,28.570725824,135.931856348,1.580290801,58.819205671,1.000000000
1151,history_hotspot_bfs,10915038719,512,37,475,792,2000,1976,29,1.450000000,10881.926500000,10803.282000000,10796.227000000,7.048000000,78.644500000,157289,27.200000000,8.359524028,25.320603284,123.336269801,0.891526098,52.043838765,1.000000000
1152,fixed_random_bfs,1145511353,512,43,469,493,2000,1976,11,0.550000000,10881.926500000,10845.219000000,10843.203000000,2.009000000,36.707500000,73415,12.700000000,8.359524028,28.447056193,137.609117200,0.839059875,58.550665621,1.000000000
1153,fixed_random_bfs,292258111,512,34,478,188,2000,1976,1,0.050000000,10881.926500000,10872.624000000,10872.610500000,0.006500000,9.302500000,18605,10.000000000,8.359524028,30.040593379,147.575605353,1.157457046,61.868990913,1.000000000
1154,fixed_random_bfs,1322214881,512,18,494,242,2000,1976,1,0.050000000,10881.926500000,10873.936500000,10873.683500000,0.246000000,7.990000000,15980,4.150000000,8.359524028,23.640534285,119.919441550,1.544124970,48.585047294,1.000000000
1155,fixed_random_bfs,114310832,512,32,480,85,2000,1976,2,0.100000000,10881.926500000,10820.825500000,10820.665000000,0.153500000,61.101000000,122202,26.450000000,8.359524028,29.872042963,147.384522450,1.149946384,61.510238746,1.000000000
1156,fixed_random_bfs,4606475716,512,24,488,365,2000,1976,1,0.050000000,10881.926500000,10859.215000000,10858.965000000,0.243000000,22.711500000,45423,8.750000000,8.359524028,28.017710031,133.385801200,1.196774070,57.653911500,1.000000000
1157,fixed_random_bfs,2232213879,512,20,492,123,2000,1976,4,0.200000000,10881.926500000,10848.979000000,10848.243000000,0.729000000,32.947500000,65895,10.200000000,8.359524028,27.310809167,132.020231800,1.164153208,56.206023057,1.000000000
1158,history_hotspot_bfs,12455973450,512,50,462,605,2000,1976,130,6.500000000,10881.926500000,10755.335000000,10729.484000000,25.844000000,126.591500000,253183,59.300000000,8.359524028,27.591733062,133.250163551,1.174417427,56.715654703,1.000000000
1159,fixed_random_bfs,275218856,512,16,496,211,2000,1976,0,0.000000000,10881.926500000,10878.079000000,10878.072000000,0.000000000,3.847500000,7695,1.350000000,8.359524028,29.120454081,139.395573751,1.597073877,59.944013385,1.000000000
1160,history_hotspot_bfs,12455973490,512,56,456,1078,2000,1976,139,6.950000000,10881.926500000,10756.879500000,10731.065500000,25.807000000,125.047000000,250094,58.100000000,8.359524028,23.426856241,110.880785150,1.695208510,48.088907272,1.000000000
1161,history_hotspot_bfs,12456240967,512,35,477,204,2000,1976,456,22.800000000,10881.926500000,10718.072500000,10651.401000000,66.664500000,163.854000000,327708,65.500000000,8.359524028,21.606774776,104.147145201,1.184437349,44.131224280,1.000000000
1162,history_hotspot_bfs,12458801856,512,36,476,389,2000,1976,147,7.350000000,10881.926500000,10711.170000000,10696.293500000,14.869500000,170.756500000,341513,58.850000000,8.359524028,21.749242821,103.438905003,1.187884139,44.563798835,1.000000000
1163,fixed_random_bfs,2232213885,512,25,487,224,2000,1976,3,0.150000000,10881.926500000,10849.209000000,10848.554000000,0.648000000,32.717500000,65435,10.600000000,8.359524028,27.784898495,135.034621748,1.487668644,57.159092133,1.000000000
1164,history_hotspot_bfs,12533949459,512,44,468,500,2000,1976,104,5.200000000,10881.926500000,10723.438000000,10703.377500000,20.053500000,158.488500000,316977,65.250000000,8.359524028,27.830126936,134.959287449,1.501402583,57.197379143,1.000000000
1165,fixed_random_bfs,5765890566,512,24,488,156,2000,1976,1,0.050000000,10881.926500000,10871.814000000,10871.806000000,0.001000000,10.112500000,20225,7.150000000,8.359524028,28.362047925,136.405577449,1.132086702,58.326096615,1.000000000
1166,fixed_random_bfs,8659874843,512,21,491,268,2000,1976,23,1.150000000,10881.926500000,10798.643500000,10793.873000000,4.763500000,83.283000000,166566,23.850000000,8.359524028,28.211596058,135.362407100,1.497032884,58.005118596,1.000000000
1167,fixed_random_bfs,1551004747,512,23,489,383,2000,1976,0,0.000000000,10881.926500000,10878.261000000,10878.254000000,0.000000000,3.665500000,7331,1.550000000,8.359524028,28.241493052,137.015586252,1.136476913,58.111451405,1.000000000
1168,fixed_random_bfs,428215629,512,29,483,241,2000,1976,72,3.600000000,10881.926500000,10827.374500000,10813.370500000,13.997000000,54.552000000,109104,18.850000000,8.359524028,22.308188498,107.136989699,0.908943568,45.735086352,1.000000000
1169,fixed_random_bfs,4695891006,512,22,490,219,2000,1976,1,0.050000000,10881.926500000,10869.641500000,10869.390500000,0.244000000,12.285000000,24570,4.750000000,8.359524028,32.649957916,157.433302652,1.584106914,67.241767913,1.000000000
1170,history_hotspot_bfs,25632366,512,58,454,435,2000,1976,158,7.900000000,10881.926500000,10712.055500000,10689.263000000,22.785500000,169.871000000,339742,69.250000000,8.359524028,32.570865665,157.996771351,1.235090791,66.975991842,1.000000000
1171,spatial_uniform_bfs,1148227740,512,37,475,860,2000,1976,4,0.200000000,10881.926500000,10873.718500000,10873.361500000,0.350000000,8.208000000,16416,3.850000000,8.359524028,22.100928070,106.977891252,0.928169292,45.356080766,1.000000000
1172,fixed_random_bfs,3493882605,512,37,475,742,2000,1976,0,0.000000000,10881.926500000,10828.795500000,10828.788500000,0.000000000,53.131000000,106262,14.850000000,8.359524028,32.580723629,158.032330553,1.231866773,67.104400293,1.000000000
1173,history_hotspot_bfs,138234001,512,34,478,283,2000,1976,138,6.900000000,10881.926500000,10732.058000000,10704.523000000,27.528000000,149.868500000,299737,55.400000000,8.359524028,27.864927069,135.197972849,1.590116280,57.210975411,1.000000000
1174,fixed_random_bfs,7156592708,512,35,477,663,2000,1976,1,0.050000000,10881.926500000,10875.358500000,10875.108500000,0.243000000,6.568000000,13136,1.800000000,8.359524028,28.321598657,137.021388201,1.218974120,58.254454937,1.000000000
1175,spatial_uniform_bfs,1148228333,512,29,483,454,2000,1976,4,0.200000000,10881.926500000,10872.169500000,10872.040500000,0.122000000,9.757000000,19514,4.050000000,8.359524028,28.539821181,138.625778151,1.628052859,58.694120950,1.000000000
1176,fixed_random_bfs,1318771258,512,33,479,872,2000,1976,0,0.000000000,10881.926500000,10875.169000000,10875.162000000,0.000000000,6.757500000,13515,2.350000000,8.359524028,22.261557332,107.764014949,1.272597201,45.678940296,1.000000000
1177,fixed_random_bfs,1322919516,512,34,478,774,2000,1976,1,0.050000000,10881.926500000,10859.456000000,10859.218500000,0.230500000,22.470500000,44941,6.350000000,8.359524028,22.279492882,108.414734599,0.945872636,45.728789278,1.000000000
1178,fixed_random_bfs,278973431,512,26,486,511,2000,1976,0,0.000000000,10881.926500000,10877.485000000,10877.478000000,0.000000000,4.441500000,8883,1.500000000,8.359524028,32.849000006,157.934389350,1.238402223,67.660579678,1.000000000
1179,history_hotspot_bfs,299614426,512,39,473,505,2000,1976,68,3.400000000,10881.926500000,10746.787000000,10734.635500000,12.144500000,135.139500000,270279,50.250000000,8.359524028,28.197342831,136.486877800,1.151841850,57.957784405,1.000000000
1180,fixed_random_bfs,5581559348,512,26,486,509,2000,1976,1,0.050000000,10881.926500000,10859.276000000,10859.022500000,0.246500000,22.650500000,45301,8.450000000,8.359524028,28.431693635,137.385760450,1.171577096,58.474780974,1.000000000
1181,fixed_random_bfs,11154572176,512,30,482,678,2000,1976,0,0.000000000,10881.926500000,10880.452500000,10880.445500000,0.000000000,1.474000000,2948,0.350000000,8.359524028,28.442719232,139.887393802,1.567524537,58.507725577,1.000000000
1182,fixed_random_bfs,3170027311,512,26,486,555,2000,1976,2,0.100000000,10881.926500000,10856.860000000,10856.351000000,0.502000000,25.066500000,50133,10.650000000,8.359524028,22.374949994,107.095537551,1.147531215,45.922396494,1.000000000
1183,history_hotspot_bfs,430273263,512,27,485,239,2000,1976,91,4.550000000,10881.926500000,10836.807500000,10817.767500000,19.033000000,45.119000000,90238,20.200000000,8.359524028,28.340634291,138.338032250,1.136014491,58.217746140,1.000000000
1184,fixed_random_bfs,12639073037,512,35,477,523,2000,1976,2,0.100000000,10881.926500000,10877.385500000,10876.939500000,0.439000000,4.541000000,9082,1.750000000,8.359524028,28.270702335,136.609466149,1.573423977,58.154420053,1.000000000
1185,spatial_uniform_bfs,1148228113,512,29,483,528,2000,1976,3,0.150000000,10881.926500000,10871.736500000,10871.447500000,0.282000000,10.190000000,20380,4.100000000,8.359524028,22.183904615,107.888214849,1.169116944,45.533867252,1.000000000
1186,fixed_random_bfs,25632411,512,45,467,468,2000,1976,160,8.000000000,10881.926500000,10710.641000000,10686.311500000,24.322500000,171.285500000,342571,65.600000000,8.359524028,22.145939431,108.424108149,1.215696030,45.392486294,1.000000000
1187,fixed_random_bfs,1548084789,512,31,481,649,2000,1976,9,0.450000000,10881.926500000,10799.221000000,10797.053000000,2.161000000,82.705500000,165411,26.450000000,8.359524028,22.282256256,107.193137548,0.895911383,45.719292663,1.000000000
1188,spatial_uniform_bfs,1143317105,512,20,492,380,2000,1976,4,0.200000000,10881.926500000,10874.637000000,10873.606000000,1.024000000,7.289500000,14579,2.400000000,8.359524028,27.290205698,126.444949600,1.206659132,56.126571423,1.000000000
1189,fixed_random_bfs,10297064330,512,24,488,239,2000,1976,0,0.000000000,10881.926500000,10870.158500000,10870.151500000,0.000000000,11.768000000,23536,4.650000000,8.359524028,26.848173355,129.621322151,1.155865927,55.217585249,1.000000000
1190,fixed_random_bfs,1324687411,512,15,497,210,2000,1976,0,0.000000000,10881.926500000,10877.625000000,10877.618000000,0.000000000,4.301500000,8603,1.700000000,8.359524028,25.890744221,125.456953053,1.566796968,53.212502012,1.000000000
1191,fixed_random_bfs,7498428533,512,30,482,432,2000,1976,14,0.700000000,10881.926500000,10802.961000000,10799.721000000,3.233000000,78.965500000,157931,22.850000000,8.359524028,26.018651366,125.589724749,1.156387088,53.453276304,1.000000000
1192,fixed_random_bfs,3846227906,512,24,488,312,2000,1976,0,0.000000000,10881.926500000,10858.345500000,10858.338500000,0.000000000,23.581000000,47162,6.950000000,8.359524028,26.282715577,124.100547798,1.611134793,54.031117957,1.000000000
1193,spatial_uniform_bfs,1143318461,512,14,498,157,2000,1976,4,0.200000000,10881.926500000,10873.966000000,10872.937000000,1.022000000,7.960500000,15921,3.250000000,8.359524028,25.772884188,123.223152550,1.584504616,52.970315239,1.000000000
1194,fixed_random_bfs,2466648916,512,31,481,630,2000,1976,0,0.000000000,10881.926500000,10874.239500000,10874.232500000,0.000000000,7.687000000,15374,3.250000000,8.359524028,23.335409355,111.764056649,1.668803593,47.914032917,1.000000000
1195,fixed_random_bfs,4394134971,512,33,479,381,2000,1976,5,0.250000000,10881.926500000,10850.926000000,10850.202500000,0.716500000,31.000500000,62001,13.600000000,8.359524028,24.358830155,116.087316750,1.543946560,50.028628453,1.000000000
1196,fixed_random_bfs,3740426821,512,22,490,265,2000,1976,4,0.200000000,10881.926500000,10846.215500000,10845.251000000,0.957500000,35.711000000,71422,9.700000000,8.359524028,20.537277017,99.448201847,0.890953648,42.115208378,1.000000000
1197,history_hotspot_bfs,1438444025,512,36,476,403,2000,1976,169,8.450000000,10881.926500000,10729.307000000,10696.943000000,32.357000000,152.619500000,305239,59.200000000,8.359524028,22.518667046,106.991715902,1.577088502,46.164094268,1.000000000
1198,fixed_random_bfs,12040100872,512,20,492,291,2000,1976,1,0.050000000,10881.926500000,10878.088500000,10877.837000000,0.244500000,3.838000000,7676,1.850000000,8.359524028,20.011885454,93.648557498,0.911151325,41.041328308,1.000000000
1199,history_hotspot_bfs,1487178619,512,35,477,395,2000,1976,28,1.400000000,10881.926500000,10764.407500000,10759.108000000,5.292500000,117.519000000,235038,40.350000000,8.359524028,19.175939783,90.415165851,1.143088181,39.295930340,1.000000000
