region_id,selection_method,seed_node,node_count,boundary_count,internal_node_count,shortcut_count,label_query_count,reachable_query_count,endpoint_access_query_count,endpoint_access_rate_pct,baseline_avg_expanded,indexed_avg_expanded,indexed_avg_graph_expanded,indexed_avg_access_expanded,avg_workload_gain,total_workload_gain,positive_gain_query_rate_pct,baseline_avg_ms_unpaired,indexed_avg_ms_unpaired,indexed_p95_ms_unpaired,preprocessing_seconds,evaluation_seconds,correctness_rate
0,spatial_uniform_bfs,1300651758,512,28,484,652,500,497,0,0.000000000,10410.840000000,10408.904000000,10408.898000000,0.000000000,1.936000000,968,0.400000000,7.851052488,24.394183642,102.679800649,2.242508765,12.579571378,1.000000000
1,history_hotspot_bfs,11005952442,512,47,465,439,500,497,87,17.400000000,10410.840000000,10239.302000000,10196.076000000,43.220000000,171.538000000,85769,63.400000000,7.851052488,23.867503806,99.753488202,2.156660339,12.231044685,1.000000000
2,fixed_random_bfs,1142609813,512,16,496,225,500,497,0,0.000000000,10410.840000000,10392.182000000,10392.176000000,0.000000000,18.658000000,9329,6.000000000,7.851052488,23.782640466,98.259900348,2.185597872,12.261025776,1.000000000
3,history_hotspot_bfs,5305637330,512,26,486,299,500,497,47,9.400000000,10410.840000000,10316.336000000,10275.252000000,41.078000000,94.504000000,47252,43.800000000,7.851052488,21.088994644,84.583062150,2.156560374,10.828504947,1.000000000
4,fixed_random_bfs,1112073249,512,44,468,580,500,497,0,0.000000000,10410.840000000,10379.054000000,10379.048000000,0.000000000,31.786000000,15893,15.800000000,7.851052488,19.771193140,80.025061802,2.332262105,10.171456397,1.000000000
5,history_hotspot_bfs,12111393897,512,36,476,198,500,497,99,19.800000000,10410.840000000,10236.218000000,10190.026000000,46.186000000,174.622000000,87311,66.000000000,7.851052488,23.572097198,97.853638001,2.169085835,12.076670659,1.000000000
6,fixed_random_bfs,12484918850,512,27,485,255,500,497,0,0.000000000,10410.840000000,10408.622000000,10408.616000000,0.000000000,2.218000000,1109,2.200000000,7.851052488,23.756766680,98.468930949,2.151239434,12.245549468,1.000000000
7,history_hotspot_bfs,3573222227,512,34,478,367,500,497,35,7.000000000,10410.840000000,10367.066000000,10347.712000000,19.348000000,43.774000000,21887,23.400000000,7.851052488,21.830530032,90.258723902,1.917362430,11.208814243,1.000000000
8,fixed_random_bfs,292782963,512,29,483,490,500,497,0,0.000000000,10410.840000000,10401.850000000,10401.844000000,0.000000000,8.990000000,4495,4.000000000,7.851052488,23.770533310,98.878446300,2.191983293,12.259902830,1.000000000
9,fixed_random_bfs,479437576,512,18,494,100,500,497,11,2.200000000,10410.840000000,10304.748000000,10293.548000000,11.194000000,106.092000000,53046,38.400000000,7.851052488,28.286836352,117.037627299,1.939626398,14.599846196,1.000000000
10,history_hotspot_bfs,10804032079,512,28,484,186,500,497,62,12.400000000,10410.840000000,10256.488000000,10216.560000000,39.922000000,154.352000000,77176,61.800000000,7.851052488,28.526247286,117.817653850,2.403834905,14.689967162,1.000000000
11,fixed_random_bfs,2163335530,512,38,474,537,500,497,2,0.400000000,10410.840000000,10359.136000000,10357.462000000,1.668000000,51.704000000,25852,19.400000000,7.851052488,21.639323678,91.791005150,2.375937709,11.129241227,1.000000000
12,history_hotspot_bfs,13050276131,512,30,482,244,500,497,42,8.400000000,10410.840000000,10251.480000000,10218.392000000,33.082000000,159.360000000,79680,58.600000000,7.851052488,23.638828682,101.374401349,2.028642316,12.153834739,1.000000000
13,fixed_random_bfs,1518839603,512,30,482,580,500,497,0,0.000000000,10410.840000000,10410.308000000,10410.302000000,0.000000000,0.532000000,266,0.600000000,7.851052488,23.845445882,99.234691801,2.209998680,12.288891355,1.000000000
14,history_hotspot_bfs,12435776715,512,18,494,88,500,497,24,4.800000000,10410.840000000,10389.764000000,10385.726000000,4.032000000,21.076000000,10538,5.400000000,7.851052488,28.879769780,115.527001452,2.006611322,14.781058397,1.000000000
15,fixed_random_bfs,1327639071,512,21,491,293,500,497,0,0.000000000,10410.840000000,10404.890000000,10404.884000000,0.000000000,5.950000000,2975,3.600000000,7.851052488,28.814164536,115.814750001,2.416932375,14.877089494,1.000000000
16,history_hotspot_bfs,129795309,512,29,483,262,500,497,52,10.400000000,10410.840000000,10251.916000000,10224.494000000,27.416000000,158.924000000,79462,56.400000000,7.851052488,27.905395612,120.447553500,0.872766217,14.365707359,1.000000000
17,fixed_random_bfs,6094066396,512,32,480,185,500,497,1,0.200000000,10410.840000000,10395.570000000,10394.798000000,0.766000000,15.270000000,7635,5.000000000,7.851052488,22.731173840,93.127635252,0.922311033,11.693139002,1.000000000
18,history_hotspot_bfs,1386063700,512,38,474,191,500,497,101,20.200000000,10410.840000000,10253.458000000,10201.030000000,52.422000000,157.382000000,78691,67.000000000,7.851052488,21.737914116,91.747773801,1.019834837,11.130547310,1.000000000
19,fixed_random_bfs,1322917608,512,38,474,591,500,497,0,0.000000000,10410.840000000,10390.226000000,10390.220000000,0.000000000,20.614000000,10307,7.000000000,7.851052488,27.872374472,119.474249300,0.987619291,14.379827772,1.000000000
20,history_hotspot_bfs,3392710660,512,24,488,149,500,497,80,16.000000000,10410.840000000,10269.638000000,10221.088000000,48.544000000,141.202000000,70601,59.400000000,7.851052488,24.675009854,103.076581750,1.265291453,12.650318555,1.000000000
21,fixed_random_bfs,12454038415,512,46,466,979,500,497,7,1.400000000,10410.840000000,10322.842000000,10318.496000000,4.340000000,87.998000000,43999,35.600000000,7.851052488,23.936398274,96.657728551,1.193279666,12.320397997,1.000000000
22,fixed_random_bfs,3200644413,512,24,488,364,500,497,0,0.000000000,10410.840000000,10382.654000000,10382.648000000,0.000000000,28.186000000,14093,6.600000000,7.851052488,24.925025426,103.173963001,1.203182834,12.836960108,1.000000000
23,history_hotspot_bfs,2156098755,512,44,468,483,500,497,36,7.200000000,10410.840000000,10357.390000000,10341.450000000,15.934000000,53.450000000,26725,27.200000000,7.851052488,24.747040796,100.970469549,1.186518236,12.721605560,1.000000000
24,fixed_random_bfs,6768048270,512,27,485,676,500,497,0,0.000000000,10410.840000000,10410.258000000,10410.252000000,0.000000000,0.582000000,291,0.600000000,7.851052488,24.319791546,98.610912001,1.169909544,12.525213997,1.000000000
25,history_hotspot_bfs,423185164,512,35,477,328,500,497,18,3.600000000,10410.840000000,10245.322000000,10230.676000000,14.640000000,165.518000000,82759,61.800000000,7.851052488,24.427892522,102.841323501,1.170730372,12.571353007,1.000000000
26,fixed_random_bfs,4665705852,512,26,486,222,500,497,1,0.200000000,10410.840000000,10379.372000000,10379.352000000,0.014000000,31.468000000,15734,12.200000000,7.851052488,25.411617090,103.275241953,1.159848074,13.098735538,1.000000000
27,fixed_random_bfs,3241516294,512,44,468,1213,500,497,1,0.200000000,10410.840000000,10380.094000000,10379.130000000,0.958000000,30.746000000,15373,10.600000000,7.851052488,24.960031236,99.501258901,1.077730691,12.853353340,1.000000000
28,history_hotspot_bfs,12456240972,512,40,472,365,500,497,52,10.400000000,10410.840000000,10216.410000000,10181.494000000,34.910000000,194.430000000,97215,68.200000000,7.851052488,28.028926512,114.474260997,1.021961854,14.438906013,1.000000000
29,fixed_random_bfs,4955285396,512,26,486,405,500,497,0,0.000000000,10410.840000000,10392.008000000,10392.002000000,0.000000000,18.832000000,9416,6.400000000,7.851052488,28.582982070,121.694359499,1.181272077,14.738411923,1.000000000
30,history_hotspot_bfs,12064709805,512,32,480,275,500,497,96,19.200000000,10410.840000000,10289.696000000,10221.846000000,67.844000000,121.144000000,60572,59.400000000,7.851052488,26.682563536,110.252007448,1.189297604,13.696493982,1.000000000
31,fixed_random_bfs,497240505,512,43,469,846,500,497,3,0.600000000,10410.840000000,10334.982000000,10332.366000000,2.610000000,75.858000000,37929,25.400000000,7.851052488,25.520062806,103.052497401,1.172007966,13.138541771,1.000000000
32,history_hotspot_bfs,9026947863,512,26,486,207,500,497,35,7.000000000,10410.840000000,10289.540000000,10258.600000000,30.934000000,121.300000000,60650,45.400000000,7.851052488,25.323189760,108.016597953,1.334866201,13.025827575,1.000000000
33,fixed_random_bfs,9073575305,512,46,466,835,500,497,23,4.600000000,10410.840000000,10289.162000000,10267.604000000,21.552000000,121.678000000,60839,52.600000000,7.851052488,23.767902580,97.949118401,1.207827449,12.219615430,1.000000000
34,fixed_random_bfs,4074469815,512,25,487,404,500,497,0,0.000000000,10410.840000000,10384.082000000,10384.076000000,0.000000000,26.758000000,13379,13.800000000,7.851052488,27.472308354,120.632083950,1.808963545,14.170925106,1.000000000
35,fixed_random_bfs,10562265153,512,23,489,263,500,497,0,0.000000000,10410.840000000,10399.774000000,10399.768000000,0.000000000,11.066000000,5533,3.000000000,7.851052488,25.037646472,103.400295148,1.767119332,12.899674384,1.000000000
36,history_hotspot_bfs,1731168353,512,47,465,415,500,497,17,3.400000000,10410.840000000,10319.840000000,10313.156000000,6.678000000,91.000000000,45500,33.200000000,7.851052488,26.268586536,102.888845651,1.741011839,13.527664293,1.000000000
37,fixed_random_bfs,1801523308,512,27,485,184,500,497,0,0.000000000,10410.840000000,10386.330000000,10386.324000000,0.000000000,24.510000000,12255,5.800000000,7.851052488,28.915119466,119.121962601,1.725983114,14.901880792,1.000000000
38,history_hotspot_bfs,4529952469,512,35,477,205,500,497,54,10.800000000,10410.840000000,10230.290000000,10191.108000000,39.176000000,180.550000000,90275,67.200000000,7.851052488,24.979758486,103.789947099,1.837220579,12.844120661,1.000000000
39,fixed_random_bfs,1548076025,512,36,476,595,500,497,4,0.800000000,10410.840000000,10342.348000000,10338.882000000,3.460000000,68.492000000,34246,25.800000000,7.851052488,23.891927634,96.845043951,1.814771066,12.280771011,1.000000000
40,history_hotspot_bfs,5185083151,512,25,487,303,500,497,5,1.000000000,10410.840000000,10353.998000000,10349.252000000,4.740000000,56.842000000,28421,20.600000000,7.851052488,26.915634564,112.382344747,1.796315427,13.869890990,1.000000000
41,fixed_random_bfs,5185111392,512,31,481,430,500,497,1,0.200000000,10410.840000000,10378.044000000,10377.100000000,0.938000000,32.796000000,16398,11.200000000,7.851052488,25.442613416,105.072853651,1.743796427,13.103036705,1.000000000
42,fixed_random_bfs,445353619,512,26,486,509,500,497,0,0.000000000,10410.840000000,10382.564000000,10382.558000000,0.000000000,28.276000000,14138,9.400000000,7.851052488,25.612142808,103.616054748,1.761867676,13.190739103,1.000000000
43,history_hotspot_bfs,12514870315,512,37,475,415,500,497,51,10.200000000,10410.840000000,10259.214000000,10219.384000000,39.824000000,151.626000000,75813,59.200000000,7.851052488,23.081105766,94.973937098,1.795137227,11.853434554,1.000000000
44,history_hotspot_bfs,314074569,512,42,470,837,500,497,26,5.200000000,10410.840000000,10308.022000000,10285.278000000,22.738000000,102.818000000,51409,38.400000000,7.851052488,27.052880270,109.623267199,1.706352738,13.936960842,1.000000000
45,fixed_random_bfs,5284628346,512,26,486,625,500,497,0,0.000000000,10410.840000000,10407.956000000,10407.950000000,0.000000000,2.884000000,1442,2.000000000,7.851052488,27.584263926,104.358946001,1.415748546,14.236316174,1.000000000
46,spatial_uniform_bfs,6491943284,512,29,483,678,500,497,2,0.400000000,10410.840000000,10410.894000000,10408.876000000,2.012000000,-0.054000000,-27,0.400000000,7.851052488,25.418949794,103.764987150,1.574559977,13.090255792,1.000000000
47,history_hotspot_bfs,6924815711,512,58,454,470,500,497,32,6.400000000,10410.840000000,10273.442000000,10255.300000000,18.136000000,137.398000000,68699,63.800000000,7.851052488,27.711312324,115.832415051,1.489837420,14.260104587,1.000000000
48,fixed_random_bfs,10892466852,512,32,480,584,500,497,13,2.600000000,10410.840000000,10377.868000000,10365.446000000,12.416000000,32.972000000,16486,14.800000000,7.851052488,29.498858116,119.491267401,1.041628833,15.191620949,1.000000000
49,history_hotspot_bfs,3098121126,512,44,468,260,500,497,69,13.800000000,10410.840000000,10248.004000000,10220.776000000,27.222000000,162.836000000,81418,67.400000000,7.851052488,25.236418152,104.780455949,1.095253938,12.952593742,1.000000000
50,fixed_random_bfs,1110698247,512,44,468,372,500,497,43,8.600000000,10410.840000000,10230.380000000,10207.490000000,22.884000000,180.460000000,90230,70.400000000,7.851052488,22.737701010,97.712418752,0.998411744,11.665636330,1.000000000
51,history_hotspot_bfs,12456064553,512,55,457,416,500,497,25,5.000000000,10410.840000000,10232.492000000,10222.036000000,10.450000000,178.348000000,89174,72.000000000,7.851052488,25.430545314,107.682762349,1.164207326,13.070832479,1.000000000
52,fixed_random_bfs,13426945403,512,29,483,704,500,497,1,0.200000000,10410.840000000,10400.728000000,10399.720000000,1.002000000,10.112000000,5056,3.800000000,7.851052488,22.630509170,91.508498153,1.029011408,11.631408357,1.000000000
53,spatial_uniform_bfs,1145535936,512,34,478,963,500,497,2,0.400000000,10410.840000000,10410.754000000,10408.712000000,2.036000000,0.086000000,43,1.200000000,7.851052488,25.629112032,108.313037650,1.153124212,13.198662946,1.000000000
54,fixed_random_bfs,11406498895,512,40,472,746,500,497,1,0.200000000,10410.840000000,10387.358000000,10386.396000000,0.956000000,23.482000000,11741,8.400000000,7.851052488,26.049065280,107.388364901,1.194541232,13.416514155,1.000000000
55,history_hotspot_bfs,1471128087,512,42,470,843,500,497,9,1.800000000,10410.840000000,10338.076000000,10330.186000000,7.884000000,72.764000000,36382,37.400000000,7.851052488,23.226277298,96.453418300,0.989264585,11.933000234,1.000000000
56,fixed_random_bfs,1251033242,512,48,464,983,500,497,2,0.400000000,10410.840000000,10368.066000000,10366.320000000,1.740000000,42.774000000,21387,14.600000000,7.851052488,25.762997854,104.541178802,1.156362665,13.269571770,1.000000000
57,history_hotspot_bfs,7057137055,512,46,466,458,500,497,25,5.000000000,10410.840000000,10257.332000000,10243.462000000,13.864000000,153.508000000,76754,60.800000000,7.851052488,25.538447134,105.698243453,1.138143296,13.143569597,1.000000000
58,fixed_random_bfs,1436602798,512,37,475,611,500,497,1,0.200000000,10410.840000000,10399.260000000,10398.362000000,0.892000000,11.580000000,5790,6.000000000,7.851052488,30.914891392,129.676744900,1.234769375,15.954023175,1.000000000
59,spatial_uniform_bfs,1263990239,512,29,483,784,500,497,2,0.400000000,10410.840000000,10409.830000000,10407.776000000,2.048000000,1.010000000,505,2.000000000,7.851052488,26.389569958,110.472420650,1.105293597,13.585436146,1.000000000
60,history_hotspot_bfs,112613631,512,32,480,404,500,497,10,2.000000000,10410.840000000,10346.230000000,10338.510000000,7.714000000,64.610000000,32305,23.000000000,7.851052488,26.024181036,104.606267150,1.109478105,13.396671200,1.000000000
61,fixed_random_bfs,4753112735,512,17,495,272,500,497,0,0.000000000,10410.840000000,10410.582000000,10410.576000000,0.000000000,0.258000000,129,0.400000000,7.851052488,30.611454952,129.597282149,1.199240728,15.795776557,1.000000000
62,fixed_random_bfs,1324799773,512,18,494,306,500,497,0,0.000000000,10410.840000000,10410.396000000,10410.390000000,0.000000000,0.444000000,222,0.600000000,7.851052488,27.244872648,115.818595148,1.188623635,14.043924978,1.000000000
63,history_hotspot_bfs,5849890925,512,33,479,310,500,497,12,2.400000000,10410.840000000,10296.682000000,10287.704000000,8.972000000,114.158000000,57079,39.000000000,7.851052488,24.267887402,94.882514901,0.841791441,12.467380500,1.000000000
64,fixed_random_bfs,3250683230,512,34,478,735,500,497,6,1.200000000,10410.840000000,10336.716000000,10331.022000000,5.688000000,74.124000000,37062,31.400000000,7.851052488,26.084243336,106.873735001,1.495714009,13.442663659,1.000000000
65,spatial_uniform_bfs,1263990280,512,35,477,1027,500,497,2,0.400000000,10410.840000000,10410.424000000,10408.402000000,2.016000000,0.416000000,208,1.200000000,7.851052488,23.788630468,101.622756051,1.360919680,12.238655379,1.000000000
66,history_hotspot_bfs,12170822363,512,48,464,598,500,497,5,1.000000000,10410.840000000,10310.728000000,10308.404000000,2.318000000,100.112000000,50056,35.000000000,7.851052488,24.726559470,104.180054201,1.331332687,12.732494914,1.000000000
67,fixed_random_bfs,1321499596,512,30,482,870,500,497,0,0.000000000,10410.840000000,10399.250000000,10399.244000000,0.000000000,11.590000000,5795,4.000000000,7.851052488,27.977895648,121.708115050,1.713955104,14.420160275,1.000000000
68,fixed_random_bfs,278725753,512,29,483,187,500,497,0,0.000000000,10410.840000000,10402.686000000,10402.680000000,0.000000000,8.154000000,4077,6.000000000,7.851052488,26.776397720,111.908778651,1.418926032,13.779768669,1.000000000
69,history_hotspot_bfs,474552495,512,43,469,446,500,497,19,3.800000000,10410.840000000,10267.158000000,10253.824000000,13.328000000,143.682000000,71841,55.200000000,7.851052488,26.186665950,107.506400850,1.583142968,13.473831184,1.000000000
70,fixed_random_bfs,1322203518,512,15,497,146,500,497,0,0.000000000,10410.840000000,10406.970000000,10406.964000000,0.000000000,3.870000000,1935,2.200000000,7.851052488,26.140849252,108.656599100,1.606382835,13.465560480,1.000000000
71,history_hotspot_bfs,4656695032,512,40,472,854,500,497,3,0.600000000,10410.840000000,10330.988000000,10328.118000000,2.864000000,79.852000000,39926,27.000000000,7.851052488,23.720558862,97.577366901,1.678720363,12.195887553,1.000000000
72,fixed_random_bfs,1131291352,512,32,480,494,500,497,1,0.200000000,10410.840000000,10345.608000000,10345.594000000,0.008000000,65.232000000,32616,44.000000000,7.851052488,26.030875122,108.677858499,1.599285252,13.408027429,1.000000000
73,fixed_random_bfs,7114167921,512,35,477,491,500,497,1,0.200000000,10410.840000000,10388.524000000,10387.740000000,0.778000000,22.316000000,11158,7.800000000,7.851052488,26.451684822,107.080013653,1.624760032,13.613913219,1.000000000
74,history_hotspot_bfs,13522470886,512,42,470,361,500,497,14,2.800000000,10410.840000000,10258.590000000,10249.256000000,9.328000000,152.250000000,76125,55.000000000,7.851052488,28.747285114,120.357806553,1.511365417,14.812242163,1.000000000
75,fixed_random_bfs,1548079325,512,25,487,268,500,497,3,0.600000000,10410.840000000,10359.302000000,10356.620000000,2.676000000,51.538000000,25769,19.400000000,7.851052488,25.931427174,106.148681349,1.562016352,13.347330253,1.000000000
76,history_hotspot_bfs,3993126224,512,40,472,289,500,497,114,22.800000000,10410.840000000,10244.816000000,10182.822000000,61.988000000,166.024000000,83012,67.800000000,7.851052488,28.684283380,124.913968799,1.695701558,14.679321791,1.000000000
77,fixed_random_bfs,6595210390,512,16,496,240,500,497,0,0.000000000,10410.840000000,10407.918000000,10407.912000000,0.000000000,2.922000000,1461,1.200000000,7.851052488,27.954911430,125.574195000,1.562007418,14.399281559,1.000000000
78,fixed_random_bfs,1392657799,512,16,496,211,500,497,0,0.000000000,10410.840000000,10408.928000000,10408.922000000,0.000000000,1.912000000,956,1.400000000,7.851052488,27.518148702,105.324123552,1.408533385,14.184430889,1.000000000
79,fixed_random_bfs,292599454,512,21,491,172,500,497,1,0.200000000,10410.840000000,10406.252000000,10405.350000000,0.896000000,4.588000000,2294,3.400000000,7.851052488,28.942003534,121.734419951,1.469333371,14.920866489,1.000000000
80,fixed_random_bfs,2689537161,512,39,473,392,500,497,15,3.000000000,10410.840000000,10291.788000000,10281.972000000,9.810000000,119.052000000,59526,50.000000000,7.851052488,25.769740354,107.383866750,1.153435210,13.273660442,1.000000000
81,history_hotspot_bfs,2914925366,512,41,471,335,500,497,61,12.200000000,10410.840000000,10255.536000000,10219.562000000,35.968000000,155.304000000,77652,69.600000000,7.851052488,23.796114064,97.402525501,0.988693460,12.200617930,1.000000000
82,fixed_random_bfs,4720708097,512,43,469,437,500,497,6,1.200000000,10410.840000000,10330.330000000,10328.236000000,2.088000000,80.510000000,40255,34.600000000,7.851052488,27.073056778,112.049392400,1.111596127,13.938806750,1.000000000
83,history_hotspot_bfs,10838978985,512,49,463,742,500,497,34,6.800000000,10410.840000000,10274.086000000,10247.170000000,26.910000000,136.754000000,68377,59.400000000,7.851052488,23.454863386,94.532106399,1.208269626,12.039295384,1.000000000
84,fixed_random_bfs,1801521181,512,37,475,345,500,497,5,1.000000000,10410.840000000,10364.340000000,10362.642000000,1.692000000,46.500000000,23250,15.800000000,7.851052488,25.602511182,110.398084652,1.163468483,13.170369597,1.000000000
85,fixed_random_bfs,1642560348,512,32,480,901,500,497,1,0.200000000,10410.840000000,10405.608000000,10404.582000000,1.020000000,5.232000000,2616,1.800000000,7.851052488,26.878243828,108.320751802,1.129482243,13.829398973,1.000000000
86,fixed_random_bfs,1548076551,512,23,489,249,500,497,0,0.000000000,10410.840000000,10390.224000000,10390.218000000,0.000000000,20.616000000,10308,8.000000000,7.851052488,28.862948334,117.187364300,0.944885919,14.866537276,1.000000000
87,history_hotspot_bfs,12241567151,512,42,470,276,500,497,101,20.200000000,10410.840000000,10236.924000000,10183.754000000,53.164000000,173.916000000,86958,67.800000000,7.851052488,26.195862006,109.858692900,1.144377179,13.407928111,1.000000000
88,fixed_random_bfs,7856254144,512,27,485,219,500,497,1,0.200000000,10410.840000000,10362.944000000,10362.170000000,0.768000000,47.896000000,23948,16.400000000,7.851052488,26.421492854,107.100101602,1.115090642,13.602236512,1.000000000
89,history_hotspot_bfs,2202026143,512,42,470,254,500,497,65,13.000000000,10410.840000000,10253.378000000,10221.566000000,31.806000000,157.462000000,78731,69.200000000,7.851052488,29.826681638,121.458243949,1.120049541,15.319479126,1.000000000
90,fixed_random_bfs,1550572190,512,22,490,253,500,497,0,0.000000000,10410.840000000,10404.282000000,10404.276000000,0.000000000,6.558000000,3279,1.800000000,7.851052488,30.930103778,133.134299001,1.138244408,15.946132594,1.000000000
91,spatial_uniform_bfs,4728929492,512,18,494,190,500,497,0,0.000000000,10410.840000000,10408.864000000,10408.858000000,0.000000000,1.976000000,988,0.400000000,7.851052488,26.775051762,109.727172451,1.126243042,13.792401522,1.000000000
92,history_hotspot_bfs,3573222241,512,33,479,316,500,497,34,6.800000000,10410.840000000,10365.540000000,10346.970000000,18.564000000,45.300000000,22650,23.800000000,7.851052488,26.399539004,112.630440252,0.983616476,13.546637533,1.000000000
93,fixed_random_bfs,283317561,512,23,489,382,500,497,0,0.000000000,10410.840000000,10390.540000000,10390.534000000,0.000000000,20.300000000,10150,8.200000000,7.851052488,28.647506740,117.651027999,1.258185258,14.765548701,1.000000000
94,fixed_random_bfs,4955227540,512,33,479,436,500,497,0,0.000000000,10410.840000000,10382.768000000,10382.762000000,0.000000000,28.072000000,14036,9.200000000,7.851052488,25.251309262,109.073350449,1.201062848,12.997740063,1.000000000
95,history_hotspot_bfs,343646697,512,34,478,276,500,497,10,2.000000000,10410.840000000,10305.018000000,10297.584000000,7.428000000,105.822000000,52911,42.200000000,7.851052488,25.774410426,101.765321551,0.846937744,13.259544856,1.000000000
96,fixed_random_bfs,2264487487,512,28,484,603,500,497,0,0.000000000,10410.840000000,10381.988000000,10381.982000000,0.000000000,28.852000000,14426,7.000000000,7.851052488,27.832605158,115.388207101,1.586305921,14.330780070,1.000000000
97,history_hotspot_bfs,10236070598,512,52,460,1806,500,497,4,0.800000000,10410.840000000,10365.842000000,10362.124000000,3.712000000,44.998000000,22499,16.600000000,7.851052488,26.778908222,110.851679849,1.577376855,13.787822654,1.000000000
98,fixed_random_bfs,474728395,512,50,462,790,500,497,14,2.800000000,10410.840000000,10281.774000000,10273.112000000,8.656000000,129.066000000,64533,52.400000000,7.851052488,29.358781492,129.391632600,1.347453697,15.123217013,1.000000000
99,fixed_random_bfs,5640218854,512,24,488,125,500,497,2,0.400000000,10410.840000000,10376.824000000,10375.922000000,0.896000000,34.016000000,17008,12.800000000,7.851052488,25.568731950,98.677431202,1.248379174,13.168902176,1.000000000
100,fixed_random_bfs,1328157992,512,21,491,326,500,497,0,0.000000000,10410.840000000,10405.364000000,10405.358000000,0.000000000,5.476000000,2738,3.600000000,7.851052488,25.049053574,104.649476650,1.585840780,12.882671854,1.000000000
101,history_hotspot_bfs,475544038,512,31,481,145,500,497,101,20.200000000,10410.840000000,10224.906000000,10186.856000000,38.044000000,185.934000000,92967,67.600000000,7.851052488,29.002181960,127.736736453,1.730589477,14.846353384,1.000000000
102,fixed_random_bfs,5230804046,512,33,479,563,500,497,2,0.400000000,10410.840000000,10379.988000000,10378.178000000,1.804000000,30.852000000,15426,18.400000000,7.851052488,26.684384250,110.466480850,1.634272717,13.736575037,1.000000000
103,history_hotspot_bfs,12244620635,512,29,483,196,500,497,13,2.600000000,10410.840000000,10363.622000000,10353.366000000,10.250000000,47.218000000,23609,16.600000000,7.851052488,23.376108254,94.684622047,1.675370384,12.011738731,1.000000000
104,fixed_random_bfs,11380488696,512,26,486,244,500,497,27,5.400000000,10410.840000000,10318.062000000,10291.816000000,26.240000000,92.778000000,46389,36.800000000,7.851052488,26.546620008,112.775357850,1.592418075,13.656237341,1.000000000
105,fixed_random_bfs,1587092665,512,19,493,187,500,497,0,0.000000000,10410.840000000,10408.260000000,10408.254000000,0.000000000,2.580000000,1290,1.000000000,7.851052488,30.273928028,126.185225698,1.607760388,15.596377724,1.000000000
106,history_hotspot_bfs,510791951,512,47,465,304,500,497,35,7.000000000,10410.840000000,10289.250000000,10268.102000000,21.142000000,121.590000000,60795,48.800000000,7.851052488,26.522896754,107.826365200,1.564589959,13.633298476,1.000000000
107,fixed_random_bfs,6340099264,512,41,471,691,500,497,5,1.000000000,10410.840000000,10325.114000000,10320.390000000,4.718000000,85.726000000,42863,30.000000000,7.851052488,27.704052006,113.366912599,1.453167490,14.252263579,1.000000000
108,fixed_random_bfs,12463880315,512,34,478,534,500,497,0,0.000000000,10410.840000000,10390.362000000,10390.356000000,0.000000000,20.478000000,10239,6.800000000,7.851052488,22.535045948,94.263970449,1.291594276,11.583604637,1.000000000
109,history_hotspot_bfs,1788788569,512,44,468,380,500,497,17,3.400000000,10410.840000000,10277.314000000,10273.306000000,4.002000000,133.526000000,66763,50.600000000,7.851052488,29.060555778,127.727849749,1.716920661,14.962787280,1.000000000
110,fixed_random_bfs,1361251984,512,16,496,86,500,497,0,0.000000000,10410.840000000,10393.186000000,10393.180000000,0.000000000,17.654000000,8827,5.600000000,7.851052488,31.380833430,133.704537351,1.681641923,16.175624446,1.000000000
111,fixed_random_bfs,5773611651,512,36,476,739,500,497,0,0.000000000,10410.840000000,10409.192000000,10409.186000000,0.000000000,1.648000000,824,0.600000000,7.851052488,29.946410096,123.272933749,1.560285633,15.425712745,1.000000000
112,history_hotspot_bfs,4464000796,512,27,485,251,500,497,17,3.400000000,10410.840000000,10287.580000000,10273.022000000,14.552000000,123.260000000,61630,44.800000000,7.851052488,27.387163742,111.885919000,1.294703643,14.087281631,1.000000000
113,fixed_random_bfs,4685552133,512,23,489,161,500,497,2,0.400000000,10410.840000000,10333.494000000,10331.644000000,1.844000000,77.346000000,38673,33.400000000,7.851052488,26.489548234,109.168116199,1.157225893,13.632266384,1.000000000
114,history_hotspot_bfs,5494272217,512,32,480,281,500,497,39,7.800000000,10410.840000000,10241.984000000,10217.792000000,24.186000000,168.856000000,84428,63.800000000,7.851052488,23.350746886,97.132122950,1.042558251,11.983755216,1.000000000
115,fixed_random_bfs,10300962373,512,18,494,306,500,497,0,0.000000000,10410.840000000,10408.956000000,10408.950000000,0.000000000,1.884000000,942,1.200000000,7.851052488,26.892663834,107.323115200,0.994844386,13.838722853,1.000000000
116,history_hotspot_bfs,6249235140,512,40,472,666,500,497,13,2.600000000,10410.840000000,10326.946000000,10314.718000000,12.222000000,83.894000000,41947,33.800000000,7.851052488,27.283460362,118.720316601,1.046759138,14.037703959,1.000000000
117,fixed_random_bfs,13370114785,512,27,485,278,500,497,0,0.000000000,10410.840000000,10404.974000000,10404.968000000,0.000000000,5.866000000,2933,2.200000000,7.851052488,26.146121906,105.367264397,1.258149770,13.445503544,1.000000000
118,history_hotspot_bfs,13522470885,512,38,474,412,500,497,24,4.800000000,10410.840000000,10260.268000000,10246.618000000,13.644000000,150.572000000,75286,55.600000000,7.851052488,26.275510466,109.237770253,1.182928982,13.519498691,1.000000000
119,fixed_random_bfs,1784085866,512,42,470,623,500,497,5,1.000000000,10410.840000000,10351.490000000,10347.628000000,3.856000000,59.350000000,29675,24.800000000,7.851052488,26.574541476,110.051894153,1.135457108,13.675443126,1.000000000
120,history_hotspot_bfs,1842003071,512,43,469,454,500,497,35,7.000000000,10410.840000000,10292.356000000,10262.050000000,30.300000000,118.484000000,59242,47.600000000,7.851052488,29.437251466,119.242606550,1.241962879,15.159521718,1.000000000
121,fixed_random_bfs,10140383897,512,31,481,644,500,497,0,0.000000000,10410.840000000,10407.028000000,10407.022000000,0.000000000,3.812000000,1906,1.200000000,7.851052488,24.539077294,98.123346399,0.916332554,12.620967348,1.000000000
122,spatial_uniform_bfs,1710076828,512,30,482,681,500,497,0,0.000000000,10410.840000000,10408.908000000,10408.902000000,0.000000000,1.932000000,966,0.600000000,7.851052488,26.821937584,110.265022250,1.176808789,13.811634558,1.000000000
123,history_hotspot_bfs,111428015,512,24,488,264,500,497,11,2.200000000,10410.840000000,10379.664000000,10369.452000000,10.206000000,31.176000000,15588,17.600000000,7.851052488,27.265701774,118.850913550,1.199929863,14.027049726,1.000000000
124,fixed_random_bfs,10083541091,512,33,479,605,500,497,2,0.400000000,10410.840000000,10332.862000000,10331.838000000,1.018000000,77.978000000,38989,26.000000000,7.851052488,27.355572672,111.721880801,1.155495181,14.086553614,1.000000000
125,spatial_uniform_bfs,1710076812,512,24,488,443,500,497,0,0.000000000,10410.840000000,10408.888000000,10408.882000000,0.000000000,1.952000000,976,0.400000000,7.851052488,29.848997882,127.184465299,1.296033745,15.387456199,1.000000000
126,fixed_random_bfs,4695412324,512,36,476,597,500,497,3,0.600000000,10410.840000000,10326.404000000,10323.788000000,2.610000000,84.436000000,42218,28.800000000,7.851052488,28.987074608,118.453006400,1.305272585,14.950998774,1.000000000
127,fixed_random_bfs,293055528,512,17,495,89,500,497,0,0.000000000,10410.840000000,10409.984000000,10409.978000000,0.000000000,0.856000000,428,1.800000000,7.851052488,31.199691546,127.178932649,1.301828877,16.097623940,1.000000000
128,history_hotspot_bfs,10894194294,512,38,474,573,500,497,5,1.000000000,10410.840000000,10342.744000000,10338.470000000,4.268000000,68.096000000,34048,26.400000000,7.851052488,24.376870452,102.555050147,1.238260401,12.525471306,1.000000000
129,fixed_random_bfs,10781372129,512,32,480,478,500,497,1,0.200000000,10410.840000000,10403.486000000,10402.538000000,0.942000000,7.354000000,3677,2.000000000,7.851052488,28.979686974,123.329147401,1.603105326,14.944758959,1.000000000
130,fixed_random_bfs,343634630,512,37,475,497,500,497,18,3.600000000,10410.840000000,10310.002000000,10292.690000000,17.306000000,100.838000000,50419,45.400000000,7.851052488,26.663360826,115.557770050,1.565260522,13.715654091,1.000000000
131,history_hotspot_bfs,1788788661,512,36,476,690,500,497,8,1.600000000,10410.840000000,10312.070000000,10304.828000000,7.236000000,98.770000000,49385,33.400000000,7.851052488,27.536195842,122.417015650,1.735456678,14.167311605,1.000000000
132,fixed_random_bfs,4758581357,512,30,482,537,500,497,3,0.600000000,10410.840000000,10360.658000000,10358.824000000,1.828000000,50.182000000,25091,20.200000000,7.851052488,23.640656232,93.224980749,1.473797178,12.154920951,1.000000000
133,history_hotspot_bfs,112686789,512,34,478,425,500,497,96,19.200000000,10410.840000000,10301.614000000,10242.500000000,59.108000000,109.226000000,54613,57.000000000,7.851052488,25.304025252,100.787677602,1.319834513,12.968153897,1.000000000
134,fixed_random_bfs,1436856906,512,31,481,339,500,497,1,0.200000000,10410.840000000,10400.458000000,10399.516000000,0.936000000,10.382000000,5191,3.600000000,7.851052488,26.825216632,112.856464152,1.584792294,13.810787509,1.000000000
135,fixed_random_bfs,4421109825,512,21,491,362,500,497,0,0.000000000,10410.840000000,10380.232000000,10380.226000000,0.000000000,30.608000000,15304,10.800000000,7.851052488,26.870151620,110.050089752,1.571492667,13.833540667,1.000000000
136,fixed_random_bfs,10893592960,512,34,478,473,500,497,4,0.800000000,10410.840000000,10335.442000000,10331.708000000,3.728000000,75.398000000,37699,26.800000000,7.851052488,23.280903914,93.295554650,1.647332885,11.966085171,1.000000000
137,fixed_random_bfs,299611722,512,49,463,888,500,497,18,3.600000000,10410.840000000,10287.708000000,10273.318000000,14.384000000,123.132000000,61566,56.400000000,7.851052488,27.874891012,115.537546197,1.383135435,14.326673193,1.000000000
138,fixed_random_bfs,9731026658,512,17,495,65,500,497,0,0.000000000,10410.840000000,10383.666000000,10383.660000000,0.000000000,27.174000000,13587,7.000000000,7.851052488,26.395345690,106.325763152,1.544476623,13.591990151,1.000000000
139,history_hotspot_bfs,314555995,512,37,475,393,500,497,51,10.200000000,10410.840000000,10267.658000000,10234.884000000,32.768000000,143.182000000,71591,54.400000000,7.851052488,29.011353984,134.375814299,1.609225449,14.916280626,1.000000000
140,fixed_random_bfs,3921241192,512,27,485,387,500,497,0,0.000000000,10410.840000000,10385.312000000,10385.306000000,0.000000000,25.528000000,12764,7.600000000,7.851052488,27.844821276,113.103659001,1.641863756,14.337289961,1.000000000
141,fixed_random_bfs,13152754483,512,42,470,659,500,497,4,0.800000000,10410.840000000,10324.558000000,10323.014000000,1.538000000,86.282000000,43141,39.400000000,7.851052488,30.255257548,124.057312699,1.264045461,15.554397812,1.000000000
142,fixed_random_bfs,1551005126,512,23,489,463,500,497,0,0.000000000,10410.840000000,10393.220000000,10393.214000000,0.000000000,17.620000000,8810,5.000000000,7.851052488,30.427296920,123.680871201,1.654884129,15.649200381,1.000000000
143,fixed_random_bfs,1236473152,512,38,474,340,500,497,7,1.400000000,10410.840000000,10285.864000000,10282.524000000,3.334000000,124.976000000,62488,49.800000000,7.851052488,28.545683944,115.544155601,1.607634234,14.691264488,1.000000000
144,history_hotspot_bfs,1554886175,512,30,482,228,500,497,55,11.000000000,10410.840000000,10259.708000000,10214.318000000,45.384000000,151.132000000,75566,62.200000000,7.851052488,26.462403042,108.244792300,1.189149400,13.601140806,1.000000000
145,fixed_random_bfs,12030930241,512,16,496,87,500,497,0,0.000000000,10410.840000000,10398.256000000,10398.250000000,0.000000000,12.584000000,6292,4.400000000,7.851052488,30.394558386,125.010553201,1.705808041,15.671836893,1.000000000
146,fixed_random_bfs,9038898395,512,51,461,400,500,497,33,6.600000000,10410.840000000,10285.648000000,10271.064000000,14.578000000,125.192000000,62596,46.000000000,7.851052488,25.287200866,100.939319849,1.114998553,12.993497997,1.000000000
147,fixed_random_bfs,1147305554,512,26,486,199,500,497,1,0.200000000,10410.840000000,10388.108000000,10387.300000000,0.802000000,22.732000000,11366,8.200000000,7.851052488,29.848847538,119.525006300,0.961634062,15.391450083,1.000000000
148,fixed_random_bfs,12291327666,512,30,482,287,500,497,1,0.200000000,10410.840000000,10380.660000000,10379.750000000,0.904000000,30.180000000,15090,11.000000000,7.851052488,30.963745968,125.617715102,1.260959549,15.963039815,1.000000000
149,fixed_random_bfs,1327641343,512,21,491,161,500,497,0,0.000000000,10410.840000000,10407.078000000,10407.072000000,0.000000000,3.762000000,1881,2.400000000,7.851052488,23.397631528,100.045411948,1.006638242,12.019527688,1.000000000
150,fixed_random_bfs,1194795154,512,30,482,760,500,497,0,0.000000000,10410.840000000,10407.160000000,10407.154000000,0.000000000,3.680000000,1840,1.200000000,7.851052488,26.864477156,113.895578651,1.202866892,13.824600712,1.000000000
151,fixed_random_bfs,5869817045,512,34,478,187,500,497,4,0.800000000,10410.840000000,10363.998000000,10361.836000000,2.156000000,46.842000000,23421,15.600000000,7.851052488,22.442457912,89.269407951,0.919968830,11.532340649,1.000000000
152,history_hotspot_bfs,3391599150,512,50,462,587,500,497,33,6.600000000,10410.840000000,10251.136000000,10231.602000000,19.528000000,159.704000000,79852,60.600000000,7.851052488,26.882062116,112.094306202,1.121486009,13.814122029,1.000000000
153,fixed_random_bfs,292621872,512,25,487,193,500,497,1,0.200000000,10410.840000000,10406.148000000,10405.378000000,0.764000000,4.692000000,2346,3.400000000,7.851052488,25.819815954,107.905864798,1.352550531,13.290272785,1.000000000
154,history_hotspot_bfs,6244576698,512,48,464,541,500,497,39,7.800000000,10410.840000000,10263.868000000,10240.788000000,23.074000000,146.972000000,73486,66.000000000,7.851052488,26.665277180,109.411106950,1.154742032,13.720706954,1.000000000
155,fixed_random_bfs,8126762080,512,21,491,193,500,497,0,0.000000000,10410.840000000,10375.116000000,10375.110000000,0.000000000,35.724000000,17862,13.400000000,7.851052488,27.933905284,114.526286500,1.200531859,14.380636101,1.000000000
156,history_hotspot_bfs,4488753662,512,42,470,297,500,497,101,20.200000000,10410.840000000,10251.710000000,10182.100000000,69.604000000,159.130000000,79565,66.200000000,7.851052488,30.295674516,130.764824348,1.257571879,15.518294410,1.000000000
157,fixed_random_bfs,4468057768,512,32,480,431,500,497,0,0.000000000,10410.840000000,10393.250000000,10393.244000000,0.000000000,17.590000000,8795,6.600000000,7.851052488,25.851540744,109.074603100,1.425241852,13.299204092,1.000000000
158,fixed_random_bfs,7678759569,512,28,484,556,500,497,1,0.200000000,10410.840000000,10397.590000000,10396.610000000,0.974000000,13.250000000,6625,4.000000000,7.851052488,27.294957690,113.822200102,1.703970037,14.054401938,1.000000000
159,history_hotspot_bfs,25632231,512,33,479,376,500,497,47,9.400000000,10410.840000000,10254.120000000,10219.152000000,34.962000000,156.720000000,78360,67.800000000,7.851052488,22.344554086,91.446082252,1.026731268,11.464679088,1.000000000
160,fixed_random_bfs,479512737,512,20,492,207,500,497,4,0.800000000,10410.840000000,10318.128000000,10314.298000000,3.824000000,92.712000000,46356,25.800000000,7.851052488,26.187426482,110.660350603,1.819537626,13.464394804,1.000000000
161,fixed_random_bfs,12469475530,512,33,479,160,500,497,0,0.000000000,10410.840000000,10404.268000000,10404.262000000,0.000000000,6.572000000,3286,5.200000000,7.851052488,27.905163252,114.649434552,1.237352185,14.372131034,1.000000000
162,history_hotspot_bfs,9301363694,512,38,474,170,500,497,78,15.600000000,10410.840000000,10249.182000000,10202.550000000,46.626000000,161.658000000,80829,64.600000000,7.851052488,28.541922170,115.048942852,1.539093961,14.641168996,1.000000000
163,fixed_random_bfs,263571647,512,33,479,591,500,497,1,0.200000000,10410.840000000,10406.032000000,10405.352000000,0.674000000,4.808000000,2404,2.200000000,7.851052488,25.171302246,99.642227350,1.285292147,12.947402201,1.000000000
164,fixed_random_bfs,4494941197,512,37,475,770,500,497,0,0.000000000,10410.840000000,10361.434000000,10361.428000000,0.000000000,49.406000000,24703,15.200000000,7.851052488,31.675840842,130.397398750,1.706784529,16.335353190,1.000000000
165,history_hotspot_bfs,411014377,512,49,463,769,500,497,17,3.400000000,10410.840000000,10320.314000000,10309.158000000,11.150000000,90.526000000,45263,32.200000000,7.851052488,29.143519012,115.961871698,1.285741699,15.004949734,1.000000000
166,fixed_random_bfs,690429375,512,35,477,904,500,497,0,0.000000000,10410.840000000,10381.390000000,10381.384000000,0.000000000,29.450000000,14725,7.200000000,7.851052488,26.956325452,112.069011052,1.651006591,13.871383293,1.000000000
167,history_hotspot_bfs,7844486784,512,47,465,915,500,497,22,4.400000000,10410.840000000,10267.300000000,10245.706000000,21.588000000,143.540000000,71770,58.600000000,7.851052488,29.021978062,122.648212249,1.771430180,14.911638900,1.000000000
168,fixed_random_bfs,4567051360,512,26,486,256,500,497,8,1.600000000,10410.840000000,10358.176000000,10351.222000000,6.948000000,52.664000000,26332,17.600000000,7.851052488,26.921580976,111.741140700,1.613674948,13.849782835,1.000000000
169,history_hotspot_bfs,2486315108,512,48,464,1259,500,497,7,1.400000000,10410.840000000,10346.062000000,10339.796000000,6.260000000,64.778000000,32389,29.200000000,7.851052488,28.181358452,114.432018700,1.603058488,14.507378682,1.000000000
170,fixed_random_bfs,10287403210,512,23,489,117,500,497,1,0.200000000,10410.840000000,10394.446000000,10394.410000000,0.030000000,16.394000000,8197,5.200000000,7.851052488,26.452582620,111.080362749,1.543566279,13.626007068,1.000000000
171,fixed_random_bfs,1142607204,512,27,485,431,500,497,0,0.000000000,10410.840000000,10391.372000000,10391.366000000,0.000000000,19.468000000,9734,5.600000000,7.851052488,29.621362476,125.308973403,1.622508038,15.274418697,1.000000000
172,fixed_random_bfs,13607352237,512,9,503,72,500,497,0,0.000000000,10410.840000000,10410.840000000,10410.834000000,0.000000000,0.000000000,0,0.000000000,7.851052488,26.089809282,103.612264649,1.319417757,13.426720879,1.000000000
173,fixed_random_bfs,4537191947,512,34,478,817,500,497,0,0.000000000,10410.840000000,10402.194000000,10402.188000000,0.000000000,8.646000000,4323,3.000000000,7.851052488,31.744001494,134.878189901,1.423951661,16.370364617,1.000000000
174,fixed_random_bfs,6094371885,512,33,479,187,500,497,1,0.200000000,10410.840000000,10389.606000000,10388.874000000,0.726000000,21.234000000,10617,6.800000000,7.851052488,27.226338668,112.496211301,1.092918274,14.016788980,1.000000000
175,history_hotspot_bfs,2460613849,512,35,477,238,500,497,47,9.400000000,10410.840000000,10243.578000000,10218.780000000,24.792000000,167.262000000,83631,64.200000000,7.851052488,22.427874808,91.539201551,0.960519141,11.514996997,1.000000000
176,fixed_random_bfs,3521762542,512,28,484,61,500,497,0,0.000000000,10410.840000000,10392.236000000,10392.230000000,0.000000000,18.604000000,9302,17.400000000,7.851052488,27.210354534,116.500646150,1.177382348,14.018478083,1.000000000
177,fixed_random_bfs,12620869964,512,21,491,157,500,497,0,0.000000000,10410.840000000,10407.686000000,10407.680000000,0.000000000,3.154000000,1577,1.200000000,7.851052488,25.297285474,108.584811803,1.215234543,13.015565846,1.000000000
178,history_hotspot_bfs,5849847823,512,28,484,254,500,497,76,15.200000000,10410.840000000,10311.774000000,10263.516000000,48.252000000,99.066000000,49533,55.000000000,7.851052488,29.457377798,124.334027603,1.821543535,15.123759171,1.000000000
179,fixed_random_bfs,447872455,512,26,486,355,500,497,3,0.600000000,10410.840000000,10348.500000000,10345.782000000,2.712000000,62.340000000,31170,20.800000000,7.851052488,30.197944202,133.473246400,1.287837557,15.565341413,1.000000000
180,history_hotspot_bfs,3891282353,512,37,475,278,500,497,40,8.000000000,10410.840000000,10218.626000000,10191.006000000,27.614000000,192.214000000,96107,67.800000000,7.851052488,27.447534484,112.461318000,1.610789450,14.116005946,1.000000000
181,fixed_random_bfs,3693344689,512,27,485,115,500,497,0,0.000000000,10410.840000000,10370.318000000,10370.312000000,0.000000000,40.522000000,20261,26.000000000,7.851052488,27.107818730,113.304345603,1.180525822,13.957622807,1.000000000
182,history_hotspot_bfs,1471188701,512,41,471,493,500,497,15,3.000000000,10410.840000000,10296.934000000,10285.518000000,11.410000000,113.906000000,56953,43.400000000,7.851052488,26.951725486,111.942159250,1.196852151,13.875722465,1.000000000
183,fixed_random_bfs,11051941885,512,36,476,523,500,497,1,0.200000000,10410.840000000,10381.236000000,10380.320000000,0.910000000,29.604000000,14802,9.600000000,7.851052488,28.614474820,114.073220999,1.303903914,14.728989310,1.000000000
184,fixed_random_bfs,1199489266,512,29,483,513,500,497,1,0.200000000,10410.840000000,10389.746000000,10388.744000000,0.996000000,21.094000000,10547,7.600000000,7.851052488,25.409673986,109.419344600,0.985757294,13.067532829,1.000000000
185,fixed_random_bfs,1394057767,512,31,481,656,500,497,0,0.000000000,10410.840000000,10409.780000000,10409.774000000,0.000000000,1.060000000,530,0.800000000,7.851052488,28.355511902,111.241849850,1.205181316,14.602875333,1.000000000
186,history_hotspot_bfs,3387597051,512,32,480,260,500,497,98,19.600000000,10410.840000000,10280.172000000,10221.774000000,58.392000000,130.668000000,65334,60.200000000,7.851052488,26.928802348,109.941220201,1.180129580,13.820903369,1.000000000
187,fixed_random_bfs,2880419782,512,28,484,135,500,497,0,0.000000000,10410.840000000,10360.388000000,10360.382000000,0.000000000,50.452000000,25226,16.200000000,7.851052488,30.676695796,129.839389701,1.315626916,15.835650831,1.000000000
188,fixed_random_bfs,4530718094,512,35,477,801,500,497,1,0.200000000,10410.840000000,10406.682000000,10405.686000000,0.990000000,4.158000000,2079,1.800000000,7.851052488,29.315788052,120.094882051,1.286032911,15.097731602,1.000000000
189,fixed_random_bfs,5342861433,512,29,483,246,500,497,1,0.200000000,10410.840000000,10369.130000000,10368.260000000,0.864000000,41.710000000,20855,15.000000000,7.851052488,24.777538232,101.754177499,1.376783822,12.737492925,1.000000000
190,history_hotspot_bfs,3584513100,512,43,469,461,500,497,34,6.800000000,10410.840000000,10287.286000000,10268.678000000,18.602000000,123.554000000,61777,46.600000000,7.851052488,31.578211714,138.047056953,1.771831964,16.274694410,1.000000000
191,fixed_random_bfs,445028130,512,21,491,191,500,497,0,0.000000000,10410.840000000,10363.842000000,10363.836000000,0.000000000,46.998000000,23499,14.400000000,7.851052488,23.520155048,104.061901598,1.395854682,12.095364910,1.000000000
192,fixed_random_bfs,11016886026,512,22,490,217,500,497,5,1.000000000,10410.840000000,10317.444000000,10312.792000000,4.646000000,93.396000000,46698,26.200000000,7.851052488,28.410971450,113.670189000,1.298816163,14.634125807,1.000000000
193,fixed_random_bfs,1394437022,512,33,479,843,500,497,3,0.600000000,10410.840000000,10388.586000000,10385.544000000,3.036000000,22.254000000,11127,6.200000000,7.851052488,27.325548638,123.194659602,1.668123793,14.080550355,1.000000000
194,history_hotspot_bfs,1887601134,512,49,463,357,500,497,38,7.600000000,10410.840000000,10232.720000000,10212.198000000,20.516000000,178.120000000,89060,69.000000000,7.851052488,25.527477462,100.898963401,1.032909754,13.144304260,1.000000000
195,fixed_random_bfs,5284404374,512,35,477,324,500,497,29,5.800000000,10410.840000000,10258.804000000,10235.346000000,23.452000000,152.036000000,76018,55.400000000,7.851052488,32.065289808,132.281612151,1.841802910,16.548715391,1.000000000
196,history_hotspot_bfs,8001483703,512,44,468,313,500,497,44,8.800000000,10410.840000000,10210.678000000,10197.166000000,13.506000000,200.162000000,100081,67.600000000,7.851052488,26.848458576,110.269920899,1.756752499,13.808166734,1.000000000
197,fixed_random_bfs,11356410433,512,39,473,970,500,497,0,0.000000000,10410.840000000,10401.616000000,10401.610000000,0.000000000,9.224000000,4612,4.600000000,7.851052488,26.349109406,112.446538699,1.461212739,13.566527253,1.000000000
198,fixed_random_bfs,1235226279,512,14,498,123,500,497,0,0.000000000,10410.840000000,10406.730000000,10406.724000000,0.000000000,4.110000000,2055,1.400000000,7.851052488,28.064076626,115.554786801,1.276862581,14.459542124,1.000000000
199,fixed_random_bfs,1731221969,512,32,480,413,500,497,0,0.000000000,10410.840000000,10393.544000000,10393.538000000,0.000000000,17.296000000,8648,5.200000000,7.851052488,27.307526050,114.281387050,1.665573432,14.069478535,1.000000000
200,history_hotspot_bfs,8419301482,512,20,492,179,500,497,3,0.600000000,10410.840000000,10361.324000000,10358.582000000,2.736000000,49.516000000,24758,17.000000000,7.851052488,28.863004724,121.529152601,1.728026539,14.888356975,1.000000000
201,fixed_random_bfs,430137487,512,26,486,554,500,497,1,0.200000000,10410.840000000,10365.920000000,10364.906000000,1.008000000,44.920000000,22460,16.200000000,7.851052488,29.266742762,121.043534048,1.638480272,15.101524385,1.000000000
202,fixed_random_bfs,9370003055,512,31,481,762,500,497,0,0.000000000,10410.840000000,10409.968000000,10409.962000000,0.000000000,0.872000000,436,0.600000000,7.851052488,27.734667208,113.303248601,1.645585263,14.290532372,1.000000000
203,history_hotspot_bfs,1386063709,512,42,470,183,500,497,112,22.400000000,10410.840000000,10236.126000000,10191.206000000,44.914000000,174.714000000,87357,68.600000000,7.851052488,30.699354624,130.113905151,1.071477675,15.726411078,1.000000000
204,fixed_random_bfs,1586919528,512,17,495,240,500,497,0,0.000000000,10410.840000000,10407.994000000,10407.988000000,0.000000000,2.846000000,1423,1.000000000,7.851052488,26.126356502,101.769383450,1.001388205,13.446107344,1.000000000
205,fixed_random_bfs,1643296300,512,32,480,327,500,497,2,0.400000000,10410.840000000,10331.732000000,10329.882000000,1.844000000,79.108000000,39554,26.000000000,7.851052488,25.765257976,100.718575097,1.825234100,13.266142157,1.000000000
206,fixed_random_bfs,12607378904,512,30,482,584,500,497,0,0.000000000,10410.840000000,10402.522000000,10402.516000000,0.000000000,8.318000000,4159,2.400000000,7.851052488,27.827971584,112.923940750,1.490211877,14.342537353,1.000000000
207,fixed_random_bfs,1129574609,512,26,486,430,500,497,0,0.000000000,10410.840000000,10409.382000000,10409.376000000,0.000000000,1.458000000,729,0.800000000,7.851052488,26.761468704,106.138591151,1.614099276,13.788734577,1.000000000
208,fixed_random_bfs,12104117128,512,35,477,638,500,497,8,1.600000000,10410.840000000,10310.580000000,10303.726000000,6.848000000,100.260000000,50130,33.600000000,7.851052488,24.863155748,104.570761849,1.227873867,12.799189886,1.000000000
209,history_hotspot_bfs,4751660531,512,31,481,346,500,497,47,9.400000000,10410.840000000,10319.410000000,10278.682000000,40.722000000,91.430000000,45715,45.200000000,7.851052488,32.516843548,136.699955700,1.363666212,16.728665036,1.000000000
210,fixed_random_bfs,663859934,512,35,477,521,500,497,1,0.200000000,10410.840000000,10385.544000000,10384.610000000,0.928000000,25.296000000,12648,8.400000000,7.851052488,25.040879464,100.543127202,1.263127306,12.892669882,1.000000000
211,spatial_uniform_bfs,1314136474,512,19,493,188,500,497,0,0.000000000,10410.840000000,10408.824000000,10408.818000000,0.000000000,2.016000000,1008,0.800000000,7.851052488,24.997685782,97.671988650,1.330863832,12.863012300,1.000000000
212,fixed_random_bfs,497186080,512,29,483,355,500,497,4,0.800000000,10410.840000000,10361.030000000,10357.334000000,3.690000000,49.810000000,24905,20.000000000,7.851052488,30.071865258,133.118230747,1.247791730,15.464862584,1.000000000
213,history_hotspot_bfs,9927032103,512,52,460,774,500,497,28,5.600000000,10410.840000000,10282.770000000,10263.062000000,19.702000000,128.070000000,64035,58.200000000,7.851052488,27.505456860,117.150586150,1.660061822,14.154697350,1.000000000
214,fixed_random_bfs,1395608732,512,28,484,477,500,497,5,1.000000000,10410.840000000,10390.202000000,10385.466000000,4.730000000,20.638000000,10319,7.600000000,7.851052488,28.913468506,121.497746700,1.216464532,14.893553587,1.000000000
215,fixed_random_bfs,1670512124,512,44,468,1056,500,497,0,0.000000000,10410.840000000,10381.396000000,10381.390000000,0.000000000,29.444000000,14722,11.400000000,7.851052488,30.333582248,125.526062798,1.330113062,15.646229911,1.000000000
216,fixed_random_bfs,12147905037,512,33,479,327,500,497,33,6.600000000,10410.840000000,10255.160000000,10232.900000000,22.254000000,155.680000000,77840,56.800000000,7.851052488,30.094371032,132.327185000,1.193797169,15.504195561,1.000000000
217,fixed_random_bfs,13383897538,512,16,496,123,500,497,0,0.000000000,10410.840000000,10404.138000000,10404.132000000,0.000000000,6.702000000,3351,2.200000000,7.851052488,27.274021436,115.011282453,1.226167959,14.058685851,1.000000000
218,fixed_random_bfs,1328043463,512,35,477,1027,500,497,0,0.000000000,10410.840000000,10405.786000000,10405.780000000,0.000000000,5.054000000,2527,3.200000000,7.851052488,24.655645318,97.498320802,0.967282558,12.695402883,1.000000000
219,fixed_random_bfs,269524526,512,19,493,129,500,497,0,0.000000000,10410.840000000,10385.176000000,10385.170000000,0.000000000,25.664000000,12832,5.800000000,7.851052488,27.414523072,110.764853900,1.700626432,14.123313606,1.000000000
220,history_hotspot_bfs,2352440668,512,35,477,290,500,497,9,1.800000000,10410.840000000,10340.378000000,10334.630000000,5.742000000,70.462000000,35231,34.400000000,7.851052488,27.541280850,112.618962500,1.683057322,14.179696000,1.000000000
221,fixed_random_bfs,2234962250,512,15,497,97,500,497,0,0.000000000,10410.840000000,10374.930000000,10374.924000000,0.000000000,35.910000000,17955,12.000000000,7.851052488,29.430678288,122.923239100,1.288037894,15.182483386,1.000000000
222,fixed_random_bfs,1551007072,512,23,489,424,500,497,0,0.000000000,10410.840000000,10388.256000000,10388.250000000,0.000000000,22.584000000,11292,6.000000000,7.851052488,27.098152486,110.116637849,1.217235362,13.965291562,1.000000000
223,fixed_random_bfs,1548071002,512,24,488,384,500,497,0,0.000000000,10410.840000000,10384.730000000,10384.724000000,0.000000000,26.110000000,13055,7.200000000,7.851052488,27.185800226,111.100865848,1.470518073,14.014729451,1.000000000
224,fixed_random_bfs,3170890749,512,28,484,374,500,497,0,0.000000000,10410.840000000,10396.034000000,10396.028000000,0.000000000,14.806000000,7403,6.000000000,7.851052488,30.461277620,131.155678049,0.975805373,15.731500725,1.000000000
225,history_hotspot_bfs,474799738,512,42,470,561,500,497,14,2.800000000,10410.840000000,10288.122000000,10278.450000000,9.666000000,122.718000000,61359,49.400000000,7.851052488,30.825509070,127.807194101,1.315218119,15.895826943,1.000000000
226,fixed_random_bfs,450324047,512,20,492,308,500,497,0,0.000000000,10410.840000000,10399.506000000,10399.500000000,0.000000000,11.334000000,5667,4.600000000,7.851052488,24.560531592,100.516806450,1.471634714,12.652225856,1.000000000
227,fixed_random_bfs,8286473847,512,36,476,416,500,497,19,3.800000000,10410.840000000,10274.312000000,10259.766000000,14.540000000,136.528000000,68264,51.200000000,7.851052488,29.768846180,118.659420501,1.262891978,15.322156129,1.000000000
228,history_hotspot_bfs,10893691664,512,29,483,428,500,497,15,3.000000000,10410.840000000,10374.916000000,10361.352000000,13.558000000,35.924000000,17962,16.400000000,7.851052488,29.139387088,132.424322150,1.321315284,15.014504864,1.000000000
229,fixed_random_bfs,6768278301,512,26,486,601,500,497,0,0.000000000,10410.840000000,10409.910000000,10409.904000000,0.000000000,0.930000000,465,0.600000000,7.851052488,28.373041260,110.860674100,1.328140079,14.636693440,1.000000000
230,history_hotspot_bfs,11408632982,512,39,473,586,500,497,2,0.400000000,10410.840000000,10369.932000000,10368.066000000,1.860000000,40.908000000,20454,19.400000000,7.851052488,26.600089180,109.862201602,1.625782744,13.703595994,1.000000000
231,fixed_random_bfs,12738892067,512,29,483,473,500,497,0,0.000000000,10410.840000000,10407.420000000,10407.414000000,0.000000000,3.420000000,1710,1.400000000,7.851052488,24.514011990,106.168186202,1.275670506,12.610544519,1.000000000
232,history_hotspot_bfs,9038311250,512,47,465,411,500,497,36,7.200000000,10410.840000000,10286.420000000,10265.584000000,20.830000000,124.420000000,62210,49.200000000,7.851052488,26.614666682,112.896447650,1.704251487,13.695233108,1.000000000
233,fixed_random_bfs,13378671816,512,56,456,1518,500,497,4,0.800000000,10410.840000000,10352.754000000,10349.628000000,3.120000000,58.086000000,29043,29.600000000,7.851052488,27.083355122,114.090836600,1.696173798,13.953057396,1.000000000
234,fixed_random_bfs,411029266,512,43,469,473,500,497,6,1.200000000,10410.840000000,10328.786000000,10326.414000000,2.366000000,82.054000000,41027,43.400000000,7.851052488,26.121879236,107.329747900,1.666400934,13.458590117,1.000000000
235,fixed_random_bfs,3713963405,512,41,471,373,500,497,21,4.200000000,10410.840000000,10362.126000000,10351.460000000,10.660000000,48.714000000,24357,23.800000000,7.851052488,24.726090492,105.438292598,1.220466315,12.709202520,1.000000000
236,history_hotspot_bfs,8890136774,512,44,468,810,500,497,6,1.200000000,10410.840000000,10331.868000000,10328.126000000,3.736000000,78.972000000,39486,31.800000000,7.851052488,27.874644136,114.498937000,1.206432696,14.355451730,1.000000000
237,fixed_random_bfs,1112072959,512,24,488,443,500,497,1,0.200000000,10410.840000000,10393.864000000,10392.844000000,1.014000000,16.976000000,8488,4.600000000,7.851052488,26.599969214,114.219884600,1.684573915,13.718252508,1.000000000
238,fixed_random_bfs,4468932444,512,15,497,56,500,497,0,0.000000000,10410.840000000,10362.050000000,10362.044000000,0.000000000,48.790000000,24395,15.000000000,7.851052488,24.261350908,106.133606550,1.367021658,12.490974530,1.000000000
239,fixed_random_bfs,4486815102,512,33,479,252,500,497,10,2.000000000,10410.840000000,10339.036000000,10336.934000000,2.096000000,71.804000000,35902,28.000000000,7.851052488,26.639505506,108.533715301,1.194588100,13.727731163,1.000000000
240,history_hotspot_bfs,9311028462,512,39,473,325,500,497,16,3.200000000,10410.840000000,10288.174000000,10283.324000000,4.844000000,122.666000000,61333,44.000000000,7.851052488,27.526569718,114.429188950,1.394310215,14.161967505,1.000000000
241,fixed_random_bfs,114311905,512,27,485,121,500,497,0,0.000000000,10410.840000000,10355.324000000,10355.318000000,0.000000000,55.516000000,27758,26.800000000,7.851052488,29.223390628,119.584782098,1.831177327,15.047391724,1.000000000
242,history_hotspot_bfs,10908566370,512,48,464,876,500,497,14,2.800000000,10410.840000000,10334.846000000,10326.928000000,7.912000000,75.994000000,37997,28.400000000,7.851052488,25.098488564,105.890141900,1.466366095,12.910159623,1.000000000
243,fixed_random_bfs,436639181,512,31,481,411,500,497,0,0.000000000,10410.840000000,10376.610000000,10376.604000000,0.000000000,34.230000000,17115,11.800000000,7.851052488,31.612375278,130.783633848,1.321087745,16.325973587,1.000000000
244,fixed_random_bfs,1549684230,512,33,479,964,500,497,1,0.200000000,10410.840000000,10401.696000000,10400.672000000,1.018000000,9.144000000,4572,4.200000000,7.851052488,26.907989904,111.130694599,1.219023075,13.863132527,1.000000000
245,fixed_random_bfs,8417969984,512,22,490,132,500,497,2,0.400000000,10410.840000000,10339.014000000,10337.068000000,1.940000000,71.826000000,35913,20.600000000,7.851052488,28.180540378,112.004817901,1.353536685,14.533636035,1.000000000
246,history_hotspot_bfs,5306607712,512,33,479,231,500,497,15,3.000000000,10410.840000000,10365.228000000,10356.462000000,8.760000000,45.612000000,22806,17.000000000,7.851052488,23.548526880,98.015542052,1.274665216,12.089969180,1.000000000
247,fixed_random_bfs,10915038477,512,23,489,329,500,497,13,2.600000000,10410.840000000,10381.184000000,10368.338000000,12.840000000,29.656000000,14828,12.600000000,7.851052488,31.627966320,132.433779103,1.313272229,16.315113246,1.000000000
248,fixed_random_bfs,8899071813,512,33,479,426,500,497,1,0.200000000,10410.840000000,10322.092000000,10321.986000000,0.100000000,88.748000000,44374,26.800000000,7.851052488,26.451276464,111.634817352,1.213783321,13.626146743,1.000000000
249,history_hotspot_bfs,5297868242,512,43,469,353,500,497,7,1.400000000,10410.840000000,10351.952000000,10348.928000000,3.018000000,58.888000000,29444,22.400000000,7.851052488,29.962231392,124.098811151,1.277872031,15.437330045,1.000000000
250,fixed_random_bfs,2784646317,512,28,484,280,500,497,5,1.000000000,10410.840000000,10362.098000000,10358.212000000,3.880000000,48.742000000,24371,24.000000000,7.851052488,26.867822290,110.859832652,1.167534506,13.845857344,1.000000000
251,fixed_random_bfs,5306915839,512,32,480,238,500,497,5,1.000000000,10410.840000000,10341.412000000,10337.690000000,3.716000000,69.428000000,34714,27.200000000,7.851052488,23.707240728,90.690536901,1.236856750,12.195276737,1.000000000
252,history_hotspot_bfs,2485736711,512,36,476,625,500,497,4,0.800000000,10410.840000000,10334.076000000,10330.292000000,3.778000000,76.764000000,38382,28.200000000,7.851052488,29.187922670,129.485465600,1.285278731,15.053265118,1.000000000
253,fixed_random_bfs,5312307604,512,33,479,634,500,497,0,0.000000000,10410.840000000,10397.200000000,10397.194000000,0.000000000,13.640000000,6820,3.600000000,7.851052488,26.198624836,105.102396849,1.600639703,13.496766887,1.000000000
254,history_hotspot_bfs,4378185663,512,33,479,373,500,497,35,7.000000000,10410.840000000,10362.028000000,10343.126000000,18.896000000,48.812000000,24406,25.000000000,7.851052488,26.779195728,112.387751802,1.210519576,13.770356344,1.000000000
255,fixed_random_bfs,12488699245,512,33,479,101,500,497,1,0.200000000,10410.840000000,10404.588000000,10404.134000000,0.448000000,6.252000000,3126,4.400000000,7.851052488,28.552983814,115.999571648,1.577155868,14.721959899,1.000000000
256,history_hotspot_bfs,1788787471,512,40,472,640,500,497,4,0.800000000,10410.840000000,10336.080000000,10332.532000000,3.542000000,74.760000000,37380,26.600000000,7.851052488,27.048807500,108.485698198,0.924200458,13.936556140,1.000000000
257,fixed_random_bfs,4614461143,512,33,479,735,500,497,0,0.000000000,10410.840000000,10405.478000000,10405.472000000,0.000000000,5.362000000,2681,1.400000000,7.851052488,24.244720128,99.250688249,1.535887930,12.488867086,1.000000000
258,history_hotspot_bfs,8428802847,512,24,488,331,500,497,4,0.800000000,10410.840000000,10344.202000000,10340.680000000,3.516000000,66.638000000,33319,20.400000000,7.851052488,27.663065288,120.062214049,1.180556151,14.257032446,1.000000000
259,fixed_random_bfs,6491826629,512,22,490,196,500,497,2,0.400000000,10410.840000000,10387.356000000,10386.522000000,0.828000000,23.484000000,11742,8.600000000,7.851052488,25.505061618,103.817728701,1.006855509,13.132181742,1.000000000
260,fixed_random_bfs,1549685300,512,28,484,605,500,497,2,0.400000000,10410.840000000,10406.040000000,10404.070000000,1.964000000,4.800000000,2400,1.800000000,7.851052488,27.312281110,110.714008399,1.632036951,14.069931279,1.000000000
261,fixed_random_bfs,5284452813,512,47,465,341,500,497,33,6.600000000,10410.840000000,10282.610000000,10266.632000000,15.972000000,128.230000000,64115,47.400000000,7.851052488,31.701710354,135.795169100,1.510771112,16.348498151,1.000000000
262,fixed_random_bfs,4530718100,512,28,484,433,500,497,0,0.000000000,10410.840000000,10406.360000000,10406.354000000,0.000000000,4.480000000,2240,1.200000000,7.851052488,26.823066446,109.010971250,1.807426745,13.822798319,1.000000000
263,spatial_uniform_bfs,1314136684,512,40,472,1040,500,497,0,0.000000000,10410.840000000,10408.944000000,10408.938000000,0.000000000,1.896000000,948,0.600000000,7.851052488,27.367698012,117.482966550,1.744448230,14.126696940,1.000000000
264,fixed_random_bfs,3846238141,512,28,484,703,500,497,0,0.000000000,10410.840000000,10397.552000000,10397.546000000,0.000000000,13.288000000,6644,4.000000000,7.851052488,27.076235878,112.596114650,1.740999484,13.955619940,1.000000000
265,history_hotspot_bfs,349907649,512,38,474,299,500,497,20,4.000000000,10410.840000000,10246.896000000,10232.246000000,14.644000000,163.944000000,81972,61.600000000,7.851052488,31.382144868,135.310928048,1.831518146,16.200923932,1.000000000
266,fixed_random_bfs,302555501,512,27,485,48,500,497,0,0.000000000,10410.840000000,10392.300000000,10392.294000000,0.000000000,18.540000000,9270,23.200000000,7.851052488,22.876536880,91.586446051,0.989490974,11.766235515,1.000000000
267,history_hotspot_bfs,2208891067,512,45,467,254,500,497,93,18.600000000,10410.840000000,10225.336000000,10195.410000000,29.920000000,185.504000000,92752,66.000000000,7.851052488,31.097830532,133.054414350,1.777364347,15.952805902,1.000000000
268,spatial_uniform_bfs,1314137085,512,30,482,630,500,497,0,0.000000000,10410.840000000,10408.904000000,10408.898000000,0.000000000,1.936000000,968,0.600000000,7.851052488,26.807297730,111.805517950,1.206628810,13.814680829,1.000000000
269,fixed_random_bfs,1518839901,512,21,491,301,500,497,0,0.000000000,10410.840000000,10410.462000000,10410.456000000,0.000000000,0.378000000,189,0.600000000,7.851052488,26.872992110,111.541834348,1.629676732,13.851082181,1.000000000
270,fixed_random_bfs,1316576236,512,25,487,444,500,497,0,0.000000000,10410.840000000,10397.388000000,10397.382000000,0.000000000,13.452000000,6726,6.400000000,7.851052488,25.502714976,114.354166650,1.333031558,13.118213262,1.000000000
271,history_hotspot_bfs,10836137940,512,34,478,356,500,497,38,7.600000000,10410.840000000,10257.836000000,10228.744000000,29.086000000,153.004000000,76502,59.200000000,7.851052488,22.532339450,89.430901552,1.045654565,11.566567112,1.000000000
272,fixed_random_bfs,12381066520,512,27,485,269,500,497,27,5.400000000,10410.840000000,10274.908000000,10262.100000000,12.802000000,135.932000000,67966,54.000000000,7.851052488,31.445063444,134.399705148,1.298608469,16.217495024,1.000000000
273,history_hotspot_bfs,475548529,512,32,480,115,500,497,74,14.800000000,10410.840000000,10246.702000000,10203.738000000,42.958000000,164.138000000,82069,63.800000000,7.851052488,28.796502420,117.908904749,1.795876274,14.758993300,1.000000000
274,fixed_random_bfs,655308589,512,25,487,366,500,497,0,0.000000000,10410.840000000,10385.058000000,10385.052000000,0.000000000,25.782000000,12891,5.800000000,7.851052488,24.945178880,98.316759349,1.395532969,12.829832815,1.000000000
275,spatial_uniform_bfs,1314136755,512,29,483,629,500,497,0,0.000000000,10410.840000000,10408.860000000,10408.854000000,0.000000000,1.980000000,990,1.000000000,7.851052488,29.050267814,121.563562099,1.606914607,14.984843741,1.000000000
276,fixed_random_bfs,10278952219,512,15,497,170,500,497,0,0.000000000,10410.840000000,10410.244000000,10410.238000000,0.000000000,0.596000000,298,0.200000000,7.851052488,27.035959488,112.792695251,1.179505068,13.931996771,1.000000000
277,history_hotspot_bfs,8286473844,512,31,481,314,500,497,34,6.800000000,10410.840000000,10251.760000000,10230.932000000,20.822000000,159.080000000,79540,57.800000000,7.851052488,24.897369612,99.955176051,1.297350771,12.800151334,1.000000000
278,fixed_random_bfs,1321499723,512,41,471,1446,500,497,0,0.000000000,10410.840000000,10400.608000000,10400.602000000,0.000000000,10.232000000,5116,3.600000000,7.851052488,26.714464896,111.255919452,1.210475785,13.768949414,1.000000000
279,fixed_random_bfs,1687477804,512,28,484,388,500,497,0,0.000000000,10410.840000000,10393.528000000,10393.522000000,0.000000000,17.312000000,8656,5.400000000,7.851052488,24.212577848,99.885265200,1.201098950,12.467833319,1.000000000
280,fixed_random_bfs,1173425139,512,28,484,407,500,497,1,0.200000000,10410.840000000,10405.556000000,10404.558000000,0.992000000,5.284000000,2642,1.200000000,7.851052488,27.045965600,112.379331548,1.207036970,13.941779631,1.000000000
281,fixed_random_bfs,3170147746,512,32,480,681,500,497,0,0.000000000,10410.840000000,10409.520000000,10409.514000000,0.000000000,1.320000000,660,1.000000000,7.851052488,27.787414498,112.158330500,1.291966657,14.334284652,1.000000000
282,spatial_uniform_bfs,1327633116,512,35,477,935,500,497,0,0.000000000,10410.840000000,10408.826000000,10408.820000000,0.000000000,2.014000000,1007,1.000000000,7.851052488,31.871722956,131.897778248,1.292175067,16.452874560,1.000000000
283,history_hotspot_bfs,2352569141,512,44,468,390,500,497,34,6.800000000,10410.840000000,10226.498000000,10203.622000000,22.870000000,184.342000000,92171,66.800000000,7.851052488,29.744912292,126.622938049,1.328309026,15.320149083,1.000000000
284,fixed_random_bfs,12199379540,512,29,483,703,500,497,1,0.200000000,10410.840000000,10397.534000000,10396.518000000,1.010000000,13.306000000,6653,3.800000000,7.851052488,28.296181872,112.406242501,1.714649092,14.584647275,1.000000000
285,fixed_random_bfs,12763312047,512,18,494,126,500,497,0,0.000000000,10410.840000000,10404.836000000,10404.830000000,0.000000000,6.004000000,3002,2.600000000,7.851052488,26.789249336,109.229824500,1.649716239,13.807860831,1.000000000
286,fixed_random_bfs,4463691469,512,32,480,365,500,497,1,0.200000000,10410.840000000,10356.474000000,10355.532000000,0.936000000,54.366000000,27183,17.800000000,7.851052488,23.581986174,96.464321750,1.093016845,12.139325327,1.000000000
287,history_hotspot_bfs,11364764224,512,36,476,456,500,497,2,0.400000000,10410.840000000,10331.784000000,10329.950000000,1.828000000,79.056000000,39528,26.400000000,7.851052488,26.665312012,110.347167451,1.185674907,13.745966475,1.000000000
288,fixed_random_bfs,3740426718,512,22,490,145,500,497,1,0.200000000,10410.840000000,10382.554000000,10381.674000000,0.874000000,28.286000000,14143,8.400000000,7.851052488,23.531825482,91.743424549,0.987511808,12.121923267,1.000000000
289,fixed_random_bfs,334351549,512,49,463,1503,500,497,1,0.200000000,10410.840000000,10389.768000000,10389.738000000,0.024000000,21.072000000,10536,10.600000000,7.851052488,27.406807974,114.927793198,1.200100153,14.123367700,1.000000000
290,history_hotspot_bfs,2208891198,512,30,482,182,500,497,74,14.800000000,10410.840000000,10230.716000000,10199.330000000,31.380000000,180.124000000,90062,63.600000000,7.851052488,26.748893148,119.609526350,1.650690810,13.725528185,1.000000000
291,fixed_random_bfs,5480154815,512,28,484,510,500,497,1,0.200000000,10410.840000000,10404.418000000,10403.432000000,0.980000000,6.422000000,3211,1.800000000,7.851052488,32.006083090,131.859585101,1.288486496,16.525542604,1.000000000
292,history_hotspot_bfs,3457190272,512,18,494,99,500,497,87,17.400000000,10410.840000000,10268.444000000,10213.524000000,54.914000000,142.396000000,71198,58.400000000,7.851052488,27.526268676,108.863896951,0.958315440,14.161097000,1.000000000
293,fixed_random_bfs,4380997598,512,39,473,675,500,497,2,0.400000000,10410.840000000,10374.438000000,10373.530000000,0.902000000,36.402000000,18201,13.200000000,7.851052488,29.385984782,120.992523101,1.823705384,15.142529359,1.000000000
294,fixed_random_bfs,12638692522,512,35,477,606,500,497,0,0.000000000,10410.840000000,10403.212000000,10403.206000000,0.000000000,7.628000000,3814,2.600000000,7.851052488,27.489974156,113.175459401,1.648540940,14.157847003,1.000000000
295,fixed_random_bfs,12776717241,512,39,473,1342,500,497,0,0.000000000,10410.840000000,10400.152000000,10400.146000000,0.000000000,10.688000000,5344,4.800000000,7.851052488,27.115244690,114.412830150,1.643674651,13.977042495,1.000000000
296,history_hotspot_bfs,112675709,512,34,478,325,500,497,34,6.800000000,10410.840000000,10270.964000000,10241.868000000,29.090000000,139.876000000,69938,52.400000000,7.851052488,26.978927666,111.483008401,1.634653202,13.894111065,1.000000000
297,fixed_random_bfs,2292618090,512,30,482,470,500,497,1,0.200000000,10410.840000000,10385.670000000,10385.664000000,0.000000000,25.170000000,12585,10.200000000,7.851052488,25.037259320,103.127467702,1.849267792,12.887255109,1.000000000
298,spatial_uniform_bfs,1145528636,512,29,483,582,500,497,0,0.000000000,10410.840000000,10408.908000000,10408.902000000,0.000000000,1.932000000,966,0.400000000,7.851052488,25.085370380,102.857516801,1.798072943,12.908221918,1.000000000
299,history_hotspot_bfs,257735446,512,29,483,309,500,497,4,0.800000000,10410.840000000,10347.632000000,10344.174000000,3.452000000,63.208000000,31604,23.600000000,7.851052488,25.031622322,108.421679800,1.236802748,12.877914639,1.000000000
300,fixed_random_bfs,1520363691,512,28,484,555,500,497,0,0.000000000,10410.840000000,10402.556000000,10402.550000000,0.000000000,8.284000000,4142,3.200000000,7.851052488,26.883492318,113.434165551,1.719689113,13.854896917,1.000000000
301,history_hotspot_bfs,314043975,512,34,478,384,500,497,6,1.200000000,10410.840000000,10325.006000000,10322.340000000,2.660000000,85.834000000,42917,29.800000000,7.851052488,29.664099874,128.270813102,1.742122087,15.297915493,1.000000000
302,fixed_random_bfs,13414122103,512,25,487,103,500,497,0,0.000000000,10410.840000000,10410.116000000,10410.110000000,0.000000000,0.724000000,362,0.600000000,7.851052488,32.013058678,129.252483201,1.817904894,16.527659110,1.000000000
303,history_hotspot_bfs,2247371503,512,33,479,198,500,497,96,19.200000000,10410.840000000,10253.608000000,10194.878000000,58.724000000,157.232000000,78616,62.400000000,7.851052488,25.691565648,104.696261053,1.234114395,13.147260558,1.000000000
304,fixed_random_bfs,7678759766,512,37,475,1158,500,497,1,0.200000000,10410.840000000,10403.108000000,10402.118000000,0.984000000,7.732000000,3866,4.000000000,7.851052488,29.782124122,115.234625149,1.696054333,15.345788129,1.000000000
305,fixed_random_bfs,4604361990,512,27,485,136,500,497,3,0.600000000,10410.840000000,10362.752000000,10360.194000000,2.552000000,48.088000000,24044,15.400000000,7.851052488,29.269905304,126.566591251,1.828400809,15.093182540,1.000000000
306,spatial_uniform_bfs,1710086814,512,27,485,556,500,497,0,0.000000000,10410.840000000,10408.854000000,10408.848000000,0.000000000,1.986000000,993,1.000000000,7.851052488,27.474694126,113.837379398,1.204815461,14.167313572,1.000000000
307,fixed_random_bfs,2084091574,512,41,471,667,500,497,8,1.600000000,10410.840000000,10320.296000000,10315.786000000,4.504000000,90.544000000,45272,37.400000000,7.851052488,26.662875132,111.822717449,1.241701213,13.727388823,1.000000000
308,history_hotspot_bfs,9313283595,512,43,469,540,500,497,57,11.400000000,10410.840000000,10267.664000000,10219.660000000,47.998000000,143.176000000,71588,57.800000000,7.851052488,27.039896696,116.276572647,1.231940063,13.907816391,1.000000000
309,fixed_random_bfs,12556413525,512,18,494,199,500,497,0,0.000000000,10410.840000000,10398.732000000,10398.726000000,0.000000000,12.108000000,6054,4.600000000,7.851052488,32.154560312,133.619179549,1.778496913,16.611491913,1.000000000
310,history_hotspot_bfs,138244793,512,50,462,755,500,497,15,3.000000000,10410.840000000,10257.350000000,10244.776000000,12.568000000,153.490000000,76745,57.000000000,7.851052488,29.252156744,119.681169049,1.351821396,15.084335334,1.000000000
311,fixed_random_bfs,1173497322,512,25,487,237,500,497,1,0.200000000,10410.840000000,10403.992000000,10403.056000000,0.930000000,6.848000000,3424,2.000000000,7.851052488,27.025914128,112.011867848,1.189193812,13.928109528,1.000000000
312,history_hotspot_bfs,5051671040,512,36,476,292,500,497,21,4.200000000,10410.840000000,10332.954000000,10316.702000000,16.246000000,77.886000000,38943,35.800000000,7.851052488,24.426275154,96.660294302,1.004950405,12.558465472,1.000000000
313,fixed_random_bfs,5585575940,512,23,489,194,500,497,1,0.200000000,10410.840000000,10389.728000000,10388.818000000,0.904000000,21.112000000,10556,6.600000000,7.851052488,27.332603132,111.533121602,1.191228753,14.085944421,1.000000000
314,fixed_random_bfs,11364764644,512,29,483,315,500,497,2,0.400000000,10410.840000000,10381.636000000,10380.620000000,1.010000000,29.204000000,14602,14.400000000,7.851052488,25.371472976,97.539451951,0.929369413,13.060762440,1.000000000
315,history_hotspot_bfs,8091600917,512,54,458,817,500,497,11,2.200000000,10410.840000000,10313.308000000,10306.578000000,6.724000000,97.532000000,48766,44.200000000,7.851052488,23.274403220,98.580912701,1.282469838,11.963051446,1.000000000
316,fixed_random_bfs,663694616,512,43,469,944,500,497,1,0.200000000,10410.840000000,10378.596000000,10377.650000000,0.940000000,32.244000000,16122,10.400000000,7.851052488,30.821251588,128.845952700,1.872664217,15.887923685,1.000000000
317,history_hotspot_bfs,12144320142,512,26,486,228,500,497,8,1.600000000,10410.840000000,10307.740000000,10303.892000000,3.842000000,103.100000000,51550,39.000000000,7.851052488,26.894471348,113.097527499,1.195305101,13.860151889,1.000000000
318,fixed_random_bfs,6412501106,512,33,479,328,500,497,4,0.800000000,10410.840000000,10300.794000000,10297.996000000,2.792000000,110.046000000,55023,43.200000000,7.851052488,29.913476534,123.547677352,1.264223588,15.450553379,1.000000000
319,history_hotspot_bfs,479236074,512,41,471,937,500,497,25,5.000000000,10410.840000000,10317.136000000,10291.836000000,25.294000000,93.704000000,46852,35.800000000,7.851052488,23.253864242,101.654394299,1.145295564,11.959868160,1.000000000
320,fixed_random_bfs,5476746043,512,21,491,155,500,497,0,0.000000000,10410.840000000,10380.236000000,10380.230000000,0.000000000,30.604000000,15302,8.800000000,7.851052488,31.798477880,131.777448402,1.305280564,16.420589966,1.000000000
321,fixed_random_bfs,1146570420,512,32,480,570,500,497,1,0.200000000,10410.840000000,10390.054000000,10390.004000000,0.044000000,20.786000000,10393,7.600000000,7.851052488,22.781987708,95.847799753,1.369838249,11.728533858,1.000000000
322,fixed_random_bfs,5305836816,512,39,473,357,500,497,8,1.600000000,10410.840000000,10283.788000000,10278.614000000,5.168000000,127.052000000,63526,48.800000000,7.851052488,27.936209576,117.672775599,1.326416111,14.389239570,1.000000000
323,fixed_random_bfs,1322651089,512,26,486,426,500,497,1,0.200000000,10410.840000000,10394.282000000,10393.284000000,0.992000000,16.558000000,8279,5.400000000,7.851052488,26.821320380,110.764193750,1.181372196,13.823611382,1.000000000
324,history_hotspot_bfs,8390290965,512,31,481,287,500,497,5,1.000000000,10410.840000000,10294.386000000,10292.792000000,1.588000000,116.454000000,58227,39.800000000,7.851052488,26.674401398,109.293253698,1.672185877,13.745999854,1.000000000
325,fixed_random_bfs,12500423892,512,19,493,273,500,497,0,0.000000000,10410.840000000,10404.142000000,10404.136000000,0.000000000,6.698000000,3349,2.800000000,7.851052488,26.362996948,111.423153650,1.571714306,13.562201144,1.000000000
326,fixed_random_bfs,1132441774,512,26,486,316,500,497,0,0.000000000,10410.840000000,10381.024000000,10381.018000000,0.000000000,29.816000000,14908,12.400000000,7.851052488,26.687695992,111.523816952,1.671945925,13.760272819,1.000000000
327,history_hotspot_bfs,12458783069,512,40,472,320,500,497,95,19.000000000,10410.840000000,10251.314000000,10186.040000000,65.268000000,159.526000000,79763,62.600000000,7.851052488,31.472557474,131.307179751,1.824029506,16.160108551,1.000000000
328,spatial_uniform_bfs,1263990332,512,34,478,992,500,497,2,0.400000000,10410.840000000,10409.522000000,10407.468000000,2.048000000,1.318000000,659,2.000000000,7.851052488,27.023493660,114.591775102,1.724112240,13.926246403,1.000000000
329,fixed_random_bfs,13325012925,512,20,492,323,500,497,0,0.000000000,10410.840000000,10401.824000000,10401.818000000,0.000000000,9.016000000,4508,4.000000000,7.851052488,26.942788840,117.462962501,1.678554053,13.882383386,1.000000000
330,fixed_random_bfs,1640849907,512,28,484,359,500,497,0,0.000000000,10410.840000000,10406.318000000,10406.312000000,0.000000000,4.522000000,2261,1.800000000,7.851052488,23.576568382,98.554527152,0.990483018,12.134165470,1.000000000
331,history_hotspot_bfs,2245520806,512,41,471,297,500,497,96,19.200000000,10410.840000000,10236.476000000,10190.536000000,45.934000000,174.364000000,87182,64.800000000,7.851052488,31.550370206,132.005331500,1.261331063,16.186494357,1.000000000
332,fixed_random_bfs,90380150,512,30,482,357,500,497,15,3.000000000,10410.840000000,10373.246000000,10359.268000000,13.972000000,37.594000000,18797,16.200000000,7.851052488,26.758557250,112.238923252,1.620253078,13.773244501,1.000000000
333,fixed_random_bfs,2069959804,512,46,466,400,500,497,5,1.000000000,10410.840000000,10356.022000000,10354.468000000,1.548000000,54.818000000,27409,22.000000000,7.851052488,22.115759122,98.404389098,1.297792012,11.374850192,1.000000000
334,fixed_random_bfs,138194386,512,48,464,534,500,497,26,5.200000000,10410.840000000,10273.686000000,10260.302000000,13.378000000,137.154000000,68577,57.600000000,7.851052488,26.341003840,115.316931648,1.201898930,13.548322904,1.000000000
335,history_hotspot_bfs,10676507084,512,31,481,172,500,497,85,17.000000000,10410.840000000,10237.758000000,10187.222000000,50.530000000,173.082000000,86541,67.000000000,7.851052488,24.716853110,100.259973250,0.999367773,12.653216285,1.000000000
336,fixed_random_bfs,1132441706,512,41,471,666,500,497,0,0.000000000,10410.840000000,10376.510000000,10376.504000000,0.000000000,34.330000000,17165,11.600000000,7.851052488,30.940340132,133.097207551,1.671598987,15.976241535,1.000000000
337,fixed_random_bfs,416007742,512,41,471,385,500,497,8,1.600000000,10410.840000000,10300.750000000,10294.134000000,6.610000000,110.090000000,55045,50.200000000,7.851052488,31.712084686,132.303031850,1.778171468,16.366018208,1.000000000
338,history_hotspot_bfs,1143318838,512,23,489,117,500,497,0,0.000000000,10410.840000000,10380.000000000,10379.994000000,0.000000000,30.840000000,15420,15.800000000,7.851052488,27.159998488,115.775457401,1.703312377,13.991233420,1.000000000
339,fixed_random_bfs,549517209,512,30,482,606,500,497,0,0.000000000,10410.840000000,10403.316000000,10403.310000000,0.000000000,7.524000000,3762,3.600000000,7.851052488,25.178223050,109.972167199,1.629608147,12.968773517,1.000000000
340,fixed_random_bfs,1142605856,512,19,493,150,500,497,19,3.800000000,10410.840000000,10341.218000000,10322.556000000,18.656000000,69.622000000,34811,36.800000000,7.851052488,23.356011982,94.904563098,0.977525959,12.011705885,1.000000000
341,fixed_random_bfs,1518839266,512,33,479,842,500,497,0,0.000000000,10410.840000000,10409.966000000,10409.960000000,0.000000000,0.874000000,437,1.000000000,7.851052488,27.111031650,114.945036851,1.242795767,13.972621784,1.000000000
342,fixed_random_bfs,4722621789,512,30,482,537,500,497,0,0.000000000,10410.840000000,10404.366000000,10404.360000000,0.000000000,6.474000000,3237,1.600000000,7.851052488,26.912706506,112.224935798,1.195973917,13.871381177,1.000000000
343,history_hotspot_bfs,5265682885,512,35,477,341,500,497,14,2.800000000,10410.840000000,10284.056000000,10275.584000000,8.466000000,126.784000000,63392,48.800000000,7.851052488,23.658004888,101.807483598,1.803014402,12.173653663,1.000000000
344,fixed_random_bfs,3241140550,512,45,467,1168,500,497,3,0.600000000,10410.840000000,10365.392000000,10362.650000000,2.736000000,45.448000000,22724,16.600000000,7.851052488,27.220542012,112.679988600,1.208377674,14.020028683,1.000000000
345,fixed_random_bfs,9470660049,512,27,485,218,500,497,59,11.800000000,10410.840000000,10236.192000000,10205.292000000,30.894000000,174.648000000,87324,61.400000000,7.851052488,26.954057710,112.431780351,1.172971709,13.840568328,1.000000000
346,history_hotspot_bfs,12456240969,512,42,470,424,500,497,86,17.200000000,10410.840000000,10236.262000000,10186.220000000,50.036000000,174.578000000,87289,68.000000000,7.851052488,27.666044820,113.203042351,1.271794010,14.180262576,1.000000000
347,history_hotspot_bfs,12533949437,512,44,468,450,500,497,33,6.600000000,10410.840000000,10264.132000000,10246.504000000,17.622000000,146.708000000,73354,65.600000000,7.851052488,30.092800630,122.595580699,1.054608220,15.502110119,1.000000000
348,fixed_random_bfs,12356963034,512,37,475,697,500,497,0,0.000000000,10410.840000000,10383.528000000,10383.522000000,0.000000000,27.312000000,13656,12.600000000,7.851052488,31.053190148,134.635452950,1.696859316,16.034021105,1.000000000
349,history_hotspot_bfs,25632225,512,38,474,323,500,497,48,9.600000000,10410.840000000,10241.708000000,10220.086000000,21.616000000,169.132000000,84566,67.800000000,7.851052488,26.778493714,113.770341499,1.210960168,13.777796130,1.000000000
350,fixed_random_bfs,2249891220,512,23,489,382,500,497,0,0.000000000,10410.840000000,10409.696000000,10409.690000000,0.000000000,1.144000000,572,0.800000000,7.851052488,27.103691536,113.212865298,1.635273537,13.970836217,1.000000000
351,fixed_random_bfs,430284809,512,38,474,505,500,497,1,0.200000000,10410.840000000,10352.122000000,10351.246000000,0.870000000,58.718000000,29359,24.400000000,7.851052488,25.960327818,114.704684451,1.483006767,13.369711686,1.000000000
352,history_hotspot_bfs,343634578,512,34,478,360,500,497,18,3.600000000,10410.840000000,10307.920000000,10294.130000000,13.784000000,102.920000000,51460,36.000000000,7.851052488,30.813365244,128.101194650,1.360869544,15.902912282,1.000000000
353,fixed_random_bfs,4695525107,512,43,469,419,500,497,23,4.600000000,10410.840000000,10290.884000000,10281.384000000,9.494000000,119.956000000,59978,42.600000000,7.851052488,26.450092496,107.381603550,0.981774676,13.607724814,1.000000000
354,fixed_random_bfs,1382334098,512,18,494,168,500,497,0,0.000000000,10410.840000000,10406.894000000,10406.888000000,0.000000000,3.946000000,1973,1.400000000,7.851052488,23.393297204,100.258165198,0.941246212,12.037199703,1.000000000
355,fixed_random_bfs,292621928,512,24,488,194,500,497,0,0.000000000,10410.840000000,10406.092000000,10406.086000000,0.000000000,4.748000000,2374,1.400000000,7.851052488,24.245267798,101.869544750,1.789091855,12.474232413,1.000000000
356,history_hotspot_bfs,1874214575,512,45,467,252,500,497,86,17.200000000,10410.840000000,10247.110000000,10218.934000000,28.170000000,163.730000000,81865,69.600000000,7.851052488,29.659296762,123.377181503,1.049310742,15.253747896,1.000000000
357,fixed_random_bfs,2234754150,512,22,490,99,500,497,2,0.400000000,10410.840000000,10357.128000000,10355.528000000,1.594000000,53.712000000,26856,18.600000000,7.851052488,31.694415698,134.827237150,1.334042495,16.367607039,1.000000000
358,history_hotspot_bfs,2486324318,512,22,490,192,500,497,2,0.400000000,10410.840000000,10389.674000000,10387.876000000,1.792000000,21.166000000,10583,6.400000000,7.851052488,29.706455852,119.604054552,1.344586516,15.312975651,1.000000000
359,fixed_random_bfs,3740426766,512,18,494,98,500,497,1,0.200000000,10410.840000000,10379.556000000,10378.946000000,0.604000000,31.284000000,15642,17.200000000,7.851052488,26.949206948,113.367592801,1.574099274,13.883940652,1.000000000
360,spatial_uniform_bfs,1710076775,512,20,492,325,500,497,0,0.000000000,10410.840000000,10408.872000000,10408.866000000,0.000000000,1.968000000,984,0.400000000,7.851052488,27.829152528,117.919834751,1.642843921,14.356960991,1.000000000
361,fixed_random_bfs,1436987832,512,34,478,735,500,497,0,0.000000000,10410.840000000,10381.368000000,10381.362000000,0.000000000,29.472000000,14736,7.200000000,7.851052488,27.192019740,114.194961098,1.650820918,14.020623022,1.000000000
362,spatial_uniform_bfs,6495460975,512,30,482,655,500,497,0,0.000000000,10410.840000000,10408.864000000,10408.858000000,0.000000000,1.976000000,988,1.000000000,7.851052488,29.743764402,117.090503499,1.802888198,15.327572117,1.000000000
363,fixed_random_bfs,8404931953,512,31,481,202,500,497,5,1.000000000,10410.840000000,10316.862000000,10314.850000000,2.006000000,93.978000000,46989,31.400000000,7.851052488,28.031482442,118.067571949,1.616883415,14.424191472,1.000000000
364,fixed_random_bfs,8934385544,512,25,487,465,500,497,1,0.200000000,10410.840000000,10394.376000000,10394.336000000,0.034000000,16.464000000,8232,4.600000000,7.851052488,26.544040534,111.910407748,1.696188552,13.675262160,1.000000000
365,fixed_random_bfs,11231050475,512,36,476,349,500,497,25,5.000000000,10410.840000000,10278.258000000,10272.622000000,5.630000000,132.582000000,66291,49.600000000,7.851052488,24.834813896,94.978229099,1.017657230,12.775782498,1.000000000
366,fixed_random_bfs,12459721417,512,25,487,196,500,497,1,0.200000000,10410.840000000,10403.770000000,10402.966000000,0.798000000,7.070000000,3535,4.400000000,7.851052488,26.987893872,108.628493648,1.179660166,13.912797191,1.000000000
367,history_hotspot_bfs,1487179451,512,29,483,413,500,497,8,1.600000000,10410.840000000,10309.508000000,10301.880000000,7.622000000,101.332000000,50666,32.400000000,7.851052488,29.445139934,123.274849397,1.183807664,15.178836187,1.000000000
368,fixed_random_bfs,13392871940,512,26,486,465,500,497,0,0.000000000,10410.840000000,10409.256000000,10409.250000000,0.000000000,1.584000000,792,0.600000000,7.851052488,23.803412012,101.844844000,1.291780139,12.245473110,1.000000000
369,fixed_random_bfs,4751793237,512,36,476,367,500,497,9,1.800000000,10410.840000000,10345.922000000,10341.786000000,4.130000000,64.918000000,32459,24.200000000,7.851052488,25.411294512,101.624245447,1.333031148,13.069342017,1.000000000
370,fixed_random_bfs,8376102990,512,24,488,314,500,497,3,0.600000000,10410.840000000,10354.626000000,10352.800000000,1.820000000,56.214000000,28107,24.400000000,7.851052488,27.770080538,113.345571850,1.036171700,14.317788914,1.000000000
371,history_hotspot_bfs,4356494336,512,36,476,261,500,497,50,10.000000000,10410.840000000,10225.808000000,10188.212000000,37.590000000,185.032000000,92516,66.400000000,7.851052488,25.847955478,114.094887447,1.249859394,13.305585907,1.000000000
372,fixed_random_bfs,279907320,512,26,486,199,500,497,0,0.000000000,10410.840000000,10386.280000000,10386.274000000,0.000000000,24.560000000,12280,6.600000000,7.851052488,26.971066064,112.346829100,1.731494258,13.898605495,1.000000000
373,fixed_random_bfs,1148228194,512,29,483,410,500,497,0,0.000000000,10410.840000000,10401.966000000,10401.960000000,0.000000000,8.874000000,4437,4.000000000,7.851052488,24.243151804,103.600915951,1.423350851,12.483208872,1.000000000
374,fixed_random_bfs,9654063954,512,26,486,650,500,497,0,0.000000000,10410.840000000,10407.296000000,10407.290000000,0.000000000,3.544000000,1772,1.800000000,7.851052488,31.723603648,129.836689099,1.206771100,16.386726175,1.000000000
375,fixed_random_bfs,3740426594,512,22,490,154,500,497,0,0.000000000,10410.840000000,10379.126000000,10379.120000000,0.000000000,31.714000000,15857,16.400000000,7.851052488,31.379903718,131.158492251,1.726532892,16.193789329,1.000000000
376,history_hotspot_bfs,2208476289,512,44,468,238,500,497,76,15.200000000,10410.840000000,10230.362000000,10205.338000000,25.018000000,180.478000000,90239,65.800000000,7.851052488,26.930108324,112.056839301,1.187706228,13.813977383,1.000000000
377,fixed_random_bfs,1143318691,512,29,483,402,500,497,2,0.400000000,10410.840000000,10384.256000000,10384.214000000,0.036000000,26.584000000,13292,8.400000000,7.851052488,25.785867414,103.753305999,1.239427252,13.289336743,1.000000000
378,history_hotspot_bfs,3391597643,512,20,492,148,500,497,51,10.200000000,10410.840000000,10282.482000000,10235.670000000,46.806000000,128.358000000,64179,53.600000000,7.851052488,27.188955810,113.466111350,1.679350905,13.983250855,1.000000000
379,fixed_random_bfs,12040748775,512,32,480,515,500,497,0,0.000000000,10410.840000000,10404.286000000,10404.280000000,0.000000000,6.554000000,3277,1.600000000,7.851052488,28.461152092,116.072175599,1.350707392,14.673454327,1.000000000
380,fixed_random_bfs,292622775,512,19,493,126,500,497,0,0.000000000,10410.840000000,10399.534000000,10399.528000000,0.000000000,11.306000000,5653,5.200000000,7.851052488,23.779392858,98.603012551,1.134292180,12.225214094,1.000000000
381,fixed_random_bfs,13031943608,512,27,485,556,500,497,0,0.000000000,10410.840000000,10407.286000000,10407.280000000,0.000000000,3.554000000,1777,1.400000000,7.851052488,27.139367690,115.460099250,1.254705327,13.977353642,1.000000000
382,spatial_uniform_bfs,1227826159,512,27,485,536,500,497,0,0.000000000,10410.840000000,10408.888000000,10408.882000000,0.000000000,1.952000000,976,0.800000000,7.851052488,26.909634000,110.924563250,1.613305575,13.872607891,1.000000000
383,fixed_random_bfs,4488861353,512,39,473,1482,500,497,0,0.000000000,10410.840000000,10399.228000000,10399.222000000,0.000000000,11.612000000,5806,4.600000000,7.851052488,27.954783934,114.617448949,1.293381653,14.403542678,1.000000000
384,history_hotspot_bfs,12456064581,512,42,470,354,500,497,22,4.400000000,10410.840000000,10257.904000000,10239.580000000,18.318000000,152.936000000,76468,61.000000000,7.851052488,29.863827288,131.252203999,1.459773272,15.400879526,1.000000000
385,fixed_random_bfs,5971114318,512,15,497,135,500,497,2,0.400000000,10410.840000000,10372.340000000,10370.340000000,1.994000000,38.500000000,19250,13.000000000,7.851052488,26.952312492,110.161135902,1.330271951,13.895702683,1.000000000
386,fixed_random_bfs,5478669783,512,18,494,173,500,497,2,0.400000000,10410.840000000,10374.070000000,10372.108000000,1.956000000,36.770000000,18385,12.200000000,7.851052488,28.721080734,129.662821500,1.693380358,14.811853089,1.000000000
387,fixed_random_bfs,6859300085,512,29,483,486,500,497,0,0.000000000,10410.840000000,10403.492000000,10403.486000000,0.000000000,7.348000000,3674,3.200000000,7.851052488,27.205080376,114.800518650,0.985270524,14.024603639,1.000000000
388,fixed_random_bfs,4183662309,512,23,489,221,500,497,2,0.400000000,10410.840000000,10336.344000000,10334.482000000,1.856000000,74.496000000,37248,35.800000000,7.851052488,23.868824856,94.252952252,1.244311143,12.284809355,1.000000000
389,fixed_random_bfs,9865208383,512,30,482,518,500,497,1,0.200000000,10410.840000000,10392.252000000,10391.254000000,0.992000000,18.588000000,9294,6.200000000,7.851052488,27.408440122,115.664161348,1.188030081,14.127051737,1.000000000
390,history_hotspot_bfs,10910205889,512,41,471,387,500,497,39,7.800000000,10410.840000000,10262.032000000,10235.526000000,26.500000000,148.808000000,74404,54.600000000,7.851052488,26.133423254,109.110923201,1.900706901,13.458465234,1.000000000
391,fixed_random_bfs,122528349,512,27,485,334,500,497,14,2.800000000,10410.840000000,10368.034000000,10355.864000000,12.164000000,42.806000000,21403,15.600000000,7.851052488,27.090303866,111.811782901,1.654171329,13.946687495,1.000000000
392,fixed_random_bfs,4452315803,512,42,470,1007,500,497,5,1.000000000,10410.840000000,10338.920000000,10334.298000000,4.616000000,71.920000000,35960,25.800000000,7.851052488,29.065853602,121.878013098,1.786949614,14.988157332,1.000000000
393,fixed_random_bfs,1328041456,512,32,480,479,500,497,0,0.000000000,10410.840000000,10391.408000000,10391.402000000,0.000000000,19.432000000,9716,5.800000000,7.851052488,30.124357134,124.530302150,1.470163188,15.535770595,1.000000000
394,fixed_random_bfs,12049398816,512,34,478,712,500,497,0,0.000000000,10410.840000000,10402.956000000,10402.950000000,0.000000000,7.884000000,3942,2.600000000,7.851052488,26.753247198,108.278173550,0.954213614,13.784397934,1.000000000
395,fixed_random_bfs,4749945172,512,39,473,303,500,497,15,3.000000000,10410.840000000,10288.086000000,10283.818000000,4.262000000,122.754000000,61377,43.600000000,7.851052488,30.411844386,125.284820749,1.225835119,15.679017792,1.000000000
396,history_hotspot_bfs,10915402310,512,42,470,446,500,497,37,7.400000000,10410.840000000,10252.900000000,10228.208000000,24.686000000,157.940000000,78970,60.000000000,7.851052488,29.535640534,120.201182200,1.774236150,15.206097950,1.000000000
397,fixed_random_bfs,474797448,512,49,463,688,500,497,15,3.000000000,10410.840000000,10295.276000000,10286.936000000,8.334000000,115.564000000,57782,48.400000000,7.851052488,22.312528742,93.425382902,1.483635979,11.469379718,1.000000000
398,fixed_random_bfs,295232565,512,30,482,339,500,497,0,0.000000000,10410.840000000,10407.370000000,10407.364000000,0.000000000,3.470000000,1735,1.600000000,7.851052488,26.033709108,112.120060001,1.182860932,13.420171227,1.000000000
399,spatial_uniform_bfs,1314136836,512,24,488,485,500,497,0,0.000000000,10410.840000000,10408.778000000,10408.772000000,0.000000000,2.062000000,1031,1.000000000,7.851052488,27.246743708,114.651357201,1.602638291,14.050163093,1.000000000
400,history_hotspot_bfs,25632371,512,40,472,306,500,497,92,18.400000000,10410.840000000,10266.932000000,10211.108000000,55.818000000,143.908000000,71954,66.800000000,7.851052488,29.790959894,126.427290198,1.310568640,15.291509061,1.000000000
401,fixed_random_bfs,432578860,512,31,481,314,500,497,10,2.000000000,10410.840000000,10326.786000000,10317.268000000,9.512000000,84.054000000,42027,32.200000000,7.851052488,26.833779390,109.303866949,1.754322551,13.825627954,1.000000000
402,fixed_random_bfs,4561991363,512,46,466,1488,500,497,0,0.000000000,10410.840000000,10390.580000000,10390.574000000,0.000000000,20.260000000,10130,7.800000000,7.851052488,26.925429082,109.063388298,1.270206773,13.866094324,1.000000000
403,fixed_random_bfs,4763677950,512,24,488,281,500,497,2,0.400000000,10410.840000000,10390.546000000,10388.628000000,1.912000000,20.294000000,10147,6.800000000,7.851052488,27.504495412,107.508977549,1.379775060,14.178070281,1.000000000
404,history_hotspot_bfs,2086440304,512,28,484,118,500,497,104,20.800000000,10410.840000000,10228.546000000,10191.702000000,36.838000000,182.294000000,91147,65.600000000,7.851052488,26.630027248,111.399743598,1.213066681,13.635011474,1.000000000
405,fixed_random_bfs,12488285230,512,28,484,411,500,497,0,0.000000000,10410.840000000,10405.756000000,10405.750000000,0.000000000,5.084000000,2542,1.600000000,7.851052488,30.124401902,132.100667902,1.640841873,15.543764883,1.000000000
406,fixed_random_bfs,3092784191,512,46,466,379,500,497,3,0.600000000,10410.840000000,10348.384000000,10347.556000000,0.822000000,62.456000000,31228,37.600000000,7.851052488,27.047156158,112.064268249,1.116127118,13.942623137,1.000000000
407,fixed_random_bfs,1549671659,512,33,479,789,500,497,0,0.000000000,10410.840000000,10401.976000000,10401.970000000,0.000000000,8.864000000,4432,2.400000000,7.851052488,27.002424034,116.087538401,1.194356184,13.921891074,1.000000000
408,fixed_random_bfs,1674428808,512,38,474,258,500,497,1,0.200000000,10410.840000000,10380.660000000,10380.648000000,0.006000000,30.180000000,15090,9.000000000,7.851052488,27.792156618,118.006966500,1.749285047,14.343990600,1.000000000
409,fixed_random_bfs,1147307037,512,37,475,614,500,497,0,0.000000000,10410.840000000,10385.572000000,10385.566000000,0.000000000,25.268000000,12634,8.800000000,7.851052488,26.042755064,110.275709050,0.998270824,13.416989155,1.000000000
410,history_hotspot_bfs,4751327677,512,41,471,645,500,497,3,0.600000000,10410.840000000,10286.748000000,10284.902000000,1.840000000,124.092000000,62046,49.000000000,7.851052488,29.047357162,116.751704948,1.355761866,14.983513508,1.000000000
411,fixed_random_bfs,492712200,512,32,480,263,500,497,2,0.400000000,10410.840000000,10375.692000000,10374.828000000,0.858000000,35.148000000,17574,12.800000000,7.851052488,27.240258634,110.167599650,1.202082529,14.049982522,1.000000000
412,history_hotspot_bfs,12170915280,512,38,474,353,500,497,5,1.000000000,10410.840000000,10316.322000000,10313.142000000,3.174000000,94.518000000,47259,32.800000000,7.851052488,26.292708422,108.985134500,1.447576109,13.530223328,1.000000000
413,fixed_random_bfs,4103936121,512,49,463,1731,500,497,0,0.000000000,10410.840000000,10395.922000000,10395.916000000,0.000000000,14.918000000,7459,6.200000000,7.851052488,25.908137786,100.860108500,1.318573085,13.354373900,1.000000000
414,fixed_random_bfs,11901884763,512,47,465,259,500,497,0,0.000000000,10410.840000000,10379.196000000,10379.190000000,0.000000000,31.644000000,15822,13.600000000,7.851052488,27.748397060,114.741639501,1.274273414,14.307343270,1.000000000
415,fixed_random_bfs,1438730061,512,14,498,92,500,497,0,0.000000000,10410.840000000,10403.150000000,10403.144000000,0.000000000,7.690000000,3845,5.000000000,7.851052488,26.343004040,114.984138697,1.165497369,13.576427323,1.000000000
416,spatial_uniform_bfs,1314137040,512,23,489,442,500,497,0,0.000000000,10410.840000000,10408.778000000,10408.772000000,0.000000000,2.062000000,1031,1.000000000,7.851052488,26.700573438,111.138934549,1.158371954,13.766634459,1.000000000
417,fixed_random_bfs,7900232342,512,33,479,329,500,497,0,0.000000000,10410.840000000,10401.704000000,10401.698000000,0.000000000,9.136000000,4568,2.600000000,7.851052488,24.512247456,104.592168601,1.505164987,12.619345107,1.000000000
418,history_hotspot_bfs,4529130488,512,38,474,237,500,497,102,20.400000000,10410.840000000,10278.984000000,10214.702000000,64.276000000,131.856000000,65928,60.200000000,7.851052488,26.806992094,110.249906749,1.494644946,13.771099814,1.000000000
419,fixed_random_bfs,3714381723,512,15,497,25,500,497,0,0.000000000,10410.840000000,10401.814000000,10401.808000000,0.000000000,9.026000000,4513,9.800000000,7.851052488,26.922781036,107.410661699,1.629883351,13.877341074,1.000000000
420,history_hotspot_bfs,5307690019,512,52,460,1207,500,497,13,2.600000000,10410.840000000,10331.264000000,10321.572000000,9.686000000,79.576000000,39788,32.600000000,7.851052488,30.659549126,120.787130801,1.144479807,15.823735989,1.000000000
421,fixed_random_bfs,1143317821,512,34,478,328,500,497,14,2.800000000,10410.840000000,10324.034000000,10312.432000000,11.596000000,86.806000000,43403,35.600000000,7.851052488,27.241949396,113.905575550,1.674913874,14.038400025,1.000000000
422,history_hotspot_bfs,8091600947,512,49,463,660,500,497,18,3.600000000,10410.840000000,10276.808000000,10261.334000000,15.468000000,134.032000000,67016,55.800000000,7.851052488,26.963916174,112.643332549,1.657962187,13.890595958,1.000000000
423,fixed_random_bfs,2099832390,512,17,495,101,500,497,0,0.000000000,10410.840000000,10398.088000000,10398.082000000,0.000000000,12.752000000,6376,4.600000000,7.851052488,25.607572430,107.332714201,1.213829254,13.196639199,1.000000000
424,history_hotspot_bfs,11172599876,512,38,474,555,500,497,36,7.200000000,10410.840000000,10351.754000000,10336.280000000,15.468000000,59.086000000,29543,26.800000000,7.851052488,31.204581878,126.600873300,1.502693058,16.066977061,1.000000000
425,fixed_random_bfs,9043542390,512,33,479,308,500,497,9,1.800000000,10410.840000000,10291.398000000,10285.506000000,5.886000000,119.442000000,59721,42.200000000,7.851052488,27.128012536,111.956568898,1.201183717,13.971600065,1.000000000
426,spatial_uniform_bfs,1327634817,512,26,486,555,500,497,0,0.000000000,10410.840000000,10408.724000000,10408.718000000,0.000000000,2.116000000,1058,1.000000000,7.851052488,24.290590788,104.986668100,1.592648977,12.503753631,1.000000000
427,fixed_random_bfs,13335866612,512,33,479,733,500,497,0,0.000000000,10410.840000000,10405.202000000,10405.196000000,0.000000000,5.638000000,2819,1.600000000,7.851052488,28.332359562,119.640562501,1.916601607,14.617878572,1.000000000
428,spatial_uniform_bfs,1327630027,512,37,475,981,500,497,0,0.000000000,10410.840000000,10408.686000000,10408.680000000,0.000000000,2.154000000,1077,1.000000000,7.851052488,25.593347968,100.346484649,1.071241133,13.183299289,1.000000000
429,fixed_random_bfs,1874361203,512,21,491,64,500,497,1,0.200000000,10410.840000000,10393.832000000,10393.786000000,0.040000000,17.008000000,8504,5.400000000,7.851052488,31.087451346,125.870330298,1.271196779,16.045759846,1.000000000
430,history_hotspot_bfs,452682282,512,42,470,340,500,497,38,7.600000000,10410.840000000,10221.096000000,10203.070000000,18.020000000,189.744000000,94872,69.000000000,7.851052488,26.508889070,110.259693997,1.609245881,13.636794689,1.000000000
431,fixed_random_bfs,1198969862,512,37,475,661,500,497,1,0.200000000,10410.840000000,10387.712000000,10386.732000000,0.974000000,23.128000000,11564,8.200000000,7.851052488,26.396513766,103.306077248,1.730805220,13.590154006,1.000000000
432,fixed_random_bfs,4492974926,512,25,487,442,500,497,0,0.000000000,10410.840000000,10380.838000000,10380.832000000,0.000000000,30.002000000,15001,11.000000000,7.851052488,26.851776068,112.033373698,1.620241666,13.841072781,1.000000000
433,fixed_random_bfs,1325748213,512,29,483,730,500,497,0,0.000000000,10410.840000000,10402.222000000,10402.216000000,0.000000000,8.618000000,4309,2.800000000,7.851052488,24.991943224,98.510791647,1.003106713,12.878730551,1.000000000
434,fixed_random_bfs,7430153074,512,22,490,96,500,497,1,0.200000000,10410.840000000,10385.432000000,10384.636000000,0.790000000,25.408000000,12704,7.600000000,7.851052488,28.846596382,115.823158852,1.201658418,14.875375181,1.000000000
435,history_hotspot_bfs,3694908966,512,48,464,447,500,497,46,9.200000000,10410.840000000,10244.754000000,10218.000000000,26.748000000,166.086000000,83043,67.000000000,7.851052488,26.613903524,109.751001950,1.171553426,13.699809350,1.000000000
436,fixed_random_bfs,9311844836,512,21,491,381,500,497,0,0.000000000,10410.840000000,10400.824000000,10400.818000000,0.000000000,10.016000000,5008,4.000000000,7.851052488,26.267972166,107.971691351,1.671746705,13.543553260,1.000000000
437,spatial_uniform_bfs,1300651903,512,32,480,843,500,497,0,0.000000000,10410.840000000,10408.728000000,10408.722000000,0.000000000,2.112000000,1056,1.000000000,7.851052488,28.937139694,120.262703549,1.674356241,14.907730468,1.000000000
438,history_hotspot_bfs,4452315785,512,37,475,638,500,497,10,2.000000000,10410.840000000,10330.706000000,10322.236000000,8.464000000,80.134000000,40067,27.800000000,7.851052488,24.384205492,98.172595250,1.250189164,12.544855782,1.000000000
439,fixed_random_bfs,1904460117,512,37,475,650,500,497,0,0.000000000,10410.840000000,10392.836000000,10392.830000000,0.000000000,18.004000000,9002,7.000000000,7.851052488,27.010808572,111.740052401,1.178915697,13.926724656,1.000000000
440,history_hotspot_bfs,4468847635,512,38,474,938,500,497,6,1.200000000,10410.840000000,10327.014000000,10321.100000000,5.908000000,83.826000000,41913,26.400000000,7.851052488,26.716506310,114.717081900,1.001338706,13.771650358,1.000000000
441,fixed_random_bfs,3389563090,512,31,481,270,500,497,0,0.000000000,10410.840000000,10383.992000000,10383.986000000,0.000000000,26.848000000,13424,10.200000000,7.851052488,27.162640158,117.135805151,1.769681054,13.997507028,1.000000000
442,fixed_random_bfs,3677979900,512,15,497,62,500,497,0,0.000000000,10410.840000000,10394.920000000,10394.914000000,0.000000000,15.920000000,7960,5.800000000,7.851052488,26.055491094,102.464095302,1.731637707,13.393171874,1.000000000
443,fixed_random_bfs,5221452643,512,37,475,1094,500,497,1,0.200000000,10410.840000000,10401.880000000,10400.906000000,0.968000000,8.960000000,4480,4.000000000,7.851052488,31.113255560,133.065788749,1.327438250,16.063740901,1.000000000
444,history_hotspot_bfs,9313283594,512,25,487,214,500,497,47,9.400000000,10410.840000000,10257.828000000,10221.982000000,35.840000000,153.012000000,76506,62.600000000,7.851052488,26.962519318,110.163288151,1.256015308,13.870405034,1.000000000
445,fixed_random_bfs,10006220256,512,31,481,560,500,497,0,0.000000000,10410.840000000,10409.340000000,10409.334000000,0.000000000,1.500000000,750,0.600000000,7.851052488,29.064419392,117.866453850,1.243768347,14.989028814,1.000000000
446,fixed_random_bfs,12051483812,512,33,479,657,500,497,0,0.000000000,10410.840000000,10389.684000000,10389.678000000,0.000000000,21.156000000,10578,8.000000000,7.851052488,30.980068832,127.407922500,0.978271702,15.985692303,1.000000000
447,fixed_random_bfs,1866964756,512,47,465,1109,500,497,2,0.400000000,10410.840000000,10378.078000000,10377.180000000,0.892000000,32.762000000,16381,11.000000000,7.851052488,27.379642432,113.795487350,1.717661846,14.102079401,1.000000000
448,fixed_random_bfs,111503632,512,30,482,345,500,497,5,1.000000000,10410.840000000,10379.282000000,10375.824000000,3.452000000,31.558000000,15779,16.600000000,7.851052488,27.847926884,109.336859752,1.921051812,14.361420731,1.000000000
449,spatial_uniform_bfs,1300651831,512,41,471,1233,500,497,2,0.400000000,10410.840000000,10410.580000000,10408.574000000,2.000000000,0.260000000,130,1.000000000,7.851052488,27.012158334,113.764981152,1.192297919,13.922518322,1.000000000
450,history_hotspot_bfs,12533949417,512,53,459,390,500,497,42,8.400000000,10410.840000000,10252.648000000,10232.142000000,20.500000000,158.192000000,79096,66.400000000,7.851052488,26.885202920,113.076236402,1.611857085,13.846071643,1.000000000
451,fixed_random_bfs,1398201412,512,20,492,48,500,497,0,0.000000000,10410.840000000,10388.510000000,10388.504000000,0.000000000,22.330000000,11165,6.000000000,7.851052488,28.531392330,110.310637647,1.699117976,14.706991958,1.000000000
452,spatial_uniform_bfs,1300652355,512,45,467,1376,500,497,2,0.400000000,10410.840000000,10410.382000000,10408.408000000,1.968000000,0.458000000,229,1.200000000,7.851052488,22.963647534,94.540079048,1.279297913,11.807596019,1.000000000
453,fixed_random_bfs,705402155,512,33,479,336,500,497,0,0.000000000,10410.840000000,10392.424000000,10392.418000000,0.000000000,18.416000000,9208,9.400000000,7.851052488,23.845944182,99.883166500,1.237547994,12.261900159,1.000000000
454,history_hotspot_bfs,473894833,512,39,473,427,500,497,14,2.800000000,10410.840000000,10300.612000000,10287.340000000,13.266000000,110.228000000,55114,50.800000000,7.851052488,27.074560252,110.994930047,1.662647821,13.949374879,1.000000000
455,spatial_uniform_bfs,1300652303,512,36,476,916,500,497,2,0.400000000,10410.840000000,10410.040000000,10408.038000000,1.996000000,0.800000000,400,1.200000000,7.851052488,27.137583480,113.265681599,1.334885489,13.981610154,1.000000000
456,fixed_random_bfs,335560378,512,39,473,390,500,497,39,7.800000000,10410.840000000,10259.756000000,10231.688000000,28.062000000,151.084000000,75542,59.800000000,7.851052488,28.019086040,122.361733347,1.439508819,14.423252080,1.000000000
457,fixed_random_bfs,422548097,512,40,472,121,500,497,3,0.600000000,10410.840000000,10336.998000000,10336.228000000,0.764000000,73.842000000,36921,38.400000000,7.851052488,31.612035586,134.205531399,1.321365263,16.309095838,1.000000000
458,fixed_random_bfs,1520431688,512,24,488,223,500,497,0,0.000000000,10410.840000000,10404.736000000,10404.730000000,0.000000000,6.104000000,3052,3.000000000,7.851052488,24.545734928,104.957278700,0.964946086,12.638275009,1.000000000
459,fixed_random_bfs,4028808921,512,21,491,53,500,497,0,0.000000000,10410.840000000,10389.724000000,10389.718000000,0.000000000,21.116000000,10558,5.800000000,7.851052488,25.274166040,107.293103802,1.644842600,13.020592476,1.000000000
460,fixed_random_bfs,11364765792,512,36,476,129,500,497,1,0.200000000,10410.840000000,10361.034000000,10360.642000000,0.386000000,49.806000000,24903,47.200000000,7.851052488,27.502247416,111.059489353,1.619244709,14.184324530,1.000000000
461,history_hotspot_bfs,2829209747,512,39,473,308,500,497,41,8.200000000,10410.840000000,10228.740000000,10202.592000000,26.142000000,182.100000000,91050,66.600000000,7.851052488,29.888447668,124.266410153,1.827523713,15.419984149,1.000000000
462,fixed_random_bfs,444058664,512,28,484,512,500,497,0,0.000000000,10410.840000000,10384.086000000,10384.080000000,0.000000000,26.754000000,13377,9.400000000,7.851052488,26.011600614,110.270233400,1.273092308,13.399921312,1.000000000
463,spatial_uniform_bfs,1314137134,512,26,486,559,500,497,0,0.000000000,10410.840000000,10408.646000000,10408.640000000,0.000000000,2.194000000,1097,1.000000000,7.851052488,29.028635292,125.423544799,1.397498979,14.977532290,1.000000000
464,history_hotspot_bfs,4529953533,512,43,469,379,500,497,43,8.600000000,10410.840000000,10225.148000000,10195.888000000,29.254000000,185.692000000,92846,65.000000000,7.851052488,26.631068860,110.307462347,1.675713016,13.710147275,1.000000000
465,fixed_random_bfs,277536063,512,20,492,259,500,497,0,0.000000000,10410.840000000,10407.090000000,10407.084000000,0.000000000,3.750000000,1875,3.000000000,7.851052488,29.684481580,126.171742149,1.713031779,15.320237826,1.000000000
466,spatial_uniform_bfs,1327631607,512,36,476,1023,500,497,0,0.000000000,10410.840000000,10408.552000000,10408.546000000,0.000000000,2.288000000,1144,1.000000000,7.851052488,26.794845120,110.211184900,1.332868415,13.812150279,1.000000000
467,history_hotspot_bfs,4720550784,512,37,475,281,500,497,21,4.200000000,10410.840000000,10260.922000000,10247.620000000,13.296000000,149.918000000,74959,54.200000000,7.851052488,26.751433336,111.060867101,1.206491274,13.780719718,1.000000000
468,fixed_random_bfs,9007500747,512,35,477,544,500,497,2,0.400000000,10410.840000000,10385.258000000,10383.396000000,1.856000000,25.582000000,12791,8.600000000,7.851052488,23.105494134,93.963792497,0.982624850,11.886618533,1.000000000
469,fixed_random_bfs,1324735565,512,34,478,944,500,497,0,0.000000000,10410.840000000,10409.446000000,10409.440000000,0.000000000,1.394000000,697,0.600000000,7.851052488,31.744277942,130.537690600,1.305904058,16.390224107,1.000000000
470,fixed_random_bfs,444058678,512,31,481,707,500,497,0,0.000000000,10410.840000000,10373.648000000,10373.642000000,0.000000000,37.192000000,18596,12.000000000,7.851052488,27.178984080,114.580090851,1.227592736,14.009874140,1.000000000
471,history_hotspot_bfs,10893856734,512,43,469,548,500,497,40,8.000000000,10410.840000000,10250.008000000,10222.430000000,27.572000000,160.832000000,80416,65.800000000,7.851052488,30.067834204,128.617628252,1.653104727,15.494163997,1.000000000
472,fixed_random_bfs,13404320173,512,23,489,254,500,497,0,0.000000000,10410.840000000,10405.980000000,10405.974000000,0.000000000,4.860000000,2430,2.200000000,7.851052488,25.825464020,105.345324349,1.517979346,13.296698889,1.000000000
473,fixed_random_bfs,12673046097,512,28,484,702,500,497,0,0.000000000,10410.840000000,10404.150000000,10404.144000000,0.000000000,6.690000000,3345,2.200000000,7.851052488,27.244223814,118.370051001,1.352497228,14.024397403,1.000000000
474,fixed_random_bfs,12051595428,512,37,475,794,500,497,3,0.600000000,10410.840000000,10382.458000000,10379.584000000,2.868000000,28.382000000,14191,9.200000000,7.851052488,26.530471710,107.058002352,1.287094850,13.660773454,1.000000000
475,history_hotspot_bfs,10916721740,512,57,455,1079,500,497,17,3.400000000,10410.840000000,10284.572000000,10273.392000000,11.174000000,126.268000000,63134,54.800000000,7.851052488,31.676602410,131.441615850,1.766016374,16.346802885,1.000000000
476,fixed_random_bfs,1561603666,512,36,476,628,500,497,6,1.200000000,10410.840000000,10340.820000000,10335.482000000,5.332000000,70.020000000,35010,30.600000000,7.851052488,28.020934880,118.170965600,1.223805125,14.464805729,1.000000000
477,fixed_random_bfs,12386675076,512,30,482,536,500,497,0,0.000000000,10410.840000000,10408.718000000,10408.712000000,0.000000000,2.122000000,1061,1.000000000,7.851052488,23.631725308,100.408407300,1.322156844,12.161828426,1.000000000
478,history_hotspot_bfs,25632364,512,36,476,346,500,497,38,7.600000000,10410.840000000,10243.904000000,10220.654000000,23.244000000,166.936000000,83468,67.000000000,7.851052488,28.086412972,109.928197551,1.207287439,14.455975495,1.000000000
479,fixed_random_bfs,5291944038,512,24,488,171,500,497,3,0.600000000,10410.840000000,10361.422000000,10358.992000000,2.424000000,49.418000000,24709,19.200000000,7.851052488,28.367016986,113.950160253,1.879584392,14.632649817,1.000000000
480,history_hotspot_bfs,1548540067,512,35,477,347,500,497,15,3.000000000,10410.840000000,10303.170000000,10289.186000000,13.978000000,107.670000000,53835,45.800000000,7.851052488,24.400074722,104.581405497,1.297570977,12.552702368,1.000000000
481,fixed_random_bfs,6535772151,512,27,485,333,500,497,3,0.600000000,10410.840000000,10371.694000000,10368.998000000,2.690000000,39.146000000,19573,13.800000000,7.851052488,24.297147576,103.918979199,1.467982013,12.495191179,1.000000000
482,fixed_random_bfs,13414113694,512,21,491,58,500,497,0,0.000000000,10410.840000000,10405.796000000,10405.790000000,0.000000000,5.044000000,2522,4.600000000,7.851052488,27.185353224,117.940461549,1.660329089,14.011084482,1.000000000
483,spatial_uniform_bfs,12160419133,512,29,483,634,500,497,0,0.000000000,10410.840000000,10408.600000000,10408.594000000,0.000000000,2.240000000,1120,1.000000000,7.851052488,29.254043676,128.184562900,1.415193412,15.095399782,1.000000000
484,fixed_random_bfs,12811273501,512,27,485,510,500,497,0,0.000000000,10410.840000000,10393.824000000,10393.818000000,0.000000000,17.016000000,8508,5.600000000,7.851052488,27.036284554,113.974563151,1.262499565,13.934755695,1.000000000
485,spatial_uniform_bfs,1300651956,512,31,481,727,500,497,0,0.000000000,10410.840000000,10408.492000000,10408.486000000,0.000000000,2.348000000,1174,1.000000000,7.851052488,27.014822874,110.725517602,1.704011576,13.921090453,1.000000000
486,history_hotspot_bfs,2852022761,512,46,466,263,500,497,76,15.200000000,10410.840000000,10238.474000000,10203.798000000,34.670000000,172.366000000,86183,70.400000000,7.851052488,26.940325242,104.242482500,1.702658511,13.811997840,1.000000000
487,fixed_random_bfs,534476383,512,49,463,687,500,497,5,1.000000000,10410.840000000,10287.404000000,10284.268000000,3.130000000,123.436000000,61718,50.000000000,7.851052488,31.786111764,127.455841599,1.200332963,16.408767262,1.000000000
488,fixed_random_bfs,1324733827,512,29,483,730,500,497,0,0.000000000,10410.840000000,10410.340000000,10410.334000000,0.000000000,0.500000000,250,0.400000000,7.851052488,26.995079672,113.464987699,1.640859925,13.912873488,1.000000000
489,history_hotspot_bfs,4455723064,512,32,480,437,500,497,12,2.400000000,10410.840000000,10326.660000000,10314.784000000,11.870000000,84.180000000,42090,32.400000000,7.851052488,31.703281752,132.017882750,1.301533112,16.362546733,1.000000000
490,fixed_random_bfs,3098121121,512,40,472,354,500,497,3,0.600000000,10410.840000000,10375.972000000,10374.762000000,1.204000000,34.868000000,17434,12.200000000,7.851052488,26.499501522,114.119382801,1.645540852,13.658449800,1.000000000
491,history_hotspot_bfs,4498987611,512,38,474,522,500,497,18,3.600000000,10410.840000000,10364.382000000,10353.290000000,11.086000000,46.458000000,23229,19.600000000,7.851052488,22.491305978,94.558126900,0.953800493,11.551356710,1.000000000
492,fixed_random_bfs,8958198523,512,24,488,276,500,497,0,0.000000000,10410.840000000,10341.302000000,10341.296000000,0.000000000,69.538000000,34769,23.200000000,7.851052488,27.006000718,110.136821353,1.618937985,13.929071237,1.000000000
493,fixed_random_bfs,12051483841,512,27,485,488,500,497,0,0.000000000,10410.840000000,10391.218000000,10391.212000000,0.000000000,19.622000000,9811,7.600000000,7.851052488,23.122638178,90.495632450,1.436216707,11.900930543,1.000000000
494,fixed_random_bfs,1520374841,512,23,489,278,500,497,0,0.000000000,10410.840000000,10407.816000000,10407.810000000,0.000000000,3.024000000,1512,1.400000000,7.851052488,27.097926800,114.013592700,1.195204605,13.966856952,1.000000000
495,spatial_uniform_bfs,1300652080,512,38,474,1143,500,497,0,0.000000000,10410.840000000,10408.452000000,10408.446000000,0.000000000,2.388000000,1194,1.000000000,7.851052488,31.947440116,131.982459401,1.387205297,16.505662716,1.000000000
496,history_hotspot_bfs,7498428749,512,43,469,648,500,497,19,3.800000000,10410.840000000,10283.310000000,10270.902000000,12.402000000,127.530000000,63765,52.800000000,7.851052488,27.508425240,116.792039250,1.848130959,14.161853023,1.000000000
497,fixed_random_bfs,1322673984,512,29,483,490,500,497,2,0.400000000,10410.840000000,10395.104000000,10393.208000000,1.890000000,15.736000000,7868,4.400000000,7.851052488,26.594314364,104.589963299,1.677328656,13.683192245,1.000000000
498,history_hotspot_bfs,8274135021,512,32,480,479,500,497,12,2.400000000,10410.840000000,10378.478000000,10367.178000000,11.294000000,32.362000000,16181,15.200000000,7.851052488,29.481080874,120.404282602,1.368297187,15.195289534,1.000000000
499,fixed_random_bfs,1295426932,512,32,480,432,500,497,1,0.200000000,10410.840000000,10380.076000000,10380.070000000,0.000000000,30.764000000,15382,10.400000000,7.851052488,26.828774934,111.575613550,1.240387894,13.826601992,1.000000000
500,history_hotspot_bfs,10840321817,512,38,474,287,500,497,34,6.800000000,10410.840000000,10223.226000000,10202.878000000,20.342000000,187.614000000,93807,67.000000000,7.851052488,27.242612036,113.606664151,1.647346023,14.002965279,1.000000000
501,fixed_random_bfs,62890972,512,38,474,618,500,497,0,0.000000000,10410.840000000,10387.062000000,10387.056000000,0.000000000,23.778000000,11889,8.600000000,7.851052488,27.711341096,114.380188503,1.199970946,14.283214834,1.000000000
502,history_hotspot_bfs,11040209527,512,53,459,384,500,497,33,6.600000000,10410.840000000,10235.592000000,10220.494000000,15.092000000,175.248000000,87624,72.800000000,7.851052488,26.974356404,112.829185948,1.213524764,13.857356010,1.000000000
503,fixed_random_bfs,9920608214,512,21,491,165,500,497,0,0.000000000,10410.840000000,10387.696000000,10387.690000000,0.000000000,23.144000000,11572,5.600000000,7.851052488,24.809872866,101.459019448,1.358843623,12.765613896,1.000000000
504,fixed_random_bfs,1322625918,512,21,491,362,500,497,1,0.200000000,10410.840000000,10400.596000000,10399.572000000,1.018000000,10.244000000,5122,3.600000000,7.851052488,26.999235542,113.882235047,1.204320953,13.917304257,1.000000000
505,fixed_random_bfs,13012333814,512,30,482,260,500,497,2,0.400000000,10410.840000000,10375.138000000,10373.494000000,1.638000000,35.702000000,17851,19.200000000,7.851052488,30.505539404,135.269254299,1.746473411,15.745900600,1.000000000
506,fixed_random_bfs,1328039949,512,31,481,426,500,497,0,0.000000000,10410.840000000,10407.234000000,10407.228000000,0.000000000,3.606000000,1803,3.800000000,7.851052488,25.764609106,103.775513002,0.969512850,13.272946115,1.000000000
507,spatial_uniform_bfs,1263990851,512,30,482,841,500,497,2,0.400000000,10410.840000000,10409.868000000,10407.814000000,2.048000000,0.972000000,486,2.000000000,7.851052488,31.873506728,130.339460901,1.731689174,16.459180973,1.000000000
508,history_hotspot_bfs,974882842,512,51,461,372,500,497,34,6.800000000,10410.840000000,10242.990000000,10223.018000000,19.966000000,167.850000000,83925,71.800000000,7.851052488,26.900495338,116.087651801,0.993890384,13.848838919,1.000000000
509,fixed_random_bfs,10704407724,512,23,489,205,500,497,0,0.000000000,10410.840000000,10399.520000000,10399.514000000,0.000000000,11.320000000,5660,5.400000000,7.851052488,25.218762802,114.858429499,1.195404979,12.989241962,1.000000000
510,fixed_random_bfs,1132441934,512,43,469,1069,500,497,0,0.000000000,10410.840000000,10385.622000000,10385.616000000,0.000000000,25.218000000,12609,9.400000000,7.851052488,25.542379732,100.111757100,1.618015320,13.145968368,1.000000000
511,fixed_random_bfs,432874403,512,31,481,543,500,497,0,0.000000000,10410.840000000,10360.198000000,10360.192000000,0.000000000,50.642000000,25321,16.200000000,7.851052488,25.816846180,109.979176102,1.261434321,13.282344051,1.000000000
512,history_hotspot_bfs,2245786927,512,35,477,233,500,497,103,20.600000000,10410.840000000,10239.456000000,10183.594000000,55.856000000,171.384000000,85692,67.000000000,7.851052488,30.696588806,130.038590150,1.212491011,15.735382189,1.000000000
513,fixed_random_bfs,12055134941,512,24,488,150,500,497,0,0.000000000,10410.840000000,10400.418000000,10400.412000000,0.000000000,10.422000000,5211,5.200000000,7.851052488,27.003950996,115.242327899,1.681489458,13.914656566,1.000000000
514,history_hotspot_bfs,2414401910,512,53,459,319,500,497,87,17.400000000,10410.840000000,10248.952000000,10220.466000000,28.480000000,161.888000000,80944,71.000000000,7.851052488,30.570486590,130.336532149,1.834167914,15.692214721,1.000000000
515,fixed_random_bfs,5277793605,512,22,490,251,500,497,5,1.000000000,10410.840000000,10344.560000000,10339.902000000,4.652000000,66.280000000,33140,25.800000000,7.851052488,28.688435128,129.726887752,1.759510095,14.797037320,1.000000000
516,fixed_random_bfs,279907485,512,23,489,85,500,497,0,0.000000000,10410.840000000,10387.494000000,10387.488000000,0.000000000,23.346000000,11673,7.200000000,7.851052488,23.588801296,94.159243199,0.993470920,12.154049310,1.000000000
517,fixed_random_bfs,11470160441,512,32,480,151,500,497,1,0.200000000,10410.840000000,10392.304000000,10391.772000000,0.526000000,18.536000000,9268,6.200000000,7.851052488,28.813436400,118.328677351,1.716250325,14.859574985,1.000000000
518,history_hotspot_bfs,3992982895,512,36,476,267,500,497,96,19.200000000,10410.840000000,10235.256000000,10181.124000000,54.126000000,175.584000000,87792,65.400000000,7.851052488,26.751925904,111.627889549,1.669997116,13.702594402,1.000000000
519,fixed_random_bfs,1640849736,512,31,481,445,500,497,0,0.000000000,10410.840000000,10406.554000000,10406.548000000,0.000000000,4.286000000,2143,1.200000000,7.851052488,27.188085144,109.308133801,1.242317824,14.009343115,1.000000000
520,spatial_uniform_bfs,11358714971,512,25,487,576,500,497,2,0.400000000,10410.840000000,10409.622000000,10407.568000000,2.048000000,1.218000000,609,2.000000000,7.851052488,26.869099126,111.533396702,1.676683344,13.846225296,1.000000000
521,history_hotspot_bfs,4567051364,512,29,483,371,500,497,13,2.600000000,10410.840000000,10367.268000000,10355.084000000,12.178000000,43.572000000,21786,14.800000000,7.851052488,26.791887386,115.627984651,1.644060859,13.795837233,1.000000000
522,fixed_random_bfs,1148228632,512,32,480,844,500,497,0,0.000000000,10410.840000000,10403.936000000,10403.930000000,0.000000000,6.904000000,3452,3.200000000,7.851052488,27.029563336,112.452985648,1.669812579,13.937370223,1.000000000
523,history_hotspot_bfs,5279422236,512,45,467,382,500,497,32,6.400000000,10410.840000000,10241.222000000,10220.392000000,20.824000000,169.618000000,84809,65.600000000,7.851052488,23.998168456,100.589610150,1.244455060,12.343181199,1.000000000
524,fixed_random_bfs,8274134963,512,26,486,368,500,497,12,2.400000000,10410.840000000,10374.852000000,10363.014000000,11.832000000,35.988000000,17994,15.200000000,7.851052488,25.414793256,99.988969650,1.293773145,13.072641364,1.000000000
525,fixed_random_bfs,1322703518,512,23,489,328,500,497,1,0.200000000,10410.840000000,10396.160000000,10395.152000000,1.002000000,14.680000000,7340,4.400000000,7.851052488,26.110530510,111.301957300,1.000136719,13.443397590,1.000000000
526,fixed_random_bfs,1148227984,512,31,481,593,500,497,0,0.000000000,10410.840000000,10402.842000000,10402.836000000,0.000000000,7.998000000,3999,3.200000000,7.851052488,31.296655988,128.549919848,1.298370494,16.164095019,1.000000000
527,history_hotspot_bfs,5865166001,512,50,462,661,500,497,42,8.400000000,10410.840000000,10260.400000000,10238.920000000,21.474000000,150.440000000,75220,63.800000000,7.851052488,25.635989088,106.826206650,1.536682744,13.182571242,1.000000000
528,fixed_random_bfs,1328045023,512,31,481,790,500,497,0,0.000000000,10410.840000000,10407.582000000,10407.576000000,0.000000000,3.258000000,1629,2.400000000,7.851052488,25.351515048,100.924184501,1.465177206,13.045353124,1.000000000
529,history_hotspot_bfs,5902247588,512,30,482,256,500,497,40,8.000000000,10410.840000000,10238.522000000,10218.584000000,19.932000000,172.318000000,86159,67.800000000,7.851052488,26.568269586,110.861990301,1.167585254,13.672986932,1.000000000
530,fixed_random_bfs,1323004998,512,24,488,334,500,497,0,0.000000000,10410.840000000,10403.644000000,10403.638000000,0.000000000,7.196000000,3598,3.400000000,7.851052488,27.272989558,112.241638400,1.752042520,14.054107575,1.000000000
531,spatial_uniform_bfs,1263990596,512,30,482,813,500,497,2,0.400000000,10410.840000000,10409.272000000,10407.222000000,2.044000000,1.568000000,784,2.000000000,7.851052488,29.510441162,118.618497051,1.072881761,15.209368169,1.000000000
532,fixed_random_bfs,4501342445,512,36,476,653,500,497,1,0.200000000,10410.840000000,10360.914000000,10359.936000000,0.972000000,49.926000000,24963,15.400000000,7.851052488,31.751633696,134.858686699,1.274095278,16.397316531,1.000000000
533,fixed_random_bfs,3736054911,512,20,492,74,500,497,3,0.600000000,10410.840000000,10387.246000000,10384.600000000,2.640000000,23.594000000,11797,12.200000000,7.851052488,28.567678008,111.361404300,1.221127677,14.736681808,1.000000000
534,fixed_random_bfs,4757473093,512,14,498,182,500,497,0,0.000000000,10410.840000000,10410.546000000,10410.540000000,0.000000000,0.294000000,147,0.400000000,7.851052488,31.169208220,126.446503001,1.299650283,16.103651528,1.000000000
535,fixed_random_bfs,1183683996,512,30,482,629,500,497,0,0.000000000,10410.840000000,10404.944000000,10404.938000000,0.000000000,5.896000000,2948,1.400000000,7.851052488,24.141437598,97.693927098,1.479547835,12.419726809,1.000000000
536,fixed_random_bfs,12738892292,512,34,478,633,500,497,0,0.000000000,10410.840000000,10407.682000000,10407.676000000,0.000000000,3.158000000,1579,1.400000000,7.851052488,26.876211968,113.916764651,1.231736942,13.852651197,1.000000000
537,spatial_uniform_bfs,8289644875,512,22,490,345,500,497,2,0.400000000,10410.840000000,10409.572000000,10407.562000000,2.004000000,1.268000000,634,2.000000000,7.851052488,26.789182606,110.758095902,1.209531847,13.801148247,1.000000000
538,history_hotspot_bfs,12455973455,512,54,458,1215,500,497,23,4.600000000,10410.840000000,10288.240000000,10268.758000000,19.476000000,122.600000000,61300,57.200000000,7.851052488,27.420075286,116.615682048,1.321620575,14.117181790,1.000000000
539,fixed_random_bfs,1586188069,512,41,471,1164,500,497,0,0.000000000,10410.840000000,10403.024000000,10403.018000000,0.000000000,7.816000000,3908,2.600000000,7.851052488,23.617163896,105.596769249,0.905157160,12.143859529,1.000000000
540,fixed_random_bfs,1322955453,512,28,484,457,500,497,1,0.200000000,10410.840000000,10393.246000000,10392.276000000,0.964000000,17.594000000,8797,5.400000000,7.851052488,27.244033754,112.013716952,1.198800533,14.048774897,1.000000000
541,fixed_random_bfs,5291836415,512,32,480,270,500,497,13,2.600000000,10410.840000000,10298.220000000,10285.890000000,12.324000000,112.620000000,56310,47.600000000,7.851052488,24.150982592,101.833523549,1.244641560,12.432970819,1.000000000
542,fixed_random_bfs,4464130481,512,44,468,436,500,497,12,2.400000000,10410.840000000,10310.748000000,10303.582000000,7.160000000,100.092000000,50046,34.800000000,7.851052488,27.461341480,113.241866047,1.380169500,14.146443106,1.000000000
543,fixed_random_bfs,10832272086,512,32,480,239,500,497,3,0.600000000,10410.840000000,10367.006000000,10364.630000000,2.370000000,43.834000000,21917,15.000000000,7.851052488,27.019994312,110.774513651,1.180133294,13.930572538,1.000000000
544,history_hotspot_bfs,122432566,512,43,469,382,500,497,30,6.000000000,10410.840000000,10281.864000000,10260.882000000,20.976000000,128.976000000,64488,50.400000000,7.851052488,31.731821386,133.725242897,1.761356102,16.366356975,1.000000000
545,fixed_random_bfs,5337811386,512,39,473,554,500,497,5,1.000000000,10410.840000000,10355.332000000,10351.216000000,4.110000000,55.508000000,27754,25.600000000,7.851052488,26.957349866,109.549455698,1.642919286,13.888849627,1.000000000
546,fixed_random_bfs,8445784733,512,27,485,169,500,497,2,0.400000000,10410.840000000,10377.912000000,10377.066000000,0.840000000,32.928000000,16464,11.800000000,7.851052488,25.714751978,109.372067799,0.956695756,13.230668810,1.000000000
547,spatial_uniform_bfs,1148227838,512,31,481,573,500,497,2,0.400000000,10410.840000000,10409.562000000,10407.632000000,1.924000000,1.278000000,639,2.000000000,7.851052488,29.974430784,131.394218301,1.716692461,15.465890774,1.000000000
548,fixed_random_bfs,4501342485,512,24,488,552,500,497,0,0.000000000,10410.840000000,10390.272000000,10390.266000000,0.000000000,20.568000000,10284,9.400000000,7.851052488,24.656251568,103.284938500,0.999575360,12.689544709,1.000000000
549,fixed_random_bfs,4495041707,512,39,473,860,500,497,0,0.000000000,10410.840000000,10386.026000000,10386.020000000,0.000000000,24.814000000,12407,9.000000000,7.851052488,29.936968646,130.371750299,1.730105333,15.434470827,1.000000000
550,history_hotspot_bfs,1143318145,512,34,478,211,500,497,45,9.000000000,10410.840000000,10344.092000000,10307.306000000,36.780000000,66.748000000,33374,41.400000000,7.851052488,27.507223094,105.911409652,1.968571941,14.141405406,1.000000000
551,fixed_random_bfs,1131292024,512,37,475,305,500,497,6,1.200000000,10410.840000000,10371.684000000,10367.608000000,4.070000000,39.156000000,19578,14.200000000,7.851052488,27.028244392,104.890475351,1.479354636,13.929503989,1.000000000
552,fixed_random_bfs,1190291603,512,18,494,139,500,497,2,0.400000000,10410.840000000,10388.224000000,10386.328000000,1.890000000,22.616000000,11308,6.800000000,7.851052488,26.717267708,113.250027948,1.776394622,13.764877323,1.000000000
553,history_hotspot_bfs,2516156959,512,18,494,128,500,497,35,7.000000000,10410.840000000,10266.782000000,10243.706000000,23.070000000,144.058000000,72029,57.400000000,7.851052488,26.430659256,113.680221298,1.753426359,13.606053685,1.000000000
554,fixed_random_bfs,5297746056,512,33,479,421,500,497,20,4.000000000,10410.840000000,10312.212000000,10299.786000000,12.420000000,98.628000000,49314,33.600000000,7.851052488,31.538358200,133.895279001,1.834930519,16.277126575,1.000000000
555,fixed_random_bfs,1520365923,512,28,484,557,500,497,0,0.000000000,10410.840000000,10405.786000000,10405.780000000,0.000000000,5.054000000,2527,2.200000000,7.851052488,25.856639562,113.805869150,1.231779578,13.302743251,1.000000000
556,fixed_random_bfs,10137983255,512,39,473,960,500,497,0,0.000000000,10410.840000000,10406.942000000,10406.936000000,0.000000000,3.898000000,1949,1.000000000,7.851052488,23.235769570,97.081587053,1.009088295,11.959138349,1.000000000
557,history_hotspot_bfs,5284385983,512,32,480,243,500,497,33,6.600000000,10410.840000000,10233.368000000,10220.014000000,13.348000000,177.472000000,88736,69.600000000,7.851052488,26.779736408,114.722020049,1.606905010,13.790129182,1.000000000
558,fixed_random_bfs,1534488076,512,38,474,130,500,497,0,0.000000000,10410.840000000,10395.766000000,10395.760000000,0.000000000,15.074000000,7537,7.600000000,7.851052488,28.283213200,121.649917798,1.738633131,14.577591018,1.000000000
559,fixed_random_bfs,1731169514,512,28,484,427,500,497,4,0.800000000,10410.840000000,10340.566000000,10336.644000000,3.916000000,70.274000000,35137,24.600000000,7.851052488,29.499987866,127.877316102,1.751118804,15.209709579,1.000000000
560,history_hotspot_bfs,8001483701,512,37,475,246,500,497,24,4.800000000,10410.840000000,10238.268000000,10225.616000000,12.646000000,172.572000000,86286,66.600000000,7.851052488,26.545182030,112.387419153,1.170377752,13.669927564,1.000000000
561,fixed_random_bfs,1654560453,512,31,481,537,500,497,0,0.000000000,10410.840000000,10361.024000000,10361.018000000,0.000000000,49.816000000,24908,15.600000000,7.851052488,28.853147830,110.341730551,1.587333537,14.869612756,1.000000000
562,history_hotspot_bfs,9321127087,512,37,475,282,500,497,37,7.400000000,10410.840000000,10257.734000000,10240.068000000,17.660000000,153.106000000,76553,55.600000000,7.851052488,28.883766518,120.594302900,1.322273185,14.882763739,1.000000000
563,history_hotspot_bfs,10914702361,512,35,477,279,500,497,56,11.200000000,10410.840000000,10225.704000000,10183.618000000,42.080000000,185.136000000,92568,65.800000000,7.851052488,24.288515098,96.458398200,1.232308452,12.477484882,1.000000000
564,fixed_random_bfs,4456681818,512,35,477,192,500,497,2,0.400000000,10410.840000000,10396.420000000,10396.178000000,0.236000000,14.420000000,7210,16.200000000,7.851052488,27.574055134,112.671528901,1.210425813,14.205995197,1.000000000
565,fixed_random_bfs,5413401448,512,43,469,1100,500,497,5,1.000000000,10410.840000000,10353.130000000,10348.534000000,4.590000000,57.710000000,28855,24.600000000,7.851052488,31.693316810,127.358184449,1.335333284,16.368841428,1.000000000
566,history_hotspot_bfs,12086138909,512,37,475,517,500,497,31,6.200000000,10410.840000000,10260.456000000,10247.498000000,12.952000000,150.384000000,75192,59.400000000,7.851052488,31.689690794,130.103177402,1.405937276,16.321699278,1.000000000
567,fixed_random_bfs,7678759693,512,33,479,796,500,497,1,0.200000000,10410.840000000,10402.466000000,10401.506000000,0.954000000,8.374000000,4187,3.600000000,7.851052488,22.614028028,91.318843651,1.095838722,11.626662360,1.000000000
568,fixed_random_bfs,497334239,512,30,482,397,500,497,4,0.800000000,10410.840000000,10339.894000000,10336.276000000,3.612000000,70.946000000,35473,23.400000000,7.851052488,25.728255954,98.701675700,1.710764518,13.237844906,1.000000000
569,fixed_random_bfs,4718388084,512,39,473,587,500,497,7,1.400000000,10410.840000000,10322.680000000,10318.354000000,4.320000000,88.160000000,44080,33.000000000,7.851052488,24.272473966,95.763378648,1.263189375,12.500441127,1.000000000
570,fixed_random_bfs,5296143935,512,30,482,651,500,497,0,0.000000000,10410.840000000,10396.472000000,10396.466000000,0.000000000,14.368000000,7184,4.800000000,7.851052488,26.896853964,109.346111252,1.268547653,13.855122749,1.000000000
571,history_hotspot_bfs,111459764,512,37,475,420,500,497,13,2.600000000,10410.840000000,10298.584000000,10286.198000000,12.380000000,112.256000000,56128,48.200000000,7.851052488,27.117474882,113.655174749,1.361745418,13.972167140,1.000000000
572,fixed_random_bfs,13414122093,512,20,492,86,500,497,0,0.000000000,10410.840000000,10410.380000000,10410.374000000,0.000000000,0.460000000,230,0.600000000,7.851052488,27.263801416,115.697939447,1.203864578,14.058008451,1.000000000
573,fixed_random_bfs,4000897111,512,23,489,259,500,497,0,0.000000000,10410.840000000,10381.136000000,10381.130000000,0.000000000,29.704000000,14852,8.800000000,7.851052488,28.146677456,121.035407099,1.208484508,14.510644257,1.000000000
574,spatial_uniform_bfs,1148143857,512,35,477,696,500,497,0,0.000000000,10410.840000000,10407.776000000,10407.770000000,0.000000000,3.064000000,1532,2.600000000,7.851052488,30.250156158,129.526430551,1.237961061,15.581366252,1.000000000
575,fixed_random_bfs,480346404,512,27,485,466,500,497,5,1.000000000,10410.840000000,10322.358000000,10317.352000000,5.000000000,88.482000000,44241,24.400000000,7.851052488,26.997196136,112.863699901,1.622498155,13.907713069,1.000000000
576,history_hotspot_bfs,473873465,512,33,479,185,500,497,24,4.800000000,10410.840000000,10238.334000000,10222.868000000,15.460000000,172.506000000,86253,63.200000000,7.851052488,25.079879080,102.249034452,1.197522935,12.906257620,1.000000000
577,fixed_random_bfs,295526664,512,10,502,65,500,497,0,0.000000000,10410.840000000,10389.052000000,10389.046000000,0.000000000,21.788000000,10894,5.600000000,7.851052488,24.504469936,98.222267549,0.963145863,12.619132267,1.000000000
578,fixed_random_bfs,4488861385,512,25,487,510,500,497,0,0.000000000,10410.840000000,10397.822000000,10397.816000000,0.000000000,13.018000000,6509,4.800000000,7.851052488,27.562174168,111.987588849,1.253662986,14.207111891,1.000000000
579,spatial_uniform_bfs,1148143474,512,35,477,858,500,497,0,0.000000000,10410.840000000,10407.604000000,10407.598000000,0.000000000,3.236000000,1618,2.600000000,7.851052488,27.791118414,117.215079851,1.646594189,14.314763274,1.000000000
580,fixed_random_bfs,1676348356,512,31,481,495,500,497,0,0.000000000,10410.840000000,10404.858000000,10404.852000000,0.000000000,5.982000000,2991,3.000000000,7.851052488,24.660418080,99.934726248,1.371579157,12.693653815,1.000000000
581,fixed_random_bfs,13943035813,512,30,482,322,500,497,0,0.000000000,10410.840000000,10384.852000000,10384.846000000,0.000000000,25.988000000,12994,6.200000000,7.851052488,27.671780900,117.342034601,1.679686336,14.254957788,1.000000000
582,history_hotspot_bfs,1866347344,512,45,467,522,500,497,24,4.800000000,10410.840000000,10276.164000000,10262.516000000,13.642000000,134.676000000,67338,53.800000000,7.851052488,26.905776434,122.520184051,1.668258476,13.857996835,1.000000000
583,spatial_uniform_bfs,1148227992,512,32,480,738,500,497,0,0.000000000,10410.840000000,10406.960000000,10406.954000000,0.000000000,3.880000000,1940,2.600000000,7.851052488,25.703521682,101.830583451,1.323971533,13.236260695,1.000000000
584,fixed_random_bfs,13153050614,512,41,471,320,500,497,5,1.000000000,10410.840000000,10319.240000000,10315.758000000,3.476000000,91.600000000,45800,43.200000000,7.851052488,27.009799954,110.358263400,1.633262745,13.918895342,1.000000000
585,fixed_random_bfs,1204987916,512,17,495,95,500,497,0,0.000000000,10410.840000000,10385.704000000,10385.698000000,0.000000000,25.136000000,12568,5.800000000,7.851052488,30.168551410,121.144029997,1.201112960,15.556689898,1.000000000
586,fixed_random_bfs,1142607433,512,20,492,290,500,497,0,0.000000000,10410.840000000,10390.502000000,10390.496000000,0.000000000,20.338000000,10169,6.000000000,7.851052488,30.759764832,127.807839150,1.808862661,15.874904206,1.000000000
587,history_hotspot_bfs,4452315941,512,47,465,754,500,497,13,2.600000000,10410.840000000,10285.616000000,10276.476000000,9.134000000,125.224000000,62612,52.000000000,7.851052488,31.952573170,132.609529249,1.815728990,16.486716714,1.000000000
588,fixed_random_bfs,1518843190,512,18,494,210,500,497,0,0.000000000,10410.840000000,10410.526000000,10410.520000000,0.000000000,0.314000000,157,0.600000000,7.851052488,28.351612536,112.842286251,1.637383069,14.611443434,1.000000000
589,spatial_uniform_bfs,1145535965,512,27,485,470,500,497,0,0.000000000,10410.840000000,10406.978000000,10406.972000000,0.000000000,3.862000000,1931,2.600000000,7.851052488,27.208437974,114.467014201,1.618806522,14.020905598,1.000000000
590,fixed_random_bfs,5264509361,512,37,475,419,500,497,1,0.200000000,10410.840000000,10383.836000000,10383.064000000,0.766000000,27.004000000,13502,9.800000000,7.851052488,31.696289040,126.335331048,1.676833975,16.354639301,1.000000000
591,spatial_uniform_bfs,1145535973,512,34,478,872,500,497,0,0.000000000,10410.840000000,10406.298000000,10406.292000000,0.000000000,4.542000000,2271,2.800000000,7.851052488,23.801332588,108.148586900,1.451257317,12.244425164,1.000000000
592,fixed_random_bfs,2880479516,512,30,482,275,500,497,3,0.600000000,10410.840000000,10347.694000000,10346.810000000,0.878000000,63.146000000,31573,20.800000000,7.851052488,26.939676554,111.249469349,1.417553140,13.885738983,1.000000000
593,history_hotspot_bfs,7892887309,512,30,482,274,500,497,2,0.400000000,10410.840000000,10367.066000000,10365.746000000,1.314000000,43.774000000,21887,15.800000000,7.851052488,26.272032592,109.955270900,1.238911843,13.522962539,1.000000000
594,fixed_random_bfs,4561990368,512,26,486,509,500,497,1,0.200000000,10410.840000000,10406.126000000,10405.122000000,0.998000000,4.714000000,2357,1.800000000,7.851052488,23.296036832,100.994999649,1.292242639,11.987657807,1.000000000
595,history_hotspot_bfs,8273973049,512,28,484,286,500,497,0,0.000000000,10410.840000000,10374.028000000,10374.022000000,0.000000000,36.812000000,18406,16.000000000,7.851052488,24.383444684,102.165990151,1.199931756,12.543091940,1.000000000
596,fixed_random_bfs,663689247,512,27,485,333,500,497,2,0.400000000,10410.840000000,10380.002000000,10378.396000000,1.600000000,30.838000000,15419,12.400000000,7.851052488,27.124299048,114.109410600,1.185234995,13.978177427,1.000000000
597,history_hotspot_bfs,8341803235,512,44,468,607,500,497,7,1.400000000,10410.840000000,10339.508000000,10335.328000000,4.174000000,71.332000000,35666,27.200000000,7.851052488,30.414777220,130.077130852,1.245012152,15.660602818,1.000000000
598,fixed_random_bfs,11500609455,512,35,477,339,500,497,8,1.600000000,10410.840000000,10320.068000000,10316.632000000,3.430000000,90.772000000,45386,35.400000000,7.851052488,26.997086596,110.105943302,1.214169203,13.908517317,1.000000000
599,fixed_random_bfs,4068484663,512,15,497,65,500,497,2,0.400000000,10410.840000000,10395.120000000,10393.374000000,1.740000000,15.720000000,7860,5.200000000,7.851052488,27.363884190,115.479837799,1.633286755,14.093447727,1.000000000
600,history_hotspot_bfs,10914247485,512,42,470,719,500,497,26,5.200000000,10410.840000000,10280.476000000,10254.342000000,26.128000000,130.364000000,65182,58.200000000,7.851052488,26.996811082,114.730708149,1.186374914,13.904042545,1.000000000
601,fixed_random_bfs,1193621333,512,26,486,531,500,497,2,0.400000000,10410.840000000,10391.166000000,10389.124000000,2.036000000,19.674000000,9837,6.400000000,7.851052488,32.210620228,133.086178300,1.686498385,16.631931572,1.000000000
602,history_hotspot_bfs,10916713066,512,45,467,378,500,497,30,6.000000000,10410.840000000,10248.680000000,10235.894000000,12.780000000,162.160000000,81080,62.400000000,7.851052488,26.874453552,113.055253549,1.257475214,13.838145545,1.000000000
603,fixed_random_bfs,13012263181,512,38,474,358,500,497,3,0.600000000,10410.840000000,10321.598000000,10320.012000000,1.580000000,89.242000000,44621,31.200000000,7.851052488,30.485868738,120.999730649,1.340021989,15.718048884,1.000000000
604,history_hotspot_bfs,11392901868,512,31,481,292,500,497,57,11.400000000,10410.840000000,10247.538000000,10220.688000000,26.844000000,163.302000000,81651,57.400000000,7.851052488,27.221978822,114.996196448,1.251630347,14.000610781,1.000000000
605,fixed_random_bfs,1126333925,512,32,480,605,500,497,2,0.400000000,10410.840000000,10379.182000000,10377.304000000,1.872000000,31.658000000,15829,10.000000000,7.851052488,32.288714960,134.269414401,1.320942006,16.673026102,1.000000000
606,history_hotspot_bfs,13034312908,512,39,473,512,500,497,10,2.000000000,10410.840000000,10343.914000000,10336.246000000,7.662000000,66.926000000,33463,25.000000000,7.851052488,23.003167970,94.900041703,0.996260782,11.825963193,1.000000000
607,fixed_random_bfs,1296455191,512,30,482,731,500,497,7,1.400000000,10410.840000000,10312.622000000,10305.646000000,6.970000000,98.218000000,49109,29.000000000,7.851052488,27.070972710,110.399817101,1.698243856,13.947211859,1.000000000
608,history_hotspot_bfs,13510322646,512,29,483,185,500,497,76,15.200000000,10410.840000000,10236.800000000,10175.682000000,61.112000000,174.040000000,87020,65.200000000,7.851052488,26.574785626,108.091384352,1.035739374,13.640182978,1.000000000
609,fixed_random_bfs,13576410815,512,18,494,227,500,497,0,0.000000000,10410.840000000,10388.804000000,10388.798000000,0.000000000,22.036000000,11018,6.000000000,7.851052488,27.819385012,107.980148450,1.000204720,14.352824350,1.000000000
610,fixed_random_bfs,1148143865,512,25,487,508,500,497,0,0.000000000,10410.840000000,10391.170000000,10391.164000000,0.000000000,19.670000000,9835,6.600000000,7.851052488,27.278712648,112.378769501,1.331828219,14.052672595,1.000000000
611,fixed_random_bfs,4587696995,512,23,489,191,500,497,0,0.000000000,10410.840000000,10386.962000000,10386.956000000,0.000000000,23.878000000,11939,6.600000000,7.851052488,24.364551974,96.957519952,1.387926983,12.529667026,1.000000000
612,fixed_random_bfs,2854186076,512,29,483,513,500,497,0,0.000000000,10410.840000000,10385.062000000,10385.056000000,0.000000000,25.778000000,12889,5.800000000,7.851052488,31.217203040,131.931309352,1.287038857,16.171633135,1.000000000
613,fixed_random_bfs,1395617281,512,20,492,203,500,497,0,0.000000000,10410.840000000,10372.616000000,10372.610000000,0.000000000,38.224000000,19112,12.800000000,7.851052488,29.169136198,123.677299752,1.663581877,15.024526691,1.000000000
614,spatial_uniform_bfs,1148228554,512,28,484,535,500,497,0,0.000000000,10410.840000000,10406.686000000,10406.680000000,0.000000000,4.154000000,2077,2.600000000,7.851052488,26.990985934,112.051966698,1.227504624,13.912247780,1.000000000
615,fixed_random_bfs,2896364544,512,27,485,284,500,497,0,0.000000000,10410.840000000,10386.896000000,10386.890000000,0.000000000,23.944000000,11972,5.600000000,7.851052488,26.178156538,108.616711050,1.545985078,13.475864636,1.000000000
616,history_hotspot_bfs,2250812531,512,39,473,353,500,497,35,7.000000000,10410.840000000,10234.496000000,10209.918000000,24.572000000,176.344000000,88172,65.400000000,7.851052488,27.088673638,111.069103952,1.641915496,13.950048877,1.000000000
617,fixed_random_bfs,11248751221,512,28,484,514,500,497,2,0.400000000,10410.840000000,10396.852000000,10395.066000000,1.780000000,13.988000000,6994,5.400000000,7.851052488,23.394596766,96.855939900,1.403079383,12.038135446,1.000000000
618,spatial_uniform_bfs,1163403127,512,34,478,964,500,497,0,0.000000000,10410.840000000,10405.114000000,10405.108000000,0.000000000,5.726000000,2863,3.000000000,7.851052488,29.112076416,127.427992602,1.823305899,15.021151800,1.000000000
619,fixed_random_bfs,12068666305,512,35,477,875,500,497,0,0.000000000,10410.840000000,10396.770000000,10396.764000000,0.000000000,14.070000000,7035,4.000000000,7.851052488,25.577596696,110.418276000,1.715765820,13.161822905,1.000000000
620,fixed_random_bfs,1587152803,512,20,492,246,500,497,0,0.000000000,10410.840000000,10409.480000000,10409.474000000,0.000000000,1.360000000,680,0.600000000,7.851052488,26.708488342,111.857615500,1.324111142,13.759173056,1.000000000
621,fixed_random_bfs,4412388681,512,40,472,746,500,497,0,0.000000000,10410.840000000,10379.306000000,10379.300000000,0.000000000,31.534000000,15767,9.800000000,7.851052488,27.126331922,113.280206149,1.752654639,13.965006754,1.000000000
622,fixed_random_bfs,3846226753,512,33,479,447,500,497,0,0.000000000,10410.840000000,10403.522000000,10403.516000000,0.000000000,7.318000000,3659,2.000000000,7.851052488,25.722423050,107.494781350,1.705258263,13.256896906,1.000000000
623,history_hotspot_bfs,3993126454,512,42,470,379,500,497,95,19.000000000,10410.840000000,10253.938000000,10183.940000000,69.992000000,156.902000000,78451,64.000000000,7.851052488,30.811050100,126.711705399,1.871036580,15.806329417,1.000000000
624,fixed_random_bfs,3162256068,512,50,462,519,500,497,26,5.200000000,10410.840000000,10267.204000000,10251.970000000,15.228000000,143.636000000,71818,60.200000000,7.851052488,26.796682956,112.193502400,1.250634774,13.791408386,1.000000000
625,fixed_random_bfs,4000877979,512,30,482,427,500,497,2,0.400000000,10410.840000000,10399.176000000,10398.282000000,0.888000000,11.664000000,5832,9.000000000,7.851052488,30.828001132,130.510742948,1.832729119,15.902872023,1.000000000
626,fixed_random_bfs,4503189154,512,21,491,309,500,497,0,0.000000000,10410.840000000,10362.180000000,10362.174000000,0.000000000,48.660000000,24330,14.000000000,7.851052488,24.626370026,97.035072699,1.042473184,12.676254471,1.000000000
627,fixed_random_bfs,1322206892,512,21,491,231,500,497,0,0.000000000,10410.840000000,10405.730000000,10405.724000000,0.000000000,5.110000000,2555,3.000000000,7.851052488,30.996786204,131.300870802,1.650827316,15.995811861,1.000000000
628,fixed_random_bfs,4297946731,512,33,479,225,500,497,3,0.600000000,10410.840000000,10325.204000000,10324.086000000,1.112000000,85.636000000,42818,38.600000000,7.851052488,30.495794116,126.307358850,1.303610734,15.737574973,1.000000000
629,history_hotspot_bfs,7118195792,512,54,458,577,500,497,50,10.000000000,10410.840000000,10226.600000000,10193.924000000,32.670000000,184.240000000,92120,69.200000000,7.851052488,26.683640776,111.836376199,1.695664184,13.714044989,1.000000000
630,fixed_random_bfs,5369088184,512,18,494,129,500,497,0,0.000000000,10410.840000000,10396.450000000,10396.444000000,0.000000000,14.390000000,7195,5.400000000,7.851052488,26.003152282,112.658875297,1.242479662,13.380035561,1.000000000
631,history_hotspot_bfs,7990276400,512,43,469,1165,500,497,3,0.600000000,10410.840000000,10335.502000000,10332.556000000,2.940000000,75.338000000,37669,26.800000000,7.851052488,30.557875172,124.127935850,1.217937848,15.737165979,1.000000000
632,fixed_random_bfs,12459441528,512,43,469,272,500,497,2,0.400000000,10410.840000000,10369.978000000,10368.644000000,1.328000000,40.862000000,20431,14.400000000,7.851052488,27.058344002,114.475195598,1.194909434,13.946473315,1.000000000
633,fixed_random_bfs,13155095175,512,46,466,660,500,497,14,2.800000000,10410.840000000,10297.712000000,10284.404000000,13.302000000,113.128000000,56564,48.600000000,7.851052488,24.350701332,97.322222150,1.018522595,12.515890821,1.000000000
634,fixed_random_bfs,1322649848,512,27,485,447,500,497,1,0.200000000,10410.840000000,10398.810000000,10397.838000000,0.966000000,12.030000000,6015,4.000000000,7.851052488,28.268313696,115.350462449,0.921986634,14.560018552,1.000000000
635,spatial_uniform_bfs,1145564793,512,35,477,997,500,497,2,0.400000000,10410.840000000,10409.198000000,10407.156000000,2.036000000,1.642000000,821,2.000000000,7.851052488,30.303930970,131.840693600,1.466404736,15.639721533,1.000000000
636,history_hotspot_bfs,10914247475,512,52,460,503,500,497,39,7.800000000,10410.840000000,10267.770000000,10245.978000000,21.786000000,143.070000000,71535,63.800000000,7.851052488,28.351803960,121.364537300,1.199791884,14.607035072,1.000000000
637,history_hotspot_bfs,11397043884,512,42,470,582,500,497,6,1.200000000,10410.840000000,10367.744000000,10362.926000000,4.812000000,43.096000000,21548,16.600000000,7.851052488,27.297596504,112.942966051,1.096351545,14.063503737,1.000000000
638,fixed_random_bfs,1323016185,512,34,478,994,500,497,0,0.000000000,10410.840000000,10409.872000000,10409.866000000,0.000000000,0.968000000,484,0.600000000,7.851052488,26.143221830,110.473453999,1.304185292,13.460741286,1.000000000
639,fixed_random_bfs,1182447893,512,34,478,684,500,497,0,0.000000000,10410.840000000,10408.320000000,10408.314000000,0.000000000,2.520000000,1260,0.800000000,7.851052488,28.159615756,113.735725248,1.487843983,14.530282730,1.000000000
640,history_hotspot_bfs,12456007327,512,49,463,722,500,497,19,3.800000000,10410.840000000,10277.380000000,10262.616000000,14.758000000,133.460000000,66730,56.800000000,7.851052488,27.234501640,116.426926252,1.602409670,14.028393709,1.000000000
641,fixed_random_bfs,1159931333,512,37,475,638,500,497,0,0.000000000,10410.840000000,10403.444000000,10403.438000000,0.000000000,7.396000000,3698,2.000000000,7.851052488,27.909837930,121.873772003,1.241672815,14.383086221,1.000000000
642,fixed_random_bfs,2695337180,512,26,486,510,500,497,3,0.600000000,10410.840000000,10386.596000000,10383.636000000,2.954000000,24.244000000,12122,8.000000000,7.851052488,29.222676578,124.128283198,1.229832650,15.056804974,1.000000000
643,history_hotspot_bfs,299611755,512,41,471,495,500,497,18,3.600000000,10410.840000000,10287.624000000,10273.762000000,13.856000000,123.216000000,61608,57.200000000,7.851052488,31.216080876,122.438165400,1.251462030,16.123064445,1.000000000
644,fixed_random_bfs,430491226,512,38,474,908,500,497,1,0.200000000,10410.840000000,10373.696000000,10372.762000000,0.928000000,37.144000000,18572,12.800000000,7.851052488,25.304332690,107.558832550,1.464083009,13.040340551,1.000000000
645,history_hotspot_bfs,311887399,512,24,488,187,500,497,11,2.200000000,10410.840000000,10365.770000000,10356.944000000,8.820000000,45.070000000,22535,16.400000000,7.851052488,28.159991156,114.554029400,1.253562110,14.501451191,1.000000000
646,fixed_random_bfs,429998776,512,31,481,470,500,497,0,0.000000000,10410.840000000,10379.932000000,10379.926000000,0.000000000,30.908000000,15454,10.600000000,7.851052488,28.810367878,118.580746650,1.710099226,14.839256499,1.000000000
647,history_hotspot_bfs,343646818,512,46,466,717,500,497,18,3.600000000,10410.840000000,10280.560000000,10264.316000000,16.238000000,130.280000000,65140,52.200000000,7.851052488,29.796112426,114.796837298,1.908608287,15.344743552,1.000000000
648,fixed_random_bfs,1731169777,512,35,477,408,500,497,2,0.400000000,10410.840000000,10363.384000000,10362.738000000,0.640000000,47.456000000,23728,16.200000000,7.851052488,28.567392724,117.734818799,1.859389762,14.734912460,1.000000000
649,history_hotspot_bfs,479235883,512,20,492,276,500,497,27,5.400000000,10410.840000000,10318.394000000,10289.958000000,28.430000000,92.446000000,46223,35.200000000,7.851052488,31.384632916,138.881379398,1.892040294,16.176396506,1.000000000
650,fixed_random_bfs,12048024921,512,27,485,195,500,497,0,0.000000000,10410.840000000,10367.764000000,10367.758000000,0.000000000,43.076000000,21538,14.200000000,7.851052488,27.239089902,116.899216602,1.598456790,14.032808102,1.000000000
651,fixed_random_bfs,6381466767,512,24,488,489,500,497,0,0.000000000,10410.840000000,10410.736000000,10410.730000000,0.000000000,0.104000000,52,0.400000000,7.851052488,27.008170330,116.128287398,1.868297074,13.923997520,1.000000000
652,history_hotspot_bfs,2486710547,512,51,461,556,500,497,10,2.000000000,10410.840000000,10311.390000000,10305.948000000,5.436000000,99.450000000,49725,41.200000000,7.851052488,27.728962990,120.225119851,1.733128407,14.271886139,1.000000000
653,fixed_random_bfs,8910213350,512,28,484,140,500,497,4,0.800000000,10410.840000000,10326.160000000,10324.564000000,1.590000000,84.680000000,42340,29.400000000,7.851052488,29.080381572,117.993271247,1.613027888,14.971947384,1.000000000
654,spatial_uniform_bfs,4838616644,512,27,485,455,500,497,0,0.000000000,10410.840000000,10406.888000000,10406.882000000,0.000000000,3.952000000,1976,2.600000000,7.851052488,24.724674134,94.218627649,1.001047501,12.712038187,1.000000000
655,history_hotspot_bfs,2486710676,512,41,471,517,500,497,3,0.600000000,10410.840000000,10361.394000000,10359.728000000,1.660000000,49.446000000,24723,17.600000000,7.851052488,23.879136802,100.090719748,1.210762745,12.289410662,1.000000000
656,fixed_random_bfs,1189111428,512,21,491,276,500,497,2,0.400000000,10410.840000000,10404.756000000,10402.774000000,1.976000000,6.084000000,3042,2.200000000,7.851052488,29.844457390,126.953322599,1.237733892,15.388790997,1.000000000
657,fixed_random_bfs,1548057324,512,23,489,402,500,497,0,0.000000000,10410.840000000,10387.050000000,10387.044000000,0.000000000,23.790000000,11895,6.400000000,7.851052488,26.778341182,108.703844799,1.652743480,13.804679853,1.000000000
658,fixed_random_bfs,4759821534,512,12,500,132,500,497,0,0.000000000,10410.840000000,10409.996000000,10409.990000000,0.000000000,0.844000000,422,0.400000000,7.851052488,24.726639276,96.256771748,1.389226053,12.737840906,1.000000000
659,history_hotspot_bfs,2915004401,512,21,491,159,500,497,67,13.400000000,10410.840000000,10276.090000000,10225.202000000,50.882000000,134.750000000,67375,56.200000000,7.851052488,25.886438566,102.995733000,1.155160755,13.312632741,1.000000000
660,fixed_random_bfs,13397585645,512,29,483,510,500,497,0,0.000000000,10410.840000000,10409.754000000,10409.748000000,0.000000000,1.086000000,543,1.000000000,7.851052488,31.672596774,133.966311850,1.740970595,16.355139652,1.000000000
661,spatial_uniform_bfs,11708388227,512,36,476,1124,500,497,2,0.400000000,10410.840000000,10408.716000000,10406.682000000,2.028000000,2.124000000,1062,2.200000000,7.851052488,29.832911108,124.883843948,1.318892581,15.391096059,1.000000000
662,fixed_random_bfs,1103952920,512,36,476,538,500,497,2,0.400000000,10410.840000000,10356.602000000,10355.202000000,1.394000000,54.238000000,27119,22.200000000,7.851052488,24.369590772,106.076474748,1.352197698,12.523747075,1.000000000
663,history_hotspot_bfs,3566326292,512,56,456,668,500,497,35,7.000000000,10410.840000000,10248.674000000,10233.890000000,14.778000000,162.166000000,81083,66.200000000,7.851052488,29.646846570,118.910907549,1.270836975,15.273041816,1.000000000
664,fixed_random_bfs,1300669581,512,20,492,343,500,497,0,0.000000000,10410.840000000,10408.484000000,10408.478000000,0.000000000,2.356000000,1178,0.800000000,7.851052488,25.551495390,109.040884200,1.324264419,13.157672155,1.000000000
665,history_hotspot_bfs,5258500724,512,46,466,605,500,497,13,2.600000000,10410.840000000,10305.126000000,10296.116000000,9.004000000,105.714000000,52857,46.200000000,7.851052488,26.377642516,112.084940800,1.227809782,13.584436980,1.000000000
666,fixed_random_bfs,6701073016,512,17,495,33,500,497,0,0.000000000,10410.840000000,10404.798000000,10404.792000000,0.000000000,6.042000000,3021,9.600000000,7.851052488,31.493914228,129.851421798,1.319223973,16.251211639,1.000000000
667,fixed_random_bfs,1318762307,512,17,495,227,500,497,1,0.200000000,10410.840000000,10404.886000000,10403.870000000,1.010000000,5.954000000,2977,2.200000000,7.851052488,27.836913988,112.169918602,1.831179584,14.353596858,1.000000000
668,fixed_random_bfs,479226488,512,47,465,738,500,497,27,5.400000000,10410.840000000,10310.088000000,10285.546000000,24.536000000,100.752000000,50376,40.000000000,7.851052488,25.062066246,97.370868150,1.872335693,12.901474160,1.000000000
669,fixed_random_bfs,1207580359,512,30,482,143,500,497,0,0.000000000,10410.840000000,10394.712000000,10394.706000000,0.000000000,16.128000000,8064,4.800000000,7.851052488,26.582887286,109.717453449,1.203681622,13.702754533,1.000000000
670,fixed_random_bfs,4838616628,512,38,474,1034,500,497,0,0.000000000,10410.840000000,10404.308000000,10404.302000000,0.000000000,6.532000000,3266,3.200000000,7.851052488,27.289930448,116.035084697,1.223253888,14.057819051,1.000000000
671,spatial_uniform_bfs,1148143356,512,33,479,848,500,497,2,0.400000000,10410.840000000,10407.756000000,10405.790000000,1.960000000,3.084000000,1542,2.800000000,7.851052488,28.560249616,119.012408652,1.187845422,14.717669914,1.000000000
672,fixed_random_bfs,1159931485,512,26,486,466,500,497,0,0.000000000,10410.840000000,10403.874000000,10403.868000000,0.000000000,6.966000000,3483,2.000000000,7.851052488,28.212078138,113.038871898,1.286956660,14.555153716,1.000000000
673,spatial_uniform_bfs,13265364952,512,38,474,1068,500,497,2,0.400000000,10410.840000000,10409.544000000,10407.602000000,1.936000000,1.296000000,648,2.000000000,7.851052488,27.875268626,115.211270153,1.346015042,14.374377287,1.000000000
674,fixed_random_bfs,4604362064,512,28,484,226,500,497,3,0.600000000,10410.840000000,10358.454000000,10356.924000000,1.524000000,52.386000000,26193,17.600000000,7.851052488,26.748559304,109.407408549,1.169324025,13.783379898,1.000000000
675,fixed_random_bfs,4441072498,512,29,483,211,500,497,0,0.000000000,10410.840000000,10357.942000000,10357.936000000,0.000000000,52.898000000,26449,17.000000000,7.851052488,27.792056674,114.717387251,1.590312741,14.335327189,1.000000000
676,fixed_random_bfs,1391615728,512,27,485,427,500,497,0,0.000000000,10410.840000000,10406.102000000,10406.096000000,0.000000000,4.738000000,2369,1.600000000,7.851052488,27.908902630,122.769485950,1.483144174,14.378975618,1.000000000
677,fixed_random_bfs,2417938556,512,25,487,341,500,497,0,0.000000000,10410.840000000,10390.376000000,10390.370000000,0.000000000,20.464000000,10232,7.200000000,7.851052488,31.777876508,131.018947549,1.368100553,16.415857660,1.000000000
678,history_hotspot_bfs,11105978767,512,31,481,192,500,497,26,5.200000000,10410.840000000,10229.528000000,10212.114000000,17.408000000,181.312000000,90656,65.200000000,7.851052488,26.953593708,112.147313200,1.105838568,13.887577735,1.000000000
679,fixed_random_bfs,3921306608,512,27,485,446,500,497,0,0.000000000,10410.840000000,10383.118000000,10383.112000000,0.000000000,27.722000000,13861,7.200000000,7.851052488,24.064255878,105.114544948,1.430656288,12.382148181,1.000000000
680,fixed_random_bfs,503018170,512,25,487,182,500,497,28,5.600000000,10410.840000000,10282.266000000,10260.954000000,21.306000000,128.574000000,64287,46.400000000,7.851052488,23.311007554,99.059740450,1.311557993,11.980254983,1.000000000
681,spatial_uniform_bfs,6419228760,512,30,482,683,500,497,2,0.400000000,10410.840000000,10409.246000000,10407.236000000,2.004000000,1.594000000,797,2.000000000,7.851052488,23.737343302,94.390043051,1.258686882,12.222325736,1.000000000
682,history_hotspot_bfs,112686793,512,29,483,303,500,497,55,11.000000000,10410.840000000,10328.956000000,10283.390000000,45.560000000,81.884000000,40942,47.600000000,7.851052488,26.496942278,110.337211149,1.210475375,13.628474037,1.000000000
683,fixed_random_bfs,4455558350,512,20,492,275,500,497,0,0.000000000,10410.840000000,10408.998000000,10408.992000000,0.000000000,1.842000000,921,0.600000000,7.851052488,27.033739876,106.722761598,1.210974024,13.929599143,1.000000000
684,history_hotspot_bfs,257735105,512,34,478,589,500,497,6,1.200000000,10410.840000000,10325.292000000,10319.568000000,5.718000000,85.548000000,42774,34.400000000,7.851052488,27.141862688,114.290266548,1.684143671,13.977883428,1.000000000
685,fixed_random_bfs,5225083975,512,32,480,708,500,497,1,0.200000000,10410.840000000,10404.960000000,10404.004000000,0.950000000,5.880000000,2940,2.000000000,7.851052488,27.416478658,113.845359349,1.680932618,14.124380204,1.000000000
686,history_hotspot_bfs,311889487,512,41,471,426,500,497,31,6.200000000,10410.840000000,10285.026000000,10264.850000000,20.170000000,125.814000000,62907,47.800000000,7.851052488,27.079008080,113.255872199,1.881979232,13.933460056,1.000000000
687,fixed_random_bfs,11398965012,512,21,491,201,500,497,0,0.000000000,10410.840000000,10365.660000000,10365.654000000,0.000000000,45.180000000,22590,15.200000000,7.851052488,30.479691270,125.073793602,1.734849514,15.723364994,1.000000000
688,history_hotspot_bfs,343646738,512,53,459,627,500,497,10,2.000000000,10410.840000000,10291.386000000,10285.692000000,5.688000000,119.454000000,59727,49.600000000,7.851052488,31.876963196,131.480713449,1.351454055,16.444150395,1.000000000
689,fixed_random_bfs,4838731496,512,23,489,388,500,497,0,0.000000000,10410.840000000,10403.002000000,10402.996000000,0.000000000,7.838000000,3919,3.400000000,7.851052488,26.696001930,115.049212352,1.647201236,13.762918249,1.000000000
690,fixed_random_bfs,1556356288,512,32,480,236,500,497,1,0.200000000,10410.840000000,10403.402000000,10402.570000000,0.826000000,7.438000000,3719,3.000000000,7.851052488,30.309886522,131.201100751,1.607224075,15.628261919,1.000000000
691,fixed_random_bfs,2082706086,512,41,471,730,500,497,0,0.000000000,10410.840000000,10396.598000000,10396.592000000,0.000000000,14.242000000,7121,5.400000000,7.851052488,26.694233448,112.855667899,1.323687011,13.758447028,1.000000000
692,spatial_uniform_bfs,1262328484,512,36,476,1191,500,497,2,0.400000000,10410.840000000,10408.710000000,10406.664000000,2.040000000,2.130000000,1065,2.000000000,7.851052488,25.943965388,106.511562851,1.012017346,13.349573508,1.000000000
693,fixed_random_bfs,8519150945,512,34,478,743,500,497,0,0.000000000,10410.840000000,10404.626000000,10404.620000000,0.000000000,6.214000000,3107,3.400000000,7.851052488,24.809854576,105.781159448,0.984911232,12.775078804,1.000000000
694,fixed_random_bfs,1163402614,512,45,467,1491,500,497,0,0.000000000,10410.840000000,10404.406000000,10404.400000000,0.000000000,6.434000000,3217,2.800000000,7.851052488,27.449204126,112.574163999,1.258319363,14.154639862,1.000000000
695,fixed_random_bfs,1143316832,512,28,484,425,500,497,0,0.000000000,10410.840000000,10387.594000000,10387.588000000,0.000000000,23.246000000,11623,7.600000000,7.851052488,27.442915942,102.252820550,1.579937137,14.124551880,1.000000000
696,history_hotspot_bfs,2225262331,512,34,478,329,500,497,23,4.600000000,10410.840000000,10366.638000000,10348.252000000,18.380000000,44.202000000,22101,22.800000000,7.851052488,27.435998494,111.552290800,1.190025284,14.118187965,1.000000000
697,fixed_random_bfs,1324735135,512,24,488,443,500,497,0,0.000000000,10410.840000000,10408.168000000,10408.162000000,0.000000000,2.672000000,1336,1.600000000,7.851052488,30.333938826,118.324264700,1.722303656,15.646495192,1.000000000
698,spatial_uniform_bfs,1300651782,512,29,483,653,500,497,0,0.000000000,10410.840000000,10407.928000000,10407.922000000,0.000000000,2.912000000,1456,1.600000000,7.851052488,25.578900676,102.664573251,1.665260497,13.175977151,1.000000000
699,fixed_random_bfs,8378138424,512,42,470,823,500,497,5,1.000000000,10410.840000000,10326.862000000,10322.282000000,4.574000000,83.978000000,41989,25.000000000,7.851052488,27.338085124,112.855104751,1.666958862,14.077249712,1.000000000
700,spatial_uniform_bfs,1300651875,512,34,478,994,500,497,0,0.000000000,10410.840000000,10407.618000000,10407.612000000,0.000000000,3.222000000,1611,2.200000000,7.851052488,27.401388886,117.435218600,1.264261735,14.117691564,1.000000000
701,fixed_random_bfs,8302243184,512,23,489,247,500,497,0,0.000000000,10410.840000000,10374.910000000,10374.904000000,0.000000000,35.930000000,17965,12.400000000,7.851052488,27.456640600,113.451986451,1.210258712,14.147601990,1.000000000
702,spatial_uniform_bfs,1147306140,512,31,481,631,500,497,2,0.400000000,10410.840000000,10408.756000000,10406.762000000,1.988000000,2.084000000,1042,2.200000000,7.851052488,31.390064734,125.558488098,0.992733259,16.190091724,1.000000000
703,fixed_random_bfs,708249429,512,26,486,298,500,497,0,0.000000000,10410.840000000,10408.054000000,10408.048000000,0.000000000,2.786000000,1393,1.000000000,7.851052488,27.224508548,114.100847949,1.217572523,14.030437827,1.000000000
704,spatial_uniform_bfs,1145564617,512,28,484,471,500,497,2,0.400000000,10410.840000000,10408.400000000,10406.434000000,1.960000000,2.440000000,1220,2.000000000,7.851052488,27.551031152,115.966778450,1.210696707,14.193714410,1.000000000
705,fixed_random_bfs,1518839621,512,17,495,272,500,497,0,0.000000000,10410.840000000,10410.284000000,10410.278000000,0.000000000,0.556000000,278,0.600000000,7.851052488,25.133085138,102.321592000,1.873949824,12.953560883,1.000000000
706,history_hotspot_bfs,2408303665,512,35,477,471,500,497,15,3.000000000,10410.840000000,10293.576000000,10279.920000000,13.650000000,117.264000000,58632,45.000000000,7.851052488,22.684517612,90.630279801,1.295593612,11.653513382,1.000000000
707,fixed_random_bfs,4115231465,512,27,485,626,500,497,0,0.000000000,10410.840000000,10408.654000000,10408.648000000,0.000000000,2.186000000,1093,0.800000000,7.851052488,29.798721790,122.215541803,1.540162876,15.366598633,1.000000000
708,history_hotspot_bfs,3013289569,512,40,472,611,500,497,7,1.400000000,10410.840000000,10349.064000000,10342.776000000,6.282000000,61.776000000,30888,23.000000000,7.851052488,31.866681102,133.443664450,1.881455944,16.450218176,1.000000000
709,fixed_random_bfs,4573702109,512,25,487,107,500,497,1,0.200000000,10410.840000000,10337.182000000,10336.302000000,0.874000000,73.658000000,36829,29.200000000,7.851052488,29.872122186,126.247149348,1.703821040,15.409491435,1.000000000
710,fixed_random_bfs,111648488,512,40,472,378,500,497,5,1.000000000,10410.840000000,10357.636000000,10355.242000000,2.388000000,53.204000000,26602,23.200000000,7.851052488,29.473531458,122.171398201,1.731240470,15.199115747,1.000000000
711,spatial_uniform_bfs,1262329292,512,31,481,788,500,497,2,0.400000000,10410.840000000,10408.006000000,10405.972000000,2.028000000,2.834000000,1417,2.200000000,7.851052488,23.783558370,105.006134499,1.074878043,12.231603690,1.000000000
712,fixed_random_bfs,114320452,512,27,485,220,500,497,5,1.000000000,10410.840000000,10346.372000000,10345.590000000,0.776000000,64.468000000,32234,28.600000000,7.851052488,27.627839628,117.363740102,1.666347601,14.221668050,1.000000000
713,fixed_random_bfs,2085233049,512,25,487,267,500,497,0,0.000000000,10410.840000000,10399.462000000,10399.456000000,0.000000000,11.378000000,5689,5.200000000,7.851052488,26.840189658,112.221442400,1.077177386,13.819294847,1.000000000
714,fixed_random_bfs,9118890351,512,52,460,1735,500,497,5,1.000000000,10410.840000000,10349.906000000,10345.370000000,4.530000000,60.934000000,30467,28.200000000,7.851052488,32.007171050,132.235577250,1.337809034,16.533212655,1.000000000
715,history_hotspot_bfs,3846229705,512,27,485,400,500,497,2,0.400000000,10410.840000000,10366.888000000,10365.166000000,1.716000000,43.952000000,21976,17.000000000,7.851052488,24.242737596,103.678316149,0.977126006,12.478919015,1.000000000
716,fixed_random_bfs,1207580771,512,29,483,211,500,497,0,0.000000000,10410.840000000,10394.440000000,10394.434000000,0.000000000,16.400000000,8200,5.000000000,7.851052488,27.463083358,115.663781901,1.665068924,14.142198498,1.000000000
717,history_hotspot_bfs,4478069023,512,54,458,796,500,497,18,3.600000000,10410.840000000,10318.992000000,10304.528000000,14.458000000,91.848000000,45924,39.600000000,7.851052488,27.682041272,114.456457250,1.647945130,14.246517992,1.000000000
718,fixed_random_bfs,1550555192,512,33,479,544,500,497,1,0.200000000,10410.840000000,10404.452000000,10403.554000000,0.892000000,6.388000000,3194,2.400000000,7.851052488,26.284936134,114.833474748,1.730920613,13.525307518,1.000000000
719,history_hotspot_bfs,4492375365,512,40,472,413,500,497,27,5.400000000,10410.840000000,10269.146000000,10254.318000000,14.822000000,141.694000000,70847,61.200000000,7.851052488,26.666333328,110.319995248,1.735690544,13.724292414,1.000000000
720,fixed_random_bfs,12040748703,512,25,487,252,500,497,0,0.000000000,10410.840000000,10406.344000000,10406.338000000,0.000000000,4.496000000,2248,1.600000000,7.851052488,24.285136114,101.541344600,1.428998449,12.499364964,1.000000000
721,fixed_random_bfs,2258130893,512,30,482,302,500,497,0,0.000000000,10410.840000000,10383.790000000,10383.784000000,0.000000000,27.050000000,13525,8.400000000,7.851052488,27.249735004,112.262657851,1.687178434,14.035754017,1.000000000
722,fixed_random_bfs,1187070119,512,26,486,529,500,497,0,0.000000000,10410.840000000,10405.930000000,10405.924000000,0.000000000,4.910000000,2455,1.200000000,7.851052488,31.724238754,132.246721050,1.288034407,16.387978002,1.000000000
723,history_hotspot_bfs,4685615426,512,32,480,255,500,497,19,3.800000000,10410.840000000,10248.814000000,10231.004000000,17.804000000,162.026000000,81013,59.800000000,7.851052488,30.678763214,126.957624752,1.332805447,15.825083312,1.000000000
724,fixed_random_bfs,8865527864,512,38,474,851,500,497,3,0.600000000,10410.840000000,10340.122000000,10337.342000000,2.774000000,70.718000000,35359,27.200000000,7.851052488,26.982630026,109.854181449,1.350757212,13.896422007,1.000000000
725,spatial_uniform_bfs,1262328869,512,26,486,650,500,497,2,0.400000000,10410.840000000,10408.186000000,10406.132000000,2.048000000,2.654000000,1327,2.000000000,7.851052488,29.341587936,115.727222299,1.324893238,15.100766940,1.000000000
726,fixed_random_bfs,1300694196,512,18,494,289,500,497,0,0.000000000,10410.840000000,10408.502000000,10408.496000000,0.000000000,2.338000000,1169,0.800000000,7.851052488,23.543846714,95.235232501,1.068317989,12.109576930,1.000000000
727,fixed_random_bfs,1199517281,512,27,485,426,500,497,0,0.000000000,10410.840000000,10409.862000000,10409.856000000,0.000000000,0.978000000,489,0.400000000,7.851052488,27.572361514,112.121467552,1.203053622,14.198705519,1.000000000
728,history_hotspot_bfs,6249311590,512,44,468,514,500,497,35,7.000000000,10410.840000000,10359.402000000,10344.332000000,15.064000000,51.438000000,25719,26.000000000,7.851052488,32.121628758,135.919530202,1.269167299,16.552956643,1.000000000
729,fixed_random_bfs,4561923942,512,30,482,588,500,497,0,0.000000000,10410.840000000,10409.770000000,10409.764000000,0.000000000,1.070000000,535,0.600000000,7.851052488,27.608904020,117.721293050,1.445964908,14.227802362,1.000000000
730,fixed_random_bfs,4479824201,512,19,493,307,500,497,2,0.400000000,10410.840000000,10390.216000000,10388.166000000,2.044000000,20.624000000,10312,6.600000000,7.851052488,23.378755826,95.413014203,1.398852580,12.021375311,1.000000000
731,fixed_random_bfs,3522106293,512,30,482,50,500,497,1,0.200000000,10410.840000000,10361.146000000,10361.092000000,0.048000000,49.694000000,24847,38.800000000,7.851052488,27.232999582,115.214545600,1.183119875,14.034465080,1.000000000
732,fixed_random_bfs,12383375527,512,25,487,358,500,497,0,0.000000000,10410.840000000,10406.914000000,10406.908000000,0.000000000,3.926000000,1963,1.200000000,7.851052488,27.620489958,114.354413151,1.214713835,14.237547835,1.000000000
733,history_hotspot_bfs,10838978988,512,46,466,515,500,497,19,3.800000000,10410.840000000,10284.478000000,10270.372000000,14.100000000,126.362000000,63181,56.600000000,7.851052488,32.129180730,137.661439151,1.749659553,16.580220469,1.000000000
734,fixed_random_bfs,1305103908,512,39,473,375,500,497,7,1.400000000,10410.840000000,10311.736000000,10306.632000000,5.098000000,99.104000000,49552,34.600000000,7.851052488,27.572645682,114.837151598,1.372459488,14.194289584,1.000000000
735,fixed_random_bfs,4391191769,512,44,468,1015,500,497,0,0.000000000,10410.840000000,10396.136000000,10396.130000000,0.000000000,14.704000000,7352,5.600000000,7.851052488,23.442962446,102.919028548,0.939470625,12.059766919,1.000000000
736,fixed_random_bfs,4494941245,512,32,480,659,500,497,0,0.000000000,10410.840000000,10358.148000000,10358.142000000,0.000000000,52.692000000,26346,16.800000000,7.851052488,27.344261482,113.800378599,1.204389443,14.088745395,1.000000000
737,history_hotspot_bfs,12328889057,512,31,481,241,500,497,27,5.400000000,10410.840000000,10272.446000000,10251.490000000,20.950000000,138.394000000,69197,51.000000000,7.851052488,22.717155076,92.886835749,0.923194573,11.666368343,1.000000000
738,fixed_random_bfs,5264715110,512,25,487,349,500,497,1,0.200000000,10410.840000000,10382.872000000,10381.968000000,0.898000000,27.968000000,13984,10.400000000,7.851052488,29.082855964,124.506016397,1.803119616,14.995713783,1.000000000
739,spatial_uniform_bfs,1262328436,512,22,490,365,500,497,2,0.400000000,10410.840000000,10406.926000000,10404.904000000,2.016000000,3.914000000,1957,2.800000000,7.851052488,31.484443916,129.258187098,1.494283643,16.248381536,1.000000000
740,history_hotspot_bfs,12610270513,512,47,465,421,500,497,42,8.400000000,10410.840000000,10241.028000000,10222.826000000,18.196000000,169.812000000,84906,69.600000000,7.851052488,27.232120568,113.836112951,1.651938410,14.030475209,1.000000000
741,fixed_random_bfs,1548073771,512,24,488,274,500,497,3,0.600000000,10410.840000000,10373.614000000,10370.730000000,2.878000000,37.226000000,18613,15.000000000,7.851052488,27.834701496,116.465144449,1.291528082,14.354474783,1.000000000
742,history_hotspot_bfs,13097194813,512,47,465,438,500,497,30,6.000000000,10410.840000000,10237.254000000,10220.234000000,17.014000000,173.586000000,86793,71.600000000,7.851052488,27.467166324,115.785605450,1.692635824,14.135033542,1.000000000
743,fixed_random_bfs,10913216606,512,42,470,642,500,497,14,2.800000000,10410.840000000,10297.364000000,10285.918000000,11.440000000,113.476000000,56738,46.800000000,7.851052488,23.399325368,99.039023050,1.016532762,12.031753699,1.000000000
744,fixed_random_bfs,12383375418,512,21,491,277,500,497,0,0.000000000,10410.840000000,10407.218000000,10407.212000000,0.000000000,3.622000000,1811,1.200000000,7.851052488,28.519346154,117.003749299,1.575277348,14.699095059,1.000000000
745,fixed_random_bfs,1318770020,512,21,491,420,500,497,1,0.200000000,10410.840000000,10403.844000000,10402.814000000,1.024000000,6.996000000,3498,2.400000000,7.851052488,29.879714476,121.908953900,1.197813223,15.389708441,1.000000000
746,fixed_random_bfs,1147306840,512,33,479,479,500,497,1,0.200000000,10410.840000000,10377.254000000,10376.398000000,0.850000000,33.586000000,16793,12.200000000,7.851052488,32.021856826,134.459790298,1.673358980,16.540584492,1.000000000
747,history_hotspot_bfs,429205569,512,33,479,416,500,497,21,4.200000000,10410.840000000,10367.672000000,10349.430000000,18.236000000,43.168000000,21584,22.200000000,7.851052488,27.266435484,112.020924001,1.736812092,14.030202144,1.000000000
748,fixed_random_bfs,314046505,512,38,474,490,500,497,5,1.000000000,10410.840000000,10325.540000000,10322.900000000,2.634000000,85.300000000,42650,29.000000000,7.851052488,24.064678090,99.060891699,1.345701472,12.379772655,1.000000000
749,fixed_random_bfs,454550116,512,34,478,618,500,497,1,0.200000000,10410.840000000,10371.014000000,10370.060000000,0.948000000,39.826000000,19913,15.200000000,7.851052488,24.905730322,101.703649850,1.396186423,12.822833605,1.000000000
750,history_hotspot_bfs,478632387,512,31,481,275,500,497,30,6.000000000,10410.840000000,10275.928000000,10255.504000000,20.418000000,134.912000000,67456,55.400000000,7.851052488,27.304078098,112.696956850,1.749911884,14.043554394,1.000000000
751,fixed_random_bfs,4720729860,512,17,495,272,500,497,0,0.000000000,10410.840000000,10409.012000000,10409.006000000,0.000000000,1.828000000,914,0.600000000,7.851052488,26.858028452,112.054515448,1.664643009,13.847911138,1.000000000
752,history_hotspot_bfs,1386051845,512,42,470,164,500,497,100,20.000000000,10410.840000000,10228.948000000,10191.902000000,37.040000000,181.892000000,90946,69.400000000,7.851052488,26.646072092,109.182453399,1.600644321,13.652922347,1.000000000
753,fixed_random_bfs,1323015583,512,19,493,306,500,497,0,0.000000000,10410.840000000,10410.790000000,10410.784000000,0.000000000,0.050000000,25,0.800000000,7.851052488,31.741822084,132.421689001,1.265944348,16.385930242,1.000000000
754,fixed_random_bfs,12291327681,512,31,481,338,500,497,1,0.200000000,10410.840000000,10381.576000000,10380.732000000,0.838000000,29.264000000,14632,11.000000000,7.851052488,27.033253054,113.075532851,1.251873839,13.927319702,1.000000000
755,fixed_random_bfs,1322608483,512,25,487,336,500,497,0,0.000000000,10410.840000000,10407.678000000,10407.672000000,0.000000000,3.162000000,1581,1.800000000,7.851052488,23.724499262,96.323969903,1.310416111,12.210216483,1.000000000
756,spatial_uniform_bfs,1262329086,512,25,487,466,500,497,2,0.400000000,10410.840000000,10407.232000000,10405.214000000,2.012000000,3.608000000,1804,2.800000000,7.851052488,23.151730260,98.660944000,1.335189911,11.906443221,1.000000000
757,fixed_random_bfs,11059585765,512,18,494,98,500,497,0,0.000000000,10410.840000000,10361.670000000,10361.664000000,0.000000000,49.170000000,24585,16.400000000,7.851052488,31.481665928,131.719606051,1.498452586,16.265532187,1.000000000
758,history_hotspot_bfs,2245786974,512,38,474,229,500,497,107,21.400000000,10410.840000000,10243.266000000,10182.750000000,60.510000000,167.574000000,83787,67.200000000,7.851052488,29.253352306,128.246641202,1.351944437,14.969454708,1.000000000
759,fixed_random_bfs,733884026,512,37,475,197,500,497,0,0.000000000,10410.840000000,10393.828000000,10393.822000000,0.000000000,17.012000000,8506,7.000000000,7.851052488,27.009206504,113.701762600,1.178822441,13.908455063,1.000000000
760,history_hotspot_bfs,2355306655,512,37,475,259,500,497,28,5.600000000,10410.840000000,10264.216000000,10252.920000000,11.290000000,146.624000000,73312,53.600000000,7.851052488,27.234766236,116.641495703,1.192312464,14.026582094,1.000000000
761,fixed_random_bfs,4537191778,512,18,494,273,500,497,0,0.000000000,10410.840000000,10403.582000000,10403.576000000,0.000000000,7.258000000,3629,2.000000000,7.851052488,24.579548094,101.601714949,0.976408138,12.647458284,1.000000000
762,fixed_random_bfs,1131292063,512,37,475,244,500,497,1,0.200000000,10410.840000000,10369.676000000,10369.020000000,0.650000000,41.164000000,20582,16.800000000,7.851052488,31.599521584,130.350625897,1.676830581,16.326654953,1.000000000
763,fixed_random_bfs,292314114,512,37,475,660,500,497,1,0.200000000,10410.840000000,10400.912000000,10400.016000000,0.890000000,9.928000000,4964,5.000000000,7.851052488,26.596627584,106.865350451,1.040824080,13.676488582,1.000000000
764,fixed_random_bfs,8519207848,512,22,490,277,500,497,0,0.000000000,10410.840000000,10408.708000000,10408.702000000,0.000000000,2.132000000,1066,1.600000000,7.851052488,27.155984466,111.788402501,1.171582042,13.989079889,1.000000000
765,history_hotspot_bfs,2511664799,512,33,479,187,500,497,54,10.800000000,10410.840000000,10257.606000000,10226.888000000,30.712000000,153.234000000,76617,65.200000000,7.851052488,31.583058150,134.370504951,1.273740109,16.264187530,1.000000000
766,fixed_random_bfs,1326188426,512,29,483,246,500,497,0,0.000000000,10410.840000000,10403.858000000,10403.852000000,0.000000000,6.982000000,3491,2.000000000,7.851052488,27.275199528,112.535271450,1.199022227,14.053210500,1.000000000
767,fixed_random_bfs,9598450074,512,24,488,466,500,497,0,0.000000000,10410.840000000,10395.428000000,10395.422000000,0.000000000,15.412000000,7706,5.800000000,7.851052488,26.698380996,112.064375500,1.176444530,13.761485624,1.000000000
768,fixed_random_bfs,1147305171,512,36,476,566,500,497,2,0.400000000,10410.840000000,10387.972000000,10386.758000000,1.208000000,22.868000000,11434,8.400000000,7.851052488,26.873536672,109.949706452,1.166070718,13.845746172,1.000000000
769,fixed_random_bfs,2525455290,512,31,481,367,500,497,0,0.000000000,10410.840000000,10409.540000000,10409.534000000,0.000000000,1.300000000,650,0.600000000,7.851052488,32.051613472,134.030441850,1.815228728,16.561662250,1.000000000
770,spatial_uniform_bfs,1262328634,512,28,484,584,500,497,0,0.000000000,10410.840000000,10405.650000000,10405.644000000,0.000000000,5.190000000,2595,2.600000000,7.851052488,25.692332006,104.136838900,1.018748080,13.220668975,1.000000000
771,history_hotspot_bfs,3896082166,512,48,464,599,500,497,6,1.200000000,10410.840000000,10344.878000000,10341.742000000,3.130000000,65.962000000,32981,23.000000000,7.851052488,23.703417390,98.120091502,1.346057553,12.190742648,1.000000000
772,fixed_random_bfs,7859526776,512,39,473,432,500,497,18,3.600000000,10410.840000000,10264.078000000,10251.216000000,12.856000000,146.762000000,73381,53.800000000,7.851052488,26.805980936,113.942338150,1.574147745,13.805028399,1.000000000
773,spatial_uniform_bfs,1148228262,512,34,478,783,500,497,0,0.000000000,10410.840000000,10406.272000000,10406.266000000,0.000000000,4.568000000,2284,2.600000000,7.851052488,27.045251494,114.450415749,1.687008807,13.943830777,1.000000000
774,fixed_random_bfs,1801521836,512,26,486,316,500,497,0,0.000000000,10410.840000000,10392.534000000,10392.528000000,0.000000000,18.306000000,9153,7.400000000,7.851052488,24.831379874,99.895388000,1.359175197,12.775427168,1.000000000
775,fixed_random_bfs,705402277,512,31,481,288,500,497,0,0.000000000,10410.840000000,10391.648000000,10391.642000000,0.000000000,19.192000000,9596,6.600000000,7.851052488,25.693386844,107.619063952,1.706971743,13.210890120,1.000000000
776,fixed_random_bfs,2083726496,512,32,480,656,500,497,0,0.000000000,10410.840000000,10380.736000000,10380.730000000,0.000000000,30.104000000,15052,9.200000000,7.851052488,25.803206206,97.175084352,1.363744484,13.291020371,1.000000000
777,fixed_random_bfs,4761603005,512,35,477,525,500,497,0,0.000000000,10410.840000000,10385.006000000,10385.000000000,0.000000000,25.834000000,12917,9.800000000,7.851052488,31.659972732,132.171075051,1.303574064,16.357391334,1.000000000
778,fixed_random_bfs,5284452758,512,37,475,248,500,497,30,6.000000000,10410.840000000,10266.570000000,10250.808000000,15.756000000,144.270000000,72135,51.600000000,7.851052488,26.799478498,111.966347551,1.309646104,13.788140937,1.000000000
779,fixed_random_bfs,4463941158,512,32,480,372,500,497,3,0.600000000,10410.840000000,10384.192000000,10382.590000000,1.596000000,26.648000000,13324,9.600000000,7.851052488,27.084913500,111.413491951,1.627495087,13.958564055,1.000000000
780,fixed_random_bfs,4494978000,512,26,486,467,500,497,0,0.000000000,10410.840000000,10364.270000000,10364.264000000,0.000000000,46.570000000,23285,14.000000000,7.851052488,30.599974786,128.233151500,1.338083932,15.795879090,1.000000000
781,fixed_random_bfs,1316576228,512,29,483,604,500,497,0,0.000000000,10410.840000000,10386.174000000,10386.168000000,0.000000000,24.666000000,12333,9.200000000,7.851052488,27.270904856,115.017348100,1.734386755,14.048855599,1.000000000
782,fixed_random_bfs,1316566983,512,27,485,448,500,497,1,0.200000000,10410.840000000,10388.544000000,10388.142000000,0.396000000,22.296000000,11148,6.200000000,7.851052488,23.440953060,92.070039898,1.693648769,12.067571176,1.000000000
783,fixed_random_bfs,4437048875,512,36,476,797,500,497,0,0.000000000,10410.840000000,10409.194000000,10409.188000000,0.000000000,1.646000000,823,0.600000000,7.851052488,27.073691722,112.124738149,1.672298515,13.955960851,1.000000000
784,fixed_random_bfs,1076761242,512,26,486,577,500,497,0,0.000000000,10410.840000000,10403.876000000,10403.870000000,0.000000000,6.964000000,3482,2.800000000,7.851052488,31.744312234,135.965703350,1.723452150,16.395300128,1.000000000
785,history_hotspot_bfs,10884254804,512,44,468,170,500,497,3,0.600000000,10410.840000000,10342.464000000,10341.670000000,0.788000000,68.376000000,34188,36.200000000,7.851052488,26.145580080,104.147923897,0.922276928,13.460065279,1.000000000
786,fixed_random_bfs,3892627987,512,22,490,296,500,497,0,0.000000000,10410.840000000,10407.324000000,10407.318000000,0.000000000,3.516000000,1758,1.800000000,7.851052488,26.211236492,110.229906898,1.484445794,13.483382864,1.000000000
787,fixed_random_bfs,3570149272,512,29,483,198,500,497,1,0.200000000,10410.840000000,10357.204000000,10357.184000000,0.014000000,53.636000000,26818,18.200000000,7.851052488,26.286533298,109.164982399,1.175753520,13.537857749,1.000000000
788,history_hotspot_bfs,12111398076,512,34,478,241,500,497,38,7.600000000,10410.840000000,10225.508000000,10202.270000000,23.232000000,185.332000000,92666,67.800000000,7.851052488,31.910944916,132.248244652,1.289547817,16.447510495,1.000000000
789,fixed_random_bfs,125800775,512,29,483,469,500,497,1,0.200000000,10410.840000000,10380.694000000,10379.736000000,0.952000000,30.146000000,15073,10.200000000,7.851052488,27.496661434,111.605325499,1.186022170,14.159312161,1.000000000
790,fixed_random_bfs,4477707012,512,28,484,253,500,497,19,3.800000000,10410.840000000,10289.448000000,10278.424000000,11.018000000,121.392000000,60696,51.000000000,7.851052488,27.707896572,113.748040098,1.219718995,14.269898719,1.000000000
791,spatial_uniform_bfs,1148227852,512,33,479,771,500,497,0,0.000000000,10410.840000000,10405.446000000,10405.440000000,0.000000000,5.394000000,2697,3.200000000,7.851052488,23.113045630,96.351259051,0.961324283,11.884393430,1.000000000
792,fixed_random_bfs,1322210314,512,21,491,276,500,497,0,0.000000000,10410.840000000,10406.550000000,10406.544000000,0.000000000,4.290000000,2145,2.200000000,7.851052488,23.562912564,91.843917602,0.959456673,12.120237797,1.000000000
793,fixed_random_bfs,12163209409,512,33,479,708,500,497,0,0.000000000,10410.840000000,10364.748000000,10364.742000000,0.000000000,46.092000000,23046,14.800000000,7.851052488,31.946763750,135.068781001,1.381252944,16.500582039,1.000000000
794,fixed_random_bfs,1548067813,512,15,497,88,500,497,3,0.600000000,10410.840000000,10355.816000000,10352.998000000,2.812000000,55.024000000,27512,19.000000000,7.851052488,31.180184658,129.838429899,1.748299269,16.087842918,1.000000000
795,fixed_random_bfs,4758581080,512,30,482,493,500,497,3,0.600000000,10410.840000000,10326.208000000,10323.238000000,2.964000000,84.632000000,42316,25.800000000,7.851052488,24.627529782,103.994573300,0.924630151,12.672252116,1.000000000
796,history_hotspot_bfs,435759031,512,36,476,562,500,497,23,4.600000000,10410.840000000,10368.972000000,10347.138000000,21.828000000,41.868000000,20934,19.800000000,7.851052488,27.259861150,111.907654552,1.187682724,14.023769385,1.000000000
797,fixed_random_bfs,12461735905,512,25,487,119,500,497,0,0.000000000,10410.840000000,10399.148000000,10399.142000000,0.000000000,11.692000000,5846,5.600000000,7.851052488,27.720056078,113.043568148,1.178366231,14.281516546,1.000000000
798,fixed_random_bfs,11377962749,512,29,483,153,500,497,2,0.400000000,10410.840000000,10361.426000000,10361.362000000,0.058000000,49.414000000,24707,15.800000000,7.851052488,27.531598860,123.993676702,1.674623945,14.193570476,1.000000000
799,spatial_uniform_bfs,1148228645,512,40,472,1231,500,497,0,0.000000000,10410.840000000,10404.462000000,10404.456000000,0.000000000,6.378000000,3189,3.200000000,7.851052488,27.234123090,112.217634599,1.229534087,14.041245562,1.000000000
800,fixed_random_bfs,280240227,512,24,488,78,500,497,0,0.000000000,10410.840000000,10389.218000000,10389.212000000,0.000000000,21.622000000,10811,8.400000000,7.851052488,28.167064810,117.938758901,1.709539491,14.514066599,1.000000000
801,fixed_random_bfs,1188393879,512,26,486,554,500,497,0,0.000000000,10410.840000000,10405.168000000,10405.162000000,0.000000000,5.672000000,2836,1.600000000,7.851052488,24.609194424,101.257716250,0.897602512,12.680223928,1.000000000
802,history_hotspot_bfs,2053583469,512,57,455,709,500,497,15,3.000000000,10410.840000000,10268.278000000,10263.410000000,4.862000000,142.562000000,71281,56.600000000,7.851052488,31.605070314,131.148109949,1.257503145,16.292712199,1.000000000
803,fixed_random_bfs,1640863402,512,32,480,931,500,497,0,0.000000000,10410.840000000,10409.354000000,10409.348000000,0.000000000,1.486000000,743,0.600000000,7.851052488,28.150046294,115.822722852,1.378128478,14.517410092,1.000000000
804,fixed_random_bfs,1199517179,512,18,494,213,500,497,0,0.000000000,10410.840000000,10409.852000000,10409.846000000,0.000000000,0.988000000,494,0.200000000,7.851052488,27.334505814,114.607772399,1.692924971,14.087286473,1.000000000
805,spatial_uniform_bfs,1262329143,512,32,480,902,500,497,0,0.000000000,10410.840000000,10405.218000000,10405.212000000,0.000000000,5.622000000,2811,2.600000000,7.851052488,22.691355058,92.262604153,1.401083034,11.669638915,1.000000000
806,fixed_random_bfs,3170147742,512,28,484,627,500,497,0,0.000000000,10410.840000000,10409.134000000,10409.128000000,0.000000000,1.706000000,853,1.200000000,7.851052488,28.486157018,120.603856152,1.952913022,14.671600874,1.000000000
807,fixed_random_bfs,11016886036,512,22,490,227,500,497,4,0.800000000,10410.840000000,10312.496000000,10308.608000000,3.882000000,98.344000000,49172,27.000000000,7.851052488,25.597685804,106.594919650,1.661758893,13.166749806,1.000000000
808,fixed_random_bfs,1548061658,512,31,481,683,500,497,3,0.600000000,10410.840000000,10381.450000000,10378.504000000,2.940000000,29.390000000,14695,11.600000000,7.851052488,32.249928538,134.268884151,1.736942626,16.635220634,1.000000000
809,history_hotspot_bfs,3148917487,512,53,459,484,500,497,43,8.600000000,10410.840000000,10256.336000000,10235.532000000,20.798000000,154.504000000,77252,64.200000000,7.851052488,31.406642940,128.959593402,1.500642237,16.179178681,1.000000000
810,fixed_random_bfs,1222473654,512,21,491,381,500,497,1,0.200000000,10410.840000000,10386.264000000,10385.250000000,1.008000000,24.576000000,12288,9.800000000,7.851052488,27.433279932,115.381971751,1.636460629,14.136497047,1.000000000
811,history_hotspot_bfs,3387597070,512,31,481,144,500,497,116,23.200000000,10410.840000000,10265.808000000,10205.126000000,60.676000000,145.032000000,72516,61.600000000,7.851052488,31.789750170,131.627787249,1.828996393,16.301326050,1.000000000
812,fixed_random_bfs,2083229096,512,23,489,345,500,497,0,0.000000000,10410.840000000,10377.138000000,10377.132000000,0.000000000,33.702000000,16851,11.200000000,7.851052488,30.319557848,133.784325050,1.167067272,15.647717195,1.000000000
813,fixed_random_bfs,1520370267,512,27,485,230,500,497,0,0.000000000,10410.840000000,10405.244000000,10405.238000000,0.000000000,5.596000000,2798,2.600000000,7.851052488,27.801763024,116.407655552,1.744213059,14.319044138,1.000000000
814,fixed_random_bfs,1324734395,512,25,487,530,500,497,0,0.000000000,10410.840000000,10408.716000000,10408.710000000,0.000000000,2.124000000,1062,1.200000000,7.851052488,26.919351626,112.109401649,1.673247342,13.872385498,1.000000000
815,history_hotspot_bfs,4492375942,512,47,465,631,500,497,16,3.200000000,10410.840000000,10309.884000000,10295.694000000,14.184000000,100.956000000,50478,41.200000000,7.851052488,23.750180646,100.173684549,1.781988896,12.215651328,1.000000000
816,spatial_uniform_bfs,1163402484,512,29,483,655,500,497,0,0.000000000,10410.840000000,10404.786000000,10404.780000000,0.000000000,6.054000000,3027,2.600000000,7.851052488,22.061819702,90.583101952,0.950806823,11.342752288,1.000000000
817,history_hotspot_bfs,4505215363,512,35,477,443,500,497,15,3.000000000,10410.840000000,10272.196000000,10262.006000000,10.184000000,138.644000000,69322,51.200000000,7.851052488,27.294891650,117.779046649,1.183405963,14.054571008,1.000000000
818,fixed_random_bfs,1550566756,512,28,484,409,500,497,0,0.000000000,10410.840000000,10402.930000000,10402.924000000,0.000000000,7.910000000,3955,2.200000000,7.851052488,23.348520510,91.647835353,0.957000885,12.002527965,1.000000000
819,fixed_random_bfs,1142606001,512,30,482,407,500,497,4,0.800000000,10410.840000000,10324.192000000,10321.482000000,2.704000000,86.648000000,43324,45.400000000,7.851052488,27.329804060,113.005172449,1.236951942,14.083275111,1.000000000
820,fixed_random_bfs,1143318298,512,26,486,319,500,497,0,0.000000000,10410.840000000,10392.306000000,10392.300000000,0.000000000,18.534000000,9267,6.200000000,7.851052488,28.129749052,113.751019948,1.544176573,14.492806376,1.000000000
821,history_hotspot_bfs,9134232264,512,30,482,188,500,497,3,0.600000000,10410.840000000,10366.884000000,10365.490000000,1.388000000,43.956000000,21978,14.800000000,7.851052488,25.346691548,104.891973249,1.179045147,13.050329274,1.000000000
822,fixed_random_bfs,293561772,512,12,500,75,500,497,0,0.000000000,10410.840000000,10390.666000000,10390.660000000,0.000000000,20.174000000,10087,5.600000000,7.851052488,31.448407388,131.091165148,1.393842953,16.243085835,1.000000000
823,history_hotspot_bfs,9381515170,512,46,466,600,500,497,15,3.000000000,10410.840000000,10268.230000000,10255.276000000,12.948000000,142.610000000,71305,55.400000000,7.851052488,27.367539276,113.873411603,1.210732887,14.090739480,1.000000000
824,fixed_random_bfs,1328041520,512,31,481,193,500,497,0,0.000000000,10410.840000000,10396.176000000,10396.170000000,0.000000000,14.664000000,7332,6.400000000,7.851052488,32.532332142,135.571756602,1.310700752,16.795332520,1.000000000
825,fixed_random_bfs,111467285,512,19,493,149,500,497,20,4.000000000,10410.840000000,10272.362000000,10254.754000000,17.602000000,138.478000000,69239,60.200000000,7.851052488,23.595609952,98.407921551,1.383646345,12.137642529,1.000000000
826,spatial_uniform_bfs,1148228101,512,42,470,1241,500,497,0,0.000000000,10410.840000000,10405.490000000,10405.484000000,0.000000000,5.350000000,2675,2.800000000,7.851052488,27.135553420,113.912101201,1.249181609,13.989482695,1.000000000
827,fixed_random_bfs,9081913534,512,17,495,226,500,497,0,0.000000000,10410.840000000,10409.782000000,10409.776000000,0.000000000,1.058000000,529,0.600000000,7.851052488,26.089735938,106.290890151,1.340556772,13.450583416,1.000000000
828,history_hotspot_bfs,9841388825,512,22,490,284,500,497,2,0.400000000,10410.840000000,10368.244000000,10366.358000000,1.880000000,42.596000000,21298,15.600000000,7.851052488,23.263101362,98.754254850,1.210478188,11.964883713,1.000000000
829,fixed_random_bfs,1187119111,512,21,491,203,500,497,0,0.000000000,10410.840000000,10406.164000000,10406.158000000,0.000000000,4.676000000,2338,1.800000000,7.851052488,27.617322052,111.818310402,1.233157140,14.232320053,1.000000000
830,fixed_random_bfs,1919773620,512,41,471,1033,500,497,1,0.200000000,10410.840000000,10381.608000000,10380.640000000,0.962000000,29.232000000,14616,9.600000000,7.851052488,30.651927396,130.237700701,1.862570961,15.800426996,1.000000000
831,history_hotspot_bfs,11018676585,512,40,472,594,500,497,18,3.600000000,10410.840000000,10256.266000000,10239.962000000,16.298000000,154.574000000,77287,58.800000000,7.851052488,26.974650826,109.030259599,1.203164028,13.883769725,1.000000000
832,fixed_random_bfs,2854248778,512,18,494,257,500,497,3,0.600000000,10410.840000000,10394.494000000,10391.446000000,3.042000000,16.346000000,8173,7.000000000,7.851052488,25.519273032,100.681874949,1.670674925,13.134852824,1.000000000
833,history_hotspot_bfs,12456103086,512,20,492,138,500,497,19,3.800000000,10410.840000000,10268.238000000,10255.720000000,12.512000000,142.602000000,71301,62.400000000,7.851052488,31.507717236,137.213898600,1.351527477,16.259907156,1.000000000
834,fixed_random_bfs,6228577942,512,27,485,248,500,497,0,0.000000000,10410.840000000,10383.718000000,10383.712000000,0.000000000,27.122000000,13561,8.600000000,7.851052488,27.760817922,115.195647147,1.662815320,14.271859727,1.000000000
835,fixed_random_bfs,1520366710,512,23,489,383,500,497,0,0.000000000,10410.840000000,10406.590000000,10406.584000000,0.000000000,4.250000000,2125,1.800000000,7.851052488,27.443050446,115.384791748,1.702095462,14.140302026,1.000000000
836,fixed_random_bfs,13007100842,512,19,493,49,500,497,3,0.600000000,10410.840000000,10366.668000000,10365.308000000,1.354000000,44.172000000,22086,14.800000000,7.851052488,27.371609748,114.212971152,1.440415703,14.109918654,1.000000000
837,history_hotspot_bfs,13430226018,512,50,462,861,500,497,9,1.800000000,10410.840000000,10315.074000000,10309.020000000,6.048000000,95.766000000,47883,40.600000000,7.851052488,28.541980386,119.793896502,1.008238007,14.682067024,1.000000000
838,fixed_random_bfs,12131036962,512,14,498,38,500,497,0,0.000000000,10410.840000000,10399.544000000,10399.538000000,0.000000000,11.296000000,5648,5.200000000,7.851052488,27.528147756,112.994413401,1.638917303,14.178550557,1.000000000
839,fixed_random_bfs,64650189,512,25,487,553,500,497,0,0.000000000,10410.840000000,10383.736000000,10383.730000000,0.000000000,27.104000000,13552,9.000000000,7.851052488,31.303301106,131.006528850,1.687397294,16.155654793,1.000000000
840,history_hotspot_bfs,124384923,512,29,483,275,500,497,28,5.600000000,10410.840000000,10268.362000000,10253.100000000,15.256000000,142.478000000,71239,55.200000000,7.851052488,25.308653892,100.693332150,0.906277173,13.019704304,1.000000000
841,fixed_random_bfs,1520382617,512,26,486,490,500,497,0,0.000000000,10410.840000000,10409.362000000,10409.356000000,0.000000000,1.478000000,739,1.000000000,7.851052488,23.460920074,95.906600700,1.390306826,12.072261779,1.000000000
842,history_hotspot_bfs,137819394,512,31,481,262,500,497,53,10.600000000,10410.840000000,10248.588000000,10222.050000000,26.532000000,162.252000000,81126,59.200000000,7.851052488,26.990579372,113.947665598,1.654857105,13.876086182,1.000000000
843,fixed_random_bfs,2469471998,512,27,485,211,500,497,0,0.000000000,10410.840000000,10405.444000000,10405.438000000,0.000000000,5.396000000,2698,4.600000000,7.851052488,26.993335734,111.701131299,1.628600890,13.910374127,1.000000000
844,fixed_random_bfs,1731183139,512,32,480,816,500,497,0,0.000000000,10410.840000000,10402.738000000,10402.732000000,0.000000000,8.102000000,4051,2.200000000,7.851052488,31.747445510,130.534343152,1.826718240,16.395126569,1.000000000
845,history_hotspot_bfs,343646665,512,55,457,914,500,497,8,1.600000000,10410.840000000,10285.156000000,10280.272000000,4.878000000,125.684000000,62842,58.000000000,7.851052488,26.915415356,113.074148701,1.717475934,13.861505921,1.000000000
846,fixed_random_bfs,5307690002,512,43,469,1199,500,497,13,2.600000000,10410.840000000,10333.136000000,10321.400000000,11.730000000,77.704000000,38852,27.600000000,7.851052488,27.072805020,111.763517200,1.708746865,13.939242848,1.000000000
847,history_hotspot_bfs,343646666,512,41,471,431,500,497,12,2.400000000,10410.840000000,10297.056000000,10287.128000000,9.922000000,113.784000000,56892,52.200000000,7.851052488,29.452292378,124.261867700,1.330914763,15.168239380,1.000000000
848,fixed_random_bfs,1436603178,512,24,488,208,500,497,0,0.000000000,10410.840000000,10400.222000000,10400.216000000,0.000000000,10.618000000,5309,5.000000000,7.851052488,22.617436396,93.566076302,1.029370414,11.634929857,1.000000000
849,fixed_random_bfs,1143317142,512,37,475,334,500,497,8,1.600000000,10410.840000000,10323.994000000,10318.770000000,5.218000000,86.846000000,43423,33.600000000,7.851052488,22.401656416,90.510620001,0.901129900,11.506636098,1.000000000
850,fixed_random_bfs,13945733928,512,26,486,295,500,497,0,0.000000000,10410.840000000,10385.798000000,10385.792000000,0.000000000,25.042000000,12521,5.800000000,7.851052488,30.848143250,127.526899799,1.666346597,15.925929298,1.000000000
851,fixed_random_bfs,10915059235,512,39,473,403,500,497,4,0.800000000,10410.840000000,10330.504000000,10328.896000000,1.602000000,80.336000000,40168,32.400000000,7.851052488,31.359908754,130.642287551,1.364169776,16.175524402,1.000000000
852,fixed_random_bfs,12128031535,512,27,485,368,500,497,0,0.000000000,10410.840000000,10383.912000000,10383.906000000,0.000000000,26.928000000,13464,7.000000000,7.851052488,24.980528010,97.665293551,1.091131174,12.856108049,1.000000000
853,spatial_uniform_bfs,1262328468,512,35,477,1058,500,497,0,0.000000000,10410.840000000,10404.122000000,10404.116000000,0.000000000,6.718000000,3359,3.200000000,7.851052488,26.904972776,112.577725499,1.604245634,13.861640750,1.000000000
854,fixed_random_bfs,13012313553,512,38,474,473,500,497,2,0.400000000,10410.840000000,10344.206000000,10342.376000000,1.824000000,66.634000000,33317,23.400000000,7.851052488,28.307231566,121.278318398,1.279710263,14.578352174,1.000000000
855,history_hotspot_bfs,1664454455,512,33,479,352,500,497,23,4.600000000,10410.840000000,10307.368000000,10290.382000000,16.980000000,103.472000000,51736,40.600000000,7.851052488,27.428529066,114.017924952,1.633976538,14.119774331,1.000000000
856,fixed_random_bfs,5849890921,512,41,471,493,500,497,9,1.800000000,10410.840000000,10295.124000000,10287.996000000,7.122000000,115.716000000,57858,42.200000000,7.851052488,28.897553858,121.331667847,1.063990251,14.849141398,1.000000000
857,fixed_random_bfs,1037307083,512,24,488,363,500,497,0,0.000000000,10410.840000000,10389.626000000,10389.620000000,0.000000000,21.214000000,10607,8.400000000,7.851052488,30.575326888,127.200405999,1.189505733,15.794693981,1.000000000
858,history_hotspot_bfs,1788786017,512,36,476,824,500,497,7,1.400000000,10410.840000000,10314.136000000,10307.510000000,6.620000000,96.704000000,48352,30.600000000,7.851052488,24.349257692,101.498760500,0.983164537,12.516222743,1.000000000
859,fixed_random_bfs,25532144,512,42,470,162,500,497,2,0.400000000,10410.840000000,10351.400000000,10350.752000000,0.642000000,59.440000000,29720,36.000000000,7.851052488,26.655823468,112.466935450,1.159063854,13.741953708,1.000000000
860,spatial_uniform_bfs,1148228499,512,34,478,964,500,497,0,0.000000000,10410.840000000,10404.726000000,10404.720000000,0.000000000,6.114000000,3057,3.200000000,7.851052488,22.841151734,96.688545848,1.386590376,11.746531637,1.000000000
861,fixed_random_bfs,1328041849,512,10,502,81,500,497,0,0.000000000,10410.840000000,10403.492000000,10403.486000000,0.000000000,7.348000000,3674,3.800000000,7.851052488,27.124843190,114.833038303,1.407109502,13.978771784,1.000000000
862,fixed_random_bfs,1262329290,512,24,488,298,500,497,1,0.200000000,10410.840000000,10383.826000000,10382.864000000,0.956000000,27.014000000,13507,9.800000000,7.851052488,27.279466108,114.697808702,1.251696981,14.056928167,1.000000000
863,fixed_random_bfs,1131291372,512,32,480,292,500,497,5,1.000000000,10410.840000000,10374.022000000,10370.908000000,3.108000000,36.818000000,18409,12.800000000,7.851052488,27.183663134,113.146402648,1.202058485,13.999504335,1.000000000
864,history_hotspot_bfs,2206192839,512,28,484,428,500,497,14,2.800000000,10410.840000000,10290.952000000,10281.578000000,9.368000000,119.888000000,59944,45.800000000,7.851052488,23.488517450,96.060441853,1.876479353,12.075425202,1.000000000
865,fixed_random_bfs,13370027491,512,22,490,222,500,497,0,0.000000000,10410.840000000,10404.616000000,10404.610000000,0.000000000,6.224000000,3112,2.400000000,7.851052488,31.329608826,130.483949402,1.183377590,16.174676380,1.000000000
866,fixed_random_bfs,4412468488,512,46,466,945,500,497,2,0.400000000,10410.840000000,10361.448000000,10360.468000000,0.974000000,49.392000000,24696,17.200000000,7.851052488,31.842927166,132.410259100,1.462353605,16.438287114,1.000000000
867,fixed_random_bfs,734659787,512,38,474,258,500,497,1,0.200000000,10410.840000000,10396.112000000,10395.464000000,0.642000000,14.728000000,7364,7.000000000,7.851052488,31.745353892,131.092854702,1.273445746,16.393431007,1.000000000
868,fixed_random_bfs,4438030089,512,44,468,296,500,497,13,2.600000000,10410.840000000,10302.988000000,10299.306000000,3.676000000,107.852000000,53926,44.400000000,7.851052488,27.128699198,112.926329552,1.182224549,13.964673387,1.000000000
869,history_hotspot_bfs,2685906086,512,35,477,300,500,497,47,9.400000000,10410.840000000,10254.372000000,10224.216000000,30.150000000,156.468000000,78234,68.800000000,7.851052488,31.254465264,135.076555700,1.770146841,16.094365309,1.000000000
870,fixed_random_bfs,4526689695,512,35,477,379,500,497,9,1.800000000,10410.840000000,10304.750000000,10296.608000000,8.136000000,106.090000000,53045,42.800000000,7.851052488,23.319497774,93.852368900,1.297124722,11.986649798,1.000000000
871,history_hotspot_bfs,3984886786,512,37,475,373,500,497,0,0.000000000,10410.840000000,10366.274000000,10366.268000000,0.000000000,44.566000000,22283,15.200000000,7.851052488,27.406989696,115.835834251,1.222496125,14.121863718,1.000000000
872,fixed_random_bfs,9922143987,512,24,488,312,500,497,0,0.000000000,10410.840000000,10404.066000000,10404.060000000,0.000000000,6.774000000,3387,1.600000000,7.851052488,27.114511894,111.844210098,1.626798896,13.982731696,1.000000000
873,spatial_uniform_bfs,1148143425,512,44,468,1350,500,497,2,0.400000000,10410.840000000,10407.242000000,10405.344000000,1.892000000,3.598000000,1799,2.800000000,7.851052488,25.216417432,98.526298300,1.496983593,12.968997891,1.000000000
874,history_hotspot_bfs,4356495991,512,40,472,404,500,497,39,7.800000000,10410.840000000,10228.572000000,10199.242000000,29.324000000,182.268000000,91134,68.600000000,7.851052488,22.754963926,91.793337450,0.971661063,11.690296406,1.000000000
875,fixed_random_bfs,8936327877,512,30,482,279,500,497,0,0.000000000,10410.840000000,10401.950000000,10401.944000000,0.000000000,8.890000000,4445,4.000000000,7.851052488,27.020189396,113.511769149,1.623454625,13.926243005,1.000000000
876,spatial_uniform_bfs,1262328347,512,35,477,908,500,497,2,0.400000000,10410.840000000,10406.290000000,10404.364000000,1.920000000,4.550000000,2275,2.800000000,7.851052488,28.051288766,124.849374101,1.848954299,14.450346324,1.000000000
877,fixed_random_bfs,1163403131,512,34,478,743,500,497,0,0.000000000,10410.840000000,10404.990000000,10404.984000000,0.000000000,5.850000000,2925,2.800000000,7.851052488,27.446432954,113.965478149,1.254036422,14.137396194,1.000000000
878,history_hotspot_bfs,5268162905,512,47,465,684,500,497,33,6.600000000,10410.840000000,10272.668000000,10246.618000000,26.044000000,138.172000000,69086,59.800000000,7.851052488,27.328811736,112.782810500,1.727894804,14.060520829,1.000000000
879,fixed_random_bfs,1556196994,512,19,493,342,500,497,0,0.000000000,10410.840000000,10410.158000000,10410.152000000,0.000000000,0.682000000,341,0.600000000,7.851052488,27.253643634,112.463370048,1.690589560,14.037823848,1.000000000
880,fixed_random_bfs,1642971058,512,25,487,224,500,497,0,0.000000000,10410.840000000,10403.262000000,10403.256000000,0.000000000,7.578000000,3789,2.200000000,7.851052488,24.780309234,99.163607998,1.008387018,12.744406408,1.000000000
881,fixed_random_bfs,5281885070,512,31,481,218,500,497,2,0.400000000,10410.840000000,10346.124000000,10344.806000000,1.312000000,64.716000000,32358,26.600000000,7.851052488,31.640349680,128.362906850,1.660393986,16.341861669,1.000000000
882,fixed_random_bfs,11394388198,512,29,483,329,500,497,2,0.400000000,10410.840000000,10385.136000000,10385.086000000,0.044000000,25.704000000,12852,8.200000000,7.851052488,25.760679780,106.852997650,1.636507949,13.284344382,1.000000000
883,spatial_uniform_bfs,6491942102,512,32,480,785,500,497,0,0.000000000,10410.840000000,10403.238000000,10403.232000000,0.000000000,7.602000000,3801,3.400000000,7.851052488,31.933919376,132.997619900,1.323359588,16.496100826,1.000000000
884,history_hotspot_bfs,8091600946,512,57,455,716,500,497,18,3.600000000,10410.840000000,10275.166000000,10264.000000000,11.160000000,135.674000000,67837,58.000000000,7.851052488,23.090640186,96.307720400,1.058656689,11.869399428,1.000000000
885,fixed_random_bfs,1143317207,512,36,476,546,500,497,0,0.000000000,10410.840000000,10388.930000000,10388.924000000,0.000000000,21.910000000,10955,7.600000000,7.851052488,31.021506434,130.393094349,1.656460679,16.019553335,1.000000000
886,fixed_random_bfs,698737749,512,23,489,142,500,497,0,0.000000000,10410.840000000,10383.932000000,10383.926000000,0.000000000,26.908000000,13454,9.400000000,7.851052488,27.678497644,109.460170753,1.444016453,14.267017345,1.000000000
887,fixed_random_bfs,12638608676,512,22,490,293,500,497,0,0.000000000,10410.840000000,10394.890000000,10394.884000000,0.000000000,15.950000000,7975,5.800000000,7.851052488,26.615716560,111.168063451,1.734901288,13.701564913,1.000000000
888,fixed_random_bfs,12486990550,512,19,493,108,500,497,0,0.000000000,10410.840000000,10408.112000000,10408.106000000,0.000000000,2.728000000,1364,3.400000000,7.851052488,27.957728434,112.593250899,1.364898578,14.409212586,1.000000000
889,fixed_random_bfs,702048345,512,31,481,631,500,497,0,0.000000000,10410.840000000,10410.210000000,10410.204000000,0.000000000,0.630000000,315,0.600000000,7.851052488,23.810646158,99.942598203,1.207245730,12.239354347,1.000000000
890,fixed_random_bfs,430262130,512,19,493,274,500,497,1,0.200000000,10410.840000000,10371.440000000,10370.428000000,1.006000000,39.400000000,19700,13.000000000,7.851052488,26.856973602,114.308153201,1.176390784,13.831743159,1.000000000
891,fixed_random_bfs,3150221379,512,32,480,392,500,497,0,0.000000000,10410.840000000,10402.048000000,10402.042000000,0.000000000,8.792000000,4396,4.000000000,7.851052488,27.014719514,110.394398550,1.177692020,13.926856083,1.000000000
892,spatial_uniform_bfs,1148228337,512,42,470,1141,500,497,0,0.000000000,10410.840000000,10403.406000000,10403.400000000,0.000000000,7.434000000,3717,3.200000000,7.851052488,27.828034264,115.135936001,1.713321295,14.343645735,1.000000000
893,fixed_random_bfs,12055130663,512,22,490,189,500,497,0,0.000000000,10410.840000000,10402.884000000,10402.878000000,0.000000000,7.956000000,3978,3.800000000,7.851052488,23.807115966,105.551367349,0.974357446,12.242155364,1.000000000
894,fixed_random_bfs,13038244561,512,35,477,765,500,497,0,0.000000000,10410.840000000,10406.446000000,10406.440000000,0.000000000,4.394000000,2197,1.600000000,7.851052488,30.039962084,125.800977699,1.684675317,15.509806238,1.000000000
895,history_hotspot_bfs,11397043896,512,38,474,445,500,497,7,1.400000000,10410.840000000,10370.116000000,10364.200000000,5.910000000,40.724000000,20362,16.000000000,7.851052488,27.105706864,112.996040149,1.214770724,13.969862989,1.000000000
896,fixed_random_bfs,12055135304,512,25,487,404,500,497,0,0.000000000,10410.840000000,10397.894000000,10397.888000000,0.000000000,12.946000000,6473,5.400000000,7.851052488,27.081045704,114.614243098,1.197766934,13.949976922,1.000000000
897,spatial_uniform_bfs,1148143211,512,33,479,873,500,497,0,0.000000000,10410.840000000,10402.434000000,10402.428000000,0.000000000,8.406000000,4203,3.800000000,7.851052488,24.552438198,101.323734799,1.239724850,12.644611283,1.000000000
898,fixed_random_bfs,6249235104,512,45,467,547,500,497,8,1.600000000,10410.840000000,10331.750000000,10328.776000000,2.968000000,79.090000000,39545,34.200000000,7.851052488,28.099078750,112.373560250,1.007585281,14.483552596,1.000000000
899,history_hotspot_bfs,11429488481,512,37,475,312,500,497,36,7.200000000,10410.840000000,10236.990000000,10220.796000000,16.188000000,173.850000000,86925,69.800000000,7.851052488,30.435771698,132.088508000,1.238248759,15.694896279,1.000000000
900,fixed_random_bfs,6505017036,512,31,481,607,500,497,1,0.200000000,10410.840000000,10402.062000000,10401.074000000,0.982000000,8.778000000,4389,2.800000000,7.851052488,23.758005964,96.384513698,1.393842009,12.222344146,1.000000000
901,fixed_random_bfs,1143316741,512,32,480,268,500,497,1,0.200000000,10410.840000000,10382.534000000,10381.890000000,0.638000000,28.306000000,14153,7.800000000,7.851052488,30.347146332,116.350521299,1.754080170,15.654951930,1.000000000
902,history_hotspot_bfs,12148105780,512,40,472,501,500,497,15,3.000000000,10410.840000000,10283.988000000,10275.532000000,8.450000000,126.852000000,63426,48.000000000,7.851052488,26.642302116,111.762619550,1.299428629,13.715384290,1.000000000
903,fixed_random_bfs,500335384,512,31,481,494,500,497,0,0.000000000,10410.840000000,10384.468000000,10384.462000000,0.000000000,26.372000000,13186,6.000000000,7.851052488,27.457847788,117.630077398,1.300558765,14.143501124,1.000000000
904,fixed_random_bfs,1551004795,512,17,495,272,500,497,0,0.000000000,10410.840000000,10408.000000000,10407.994000000,0.000000000,2.840000000,1420,1.400000000,7.851052488,26.686215334,111.017209899,1.740592747,13.754154056,1.000000000
905,fixed_random_bfs,2213321429,512,26,486,181,500,497,90,18.000000000,10410.840000000,10256.208000000,10213.914000000,42.288000000,154.632000000,77316,60.000000000,7.851052488,27.807368924,116.648268802,1.411962225,14.275757001,1.000000000
906,fixed_random_bfs,1550561072,512,32,480,292,500,497,1,0.200000000,10410.840000000,10403.000000000,10402.218000000,0.776000000,7.840000000,3920,3.400000000,7.851052488,27.925630922,113.618236198,1.697772306,14.389950831,1.000000000
907,fixed_random_bfs,128668294,512,27,485,365,500,497,24,4.800000000,10410.840000000,10314.574000000,10293.200000000,21.368000000,96.266000000,48133,37.800000000,7.851052488,27.968718860,111.174408150,1.566071475,14.406798227,1.000000000
908,fixed_random_bfs,3134151980,512,23,489,123,500,497,0,0.000000000,10410.840000000,10407.208000000,10407.202000000,0.000000000,3.632000000,1816,4.400000000,7.851052488,27.938933616,116.853856452,1.324606776,14.396408322,1.000000000
909,fixed_random_bfs,12051483867,512,30,482,451,500,497,0,0.000000000,10410.840000000,10390.084000000,10390.078000000,0.000000000,20.756000000,10378,8.000000000,7.851052488,23.280725072,97.035150550,1.269986048,11.984913591,1.000000000
910,history_hotspot_bfs,13507274445,512,41,471,301,500,497,47,9.400000000,10410.840000000,10234.812000000,10200.754000000,34.052000000,176.028000000,88014,67.200000000,7.851052488,26.768650976,110.221417599,1.739482614,13.778121475,1.000000000
911,fixed_random_bfs,2184077119,512,38,474,835,500,497,2,0.400000000,10410.840000000,10360.484000000,10359.472000000,1.006000000,50.356000000,25178,16.200000000,7.851052488,26.897127226,110.982508752,1.732869729,13.855059835,1.000000000
912,fixed_random_bfs,8934377491,512,17,495,272,500,497,0,0.000000000,10410.840000000,10403.248000000,10403.242000000,0.000000000,7.592000000,3796,3.000000000,7.851052488,24.546970350,100.598038901,1.288938148,12.631947185,1.000000000
913,history_hotspot_bfs,25632463,512,46,466,538,500,497,40,8.000000000,10410.840000000,10259.794000000,10235.170000000,24.618000000,151.046000000,75523,66.200000000,7.851052488,30.491967766,125.549234002,1.112769816,15.717408669,1.000000000
914,fixed_random_bfs,1050531203,512,28,484,227,500,497,2,0.400000000,10410.840000000,10370.058000000,10368.418000000,1.634000000,40.782000000,20391,13.400000000,7.851052488,30.457688604,125.503702051,1.473515123,15.716632908,1.000000000
915,fixed_random_bfs,8011183435,512,22,490,232,500,497,0,0.000000000,10410.840000000,10404.120000000,10404.114000000,0.000000000,6.720000000,3360,3.000000000,7.851052488,26.135681144,105.016530300,0.923687970,13.462987730,1.000000000
916,fixed_random_bfs,1173444039,512,23,489,364,500,497,0,0.000000000,10410.840000000,10405.032000000,10405.026000000,0.000000000,5.808000000,2904,1.400000000,7.851052488,26.550305092,110.390476700,1.652664694,13.689325804,1.000000000
917,fixed_random_bfs,497301828,512,26,486,243,500,497,0,0.000000000,10410.840000000,10352.556000000,10352.550000000,0.000000000,58.284000000,29142,19.200000000,7.851052488,27.010283130,110.893945301,1.729131172,13.924929611,1.000000000
918,fixed_random_bfs,1165931639,512,36,476,628,500,497,0,0.000000000,10410.840000000,10394.694000000,10394.688000000,0.000000000,16.146000000,8073,5.000000000,7.851052488,26.823189968,108.736140351,1.780691956,13.815383757,1.000000000
919,fixed_random_bfs,454550131,512,27,485,351,500,497,0,0.000000000,10410.840000000,10372.758000000,10372.752000000,0.000000000,38.082000000,19041,13.200000000,7.851052488,30.466420070,128.713994552,1.270035568,15.708144523,1.000000000
920,history_hotspot_bfs,343646762,512,41,471,693,500,497,18,3.600000000,10410.840000000,10302.164000000,10285.526000000,16.632000000,108.676000000,54338,44.000000000,7.851052488,27.611070790,114.555493700,1.681290337,14.226809008,1.000000000
921,history_hotspot_bfs,410370668,512,45,467,505,500,497,14,2.800000000,10410.840000000,10303.892000000,10295.896000000,7.990000000,106.948000000,53474,38.600000000,7.851052488,31.607373546,130.361457751,1.369119746,16.309308224,1.000000000
922,fixed_random_bfs,10284203355,512,18,494,228,500,497,5,1.000000000,10410.840000000,10369.044000000,10365.054000000,3.984000000,41.796000000,20898,13.600000000,7.851052488,27.615447866,111.022432399,1.187686168,14.220510703,1.000000000
923,fixed_random_bfs,450324063,512,30,482,785,500,497,0,0.000000000,10410.840000000,10401.016000000,10401.010000000,0.000000000,9.824000000,4912,3.400000000,7.851052488,24.869421312,98.160480752,1.367341097,12.805596425,1.000000000
924,fixed_random_bfs,1556196243,512,17,495,272,500,497,0,0.000000000,10410.840000000,10410.510000000,10410.504000000,0.000000000,0.330000000,165,0.400000000,7.851052488,25.673427902,104.546685102,1.026528518,13.212858075,1.000000000
925,fixed_random_bfs,11364764954,512,38,474,533,500,497,2,0.400000000,10410.840000000,10383.086000000,10381.418000000,1.662000000,27.754000000,13877,11.000000000,7.851052488,31.821710164,129.171419852,1.366808371,16.430712748,1.000000000
926,fixed_random_bfs,1548078127,512,24,488,253,500,497,1,0.200000000,10410.840000000,10379.736000000,10379.004000000,0.726000000,31.104000000,15552,16.800000000,7.851052488,27.367919532,112.617144350,1.521915713,14.102136744,1.000000000
927,fixed_random_bfs,8375236702,512,31,481,492,500,497,3,0.600000000,10410.840000000,10309.752000000,10306.896000000,2.850000000,101.088000000,50544,29.200000000,7.851052488,27.271649370,112.577698849,1.237123398,14.046020435,1.000000000
928,history_hotspot_bfs,480328314,512,29,483,451,500,497,4,0.800000000,10410.840000000,10332.494000000,10328.748000000,3.740000000,78.346000000,39173,22.800000000,7.851052488,22.737883282,96.610952300,1.057690316,11.692789063,1.000000000
929,fixed_random_bfs,534478825,512,36,476,423,500,497,14,2.800000000,10410.840000000,10300.696000000,10288.832000000,11.858000000,110.144000000,55072,43.400000000,7.851052488,26.765764900,109.602123248,1.619121856,13.783782121,1.000000000
930,fixed_random_bfs,1126355534,512,25,487,348,500,497,0,0.000000000,10410.840000000,10387.238000000,10387.232000000,0.000000000,23.602000000,11801,8.000000000,7.851052488,25.123159668,104.445876501,1.284930217,12.938943690,1.000000000
931,spatial_uniform_bfs,1148228088,512,31,481,711,500,497,0,0.000000000,10410.840000000,10402.354000000,10402.348000000,0.000000000,8.486000000,4243,3.400000000,7.851052488,30.923588220,123.990019198,1.274945677,15.957675120,1.000000000
932,history_hotspot_bfs,1487204360,512,26,486,445,500,497,1,0.200000000,10410.840000000,10396.904000000,10395.888000000,1.010000000,13.936000000,6968,4.200000000,7.851052488,27.128678850,114.711910900,1.204699331,13.979716818,1.000000000
933,fixed_random_bfs,4695855091,512,37,475,906,500,497,0,0.000000000,10410.840000000,10400.570000000,10400.564000000,0.000000000,10.270000000,5135,4.000000000,7.851052488,26.672988834,111.975835552,1.199851912,13.743679810,1.000000000
934,spatial_uniform_bfs,1148228630,512,33,479,776,500,497,0,0.000000000,10410.840000000,10401.958000000,10401.952000000,0.000000000,8.882000000,4441,4.200000000,7.851052488,28.667025816,118.875486251,1.211164451,14.794403232,1.000000000
935,fixed_random_bfs,4463731558,512,35,477,454,500,497,3,0.600000000,10410.840000000,10351.436000000,10348.746000000,2.684000000,59.404000000,29702,22.400000000,7.851052488,28.912467860,122.474076651,1.429612700,14.895433641,1.000000000
936,fixed_random_bfs,6845383892,512,27,485,532,500,497,1,0.200000000,10410.840000000,10406.722000000,10405.726000000,0.990000000,4.118000000,2059,1.600000000,7.851052488,29.208393412,124.640990548,1.856418518,15.060593060,1.000000000
937,spatial_uniform_bfs,1148227885,512,35,477,879,500,497,0,0.000000000,10410.840000000,10403.008000000,10403.002000000,0.000000000,7.832000000,3916,3.200000000,7.851052488,25.924490436,102.745841999,1.124027705,13.359581089,1.000000000
938,history_hotspot_bfs,1731168732,512,28,484,216,500,497,14,2.800000000,10410.840000000,10333.442000000,10323.510000000,9.926000000,77.398000000,38699,30.600000000,7.851052488,22.728697032,91.237651699,1.345025903,11.689301955,1.000000000
939,fixed_random_bfs,129548931,512,51,461,681,500,497,20,4.000000000,10410.840000000,10282.202000000,10268.998000000,13.198000000,128.638000000,64319,55.800000000,7.851052488,27.640008450,111.233468049,1.776941384,14.231496874,1.000000000
940,fixed_random_bfs,1324733180,512,31,481,786,500,497,0,0.000000000,10410.840000000,10409.208000000,10409.202000000,0.000000000,1.632000000,816,1.000000000,7.851052488,25.907872024,100.240033698,1.406949909,13.351108500,1.000000000
941,fixed_random_bfs,5271102193,512,37,475,498,500,497,1,0.200000000,10410.840000000,10385.250000000,10384.428000000,0.816000000,25.590000000,12795,9.600000000,7.851052488,28.244941208,119.046421098,1.749217312,14.545915545,1.000000000
942,history_hotspot_bfs,2319991795,512,34,478,214,500,497,92,18.400000000,10410.840000000,10234.600000000,10194.354000000,40.240000000,176.240000000,88120,63.600000000,7.851052488,26.592478834,110.999536902,1.233711876,13.635647589,1.000000000
943,fixed_random_bfs,4441072618,512,39,473,849,500,497,2,0.400000000,10410.840000000,10347.132000000,10345.430000000,1.696000000,63.708000000,31854,25.600000000,7.851052488,29.752472620,120.928838401,1.792314354,15.338311454,1.000000000
944,history_hotspot_bfs,2422037958,512,24,488,346,500,497,5,1.000000000,10410.840000000,10349.776000000,10344.934000000,4.836000000,61.064000000,30532,20.800000000,7.851052488,27.361779864,111.108577800,1.657615800,14.090603058,1.000000000
945,fixed_random_bfs,13381299152,512,18,494,227,500,497,0,0.000000000,10410.840000000,10400.864000000,10400.858000000,0.000000000,9.976000000,4988,4.200000000,7.851052488,26.938024662,110.136345399,1.203939807,13.888429315,1.000000000
946,spatial_uniform_bfs,1148143437,512,32,480,844,500,497,0,0.000000000,10410.840000000,10400.994000000,10400.988000000,0.000000000,9.846000000,4923,4.400000000,7.851052488,23.503876740,96.230739099,0.961957574,12.101244272,1.000000000
947,fixed_random_bfs,3921306354,512,31,481,631,500,497,0,0.000000000,10410.840000000,10384.196000000,10384.190000000,0.000000000,26.644000000,13322,7.400000000,7.851052488,27.151298772,113.805413150,1.630628358,13.978076528,1.000000000
948,fixed_random_bfs,1112073344,512,38,474,566,500,497,1,0.200000000,10410.840000000,10374.350000000,10373.492000000,0.852000000,36.490000000,18245,13.800000000,7.851052488,30.582568736,126.574607652,1.951600269,15.781205004,1.000000000
949,history_hotspot_bfs,3394631328,512,22,490,203,500,497,5,1.000000000,10410.840000000,10348.888000000,10344.540000000,4.342000000,61.952000000,30976,26.200000000,7.851052488,27.350515862,114.001561200,1.659252999,14.080661483,1.000000000
950,fixed_random_bfs,4566797444,512,27,485,448,500,497,15,3.000000000,10410.840000000,10327.200000000,10312.640000000,14.554000000,83.640000000,41820,34.800000000,7.851052488,29.903936538,124.187001251,1.012046446,15.421793094,1.000000000
951,history_hotspot_bfs,3950967585,512,36,476,285,500,497,18,3.600000000,10410.840000000,10245.400000000,10230.018000000,15.376000000,165.440000000,82720,60.000000000,7.851052488,28.498496430,118.821318249,1.796735973,14.666791717,1.000000000
952,fixed_random_bfs,1670426636,512,31,481,306,500,497,0,0.000000000,10410.840000000,10363.714000000,10363.708000000,0.000000000,47.126000000,23563,21.200000000,7.851052488,32.790504682,136.333562451,1.833329135,16.940904009,1.000000000
953,spatial_uniform_bfs,1148228424,512,32,480,792,500,497,0,0.000000000,10410.840000000,10401.344000000,10401.338000000,0.000000000,9.496000000,4748,4.200000000,7.851052488,22.320319774,92.119785852,1.736304173,11.480337650,1.000000000
954,fixed_random_bfs,6994660235,512,33,479,707,500,497,0,0.000000000,10410.840000000,10408.074000000,10408.068000000,0.000000000,2.766000000,1383,0.800000000,7.851052488,22.376282474,92.912023150,1.225284025,11.501491835,1.000000000
955,spatial_uniform_bfs,1148228545,512,38,474,932,500,497,0,0.000000000,10410.840000000,10401.986000000,10401.980000000,0.000000000,8.854000000,4427,3.400000000,7.851052488,27.537561990,112.364042649,1.233505796,14.181255739,1.000000000
956,history_hotspot_bfs,4598151026,512,40,472,490,500,497,7,1.400000000,10410.840000000,10333.432000000,10328.446000000,4.980000000,77.408000000,38704,28.000000000,7.851052488,27.690154642,116.651875551,1.224299838,14.258913197,1.000000000
957,fixed_random_bfs,4644509199,512,33,479,518,500,497,0,0.000000000,10410.840000000,10397.198000000,10397.192000000,0.000000000,13.642000000,6821,6.600000000,7.851052488,32.939888808,134.567895549,1.274598072,17.011891969,1.000000000
958,spatial_uniform_bfs,4838615905,512,33,479,874,500,497,0,0.000000000,10410.840000000,10403.558000000,10403.552000000,0.000000000,7.282000000,3641,3.200000000,7.851052488,27.955173096,115.187249051,1.623891579,14.415097677,1.000000000
959,history_hotspot_bfs,4708552369,512,45,467,428,500,497,26,5.200000000,10410.840000000,10286.298000000,10265.738000000,20.554000000,124.542000000,62271,59.200000000,7.851052488,29.102969040,119.470486898,1.181229690,14.990920727,1.000000000
960,fixed_random_bfs,11635586344,512,41,471,1335,500,497,0,0.000000000,10410.840000000,10398.104000000,10398.098000000,0.000000000,12.736000000,6368,3.800000000,7.851052488,32.790338670,138.531798350,1.359879703,16.937812027,1.000000000
961,spatial_uniform_bfs,4838615909,512,34,478,750,500,497,0,0.000000000,10410.840000000,10402.714000000,10402.708000000,0.000000000,8.126000000,4063,3.200000000,7.851052488,24.783437014,98.209694150,1.310398603,12.760092326,1.000000000
962,fixed_random_bfs,1551011927,512,33,479,788,500,497,0,0.000000000,10410.840000000,10383.926000000,10383.920000000,0.000000000,26.914000000,13457,8.000000000,7.851052488,27.777889594,114.111312100,1.603870432,14.331106139,1.000000000
963,history_hotspot_bfs,4751728014,512,35,477,412,500,497,17,3.400000000,10410.840000000,10254.176000000,10238.854000000,15.316000000,156.664000000,78332,57.400000000,7.851052488,26.756905020,111.067273301,1.185011773,13.768781735,1.000000000
964,fixed_random_bfs,1216830857,512,40,472,218,500,497,2,0.400000000,10410.840000000,10339.364000000,10338.654000000,0.704000000,71.476000000,35738,32.800000000,7.851052488,31.650250984,132.590882597,1.236756727,16.375487027,1.000000000
965,fixed_random_bfs,6394782026,512,27,485,327,500,497,0,0.000000000,10410.840000000,10386.918000000,10386.912000000,0.000000000,23.922000000,11961,5.800000000,7.851052488,27.218161062,110.957310449,1.370650091,14.025346814,1.000000000
966,fixed_random_bfs,3913816566,512,23,489,484,500,497,0,0.000000000,10410.840000000,10395.614000000,10395.608000000,0.000000000,15.226000000,7613,3.600000000,7.851052488,27.539613844,117.808287300,1.060446865,14.198062205,1.000000000
967,fixed_random_bfs,1198829476,512,29,483,449,500,497,0,0.000000000,10410.840000000,10391.690000000,10391.684000000,0.000000000,19.150000000,9575,6.600000000,7.851052488,24.112906534,100.974269599,1.802277972,12.416441152,1.000000000
968,fixed_random_bfs,12051485772,512,32,480,656,500,497,0,0.000000000,10410.840000000,10388.494000000,10388.488000000,0.000000000,22.346000000,11173,8.200000000,7.851052488,23.752251768,97.763566550,1.407823584,12.220632141,1.000000000
969,fixed_random_bfs,1147305578,512,34,478,201,500,497,1,0.200000000,10410.840000000,10390.586000000,10389.992000000,0.588000000,20.254000000,10127,10.200000000,7.851052488,30.373012666,125.204176399,1.275173622,15.672057329,1.000000000
970,fixed_random_bfs,4458099456,512,31,481,304,500,497,3,0.600000000,10410.840000000,10283.712000000,10281.082000000,2.624000000,127.128000000,63564,46.400000000,7.851052488,23.690127152,93.807249700,1.945719012,12.183475276,1.000000000
971,history_hotspot_bfs,9037852789,512,41,471,280,500,497,36,7.200000000,10410.840000000,10286.062000000,10260.516000000,25.540000000,124.778000000,62389,49.800000000,7.851052488,28.346840670,113.512724599,1.989608489,14.591758100,1.000000000
972,fixed_random_bfs,13046307574,512,32,480,537,500,497,0,0.000000000,10410.840000000,10392.592000000,10392.586000000,0.000000000,18.248000000,9124,6.600000000,7.851052488,26.205495304,112.591131549,1.204183615,13.505764611,1.000000000
973,fixed_random_bfs,1191411624,512,39,473,1004,500,497,0,0.000000000,10410.840000000,10403.730000000,10403.724000000,0.000000000,7.110000000,3555,2.000000000,7.851052488,27.140292492,112.930225199,1.233499570,13.984447152,1.000000000
974,fixed_random_bfs,8303467628,512,26,486,282,500,497,0,0.000000000,10410.840000000,10381.818000000,10381.812000000,0.000000000,29.022000000,14511,9.600000000,7.851052488,27.841457378,121.698923802,1.239088809,14.330002789,1.000000000
975,history_hotspot_bfs,10892368778,512,41,471,478,500,497,13,2.600000000,10410.840000000,10274.862000000,10267.318000000,7.538000000,135.978000000,67989,50.000000000,7.851052488,29.060133544,135.321883849,1.827613303,14.967246051,1.000000000
976,fixed_random_bfs,3713843052,512,29,483,117,500,497,18,3.600000000,10410.840000000,10363.000000000,10354.796000000,8.198000000,47.840000000,23920,30.400000000,7.851052488,32.343583650,132.728265550,1.706275191,16.668089166,1.000000000
977,fixed_random_bfs,1300694076,512,31,481,733,500,497,0,0.000000000,10410.840000000,10408.004000000,10407.998000000,0.000000000,2.836000000,1418,0.800000000,7.851052488,27.131156318,111.362209098,1.220239422,13.980116155,1.000000000
978,fixed_random_bfs,3679308954,512,32,480,234,500,497,1,0.200000000,10410.840000000,10400.294000000,10400.024000000,0.264000000,10.546000000,5273,7.600000000,7.851052488,28.401134092,116.180118351,1.660130789,14.639114701,1.000000000
979,fixed_random_bfs,1291503779,512,37,475,483,500,497,13,2.600000000,10410.840000000,10297.972000000,10288.794000000,9.172000000,112.868000000,56434,38.000000000,7.851052488,29.377083228,111.997029898,1.379413486,15.141826069,1.000000000
980,history_hotspot_bfs,12458783071,512,36,476,267,500,497,44,8.800000000,10410.840000000,10218.556000000,10185.160000000,33.390000000,192.284000000,96142,66.600000000,7.851052488,25.094849392,101.698197202,1.002629668,12.895065621,1.000000000
981,fixed_random_bfs,4965877140,512,24,488,507,500,497,0,0.000000000,10410.840000000,10406.100000000,10406.094000000,0.000000000,4.740000000,2370,2.200000000,7.851052488,26.972610932,111.482442301,1.228743139,13.903851346,1.000000000
982,fixed_random_bfs,11105950323,512,49,463,694,500,497,10,2.000000000,10410.840000000,10315.180000000,10309.102000000,6.072000000,95.660000000,47830,42.800000000,7.851052488,26.996219626,111.017027503,1.307371415,13.904955222,1.000000000
983,spatial_uniform_bfs,1164520553,512,32,480,772,500,497,0,0.000000000,10410.840000000,10407.246000000,10407.240000000,0.000000000,3.594000000,1797,2.200000000,7.851052488,27.522883680,115.027344900,1.672219545,14.188476548,1.000000000
984,fixed_random_bfs,12461736113,512,22,490,79,500,497,0,0.000000000,10410.840000000,10399.900000000,10399.894000000,0.000000000,10.940000000,5470,5.800000000,7.851052488,27.298103828,111.030665149,1.382314586,14.056643420,1.000000000
985,fixed_random_bfs,4767426076,512,21,491,164,500,497,0,0.000000000,10410.840000000,10393.646000000,10393.640000000,0.000000000,17.194000000,8597,6.200000000,7.851052488,32.085533058,134.003601249,1.712559939,16.566327037,1.000000000
986,fixed_random_bfs,1548068554,512,22,490,217,500,497,0,0.000000000,10410.840000000,10385.998000000,10385.992000000,0.000000000,24.842000000,12421,7.200000000,7.851052488,32.026292872,132.881202650,1.524887904,16.539722531,1.000000000
987,spatial_uniform_bfs,1148143711,512,31,481,656,500,497,0,0.000000000,10410.840000000,10406.732000000,10406.726000000,0.000000000,4.108000000,2054,2.600000000,7.851052488,28.292976930,114.693134100,1.437271866,14.586316762,1.000000000
988,history_hotspot_bfs,137994655,512,47,465,357,500,497,31,6.200000000,10410.840000000,10249.546000000,10236.632000000,12.908000000,161.294000000,80647,63.200000000,7.851052488,23.112620840,95.083770848,1.277059882,11.876196772,1.000000000
989,fixed_random_bfs,8421467159,512,26,486,335,500,497,4,0.800000000,10410.840000000,10356.788000000,10353.214000000,3.568000000,54.052000000,27026,19.400000000,7.851052488,24.235031282,98.734704452,1.495414593,12.460738886,1.000000000
990,fixed_random_bfs,1143317433,512,24,488,413,500,497,0,0.000000000,10410.840000000,10391.168000000,10391.162000000,0.000000000,19.672000000,9836,7.000000000,7.851052488,27.803288978,114.287796549,1.267901327,14.328249802,1.000000000
991,history_hotspot_bfs,138198392,512,48,464,456,500,497,35,7.000000000,10410.840000000,10275.184000000,10251.644000000,23.534000000,135.656000000,67828,64.200000000,7.851052488,27.299844882,113.874280399,1.170879371,14.049220876,1.000000000
992,fixed_random_bfs,1147306980,512,29,483,285,500,497,2,0.400000000,10410.840000000,10390.700000000,10389.022000000,1.672000000,20.140000000,10070,8.200000000,7.851052488,27.275394890,113.349840101,1.633361727,14.054202210,1.000000000
993,history_hotspot_bfs,411504969,512,41,471,628,500,497,8,1.600000000,10410.840000000,10320.290000000,10316.182000000,4.102000000,90.550000000,45275,37.200000000,7.851052488,32.032673414,133.465031101,1.295849704,16.521312292,1.000000000
994,fixed_random_bfs,1839824347,512,44,468,1132,500,497,3,0.600000000,10410.840000000,10378.568000000,10375.730000000,2.832000000,32.272000000,16136,10.600000000,7.851052488,25.018942262,108.172107802,1.175623859,12.870000592,1.000000000
995,fixed_random_bfs,1143318758,512,32,480,473,500,497,1,0.200000000,10410.840000000,10378.332000000,10377.356000000,0.970000000,32.508000000,16254,16.200000000,7.851052488,25.104151070,103.363720548,1.492150813,12.921598554,1.000000000
996,history_hotspot_bfs,428217657,512,35,477,228,500,497,5,1.000000000,10410.840000000,10319.992000000,10318.826000000,1.160000000,90.848000000,45424,30.600000000,7.851052488,30.261642316,118.871499650,1.306882884,15.605159889,1.000000000
997,fixed_random_bfs,4761669979,512,31,481,513,500,497,0,0.000000000,10410.840000000,10384.702000000,10384.696000000,0.000000000,26.138000000,13069,9.600000000,7.851052488,26.761414056,113.098998550,1.649328627,13.796996165,1.000000000
998,history_hotspot_bfs,474780958,512,40,472,546,500,497,20,4.000000000,10410.840000000,10257.486000000,10243.452000000,14.028000000,153.354000000,76677,55.000000000,7.851052488,27.060871300,114.961299700,1.242166150,13.933817907,1.000000000
999,fixed_random_bfs,4527005332,512,32,480,328,500,497,0,0.000000000,10410.840000000,10388.170000000,10388.164000000,0.000000000,22.670000000,11335,7.000000000,7.851052488,27.188540214,116.428313300,1.187233143,14.009809054,1.000000000
1000,spatial_uniform_bfs,1148227994,512,27,485,626,500,497,0,0.000000000,10410.840000000,10406.466000000,10406.460000000,0.000000000,4.374000000,2187,2.600000000,7.851052488,29.453504254,127.747410448,1.371080490,15.168475567,1.000000000
1001,fixed_random_bfs,7678725064,512,39,473,740,500,497,0,0.000000000,10410.840000000,10395.000000000,10394.994000000,0.000000000,15.840000000,7920,6.400000000,7.851052488,28.312744982,119.577667400,1.352613418,14.595667549,1.000000000
1002,fixed_random_bfs,12055134685,512,32,480,302,500,497,0,0.000000000,10410.840000000,10403.532000000,10403.526000000,0.000000000,7.308000000,3654,5.400000000,7.851052488,25.258139208,107.219185048,1.207062065,12.999822706,1.000000000
1003,spatial_uniform_bfs,11358715113,512,34,478,873,500,497,0,0.000000000,10410.840000000,10407.048000000,10407.042000000,0.000000000,3.792000000,1896,2.600000000,7.851052488,24.623825574,105.142739048,1.200433703,12.679452419,1.000000000
1004,history_hotspot_bfs,1252543227,512,37,475,347,500,497,49,9.800000000,10410.840000000,10250.034000000,10218.680000000,31.348000000,160.806000000,80403,61.000000000,7.851052488,31.743732950,133.296216252,1.275433800,16.365262983,1.000000000
1005,spatial_uniform_bfs,1148143311,512,34,478,880,500,497,0,0.000000000,10410.840000000,10407.222000000,10407.216000000,0.000000000,3.618000000,1809,2.400000000,7.851052488,28.294130086,112.217553998,1.292203229,14.556201388,1.000000000
1006,history_hotspot_bfs,1314205272,512,20,492,108,500,497,4,0.800000000,10410.840000000,10367.728000000,10365.070000000,2.652000000,43.112000000,21556,14.200000000,7.851052488,25.283130396,103.304531350,1.201839999,13.008065191,1.000000000
1007,fixed_random_bfs,12964656084,512,38,474,713,500,497,1,0.200000000,10410.840000000,10385.842000000,10385.830000000,0.006000000,24.998000000,12499,9.400000000,7.851052488,27.339577636,115.019650848,1.627037958,14.085933262,1.000000000
1008,fixed_random_bfs,3573222475,512,22,490,251,500,497,0,0.000000000,10410.840000000,10379.992000000,10379.986000000,0.000000000,30.848000000,15424,10.600000000,7.851052488,24.666241996,99.968778899,1.278681609,12.696689431,1.000000000
1009,spatial_uniform_bfs,1148228360,512,42,470,1376,500,497,0,0.000000000,10410.840000000,10406.420000000,10406.414000000,0.000000000,4.420000000,2210,2.600000000,7.851052488,27.052916340,110.872553447,1.223033310,13.953482188,1.000000000
1010,fixed_random_bfs,12459075394,512,40,472,439,500,497,0,0.000000000,10410.840000000,10378.740000000,10378.734000000,0.000000000,32.100000000,16050,11.800000000,7.851052488,28.352163102,112.438805150,0.932146203,14.656800313,1.000000000
1011,fixed_random_bfs,4477811710,512,21,491,245,500,497,0,0.000000000,10410.840000000,10387.284000000,10387.278000000,0.000000000,23.556000000,11778,8.200000000,7.851052488,30.345256112,128.384671698,1.686108413,15.656805010,1.000000000
1012,history_hotspot_bfs,3092543636,512,27,485,254,500,497,32,6.400000000,10410.840000000,10256.890000000,10237.436000000,19.448000000,153.950000000,76975,56.200000000,7.851052488,27.160150470,114.623999651,1.739360245,13.977667694,1.000000000
1013,fixed_random_bfs,4567258270,512,22,490,220,500,497,1,0.200000000,10410.840000000,10380.652000000,10379.736000000,0.910000000,30.188000000,15094,10.800000000,7.851052488,25.136925396,99.664925300,1.238934903,12.949140505,1.000000000
1014,fixed_random_bfs,1419378645,512,22,490,401,500,497,0,0.000000000,10410.840000000,10407.278000000,10407.272000000,0.000000000,3.562000000,1781,1.200000000,7.851052488,25.714431278,104.384004049,1.657653088,13.254598276,1.000000000
1015,fixed_random_bfs,1173487052,512,27,485,370,500,497,0,0.000000000,10410.840000000,10404.256000000,10404.250000000,0.000000000,6.584000000,3292,1.600000000,7.851052488,30.913700482,127.036658601,1.734274437,15.964694188,1.000000000
1016,spatial_uniform_bfs,1163402072,512,39,473,1093,500,497,0,0.000000000,10410.840000000,10405.658000000,10405.652000000,0.000000000,5.182000000,2591,2.800000000,7.851052488,27.823924458,113.842848702,1.418907511,14.350984898,1.000000000
1017,history_hotspot_bfs,3452961282,512,46,466,454,500,497,19,3.800000000,10410.840000000,10324.758000000,10314.526000000,10.226000000,86.082000000,43041,33.400000000,7.851052488,24.251088072,96.689995148,1.282340925,12.469250763,1.000000000
1018,fixed_random_bfs,4567403788,512,27,485,199,500,497,5,1.000000000,10410.840000000,10329.360000000,10326.486000000,2.868000000,81.480000000,40740,27.400000000,7.851052488,26.561309040,120.680182050,1.842466960,13.663631716,1.000000000
1019,history_hotspot_bfs,3695776123,512,33,479,283,500,497,47,9.400000000,10410.840000000,10237.614000000,10202.162000000,35.446000000,173.226000000,86613,66.600000000,7.851052488,27.473888574,113.303174153,1.708556960,14.146910748,1.000000000
1020,fixed_random_bfs,12051483783,512,35,477,569,500,497,0,0.000000000,10410.840000000,10391.632000000,10391.626000000,0.000000000,19.208000000,9604,7.800000000,7.851052488,24.833110138,105.098145900,1.281081877,12.783275611,1.000000000
1021,fixed_random_bfs,3846227355,512,31,481,359,500,497,0,0.000000000,10410.840000000,10402.860000000,10402.854000000,0.000000000,7.980000000,3990,2.600000000,7.851052488,24.516027646,98.346149649,1.433917647,12.619153614,1.000000000
1022,history_hotspot_bfs,4452315730,512,26,486,251,500,497,16,3.200000000,10410.840000000,10302.780000000,10292.316000000,10.458000000,108.060000000,54030,40.800000000,7.851052488,31.517692570,133.132773500,1.703135978,16.270306882,1.000000000
1023,fixed_random_bfs,12459441504,512,49,463,510,500,497,4,0.800000000,10410.840000000,10370.300000000,10367.602000000,2.692000000,40.540000000,20270,15.000000000,7.851052488,31.978670142,138.793700551,1.289069087,16.507415441,1.000000000
1024,fixed_random_bfs,1262328746,512,16,496,115,500,497,0,0.000000000,10410.840000000,10399.026000000,10399.020000000,0.000000000,11.814000000,5907,5.000000000,7.851052488,27.445954544,116.076699798,1.164025795,14.135235151,1.000000000
1025,fixed_random_bfs,4183597895,512,29,483,372,500,497,2,0.400000000,10410.840000000,10330.660000000,10328.752000000,1.902000000,80.180000000,40090,27.000000000,7.851052488,27.405239370,108.870324698,1.598470174,14.103069567,1.000000000
1026,fixed_random_bfs,5185083237,512,20,492,128,500,497,3,0.600000000,10410.840000000,10352.802000000,10350.184000000,2.612000000,58.038000000,29019,19.600000000,7.851052488,28.212346212,119.308080198,1.681306286,14.534899349,1.000000000
1027,history_hotspot_bfs,4685392606,512,41,471,357,500,497,29,5.800000000,10410.840000000,10224.392000000,10211.948000000,12.438000000,186.448000000,93224,72.200000000,7.851052488,29.987424264,128.318702201,1.650685195,15.439111076,1.000000000
1028,fixed_random_bfs,293055543,512,22,490,231,500,497,0,0.000000000,10410.840000000,10409.804000000,10409.798000000,0.000000000,1.036000000,518,2.000000000,7.851052488,27.376296968,118.370762499,1.241372410,14.108533938,1.000000000
1029,fixed_random_bfs,446319883,512,23,489,402,500,497,0,0.000000000,10410.840000000,10398.602000000,10398.596000000,0.000000000,12.238000000,6119,4.400000000,7.851052488,27.606666508,114.716112449,1.359754201,14.216857724,1.000000000
1030,fixed_random_bfs,263576262,512,30,482,257,500,497,0,0.000000000,10410.840000000,10388.132000000,10388.126000000,0.000000000,22.708000000,11354,11.400000000,7.851052488,27.177188590,112.576109702,1.204139500,13.997271079,1.000000000
1031,fixed_random_bfs,697445011,512,35,477,617,500,497,0,0.000000000,10410.840000000,10382.628000000,10382.622000000,0.000000000,28.212000000,14106,9.800000000,7.851052488,24.847292988,102.233209348,1.246268875,12.791155044,1.000000000
1032,fixed_random_bfs,1186511141,512,24,488,485,500,497,0,0.000000000,10410.840000000,10405.044000000,10405.038000000,0.000000000,5.796000000,2898,1.600000000,7.851052488,31.300401164,126.496230000,1.299931372,16.155792224,1.000000000
1033,history_hotspot_bfs,8184149274,512,37,475,793,500,497,1,0.200000000,10410.840000000,10388.962000000,10388.050000000,0.906000000,21.878000000,10939,8.400000000,7.851052488,26.561264558,109.312603801,1.046479413,13.661178331,1.000000000
1034,fixed_random_bfs,1731168971,512,46,466,791,500,497,3,0.600000000,10410.840000000,10339.840000000,10337.536000000,2.298000000,71.000000000,35500,23.200000000,7.851052488,27.563238830,110.767914851,1.726032788,14.197401209,1.000000000
1035,spatial_uniform_bfs,1163403606,512,36,476,1092,500,497,0,0.000000000,10410.840000000,10406.060000000,10406.054000000,0.000000000,4.780000000,2390,2.800000000,7.851052488,23.038845094,90.411294400,1.467966691,11.842698558,1.000000000
1036,history_hotspot_bfs,8267907702,512,44,468,450,500,497,19,3.800000000,10410.840000000,10272.314000000,10265.950000000,6.358000000,138.526000000,69263,50.400000000,7.851052488,29.706835938,121.918229749,1.189073402,15.316042088,1.000000000
1037,fixed_random_bfs,8934352755,512,19,493,244,500,497,0,0.000000000,10410.840000000,10406.700000000,10406.694000000,0.000000000,4.140000000,2070,2.400000000,7.851052488,22.362738728,94.854230200,0.918118201,11.502009935,1.000000000
1038,spatial_uniform_bfs,1148143546,512,37,475,935,500,497,0,0.000000000,10410.840000000,10407.442000000,10407.436000000,0.000000000,3.398000000,1699,2.000000000,7.851052488,27.079893550,111.703663100,1.613905222,13.957982243,1.000000000
1039,history_hotspot_bfs,9118885990,512,38,474,822,500,497,7,1.400000000,10410.840000000,10338.062000000,10331.400000000,6.656000000,72.778000000,36389,32.600000000,7.851052488,31.640022220,131.005825949,1.318607345,16.363986222,1.000000000
1040,fixed_random_bfs,3846227196,512,30,482,272,500,497,1,0.200000000,10410.840000000,10400.544000000,10400.460000000,0.078000000,10.296000000,5148,4.200000000,7.851052488,31.394445974,127.648587951,1.093404180,16.231183046,1.000000000
1041,fixed_random_bfs,12069712236,512,38,474,710,500,497,3,0.600000000,10410.840000000,10380.522000000,10377.916000000,2.600000000,30.318000000,15159,10.600000000,7.851052488,29.025022162,123.349047448,1.678999231,14.964139278,1.000000000
1042,fixed_random_bfs,9041188470,512,37,475,366,500,497,8,1.600000000,10410.840000000,10292.608000000,10286.054000000,6.548000000,118.232000000,59116,41.600000000,7.851052488,27.117378530,112.141349202,1.186158577,13.962552572,1.000000000
1043,fixed_random_bfs,11231050474,512,40,472,330,500,497,31,6.200000000,10410.840000000,10283.064000000,10272.750000000,10.308000000,127.776000000,63888,48.000000000,7.851052488,26.889183344,112.920089849,1.734812286,13.844371098,1.000000000
1044,fixed_random_bfs,5586150797,512,29,483,314,500,497,0,0.000000000,10410.840000000,10380.986000000,10380.980000000,0.000000000,29.854000000,14927,10.000000000,7.851052488,26.672562936,109.400344501,1.728161271,13.750733444,1.000000000
1045,fixed_random_bfs,12776717274,512,30,482,757,500,497,2,0.400000000,10410.840000000,10380.906000000,10378.956000000,1.944000000,29.934000000,14967,9.000000000,7.851052488,23.799849054,99.395013149,1.248798571,12.242372656,1.000000000
1046,fixed_random_bfs,480482947,512,27,485,332,500,497,8,1.600000000,10410.840000000,10357.976000000,10350.472000000,7.498000000,52.864000000,26432,18.200000000,7.851052488,30.598000390,125.158359551,1.697024791,15.771524472,1.000000000
1047,spatial_uniform_bfs,1163401678,512,39,473,1233,500,497,0,0.000000000,10410.840000000,10406.472000000,10406.466000000,0.000000000,4.368000000,2184,2.800000000,7.851052488,27.395299284,114.776878798,1.255664078,14.113741049,1.000000000
1048,fixed_random_bfs,12049398918,512,32,480,558,500,497,0,0.000000000,10410.840000000,10404.234000000,10404.228000000,0.000000000,6.606000000,3303,1.800000000,7.851052488,24.721739338,103.562958550,1.427885541,12.719540694,1.000000000
1049,fixed_random_bfs,1187136619,512,38,474,1126,500,497,0,0.000000000,10410.840000000,10402.940000000,10402.934000000,0.000000000,7.900000000,3950,2.400000000,7.851052488,22.979195122,91.231744050,1.353983557,11.829184776,1.000000000
1050,spatial_uniform_bfs,1163402547,512,28,484,603,500,497,0,0.000000000,10410.840000000,10406.720000000,10406.714000000,0.000000000,4.120000000,2060,2.200000000,7.851052488,23.741430820,100.591206001,1.308228602,12.218944136,1.000000000
1051,fixed_random_bfs,1187136636,512,42,470,1268,500,497,0,0.000000000,10410.840000000,10403.628000000,10403.622000000,0.000000000,7.212000000,3606,2.200000000,7.851052488,27.858318654,109.252495049,1.214230635,14.356797882,1.000000000
1052,fixed_random_bfs,6249235099,512,51,461,676,500,497,10,2.000000000,10410.840000000,10322.624000000,10318.466000000,4.152000000,88.216000000,44108,34.200000000,7.851052488,29.515735344,125.642195498,1.739451688,15.219993694,1.000000000
1053,history_hotspot_bfs,12049444366,512,39,473,551,500,497,6,1.200000000,10410.840000000,10335.948000000,10330.662000000,5.280000000,74.892000000,37446,26.800000000,7.851052488,30.414432902,127.583213350,1.715946171,15.679113156,1.000000000
1054,fixed_random_bfs,13056066865,512,29,483,469,500,497,0,0.000000000,10410.840000000,10406.476000000,10406.470000000,0.000000000,4.364000000,2182,1.600000000,7.851052488,27.236404222,105.714782799,1.162386980,14.040980711,1.000000000
1055,spatial_uniform_bfs,1163401609,512,29,483,544,500,497,0,0.000000000,10410.840000000,10404.604000000,10404.598000000,0.000000000,6.236000000,3118,2.800000000,7.851052488,29.020065776,122.213072151,1.949417069,14.949065116,1.000000000
1056,fixed_random_bfs,12333581101,512,33,479,300,500,497,19,3.800000000,10410.840000000,10293.194000000,10285.058000000,8.130000000,117.646000000,58823,41.400000000,7.851052488,31.332958670,130.336886752,1.877655411,16.160378013,1.000000000
1057,fixed_random_bfs,12132082942,512,23,489,232,500,497,0,0.000000000,10410.840000000,10384.494000000,10384.488000000,0.000000000,26.346000000,13173,6.600000000,7.851052488,28.424867904,115.156013000,1.276171692,14.649918623,1.000000000
1058,fixed_random_bfs,1643293823,512,24,488,441,500,497,0,0.000000000,10410.840000000,10405.720000000,10405.714000000,0.000000000,5.120000000,2560,2.200000000,7.851052488,27.562171644,126.167121751,1.849577971,14.212154272,1.000000000
1059,fixed_random_bfs,1219137941,512,32,480,611,500,497,0,0.000000000,10410.840000000,10400.986000000,10400.980000000,0.000000000,9.854000000,4927,4.200000000,7.851052488,27.267258574,115.587097351,1.329259489,14.038291098,1.000000000
1060,fixed_random_bfs,1419645375,512,34,478,295,500,497,39,7.800000000,10410.840000000,10240.248000000,10219.536000000,20.706000000,170.592000000,85296,67.400000000,7.851052488,29.544025952,128.406803099,1.229032954,15.207513776,1.000000000
1061,history_hotspot_bfs,13055272862,512,32,480,320,500,497,31,6.200000000,10410.840000000,10241.082000000,10219.784000000,21.292000000,169.758000000,84879,65.400000000,7.851052488,29.186443030,122.239030301,1.240152431,15.021954281,1.000000000
1062,fixed_random_bfs,4567404052,512,48,464,439,500,497,23,4.600000000,10410.840000000,10287.274000000,10275.322000000,11.946000000,123.566000000,61783,43.000000000,7.851052488,26.686757534,111.554429551,1.228816193,13.725910185,1.000000000
1063,history_hotspot_bfs,13717448260,512,34,478,711,500,497,0,0.000000000,10410.840000000,10374.234000000,10374.228000000,0.000000000,36.606000000,18303,13.000000000,7.851052488,25.461715652,106.922172150,1.328536113,13.098838896,1.000000000
1064,fixed_random_bfs,4505162251,512,22,490,192,500,497,6,1.200000000,10410.840000000,10330.934000000,10326.092000000,4.836000000,79.906000000,39953,30.600000000,7.851052488,27.047447918,111.590886702,1.695835563,13.924053720,1.000000000
1065,fixed_random_bfs,12563426298,512,42,470,1034,500,497,0,0.000000000,10410.840000000,10376.492000000,10376.486000000,0.000000000,34.348000000,17174,13.400000000,7.851052488,29.476949798,119.312485599,1.200793725,15.181440751,1.000000000
1066,history_hotspot_bfs,128668297,512,38,474,773,500,497,8,1.600000000,10410.840000000,10311.148000000,10304.694000000,6.448000000,99.692000000,49846,31.600000000,7.851052488,27.930946768,113.051758949,1.190621727,14.379714348,1.000000000
1067,fixed_random_bfs,444058630,512,26,486,465,500,497,0,0.000000000,10410.840000000,10379.456000000,10379.450000000,0.000000000,31.384000000,15692,10.200000000,7.851052488,26.128820416,101.063900703,1.626366153,13.466794442,1.000000000
1068,spatial_uniform_bfs,1148227835,512,33,479,755,500,497,0,0.000000000,10410.840000000,10405.444000000,10405.438000000,0.000000000,5.396000000,2698,2.800000000,7.851052488,29.325454566,119.404138952,1.278988912,15.140496409,1.000000000
1069,fixed_random_bfs,8734369949,512,27,485,360,500,497,3,0.600000000,10410.840000000,10335.814000000,10332.920000000,2.888000000,75.026000000,37513,25.400000000,7.851052488,24.998060392,99.547717150,1.225983665,12.877417103,1.000000000
1070,history_hotspot_bfs,138230330,512,28,484,142,500,497,77,15.400000000,10410.840000000,10246.592000000,10200.140000000,46.446000000,164.248000000,82124,61.000000000,7.851052488,29.049624886,125.000060600,1.296838829,14.890693360,1.000000000
1071,history_hotspot_bfs,257736783,512,18,494,241,500,497,5,1.000000000,10410.840000000,10327.346000000,10322.288000000,5.052000000,83.494000000,41747,29.600000000,7.851052488,30.702456474,130.327464351,1.468819551,15.829418949,1.000000000
1072,fixed_random_bfs,1323016188,512,13,499,144,500,497,0,0.000000000,10410.840000000,10409.590000000,10409.584000000,0.000000000,1.250000000,625,2.600000000,7.851052488,28.228319858,114.741415349,1.539596935,14.574826062,1.000000000
1073,spatial_uniform_bfs,1148228302,512,40,472,1172,500,497,0,0.000000000,10410.840000000,10405.386000000,10405.380000000,0.000000000,5.454000000,2727,2.800000000,7.851052488,27.720595526,113.767463297,1.287147805,14.300251603,1.000000000
1074,fixed_random_bfs,2292541513,512,30,482,371,500,497,0,0.000000000,10410.840000000,10399.690000000,10399.684000000,0.000000000,11.150000000,5575,6.400000000,7.851052488,26.885627798,111.935654803,1.214233429,13.861469256,1.000000000
1075,history_hotspot_bfs,314553224,512,35,477,588,500,497,25,5.000000000,10410.840000000,10310.710000000,10287.330000000,23.374000000,100.130000000,50065,37.800000000,7.851052488,25.199901288,98.853675201,1.408916648,12.965508530,1.000000000
1076,fixed_random_bfs,7671746650,512,15,497,210,500,497,1,0.200000000,10410.840000000,10406.190000000,10405.182000000,1.002000000,4.650000000,2325,1.800000000,7.851052488,31.840974956,131.898987851,1.376980398,16.447680535,1.000000000
1077,fixed_random_bfs,8987725938,512,22,490,328,500,497,0,0.000000000,10410.840000000,10347.820000000,10347.814000000,0.000000000,63.020000000,31510,20.600000000,7.851052488,27.014695942,110.719388199,1.725668609,13.918903253,1.000000000
1078,spatial_uniform_bfs,1148227974,512,44,468,1383,500,497,0,0.000000000,10410.840000000,10404.896000000,10404.890000000,0.000000000,5.944000000,2972,2.800000000,7.851052488,22.137122946,91.020530551,1.535328573,11.382170430,1.000000000
1079,fixed_random_bfs,428050279,512,33,479,292,500,497,10,2.000000000,10410.840000000,10300.070000000,10291.184000000,8.880000000,110.770000000,55385,47.200000000,7.851052488,26.955657082,113.351940852,1.243043351,13.879149723,1.000000000
1080,history_hotspot_bfs,409770937,512,39,473,459,500,497,20,4.000000000,10410.840000000,10313.762000000,10299.904000000,13.852000000,97.078000000,48539,33.600000000,7.851052488,21.658839148,92.217094201,1.327755245,11.130964155,1.000000000
1081,fixed_random_bfs,1148228680,512,42,470,1098,500,497,0,0.000000000,10410.840000000,10397.530000000,10397.524000000,0.000000000,13.310000000,6655,5.200000000,7.851052488,31.629537572,132.407685152,1.788553812,16.319362813,1.000000000
1082,history_hotspot_bfs,411842220,512,44,468,451,500,497,26,5.200000000,10410.840000000,10279.676000000,10262.514000000,17.156000000,131.164000000,65582,59.000000000,7.851052488,27.788877172,114.072754903,1.701756656,14.303785822,1.000000000
1083,fixed_random_bfs,4607650176,512,41,471,469,500,497,1,0.200000000,10410.840000000,10372.636000000,10371.822000000,0.808000000,38.204000000,19102,14.600000000,7.851052488,27.078394236,112.864747851,1.169795188,13.953383587,1.000000000
1084,fixed_random_bfs,1548057696,512,35,477,633,500,497,1,0.200000000,10410.840000000,10374.390000000,10373.446000000,0.938000000,36.450000000,18225,12.800000000,7.851052488,23.148594098,96.342329099,1.437232074,11.913027402,1.000000000
1085,history_hotspot_bfs,428214949,512,39,473,479,500,497,32,6.400000000,10410.840000000,10283.732000000,10256.182000000,27.544000000,127.108000000,63554,49.600000000,7.851052488,30.654380792,128.004048749,1.611735305,15.797234412,1.000000000
1086,fixed_random_bfs,418721515,512,31,481,238,500,497,0,0.000000000,10410.840000000,10387.262000000,10387.256000000,0.000000000,23.578000000,11789,6.400000000,7.851052488,27.880125744,110.919056398,1.235738451,14.351448954,1.000000000
1087,fixed_random_bfs,1518683725,512,39,473,547,500,497,0,0.000000000,10410.840000000,10408.874000000,10408.868000000,0.000000000,1.966000000,983,1.000000000,7.851052488,24.418155856,100.628748648,1.133784403,12.564053189,1.000000000
1088,history_hotspot_bfs,474701473,512,49,463,787,500,497,19,3.800000000,10410.840000000,10283.700000000,10269.792000000,13.902000000,127.140000000,63570,52.600000000,7.851052488,31.432164562,130.196660601,1.281878048,16.230325396,1.000000000
1089,fixed_random_bfs,13037833044,512,24,488,329,500,497,0,0.000000000,10410.840000000,10407.014000000,10407.008000000,0.000000000,3.826000000,1913,1.400000000,7.851052488,26.877255820,111.174152952,1.741199962,13.853282182,1.000000000
1090,fixed_random_bfs,1160057045,512,30,482,591,500,497,0,0.000000000,10410.840000000,10403.864000000,10403.858000000,0.000000000,6.976000000,3488,1.800000000,7.851052488,27.709849642,118.840107299,1.323637689,14.277020757,1.000000000
1091,fixed_random_bfs,10240340316,512,45,467,926,500,497,0,0.000000000,10410.840000000,10395.540000000,10395.534000000,0.000000000,15.300000000,7650,4.800000000,7.851052488,28.856953336,122.250825351,1.873024810,14.889787971,1.000000000
1092,fixed_random_bfs,1145512910,512,39,473,391,500,497,2,0.400000000,10410.840000000,10370.246000000,10368.516000000,1.724000000,40.594000000,20297,13.600000000,7.851052488,27.852918764,113.945521697,1.827544952,14.347932155,1.000000000
1093,fixed_random_bfs,1788785652,512,28,484,227,500,497,47,9.400000000,10410.840000000,10259.524000000,10223.630000000,35.888000000,151.316000000,75658,64.600000000,7.851052488,25.854547242,99.397581549,1.292033250,13.295610670,1.000000000
1094,history_hotspot_bfs,497871234,512,37,475,795,500,497,4,0.800000000,10410.840000000,10329.398000000,10325.528000000,3.864000000,81.442000000,40721,26.400000000,7.851052488,27.042724722,111.579499299,1.233094858,13.925709661,1.000000000
1095,fixed_random_bfs,447549140,512,23,489,383,500,497,0,0.000000000,10410.840000000,10400.546000000,10400.540000000,0.000000000,10.294000000,5147,3.400000000,7.851052488,27.513031352,111.839120399,1.607752282,14.181542014,1.000000000
1096,fixed_random_bfs,1640860700,512,37,475,823,500,497,0,0.000000000,10410.840000000,10409.654000000,10409.648000000,0.000000000,1.186000000,593,0.400000000,7.851052488,28.993084138,121.994926352,1.714313964,14.955236784,1.000000000
1097,history_hotspot_bfs,1165604056,512,42,470,538,500,497,9,1.800000000,10410.840000000,10292.076000000,10283.990000000,8.080000000,118.764000000,59382,48.800000000,7.851052488,23.990627058,101.052209198,1.034347939,12.344789077,1.000000000
1098,fixed_random_bfs,1214153197,512,19,493,42,500,497,1,0.200000000,10410.840000000,10403.712000000,10403.158000000,0.548000000,7.128000000,3564,9.800000000,7.851052488,27.301779798,116.264720999,1.637507280,14.062005123,1.000000000
1099,history_hotspot_bfs,1731170416,512,43,469,793,500,497,14,2.800000000,10410.840000000,10336.924000000,10326.428000000,10.490000000,73.916000000,36958,27.800000000,7.851052488,23.723968858,96.327456100,1.022802291,12.205692278,1.000000000
1100,fixed_random_bfs,478864894,512,31,481,289,500,497,20,4.000000000,10410.840000000,10279.394000000,10265.342000000,14.046000000,131.446000000,65723,52.200000000,7.851052488,26.413011028,113.140287801,1.193468604,13.586061702,1.000000000
1101,fixed_random_bfs,1174117251,512,39,473,623,500,497,0,0.000000000,10410.840000000,10404.742000000,10404.736000000,0.000000000,6.098000000,3049,1.600000000,7.851052488,25.509152494,106.064952551,1.613249213,13.122180208,1.000000000
1102,fixed_random_bfs,9791171616,512,24,488,192,500,497,1,0.200000000,10410.840000000,10381.372000000,10380.644000000,0.722000000,29.468000000,14734,13.000000000,7.851052488,27.075288920,109.269818500,1.286205513,13.945966580,1.000000000
1103,history_hotspot_bfs,1788787081,512,33,479,228,500,497,26,5.200000000,10410.840000000,10232.970000000,10218.096000000,14.868000000,177.870000000,88935,68.400000000,7.851052488,26.520071150,114.674520901,1.802028827,13.643527662,1.000000000
1104,fixed_random_bfs,4444137419,512,18,494,150,500,497,4,0.800000000,10410.840000000,10359.896000000,10356.082000000,3.808000000,50.944000000,25472,16.800000000,7.851052488,27.002890444,109.890951748,1.284700028,13.914356589,1.000000000
1105,spatial_uniform_bfs,1148228007,512,26,486,456,500,497,0,0.000000000,10410.840000000,10403.650000000,10403.644000000,0.000000000,7.190000000,3595,3.000000000,7.851052488,26.284365484,110.482158648,1.740384016,13.524508069,1.000000000
1106,history_hotspot_bfs,1866946873,512,30,482,253,500,497,13,2.600000000,10410.840000000,10366.384000000,10356.082000000,10.296000000,44.456000000,22228,18.200000000,7.851052488,31.786805724,130.020293803,1.750848866,16.391542556,1.000000000
1107,fixed_random_bfs,2490198511,512,52,460,572,500,497,8,1.600000000,10410.840000000,10325.914000000,10321.176000000,4.732000000,84.926000000,42463,45.400000000,7.851052488,28.377526426,111.240857201,1.448267573,14.611208186,1.000000000
1108,spatial_uniform_bfs,1145535986,512,23,489,386,500,497,0,0.000000000,10410.840000000,10406.642000000,10406.636000000,0.000000000,4.198000000,2099,2.200000000,7.851052488,26.807738270,110.359176148,1.721544755,13.815795528,1.000000000
1109,history_hotspot_bfs,2232529133,512,41,471,316,500,497,44,8.800000000,10410.840000000,10236.760000000,10212.090000000,24.664000000,174.080000000,87040,65.000000000,7.851052488,28.050720322,121.634975150,1.416896653,14.423195869,1.000000000
1110,fixed_random_bfs,4502959789,512,27,485,338,500,497,0,0.000000000,10410.840000000,10363.222000000,10363.216000000,0.000000000,47.618000000,23809,14.000000000,7.851052488,31.312976400,133.129411102,1.860461890,16.152848131,1.000000000
1111,fixed_random_bfs,9714524560,512,33,479,686,500,497,1,0.200000000,10410.840000000,10394.750000000,10393.786000000,0.958000000,16.090000000,8045,5.000000000,7.851052488,27.431182674,111.713448352,1.260520469,14.123671910,1.000000000
1112,history_hotspot_bfs,2308862129,512,43,469,349,500,497,29,5.800000000,10410.840000000,10237.648000000,10217.922000000,19.720000000,173.192000000,86596,65.400000000,7.851052488,27.207798644,111.729474949,1.578207639,14.002362182,1.000000000
1113,fixed_random_bfs,4722703955,512,41,471,266,500,497,1,0.200000000,10410.840000000,10389.554000000,10388.820000000,0.728000000,21.286000000,10643,7.000000000,7.851052488,23.494618880,89.790427700,1.459947028,12.083580146,1.000000000
1114,fixed_random_bfs,13030226518,512,20,492,201,500,497,0,0.000000000,10410.840000000,10409.544000000,10409.538000000,0.000000000,1.296000000,648,0.800000000,7.851052488,31.885328722,131.664536450,1.287134337,16.460957537,1.000000000
1115,history_hotspot_bfs,2460613855,512,36,476,297,500,497,44,8.800000000,10410.840000000,10266.036000000,10231.002000000,35.028000000,144.804000000,72402,56.400000000,7.851052488,27.210774002,118.051757398,1.197559648,14.003150299,1.000000000
1116,fixed_random_bfs,8364445833,512,44,468,1013,500,497,8,1.600000000,10410.840000000,10315.162000000,10307.828000000,7.328000000,95.678000000,47839,31.200000000,7.851052488,23.256061874,95.533362898,1.313678025,11.952511246,1.000000000
1117,fixed_random_bfs,8251845725,512,35,477,352,500,497,5,1.000000000,10410.840000000,10352.644000000,10350.162000000,2.476000000,58.196000000,29098,20.400000000,7.851052488,31.400689894,129.661306202,1.028687054,16.190166748,1.000000000
1118,history_hotspot_bfs,2937936475,512,32,480,198,500,497,79,15.800000000,10410.840000000,10237.636000000,10176.412000000,61.218000000,173.204000000,86602,66.800000000,7.851052488,24.324634404,102.249084151,1.715591822,12.465742792,1.000000000
1119,fixed_random_bfs,1110673601,512,34,478,325,500,497,23,4.600000000,10410.840000000,10281.120000000,10263.486000000,17.628000000,129.720000000,64860,51.600000000,7.851052488,31.022783874,126.989116399,1.157842012,15.995215216,1.000000000
1120,history_hotspot_bfs,3896082259,512,50,462,635,500,497,13,2.600000000,10410.840000000,10272.020000000,10262.500000000,9.514000000,138.820000000,69410,58.400000000,7.851052488,26.735315810,111.733383448,1.644559434,13.775141066,1.000000000
1121,fixed_random_bfs,1548075778,512,40,472,597,500,497,1,0.200000000,10410.840000000,10380.972000000,10380.102000000,0.864000000,29.868000000,14934,10.800000000,7.851052488,24.293131552,101.573425448,0.966900064,12.501019320,1.000000000
1122,fixed_random_bfs,1147306677,512,43,469,571,500,497,3,0.600000000,10410.840000000,10385.742000000,10383.770000000,1.966000000,25.098000000,12549,12.400000000,7.851052488,27.058011480,114.572256849,1.264909272,13.936257068,1.000000000
1123,fixed_random_bfs,1548081296,512,36,476,498,500,497,4,0.800000000,10410.840000000,10360.658000000,10357.084000000,3.568000000,50.182000000,25091,18.600000000,7.851052488,23.252571414,94.822960999,1.023645855,11.950218562,1.000000000
1124,history_hotspot_bfs,4587696991,512,22,490,154,500,497,1,0.200000000,10410.840000000,10388.886000000,10387.932000000,0.948000000,21.954000000,10977,6.400000000,7.851052488,29.053104810,122.779883448,2.152404220,14.953352389,1.000000000
1125,fixed_random_bfs,1548068057,512,35,477,905,500,497,3,0.600000000,10410.840000000,10385.162000000,10382.280000000,2.876000000,25.678000000,12839,8.800000000,7.851052488,30.497201878,126.059859052,1.715175869,15.727195061,1.000000000
1126,fixed_random_bfs,1394086762,512,34,478,761,500,497,1,0.200000000,10410.840000000,10385.090000000,10384.072000000,1.012000000,25.750000000,12875,7.800000000,7.851052488,27.330674888,112.807118950,1.822542968,14.075508803,1.000000000
1127,history_hotspot_bfs,4685392627,512,61,451,809,500,497,17,3.400000000,10410.840000000,10292.746000000,10283.568000000,9.172000000,118.094000000,59047,51.800000000,7.851052488,26.914516346,109.185894151,1.265419720,13.863128130,1.000000000
1128,fixed_random_bfs,10140392423,512,30,482,514,500,497,0,0.000000000,10410.840000000,10406.404000000,10406.398000000,0.000000000,4.436000000,2218,1.200000000,7.851052488,32.166851428,134.950013151,1.351059380,16.605896829,1.000000000
1129,fixed_random_bfs,1670401805,512,41,471,1096,500,497,1,0.200000000,10410.840000000,10365.932000000,10365.008000000,0.918000000,44.908000000,22454,15.400000000,7.851052488,22.947609636,89.497509302,0.940459067,11.798575805,1.000000000
1130,history_hotspot_bfs,4751793167,512,50,462,589,500,497,30,6.000000000,10410.840000000,10281.312000000,10260.046000000,21.260000000,129.528000000,64764,59.000000000,7.851052488,27.390242106,111.013665601,1.206437298,14.098091648,1.000000000
1131,fixed_random_bfs,12469918347,512,32,480,539,500,497,0,0.000000000,10410.840000000,10381.654000000,10381.648000000,0.000000000,29.186000000,14593,9.600000000,7.851052488,27.396729846,113.355861950,1.576130007,14.122839599,1.000000000
1132,fixed_random_bfs,4750584913,512,21,491,219,500,497,0,0.000000000,10410.840000000,10408.584000000,10408.578000000,0.000000000,2.256000000,1128,1.400000000,7.851052488,31.990936988,133.346110350,1.646861260,16.528943302,1.000000000
1133,fixed_random_bfs,2611061256,512,38,474,772,500,497,1,0.200000000,10410.840000000,10385.012000000,10384.070000000,0.936000000,25.828000000,12914,9.000000000,7.851052488,25.549837410,110.319742451,1.007781236,13.154247615,1.000000000
1134,fixed_random_bfs,9022834421,512,41,471,403,500,497,6,1.200000000,10410.840000000,10304.558000000,10300.762000000,3.790000000,106.282000000,53141,36.400000000,7.851052488,27.837493860,118.992090151,1.867053108,14.338369847,1.000000000
1135,history_hotspot_bfs,5264286371,512,39,473,807,500,497,0,0.000000000,10410.840000000,10389.010000000,10389.004000000,0.000000000,21.830000000,10915,7.200000000,7.851052488,25.618608154,110.871583300,1.319120481,13.200010212,1.000000000
1136,fixed_random_bfs,1728072364,512,36,476,903,500,497,1,0.200000000,10410.840000000,10369.106000000,10368.122000000,0.978000000,41.734000000,20867,15.800000000,7.851052488,26.793158436,112.179890000,1.360819887,13.803320080,1.000000000
1137,fixed_random_bfs,4773520962,512,23,489,282,500,497,5,1.000000000,10410.840000000,10321.580000000,10316.868000000,4.706000000,89.260000000,44630,26.200000000,7.851052488,31.896675528,132.894940051,1.775877958,16.471173177,1.000000000
1138,fixed_random_bfs,1550092701,512,20,492,142,500,497,0,0.000000000,10410.840000000,10399.112000000,10399.106000000,0.000000000,11.728000000,5864,3.600000000,7.851052488,24.542738348,100.802646651,1.195286055,12.623724811,1.000000000
1139,fixed_random_bfs,1142606543,512,34,478,514,500,497,0,0.000000000,10410.840000000,10390.886000000,10390.880000000,0.000000000,19.954000000,9977,5.600000000,7.851052488,26.720007262,114.123941700,1.342461570,13.759302292,1.000000000
1140,history_hotspot_bfs,7183974779,512,48,464,518,500,497,30,6.000000000,10410.840000000,10259.840000000,10243.312000000,16.522000000,151.000000000,75500,65.800000000,7.851052488,27.161953742,113.411255300,1.628537282,13.982087103,1.000000000
1141,fixed_random_bfs,2784646269,512,21,491,205,500,497,4,0.800000000,10410.840000000,10366.348000000,10362.754000000,3.588000000,44.492000000,22246,21.400000000,7.851052488,26.999118332,113.075466248,1.665881122,13.909226816,1.000000000
1142,history_hotspot_bfs,8369094396,512,33,479,457,500,497,10,2.000000000,10410.840000000,10309.436000000,10300.802000000,8.628000000,101.404000000,50702,37.200000000,7.851052488,26.507277094,112.292157250,1.244372436,13.639921599,1.000000000
1143,fixed_random_bfs,4825414675,512,15,497,183,500,497,0,0.000000000,10410.840000000,10403.208000000,10403.202000000,0.000000000,7.632000000,3816,4.000000000,7.851052488,28.872226946,121.384222400,1.258924769,14.885317076,1.000000000
1144,fixed_random_bfs,1518691614,512,18,494,188,500,497,0,0.000000000,10410.840000000,10409.852000000,10409.846000000,0.000000000,0.988000000,494,0.200000000,7.851052488,25.571977008,111.052210850,0.956326156,13.167358865,1.000000000
1145,history_hotspot_bfs,9401053195,512,55,457,844,500,497,14,2.800000000,10410.840000000,10283.862000000,10273.134000000,10.722000000,126.978000000,63489,57.800000000,7.851052488,29.264761190,128.924007202,1.835182335,15.087224075,1.000000000
1146,fixed_random_bfs,6433259701,512,47,465,1014,500,497,0,0.000000000,10410.840000000,10402.608000000,10402.602000000,0.000000000,8.232000000,4116,2.800000000,7.851052488,25.803979860,109.287582448,1.809416660,13.263429183,1.000000000
1147,history_hotspot_bfs,9922215307,512,56,456,578,500,497,16,3.200000000,10410.840000000,10268.158000000,10259.838000000,8.314000000,142.682000000,71341,56.400000000,7.851052488,26.965844668,110.442718700,1.225344916,13.886275980,1.000000000
1148,fixed_random_bfs,11831690477,512,34,478,635,500,497,0,0.000000000,10410.840000000,10409.528000000,10409.522000000,0.000000000,1.312000000,656,0.400000000,7.851052488,27.112415170,112.135060649,1.612856646,13.971260548,1.000000000
1149,fixed_random_bfs,1198829487,512,23,489,328,500,497,0,0.000000000,10410.840000000,10390.146000000,10390.140000000,0.000000000,20.694000000,10347,8.000000000,7.851052488,31.664637208,131.007253999,1.254748848,16.354569327,1.000000000
1150,fixed_random_bfs,5292005409,512,26,486,116,500,497,0,0.000000000,10410.840000000,10359.364000000,10359.358000000,0.000000000,51.476000000,25738,16.600000000,7.851052488,24.946766536,108.763474002,1.033475676,12.835880488,1.000000000
1151,history_hotspot_bfs,10915038719,512,37,475,792,500,497,9,1.800000000,10410.840000000,10331.586000000,10323.782000000,7.798000000,79.254000000,39627,26.600000000,7.851052488,29.656415436,128.369223051,1.210044247,15.301248451,1.000000000
1152,fixed_random_bfs,1145511353,512,43,469,493,500,497,2,0.400000000,10410.840000000,10372.374000000,10370.784000000,1.584000000,38.466000000,19233,13.400000000,7.851052488,28.145767060,117.886220498,1.275967014,14.501691129,1.000000000
1153,fixed_random_bfs,292258111,512,34,478,188,500,497,0,0.000000000,10410.840000000,10399.862000000,10399.856000000,0.000000000,10.978000000,5489,9.400000000,7.851052488,31.375726758,133.890924601,1.200612080,16.201608388,1.000000000
1154,fixed_random_bfs,1322214881,512,18,494,242,500,497,0,0.000000000,10410.840000000,10404.344000000,10404.338000000,0.000000000,6.496000000,3248,3.600000000,7.851052488,26.752364856,108.773685951,1.162787036,13.771142457,1.000000000
1155,fixed_random_bfs,114310832,512,32,480,85,500,497,0,0.000000000,10410.840000000,10354.568000000,10354.562000000,0.000000000,56.272000000,28136,27.600000000,7.851052488,27.113788100,112.233557051,1.203478407,13.972106070,1.000000000
1156,fixed_random_bfs,4606475716,512,24,488,365,500,497,0,0.000000000,10410.840000000,10390.606000000,10390.600000000,0.000000000,20.234000000,10117,8.200000000,7.851052488,22.671438200,93.852729900,1.355085995,11.655216795,1.000000000
1157,fixed_random_bfs,2232213879,512,20,492,123,500,497,0,0.000000000,10410.840000000,10380.658000000,10380.652000000,0.000000000,30.182000000,15091,8.200000000,7.851052488,31.498206310,130.318753450,1.384569705,16.249190190,1.000000000
1158,history_hotspot_bfs,12455973450,512,50,462,605,500,497,25,5.000000000,10410.840000000,10285.420000000,10265.544000000,19.870000000,125.420000000,62710,59.600000000,7.851052488,28.116612966,112.793890700,1.663705232,14.471418243,1.000000000
1159,fixed_random_bfs,275218856,512,16,496,211,500,497,1,0.200000000,10410.840000000,10405.528000000,10404.522000000,1.000000000,5.312000000,2656,2.200000000,7.851052488,27.481468602,115.955578051,1.218466640,14.164808354,1.000000000
1160,history_hotspot_bfs,12455973490,512,56,456,1078,500,497,27,5.400000000,10410.840000000,10287.454000000,10267.680000000,19.768000000,123.386000000,61693,56.400000000,7.851052488,28.431787430,123.111531701,1.777749174,14.621140567,1.000000000
1161,history_hotspot_bfs,12456240967,512,35,477,204,500,497,103,20.600000000,10410.840000000,10236.222000000,10178.542000000,57.674000000,174.618000000,87309,68.000000000,7.851052488,22.909176426,90.601497399,1.156824071,11.709232302,1.000000000
1162,history_hotspot_bfs,12458801856,512,36,476,389,500,497,43,8.600000000,10410.840000000,10244.804000000,10226.924000000,17.874000000,166.036000000,83018,60.000000000,7.851052488,27.100690284,113.518516800,1.667587649,13.924050631,1.000000000
1163,fixed_random_bfs,2232213885,512,25,487,224,500,497,0,0.000000000,10410.840000000,10381.370000000,10381.364000000,0.000000000,29.470000000,14735,8.400000000,7.851052488,27.941833408,111.815744252,1.191299021,14.394654104,1.000000000
1164,history_hotspot_bfs,12533949459,512,44,468,500,500,497,35,7.000000000,10410.840000000,10258.122000000,10232.116000000,26.000000000,152.718000000,76359,65.000000000,7.851052488,26.845084008,110.285742402,1.164623025,13.824608964,1.000000000
1165,fixed_random_bfs,5765890566,512,24,488,156,500,497,1,0.200000000,10410.840000000,10398.354000000,10398.320000000,0.028000000,12.486000000,6243,6.800000000,7.851052488,23.693112694,102.404139551,1.228616247,12.199376299,1.000000000
1166,fixed_random_bfs,8659874843,512,21,491,268,500,497,4,0.800000000,10410.840000000,10339.950000000,10336.196000000,3.748000000,70.890000000,35445,21.600000000,7.851052488,31.617445852,130.075259103,1.669838375,16.332561790,1.000000000
1167,fixed_random_bfs,1551004747,512,23,489,383,500,497,0,0.000000000,10410.840000000,10406.720000000,10406.714000000,0.000000000,4.120000000,2060,1.600000000,7.851052488,31.950563812,136.344229000,1.309081705,16.497285596,1.000000000
1168,fixed_random_bfs,428215629,512,29,483,241,500,497,12,2.400000000,10410.840000000,10366.510000000,10356.052000000,10.452000000,44.330000000,22165,16.000000000,7.851052488,27.319417152,115.681787351,1.687112914,14.060107554,1.000000000
1169,fixed_random_bfs,4695891006,512,22,490,219,500,497,0,0.000000000,10410.840000000,10397.398000000,10397.392000000,0.000000000,13.442000000,6721,5.400000000,7.851052488,28.471416842,125.784966952,1.831669972,14.673250859,1.000000000
1170,history_hotspot_bfs,25632366,512,58,454,435,500,497,47,9.400000000,10410.840000000,10242.094000000,10216.988000000,25.100000000,168.746000000,84373,72.000000000,7.851052488,29.919091018,117.483212899,1.021402093,15.385292177,1.000000000
1171,spatial_uniform_bfs,1148227740,512,37,475,860,500,497,0,0.000000000,10410.840000000,10405.370000000,10405.364000000,0.000000000,5.470000000,2735,2.800000000,7.851052488,30.335137272,131.848365451,1.775083307,15.652666148,1.000000000
1172,fixed_random_bfs,3493882605,512,37,475,742,500,497,0,0.000000000,10410.840000000,10362.532000000,10362.526000000,0.000000000,48.308000000,24154,15.200000000,7.851052488,27.242979076,117.665016499,1.667984575,14.031404775,1.000000000
1173,history_hotspot_bfs,138234001,512,34,478,283,500,497,34,6.800000000,10410.840000000,10262.192000000,10234.648000000,27.538000000,148.648000000,74324,58.000000000,7.851052488,21.821368140,88.342248497,1.406563292,11.194715115,1.000000000
1174,fixed_random_bfs,7156592708,512,35,477,663,500,497,2,0.400000000,10410.840000000,10400.778000000,10398.828000000,1.944000000,10.062000000,5031,3.000000000,7.851052488,27.485642546,112.793846698,1.695742158,14.157366223,1.000000000
1175,spatial_uniform_bfs,1148228333,512,29,483,454,500,497,0,0.000000000,10410.840000000,10403.858000000,10403.852000000,0.000000000,6.982000000,3491,3.000000000,7.851052488,27.822526156,117.734080752,1.222097677,14.343897851,1.000000000
1176,fixed_random_bfs,1318771258,512,33,479,872,500,497,0,0.000000000,10410.840000000,10399.012000000,10399.006000000,0.000000000,11.828000000,5914,3.600000000,7.851052488,23.180976398,96.655010249,1.286561197,11.929691082,1.000000000
1177,fixed_random_bfs,1322919516,512,34,478,774,500,497,1,0.200000000,10410.840000000,10392.028000000,10391.100000000,0.922000000,18.812000000,9406,6.200000000,7.851052488,26.908045894,107.816474849,1.098606750,13.833119916,1.000000000
1178,fixed_random_bfs,278973431,512,26,486,511,500,497,0,0.000000000,10410.840000000,10405.942000000,10405.936000000,0.000000000,4.898000000,2449,1.600000000,7.851052488,27.359147082,115.986201452,1.236105344,14.096402149,1.000000000
1179,history_hotspot_bfs,299614426,512,39,473,505,500,497,10,2.000000000,10410.840000000,10273.402000000,10267.526000000,5.870000000,137.438000000,68719,53.400000000,7.851052488,28.348306978,114.602296649,1.608362655,14.598754857,1.000000000
1180,fixed_random_bfs,5581559348,512,26,486,509,500,497,0,0.000000000,10410.840000000,10390.182000000,10390.176000000,0.000000000,20.658000000,10329,8.000000000,7.851052488,26.880419442,116.915649550,1.606096588,13.862394828,1.000000000
1181,fixed_random_bfs,11154572176,512,30,482,678,500,497,0,0.000000000,10410.840000000,10409.922000000,10409.916000000,0.000000000,0.918000000,459,0.400000000,7.851052488,26.986270120,105.409401751,0.988182581,13.890583240,1.000000000
1182,fixed_random_bfs,3170027311,512,26,486,555,500,497,0,0.000000000,10410.840000000,10388.274000000,10388.268000000,0.000000000,22.566000000,11283,10.000000000,7.851052488,27.382666234,119.961214800,1.218340935,14.113133744,1.000000000
1183,history_hotspot_bfs,430273263,512,27,485,239,500,497,21,4.200000000,10410.840000000,10368.902000000,10350.210000000,18.686000000,41.938000000,20969,20.800000000,7.851052488,31.536028980,130.124789600,1.307294711,16.267519429,1.000000000
1184,fixed_random_bfs,12639073037,512,35,477,523,500,497,1,0.200000000,10410.840000000,10404.040000000,10403.156000000,0.878000000,6.800000000,3400,2.800000000,7.851052488,26.583747930,108.073945749,0.904873228,13.704036786,1.000000000
1185,spatial_uniform_bfs,1148228113,512,29,483,528,500,497,0,0.000000000,10410.840000000,10403.228000000,10403.222000000,0.000000000,7.612000000,3806,3.000000000,7.851052488,24.619772914,97.386974649,1.204694427,12.674220652,1.000000000
1186,fixed_random_bfs,25632411,512,45,467,468,500,497,43,8.600000000,10410.840000000,10240.448000000,10214.006000000,26.436000000,170.392000000,85196,66.200000000,7.851052488,25.293597494,97.930676800,1.944487127,13.006851515,1.000000000
1187,fixed_random_bfs,1548084789,512,31,481,649,500,497,5,1.000000000,10410.840000000,10326.358000000,10322.442000000,3.910000000,84.482000000,42241,27.200000000,7.851052488,30.126820584,127.586278300,1.864678550,15.531056837,1.000000000
1188,spatial_uniform_bfs,1143317105,512,20,492,380,500,497,0,0.000000000,10410.840000000,10405.936000000,10405.930000000,0.000000000,4.904000000,2452,2.200000000,7.851052488,27.244748884,114.689651699,1.217008932,14.035680087,1.000000000
1189,fixed_random_bfs,10297064330,512,24,488,239,500,497,0,0.000000000,10410.840000000,10398.026000000,10398.020000000,0.000000000,12.814000000,6407,5.800000000,7.851052488,25.598209750,109.236144152,1.319585564,13.181351400,1.000000000
1190,fixed_random_bfs,1324687411,512,15,497,210,500,497,0,0.000000000,10410.840000000,10407.358000000,10407.352000000,0.000000000,3.482000000,1741,1.600000000,7.851052488,26.204405800,101.730859453,1.002003885,13.472855374,1.000000000
1191,fixed_random_bfs,7498428533,512,30,482,432,500,497,5,1.000000000,10410.840000000,10340.202000000,10335.502000000,4.694000000,70.638000000,35319,21.800000000,7.851052488,26.993649344,115.043030651,1.212818702,13.899005225,1.000000000
1192,fixed_random_bfs,3846227906,512,24,488,312,500,497,0,0.000000000,10410.840000000,10385.282000000,10385.276000000,0.000000000,25.558000000,12779,7.200000000,7.851052488,26.653627146,123.092418152,1.342985563,13.734738408,1.000000000
1193,spatial_uniform_bfs,1143318461,512,14,498,157,500,497,0,0.000000000,10410.840000000,10405.230000000,10405.224000000,0.000000000,5.610000000,2805,2.800000000,7.851052488,24.780323944,107.968502849,1.636085486,12.740963204,1.000000000
1194,fixed_random_bfs,2466648916,512,31,481,630,500,497,0,0.000000000,10410.840000000,10403.192000000,10403.186000000,0.000000000,7.648000000,3824,2.600000000,7.851052488,24.789778022,97.905386751,1.631447993,12.746744633,1.000000000
1195,fixed_random_bfs,4394134971,512,33,479,381,500,497,0,0.000000000,10410.840000000,10378.622000000,10378.616000000,0.000000000,32.218000000,16109,15.000000000,7.851052488,23.624466504,93.205404651,0.943011708,12.144064388,1.000000000
1196,fixed_random_bfs,3740426821,512,22,490,265,500,497,1,0.200000000,10410.840000000,10382.930000000,10381.936000000,0.988000000,27.910000000,13955,8.000000000,7.851052488,22.946259172,103.331974650,1.213879352,11.791283802,1.000000000
1197,history_hotspot_bfs,1438444025,512,36,476,403,500,497,40,8.000000000,10410.840000000,10253.420000000,10223.410000000,30.004000000,157.420000000,78710,60.200000000,7.851052488,21.926107464,92.185947749,1.665208439,11.236059113,1.000000000
1198,fixed_random_bfs,12040100872,512,20,492,291,500,497,0,0.000000000,10410.840000000,10404.032000000,10404.026000000,0.000000000,6.808000000,3404,2.600000000,7.851052488,16.781305070,67.489081499,1.710943948,8.606208832,1.000000000
1199,history_hotspot_bfs,1487178619,512,35,477,395,500,497,6,1.200000000,10410.840000000,10300.214000000,10296.918000000,3.290000000,110.626000000,55313,38.400000000,7.851052488,16.504574146,73.307991952,1.292106324,8.458240454,1.000000000
