region_id,selection_method,seed_node,node_count,boundary_count,internal_node_count,shortcut_count,label_query_count,reachable_query_count,endpoint_access_query_count,endpoint_access_rate_pct,baseline_avg_expanded,indexed_avg_expanded,indexed_avg_graph_expanded,indexed_avg_access_expanded,avg_workload_gain,total_workload_gain,positive_gain_query_rate_pct,baseline_avg_ms_unpaired,indexed_avg_ms_unpaired,indexed_p95_ms_unpaired,preprocessing_seconds,evaluation_seconds,correctness_rate
0,spatial_uniform_bfs,1300651758,512,28,484,652,500,494,0,0.000000000,10072.006000000,10067.784000000,10067.778000000,0.000000000,4.222000000,2111,1.800000000,7.674976160,22.563709170,101.223030351,2.051660327,11.628013792,1.000000000
1,history_hotspot_bfs,11005952442,512,47,465,439,500,494,85,17.000000000,10072.006000000,9910.512000000,9868.076000000,42.430000000,161.494000000,80747,61.600000000,7.674976160,24.884512954,112.785340249,2.433905207,12.764111289,1.000000000
2,fixed_random_bfs,1142609813,512,16,496,225,500,494,0,0.000000000,10072.006000000,10055.112000000,10055.106000000,0.000000000,16.894000000,8447,5.200000000,7.674976160,29.079739902,134.172790700,2.504023071,15.007899252,1.000000000
3,history_hotspot_bfs,5305637330,512,26,486,299,500,494,36,7.200000000,10072.006000000,9976.322000000,9942.464000000,33.852000000,95.684000000,47842,39.600000000,7.674976160,26.946096260,121.212026253,2.245672959,13.888632672,1.000000000
4,fixed_random_bfs,1112073249,512,44,468,580,500,494,0,0.000000000,10072.006000000,10046.634000000,10046.628000000,0.000000000,25.372000000,12686,14.800000000,7.674976160,22.925187840,96.449201950,2.204521960,11.800356126,1.000000000
5,history_hotspot_bfs,12111393897,512,36,476,198,500,494,98,19.600000000,10072.006000000,9903.102000000,9860.176000000,42.920000000,168.904000000,84452,64.600000000,7.674976160,22.488398492,100.964388202,2.244501027,11.525818986,1.000000000
6,fixed_random_bfs,12484918850,512,27,485,255,500,494,0,0.000000000,10072.006000000,10068.466000000,10068.460000000,0.000000000,3.540000000,1770,2.800000000,7.674976160,25.275803344,107.591152549,2.516817993,13.035751239,1.000000000
7,history_hotspot_bfs,3573222227,512,34,478,367,500,494,36,7.200000000,10072.006000000,10030.506000000,10010.818000000,19.682000000,41.500000000,20750,23.000000000,7.674976160,23.656898170,107.583077099,2.265142221,12.172360601,1.000000000
8,fixed_random_bfs,292782963,512,29,483,490,500,494,0,0.000000000,10072.006000000,10061.838000000,10061.832000000,0.000000000,10.168000000,5084,3.200000000,7.674976160,23.773149974,108.158331250,2.274322395,12.242593912,1.000000000
9,fixed_random_bfs,479437576,512,18,494,100,500,494,12,2.400000000,10072.006000000,9963.862000000,9953.528000000,10.328000000,108.144000000,54072,36.000000000,7.674976160,23.708246826,110.091891098,2.263774967,12.217042948,1.000000000
10,history_hotspot_bfs,10804032079,512,28,484,186,500,494,53,10.600000000,10072.006000000,9925.144000000,9886.002000000,39.136000000,146.862000000,73431,60.200000000,7.674976160,23.869703286,113.255283951,2.151520853,12.275877580,1.000000000
11,fixed_random_bfs,2163335530,512,38,474,537,500,494,5,1.000000000,10072.006000000,10032.972000000,10032.122000000,0.844000000,39.034000000,19517,18.000000000,7.674976160,26.246919988,117.496715449,2.390074303,13.535576922,1.000000000
12,history_hotspot_bfs,13050276131,512,30,482,244,500,494,43,8.600000000,10072.006000000,9926.950000000,9893.048000000,33.896000000,145.056000000,72528,54.200000000,7.674976160,20.299968288,94.508883749,2.026733641,10.411257407,1.000000000
13,fixed_random_bfs,1518839603,512,30,482,580,500,494,0,0.000000000,10072.006000000,10070.890000000,10070.884000000,0.000000000,1.116000000,558,0.400000000,7.674976160,20.034779168,92.464977850,2.074397537,10.293445434,1.000000000
14,history_hotspot_bfs,12435776715,512,18,494,88,500,494,20,4.000000000,10072.006000000,10055.426000000,10049.920000000,5.500000000,16.580000000,8290,4.600000000,7.674976160,26.900054456,113.402026350,2.484395240,13.750374800,1.000000000
15,fixed_random_bfs,1327639071,512,21,491,293,500,494,0,0.000000000,10072.006000000,10059.456000000,10059.450000000,0.000000000,12.550000000,6275,4.200000000,7.674976160,24.072881616,107.469750900,2.256936229,12.397411882,1.000000000
16,history_hotspot_bfs,129795309,512,29,483,262,500,494,45,9.000000000,10072.006000000,9912.162000000,9885.122000000,27.034000000,159.844000000,79922,55.800000000,7.674976160,20.488056882,99.067991901,0.850952830,10.516805596,1.000000000
17,fixed_random_bfs,6094066396,512,32,480,185,500,494,0,0.000000000,10072.006000000,10059.940000000,10059.934000000,0.000000000,12.066000000,6033,4.200000000,7.674976160,29.611323172,134.982432602,1.256067174,15.278221684,1.000000000
18,history_hotspot_bfs,1386063700,512,38,474,191,500,494,98,19.600000000,10072.006000000,9917.518000000,9868.216000000,49.296000000,154.488000000,77244,67.200000000,7.674976160,27.627130010,116.864379800,1.308511362,14.198854230,1.000000000
19,fixed_random_bfs,1322917608,512,38,474,591,500,494,0,0.000000000,10072.006000000,10053.902000000,10053.896000000,0.000000000,18.104000000,9052,5.200000000,7.674976160,21.260977194,99.348064897,1.024778367,10.926687200,1.000000000
20,history_hotspot_bfs,3392710660,512,24,488,149,500,494,63,12.600000000,10072.006000000,9931.786000000,9892.592000000,39.188000000,140.220000000,70110,55.800000000,7.674976160,24.846803910,118.803967900,1.180355393,12.765898826,1.000000000
21,fixed_random_bfs,12454038415,512,46,466,979,500,494,10,2.000000000,10072.006000000,9983.396000000,9978.178000000,5.212000000,88.610000000,44305,35.600000000,7.674976160,23.041513828,108.415408650,0.992287457,11.849033895,1.000000000
22,fixed_random_bfs,3200644413,512,24,488,364,500,494,0,0.000000000,10072.006000000,10049.362000000,10049.356000000,0.000000000,22.644000000,11322,5.000000000,7.674976160,24.426936578,112.118976148,1.175403763,12.587296447,1.000000000
23,history_hotspot_bfs,2156098755,512,44,468,483,500,494,37,7.400000000,10072.006000000,10020.664000000,10003.638000000,17.020000000,51.342000000,25671,24.800000000,7.674976160,24.833408738,112.287825000,1.186929956,12.765423761,1.000000000
24,fixed_random_bfs,6768048270,512,27,485,676,500,494,0,0.000000000,10072.006000000,10070.070000000,10070.064000000,0.000000000,1.936000000,968,0.600000000,7.674976160,24.229630418,110.372002500,1.161602115,12.480838646,1.000000000
25,history_hotspot_bfs,423185164,512,35,477,328,500,494,20,4.000000000,10072.006000000,9916.240000000,9903.276000000,12.958000000,155.766000000,77883,55.400000000,7.674976160,24.382772366,111.565673149,1.131145378,12.544983649,1.000000000
26,fixed_random_bfs,4665705852,512,26,486,222,500,494,1,0.200000000,10072.006000000,10037.532000000,10037.450000000,0.076000000,34.474000000,17237,13.400000000,7.674976160,28.587092468,120.248766450,1.023544653,14.747334474,1.000000000
27,fixed_random_bfs,3241516294,512,44,468,1213,500,494,0,0.000000000,10072.006000000,10050.974000000,10050.968000000,0.000000000,21.032000000,10516,7.800000000,7.674976160,30.117967616,142.980535402,1.257955355,15.548959895,1.000000000
28,history_hotspot_bfs,12456240972,512,40,472,365,500,494,71,14.200000000,10072.006000000,9896.716000000,9850.246000000,46.464000000,175.290000000,87645,63.800000000,7.674976160,24.576295458,117.245359501,1.099116859,12.617468472,1.000000000
29,fixed_random_bfs,4955285396,512,26,486,405,500,494,2,0.400000000,10072.006000000,10048.316000000,10046.342000000,1.968000000,23.690000000,11845,7.200000000,7.674976160,28.342810550,136.550687301,1.199344802,14.606706885,1.000000000
30,history_hotspot_bfs,12064709805,512,32,480,275,500,494,75,15.000000000,10072.006000000,9943.840000000,9893.372000000,50.462000000,128.166000000,64083,58.000000000,7.674976160,25.828364486,114.269835351,1.095268870,13.260064387,1.000000000
31,fixed_random_bfs,497240505,512,43,469,846,500,494,6,1.200000000,10072.006000000,9989.594000000,9984.352000000,5.236000000,82.412000000,41206,26.600000000,7.674976160,21.018708616,95.261295751,0.854380851,10.798483836,1.000000000
32,history_hotspot_bfs,9026947863,512,26,486,207,500,494,33,6.600000000,10072.006000000,9943.454000000,9912.362000000,31.086000000,128.552000000,64276,48.000000000,7.674976160,21.562928854,94.444840451,1.136861212,11.081332624,1.000000000
33,fixed_random_bfs,9073575305,512,46,466,835,500,494,16,3.200000000,10072.006000000,9943.782000000,9928.500000000,15.276000000,128.224000000,64112,54.600000000,7.674976160,25.254874682,109.761384102,1.197159932,12.994458535,1.000000000
34,fixed_random_bfs,4074469815,512,25,487,404,500,494,3,0.600000000,10072.006000000,10043.604000000,10040.092000000,3.506000000,28.402000000,14201,11.200000000,7.674976160,24.854633078,108.603532051,1.328500604,12.797586008,1.000000000
35,fixed_random_bfs,10562265153,512,23,489,263,500,494,0,0.000000000,10072.006000000,10064.292000000,10064.286000000,0.000000000,7.714000000,3857,2.400000000,7.674976160,25.921820226,117.723975699,1.834232399,13.354862068,1.000000000
36,history_hotspot_bfs,1731168353,512,47,465,415,500,494,11,2.200000000,10072.006000000,9985.664000000,9980.600000000,5.058000000,86.342000000,43171,33.200000000,7.674976160,24.855121024,113.859314998,1.791251820,12.796876676,1.000000000
37,fixed_random_bfs,1801523308,512,27,485,184,500,494,0,0.000000000,10072.006000000,10051.612000000,10051.606000000,0.000000000,20.394000000,10197,4.600000000,7.674976160,24.900079514,116.432809548,1.782354723,12.822292565,1.000000000
38,history_hotspot_bfs,4529952469,512,35,477,205,500,494,57,11.400000000,10072.006000000,9908.290000000,9864.106000000,44.178000000,163.716000000,81858,64.000000000,7.674976160,24.973443442,118.360448300,1.739590452,12.832770853,1.000000000
39,fixed_random_bfs,1548076025,512,36,476,595,500,494,6,1.200000000,10072.006000000,9996.792000000,9991.574000000,5.212000000,75.214000000,37607,28.400000000,7.674976160,25.019637088,117.818194201,1.766848418,12.883421634,1.000000000
40,history_hotspot_bfs,5185083151,512,25,487,303,500,494,3,0.600000000,10072.006000000,10016.034000000,10013.192000000,2.836000000,55.972000000,27986,18.400000000,7.674976160,27.162547262,126.343969002,1.905253401,14.002276694,1.000000000
41,fixed_random_bfs,5185111392,512,31,481,430,500,494,1,0.200000000,10072.006000000,10041.910000000,10040.962000000,0.942000000,30.096000000,15048,10.000000000,7.674976160,22.178171004,101.843257802,1.411121825,11.404611603,1.000000000
42,fixed_random_bfs,445353619,512,26,486,509,500,494,2,0.400000000,10072.006000000,10052.330000000,10050.302000000,2.022000000,19.676000000,9838,7.400000000,7.674976160,28.887744028,124.022673102,1.851523985,14.902548976,1.000000000
43,history_hotspot_bfs,12514870315,512,37,475,415,500,494,62,12.400000000,10072.006000000,9931.108000000,9883.432000000,47.670000000,140.898000000,70449,58.400000000,7.674976160,24.888471896,113.411052399,1.569297192,12.786111520,1.000000000
44,history_hotspot_bfs,314074569,512,42,470,837,500,494,29,5.800000000,10072.006000000,9965.644000000,9941.252000000,24.386000000,106.362000000,53181,39.200000000,7.674976160,21.732054328,97.406355201,1.778444421,11.145905568,1.000000000
45,fixed_random_bfs,5284628346,512,26,486,625,500,494,0,0.000000000,10072.006000000,10068.784000000,10068.778000000,0.000000000,3.222000000,1611,2.200000000,7.674976160,26.140736686,110.120875902,1.653909160,13.465077361,1.000000000
46,spatial_uniform_bfs,6491943284,512,29,483,678,500,494,0,0.000000000,10072.006000000,10067.412000000,10067.406000000,0.000000000,4.594000000,2297,2.000000000,7.674976160,27.821105390,131.265148299,1.637626646,14.335011422,1.000000000
47,history_hotspot_bfs,6924815711,512,58,454,470,500,494,26,5.200000000,10072.006000000,9928.904000000,9917.398000000,11.500000000,143.102000000,71551,61.800000000,7.674976160,25.376388148,104.909479900,1.588867780,13.068058950,1.000000000
48,fixed_random_bfs,10892466852,512,32,480,584,500,494,13,2.600000000,10072.006000000,10019.548000000,10007.948000000,11.594000000,52.458000000,26229,19.200000000,7.674976160,23.975916790,108.874211453,0.912344726,12.319153585,1.000000000
49,history_hotspot_bfs,3098121126,512,44,468,260,500,494,68,13.600000000,10072.006000000,9914.370000000,9887.854000000,26.510000000,157.636000000,78818,67.600000000,7.674976160,25.194290642,118.893706747,1.215695590,12.943227570,1.000000000
50,fixed_random_bfs,1110698247,512,44,468,372,500,494,45,9.000000000,10072.006000000,9894.106000000,9872.740000000,21.360000000,177.900000000,88950,69.200000000,7.674976160,26.192561398,115.563170999,1.299406951,13.461726264,1.000000000
51,history_hotspot_bfs,12456064553,512,55,457,416,500,494,22,4.400000000,10072.006000000,9898.172000000,9887.428000000,10.738000000,173.834000000,86917,72.800000000,7.674976160,22.112032478,92.816121951,0.917539548,11.369236550,1.000000000
52,fixed_random_bfs,13426945403,512,29,483,704,500,494,0,0.000000000,10072.006000000,10059.946000000,10059.940000000,0.000000000,12.060000000,6030,4.000000000,7.674976160,24.895243708,115.960189100,1.239646904,12.823886156,1.000000000
53,spatial_uniform_bfs,1145535936,512,34,478,963,500,494,0,0.000000000,10072.006000000,10067.118000000,10067.112000000,0.000000000,4.888000000,2444,2.200000000,7.674976160,25.122501300,114.120803398,1.247142724,12.936947000,1.000000000
54,fixed_random_bfs,11406498895,512,40,472,746,500,494,0,0.000000000,10072.006000000,10045.756000000,10045.750000000,0.000000000,26.250000000,13125,8.400000000,7.674976160,29.923559262,131.010680301,1.210587749,15.445687978,1.000000000
55,history_hotspot_bfs,1471128087,512,42,470,843,500,494,10,2.000000000,10072.006000000,10005.546000000,9997.652000000,7.888000000,66.460000000,33230,35.400000000,7.674976160,25.458992134,120.679442202,1.215607591,13.114199150,1.000000000
56,fixed_random_bfs,1251033242,512,48,464,983,500,494,3,0.600000000,10072.006000000,10037.032000000,10034.368000000,2.658000000,34.974000000,17487,14.000000000,7.674976160,26.691631378,118.850746798,1.436620877,13.752669592,1.000000000
57,history_hotspot_bfs,7057137055,512,46,466,458,500,494,26,5.200000000,10072.006000000,9918.534000000,9904.458000000,14.070000000,153.472000000,76736,61.400000000,7.674976160,29.558287914,136.302898798,1.056717952,15.212047559,1.000000000
58,fixed_random_bfs,1436602798,512,37,475,611,500,494,0,0.000000000,10072.006000000,10059.012000000,10059.006000000,0.000000000,12.994000000,6497,5.200000000,7.674976160,23.055737814,101.467174749,0.950793733,11.854109094,1.000000000
59,spatial_uniform_bfs,1263990239,512,29,483,784,500,494,0,0.000000000,10072.006000000,10065.448000000,10065.442000000,0.000000000,6.558000000,3279,2.800000000,7.674976160,26.146878928,119.548818900,0.871444129,13.473912780,1.000000000
60,history_hotspot_bfs,112613631,512,32,480,404,500,494,9,1.800000000,10072.006000000,10009.764000000,10002.836000000,6.922000000,62.242000000,31121,22.200000000,7.674976160,28.697535868,125.018827100,1.250826174,14.792839749,1.000000000
61,fixed_random_bfs,4753112735,512,17,495,272,500,494,0,0.000000000,10072.006000000,10070.026000000,10070.020000000,0.000000000,1.980000000,990,0.400000000,7.674976160,24.311679318,106.559111300,0.909978974,12.506844633,1.000000000
62,fixed_random_bfs,1324799773,512,18,494,306,500,494,0,0.000000000,10072.006000000,10070.284000000,10070.278000000,0.000000000,1.722000000,861,0.600000000,7.674976160,30.462658410,142.917744652,1.216021138,15.720010167,1.000000000
63,history_hotspot_bfs,5849890925,512,33,479,310,500,494,13,2.600000000,10072.006000000,9966.642000000,9955.022000000,11.614000000,105.364000000,52682,38.000000000,7.674976160,22.092699038,98.264918298,0.844555405,11.355871418,1.000000000
64,fixed_random_bfs,3250683230,512,34,478,735,500,494,6,1.200000000,10072.006000000,9999.660000000,9993.952000000,5.702000000,72.346000000,36173,29.600000000,7.674976160,25.172431196,117.672894149,1.488554133,12.957622657,1.000000000
65,spatial_uniform_bfs,1263990280,512,35,477,1027,500,494,0,0.000000000,10072.006000000,10066.550000000,10066.544000000,0.000000000,5.456000000,2728,2.000000000,7.674976160,22.454514736,102.690897049,1.353787155,11.552782277,1.000000000
66,history_hotspot_bfs,12170822363,512,48,464,598,500,494,12,2.400000000,10072.006000000,9965.842000000,9957.076000000,8.760000000,106.164000000,53082,35.400000000,7.674976160,26.607475128,109.580218301,1.227065297,13.691050055,1.000000000
67,fixed_random_bfs,1321499596,512,30,482,870,500,494,1,0.200000000,10072.006000000,10066.142000000,10065.112000000,1.024000000,5.864000000,2932,2.200000000,7.674976160,24.887853926,110.543862300,1.637005373,12.796151936,1.000000000
68,fixed_random_bfs,278725753,512,29,483,187,500,494,0,0.000000000,10072.006000000,10067.956000000,10067.950000000,0.000000000,4.050000000,2025,4.800000000,7.674976160,25.972189262,115.303862900,1.903261557,13.393180717,1.000000000
69,history_hotspot_bfs,474552495,512,43,469,446,500,494,11,2.200000000,10072.006000000,9921.822000000,9914.736000000,7.080000000,150.184000000,75092,56.200000000,7.674976160,25.184814188,116.136832901,1.732729239,12.962131988,1.000000000
70,fixed_random_bfs,1322203518,512,15,497,146,500,494,0,0.000000000,10072.006000000,10066.262000000,10066.256000000,0.000000000,5.744000000,2872,2.600000000,7.674976160,25.518009162,117.908621951,1.684057406,13.136828581,1.000000000
71,history_hotspot_bfs,4656695032,512,40,472,854,500,494,9,1.800000000,10072.006000000,9993.820000000,9985.224000000,8.590000000,78.186000000,39093,26.200000000,7.674976160,25.808862000,118.494061099,1.647232620,13.282938514,1.000000000
72,fixed_random_bfs,1131291352,512,32,480,494,500,494,1,0.200000000,10072.006000000,10009.088000000,10008.146000000,0.936000000,62.918000000,31459,40.000000000,7.674976160,24.199744100,101.465537001,1.547069438,12.450527136,1.000000000
73,fixed_random_bfs,7114167921,512,35,477,491,500,494,0,0.000000000,10072.006000000,10047.958000000,10047.952000000,0.000000000,24.048000000,12024,7.600000000,7.674976160,21.960460846,103.326614952,1.479172314,11.297300323,1.000000000
74,history_hotspot_bfs,13522470886,512,42,470,361,500,494,29,5.800000000,10072.006000000,9923.534000000,9907.162000000,16.366000000,148.472000000,74236,53.800000000,7.674976160,24.568641256,103.972604201,1.616913251,12.628395162,1.000000000
75,fixed_random_bfs,1548079325,512,25,487,268,500,494,1,0.200000000,10072.006000000,10020.032000000,10019.154000000,0.872000000,51.974000000,25987,19.600000000,7.674976160,23.307352980,108.218766050,1.812404904,11.976331238,1.000000000
76,history_hotspot_bfs,3993126224,512,40,472,289,500,494,123,24.600000000,10072.006000000,9919.706000000,9853.702000000,65.998000000,152.300000000,76150,65.000000000,7.674976160,25.361463980,121.429164749,1.783276800,12.978594657,1.000000000
77,fixed_random_bfs,6595210390,512,16,496,240,500,494,0,0.000000000,10072.006000000,10068.514000000,10068.508000000,0.000000000,3.492000000,1746,1.000000000,7.674976160,28.323307774,127.699301302,1.706697479,14.588453066,1.000000000
78,fixed_random_bfs,1392657799,512,16,496,211,500,494,0,0.000000000,10072.006000000,10067.158000000,10067.152000000,0.000000000,4.848000000,2424,1.400000000,7.674976160,30.238094830,135.428279951,1.640016207,15.597287943,1.000000000
79,fixed_random_bfs,292599454,512,21,491,172,500,494,0,0.000000000,10072.006000000,10065.638000000,10065.632000000,0.000000000,6.368000000,3184,2.800000000,7.674976160,24.468850276,108.575628899,1.126633929,12.592263194,1.000000000
80,fixed_random_bfs,2689537161,512,39,473,392,500,494,17,3.400000000,10072.006000000,9961.122000000,9947.080000000,14.036000000,110.884000000,55442,51.000000000,7.674976160,29.997491928,140.004972451,1.585471786,15.469296841,1.000000000
81,history_hotspot_bfs,2914925366,512,41,471,335,500,494,54,10.800000000,10072.006000000,9917.558000000,9883.012000000,34.540000000,154.448000000,77224,68.400000000,7.674976160,24.604115576,119.722304298,1.207704634,12.623298488,1.000000000
82,fixed_random_bfs,4720708097,512,43,469,437,500,494,3,0.600000000,10072.006000000,9997.378000000,9995.888000000,1.484000000,74.628000000,37314,35.800000000,7.674976160,26.989461726,129.661196601,1.206008479,13.902415550,1.000000000
83,history_hotspot_bfs,10838978985,512,49,463,742,500,494,28,5.600000000,10072.006000000,9930.666000000,9908.506000000,22.154000000,141.340000000,70670,59.800000000,7.674976160,30.072443862,134.328431950,1.148966932,15.469877477,1.000000000
84,fixed_random_bfs,1801521181,512,37,475,345,500,494,1,0.200000000,10072.006000000,10029.450000000,10028.578000000,0.866000000,42.556000000,21278,16.600000000,7.674976160,25.469372636,118.566827552,1.229913308,13.108992737,1.000000000
85,fixed_random_bfs,1642560348,512,32,480,901,500,494,0,0.000000000,10072.006000000,10066.630000000,10066.624000000,0.000000000,5.376000000,2688,2.200000000,7.674976160,25.570678056,118.829678699,1.229027891,13.166239954,1.000000000
86,fixed_random_bfs,1548076551,512,23,489,249,500,494,1,0.200000000,10072.006000000,10055.992000000,10055.040000000,0.946000000,16.014000000,8007,6.200000000,7.674976160,25.505392832,117.804783150,1.201608908,13.125850010,1.000000000
87,history_hotspot_bfs,12241567151,512,42,470,276,500,494,102,20.400000000,10072.006000000,9905.186000000,9852.130000000,53.050000000,166.820000000,83410,64.600000000,7.674976160,24.745446962,114.354207050,1.128330466,12.664885756,1.000000000
88,fixed_random_bfs,7856254144,512,27,485,219,500,494,2,0.400000000,10072.006000000,10038.446000000,10037.478000000,0.962000000,33.560000000,16780,13.600000000,7.674976160,25.523911274,117.571831300,0.955046058,13.142440143,1.000000000
89,history_hotspot_bfs,2202026143,512,42,470,254,500,494,62,12.400000000,10072.006000000,9918.696000000,9886.976000000,31.714000000,153.310000000,76655,69.200000000,7.674976160,25.674814314,116.445707652,1.145993039,13.185072371,1.000000000
90,fixed_random_bfs,1550572190,512,22,490,253,500,494,2,0.400000000,10072.006000000,10067.034000000,10065.184000000,1.844000000,4.972000000,2486,1.600000000,7.674976160,24.706950654,104.351547901,0.947492430,12.723504362,1.000000000
91,spatial_uniform_bfs,4728929492,512,18,494,190,500,494,0,0.000000000,10072.006000000,10067.892000000,10067.886000000,0.000000000,4.114000000,2057,1.800000000,7.674976160,22.168251282,97.169640152,1.001560141,11.381583233,1.000000000
92,history_hotspot_bfs,3573222241,512,33,479,316,500,494,36,7.200000000,10072.006000000,10028.308000000,10009.764000000,18.538000000,43.698000000,21849,23.400000000,7.674976160,26.007191056,115.249932899,1.118143296,13.366759651,1.000000000
93,fixed_random_bfs,283317561,512,23,489,382,500,494,1,0.200000000,10072.006000000,10057.230000000,10056.234000000,0.990000000,14.776000000,7388,6.600000000,7.674976160,30.665817570,143.376209351,1.299401455,15.813435474,1.000000000
94,fixed_random_bfs,4955227540,512,33,479,436,500,494,0,0.000000000,10072.006000000,10048.158000000,10048.152000000,0.000000000,23.848000000,11924,8.800000000,7.674976160,21.942714346,104.473679549,1.182263502,11.279826530,1.000000000
95,history_hotspot_bfs,343646697,512,34,478,276,500,494,18,3.600000000,10072.006000000,9968.844000000,9953.986000000,14.852000000,103.162000000,51581,42.600000000,7.674976160,29.830007200,139.713834699,1.205047581,15.375324984,1.000000000
96,fixed_random_bfs,2264487487,512,28,484,603,500,494,0,0.000000000,10072.006000000,10049.188000000,10049.182000000,0.000000000,22.818000000,11409,5.000000000,7.674976160,24.077738312,109.602746350,1.228850294,12.386544585,1.000000000
97,history_hotspot_bfs,10236070598,512,52,460,1806,500,494,3,0.600000000,10072.006000000,10032.120000000,10029.280000000,2.834000000,39.886000000,19943,17.600000000,7.674976160,30.578344448,142.503784101,1.276758664,15.767806177,1.000000000
98,fixed_random_bfs,474728395,512,50,462,790,500,494,18,3.600000000,10072.006000000,9951.866000000,9937.196000000,14.664000000,120.140000000,60070,53.400000000,7.674976160,26.184549202,122.471112500,1.550036988,13.481861020,1.000000000
99,fixed_random_bfs,5640218854,512,24,488,125,500,494,0,0.000000000,10072.006000000,10044.394000000,10044.388000000,0.000000000,27.612000000,13806,12.200000000,7.674976160,25.529672006,119.046535651,1.861176820,13.147150062,1.000000000
100,fixed_random_bfs,1328157992,512,21,491,326,500,494,1,0.200000000,10072.006000000,10062.760000000,10061.756000000,0.998000000,9.246000000,4623,3.800000000,7.674976160,29.639369668,134.202393453,2.065290018,15.284048746,1.000000000
101,history_hotspot_bfs,475544038,512,31,481,145,500,494,102,20.400000000,10072.006000000,9889.500000000,9856.016000000,33.478000000,182.506000000,91253,65.600000000,7.674976160,22.243111438,102.089122649,1.728256880,11.407523409,1.000000000
102,fixed_random_bfs,5230804046,512,33,479,563,500,494,1,0.200000000,10072.006000000,10041.816000000,10040.908000000,0.902000000,30.190000000,15095,15.400000000,7.674976160,25.809942864,119.721995100,1.882210784,13.283114135,1.000000000
103,history_hotspot_bfs,12244620635,512,29,483,196,500,494,14,2.800000000,10072.006000000,10012.320000000,10001.174000000,11.140000000,59.686000000,29843,19.800000000,7.674976160,23.121039824,107.876808298,1.863198356,11.877315411,1.000000000
104,fixed_random_bfs,11380488696,512,26,486,244,500,494,29,5.800000000,10072.006000000,9977.400000000,9950.184000000,27.210000000,94.606000000,47303,35.200000000,7.674976160,25.678412578,118.000869148,1.806392202,13.190349860,1.000000000
105,fixed_random_bfs,1587092665,512,19,493,187,500,494,0,0.000000000,10072.006000000,10070.060000000,10070.054000000,0.000000000,1.946000000,973,0.600000000,7.674976160,25.943954072,119.495613550,1.767608619,13.354703897,1.000000000
106,history_hotspot_bfs,510791951,512,47,465,304,500,494,36,7.200000000,10072.006000000,9940.592000000,9919.990000000,20.596000000,131.414000000,65707,49.600000000,7.674976160,25.607756738,105.312844601,1.914631959,13.160400464,1.000000000
107,fixed_random_bfs,6340099264,512,41,471,691,500,494,5,1.000000000,10072.006000000,9992.424000000,9987.824000000,4.594000000,79.582000000,39791,27.200000000,7.674976160,22.145226684,99.739127950,1.461159424,11.374017321,1.000000000
108,fixed_random_bfs,12463880315,512,34,478,534,500,494,1,0.200000000,10072.006000000,10055.284000000,10054.372000000,0.906000000,16.722000000,8361,5.000000000,7.674976160,27.621656620,122.438038750,1.560637936,14.214560696,1.000000000
109,history_hotspot_bfs,1788788569,512,44,468,380,500,494,14,2.800000000,10072.006000000,9934.306000000,9929.448000000,4.852000000,137.700000000,68850,51.000000000,7.674976160,27.370002954,123.049262803,1.265666625,14.088474309,1.000000000
110,fixed_random_bfs,1361251984,512,16,496,86,500,494,0,0.000000000,10072.006000000,10053.808000000,10053.802000000,0.000000000,18.198000000,9099,4.800000000,7.674976160,25.901541444,112.706535348,1.786876412,13.328813859,1.000000000
111,fixed_random_bfs,5773611651,512,36,476,739,500,494,0,0.000000000,10072.006000000,10071.074000000,10071.068000000,0.000000000,0.932000000,466,0.200000000,7.674976160,24.214515760,108.835493997,1.163706902,12.458261749,1.000000000
112,history_hotspot_bfs,4464000796,512,27,485,251,500,494,13,2.600000000,10072.006000000,9950.378000000,9938.558000000,11.814000000,121.628000000,60814,45.400000000,7.674976160,26.115802854,108.756589701,1.531793492,13.441265319,1.000000000
113,fixed_random_bfs,4685552133,512,23,489,161,500,494,0,0.000000000,10072.006000000,9989.364000000,9989.358000000,0.000000000,82.642000000,41321,32.400000000,7.674976160,30.383632828,139.324150999,1.648832308,15.674955052,1.000000000
114,history_hotspot_bfs,5494272217,512,32,480,281,500,494,35,7.000000000,10072.006000000,9906.680000000,9881.652000000,25.022000000,165.326000000,82663,63.000000000,7.674976160,25.993291616,123.441127752,1.204202043,13.352742757,1.000000000
115,fixed_random_bfs,10300962373,512,18,494,306,500,494,0,0.000000000,10072.006000000,10067.628000000,10067.622000000,0.000000000,4.378000000,2189,1.400000000,7.674976160,27.427037696,120.699845248,1.346805959,14.120024454,1.000000000
116,history_hotspot_bfs,6249235140,512,40,472,666,500,494,17,3.400000000,10072.006000000,9995.314000000,9980.468000000,14.840000000,76.692000000,38346,33.200000000,7.674976160,22.958559408,100.241424649,1.006590704,11.777450178,1.000000000
117,fixed_random_bfs,13370114785,512,27,485,278,500,494,0,0.000000000,10072.006000000,10068.092000000,10068.086000000,0.000000000,3.914000000,1957,1.800000000,7.674976160,26.281484960,118.860602103,1.300295386,13.525129358,1.000000000
118,history_hotspot_bfs,13522470885,512,38,474,412,500,494,32,6.400000000,10072.006000000,9923.404000000,9905.464000000,17.934000000,148.602000000,74301,54.800000000,7.674976160,25.366927184,116.209027351,1.179038167,13.053965937,1.000000000
119,fixed_random_bfs,1784085866,512,42,470,623,500,494,6,1.200000000,10072.006000000,10010.672000000,10006.502000000,4.164000000,61.334000000,30667,24.600000000,7.674976160,25.572041884,114.899057149,1.171698558,13.167985323,1.000000000
120,history_hotspot_bfs,1842003071,512,43,469,454,500,494,31,6.200000000,10072.006000000,9943.140000000,9914.508000000,28.626000000,128.866000000,64433,48.200000000,7.674976160,30.128488738,143.261158401,1.264944826,15.508324166,1.000000000
121,fixed_random_bfs,10140383897,512,31,481,644,500,494,0,0.000000000,10072.006000000,10070.168000000,10070.162000000,0.000000000,1.838000000,919,0.800000000,7.674976160,26.002054748,117.557049401,1.160598375,13.392272203,1.000000000
122,spatial_uniform_bfs,1710076828,512,30,482,681,500,494,0,0.000000000,10072.006000000,10067.480000000,10067.474000000,0.000000000,4.526000000,2263,2.000000000,7.674976160,21.391868812,98.819551951,0.950605517,10.991574948,1.000000000
123,history_hotspot_bfs,111428015,512,24,488,264,500,494,7,1.400000000,10072.006000000,10024.764000000,10018.302000000,6.456000000,47.242000000,23621,22.800000000,7.674976160,30.746654566,146.210245750,1.224954715,15.858627913,1.000000000
124,fixed_random_bfs,10083541091,512,33,479,605,500,494,3,0.600000000,10072.006000000,9999.010000000,9998.068000000,0.936000000,72.996000000,36498,24.200000000,7.674976160,26.862842800,125.917186398,1.281836663,13.836113450,1.000000000
125,spatial_uniform_bfs,1710076812,512,24,488,443,500,494,0,0.000000000,10072.006000000,10067.888000000,10067.882000000,0.000000000,4.118000000,2059,2.000000000,7.674976160,25.968762060,103.451830953,1.250869913,13.371103921,1.000000000
126,fixed_random_bfs,4695412324,512,36,476,597,500,494,7,1.400000000,10072.006000000,9988.066000000,9982.032000000,6.028000000,83.940000000,41970,32.600000000,7.674976160,23.276989534,99.135682349,1.252818103,11.975074205,1.000000000
127,fixed_random_bfs,293055528,512,17,495,89,500,494,0,0.000000000,10072.006000000,10070.732000000,10070.726000000,0.000000000,1.274000000,637,2.800000000,7.674976160,24.185400402,113.617425798,1.130411929,12.439108093,1.000000000
128,history_hotspot_bfs,10894194294,512,38,474,573,500,494,7,1.400000000,10072.006000000,9998.828000000,9992.816000000,6.006000000,73.178000000,36589,28.400000000,7.674976160,30.381716456,135.021297849,1.210207468,15.663648848,1.000000000
129,fixed_random_bfs,10781372129,512,32,480,478,500,494,0,0.000000000,10072.006000000,10065.760000000,10065.754000000,0.000000000,6.246000000,3123,2.600000000,7.674976160,26.778447410,113.763222100,1.303938163,13.799735920,1.000000000
130,fixed_random_bfs,343634630,512,37,475,497,500,494,18,3.600000000,10072.006000000,9977.076000000,9958.608000000,18.462000000,94.930000000,47465,46.400000000,7.674976160,23.185846090,99.557801201,1.702757027,11.912896306,1.000000000
131,history_hotspot_bfs,1788788661,512,36,476,690,500,494,14,2.800000000,10072.006000000,9970.350000000,9958.686000000,11.658000000,101.656000000,50828,35.200000000,7.674976160,21.853171658,98.736330750,1.396704168,11.220412457,1.000000000
132,fixed_random_bfs,4758581357,512,30,482,537,500,494,6,1.200000000,10072.006000000,10008.162000000,10002.680000000,5.476000000,63.844000000,31922,23.200000000,7.674976160,26.919088500,126.057587852,1.753717029,13.859959309,1.000000000
133,history_hotspot_bfs,112686789,512,34,478,425,500,494,77,15.400000000,10072.006000000,9958.972000000,9912.456000000,46.510000000,113.034000000,56517,55.600000000,7.674976160,24.311294960,112.847857352,1.692487060,12.442653629,1.000000000
134,fixed_random_bfs,1436856906,512,31,481,339,500,494,0,0.000000000,10072.006000000,10064.598000000,10064.592000000,0.000000000,7.408000000,3704,2.800000000,7.674976160,25.864188882,121.445512050,1.688818328,13.314807292,1.000000000
135,fixed_random_bfs,4421109825,512,21,491,362,500,494,0,0.000000000,10072.006000000,10039.908000000,10039.902000000,0.000000000,32.098000000,16049,11.000000000,7.674976160,30.570017506,142.081556203,1.368009775,15.771210284,1.000000000
136,fixed_random_bfs,10893592960,512,34,478,473,500,494,3,0.600000000,10072.006000000,9976.958000000,9974.160000000,2.792000000,95.048000000,47524,30.000000000,7.674976160,25.638209548,117.507641002,1.640897991,13.199767138,1.000000000
137,fixed_random_bfs,299611722,512,49,463,888,500,494,18,3.600000000,10072.006000000,9949.258000000,9934.422000000,14.830000000,122.748000000,61374,54.400000000,7.674976160,26.099071452,125.281128101,1.596589935,13.425807431,1.000000000
138,fixed_random_bfs,9731026658,512,17,495,65,500,494,0,0.000000000,10072.006000000,10050.286000000,10050.280000000,0.000000000,21.720000000,10860,4.800000000,7.674976160,28.040973590,121.255379949,1.615694796,14.439039610,1.000000000
139,history_hotspot_bfs,314555995,512,37,475,393,500,494,59,11.800000000,10072.006000000,9928.990000000,9892.680000000,36.304000000,143.016000000,71508,54.200000000,7.674976160,27.079988544,122.832092550,1.203309468,13.915900774,1.000000000
140,fixed_random_bfs,3921241192,512,27,485,387,500,494,0,0.000000000,10072.006000000,10052.318000000,10052.312000000,0.000000000,19.688000000,9844,5.200000000,7.674976160,26.843494180,116.603277952,1.633876919,13.823494541,1.000000000
141,fixed_random_bfs,13152754483,512,42,470,659,500,494,5,1.000000000,10072.006000000,9985.630000000,9981.876000000,3.748000000,86.376000000,43188,41.000000000,7.674976160,26.585526186,118.736269703,1.687368607,13.667533033,1.000000000
142,fixed_random_bfs,1551005126,512,23,489,463,500,494,0,0.000000000,10072.006000000,10056.502000000,10056.496000000,0.000000000,15.504000000,7752,5.400000000,7.674976160,28.962115434,124.296848301,1.146422741,14.927599017,1.000000000
143,fixed_random_bfs,1236473152,512,38,474,340,500,494,10,2.000000000,10072.006000000,9950.212000000,9942.712000000,7.494000000,121.794000000,60897,49.600000000,7.674976160,23.103249740,97.562422498,1.240406505,11.871827186,1.000000000
144,history_hotspot_bfs,1554886175,512,30,482,228,500,494,47,9.400000000,10072.006000000,9926.074000000,9883.262000000,42.806000000,145.932000000,72966,62.000000000,7.674976160,25.571569316,116.696735650,1.041356490,13.130966765,1.000000000
145,fixed_random_bfs,12030930241,512,16,496,87,500,494,0,0.000000000,10072.006000000,10060.688000000,10060.682000000,0.000000000,11.318000000,5659,4.200000000,7.674976160,22.825144056,105.942079800,0.995884065,11.723927024,1.000000000
146,fixed_random_bfs,9038898395,512,51,461,400,500,494,30,6.000000000,10072.006000000,9937.232000000,9923.566000000,13.660000000,134.774000000,67387,48.600000000,7.674976160,25.840730442,120.387545951,1.594694005,13.282316394,1.000000000
147,fixed_random_bfs,1147305554,512,26,486,199,500,494,1,0.200000000,10072.006000000,10051.036000000,10050.228000000,0.802000000,20.970000000,10485,7.000000000,7.674976160,25.965864478,121.207322398,1.154894513,13.360133871,1.000000000
148,fixed_random_bfs,12291327666,512,30,482,287,500,494,0,0.000000000,10072.006000000,10046.868000000,10046.862000000,0.000000000,25.138000000,12569,7.200000000,7.674976160,26.524339732,128.111130251,0.891199189,13.666670911,1.000000000
149,fixed_random_bfs,1327641343,512,21,491,161,500,494,1,0.200000000,10072.006000000,10062.824000000,10061.906000000,0.912000000,9.182000000,4591,3.200000000,7.674976160,26.031720620,118.350777251,1.177202938,13.401895866,1.000000000
150,fixed_random_bfs,1194795154,512,30,482,760,500,494,0,0.000000000,10072.006000000,10070.344000000,10070.338000000,0.000000000,1.662000000,831,0.600000000,7.674976160,24.611767792,108.249898598,1.280157732,12.649423016,1.000000000
151,fixed_random_bfs,5869817045,512,34,478,187,500,494,1,0.200000000,10072.006000000,10025.684000000,10025.652000000,0.026000000,46.322000000,23161,16.800000000,7.674976160,25.632744248,119.712731899,1.133975092,13.198976369,1.000000000
152,history_hotspot_bfs,3391599150,512,50,462,587,500,494,42,8.400000000,10072.006000000,9913.828000000,9892.374000000,21.448000000,158.178000000,79089,60.800000000,7.674976160,26.441590018,125.860115500,1.154461516,13.584292572,1.000000000
153,fixed_random_bfs,292621872,512,25,487,193,500,494,0,0.000000000,10072.006000000,10065.686000000,10065.680000000,0.000000000,6.320000000,3160,2.800000000,7.674976160,30.746269364,141.402017803,1.609591502,15.863617318,1.000000000
154,history_hotspot_bfs,6244576698,512,48,464,541,500,494,25,5.000000000,10072.006000000,9925.514000000,9908.002000000,17.506000000,146.492000000,73246,63.800000000,7.674976160,26.375975716,109.963240950,1.001428579,13.578263984,1.000000000
155,fixed_random_bfs,8126762080,512,21,491,193,500,494,1,0.200000000,10072.006000000,10033.568000000,10032.658000000,0.904000000,38.438000000,19219,14.000000000,7.674976160,30.846294176,137.680520249,1.730645326,15.909034689,1.000000000
156,history_hotspot_bfs,4488753662,512,42,470,297,500,494,111,22.200000000,10072.006000000,9927.578000000,9853.440000000,74.132000000,144.428000000,72214,63.000000000,7.674976160,26.177437966,125.148481251,1.200707335,13.403251949,1.000000000
157,fixed_random_bfs,4468057768,512,32,480,431,500,494,0,0.000000000,10072.006000000,10058.040000000,10058.034000000,0.000000000,13.966000000,6983,5.800000000,7.674976160,29.426215500,120.689134598,1.300620964,15.174550568,1.000000000
158,fixed_random_bfs,7678759569,512,28,484,556,500,494,0,0.000000000,10072.006000000,10061.764000000,10061.758000000,0.000000000,10.242000000,5121,3.200000000,7.674976160,24.529870978,112.041156401,0.941237633,12.610236620,1.000000000
159,history_hotspot_bfs,25632231,512,33,479,376,500,494,41,8.200000000,10072.006000000,9913.810000000,9881.618000000,32.186000000,158.196000000,79098,67.000000000,7.674976160,22.954747334,106.976995650,1.364414627,11.788002560,1.000000000
160,fixed_random_bfs,479512737,512,20,492,207,500,494,3,0.600000000,10072.006000000,9975.928000000,9973.082000000,2.840000000,96.078000000,48039,27.200000000,7.674976160,28.526427510,135.671195700,1.737543152,14.692479690,1.000000000
161,fixed_random_bfs,12469475530,512,33,479,160,500,494,0,0.000000000,10072.006000000,10065.040000000,10065.034000000,0.000000000,6.966000000,3483,4.000000000,7.674976160,25.227082650,110.752249252,1.207605290,12.968351109,1.000000000
162,history_hotspot_bfs,9301363694,512,38,474,170,500,494,69,13.800000000,10072.006000000,9908.484000000,9872.026000000,36.452000000,163.522000000,81761,65.200000000,7.674976160,24.447860990,110.122053851,1.529781424,12.545066386,1.000000000
163,fixed_random_bfs,263571647,512,33,479,591,500,494,0,0.000000000,10072.006000000,10068.270000000,10068.264000000,0.000000000,3.736000000,1868,2.000000000,7.674976160,26.727539342,117.486532500,1.188885637,13.748458470,1.000000000
164,fixed_random_bfs,4494941197,512,37,475,770,500,494,0,0.000000000,10072.006000000,10021.074000000,10021.068000000,0.000000000,50.932000000,25466,15.800000000,7.674976160,22.961477882,104.266931297,1.312563249,11.800403720,1.000000000
165,history_hotspot_bfs,411014377,512,49,463,769,500,494,9,1.800000000,10072.006000000,9985.116000000,9979.570000000,5.540000000,86.890000000,43445,33.200000000,7.674976160,26.569483820,130.153029198,1.659898923,13.655771883,1.000000000
166,fixed_random_bfs,690429375,512,35,477,904,500,494,0,0.000000000,10072.006000000,10049.192000000,10049.186000000,0.000000000,22.814000000,11407,5.200000000,7.674976160,25.907744902,122.285798101,1.647821011,13.343728944,1.000000000
167,history_hotspot_bfs,7844486784,512,47,465,915,500,494,21,4.200000000,10072.006000000,9932.492000000,9915.518000000,16.968000000,139.514000000,69757,54.400000000,7.674976160,26.083074128,125.604788049,1.623864690,13.419498853,1.000000000
168,fixed_random_bfs,4567051360,512,26,486,256,500,494,9,1.800000000,10072.006000000,10007.092000000,10000.894000000,6.192000000,64.914000000,32457,20.400000000,7.674976160,26.450757690,122.859544452,1.541744805,13.614168742,1.000000000
169,history_hotspot_bfs,2486315108,512,48,464,1259,500,494,7,1.400000000,10072.006000000,10011.404000000,10006.038000000,5.360000000,60.602000000,30301,27.200000000,7.674976160,25.953801242,106.188995347,1.785474965,13.357393864,1.000000000
170,fixed_random_bfs,10287403210,512,23,489,117,500,494,0,0.000000000,10072.006000000,10059.992000000,10059.986000000,0.000000000,12.014000000,6007,4.400000000,7.674976160,22.574736988,100.596930999,1.399419246,11.598824380,1.000000000
171,fixed_random_bfs,1142607204,512,27,485,431,500,494,0,0.000000000,10072.006000000,10054.870000000,10054.864000000,0.000000000,17.136000000,8568,5.200000000,7.674976160,26.694647306,125.658849150,1.606641165,13.734076918,1.000000000
172,fixed_random_bfs,13607352237,512,9,503,72,500,494,0,0.000000000,10072.006000000,10070.016000000,10070.010000000,0.000000000,1.990000000,995,0.400000000,7.674976160,30.421845546,137.783441053,1.306075230,15.692759094,1.000000000
173,fixed_random_bfs,4537191947,512,34,478,817,500,494,0,0.000000000,10072.006000000,10062.462000000,10062.456000000,0.000000000,9.544000000,4772,2.400000000,7.674976160,26.182940378,125.071230847,1.181864574,13.478186387,1.000000000
174,fixed_random_bfs,6094371885,512,33,479,187,500,494,0,0.000000000,10072.006000000,10049.576000000,10049.570000000,0.000000000,22.430000000,11215,6.600000000,7.674976160,29.826311974,133.269604752,1.668233280,15.370220950,1.000000000
175,history_hotspot_bfs,2460613849,512,35,477,238,500,494,49,9.800000000,10072.006000000,9906.300000000,9882.944000000,23.350000000,165.706000000,82853,63.600000000,7.674976160,30.194886622,146.785880549,1.261919980,15.533211962,1.000000000
176,fixed_random_bfs,3521762542,512,28,484,61,500,494,0,0.000000000,10072.006000000,10056.940000000,10056.934000000,0.000000000,15.066000000,7533,20.400000000,7.674976160,24.449283828,108.579506500,1.236436014,12.576579845,1.000000000
177,fixed_random_bfs,12620869964,512,21,491,157,500,494,0,0.000000000,10072.006000000,10070.180000000,10070.174000000,0.000000000,1.826000000,913,1.000000000,7.674976160,24.836548542,106.662662550,1.079161210,12.782756644,1.000000000
178,history_hotspot_bfs,5849847823,512,28,484,254,500,494,66,13.200000000,10072.006000000,9975.320000000,9932.282000000,43.032000000,96.686000000,48343,52.200000000,7.674976160,24.967566872,110.041250949,1.149847524,12.826147763,1.000000000
179,fixed_random_bfs,447872455,512,26,486,355,500,494,7,1.400000000,10072.006000000,10022.684000000,10019.786000000,2.892000000,49.322000000,24661,19.400000000,7.674976160,30.251170348,141.925860297,1.199757262,15.602007114,1.000000000
180,history_hotspot_bfs,3891282353,512,37,475,278,500,494,56,11.200000000,10072.006000000,9909.436000000,9866.376000000,43.054000000,162.570000000,81285,61.200000000,7.674976160,25.300321828,108.957936902,1.556299012,13.006588623,1.000000000
181,fixed_random_bfs,3693344689,512,27,485,115,500,494,0,0.000000000,10072.006000000,10033.256000000,10033.250000000,0.000000000,38.750000000,19375,23.600000000,7.674976160,24.691154496,104.649150950,1.204701611,12.709234665,1.000000000
182,history_hotspot_bfs,1471188701,512,41,471,493,500,494,13,2.600000000,10072.006000000,9962.572000000,9952.596000000,9.970000000,109.434000000,54717,40.200000000,7.674976160,25.797562256,120.403671597,1.207982002,13.279034907,1.000000000
183,fixed_random_bfs,11051941885,512,36,476,523,500,494,1,0.200000000,10072.006000000,10051.446000000,10050.560000000,0.880000000,20.560000000,10280,7.000000000,7.674976160,25.972616256,121.294552552,1.143043104,13.370605988,1.000000000
184,fixed_random_bfs,1199489266,512,29,483,513,500,494,0,0.000000000,10072.006000000,10057.632000000,10057.626000000,0.000000000,14.374000000,7187,5.800000000,7.674976160,26.458992494,119.232511252,1.167079217,13.624776121,1.000000000
185,fixed_random_bfs,1394057767,512,31,481,656,500,494,0,0.000000000,10072.006000000,10069.164000000,10069.158000000,0.000000000,2.842000000,1421,1.200000000,7.674976160,24.718483894,110.101209450,0.968900101,12.713710574,1.000000000
186,history_hotspot_bfs,3387597051,512,32,480,260,500,494,74,14.800000000,10072.006000000,9937.398000000,9893.352000000,44.040000000,134.608000000,67304,58.200000000,7.674976160,23.916432046,107.403934499,1.400497410,12.245176117,1.000000000
187,fixed_random_bfs,2880419782,512,28,484,135,500,494,1,0.200000000,10072.006000000,10037.666000000,10036.888000000,0.772000000,34.340000000,17170,13.200000000,7.674976160,25.889471840,125.138565098,1.571400577,13.337116714,1.000000000
188,fixed_random_bfs,4530718094,512,35,477,801,500,494,0,0.000000000,10072.006000000,10068.020000000,10068.014000000,0.000000000,3.986000000,1993,2.000000000,7.674976160,26.924862142,124.149682950,1.181885719,13.873287101,1.000000000
189,fixed_random_bfs,5342861433,512,29,483,246,500,494,3,0.600000000,10072.006000000,10037.106000000,10033.780000000,3.320000000,34.900000000,17450,13.200000000,7.674976160,26.642529900,118.364940801,1.303069403,13.719039143,1.000000000
190,history_hotspot_bfs,3584513100,512,43,469,461,500,494,32,6.400000000,10072.006000000,9941.970000000,9923.284000000,18.680000000,130.036000000,65018,48.400000000,7.674976160,22.768533100,99.941643153,1.480379873,11.686738978,1.000000000
191,fixed_random_bfs,445028130,512,21,491,191,500,494,0,0.000000000,10072.006000000,10023.764000000,10023.758000000,0.000000000,48.242000000,24121,14.600000000,7.674976160,27.697205326,121.429852152,1.337106418,14.275635157,1.000000000
192,fixed_random_bfs,11016886026,512,22,490,217,500,494,1,0.200000000,10072.006000000,9972.726000000,9971.802000000,0.918000000,99.280000000,49640,28.200000000,7.674976160,30.568543472,138.454528650,1.812662166,15.777680503,1.000000000
193,fixed_random_bfs,1394437022,512,33,479,843,500,494,1,0.200000000,10072.006000000,10049.090000000,10048.072000000,1.012000000,22.916000000,11458,6.800000000,7.674976160,30.076922872,139.165103001,1.620395284,15.507052605,1.000000000
194,history_hotspot_bfs,1887601134,512,49,463,357,500,494,36,7.200000000,10072.006000000,9901.948000000,9880.540000000,21.402000000,170.058000000,85029,67.000000000,7.674976160,30.210707596,141.396469150,1.668907655,15.558154887,1.000000000
195,fixed_random_bfs,5284404374,512,35,477,324,500,494,34,6.800000000,10072.006000000,9924.664000000,9898.290000000,26.368000000,147.342000000,73671,56.000000000,7.674976160,22.020360486,104.373188298,1.024590679,11.306989071,1.000000000
196,history_hotspot_bfs,8001483703,512,44,468,313,500,494,50,10.000000000,10072.006000000,9877.340000000,9862.862000000,14.472000000,194.666000000,97333,67.400000000,7.674976160,24.059141436,104.574303851,1.535948742,12.339977063,1.000000000
197,fixed_random_bfs,11356410433,512,39,473,970,500,494,1,0.200000000,10072.006000000,10058.562000000,10057.596000000,0.960000000,13.444000000,6722,5.600000000,7.674976160,29.641447570,129.074805151,1.549409292,15.277926044,1.000000000
198,fixed_random_bfs,1235226279,512,14,498,123,500,494,0,0.000000000,10072.006000000,10069.198000000,10069.192000000,0.000000000,2.808000000,1404,1.000000000,7.674976160,26.175449262,117.602351400,1.659586118,13.474188395,1.000000000
199,fixed_random_bfs,1731221969,512,32,480,413,500,494,0,0.000000000,10072.006000000,10059.870000000,10059.864000000,0.000000000,12.136000000,6068,3.800000000,7.674976160,25.706374338,109.747192349,1.618180895,13.215851425,1.000000000
200,history_hotspot_bfs,8419301482,512,20,492,179,500,494,4,0.800000000,10072.006000000,10017.014000000,10015.144000000,1.864000000,54.992000000,27496,18.200000000,7.674976160,27.138375732,130.175558450,1.611482913,13.967818783,1.000000000
201,fixed_random_bfs,430137487,512,26,486,554,500,494,2,0.400000000,10072.006000000,10024.770000000,10022.750000000,2.014000000,47.236000000,23618,14.200000000,7.674976160,26.326830412,123.211054603,1.591765671,13.555278554,1.000000000
202,fixed_random_bfs,9370003055,512,31,481,762,500,494,0,0.000000000,10072.006000000,10070.048000000,10070.042000000,0.000000000,1.958000000,979,0.600000000,7.674976160,26.066046930,107.082318547,1.280035308,13.424842506,1.000000000
203,history_hotspot_bfs,1386063709,512,42,470,183,500,494,107,21.400000000,10072.006000000,9900.748000000,9859.486000000,41.256000000,171.258000000,85629,68.600000000,7.674976160,25.565765280,118.240574951,1.182123592,13.093091674,1.000000000
204,fixed_random_bfs,1586919528,512,17,495,240,500,494,0,0.000000000,10072.006000000,10070.014000000,10070.008000000,0.000000000,1.992000000,996,0.600000000,7.674976160,26.179813250,122.937365499,1.556735245,13.483572918,1.000000000
205,fixed_random_bfs,1643296300,512,32,480,327,500,494,3,0.600000000,10072.006000000,10005.610000000,10002.818000000,2.786000000,66.396000000,33198,26.400000000,7.674976160,27.728580774,121.969195400,1.159550336,14.281403475,1.000000000
206,fixed_random_bfs,12607378904,512,30,482,584,500,494,1,0.200000000,10072.006000000,10063.592000000,10062.588000000,0.998000000,8.414000000,4207,2.200000000,7.674976160,23.156533278,101.974046151,0.917612295,11.901169923,1.000000000
207,fixed_random_bfs,1129574609,512,26,486,430,500,494,0,0.000000000,10072.006000000,10069.524000000,10069.518000000,0.000000000,2.482000000,1241,1.600000000,7.674976160,24.282706854,101.509710551,1.294230896,12.495736471,1.000000000
208,fixed_random_bfs,12104117128,512,35,477,638,500,494,12,2.400000000,10072.006000000,9965.814000000,9956.452000000,9.356000000,106.192000000,53096,36.200000000,7.674976160,29.207204608,127.834052701,1.787005883,15.032904357,1.000000000
209,history_hotspot_bfs,4751660531,512,31,481,346,500,494,37,7.400000000,10072.006000000,9978.374000000,9944.900000000,33.468000000,93.632000000,46816,41.000000000,7.674976160,30.113895668,132.197260599,1.297698471,15.513037852,1.000000000
210,fixed_random_bfs,663859934,512,35,477,521,500,494,0,0.000000000,10072.006000000,10054.124000000,10054.118000000,0.000000000,17.882000000,8941,7.400000000,7.674976160,29.744324114,137.271584551,1.209451788,15.359015981,1.000000000
211,spatial_uniform_bfs,1314136474,512,19,493,188,500,494,1,0.200000000,10072.006000000,10068.152000000,10067.138000000,1.008000000,3.854000000,1927,1.800000000,7.674976160,23.547941462,109.104450601,1.012863940,12.138068554,1.000000000
212,fixed_random_bfs,497186080,512,29,483,355,500,494,6,1.200000000,10072.006000000,10002.680000000,9997.164000000,5.510000000,69.326000000,34663,23.200000000,7.674976160,25.073879332,114.164837348,1.239672784,12.897187511,1.000000000
213,history_hotspot_bfs,9927032103,512,52,460,774,500,494,33,6.600000000,10072.006000000,9943.402000000,9920.782000000,22.614000000,128.604000000,64302,56.000000000,7.674976160,26.038206628,122.260216898,1.203301263,13.399341414,1.000000000
214,fixed_random_bfs,1395608732,512,28,484,477,500,494,2,0.400000000,10072.006000000,10047.680000000,10045.782000000,1.892000000,24.326000000,12163,7.600000000,7.674976160,26.902291376,125.140650200,1.249851708,13.852810825,1.000000000
215,fixed_random_bfs,1670512124,512,44,468,1056,500,494,0,0.000000000,10072.006000000,10052.288000000,10052.282000000,0.000000000,19.718000000,9859,7.600000000,7.674976160,29.317273840,130.001317649,1.283889894,15.130261326,1.000000000
216,fixed_random_bfs,12147905037,512,33,479,327,500,494,37,7.400000000,10072.006000000,9922.280000000,9894.174000000,28.100000000,149.726000000,74863,56.400000000,7.674976160,26.154122282,123.225158602,1.214159825,13.442268421,1.000000000
217,fixed_random_bfs,13383897538,512,16,496,123,500,494,0,0.000000000,10072.006000000,10067.576000000,10067.570000000,0.000000000,4.430000000,2215,2.000000000,7.674976160,31.083602032,145.052325550,1.324548724,16.046743243,1.000000000
218,fixed_random_bfs,1328043463,512,35,477,1027,500,494,1,0.200000000,10072.006000000,10061.536000000,10060.518000000,1.012000000,10.470000000,5235,3.600000000,7.674976160,24.250214324,106.807308650,0.962949519,12.487561750,1.000000000
219,fixed_random_bfs,269524526,512,19,493,129,500,494,0,0.000000000,10072.006000000,10050.622000000,10050.616000000,0.000000000,21.384000000,10692,4.600000000,7.674976160,25.350547716,102.643485900,1.626687242,13.049163624,1.000000000
220,history_hotspot_bfs,2352440668,512,35,477,290,500,494,11,2.200000000,10072.006000000,10010.764000000,10003.178000000,7.580000000,61.242000000,30621,32.400000000,7.674976160,23.001849390,101.609152652,1.323377720,11.828378638,1.000000000
221,fixed_random_bfs,2234962250,512,15,497,97,500,494,1,0.200000000,10072.006000000,10033.214000000,10032.274000000,0.934000000,38.792000000,19396,13.000000000,7.674976160,26.338525554,123.722204598,1.165381977,13.564140070,1.000000000
222,fixed_random_bfs,1551007072,512,23,489,424,500,494,0,0.000000000,10072.006000000,10052.438000000,10052.432000000,0.000000000,19.568000000,9784,6.400000000,7.674976160,29.429416844,132.710270950,1.634128106,15.171185413,1.000000000
223,fixed_random_bfs,1548071002,512,24,488,384,500,494,0,0.000000000,10072.006000000,10047.952000000,10047.946000000,0.000000000,24.054000000,12027,6.800000000,7.674976160,26.640041766,109.045428799,1.243192911,13.736635062,1.000000000
224,fixed_random_bfs,3170890749,512,28,484,374,500,494,0,0.000000000,10072.006000000,10056.802000000,10056.796000000,0.000000000,15.204000000,7602,4.400000000,7.674976160,26.367008348,122.743561600,1.683638576,13.588621465,1.000000000
225,history_hotspot_bfs,474799738,512,42,470,561,500,494,21,4.200000000,10072.006000000,9955.590000000,9937.166000000,18.418000000,116.416000000,58208,51.800000000,7.674976160,26.863251864,123.041355351,1.169647940,13.832959957,1.000000000
226,fixed_random_bfs,450324047,512,20,492,308,500,494,0,0.000000000,10072.006000000,10063.044000000,10063.038000000,0.000000000,8.962000000,4481,4.000000000,7.674976160,23.485734012,108.517935249,1.248401518,12.087941998,1.000000000
227,fixed_random_bfs,8286473847,512,36,476,416,500,494,31,6.200000000,10072.006000000,9947.008000000,9921.074000000,25.928000000,124.998000000,62499,49.600000000,7.674976160,26.935684626,111.820913351,1.849615909,13.864104933,1.000000000
228,history_hotspot_bfs,10893691664,512,29,483,428,500,494,19,3.800000000,10072.006000000,10019.080000000,10002.514000000,16.560000000,52.926000000,26463,19.600000000,7.674976160,27.080340162,125.486869350,1.696076085,13.943227225,1.000000000
229,fixed_random_bfs,6768278301,512,26,486,601,500,494,1,0.200000000,10072.006000000,10070.972000000,10069.948000000,1.018000000,1.034000000,517,0.400000000,7.674976160,26.437604472,123.132705800,1.734709786,13.618237857,1.000000000
230,history_hotspot_bfs,11408632982,512,39,473,586,500,494,3,0.600000000,10072.006000000,10039.492000000,10036.696000000,2.790000000,32.514000000,16257,16.600000000,7.674976160,31.188708044,140.225113401,1.776009965,16.102842895,1.000000000
231,fixed_random_bfs,12738892067,512,29,483,473,500,494,0,0.000000000,10072.006000000,10070.750000000,10070.744000000,0.000000000,1.256000000,628,0.600000000,7.674976160,23.566361046,105.816094801,1.716604428,12.116601578,1.000000000
232,history_hotspot_bfs,9038311250,512,47,465,411,500,494,38,7.600000000,10072.006000000,9937.574000000,9917.322000000,20.246000000,134.432000000,67216,49.400000000,7.674976160,26.183132070,122.657115247,1.661302870,13.459758952,1.000000000
233,fixed_random_bfs,13378671816,512,56,456,1518,500,494,7,1.400000000,10072.006000000,10020.614000000,10015.872000000,4.736000000,51.392000000,25696,27.200000000,7.674976160,23.748112914,103.055081151,1.393074892,12.215611278,1.000000000
234,fixed_random_bfs,411029266,512,43,469,473,500,494,6,1.200000000,10072.006000000,9991.500000000,9989.112000000,2.382000000,80.506000000,40253,44.400000000,7.674976160,22.208992848,97.905587953,0.923140181,11.413115943,1.000000000
235,fixed_random_bfs,3713963405,512,41,471,373,500,494,17,3.400000000,10072.006000000,10022.558000000,10013.024000000,9.528000000,49.448000000,24724,21.800000000,7.674976160,31.091661912,140.908764701,1.777079684,16.029280599,1.000000000
236,history_hotspot_bfs,8890136774,512,44,468,810,500,494,8,1.600000000,10072.006000000,9990.132000000,9986.422000000,3.704000000,81.874000000,40937,32.000000000,7.674976160,27.520570694,126.638759550,1.312051271,14.183660465,1.000000000
237,fixed_random_bfs,1112072959,512,24,488,443,500,494,0,0.000000000,10072.006000000,10057.312000000,10057.306000000,0.000000000,14.694000000,7347,4.200000000,7.674976160,26.228876194,117.353802998,1.577296752,13.514493524,1.000000000
238,fixed_random_bfs,4468932444,512,15,497,56,500,494,3,0.600000000,10072.006000000,10019.734000000,10017.046000000,2.682000000,52.272000000,26136,16.800000000,7.674976160,26.268623534,120.306676450,1.567905915,13.536453288,1.000000000
239,fixed_random_bfs,4486815102,512,33,479,252,500,494,8,1.600000000,10072.006000000,10001.942000000,9999.150000000,2.786000000,70.064000000,35032,25.800000000,7.674976160,28.483150926,129.549492399,1.256015779,14.681597521,1.000000000
240,history_hotspot_bfs,9311028462,512,39,473,325,500,494,9,1.800000000,10072.006000000,9938.792000000,9936.100000000,2.686000000,133.214000000,66607,47.000000000,7.674976160,28.562855270,126.082937850,1.383567897,14.736097445,1.000000000
241,fixed_random_bfs,114311905,512,27,485,121,500,494,0,0.000000000,10072.006000000,10015.486000000,10015.480000000,0.000000000,56.520000000,28260,25.600000000,7.674976160,26.033939016,130.057933599,1.206178025,13.411058549,1.000000000
242,history_hotspot_bfs,10908566370,512,48,464,876,500,494,10,2.000000000,10072.006000000,9994.690000000,9990.792000000,3.892000000,77.316000000,38658,27.200000000,7.674976160,27.102229596,130.389070999,1.631769434,13.961838477,1.000000000
243,fixed_random_bfs,436639181,512,31,481,411,500,494,0,0.000000000,10072.006000000,10038.304000000,10038.298000000,0.000000000,33.702000000,16851,12.400000000,7.674976160,27.727446190,114.156329400,1.268183164,14.305179467,1.000000000
244,fixed_random_bfs,1549684230,512,33,479,964,500,494,0,0.000000000,10072.006000000,10064.096000000,10064.090000000,0.000000000,7.910000000,3955,3.000000000,7.674976160,26.431628520,122.177211902,1.513452251,13.613559845,1.000000000
245,fixed_random_bfs,8417969984,512,22,490,132,500,494,2,0.400000000,10072.006000000,9989.976000000,9988.996000000,0.974000000,82.030000000,41015,21.800000000,7.674976160,25.095967488,104.790851451,1.093051607,12.929380876,1.000000000
246,history_hotspot_bfs,5306607712,512,33,479,231,500,494,23,4.600000000,10072.006000000,10012.214000000,9999.524000000,12.684000000,59.792000000,29896,20.600000000,7.674976160,27.628632800,119.825917200,1.107151890,14.221927471,1.000000000
247,fixed_random_bfs,10915038477,512,23,489,329,500,494,12,2.400000000,10072.006000000,10024.552000000,10013.622000000,10.924000000,47.454000000,23727,16.600000000,7.674976160,30.347758878,128.645491197,1.429020328,15.637278754,1.000000000
248,fixed_random_bfs,8899071813,512,33,479,426,500,494,2,0.400000000,10072.006000000,9973.122000000,9971.588000000,1.528000000,98.884000000,49442,28.400000000,7.674976160,25.409136836,105.208197950,1.065754763,13.079985492,1.000000000
249,history_hotspot_bfs,5297868242,512,43,469,353,500,494,5,1.000000000,10072.006000000,10012.416000000,10010.310000000,2.100000000,59.590000000,29795,22.000000000,7.674976160,26.152587794,119.554172598,1.181141782,13.471859551,1.000000000
250,fixed_random_bfs,2784646317,512,28,484,280,500,494,3,0.600000000,10072.006000000,10026.310000000,10024.120000000,2.184000000,45.696000000,22848,24.200000000,7.674976160,26.551807016,124.064043048,1.256431504,13.684319942,1.000000000
251,fixed_random_bfs,5306915839,512,32,480,238,500,494,5,1.000000000,10072.006000000,9994.978000000,9991.364000000,3.608000000,77.028000000,38514,28.400000000,7.674976160,26.569560914,115.337053452,1.287386730,13.689831069,1.000000000
252,history_hotspot_bfs,2485736711,512,36,476,625,500,494,4,0.800000000,10072.006000000,9992.754000000,9988.860000000,3.888000000,79.252000000,39626,28.800000000,7.674976160,26.399860640,121.652813051,1.171001559,13.608650271,1.000000000
253,fixed_random_bfs,5312307604,512,33,479,634,500,494,0,0.000000000,10072.006000000,10062.418000000,10062.412000000,0.000000000,9.588000000,4794,2.800000000,7.674976160,31.191083600,153.029562501,1.252764800,16.103484246,1.000000000
254,history_hotspot_bfs,4378185663,512,33,479,373,500,494,36,7.200000000,10072.006000000,10024.220000000,10005.564000000,18.650000000,47.786000000,23893,24.200000000,7.674976160,27.459967208,127.030125901,1.204936522,14.111325610,1.000000000
255,fixed_random_bfs,12488699245,512,33,479,101,500,494,0,0.000000000,10072.006000000,10067.974000000,10067.968000000,0.000000000,4.032000000,2016,4.400000000,7.674976160,24.269655516,107.008142999,1.342734363,12.490245552,1.000000000
256,history_hotspot_bfs,1788787471,512,40,472,640,500,494,4,0.800000000,10072.006000000,9980.692000000,9977.154000000,3.532000000,91.314000000,45657,29.800000000,7.674976160,25.680668410,102.899354099,1.796753255,13.232801784,1.000000000
257,fixed_random_bfs,4614461143,512,33,479,735,500,494,0,0.000000000,10072.006000000,10068.720000000,10068.714000000,0.000000000,3.286000000,1643,0.800000000,7.674976160,26.887987422,127.889768349,1.423374114,13.848598563,1.000000000
258,history_hotspot_bfs,8428802847,512,24,488,331,500,494,4,0.800000000,10072.006000000,9993.558000000,9990.046000000,3.506000000,78.448000000,39224,23.600000000,7.674976160,30.278792128,143.677208250,0.983479141,15.623571164,1.000000000
259,fixed_random_bfs,6491826629,512,22,490,196,500,494,0,0.000000000,10072.006000000,10050.626000000,10050.620000000,0.000000000,21.380000000,10690,6.400000000,7.674976160,26.370444916,121.826740701,1.659933483,13.593204007,1.000000000
260,fixed_random_bfs,1549685300,512,28,484,605,500,494,0,0.000000000,10072.006000000,10066.150000000,10066.144000000,0.000000000,5.856000000,2928,2.000000000,7.674976160,25.894831464,113.375169399,1.824697735,13.339757988,1.000000000
261,fixed_random_bfs,5284452813,512,47,465,341,500,494,32,6.400000000,10072.006000000,9934.794000000,9918.684000000,16.104000000,137.212000000,68606,48.800000000,7.674976160,28.273612634,129.896830049,1.697985461,14.550032247,1.000000000
262,fixed_random_bfs,4530718100,512,28,484,433,500,494,0,0.000000000,10072.006000000,10068.872000000,10068.866000000,0.000000000,3.134000000,1567,1.000000000,7.674976160,28.769997690,119.321015649,1.896569141,14.834690914,1.000000000
263,spatial_uniform_bfs,1314136684,512,40,472,1040,500,494,1,0.200000000,10072.006000000,10068.494000000,10067.488000000,1.000000000,3.512000000,1756,1.800000000,7.674976160,29.210478022,137.121236151,1.486608340,15.031273742,1.000000000
264,fixed_random_bfs,3846238141,512,28,484,703,500,494,0,0.000000000,10072.006000000,10063.936000000,10063.930000000,0.000000000,8.070000000,4035,2.800000000,7.674976160,26.446222684,125.070289702,1.668090542,13.624370328,1.000000000
265,history_hotspot_bfs,349907649,512,38,474,299,500,494,22,4.400000000,10072.006000000,9909.722000000,9893.818000000,15.898000000,162.284000000,81142,62.200000000,7.674976160,26.345987722,123.460161402,1.071430038,13.578128193,1.000000000
266,fixed_random_bfs,302555501,512,27,485,48,500,494,0,0.000000000,10072.006000000,10057.280000000,10057.274000000,0.000000000,14.726000000,7363,22.400000000,7.674976160,27.970454012,116.487586199,1.667473859,14.425570299,1.000000000
267,history_hotspot_bfs,2208891067,512,45,467,254,500,494,91,18.200000000,10072.006000000,9899.476000000,9870.314000000,29.156000000,172.530000000,86265,62.200000000,7.674976160,25.342637556,112.749653149,1.226410883,12.978611896,1.000000000
268,spatial_uniform_bfs,1314137085,512,30,482,630,500,494,1,0.200000000,10072.006000000,10068.320000000,10067.318000000,0.996000000,3.686000000,1843,1.800000000,7.674976160,26.482441424,120.553948848,1.607411257,13.644793637,1.000000000
269,fixed_random_bfs,1518839901,512,21,491,301,500,494,0,0.000000000,10072.006000000,10070.868000000,10070.862000000,0.000000000,1.138000000,569,0.600000000,7.674976160,29.550523798,129.553505049,1.686565556,15.260108758,1.000000000
270,fixed_random_bfs,1316576236,512,25,487,444,500,494,0,0.000000000,10072.006000000,10061.184000000,10061.178000000,0.000000000,10.822000000,5411,4.200000000,7.674976160,26.022585024,110.242866247,1.013835849,13.411120782,1.000000000
271,history_hotspot_bfs,10836137940,512,34,478,356,500,494,40,8.000000000,10072.006000000,9934.056000000,9901.566000000,32.484000000,137.950000000,68975,54.200000000,7.674976160,29.681920690,137.106570498,1.794506362,15.264573919,1.000000000
272,fixed_random_bfs,12381066520,512,27,485,269,500,494,31,6.200000000,10072.006000000,9941.934000000,9922.790000000,19.138000000,130.072000000,65036,52.600000000,7.674976160,28.090225290,131.826683399,1.174703566,14.472921462,1.000000000
273,history_hotspot_bfs,475548529,512,32,480,115,500,494,60,12.000000000,10072.006000000,9907.010000000,9873.682000000,33.322000000,164.996000000,82498,62.800000000,7.674976160,26.082478642,118.011480851,1.187268167,13.414261460,1.000000000
274,fixed_random_bfs,655308589,512,25,487,366,500,494,1,0.200000000,10072.006000000,10050.488000000,10049.530000000,0.952000000,21.518000000,10759,4.800000000,7.674976160,26.520008302,126.371936702,1.756819071,13.666682574,1.000000000
275,spatial_uniform_bfs,1314136755,512,29,483,629,500,494,0,0.000000000,10072.006000000,10066.986000000,10066.980000000,0.000000000,5.020000000,2510,2.000000000,7.674976160,26.092596280,117.045518651,1.208245712,13.454976136,1.000000000
276,fixed_random_bfs,10278952219,512,15,497,170,500,494,0,0.000000000,10072.006000000,10071.014000000,10071.008000000,0.000000000,0.992000000,496,0.200000000,7.674976160,30.554661258,134.290980198,0.924147412,15.778616018,1.000000000
277,history_hotspot_bfs,8286473844,512,31,481,314,500,494,37,7.400000000,10072.006000000,9917.958000000,9891.598000000,26.354000000,154.048000000,77024,56.800000000,7.674976160,28.499975210,129.899742701,1.241352272,14.665609982,1.000000000
278,fixed_random_bfs,1321499723,512,41,471,1446,500,494,1,0.200000000,10072.006000000,10067.100000000,10066.084000000,1.010000000,4.906000000,2453,2.200000000,7.674976160,26.215006018,116.401501551,1.240643075,13.507836433,1.000000000
279,fixed_random_bfs,1687477804,512,28,484,388,500,494,0,0.000000000,10072.006000000,10059.780000000,10059.774000000,0.000000000,12.226000000,6113,3.600000000,7.674976160,24.032188802,97.865648948,1.177820767,12.365594462,1.000000000
280,fixed_random_bfs,1173425139,512,28,484,407,500,494,0,0.000000000,10072.006000000,10068.146000000,10068.140000000,0.000000000,3.860000000,1930,1.000000000,7.674976160,23.890785856,105.619975400,1.191849613,12.309273833,1.000000000
281,fixed_random_bfs,3170147746,512,32,480,681,500,494,0,0.000000000,10072.006000000,10070.192000000,10070.186000000,0.000000000,1.814000000,907,0.800000000,7.674976160,28.731561332,125.560602349,1.687325897,14.809838360,1.000000000
282,spatial_uniform_bfs,1327633116,512,35,477,935,500,494,1,0.200000000,10072.006000000,10067.784000000,10066.786000000,0.992000000,4.222000000,2111,1.800000000,7.674976160,27.257663918,117.694882403,1.237733245,14.052633786,1.000000000
283,history_hotspot_bfs,2352569141,512,44,468,390,500,494,51,10.200000000,10072.006000000,9913.732000000,9878.926000000,34.800000000,158.274000000,79137,61.400000000,7.674976160,23.485209822,105.016863550,1.449387553,12.068820678,1.000000000
284,fixed_random_bfs,12199379540,512,29,483,703,500,494,0,0.000000000,10072.006000000,10058.826000000,10058.820000000,0.000000000,13.180000000,6590,3.600000000,7.674976160,26.224885374,123.253434852,1.172188001,13.518699882,1.000000000
285,fixed_random_bfs,12763312047,512,18,494,126,500,494,0,0.000000000,10072.006000000,10068.244000000,10068.238000000,0.000000000,3.762000000,1881,1.400000000,7.674976160,28.773474280,122.226520247,1.695223820,14.849294989,1.000000000
286,fixed_random_bfs,4463691469,512,32,480,365,500,494,1,0.200000000,10072.006000000,10019.248000000,10018.406000000,0.836000000,52.758000000,26379,16.000000000,7.674976160,22.480640030,97.791345050,0.974041873,11.568419550,1.000000000
287,history_hotspot_bfs,11364764224,512,36,476,456,500,494,2,0.400000000,10072.006000000,10004.544000000,10002.710000000,1.828000000,67.462000000,33731,27.000000000,7.674976160,27.132280508,116.755539348,1.262224774,13.992805462,1.000000000
288,fixed_random_bfs,3740426718,512,22,490,145,500,494,3,0.600000000,10072.006000000,10040.938000000,10038.282000000,2.650000000,31.068000000,15534,8.800000000,7.674976160,30.450885032,142.588896898,1.765034232,15.738575337,1.000000000
289,fixed_random_bfs,334351549,512,49,463,1503,500,494,0,0.000000000,10072.006000000,10058.242000000,10058.236000000,0.000000000,13.764000000,6882,7.200000000,7.674976160,26.643709328,119.942824848,1.671596804,13.735725315,1.000000000
290,history_hotspot_bfs,2208891198,512,30,482,182,500,494,75,15.000000000,10072.006000000,9906.686000000,9875.392000000,31.288000000,165.320000000,82660,60.200000000,7.674976160,25.789850276,120.611205452,1.625016838,13.231279873,1.000000000
291,fixed_random_bfs,5480154815,512,28,484,510,500,494,0,0.000000000,10072.006000000,10066.900000000,10066.894000000,0.000000000,5.106000000,2553,1.400000000,7.674976160,24.484358424,109.417085901,1.139604963,12.611378135,1.000000000
292,history_hotspot_bfs,3457190272,512,18,494,99,500,494,73,14.600000000,10072.006000000,9934.074000000,9885.806000000,48.262000000,137.932000000,68966,56.000000000,7.674976160,24.914922128,112.384466350,1.450877441,12.782110331,1.000000000
293,fixed_random_bfs,4380997598,512,39,473,675,500,494,2,0.400000000,10072.006000000,10045.014000000,10042.424000000,2.584000000,26.992000000,13496,10.400000000,7.674976160,29.129356620,126.886488750,1.620926723,15.031194953,1.000000000
294,fixed_random_bfs,12638692522,512,35,477,606,500,494,1,0.200000000,10072.006000000,10066.116000000,10065.258000000,0.852000000,5.890000000,2945,2.000000000,7.674976160,26.158190802,122.076204601,1.730270502,13.475987192,1.000000000
295,fixed_random_bfs,12776717241,512,39,473,1342,500,494,0,0.000000000,10072.006000000,10063.634000000,10063.628000000,0.000000000,8.372000000,4186,3.400000000,7.674976160,28.814437950,124.807902298,1.877425469,14.849183432,1.000000000
296,history_hotspot_bfs,112675709,512,34,478,325,500,494,34,6.800000000,10072.006000000,9927.428000000,9897.448000000,29.974000000,144.578000000,72289,52.200000000,7.674976160,26.818513342,123.771057851,1.811518707,13.802323736,1.000000000
297,fixed_random_bfs,2292618090,512,30,482,470,500,494,0,0.000000000,10072.006000000,10054.434000000,10054.428000000,0.000000000,17.572000000,8786,6.600000000,7.674976160,26.751607706,117.271984103,1.339287707,13.759382871,1.000000000
298,spatial_uniform_bfs,1145528636,512,29,483,582,500,494,0,0.000000000,10072.006000000,10067.248000000,10067.242000000,0.000000000,4.758000000,2379,2.000000000,7.674976160,30.462281878,129.781016553,1.348060011,15.715756278,1.000000000
299,history_hotspot_bfs,257735446,512,29,483,309,500,494,3,0.600000000,10072.006000000,10009.702000000,10007.092000000,2.604000000,62.304000000,31152,23.400000000,7.674976160,21.981294586,103.297623048,1.340117601,11.312509083,1.000000000
300,fixed_random_bfs,1520363691,512,28,484,555,500,494,0,0.000000000,10072.006000000,10064.564000000,10064.558000000,0.000000000,7.442000000,3721,3.400000000,7.674976160,26.101056398,118.125889651,1.584858838,13.453182659,1.000000000
301,history_hotspot_bfs,314043975,512,34,478,384,500,494,11,2.200000000,10072.006000000,9975.648000000,9969.456000000,6.186000000,96.358000000,48179,32.600000000,7.674976160,24.222580026,109.509892651,1.439761897,12.464556630,1.000000000
302,fixed_random_bfs,13414122103,512,25,487,103,500,494,0,0.000000000,10072.006000000,10071.586000000,10071.580000000,0.000000000,0.420000000,210,0.600000000,7.674976160,27.304773190,120.445597399,1.196376759,14.078752648,1.000000000
303,history_hotspot_bfs,2247371503,512,33,479,198,500,494,99,19.800000000,10072.006000000,9921.452000000,9864.420000000,57.026000000,150.554000000,75277,60.600000000,7.674976160,29.596332984,129.754438899,1.852221735,15.182668230,1.000000000
304,fixed_random_bfs,7678759766,512,37,475,1158,500,494,0,0.000000000,10072.006000000,10065.102000000,10065.096000000,0.000000000,6.904000000,3452,2.800000000,7.674976160,27.765709132,121.775659048,1.219564624,14.316000488,1.000000000
305,fixed_random_bfs,4604361990,512,27,485,136,500,494,1,0.200000000,10072.006000000,10025.056000000,10024.174000000,0.876000000,46.950000000,23475,16.400000000,7.674976160,28.168354464,142.029544597,1.369414610,14.527521727,1.000000000
306,spatial_uniform_bfs,1710086814,512,27,485,556,500,494,0,0.000000000,10072.006000000,10066.706000000,10066.700000000,0.000000000,5.300000000,2650,2.200000000,7.674976160,26.489473042,122.581509951,1.215763984,13.648019028,1.000000000
307,fixed_random_bfs,2084091574,512,41,471,667,500,494,13,2.600000000,10072.006000000,9983.950000000,9973.296000000,10.648000000,88.056000000,44028,36.600000000,7.674976160,26.798670366,110.145758451,1.301643631,13.801744523,1.000000000
308,history_hotspot_bfs,9313283595,512,43,469,540,500,494,63,12.600000000,10072.006000000,9936.600000000,9882.602000000,53.992000000,135.406000000,67703,58.200000000,7.674976160,29.605103516,128.361913250,1.198475798,15.217499829,1.000000000
309,fixed_random_bfs,12556413525,512,18,494,199,500,494,0,0.000000000,10072.006000000,10059.096000000,10059.090000000,0.000000000,12.910000000,6455,4.000000000,7.674976160,26.533384158,120.345011500,1.234790208,13.672755554,1.000000000
310,history_hotspot_bfs,138244793,512,50,462,755,500,494,14,2.800000000,10072.006000000,9927.980000000,9916.194000000,11.780000000,144.026000000,72013,51.800000000,7.674976160,25.605954588,120.783390299,1.038201457,13.177797296,1.000000000
311,fixed_random_bfs,1173497322,512,25,487,237,500,494,0,0.000000000,10072.006000000,10066.380000000,10066.374000000,0.000000000,5.626000000,2813,2.000000000,7.674976160,25.590529626,108.149303550,1.227424494,13.185375188,1.000000000
312,history_hotspot_bfs,5051671040,512,36,476,292,500,494,14,2.800000000,10072.006000000,9995.708000000,9985.076000000,10.626000000,76.298000000,38149,34.800000000,7.674976160,25.671271602,107.871393049,1.766465911,13.215460239,1.000000000
313,fixed_random_bfs,5585575940,512,23,489,194,500,494,0,0.000000000,10072.006000000,10054.026000000,10054.020000000,0.000000000,17.980000000,8990,6.400000000,7.674976160,26.948554332,130.057488149,1.295715002,13.884510110,1.000000000
314,fixed_random_bfs,11364764644,512,29,483,315,500,494,3,0.600000000,10072.006000000,10045.998000000,10043.334000000,2.658000000,26.008000000,13004,10.600000000,7.674976160,27.237252856,121.141119048,1.319720972,14.031882878,1.000000000
315,history_hotspot_bfs,8091600917,512,54,458,817,500,494,16,3.200000000,10072.006000000,9976.768000000,9964.888000000,11.874000000,95.238000000,47619,43.600000000,7.674976160,26.422803520,125.851996053,1.207732731,13.620142177,1.000000000
316,fixed_random_bfs,663694616,512,43,469,944,500,494,0,0.000000000,10072.006000000,10047.108000000,10047.102000000,0.000000000,24.898000000,12449,8.600000000,7.674976160,27.057648170,112.259495851,1.544242146,13.937759967,1.000000000
317,history_hotspot_bfs,12144320142,512,26,486,228,500,494,4,0.800000000,10072.006000000,9969.680000000,9968.756000000,0.918000000,102.326000000,51163,37.400000000,7.674976160,24.289672868,108.293725798,0.949764443,12.506614326,1.000000000
318,fixed_random_bfs,6412501106,512,33,479,328,500,494,9,1.800000000,10072.006000000,9962.576000000,9954.772000000,7.798000000,109.430000000,54715,40.200000000,7.674976160,30.698815160,140.538970251,1.654276091,15.839039688,1.000000000
319,history_hotspot_bfs,479236074,512,41,471,937,500,494,30,6.000000000,10072.006000000,9977.454000000,9949.310000000,28.138000000,94.552000000,47276,33.000000000,7.674976160,30.623982150,147.510572550,1.713810212,15.788750758,1.000000000
320,fixed_random_bfs,5476746043,512,21,491,155,500,494,1,0.200000000,10072.006000000,10048.538000000,10047.626000000,0.906000000,23.468000000,11734,8.000000000,7.674976160,26.335733268,123.851582901,1.693171931,13.573148398,1.000000000
321,fixed_random_bfs,1146570420,512,32,480,570,500,494,0,0.000000000,10072.006000000,10046.740000000,10046.734000000,0.000000000,25.266000000,12633,8.200000000,7.674976160,26.763229720,119.472723449,1.419494114,13.785228815,1.000000000
322,fixed_random_bfs,5305836816,512,39,473,357,500,494,17,3.400000000,10072.006000000,9950.680000000,9938.506000000,12.168000000,121.326000000,60663,45.600000000,7.674976160,31.286108198,141.438919198,1.496994304,16.154958647,1.000000000
323,fixed_random_bfs,1322651089,512,26,486,426,500,494,1,0.200000000,10072.006000000,10055.022000000,10054.044000000,0.972000000,16.984000000,8492,4.600000000,7.674976160,23.329114048,106.857509501,1.303871437,12.008805595,1.000000000
324,history_hotspot_bfs,8390290965,512,31,481,287,500,494,4,0.800000000,10072.006000000,9947.754000000,9946.134000000,1.614000000,124.252000000,62126,43.200000000,7.674976160,23.885840696,111.553716500,1.496775632,12.286364284,1.000000000
325,fixed_random_bfs,12500423892,512,19,493,273,500,494,0,0.000000000,10072.006000000,10068.368000000,10068.362000000,0.000000000,3.638000000,1819,1.600000000,7.674976160,31.462746250,150.013400999,1.920662599,16.245739611,1.000000000
326,fixed_random_bfs,1132441774,512,26,486,316,500,494,0,0.000000000,10072.006000000,10045.560000000,10045.554000000,0.000000000,26.446000000,13223,10.800000000,7.674976160,26.416249566,119.741122201,1.754694194,13.613815238,1.000000000
327,history_hotspot_bfs,12458783069,512,40,472,320,500,494,107,21.400000000,10072.006000000,9934.540000000,9859.898000000,74.636000000,137.466000000,68733,59.800000000,7.674976160,27.955814314,122.789090302,1.767072274,14.321905396,1.000000000
328,spatial_uniform_bfs,1263990332,512,34,478,992,500,494,0,0.000000000,10072.006000000,10064.944000000,10064.938000000,0.000000000,7.062000000,3531,3.200000000,7.674976160,23.953902122,110.119362148,1.167208689,12.326631720,1.000000000
329,fixed_random_bfs,13325012925,512,20,492,323,500,494,1,0.200000000,10072.006000000,10059.542000000,10058.528000000,1.008000000,12.464000000,6232,4.400000000,7.674976160,27.508745664,126.747564201,1.667593132,14.186489934,1.000000000
330,fixed_random_bfs,1640849907,512,28,484,359,500,494,0,0.000000000,10072.006000000,10068.786000000,10068.780000000,0.000000000,3.220000000,1610,1.000000000,7.674976160,23.975235048,106.199630699,1.430972040,12.341832154,1.000000000
331,history_hotspot_bfs,2245520806,512,41,471,297,500,494,102,20.400000000,10072.006000000,9907.016000000,9861.576000000,45.434000000,164.990000000,82495,64.600000000,7.674976160,26.189575168,126.849334651,1.696474016,13.429248629,1.000000000
332,fixed_random_bfs,90380150,512,30,482,357,500,494,19,3.800000000,10072.006000000,10016.634000000,10000.790000000,15.838000000,55.372000000,27686,20.800000000,7.674976160,27.101470706,112.101029301,1.687043730,13.943940959,1.000000000
333,fixed_random_bfs,2069959804,512,46,466,400,500,494,3,0.600000000,10072.006000000,10026.622000000,10024.412000000,2.204000000,45.384000000,22692,21.000000000,7.674976160,28.910825398,127.173756650,1.101897055,14.886826325,1.000000000
334,fixed_random_bfs,138194386,512,48,464,534,500,494,17,3.400000000,10072.006000000,9934.396000000,9923.126000000,11.264000000,137.610000000,68805,55.200000000,7.674976160,27.302987028,118.903229800,1.026698431,14.070883003,1.000000000
335,history_hotspot_bfs,10676507084,512,31,481,172,500,494,83,16.600000000,10072.006000000,9903.846000000,9854.674000000,49.166000000,168.160000000,84080,64.400000000,7.674976160,27.529228210,121.380723948,1.295651223,14.132737590,1.000000000
336,fixed_random_bfs,1132441706,512,41,471,666,500,494,0,0.000000000,10072.006000000,10045.500000000,10045.494000000,0.000000000,26.506000000,13253,10.200000000,7.674976160,26.735693076,123.606151798,1.806549257,13.772488843,1.000000000
337,fixed_random_bfs,416007742,512,41,471,385,500,494,19,3.800000000,10072.006000000,9965.864000000,9949.814000000,16.044000000,106.142000000,53071,48.000000000,7.674976160,27.061012302,124.936355801,1.289885886,13.930070711,1.000000000
338,history_hotspot_bfs,1143318838,512,23,489,117,500,494,3,0.600000000,10072.006000000,10036.344000000,10035.658000000,0.680000000,35.662000000,17831,18.400000000,7.674976160,28.328923450,124.440226801,1.442345297,14.596151224,1.000000000
339,fixed_random_bfs,549517209,512,30,482,606,500,494,0,0.000000000,10072.006000000,10065.442000000,10065.436000000,0.000000000,6.564000000,3282,3.800000000,7.674976160,29.321462546,137.227196500,1.321944636,15.130674907,1.000000000
340,fixed_random_bfs,1142605856,512,19,493,150,500,494,9,1.800000000,10072.006000000,9993.318000000,9984.486000000,8.826000000,78.688000000,39344,37.000000000,7.674976160,23.180541952,102.264116200,1.702784004,11.908488808,1.000000000
341,fixed_random_bfs,1518839266,512,33,479,842,500,494,0,0.000000000,10072.006000000,10070.428000000,10070.422000000,0.000000000,1.578000000,789,0.400000000,7.674976160,25.708290768,109.073177350,1.649021049,13.244524631,1.000000000
342,fixed_random_bfs,4722621789,512,30,482,537,500,494,0,0.000000000,10072.006000000,10068.114000000,10068.108000000,0.000000000,3.892000000,1946,1.200000000,7.674976160,26.190824356,120.471213149,1.257451017,13.497207517,1.000000000
343,history_hotspot_bfs,5265682885,512,35,477,341,500,494,9,1.800000000,10072.006000000,9944.382000000,9939.712000000,4.664000000,127.624000000,63812,44.200000000,7.674976160,26.466284808,121.268596552,1.310436719,13.640517964,1.000000000
344,fixed_random_bfs,3241140550,512,45,467,1168,500,494,1,0.200000000,10072.006000000,10034.554000000,10033.636000000,0.912000000,37.452000000,18726,14.800000000,7.674976160,31.568839854,144.557473449,1.308866273,16.291545394,1.000000000
345,fixed_random_bfs,9470660049,512,27,485,218,500,494,62,12.400000000,10072.006000000,9915.242000000,9881.642000000,33.594000000,156.764000000,78382,56.800000000,7.674976160,31.384501888,147.291996799,1.336571413,16.135440941,1.000000000
346,history_hotspot_bfs,12456240969,512,42,470,424,500,494,84,16.800000000,10072.006000000,9902.070000000,9853.526000000,48.538000000,169.936000000,84968,65.400000000,7.674976160,27.043715184,122.090855448,1.295807742,13.856070191,1.000000000
347,history_hotspot_bfs,12533949437,512,44,468,450,500,494,26,5.200000000,10072.006000000,9925.726000000,9911.652000000,14.068000000,146.280000000,73140,62.600000000,7.674976160,26.284384276,124.294365351,1.185129199,13.533620446,1.000000000
348,fixed_random_bfs,12356963034,512,37,475,697,500,494,0,0.000000000,10072.006000000,10047.544000000,10047.538000000,0.000000000,24.462000000,12231,10.800000000,7.674976160,22.337808216,104.761838949,0.994230940,11.492513216,1.000000000
349,history_hotspot_bfs,25632225,512,38,474,323,500,494,38,7.600000000,10072.006000000,9903.170000000,9883.522000000,19.642000000,168.836000000,84418,68.400000000,7.674976160,29.545841666,150.997604798,1.774825380,15.215135088,1.000000000
350,fixed_random_bfs,2249891220,512,23,489,382,500,494,0,0.000000000,10072.006000000,10070.346000000,10070.340000000,0.000000000,1.660000000,830,1.000000000,7.674976160,27.587459028,119.174184799,1.628024008,14.220114785,1.000000000
351,fixed_random_bfs,430284809,512,38,474,505,500,494,0,0.000000000,10072.006000000,10014.816000000,10014.810000000,0.000000000,57.190000000,28595,24.200000000,7.674976160,28.324621584,127.608026899,1.757464187,14.608733238,1.000000000
352,history_hotspot_bfs,343634578,512,34,478,360,500,494,18,3.600000000,10072.006000000,9977.172000000,9963.474000000,13.692000000,94.834000000,47417,35.200000000,7.674976160,26.318867304,117.807890900,1.390234803,13.537733096,1.000000000
353,fixed_random_bfs,4695525107,512,43,469,419,500,494,27,5.400000000,10072.006000000,9946.600000000,9939.800000000,6.794000000,125.406000000,62703,45.000000000,7.674976160,26.458492094,123.808646949,1.247695787,13.611059947,1.000000000
354,fixed_random_bfs,1382334098,512,18,494,168,500,494,0,0.000000000,10072.006000000,10070.042000000,10070.036000000,0.000000000,1.964000000,982,0.600000000,7.674976160,24.090733784,111.387949601,0.992560963,12.407632792,1.000000000
355,fixed_random_bfs,292621928,512,24,488,194,500,494,0,0.000000000,10072.006000000,10066.970000000,10066.964000000,0.000000000,5.036000000,2518,1.800000000,7.674976160,25.006660356,114.107881349,1.501313752,12.891174380,1.000000000
356,history_hotspot_bfs,1874214575,512,45,467,252,500,494,79,15.800000000,10072.006000000,9913.864000000,9885.710000000,28.148000000,158.142000000,79071,68.600000000,7.674976160,26.066167668,123.985136753,1.697312141,13.394498198,1.000000000
357,fixed_random_bfs,2234754150,512,22,490,99,500,494,0,0.000000000,10072.006000000,10015.772000000,10015.766000000,0.000000000,56.234000000,28117,19.000000000,7.674976160,28.461318346,124.439493698,1.327374777,14.667131571,1.000000000
358,history_hotspot_bfs,2486324318,512,22,490,192,500,494,0,0.000000000,10072.006000000,10052.420000000,10052.414000000,0.000000000,19.586000000,9793,5.000000000,7.674976160,30.607193848,128.224568851,1.994972401,15.798232340,1.000000000
359,fixed_random_bfs,3740426766,512,18,494,98,500,494,4,0.800000000,10072.006000000,10036.152000000,10034.698000000,1.448000000,35.854000000,17927,18.600000000,7.674976160,26.688967040,125.038410748,1.672669624,13.752368827,1.000000000
360,spatial_uniform_bfs,1710076775,512,20,492,325,500,494,0,0.000000000,10072.006000000,10067.302000000,10067.296000000,0.000000000,4.704000000,2352,2.000000000,7.674976160,28.141630422,127.511112298,1.931431481,14.498394169,1.000000000
361,fixed_random_bfs,1436987832,512,34,478,735,500,494,0,0.000000000,10072.006000000,10049.340000000,10049.334000000,0.000000000,22.666000000,11333,5.200000000,7.674976160,22.920302992,100.753824503,1.483006313,11.793257009,1.000000000
362,spatial_uniform_bfs,6495460975,512,30,482,655,500,494,0,0.000000000,10072.006000000,10066.922000000,10066.916000000,0.000000000,5.084000000,2542,2.000000000,7.674976160,26.519225222,118.934681750,1.708241038,13.658827431,1.000000000
363,fixed_random_bfs,8404931953,512,31,481,202,500,494,8,1.600000000,10072.006000000,9964.030000000,9961.212000000,2.812000000,107.976000000,53988,33.400000000,7.674976160,23.021333194,109.777035152,1.407518316,11.844445496,1.000000000
364,fixed_random_bfs,8934385544,512,25,487,465,500,494,0,0.000000000,10072.006000000,10058.096000000,10058.090000000,0.000000000,13.910000000,6955,4.200000000,7.674976160,31.188523054,145.360986250,1.707242356,16.100116129,1.000000000
365,fixed_random_bfs,11231050475,512,36,476,349,500,494,27,5.400000000,10072.006000000,9939.338000000,9932.368000000,6.964000000,132.668000000,66334,49.600000000,7.674976160,28.071969890,125.629958798,1.052501325,14.462424175,1.000000000
366,fixed_random_bfs,12459721417,512,25,487,196,500,494,1,0.200000000,10072.006000000,10064.226000000,10063.430000000,0.790000000,7.780000000,3890,3.200000000,7.674976160,24.074750212,109.861335199,1.646785847,12.390803281,1.000000000
367,history_hotspot_bfs,1487179451,512,29,483,413,500,494,12,2.400000000,10072.006000000,9966.366000000,9954.936000000,11.424000000,105.640000000,52820,35.000000000,7.674976160,23.056636154,112.368289952,1.424843717,11.846915160,1.000000000
368,fixed_random_bfs,13392871940,512,26,486,465,500,494,0,0.000000000,10072.006000000,10070.908000000,10070.902000000,0.000000000,1.098000000,549,0.400000000,7.674976160,29.736549454,142.810555901,1.109368229,15.354920759,1.000000000
369,fixed_random_bfs,4751793237,512,36,476,367,500,494,7,1.400000000,10072.006000000,10009.482000000,10004.370000000,5.106000000,62.524000000,31262,22.600000000,7.674976160,30.167993732,139.006747051,1.661881358,15.561720783,1.000000000
370,fixed_random_bfs,8376102990,512,24,488,314,500,494,7,1.400000000,10072.006000000,10000.248000000,9994.800000000,5.442000000,71.758000000,35879,25.400000000,7.674976160,26.433848740,124.998540550,1.223637536,13.626349499,1.000000000
371,history_hotspot_bfs,4356494336,512,36,476,261,500,494,65,13.000000000,10072.006000000,9908.468000000,9861.488000000,46.974000000,163.538000000,81769,62.200000000,7.674976160,30.892012674,140.784124798,1.401794135,15.918842204,1.000000000
372,fixed_random_bfs,279907320,512,26,486,199,500,494,2,0.400000000,10072.006000000,10053.070000000,10051.720000000,1.344000000,18.936000000,9468,4.800000000,7.674976160,26.025673766,119.155144251,1.188964861,13.408643716,1.000000000
373,fixed_random_bfs,1148228194,512,29,483,410,500,494,0,0.000000000,10072.006000000,10058.844000000,10058.838000000,0.000000000,13.162000000,6581,5.600000000,7.674976160,26.813665052,125.378911700,1.777872907,13.819085311,1.000000000
374,fixed_random_bfs,9654063954,512,26,486,650,500,494,0,0.000000000,10072.006000000,10066.714000000,10066.708000000,0.000000000,5.292000000,2646,1.600000000,7.674976160,24.840913636,107.275375649,1.101204006,12.792181230,1.000000000
375,fixed_random_bfs,3740426594,512,22,490,154,500,494,4,0.800000000,10072.006000000,10036.182000000,10034.992000000,1.184000000,35.824000000,17912,18.000000000,7.674976160,27.728656160,124.141368498,1.248044869,14.273486176,1.000000000
376,history_hotspot_bfs,2208476289,512,44,468,238,500,494,73,14.600000000,10072.006000000,9906.242000000,9881.050000000,25.186000000,165.764000000,82882,61.600000000,7.674976160,26.196958762,122.519275848,1.249076327,13.430126935,1.000000000
377,fixed_random_bfs,1143318691,512,29,483,402,500,494,3,0.600000000,10072.006000000,10049.656000000,10047.730000000,1.920000000,22.350000000,11175,7.000000000,7.674976160,28.153667280,129.984619800,1.321309117,14.511681432,1.000000000
378,history_hotspot_bfs,3391597643,512,20,492,148,500,494,44,8.800000000,10072.006000000,9943.932000000,9904.290000000,39.636000000,128.074000000,64037,50.000000000,7.674976160,23.305454758,110.204065849,1.032625036,11.977323080,1.000000000
379,fixed_random_bfs,12040748775,512,32,480,515,500,494,0,0.000000000,10072.006000000,10065.418000000,10065.412000000,0.000000000,6.588000000,3294,1.400000000,7.674976160,26.612543264,121.814971749,1.191914779,13.718149608,1.000000000
380,fixed_random_bfs,292622775,512,19,493,126,500,494,1,0.200000000,10072.006000000,10061.582000000,10060.760000000,0.816000000,10.424000000,5212,4.200000000,7.674976160,31.658339866,144.517280851,1.304375079,16.350636714,1.000000000
381,fixed_random_bfs,13031943608,512,27,485,556,500,494,0,0.000000000,10072.006000000,10070.792000000,10070.786000000,0.000000000,1.214000000,607,0.600000000,7.674976160,23.274557126,102.918953901,1.482856424,11.972051549,1.000000000
382,spatial_uniform_bfs,1227826159,512,27,485,536,500,494,0,0.000000000,10072.006000000,10066.772000000,10066.766000000,0.000000000,5.234000000,2617,2.200000000,7.674976160,22.826349444,97.225464749,1.386211921,11.761099519,1.000000000
383,fixed_random_bfs,4488861353,512,39,473,1482,500,494,0,0.000000000,10072.006000000,10061.038000000,10061.032000000,0.000000000,10.968000000,5484,4.200000000,7.674976160,24.047943850,112.578555301,0.984139165,12.382473064,1.000000000
384,history_hotspot_bfs,12456064581,512,42,470,354,500,494,24,4.800000000,10072.006000000,9921.048000000,9900.310000000,20.732000000,150.958000000,75479,62.000000000,7.674976160,27.645771934,131.322178798,1.652808454,14.243208356,1.000000000
385,fixed_random_bfs,5971114318,512,15,497,135,500,494,2,0.400000000,10072.006000000,10046.112000000,10044.090000000,2.016000000,25.894000000,12947,12.600000000,7.674976160,29.580341912,128.077778150,1.846192298,15.274401310,1.000000000
386,fixed_random_bfs,5478669783,512,18,494,173,500,494,2,0.400000000,10072.006000000,10047.700000000,10045.718000000,1.976000000,24.306000000,12153,10.400000000,7.674976160,26.040115470,120.185802399,1.697174176,13.426726254,1.000000000
387,fixed_random_bfs,6859300085,512,29,483,486,500,494,0,0.000000000,10072.006000000,10065.950000000,10065.944000000,0.000000000,6.056000000,3028,3.200000000,7.674976160,26.796796032,120.269292649,1.713589724,13.807178078,1.000000000
388,fixed_random_bfs,4183662309,512,23,489,221,500,494,3,0.600000000,10072.006000000,9998.744000000,9995.900000000,2.838000000,73.262000000,36631,34.000000000,7.674976160,27.851534400,127.757553200,1.377261526,14.370602344,1.000000000
389,fixed_random_bfs,9865208383,512,30,482,518,500,494,0,0.000000000,10072.006000000,10055.616000000,10055.610000000,0.000000000,16.390000000,8195,5.200000000,7.674976160,24.927557952,108.897163550,1.866818176,12.829955926,1.000000000
390,history_hotspot_bfs,10910205889,512,41,471,387,500,494,45,9.000000000,10072.006000000,9929.622000000,9899.190000000,30.426000000,142.384000000,71192,53.600000000,7.674976160,30.443347344,144.977923448,1.461583736,15.690182607,1.000000000
391,fixed_random_bfs,122528349,512,27,485,334,500,494,22,4.400000000,10072.006000000,10019.372000000,9999.730000000,19.636000000,52.634000000,26317,18.600000000,7.674976160,27.720951266,127.949293549,2.044788883,14.256612622,1.000000000
392,fixed_random_bfs,4452315803,512,42,470,1007,500,494,2,0.400000000,10072.006000000,10004.592000000,10002.736000000,1.850000000,67.414000000,33707,23.800000000,7.674976160,26.316219886,117.129688849,1.745553395,13.562389014,1.000000000
393,fixed_random_bfs,1328041456,512,32,480,479,500,494,0,0.000000000,10072.006000000,10050.996000000,10050.990000000,0.000000000,21.010000000,10505,5.200000000,7.674976160,28.549333772,120.528375601,1.790682289,14.712999201,1.000000000
394,fixed_random_bfs,12049398816,512,34,478,712,500,494,1,0.200000000,10072.006000000,10066.256000000,10065.308000000,0.942000000,5.750000000,2875,1.400000000,7.674976160,23.614740172,103.096991847,1.442872613,12.155691138,1.000000000
395,fixed_random_bfs,4749945172,512,39,473,303,500,494,8,1.600000000,10072.006000000,9939.380000000,9936.568000000,2.806000000,132.626000000,66313,47.600000000,7.674976160,26.080846272,126.516582449,1.646971884,13.438479241,1.000000000
396,history_hotspot_bfs,10915402310,512,42,470,446,500,494,41,8.200000000,10072.006000000,9916.880000000,9889.054000000,27.820000000,155.126000000,77563,60.400000000,7.674976160,26.819752198,112.043724749,0.964096992,13.821381086,1.000000000
397,fixed_random_bfs,474797448,512,49,463,688,500,494,24,4.800000000,10072.006000000,9963.228000000,9944.132000000,19.090000000,108.778000000,54389,49.600000000,7.674976160,26.543395752,121.848991052,1.030559943,13.666611941,1.000000000
398,fixed_random_bfs,295232565,512,30,482,339,500,494,0,0.000000000,10072.006000000,10069.830000000,10069.824000000,0.000000000,2.176000000,1088,1.000000000,7.674976160,22.938629880,101.663162149,1.387773897,11.815635913,1.000000000
399,spatial_uniform_bfs,1314136836,512,24,488,485,500,494,0,0.000000000,10072.006000000,10066.396000000,10066.390000000,0.000000000,5.610000000,2805,2.000000000,7.674976160,31.143294260,144.050671602,1.727502748,16.086105942,1.000000000
400,history_hotspot_bfs,25632371,512,40,472,306,500,494,92,18.400000000,10072.006000000,9928.350000000,9878.274000000,50.070000000,143.656000000,71828,65.800000000,7.674976160,26.994105536,127.419181899,1.377507918,13.869145061,1.000000000
401,fixed_random_bfs,432578860,512,31,481,314,500,494,15,3.000000000,10072.006000000,9995.476000000,9981.638000000,13.832000000,76.530000000,38265,30.800000000,7.674976160,26.110252812,119.853339448,1.218052311,13.438636654,1.000000000
402,fixed_random_bfs,4561991363,512,46,466,1488,500,494,2,0.400000000,10072.006000000,10057.604000000,10055.630000000,1.968000000,14.402000000,7201,6.400000000,7.674976160,26.713621044,121.261472951,1.271973691,13.774782656,1.000000000
403,fixed_random_bfs,4763677950,512,24,488,281,500,494,1,0.200000000,10072.006000000,10052.214000000,10051.276000000,0.932000000,19.792000000,9896,5.600000000,7.674976160,23.193117900,103.625208050,1.102754806,11.928908109,1.000000000
404,history_hotspot_bfs,2086440304,512,28,484,118,500,494,102,20.400000000,10072.006000000,9895.490000000,9861.466000000,34.018000000,176.516000000,88258,65.200000000,7.674976160,30.046794404,132.694349850,1.454787644,15.425598835,1.000000000
405,fixed_random_bfs,12488285230,512,28,484,411,500,494,0,0.000000000,10072.006000000,10067.754000000,10067.748000000,0.000000000,4.252000000,2126,1.200000000,7.674976160,30.041402932,147.411402698,1.353241602,15.509063967,1.000000000
406,fixed_random_bfs,3092784191,512,46,466,379,500,494,2,0.400000000,10072.006000000,10010.184000000,10010.036000000,0.142000000,61.822000000,30911,38.800000000,7.674976160,26.710896956,126.194775502,1.235451078,13.753744437,1.000000000
407,fixed_random_bfs,1549671659,512,33,479,789,500,494,2,0.400000000,10072.006000000,10066.964000000,10065.074000000,1.884000000,5.042000000,2521,1.800000000,7.674976160,28.654596118,128.400576500,1.142003056,14.765562523,1.000000000
408,fixed_random_bfs,1674428808,512,38,474,258,500,494,0,0.000000000,10072.006000000,10049.720000000,10049.714000000,0.000000000,22.286000000,11143,8.400000000,7.674976160,24.681113034,111.901015351,1.263260320,12.716691757,1.000000000
409,fixed_random_bfs,1147307037,512,37,475,614,500,494,1,0.200000000,10072.006000000,10050.362000000,10049.430000000,0.926000000,21.644000000,10822,7.600000000,7.674976160,23.182781456,109.445127498,1.271795535,11.918379641,1.000000000
410,history_hotspot_bfs,4751327677,512,41,471,645,500,494,14,2.800000000,10072.006000000,9954.844000000,9942.194000000,12.644000000,117.162000000,58581,43.200000000,7.674976160,27.724299488,130.115214351,1.331584807,14.254490525,1.000000000
411,fixed_random_bfs,492712200,512,32,480,263,500,494,0,0.000000000,10072.006000000,10043.812000000,10043.806000000,0.000000000,28.194000000,14097,12.600000000,7.674976160,26.900147214,130.306565251,1.217573142,13.864008600,1.000000000
412,history_hotspot_bfs,12170915280,512,38,474,353,500,494,13,2.600000000,10072.006000000,9970.118000000,9960.444000000,9.668000000,101.888000000,50944,33.800000000,7.674976160,31.573295926,146.148684550,1.765444558,16.285718804,1.000000000
413,fixed_random_bfs,4103936121,512,49,463,1731,500,494,1,0.200000000,10072.006000000,10053.546000000,10052.572000000,0.968000000,18.460000000,9230,6.800000000,7.674976160,23.960302962,105.343964501,1.076875588,12.328415051,1.000000000
414,fixed_random_bfs,11901884763,512,47,465,259,500,494,0,0.000000000,10072.006000000,10045.648000000,10045.642000000,0.000000000,26.358000000,13179,11.000000000,7.674976160,27.653292342,127.773785151,1.809104537,14.247857252,1.000000000
415,fixed_random_bfs,1438730061,512,14,498,92,500,494,0,0.000000000,10072.006000000,10063.324000000,10063.318000000,0.000000000,8.682000000,4341,4.200000000,7.674976160,30.637691084,139.831806650,1.186355197,15.818961910,1.000000000
416,spatial_uniform_bfs,1314137040,512,23,489,442,500,494,0,0.000000000,10072.006000000,10066.186000000,10066.180000000,0.000000000,5.820000000,2910,2.200000000,7.674976160,26.010267396,123.824767401,1.511409705,13.389198294,1.000000000
417,fixed_random_bfs,7900232342,512,33,479,329,500,494,0,0.000000000,10072.006000000,10065.802000000,10065.796000000,0.000000000,6.204000000,3102,2.000000000,7.674976160,26.971420976,121.869725902,1.903751085,13.901961451,1.000000000
418,history_hotspot_bfs,4529130488,512,38,474,237,500,494,80,16.000000000,10072.006000000,9932.686000000,9885.870000000,46.810000000,139.320000000,69660,58.400000000,7.674976160,26.249166890,119.895216949,1.705282521,13.458249313,1.000000000
419,fixed_random_bfs,3714381723,512,15,497,25,500,494,1,0.200000000,10072.006000000,10065.200000000,10064.742000000,0.452000000,6.806000000,3403,9.000000000,7.674976160,27.498075410,123.417938250,1.623625233,14.167240631,1.000000000
420,history_hotspot_bfs,5307690019,512,52,460,1207,500,494,13,2.600000000,10072.006000000,9996.838000000,9987.104000000,9.728000000,75.168000000,37584,29.400000000,7.674976160,29.262425748,125.808120101,1.880796984,15.089434283,1.000000000
421,fixed_random_bfs,1143317821,512,34,478,328,500,494,10,2.000000000,10072.006000000,9986.526000000,9979.864000000,6.656000000,85.480000000,42740,34.400000000,7.674976160,22.331516146,101.345295748,1.545512402,11.477051317,1.000000000
422,history_hotspot_bfs,8091600947,512,49,463,660,500,494,28,5.600000000,10072.006000000,9941.810000000,9919.230000000,22.574000000,130.196000000,65098,57.600000000,7.674976160,28.262912562,125.714901201,1.777425318,14.563218075,1.000000000
423,fixed_random_bfs,2099832390,512,17,495,101,500,494,0,0.000000000,10072.006000000,10055.828000000,10055.822000000,0.000000000,16.178000000,8089,6.200000000,7.674976160,28.561510710,125.458583302,1.335126617,14.730474622,1.000000000
424,history_hotspot_bfs,11172599876,512,38,474,555,500,494,35,7.000000000,10072.006000000,10016.458000000,9999.526000000,16.926000000,55.548000000,27774,25.800000000,7.674976160,24.875410566,103.513993000,1.691244781,12.799375869,1.000000000
425,fixed_random_bfs,9043542390,512,33,479,308,500,494,7,1.400000000,10072.006000000,9942.686000000,9938.812000000,3.868000000,129.320000000,64660,45.800000000,7.674976160,26.441797444,120.039742751,1.868777430,13.618069842,1.000000000
426,spatial_uniform_bfs,1327634817,512,26,486,555,500,494,0,0.000000000,10072.006000000,10066.170000000,10066.164000000,0.000000000,5.836000000,2918,2.000000000,7.674976160,26.358857546,120.114588347,1.671440809,13.581010618,1.000000000
427,fixed_random_bfs,13335866612,512,33,479,733,500,494,0,0.000000000,10072.006000000,10070.196000000,10070.190000000,0.000000000,1.810000000,905,0.800000000,7.674976160,26.794610798,121.517319800,1.192757521,13.794958992,1.000000000
428,spatial_uniform_bfs,1327630027,512,37,475,981,500,494,0,0.000000000,10072.006000000,10066.150000000,10066.144000000,0.000000000,5.856000000,2928,2.200000000,7.674976160,26.551574444,111.068803250,1.787986999,13.685788019,1.000000000
429,fixed_random_bfs,1874361203,512,21,491,64,500,494,0,0.000000000,10072.006000000,10058.792000000,10058.786000000,0.000000000,13.214000000,6607,4.200000000,7.674976160,24.281407320,110.688813601,1.124125657,12.497023703,1.000000000
430,history_hotspot_bfs,452682282,512,42,470,340,500,494,33,6.600000000,10072.006000000,9885.010000000,9869.724000000,15.280000000,186.996000000,93498,67.000000000,7.674976160,26.530630550,124.641097101,1.282802058,13.665970145,1.000000000
431,fixed_random_bfs,1198969862,512,37,475,661,500,494,1,0.200000000,10072.006000000,10057.136000000,10056.156000000,0.974000000,14.870000000,7435,5.600000000,7.674976160,30.112108834,133.285503452,1.032725107,15.534779290,1.000000000
432,fixed_random_bfs,4492974926,512,25,487,442,500,494,0,0.000000000,10072.006000000,10044.268000000,10044.262000000,0.000000000,27.738000000,13869,11.200000000,7.674976160,26.292126174,118.919355253,1.266282164,13.552578243,1.000000000
433,fixed_random_bfs,1325748213,512,29,483,730,500,494,1,0.200000000,10072.006000000,10067.842000000,10066.812000000,1.024000000,4.164000000,2082,1.200000000,7.674976160,30.617356798,137.835371400,1.958641781,15.811825465,1.000000000
434,fixed_random_bfs,7430153074,512,22,490,96,500,494,3,0.600000000,10072.006000000,10050.104000000,10047.770000000,2.328000000,21.902000000,10951,8.200000000,7.674976160,24.248322132,110.751540502,1.331754786,12.479902619,1.000000000
435,history_hotspot_bfs,3694908966,512,48,464,447,500,494,36,7.200000000,10072.006000000,9908.518000000,9886.902000000,21.610000000,163.488000000,81744,67.400000000,7.674976160,27.815159660,135.966434300,1.149575693,14.330170151,1.000000000
436,fixed_random_bfs,9311844836,512,21,491,381,500,494,1,0.200000000,10072.006000000,10067.206000000,10066.178000000,1.022000000,4.800000000,2400,2.200000000,7.674976160,27.186931370,129.484903300,1.008633399,14.012736288,1.000000000
437,spatial_uniform_bfs,1300651903,512,32,480,843,500,494,0,0.000000000,10072.006000000,10066.118000000,10066.112000000,0.000000000,5.888000000,2944,2.200000000,7.674976160,27.378170342,122.124974751,1.285987170,14.112840657,1.000000000
438,history_hotspot_bfs,4452315785,512,37,475,638,500,494,10,2.000000000,10072.006000000,9996.402000000,9986.096000000,10.300000000,75.604000000,37802,26.200000000,7.674976160,25.692044178,113.327502148,1.534033459,13.211682120,1.000000000
439,fixed_random_bfs,1904460117,512,37,475,650,500,494,1,0.200000000,10072.006000000,10059.850000000,10058.990000000,0.854000000,12.156000000,6078,5.200000000,7.674976160,24.697474670,107.285101500,1.197903733,12.711212146,1.000000000
440,history_hotspot_bfs,4468847635,512,38,474,938,500,494,13,2.600000000,10072.006000000,9991.124000000,9978.266000000,12.852000000,80.882000000,40441,27.200000000,7.674976160,31.166649972,138.129898551,1.404708441,16.087685505,1.000000000
441,fixed_random_bfs,3389563090,512,31,481,270,500,494,0,0.000000000,10072.006000000,10047.252000000,10047.246000000,0.000000000,24.754000000,12377,9.600000000,7.674976160,30.391902392,143.556614550,1.812948478,15.683894589,1.000000000
442,fixed_random_bfs,3677979900,512,15,497,62,500,494,0,0.000000000,10072.006000000,10061.916000000,10061.910000000,0.000000000,10.090000000,5045,4.000000000,7.674976160,26.874576590,120.896202901,1.222994185,13.847535243,1.000000000
443,fixed_random_bfs,5221452643,512,37,475,1094,500,494,0,0.000000000,10072.006000000,10065.062000000,10065.056000000,0.000000000,6.944000000,3472,2.800000000,7.674976160,27.509999780,138.055461099,1.437608925,14.180968987,1.000000000
444,history_hotspot_bfs,9313283594,512,25,487,214,500,494,46,9.200000000,10072.006000000,9922.534000000,9883.338000000,39.190000000,149.472000000,74736,62.400000000,7.674976160,25.680738364,120.501822801,1.189008203,13.209430674,1.000000000
445,fixed_random_bfs,10006220256,512,31,481,560,500,494,0,0.000000000,10072.006000000,10071.044000000,10071.038000000,0.000000000,0.962000000,481,0.200000000,7.674976160,27.068084370,111.633963453,1.297005104,13.943101640,1.000000000
446,fixed_random_bfs,12051483812,512,33,479,657,500,494,0,0.000000000,10072.006000000,10057.476000000,10057.470000000,0.000000000,14.530000000,7265,5.600000000,7.674976160,26.759537504,123.832782250,1.635129605,13.794668531,1.000000000
447,fixed_random_bfs,1866964756,512,47,465,1109,500,494,0,0.000000000,10072.006000000,10049.312000000,10049.306000000,0.000000000,22.694000000,11347,8.600000000,7.674976160,27.928184036,123.707150801,1.514748237,14.379396452,1.000000000
448,fixed_random_bfs,111503632,512,30,482,345,500,494,7,1.400000000,10072.006000000,10035.990000000,10029.854000000,6.130000000,36.016000000,18008,21.000000000,7.674976160,26.490652224,121.394092200,1.704027878,13.652662553,1.000000000
449,spatial_uniform_bfs,1300651831,512,41,471,1233,500,494,0,0.000000000,10072.006000000,10065.708000000,10065.702000000,0.000000000,6.298000000,3149,2.200000000,7.674976160,30.641937950,133.086087500,1.873180701,15.824592637,1.000000000
450,history_hotspot_bfs,12533949417,512,53,459,390,500,494,31,6.200000000,10072.006000000,9913.622000000,9900.622000000,12.994000000,158.384000000,79192,67.000000000,7.674976160,26.188489462,113.937712951,1.522000187,13.493243713,1.000000000
451,fixed_random_bfs,1398201412,512,20,492,48,500,494,0,0.000000000,10072.006000000,10052.616000000,10052.610000000,0.000000000,19.390000000,9695,4.600000000,7.674976160,28.463512610,117.954940299,1.754425343,14.679030926,1.000000000
452,spatial_uniform_bfs,1300652355,512,45,467,1376,500,494,0,0.000000000,10072.006000000,10065.514000000,10065.508000000,0.000000000,6.492000000,3246,2.400000000,7.674976160,26.028062336,113.027093597,1.799121849,13.406521948,1.000000000
453,fixed_random_bfs,705402155,512,33,479,336,500,494,0,0.000000000,10072.006000000,10055.640000000,10055.634000000,0.000000000,16.366000000,8183,9.800000000,7.674976160,31.643975830,140.918822400,1.490827007,16.350997892,1.000000000
454,history_hotspot_bfs,473894833,512,39,473,427,500,494,18,3.600000000,10072.006000000,9969.200000000,9950.922000000,18.272000000,102.806000000,51403,49.800000000,7.674976160,23.588227412,106.001262599,1.755733931,12.119780625,1.000000000
455,spatial_uniform_bfs,1300652303,512,36,476,916,500,494,0,0.000000000,10072.006000000,10065.158000000,10065.152000000,0.000000000,6.848000000,3424,2.400000000,7.674976160,25.159845496,113.447783998,1.393470008,12.949632971,1.000000000
456,fixed_random_bfs,335560378,512,39,473,390,500,494,43,8.600000000,10072.006000000,9924.008000000,9892.354000000,31.648000000,147.998000000,73999,57.800000000,7.674976160,26.304760994,120.982302747,1.681865648,13.529895894,1.000000000
457,fixed_random_bfs,422548097,512,40,472,121,500,494,1,0.200000000,10072.006000000,9993.128000000,9992.702000000,0.420000000,78.878000000,39439,38.400000000,7.674976160,24.788776786,110.741424848,1.142667023,12.756611161,1.000000000
458,fixed_random_bfs,1520431688,512,24,488,223,500,494,0,0.000000000,10072.006000000,10065.092000000,10065.086000000,0.000000000,6.914000000,3457,2.800000000,7.674976160,25.163354698,111.239367997,1.538563437,12.961796848,1.000000000
459,fixed_random_bfs,4028808921,512,21,491,53,500,494,0,0.000000000,10072.006000000,10054.124000000,10054.118000000,0.000000000,17.882000000,8941,4.600000000,7.674976160,27.506765614,123.164703348,1.748076743,14.160943092,1.000000000
460,fixed_random_bfs,11364765792,512,36,476,129,500,494,4,0.800000000,10072.006000000,10020.022000000,10019.496000000,0.520000000,51.984000000,25992,47.200000000,7.674976160,29.872343888,134.889399999,1.212195452,15.414425244,1.000000000
461,history_hotspot_bfs,2829209747,512,39,473,308,500,494,47,9.400000000,10072.006000000,9906.006000000,9876.098000000,29.902000000,166.000000000,83000,63.400000000,7.674976160,27.396343622,128.328050250,1.235881497,14.093029794,1.000000000
462,fixed_random_bfs,444058664,512,28,484,512,500,494,2,0.400000000,10072.006000000,10053.852000000,10051.902000000,1.944000000,18.154000000,9077,7.400000000,7.674976160,26.518398000,117.428581903,1.200078207,13.664043009,1.000000000
463,spatial_uniform_bfs,1314137134,512,26,486,559,500,494,0,0.000000000,10072.006000000,10065.790000000,10065.784000000,0.000000000,6.216000000,3108,2.200000000,7.674976160,26.880939802,120.753868199,1.285377361,13.854842636,1.000000000
464,history_hotspot_bfs,4529953533,512,43,469,379,500,494,44,8.800000000,10072.006000000,9898.232000000,9871.840000000,26.386000000,173.774000000,86887,62.800000000,7.674976160,26.078340190,117.059986248,1.209045541,13.407797175,1.000000000
465,fixed_random_bfs,277536063,512,20,492,259,500,494,0,0.000000000,10072.006000000,10068.192000000,10068.186000000,0.000000000,3.814000000,1907,2.600000000,7.674976160,26.146652424,123.322008198,1.198118866,13.465063404,1.000000000
466,spatial_uniform_bfs,1327631607,512,36,476,1023,500,494,0,0.000000000,10072.006000000,10065.614000000,10065.608000000,0.000000000,6.392000000,3196,2.200000000,7.674976160,28.514142596,131.512971351,0.999253398,14.683581457,1.000000000
467,history_hotspot_bfs,4720550784,512,37,475,281,500,494,31,6.200000000,10072.006000000,9928.190000000,9908.492000000,19.692000000,143.816000000,71908,52.400000000,7.674976160,23.855651414,112.154148953,1.135430109,12.262762327,1.000000000
468,fixed_random_bfs,9007500747,512,35,477,544,500,494,1,0.200000000,10072.006000000,10054.156000000,10053.222000000,0.928000000,17.850000000,8925,6.600000000,7.674976160,22.704777178,103.693217598,1.573236166,11.673610632,1.000000000
469,fixed_random_bfs,1324735565,512,34,478,944,500,494,0,0.000000000,10072.006000000,10069.838000000,10069.832000000,0.000000000,2.168000000,1084,1.200000000,7.674976160,29.400780890,133.040345652,1.409362084,15.167513576,1.000000000
470,fixed_random_bfs,444058678,512,31,481,707,500,494,0,0.000000000,10072.006000000,10039.770000000,10039.764000000,0.000000000,32.236000000,16118,11.200000000,7.674976160,28.934872010,115.033023500,1.218860177,14.934927052,1.000000000
471,history_hotspot_bfs,10893856734,512,43,469,548,500,494,37,7.400000000,10072.006000000,9911.078000000,9884.518000000,26.554000000,160.928000000,80464,65.400000000,7.674976160,31.243211762,148.725250597,1.722633909,16.116434753,1.000000000
472,fixed_random_bfs,13404320173,512,23,489,254,500,494,0,0.000000000,10072.006000000,10068.830000000,10068.824000000,0.000000000,3.176000000,1588,1.600000000,7.674976160,26.632702750,124.896097550,1.235057629,13.724111587,1.000000000
473,fixed_random_bfs,12673046097,512,28,484,702,500,494,0,0.000000000,10072.006000000,10069.838000000,10069.832000000,0.000000000,2.168000000,1084,1.400000000,7.674976160,25.472563418,122.137729851,0.950893202,13.120953152,1.000000000
474,fixed_random_bfs,12051595428,512,37,475,794,500,494,0,0.000000000,10072.006000000,10048.232000000,10048.226000000,0.000000000,23.774000000,11887,7.400000000,7.674976160,31.718269634,150.633819000,1.551179400,16.391500132,1.000000000
475,history_hotspot_bfs,10916721740,512,57,455,1079,500,494,32,6.400000000,10072.006000000,9956.916000000,9930.072000000,26.838000000,115.090000000,57545,53.200000000,7.674976160,27.408332664,126.973308100,1.143482222,14.105688191,1.000000000
476,fixed_random_bfs,1561603666,512,36,476,628,500,494,6,1.200000000,10072.006000000,10008.330000000,10002.992000000,5.332000000,63.676000000,31838,27.600000000,7.674976160,30.682213440,143.225671498,1.818987951,15.837003336,1.000000000
477,fixed_random_bfs,12386675076,512,30,482,536,500,494,0,0.000000000,10072.006000000,10070.394000000,10070.388000000,0.000000000,1.612000000,806,0.800000000,7.674976160,23.607232948,104.408398948,1.695290757,12.147500912,1.000000000
478,history_hotspot_bfs,25632364,512,36,476,346,500,494,32,6.400000000,10072.006000000,9908.566000000,9884.598000000,23.962000000,163.440000000,81720,66.400000000,7.674976160,26.228999802,119.123505052,1.607729605,13.504059874,1.000000000
479,fixed_random_bfs,5291944038,512,24,488,171,500,494,1,0.200000000,10072.006000000,10021.910000000,10021.146000000,0.758000000,50.096000000,25048,19.000000000,7.674976160,26.120948316,117.623962302,1.705370127,13.466763003,1.000000000
480,history_hotspot_bfs,1548540067,512,35,477,347,500,494,20,4.000000000,10072.006000000,9975.924000000,9956.276000000,19.642000000,96.082000000,48041,46.800000000,7.674976160,27.018373030,128.639664150,1.867905027,13.909358284,1.000000000
481,fixed_random_bfs,6535772151,512,27,485,333,500,494,0,0.000000000,10072.006000000,10028.674000000,10028.668000000,0.000000000,43.332000000,21666,14.400000000,7.674976160,27.760100258,120.800726402,1.805873110,14.284507097,1.000000000
482,fixed_random_bfs,13414113694,512,21,491,58,500,494,0,0.000000000,10072.006000000,10066.632000000,10066.626000000,0.000000000,5.374000000,2687,4.000000000,7.674976160,26.708144128,112.865297201,1.416874163,13.767481129,1.000000000
483,spatial_uniform_bfs,12160419133,512,29,483,634,500,494,0,0.000000000,10072.006000000,10065.444000000,10065.438000000,0.000000000,6.562000000,3281,2.400000000,7.674976160,24.502504140,114.962264299,1.384807945,12.605011007,1.000000000
484,fixed_random_bfs,12811273501,512,27,485,510,500,494,0,0.000000000,10072.006000000,10052.466000000,10052.460000000,0.000000000,19.540000000,9770,5.000000000,7.674976160,27.625821152,128.633048199,1.646923198,14.238148699,1.000000000
485,spatial_uniform_bfs,1300651956,512,31,481,727,500,494,0,0.000000000,10072.006000000,10065.166000000,10065.160000000,0.000000000,6.840000000,3420,2.200000000,7.674976160,30.042676788,138.493707899,1.850526841,15.497983380,1.000000000
486,history_hotspot_bfs,2852022761,512,46,466,263,500,494,68,13.600000000,10072.006000000,9895.844000000,9869.506000000,26.332000000,176.162000000,88081,69.200000000,7.674976160,27.038322672,126.617452648,1.966726330,13.893758203,1.000000000
487,fixed_random_bfs,534476383,512,49,463,687,500,494,11,2.200000000,10072.006000000,9951.104000000,9944.780000000,6.318000000,120.902000000,60451,44.600000000,7.674976160,28.104345862,118.126077898,1.739569598,14.488628378,1.000000000
488,fixed_random_bfs,1324733827,512,29,483,730,500,494,1,0.200000000,10072.006000000,10071.128000000,10070.106000000,1.016000000,0.878000000,439,0.400000000,7.674976160,26.487548084,126.614500402,1.715877455,13.641480504,1.000000000
489,history_hotspot_bfs,4455723064,512,32,480,437,500,494,17,3.400000000,10072.006000000,9996.410000000,9979.986000000,16.418000000,75.596000000,37798,31.200000000,7.674976160,30.305301062,135.027209449,1.359313709,15.625385963,1.000000000
490,fixed_random_bfs,3098121121,512,40,472,354,500,494,1,0.200000000,10072.006000000,10044.634000000,10043.724000000,0.904000000,27.372000000,13686,10.000000000,7.674976160,25.764354320,112.658570150,1.030509235,13.255008522,1.000000000
491,history_hotspot_bfs,4498987611,512,38,474,522,500,494,21,4.200000000,10072.006000000,10027.794000000,10012.618000000,15.170000000,44.212000000,22106,17.400000000,7.674976160,26.131454208,117.145324398,1.319616320,13.446101810,1.000000000
492,fixed_random_bfs,8958198523,512,24,488,276,500,494,2,0.400000000,10072.006000000,9989.812000000,9988.030000000,1.776000000,82.194000000,41097,25.000000000,7.674976160,25.544398692,111.621524451,1.290446711,13.143998784,1.000000000
493,fixed_random_bfs,12051483841,512,27,485,488,500,494,0,0.000000000,10072.006000000,10058.318000000,10058.312000000,0.000000000,13.688000000,6844,5.600000000,7.674976160,23.233535798,108.295592099,1.156663180,11.951739003,1.000000000
494,fixed_random_bfs,1520374841,512,23,489,278,500,494,0,0.000000000,10072.006000000,10070.474000000,10070.468000000,0.000000000,1.532000000,766,1.000000000,7.674976160,27.799496846,118.858167100,1.273182628,14.335609263,1.000000000
495,spatial_uniform_bfs,1300652080,512,38,474,1143,500,494,0,0.000000000,10072.006000000,10065.064000000,10065.058000000,0.000000000,6.942000000,3471,2.400000000,7.674976160,26.376752034,110.675065150,1.222070010,13.584370224,1.000000000
496,history_hotspot_bfs,7498428749,512,43,469,648,500,494,19,3.800000000,10072.006000000,9946.380000000,9932.590000000,13.784000000,125.626000000,62813,54.000000000,7.674976160,25.455144188,108.695984001,0.986534471,13.123848260,1.000000000
497,fixed_random_bfs,1322673984,512,29,483,490,500,494,1,0.200000000,10072.006000000,10055.286000000,10055.270000000,0.010000000,16.720000000,8360,4.400000000,7.674976160,27.026310766,124.854564547,1.241199521,13.926351930,1.000000000
498,history_hotspot_bfs,8274135021,512,32,480,479,500,494,8,1.600000000,10072.006000000,10018.080000000,10010.546000000,7.528000000,53.926000000,26963,19.800000000,7.674976160,28.804295686,120.052102002,1.343420209,14.850401774,1.000000000
499,fixed_random_bfs,1295426932,512,32,480,432,500,494,0,0.000000000,10072.006000000,10049.116000000,10049.110000000,0.000000000,22.890000000,11445,7.200000000,7.674976160,24.784658832,105.219015499,1.048013209,12.749089697,1.000000000
500,history_hotspot_bfs,10840321817,512,38,474,287,500,494,34,6.800000000,10072.006000000,9889.418000000,9868.992000000,20.420000000,182.588000000,91294,65.600000000,7.674976160,26.018342770,110.438004499,1.202036777,13.376599186,1.000000000
501,fixed_random_bfs,62890972,512,38,474,618,500,494,0,0.000000000,10072.006000000,10053.604000000,10053.598000000,0.000000000,18.402000000,9201,6.600000000,7.674976160,26.503462276,120.419753750,1.236505477,13.659649433,1.000000000
502,history_hotspot_bfs,11040209527,512,53,459,384,500,494,32,6.400000000,10072.006000000,9901.408000000,9885.484000000,15.918000000,170.598000000,85299,71.400000000,7.674976160,29.674086980,144.819919798,1.399587003,15.308239832,1.000000000
503,fixed_random_bfs,9920608214,512,21,491,165,500,494,0,0.000000000,10072.006000000,10050.566000000,10050.560000000,0.000000000,21.440000000,10720,4.600000000,7.674976160,26.739992654,123.523980999,1.185531500,13.782417166,1.000000000
504,fixed_random_bfs,1322625918,512,21,491,362,500,494,0,0.000000000,10072.006000000,10059.978000000,10059.972000000,0.000000000,12.028000000,6014,3.800000000,7.674976160,26.982622260,126.512441750,1.431622206,13.918055235,1.000000000
505,fixed_random_bfs,13012333814,512,30,482,260,500,494,1,0.200000000,10072.006000000,10038.024000000,10037.208000000,0.810000000,33.982000000,16991,17.000000000,7.674976160,26.318681426,121.884980550,1.535038354,13.566862966,1.000000000
506,fixed_random_bfs,1328039949,512,31,481,426,500,494,1,0.200000000,10072.006000000,10063.930000000,10062.982000000,0.942000000,8.076000000,4038,3.800000000,7.674976160,26.632174888,123.766599600,1.300908533,13.732198670,1.000000000
507,spatial_uniform_bfs,1263990851,512,30,482,841,500,494,0,0.000000000,10072.006000000,10065.272000000,10065.266000000,0.000000000,6.734000000,3367,2.800000000,7.674976160,29.016718644,129.356433852,1.876382014,14.972316632,1.000000000
508,history_hotspot_bfs,974882842,512,51,461,372,500,494,33,6.600000000,10072.006000000,9905.242000000,9887.168000000,18.068000000,166.764000000,83382,70.000000000,7.674976160,24.553929538,112.858421753,1.495880992,12.627049269,1.000000000
509,fixed_random_bfs,10704407724,512,23,489,205,500,494,1,0.200000000,10072.006000000,10060.752000000,10059.844000000,0.902000000,11.254000000,5627,5.000000000,7.674976160,28.967164326,129.666407397,1.759637315,14.949382055,1.000000000
510,fixed_random_bfs,1132441934,512,43,469,1069,500,494,0,0.000000000,10072.006000000,10049.400000000,10049.394000000,0.000000000,22.606000000,11303,8.800000000,7.674976160,28.096693288,116.043620199,1.266413693,14.504322331,1.000000000
511,fixed_random_bfs,432874403,512,31,481,543,500,494,4,0.800000000,10072.006000000,10021.094000000,10017.204000000,3.884000000,50.912000000,25456,15.000000000,7.674976160,25.691864328,109.353824449,1.512451658,13.239179452,1.000000000
512,history_hotspot_bfs,2245786927,512,35,477,233,500,494,105,21.000000000,10072.006000000,9908.458000000,9854.908000000,53.544000000,163.548000000,81774,65.200000000,7.674976160,28.493565946,124.199847303,1.912503414,14.624685091,1.000000000
513,fixed_random_bfs,12055134941,512,24,488,150,500,494,0,0.000000000,10072.006000000,10060.202000000,10060.196000000,0.000000000,11.804000000,5902,4.400000000,7.674976160,28.413001826,129.999747750,1.353244288,14.637260155,1.000000000
514,history_hotspot_bfs,2414401910,512,53,459,319,500,494,80,16.000000000,10072.006000000,9913.694000000,9885.920000000,27.768000000,158.312000000,79156,70.600000000,7.674976160,23.186110090,104.050644002,1.680716505,11.895522994,1.000000000
515,fixed_random_bfs,5277793605,512,22,490,251,500,494,7,1.400000000,10072.006000000,10000.426000000,9993.916000000,6.504000000,71.580000000,35790,27.200000000,7.674976160,29.967992116,132.338046450,1.763256809,15.471384373,1.000000000
516,fixed_random_bfs,279907485,512,23,489,85,500,494,1,0.200000000,10072.006000000,10053.698000000,10053.076000000,0.616000000,18.308000000,9154,5.200000000,7.674976160,26.478510352,114.807703099,1.348330109,13.644309647,1.000000000
517,fixed_random_bfs,11470160441,512,32,480,151,500,494,1,0.200000000,10072.006000000,10057.664000000,10057.132000000,0.526000000,14.342000000,7171,6.000000000,7.674976160,26.146072916,119.216385499,1.660939134,13.464925177,1.000000000
518,history_hotspot_bfs,3992982895,512,36,476,267,500,494,107,21.400000000,10072.006000000,9914.494000000,9854.160000000,60.328000000,157.512000000,78756,61.800000000,7.674976160,24.519328736,108.407206502,1.771919488,12.555423286,1.000000000
519,fixed_random_bfs,1640849736,512,31,481,445,500,494,0,0.000000000,10072.006000000,10069.124000000,10069.118000000,0.000000000,2.882000000,1441,1.000000000,7.674976160,25.941945818,122.784807700,1.810502396,13.362035114,1.000000000
520,spatial_uniform_bfs,11358714971,512,25,487,576,500,494,0,0.000000000,10072.006000000,10064.640000000,10064.634000000,0.000000000,7.366000000,3683,3.000000000,7.674976160,28.090287942,124.380170300,1.792275116,14.497934207,1.000000000
521,history_hotspot_bfs,4567051364,512,29,483,371,500,494,17,3.400000000,10072.006000000,10014.978000000,10000.812000000,14.160000000,57.028000000,28514,18.600000000,7.674976160,27.603436034,129.617201653,1.447845802,14.208761301,1.000000000
522,fixed_random_bfs,1148228632,512,32,480,844,500,494,0,0.000000000,10072.006000000,10061.800000000,10061.794000000,0.000000000,10.206000000,5103,4.400000000,7.674976160,26.123694884,120.150565151,1.691326684,13.458062032,1.000000000
523,history_hotspot_bfs,5279422236,512,45,467,382,500,494,45,9.000000000,10072.006000000,9916.834000000,9892.970000000,23.858000000,155.172000000,77586,62.600000000,7.674976160,25.092433024,108.869767997,1.141501907,12.904071322,1.000000000
524,fixed_random_bfs,8274134963,512,26,486,368,500,494,9,1.800000000,10072.006000000,10012.744000000,10003.890000000,8.848000000,59.262000000,29631,20.200000000,7.674976160,26.955986026,115.577243450,1.188281003,13.886109680,1.000000000
525,fixed_random_bfs,1322703518,512,23,489,328,500,494,1,0.200000000,10072.006000000,10056.134000000,10055.132000000,0.996000000,15.872000000,7936,4.600000000,7.674976160,24.061324272,113.872382303,0.940839723,12.381914618,1.000000000
526,fixed_random_bfs,1148227984,512,31,481,593,500,494,0,0.000000000,10072.006000000,10059.902000000,10059.896000000,0.000000000,12.104000000,6052,5.000000000,7.674976160,27.293112930,112.503900050,1.295842201,14.072071643,1.000000000
527,history_hotspot_bfs,5865166001,512,50,462,661,500,494,29,5.800000000,10072.006000000,9917.176000000,9903.214000000,13.956000000,154.830000000,77415,63.200000000,7.674976160,28.507458774,113.606139448,1.372964041,14.707024891,1.000000000
528,fixed_random_bfs,1328045023,512,31,481,790,500,494,0,0.000000000,10072.006000000,10064.002000000,10063.996000000,0.000000000,8.004000000,4002,3.000000000,7.674976160,26.584900646,121.317686249,0.919291599,13.732809580,1.000000000
529,history_hotspot_bfs,5902247588,512,30,482,256,500,494,35,7.000000000,10072.006000000,9903.088000000,9883.862000000,19.220000000,168.918000000,84459,66.800000000,7.674976160,26.080623118,125.229050552,1.215755231,13.430597050,1.000000000
530,fixed_random_bfs,1323004998,512,24,488,334,500,494,0,0.000000000,10072.006000000,10064.826000000,10064.820000000,0.000000000,7.180000000,3590,2.800000000,7.674976160,31.225517900,142.445148751,1.308850187,16.125022912,1.000000000
531,spatial_uniform_bfs,1263990596,512,30,482,813,500,494,0,0.000000000,10072.006000000,10064.534000000,10064.528000000,0.000000000,7.472000000,3736,3.000000000,7.674976160,24.242600122,107.271304999,1.161825725,12.465167334,1.000000000
532,fixed_random_bfs,4501342445,512,36,476,653,500,494,0,0.000000000,10072.006000000,10024.164000000,10024.158000000,0.000000000,47.842000000,23921,15.000000000,7.674976160,31.185190662,136.917257402,1.338244519,16.118991099,1.000000000
533,fixed_random_bfs,3736054911,512,20,492,74,500,494,2,0.400000000,10072.006000000,10045.120000000,10043.500000000,1.614000000,26.886000000,13443,11.400000000,7.674976160,26.372901866,121.173536800,1.201594079,13.596718649,1.000000000
534,fixed_random_bfs,4757473093,512,14,498,182,500,494,0,0.000000000,10072.006000000,10070.012000000,10070.006000000,0.000000000,1.994000000,997,0.600000000,7.674976160,25.770473826,112.742195051,0.973631607,13.282305111,1.000000000
535,fixed_random_bfs,1183683996,512,30,482,629,500,494,0,0.000000000,10072.006000000,10068.386000000,10068.380000000,0.000000000,3.620000000,1810,0.800000000,7.674976160,26.424869402,122.789123649,2.051979601,13.604355357,1.000000000
536,fixed_random_bfs,12738892292,512,34,478,633,500,494,0,0.000000000,10072.006000000,10070.708000000,10070.702000000,0.000000000,1.298000000,649,0.800000000,7.674976160,26.436864360,118.158829001,1.248854873,13.634607798,1.000000000
537,spatial_uniform_bfs,8289644875,512,22,490,345,500,494,0,0.000000000,10072.006000000,10064.460000000,10064.454000000,0.000000000,7.546000000,3773,2.600000000,7.674976160,26.514525640,122.636413350,1.241967097,13.659660220,1.000000000
538,history_hotspot_bfs,12455973455,512,54,458,1215,500,494,22,4.400000000,10072.006000000,9947.792000000,9928.080000000,19.706000000,124.214000000,62107,55.600000000,7.674976160,26.694678126,125.412357999,1.741868151,13.748411606,1.000000000
539,fixed_random_bfs,1586188069,512,41,471,1164,500,494,0,0.000000000,10072.006000000,10066.560000000,10066.554000000,0.000000000,5.446000000,2723,2.000000000,7.674976160,23.809730456,100.878604401,1.134876971,12.263839407,1.000000000
540,fixed_random_bfs,1322955453,512,28,484,457,500,494,0,0.000000000,10072.006000000,10056.728000000,10056.722000000,0.000000000,15.278000000,7639,4.600000000,7.674976160,23.709985834,116.391850750,1.379593378,12.208701729,1.000000000
541,fixed_random_bfs,5291836415,512,32,480,270,500,494,17,3.400000000,10072.006000000,9966.882000000,9951.338000000,15.538000000,105.124000000,52562,47.800000000,7.674976160,28.594679130,117.187123600,1.623062894,14.751369694,1.000000000
542,fixed_random_bfs,4464130481,512,44,468,436,500,494,14,2.800000000,10072.006000000,9982.796000000,9974.052000000,8.738000000,89.210000000,44605,35.000000000,7.674976160,25.221602106,111.026563351,1.690885299,12.966592021,1.000000000
543,fixed_random_bfs,10832272086,512,32,480,239,500,494,3,0.600000000,10072.006000000,10036.878000000,10034.586000000,2.286000000,35.128000000,17564,13.800000000,7.674976160,26.381612260,119.311954100,1.641352568,13.599986173,1.000000000
544,history_hotspot_bfs,122432566,512,43,469,382,500,494,30,6.000000000,10072.006000000,9930.428000000,9912.234000000,18.188000000,141.578000000,70789,50.600000000,7.674976160,30.547515458,142.976359300,1.774184914,15.746002980,1.000000000
545,fixed_random_bfs,5337811386,512,39,473,554,500,494,5,1.000000000,10072.006000000,10020.824000000,10017.504000000,3.314000000,51.182000000,25591,24.200000000,7.674976160,27.220937648,123.703404447,1.674921406,14.036498426,1.000000000
546,fixed_random_bfs,8445784733,512,27,485,169,500,494,0,0.000000000,10072.006000000,10046.430000000,10046.424000000,0.000000000,25.576000000,12788,11.000000000,7.674976160,24.479466234,108.842365498,1.367706243,12.617704892,1.000000000
547,spatial_uniform_bfs,1148227838,512,31,481,573,500,494,0,0.000000000,10072.006000000,10064.580000000,10064.574000000,0.000000000,7.426000000,3713,2.800000000,7.674976160,30.700520044,139.884797902,1.817992237,15.852665693,1.000000000
548,fixed_random_bfs,4501342485,512,24,488,552,500,494,0,0.000000000,10072.006000000,10054.180000000,10054.174000000,0.000000000,17.826000000,8913,8.800000000,7.674976160,26.573824290,117.452632600,1.701377512,13.692743962,1.000000000
549,fixed_random_bfs,4495041707,512,39,473,860,500,494,0,0.000000000,10072.006000000,10049.692000000,10049.686000000,0.000000000,22.314000000,11157,9.800000000,7.674976160,26.748515666,122.834081952,1.656285498,13.780959949,1.000000000
550,history_hotspot_bfs,1143318145,512,34,478,211,500,494,34,6.800000000,10072.006000000,10003.882000000,9975.044000000,28.832000000,68.124000000,34062,38.200000000,7.674976160,26.543549910,124.730190251,1.884702452,13.654869552,1.000000000
551,fixed_random_bfs,1131292024,512,37,475,305,500,494,0,0.000000000,10072.006000000,10037.254000000,10037.248000000,0.000000000,34.752000000,17376,13.400000000,7.674976160,26.433296316,121.896327548,1.880240993,13.616638435,1.000000000
552,fixed_random_bfs,1190291603,512,18,494,139,500,494,0,0.000000000,10072.006000000,10051.508000000,10051.502000000,0.000000000,20.498000000,10249,5.200000000,7.674976160,30.560289376,136.526536301,1.991984359,15.775820308,1.000000000
553,history_hotspot_bfs,2516156959,512,18,494,128,500,494,33,6.600000000,10072.006000000,9936.028000000,9911.818000000,24.204000000,135.978000000,67989,54.200000000,7.674976160,24.057403332,107.811330249,1.134052753,12.362771004,1.000000000
554,fixed_random_bfs,5297746056,512,33,479,421,500,494,16,3.200000000,10072.006000000,9966.490000000,9954.860000000,11.624000000,105.516000000,52758,34.000000000,7.674976160,26.353625096,122.452871997,1.772902702,13.561762673,1.000000000
555,fixed_random_bfs,1520365923,512,28,484,557,500,494,0,0.000000000,10072.006000000,10068.010000000,10068.004000000,0.000000000,3.996000000,1998,2.000000000,7.674976160,26.743730788,113.426415950,1.225624915,13.782677353,1.000000000
556,fixed_random_bfs,10137983255,512,39,473,960,500,494,0,0.000000000,10072.006000000,10069.240000000,10069.234000000,0.000000000,2.766000000,1383,1.000000000,7.674976160,26.776698748,124.619374450,1.241013655,13.798735260,1.000000000
557,history_hotspot_bfs,5284385983,512,32,480,243,500,494,34,6.800000000,10072.006000000,9901.310000000,9885.838000000,15.466000000,170.696000000,85348,69.200000000,7.674976160,24.317345942,105.951056198,1.314254100,12.510595251,1.000000000
558,fixed_random_bfs,1534488076,512,38,474,130,500,494,0,0.000000000,10072.006000000,10055.538000000,10055.532000000,0.000000000,16.468000000,8234,7.000000000,7.674976160,25.967971310,114.323856898,0.928650018,13.388985756,1.000000000
559,fixed_random_bfs,1731169514,512,28,484,427,500,494,1,0.200000000,10072.006000000,10007.828000000,10006.836000000,0.986000000,64.178000000,32089,22.800000000,7.674976160,26.729292040,127.147615349,1.201837778,13.772458122,1.000000000
560,history_hotspot_bfs,8001483701,512,37,475,246,500,494,24,4.800000000,10072.006000000,9900.850000000,9889.900000000,10.944000000,171.156000000,85578,67.600000000,7.674976160,27.022359752,116.516684647,1.003925713,13.924882086,1.000000000
561,fixed_random_bfs,1654560453,512,31,481,537,500,494,0,0.000000000,10072.006000000,10031.286000000,10031.280000000,0.000000000,40.720000000,20360,13.400000000,7.674976160,27.590716988,131.838900150,1.314701156,14.235117529,1.000000000
562,history_hotspot_bfs,9321127087,512,37,475,282,500,494,44,8.800000000,10072.006000000,9924.188000000,9900.734000000,23.448000000,147.818000000,73909,54.200000000,7.674976160,28.093649402,130.744401052,1.211829909,14.467566294,1.000000000
563,history_hotspot_bfs,10914702361,512,35,477,279,500,494,75,15.000000000,10072.006000000,9908.134000000,9856.672000000,51.456000000,163.872000000,81936,62.000000000,7.674976160,26.851327084,126.431775951,1.234891571,13.798283041,1.000000000
564,fixed_random_bfs,4456681818,512,35,477,192,500,494,0,0.000000000,10072.006000000,10063.318000000,10063.312000000,0.000000000,8.688000000,4344,14.400000000,7.674976160,26.997565176,128.047828702,1.244340637,13.912531342,1.000000000
565,fixed_random_bfs,5413401448,512,43,469,1100,500,494,5,1.000000000,10072.006000000,10018.920000000,10014.262000000,4.652000000,53.086000000,26543,21.200000000,7.674976160,28.790158218,117.891708848,1.538431921,14.861233433,1.000000000
566,history_hotspot_bfs,12086138909,512,37,475,517,500,494,31,6.200000000,10072.006000000,9930.582000000,9916.810000000,13.766000000,141.424000000,70712,53.200000000,7.674976160,24.722090244,110.989053000,1.434405131,12.696695582,1.000000000
567,fixed_random_bfs,7678759693,512,33,479,796,500,494,0,0.000000000,10072.006000000,10065.162000000,10065.156000000,0.000000000,6.844000000,3422,2.600000000,7.674976160,27.354822382,129.632104300,1.315952604,14.103437787,1.000000000
568,fixed_random_bfs,497334239,512,30,482,397,500,494,5,1.000000000,10072.006000000,9988.662000000,9984.956000000,3.700000000,83.344000000,41672,24.600000000,7.674976160,31.014029478,149.139393251,1.325615403,16.010902775,1.000000000
569,fixed_random_bfs,4718388084,512,39,473,587,500,494,10,2.000000000,10072.006000000,9982.508000000,9977.318000000,5.184000000,89.498000000,44749,33.800000000,7.674976160,26.638212388,121.068979200,1.704206416,13.721557860,1.000000000
570,fixed_random_bfs,5296143935,512,30,482,651,500,494,0,0.000000000,10072.006000000,10054.018000000,10054.012000000,0.000000000,17.988000000,8994,6.200000000,7.674976160,27.158659824,124.023405449,1.253061648,14.001550750,1.000000000
571,history_hotspot_bfs,111459764,512,37,475,420,500,494,13,2.600000000,10072.006000000,9960.120000000,9949.424000000,10.690000000,111.886000000,55943,50.600000000,7.674976160,26.861356614,124.410020798,1.670698474,13.834259130,1.000000000
572,fixed_random_bfs,13414122093,512,20,492,86,500,494,0,0.000000000,10072.006000000,10071.724000000,10071.718000000,0.000000000,0.282000000,141,0.400000000,7.674976160,26.670256604,118.904412000,1.017461714,13.749352240,1.000000000
573,fixed_random_bfs,4000897111,512,23,489,259,500,494,0,0.000000000,10072.006000000,10051.874000000,10051.868000000,0.000000000,20.132000000,10066,6.000000000,7.674976160,27.610282588,119.818563752,1.673474514,14.238532795,1.000000000
574,spatial_uniform_bfs,1148143857,512,35,477,696,500,494,0,0.000000000,10072.006000000,10064.714000000,10064.708000000,0.000000000,7.292000000,3646,2.800000000,7.674976160,26.708099302,123.963092400,1.715273459,13.753596859,1.000000000
575,fixed_random_bfs,480346404,512,27,485,466,500,494,3,0.600000000,10072.006000000,9978.512000000,9975.606000000,2.900000000,93.494000000,46747,27.200000000,7.674976160,26.801313354,124.128005249,1.677523250,13.811749330,1.000000000
576,history_hotspot_bfs,473873465,512,33,479,185,500,494,24,4.800000000,10072.006000000,9901.608000000,9886.252000000,15.350000000,170.398000000,85199,64.400000000,7.674976160,22.987905392,100.576906251,1.345515094,11.817788001,1.000000000
577,fixed_random_bfs,295526664,512,10,502,65,500,494,0,0.000000000,10072.006000000,10053.228000000,10053.222000000,0.000000000,18.778000000,9389,4.600000000,7.674976160,29.655881242,145.107693702,1.297298449,15.305974341,1.000000000
578,fixed_random_bfs,4488861385,512,25,487,510,500,494,0,0.000000000,10072.006000000,10059.426000000,10059.420000000,0.000000000,12.580000000,6290,5.000000000,7.674976160,31.456571278,140.210209801,1.687036160,16.248020117,1.000000000
579,spatial_uniform_bfs,1148143474,512,35,477,858,500,494,0,0.000000000,10072.006000000,10064.584000000,10064.578000000,0.000000000,7.422000000,3711,3.200000000,7.674976160,26.423944940,120.678345700,1.696848700,13.621531037,1.000000000
580,fixed_random_bfs,1676348356,512,31,481,495,500,494,0,0.000000000,10072.006000000,10064.898000000,10064.892000000,0.000000000,7.108000000,3554,2.800000000,7.674976160,26.899943180,121.337058601,1.701528088,13.855604343,1.000000000
581,fixed_random_bfs,13943035813,512,30,482,322,500,494,0,0.000000000,10072.006000000,10050.702000000,10050.696000000,0.000000000,21.304000000,10652,4.600000000,7.674976160,23.868220052,110.348705848,1.418833297,12.291183308,1.000000000
582,history_hotspot_bfs,1866347344,512,45,467,522,500,494,27,5.400000000,10072.006000000,9940.190000000,9922.862000000,17.322000000,131.816000000,65908,51.400000000,7.674976160,31.455572832,144.689599899,1.364072172,16.234456202,1.000000000
583,spatial_uniform_bfs,1148227992,512,32,480,738,500,494,0,0.000000000,10072.006000000,10064.226000000,10064.220000000,0.000000000,7.780000000,3890,3.400000000,7.674976160,24.768812490,108.673356447,1.500959878,12.752246504,1.000000000
584,fixed_random_bfs,13153050614,512,41,471,320,500,494,8,1.600000000,10072.006000000,9982.766000000,9977.452000000,5.308000000,89.240000000,44620,45.000000000,7.674976160,26.692038300,127.438327351,1.289948780,13.738113051,1.000000000
585,fixed_random_bfs,1204987916,512,17,495,95,500,494,0,0.000000000,10072.006000000,10051.164000000,10051.158000000,0.000000000,20.842000000,10421,4.600000000,7.674976160,27.232773860,128.098906002,1.733588679,14.032518352,1.000000000
586,fixed_random_bfs,1142607433,512,20,492,290,500,494,0,0.000000000,10072.006000000,10053.706000000,10053.700000000,0.000000000,18.300000000,9150,5.400000000,7.674976160,26.780979852,125.991505101,1.235647430,13.794973729,1.000000000
587,history_hotspot_bfs,4452315941,512,47,465,754,500,494,17,3.400000000,10072.006000000,9955.826000000,9941.238000000,14.582000000,116.180000000,58090,52.800000000,7.674976160,29.482509466,135.260748400,1.808064889,15.200041013,1.000000000
588,fixed_random_bfs,1518843190,512,18,494,210,500,494,0,0.000000000,10072.006000000,10070.970000000,10070.964000000,0.000000000,1.036000000,518,0.600000000,7.674976160,26.915749242,125.436093597,1.680142510,13.863975235,1.000000000
589,spatial_uniform_bfs,1145535965,512,27,485,470,500,494,0,0.000000000,10072.006000000,10064.016000000,10064.010000000,0.000000000,7.990000000,3995,3.000000000,7.674976160,27.242056934,127.530547950,1.238327107,14.038161723,1.000000000
590,fixed_random_bfs,5264509361,512,37,475,419,500,494,0,0.000000000,10072.006000000,10049.100000000,10049.094000000,0.000000000,22.906000000,11453,7.000000000,7.674976160,23.150106374,105.494919950,1.117739532,11.915590680,1.000000000
591,spatial_uniform_bfs,1145535973,512,34,478,872,500,494,0,0.000000000,10072.006000000,10063.682000000,10063.676000000,0.000000000,8.324000000,4162,3.400000000,7.674976160,28.013794650,112.996880598,0.955674246,14.449472291,1.000000000
592,fixed_random_bfs,2880479516,512,30,482,275,500,494,3,0.600000000,10072.006000000,10022.118000000,10020.436000000,1.676000000,49.888000000,24944,19.200000000,7.674976160,26.747779300,129.713957198,1.194396728,13.779350098,1.000000000
593,history_hotspot_bfs,7892887309,512,30,482,274,500,494,0,0.000000000,10072.006000000,10028.186000000,10028.180000000,0.000000000,43.820000000,21910,16.400000000,7.674976160,29.743150150,133.380001700,1.040080819,15.356788707,1.000000000
594,fixed_random_bfs,4561990368,512,26,486,509,500,494,0,0.000000000,10072.006000000,10067.384000000,10067.378000000,0.000000000,4.622000000,2311,2.200000000,7.674976160,25.026584992,118.318743697,1.028446692,12.866178004,1.000000000
595,history_hotspot_bfs,8273973049,512,28,484,286,500,494,2,0.400000000,10072.006000000,10033.118000000,10031.490000000,1.622000000,38.888000000,19444,17.400000000,7.674976160,26.542601290,117.182707302,1.218540405,13.683916941,1.000000000
596,fixed_random_bfs,663689247,512,27,485,333,500,494,1,0.200000000,10072.006000000,10042.376000000,10041.574000000,0.796000000,29.630000000,14815,12.000000000,7.674976160,26.601457366,118.917764800,1.266848749,13.715052818,1.000000000
597,history_hotspot_bfs,8341803235,512,44,468,607,500,494,11,2.200000000,10072.006000000,10003.960000000,9994.882000000,9.072000000,68.046000000,34023,28.200000000,7.674976160,30.900916538,154.385503800,1.403981449,15.939475419,1.000000000
598,fixed_random_bfs,11500609455,512,35,477,339,500,494,8,1.600000000,10072.006000000,9980.264000000,9976.860000000,3.398000000,91.742000000,45871,35.200000000,7.674976160,24.595352544,116.824984600,1.063574465,12.662135109,1.000000000
599,fixed_random_bfs,4068484663,512,15,497,65,500,494,0,0.000000000,10072.006000000,10058.486000000,10058.480000000,0.000000000,13.520000000,6760,4.200000000,7.674976160,26.604164718,122.465103399,1.721096418,13.709419433,1.000000000
600,history_hotspot_bfs,10914247485,512,42,470,719,500,494,25,5.000000000,10072.006000000,9936.128000000,9912.790000000,23.332000000,135.878000000,67939,56.600000000,7.674976160,26.897360632,125.432858352,1.742106839,13.856393991,1.000000000
601,fixed_random_bfs,1193621333,512,26,486,531,500,494,0,0.000000000,10072.006000000,10058.190000000,10058.184000000,0.000000000,13.816000000,6908,4.200000000,7.674976160,26.918135866,127.753886549,1.289313177,13.875674585,1.000000000
602,history_hotspot_bfs,10916713066,512,45,467,378,500,494,27,5.400000000,10072.006000000,9912.510000000,9898.108000000,14.396000000,159.496000000,79748,62.600000000,7.674976160,28.836583202,130.704471448,1.897097092,14.874609651,1.000000000
603,fixed_random_bfs,13012263181,512,38,474,358,500,494,5,1.000000000,10072.006000000,9991.134000000,9988.948000000,2.180000000,80.872000000,40436,31.400000000,7.674976160,26.166964944,112.008460448,1.367771325,13.491920985,1.000000000
604,history_hotspot_bfs,11392901868,512,31,481,292,500,494,58,11.600000000,10072.006000000,9913.848000000,9881.834000000,32.008000000,158.158000000,79079,56.200000000,7.674976160,26.500298074,124.473303353,1.223399335,13.624289148,1.000000000
605,fixed_random_bfs,1126333925,512,32,480,605,500,494,0,0.000000000,10072.006000000,10047.000000000,10046.994000000,0.000000000,25.006000000,12503,8.600000000,7.674976160,29.357639896,127.449921901,1.682445988,15.155760124,1.000000000
606,history_hotspot_bfs,13034312908,512,39,473,512,500,494,10,2.000000000,10072.006000000,10008.288000000,10001.370000000,6.912000000,63.718000000,31859,23.400000000,7.674976160,23.041786096,107.743719250,0.964971831,11.846875488,1.000000000
607,fixed_random_bfs,1296455191,512,30,482,731,500,494,3,0.600000000,10072.006000000,9969.126000000,9966.156000000,2.964000000,102.880000000,51440,29.200000000,7.674976160,25.887515634,110.890400699,1.771659508,13.329128854,1.000000000
608,history_hotspot_bfs,13510322646,512,29,483,185,500,494,100,20.000000000,10072.006000000,9927.612000000,9848.738000000,78.868000000,144.394000000,72197,58.600000000,7.674976160,26.380098178,122.638241151,1.645691322,13.532177581,1.000000000
609,fixed_random_bfs,13576410815,512,18,494,227,500,494,0,0.000000000,10072.006000000,10053.228000000,10053.222000000,0.000000000,18.778000000,9389,6.200000000,7.674976160,24.350044378,111.825558702,1.348972712,12.535834045,1.000000000
610,fixed_random_bfs,1148143865,512,25,487,508,500,494,0,0.000000000,10072.006000000,10046.512000000,10046.506000000,0.000000000,25.494000000,12747,7.200000000,7.674976160,31.014349766,145.792307400,1.924627457,16.020511123,1.000000000
611,fixed_random_bfs,4587696995,512,23,489,191,500,494,3,0.600000000,10072.006000000,10054.494000000,10051.866000000,2.622000000,17.512000000,8756,6.200000000,7.674976160,28.506657954,132.595080052,1.801427613,14.700496138,1.000000000
612,fixed_random_bfs,2854186076,512,29,483,513,500,494,1,0.200000000,10072.006000000,10050.660000000,10049.706000000,0.948000000,21.346000000,10673,4.800000000,7.674976160,23.802265092,102.928458749,1.584426887,12.238952186,1.000000000
613,fixed_random_bfs,1395617281,512,20,492,203,500,494,0,0.000000000,10072.006000000,10036.984000000,10036.978000000,0.000000000,35.022000000,17511,13.200000000,7.674976160,26.207448130,122.238269651,1.670985303,13.510406147,1.000000000
614,spatial_uniform_bfs,1148228554,512,28,484,535,500,494,0,0.000000000,10072.006000000,10063.906000000,10063.900000000,0.000000000,8.100000000,4050,3.200000000,7.674976160,26.468546132,123.337375398,1.302785894,13.645378141,1.000000000
615,fixed_random_bfs,2896364544,512,27,485,284,500,494,0,0.000000000,10072.006000000,10050.900000000,10050.894000000,0.000000000,21.106000000,10553,4.600000000,7.674976160,26.297151560,122.958588102,1.828337534,13.550708027,1.000000000
616,history_hotspot_bfs,2250812531,512,39,473,353,500,494,26,5.200000000,10072.006000000,9894.516000000,9876.104000000,18.406000000,177.490000000,88745,65.600000000,7.674976160,26.210033792,120.860400801,1.807172061,13.501927133,1.000000000
617,fixed_random_bfs,11248751221,512,28,484,514,500,494,0,0.000000000,10072.006000000,10060.912000000,10060.906000000,0.000000000,11.094000000,5547,3.600000000,7.674976160,26.422730200,120.973811052,1.318975342,13.614780861,1.000000000
618,spatial_uniform_bfs,1163403127,512,34,478,964,500,494,0,0.000000000,10072.006000000,10062.864000000,10062.858000000,0.000000000,9.142000000,4571,4.200000000,7.674976160,31.377209306,145.749422151,1.741316296,16.206274195,1.000000000
619,fixed_random_bfs,12068666305,512,35,477,875,500,494,0,0.000000000,10072.006000000,10062.886000000,10062.880000000,0.000000000,9.120000000,4560,2.800000000,7.674976160,26.903166062,122.592031249,1.406397446,13.856383573,1.000000000
620,fixed_random_bfs,1587152803,512,20,492,246,500,494,0,0.000000000,10072.006000000,10071.022000000,10071.016000000,0.000000000,0.984000000,492,0.200000000,7.674976160,26.492846890,122.314398402,1.681404733,13.656561127,1.000000000
621,fixed_random_bfs,4412388681,512,40,472,746,500,494,0,0.000000000,10072.006000000,10045.672000000,10045.666000000,0.000000000,26.334000000,13167,8.800000000,7.674976160,22.943356286,106.823750903,0.994093366,11.795282008,1.000000000
622,fixed_random_bfs,3846226753,512,33,479,447,500,494,3,0.600000000,10072.006000000,10066.858000000,10065.088000000,1.764000000,5.148000000,2574,2.000000000,7.674976160,27.554178190,127.285552502,1.309532393,14.187039801,1.000000000
623,history_hotspot_bfs,3993126454,512,42,470,379,500,494,107,21.400000000,10072.006000000,9933.904000000,9856.630000000,77.268000000,138.102000000,69051,59.200000000,7.674976160,31.155225514,144.079015898,1.001806600,15.988673414,1.000000000
624,fixed_random_bfs,3162256068,512,50,462,519,500,494,31,6.200000000,10072.006000000,9931.788000000,9911.188000000,20.594000000,140.218000000,70109,60.400000000,7.674976160,26.231043924,121.990704801,1.178578859,13.511751502,1.000000000
625,fixed_random_bfs,4000877979,512,30,482,427,500,494,0,0.000000000,10072.006000000,10067.016000000,10067.010000000,0.000000000,4.990000000,2495,6.600000000,7.674976160,22.899590290,101.079994551,0.947035957,11.777890912,1.000000000
626,fixed_random_bfs,4503189154,512,21,491,309,500,494,0,0.000000000,10072.006000000,10022.158000000,10022.152000000,0.000000000,49.848000000,24924,13.600000000,7.674976160,25.125146686,109.273768599,1.085545489,12.928260185,1.000000000
627,fixed_random_bfs,1322206892,512,21,491,231,500,494,0,0.000000000,10072.006000000,10063.332000000,10063.326000000,0.000000000,8.674000000,4337,3.600000000,7.674976160,26.691346182,124.605179399,1.213808034,13.760604204,1.000000000
628,fixed_random_bfs,4297946731,512,33,479,225,500,494,0,0.000000000,10072.006000000,9980.256000000,9980.250000000,0.000000000,91.750000000,45875,40.400000000,7.674976160,31.230123272,141.845914501,1.279830233,16.136323321,1.000000000
629,history_hotspot_bfs,7118195792,512,54,458,577,500,494,61,12.200000000,10072.006000000,9899.364000000,9860.176000000,39.182000000,172.642000000,86321,65.400000000,7.674976160,25.262031592,111.113586351,1.387277446,12.971526299,1.000000000
630,fixed_random_bfs,5369088184,512,18,494,129,500,494,0,0.000000000,10072.006000000,10057.166000000,10057.160000000,0.000000000,14.840000000,7420,4.400000000,7.674976160,26.664327444,121.955410049,1.752725225,13.741751380,1.000000000
631,history_hotspot_bfs,7990276400,512,43,469,1165,500,494,4,0.800000000,10072.006000000,9995.076000000,9991.136000000,3.934000000,76.930000000,38465,27.400000000,7.674976160,26.751210828,117.463812001,1.341873647,13.773243122,1.000000000
632,fixed_random_bfs,12459441528,512,43,469,272,500,494,0,0.000000000,10072.006000000,10038.426000000,10038.420000000,0.000000000,33.580000000,16790,12.400000000,7.674976160,27.051168028,123.401810551,1.563608191,13.951845051,1.000000000
633,fixed_random_bfs,13155095175,512,46,466,660,500,494,19,3.800000000,10072.006000000,9968.538000000,9949.590000000,18.942000000,103.468000000,51734,48.000000000,7.674976160,26.905531186,125.374576401,1.767309606,13.851131680,1.000000000
634,fixed_random_bfs,1322649848,512,27,485,447,500,494,0,0.000000000,10072.006000000,10059.168000000,10059.162000000,0.000000000,12.838000000,6419,3.600000000,7.674976160,26.759269412,121.544156400,1.291336537,13.789553162,1.000000000
635,spatial_uniform_bfs,1145564793,512,35,477,997,500,494,0,0.000000000,10072.006000000,10064.506000000,10064.500000000,0.000000000,7.500000000,3750,3.200000000,7.674976160,25.656967798,109.933471648,1.427231297,13.227438400,1.000000000
636,history_hotspot_bfs,10914247475,512,52,460,503,500,494,25,5.000000000,10072.006000000,9918.150000000,9909.170000000,8.974000000,153.856000000,76928,62.600000000,7.674976160,26.455757396,121.562247449,1.241297593,13.617094600,1.000000000
637,history_hotspot_bfs,11397043884,512,42,470,582,500,494,2,0.400000000,10072.006000000,10034.796000000,10033.152000000,1.638000000,37.210000000,18605,14.000000000,7.674976160,31.409798106,145.148169200,1.303968342,16.236543046,1.000000000
638,fixed_random_bfs,1323016185,512,34,478,994,500,494,1,0.200000000,10072.006000000,10070.918000000,10069.894000000,1.018000000,1.088000000,544,0.400000000,7.674976160,23.416891616,109.968487453,1.744051809,12.051965884,1.000000000
639,fixed_random_bfs,1182447893,512,34,478,684,500,494,0,0.000000000,10072.006000000,10070.632000000,10070.626000000,0.000000000,1.374000000,687,0.400000000,7.674976160,26.307100638,128.064355647,1.370273225,13.558739886,1.000000000
640,history_hotspot_bfs,12456007327,512,49,463,722,500,494,28,5.600000000,10072.006000000,9945.596000000,9921.230000000,24.360000000,126.410000000,63205,55.200000000,7.674976160,26.193318462,117.636979248,1.685376814,13.500776019,1.000000000
641,fixed_random_bfs,1159931333,512,37,475,638,500,494,0,0.000000000,10072.006000000,10066.896000000,10066.890000000,0.000000000,5.110000000,2555,1.600000000,7.674976160,28.828943296,126.255141352,1.698967636,14.887318038,1.000000000
642,fixed_random_bfs,2695337180,512,26,486,510,500,494,0,0.000000000,10072.006000000,10045.290000000,10045.284000000,0.000000000,26.716000000,13358,8.000000000,7.674976160,26.523049722,124.747610050,1.558319881,13.671302317,1.000000000
643,history_hotspot_bfs,299611755,512,41,471,495,500,494,19,3.800000000,10072.006000000,9951.090000000,9934.520000000,16.564000000,120.916000000,60458,53.600000000,7.674976160,26.336350866,122.326242197,1.632565642,13.564332763,1.000000000
644,fixed_random_bfs,430491226,512,38,474,908,500,494,1,0.200000000,10072.006000000,10033.766000000,10032.778000000,0.982000000,38.240000000,19120,13.200000000,7.674976160,25.761104236,115.887153200,1.407021028,13.257288496,1.000000000
645,history_hotspot_bfs,311887399,512,24,488,187,500,494,18,3.600000000,10072.006000000,10014.266000000,9998.990000000,15.270000000,57.740000000,28870,19.600000000,7.674976160,26.454941834,121.382745900,1.347727895,13.620251359,1.000000000
646,fixed_random_bfs,429998776,512,31,481,470,500,494,1,0.200000000,10072.006000000,10047.394000000,10046.420000000,0.968000000,24.612000000,12306,9.800000000,7.674976160,26.825234094,120.145817602,2.076477635,13.821594967,1.000000000
647,history_hotspot_bfs,343646818,512,46,466,717,500,494,18,3.600000000,10072.006000000,9941.766000000,9928.208000000,13.552000000,130.240000000,65120,53.600000000,7.674976160,26.630026962,124.844166549,1.895288297,13.712538347,1.000000000
648,fixed_random_bfs,1731169777,512,35,477,408,500,494,2,0.400000000,10072.006000000,10035.682000000,10035.056000000,0.620000000,36.324000000,18162,13.200000000,7.674976160,28.487926652,127.720441551,1.823522042,14.700060754,1.000000000
649,history_hotspot_bfs,479235883,512,20,492,276,500,494,29,5.800000000,10072.006000000,9976.702000000,9948.172000000,28.524000000,95.304000000,47652,31.600000000,7.674976160,25.574816082,104.095889350,1.265990739,13.156913809,1.000000000
650,fixed_random_bfs,12048024921,512,27,485,195,500,494,1,0.200000000,10072.006000000,10044.618000000,10043.730000000,0.882000000,27.388000000,13694,10.400000000,7.674976160,26.929458508,120.929287897,1.530641223,13.882557928,1.000000000
651,fixed_random_bfs,6381466767,512,24,488,489,500,494,1,0.200000000,10072.006000000,10071.322000000,10070.320000000,0.996000000,0.684000000,342,0.400000000,7.674976160,27.675883780,130.825849251,1.329231730,14.264416115,1.000000000
652,history_hotspot_bfs,2486710547,512,51,461,556,500,494,16,3.200000000,10072.006000000,9973.634000000,9962.896000000,10.732000000,98.372000000,49186,41.400000000,7.674976160,27.441045726,119.461910000,1.380686141,14.127674036,1.000000000
653,fixed_random_bfs,8910213350,512,28,484,140,500,494,4,0.800000000,10072.006000000,9973.028000000,9971.452000000,1.570000000,98.978000000,49489,31.800000000,7.674976160,29.199611766,121.534953449,0.950619833,15.061816419,1.000000000
654,spatial_uniform_bfs,4838616644,512,27,485,455,500,494,0,0.000000000,10072.006000000,10064.128000000,10064.122000000,0.000000000,7.878000000,3939,2.800000000,7.674976160,27.193628700,123.397453300,1.350614062,14.007338021,1.000000000
655,history_hotspot_bfs,2486710676,512,41,471,517,500,494,1,0.200000000,10072.006000000,10025.448000000,10024.608000000,0.834000000,46.558000000,23279,17.600000000,7.674976160,27.900317972,127.058840601,1.786084905,14.377626679,1.000000000
656,fixed_random_bfs,1189111428,512,21,491,276,500,494,0,0.000000000,10072.006000000,10066.164000000,10066.158000000,0.000000000,5.842000000,2921,2.000000000,7.674976160,30.073734994,135.359018701,1.196483850,15.526247150,1.000000000
657,fixed_random_bfs,1548057324,512,23,489,402,500,494,0,0.000000000,10072.006000000,10049.184000000,10049.178000000,0.000000000,22.822000000,11411,6.600000000,7.674976160,24.657233604,112.951320600,1.099251349,12.686444502,1.000000000
658,fixed_random_bfs,4759821534,512,12,500,132,500,494,0,0.000000000,10072.006000000,10069.862000000,10069.856000000,0.000000000,2.144000000,1072,0.600000000,7.674976160,24.958659410,108.677071950,1.212240870,12.843282204,1.000000000
659,history_hotspot_bfs,2915004401,512,21,491,159,500,494,56,11.200000000,10072.006000000,9939.932000000,9895.606000000,44.320000000,132.074000000,66037,53.400000000,7.674976160,26.433379008,122.643859103,1.219130551,13.592188333,1.000000000
660,fixed_random_bfs,13397585645,512,29,483,510,500,494,0,0.000000000,10072.006000000,10070.688000000,10070.682000000,0.000000000,1.318000000,659,0.400000000,7.674976160,27.378191452,123.291285202,1.143621074,14.117740748,1.000000000
661,spatial_uniform_bfs,11708388227,512,36,476,1124,500,494,0,0.000000000,10072.006000000,10064.090000000,10064.084000000,0.000000000,7.916000000,3958,3.400000000,7.674976160,26.638457700,123.160511949,1.829508905,13.727787209,1.000000000
662,fixed_random_bfs,1103952920,512,36,476,538,500,494,4,0.800000000,10072.006000000,10020.854000000,10018.490000000,2.358000000,51.152000000,25576,21.600000000,7.674976160,26.331807204,121.505512251,1.787213761,13.571734065,1.000000000
663,history_hotspot_bfs,3566326292,512,56,456,668,500,494,40,8.000000000,10072.006000000,9914.144000000,9904.682000000,9.456000000,157.862000000,78931,64.600000000,7.674976160,26.596494992,126.569686450,1.329748926,13.683444053,1.000000000
664,fixed_random_bfs,1300669581,512,20,492,343,500,494,0,0.000000000,10072.006000000,10071.026000000,10071.020000000,0.000000000,0.980000000,490,0.200000000,7.674976160,22.582484734,108.078691802,1.136792991,11.611840071,1.000000000
665,history_hotspot_bfs,5258500724,512,46,466,605,500,494,19,3.800000000,10072.006000000,9969.514000000,9957.306000000,12.202000000,102.492000000,51246,46.200000000,7.674976160,25.864112994,111.688851650,1.501978053,13.305717577,1.000000000
666,fixed_random_bfs,6701073016,512,17,495,33,500,494,0,0.000000000,10072.006000000,10066.342000000,10066.336000000,0.000000000,5.664000000,2832,8.400000000,7.674976160,31.606219704,156.342867353,1.846761981,16.338862735,1.000000000
667,fixed_random_bfs,1318762307,512,17,495,227,500,494,0,0.000000000,10072.006000000,10068.266000000,10068.260000000,0.000000000,3.740000000,1870,1.400000000,7.674976160,27.085358576,128.315461348,1.252347637,13.959039106,1.000000000
668,fixed_random_bfs,479226488,512,47,465,738,500,494,32,6.400000000,10072.006000000,9970.760000000,9943.572000000,27.182000000,101.246000000,50623,41.200000000,7.674976160,30.181221370,130.829146750,1.349894837,15.559865558,1.000000000
669,fixed_random_bfs,1207580359,512,30,482,143,500,494,0,0.000000000,10072.006000000,10060.540000000,10060.534000000,0.000000000,11.466000000,5733,4.400000000,7.674976160,31.840859472,143.471428148,1.713064663,16.453940090,1.000000000
670,fixed_random_bfs,4838616628,512,38,474,1034,500,494,0,0.000000000,10072.006000000,10062.364000000,10062.358000000,0.000000000,9.642000000,4821,4.400000000,7.674976160,27.011790936,122.510597800,1.706120166,13.926856344,1.000000000
671,spatial_uniform_bfs,1148143356,512,33,479,848,500,494,0,0.000000000,10072.006000000,10063.400000000,10063.394000000,0.000000000,8.606000000,4303,4.600000000,7.674976160,26.943579024,125.961511600,1.242026694,13.887889762,1.000000000
672,fixed_random_bfs,1159931485,512,26,486,466,500,494,0,0.000000000,10072.006000000,10067.512000000,10067.506000000,0.000000000,4.494000000,2247,1.600000000,7.674976160,28.328405240,113.684297499,1.439136832,14.620776562,1.000000000
673,spatial_uniform_bfs,13265364952,512,38,474,1068,500,494,0,0.000000000,10072.006000000,10064.854000000,10064.848000000,0.000000000,7.152000000,3576,3.200000000,7.674976160,25.668927416,116.732727200,1.818287256,13.226581562,1.000000000
674,fixed_random_bfs,4604362064,512,28,484,226,500,494,1,0.200000000,10072.006000000,10020.410000000,10020.388000000,0.016000000,51.596000000,25798,17.800000000,7.674976160,23.882577906,114.021935000,1.395836786,12.287377091,1.000000000
675,fixed_random_bfs,4441072498,512,29,483,211,500,494,1,0.200000000,10072.006000000,10011.226000000,10010.998000000,0.222000000,60.780000000,30390,21.800000000,7.674976160,26.553066796,120.332239751,1.682978723,13.684567416,1.000000000
676,fixed_random_bfs,1391615728,512,27,485,427,500,494,0,0.000000000,10072.006000000,10069.886000000,10069.880000000,0.000000000,2.120000000,1060,0.800000000,7.674976160,25.214746682,111.662888101,1.749150219,12.983139464,1.000000000
677,fixed_random_bfs,2417938556,512,25,487,341,500,494,2,0.400000000,10072.006000000,10052.594000000,10050.616000000,1.972000000,19.412000000,9706,5.200000000,7.674976160,23.066986530,104.192699848,1.420462717,11.868837079,1.000000000
678,history_hotspot_bfs,11105978767,512,31,481,192,500,494,20,4.000000000,10072.006000000,9891.230000000,9877.598000000,13.626000000,180.776000000,90388,64.800000000,7.674976160,26.088407586,123.334123701,1.295789245,13.436000984,1.000000000
679,fixed_random_bfs,3921306608,512,27,485,446,500,494,0,0.000000000,10072.006000000,10050.272000000,10050.266000000,0.000000000,21.734000000,10867,5.400000000,7.674976160,26.574613346,126.843397051,1.302555393,13.695589424,1.000000000
680,fixed_random_bfs,503018170,512,25,487,182,500,494,31,6.200000000,10072.006000000,9942.696000000,9916.984000000,25.706000000,129.310000000,64655,48.400000000,7.674976160,26.488547614,121.377003101,1.719471083,13.632471828,1.000000000
681,spatial_uniform_bfs,6419228760,512,30,482,683,500,494,0,0.000000000,10072.006000000,10064.436000000,10064.430000000,0.000000000,7.570000000,3785,3.200000000,7.674976160,31.548793218,141.864821801,1.348765347,16.290814768,1.000000000
682,history_hotspot_bfs,112686793,512,29,483,303,500,494,49,9.800000000,10072.006000000,9993.244000000,9950.632000000,42.606000000,78.762000000,39381,44.400000000,7.674976160,26.693928336,123.592069400,1.633761579,13.723580741,1.000000000
683,fixed_random_bfs,4455558350,512,20,492,275,500,494,0,0.000000000,10072.006000000,10070.002000000,10069.996000000,0.000000000,2.004000000,1002,0.600000000,7.674976160,27.200969354,130.316101950,1.744251437,14.035402604,1.000000000
684,history_hotspot_bfs,257735105,512,34,478,589,500,494,0,0.000000000,10072.006000000,9984.736000000,9984.730000000,0.000000000,87.270000000,43635,35.400000000,7.674976160,28.751757712,113.718984649,1.320063369,14.831934593,1.000000000
685,fixed_random_bfs,5225083975,512,32,480,708,500,494,0,0.000000000,10072.006000000,10067.688000000,10067.682000000,0.000000000,4.318000000,2159,1.600000000,7.674976160,27.143523202,127.381801497,1.260237027,13.999510323,1.000000000
686,history_hotspot_bfs,311889487,512,41,471,426,500,494,36,7.200000000,10072.006000000,9944.200000000,9921.012000000,23.182000000,127.806000000,63903,48.600000000,7.674976160,26.489934848,122.744258402,1.710257148,13.624148106,1.000000000
687,fixed_random_bfs,11398965012,512,21,491,201,500,494,1,0.200000000,10072.006000000,10042.744000000,10041.842000000,0.896000000,29.262000000,14631,11.600000000,7.674976160,25.412433282,111.616100252,1.102678007,13.102230304,1.000000000
688,history_hotspot_bfs,343646738,512,53,459,627,500,494,15,3.000000000,10072.006000000,9961.112000000,9949.064000000,12.042000000,110.894000000,55447,52.400000000,7.674976160,31.579632038,147.469902800,1.395382963,16.308669346,1.000000000
689,fixed_random_bfs,4838731496,512,23,489,388,500,494,0,0.000000000,10072.006000000,10060.934000000,10060.928000000,0.000000000,11.072000000,5536,5.000000000,7.674976160,25.141013244,108.950521950,1.375188772,12.953242607,1.000000000
690,fixed_random_bfs,1556356288,512,32,480,236,500,494,0,0.000000000,10072.006000000,10063.016000000,10063.010000000,0.000000000,8.990000000,4495,2.800000000,7.674976160,30.887513698,133.421722750,1.294474247,15.947653578,1.000000000
691,fixed_random_bfs,2082706086,512,41,471,730,500,494,0,0.000000000,10072.006000000,10057.208000000,10057.202000000,0.000000000,14.798000000,7399,4.600000000,7.674976160,23.618444566,108.242268100,1.170569620,12.155662795,1.000000000
692,spatial_uniform_bfs,1262328484,512,36,476,1191,500,494,0,0.000000000,10072.006000000,10063.970000000,10063.964000000,0.000000000,8.036000000,4018,3.200000000,7.674976160,26.796430978,119.631709350,1.209597797,13.817358396,1.000000000
693,fixed_random_bfs,8519150945,512,34,478,743,500,494,0,0.000000000,10072.006000000,10059.326000000,10059.320000000,0.000000000,12.680000000,6340,4.200000000,7.674976160,26.731296100,121.680431199,0.972429471,13.777440189,1.000000000
694,fixed_random_bfs,1163402614,512,45,467,1491,500,494,0,0.000000000,10072.006000000,10062.344000000,10062.338000000,0.000000000,9.662000000,4831,4.200000000,7.674976160,27.068420284,123.428992799,1.740435894,13.958417906,1.000000000
695,fixed_random_bfs,1143316832,512,28,484,425,500,494,0,0.000000000,10072.006000000,10049.098000000,10049.092000000,0.000000000,22.908000000,11454,6.000000000,7.674976160,25.789122712,116.025952900,1.513842991,13.298583893,1.000000000
696,history_hotspot_bfs,2225262331,512,34,478,329,500,494,27,5.400000000,10072.006000000,10030.312000000,10011.142000000,19.164000000,41.694000000,20847,22.400000000,7.674976160,32.104139360,141.412353348,1.356018247,16.556192965,1.000000000
697,fixed_random_bfs,1324735135,512,24,488,443,500,494,1,0.200000000,10072.006000000,10069.578000000,10068.556000000,1.016000000,2.428000000,1214,1.600000000,7.674976160,27.155405906,119.921321151,1.204780866,13.994541098,1.000000000
698,spatial_uniform_bfs,1300651782,512,29,483,653,500,494,0,0.000000000,10072.006000000,10064.144000000,10064.138000000,0.000000000,7.862000000,3931,2.600000000,7.674976160,31.720227340,145.758000300,1.849008184,16.394701395,1.000000000
699,fixed_random_bfs,8378138424,512,42,470,823,500,494,8,1.600000000,10072.006000000,9981.804000000,9975.514000000,6.284000000,90.202000000,45101,25.800000000,7.674976160,24.221579090,110.784383700,1.042922570,12.473189172,1.000000000
700,spatial_uniform_bfs,1300651875,512,34,478,994,500,494,0,0.000000000,10072.006000000,10063.924000000,10063.918000000,0.000000000,8.082000000,4041,3.000000000,7.674976160,23.958911374,101.844695751,1.697543483,12.337449514,1.000000000
701,fixed_random_bfs,8302243184,512,23,489,247,500,494,0,0.000000000,10072.006000000,10032.142000000,10032.136000000,0.000000000,39.864000000,19932,13.400000000,7.674976160,25.312727492,118.368334301,1.826371128,13.039032377,1.000000000
702,spatial_uniform_bfs,1147306140,512,31,481,631,500,494,0,0.000000000,10072.006000000,10063.376000000,10063.370000000,0.000000000,8.630000000,4315,3.200000000,7.674976160,26.974395826,126.606762700,1.817861765,13.903917533,1.000000000
703,fixed_random_bfs,708249429,512,26,486,298,500,494,0,0.000000000,10072.006000000,10069.722000000,10069.716000000,0.000000000,2.284000000,1142,1.600000000,7.674976160,26.590505820,123.844985502,1.742244734,13.713905112,1.000000000
704,spatial_uniform_bfs,1145564617,512,28,484,471,500,494,0,0.000000000,10072.006000000,10063.256000000,10063.250000000,0.000000000,8.750000000,4375,3.200000000,7.674976160,26.952332334,126.546364553,1.246762165,13.887819465,1.000000000
705,fixed_random_bfs,1518839621,512,17,495,272,500,494,0,0.000000000,10072.006000000,10070.720000000,10070.714000000,0.000000000,1.286000000,643,0.600000000,7.674976160,24.112224412,101.769236000,1.556793623,12.400581373,1.000000000
706,history_hotspot_bfs,2408303665,512,35,477,471,500,494,14,2.800000000,10072.006000000,9958.880000000,9945.992000000,12.882000000,113.126000000,56563,42.600000000,7.674976160,28.513908218,130.711459400,1.853709825,14.688362073,1.000000000
707,fixed_random_bfs,4115231465,512,27,485,626,500,494,0,0.000000000,10072.006000000,10071.028000000,10071.022000000,0.000000000,0.978000000,489,0.400000000,7.674976160,30.261278518,132.424339503,1.350485679,15.638236502,1.000000000
708,history_hotspot_bfs,3013289569,512,40,472,611,500,494,14,2.800000000,10072.006000000,10001.636000000,9990.912000000,10.718000000,70.370000000,35185,25.800000000,7.674976160,26.608258638,120.958629650,1.709304950,13.694435600,1.000000000
709,fixed_random_bfs,4573702109,512,25,487,107,500,494,0,0.000000000,10072.006000000,9992.200000000,9992.194000000,0.000000000,79.806000000,39903,28.400000000,7.674976160,26.990367266,122.340623850,1.706033097,13.911771584,1.000000000
710,fixed_random_bfs,111648488,512,40,472,378,500,494,0,0.000000000,10072.006000000,10017.570000000,10017.564000000,0.000000000,54.436000000,27218,24.200000000,7.674976160,23.906127222,111.007476650,1.114295810,12.307261590,1.000000000
711,spatial_uniform_bfs,1262329292,512,31,481,788,500,494,0,0.000000000,10072.006000000,10063.634000000,10063.628000000,0.000000000,8.372000000,4186,3.600000000,7.674976160,26.550917910,122.901481200,1.211383816,13.689581558,1.000000000
712,fixed_random_bfs,114320452,512,27,485,220,500,494,3,0.600000000,10072.006000000,10008.000000000,10007.274000000,0.720000000,64.006000000,32003,26.800000000,7.674976160,26.414716472,121.059704449,1.673232425,13.620993670,1.000000000
713,fixed_random_bfs,2085233049,512,25,487,267,500,494,0,0.000000000,10072.006000000,10057.264000000,10057.258000000,0.000000000,14.742000000,7371,6.200000000,7.674976160,25.204279286,110.056906251,1.684449093,12.982942605,1.000000000
714,fixed_random_bfs,9118890351,512,52,460,1735,500,494,7,1.400000000,10072.006000000,10017.570000000,10012.006000000,5.558000000,54.436000000,27218,25.200000000,7.674976160,30.951214478,144.240268000,1.605141389,15.969519091,1.000000000
715,history_hotspot_bfs,3846229705,512,27,485,400,500,494,4,0.800000000,10072.006000000,10032.408000000,10028.894000000,3.508000000,39.598000000,19799,15.400000000,7.674976160,29.816583888,137.476342150,1.291120349,15.387701751,1.000000000
716,fixed_random_bfs,1207580771,512,29,483,211,500,494,0,0.000000000,10072.006000000,10060.756000000,10060.750000000,0.000000000,11.250000000,5625,4.400000000,7.674976160,25.035846582,108.349006648,1.007474262,12.891796847,1.000000000
717,history_hotspot_bfs,4478069023,512,54,458,796,500,494,20,4.000000000,10072.006000000,9988.792000000,9972.850000000,15.936000000,83.214000000,41607,40.800000000,7.674976160,31.184430774,147.530628499,1.357996165,16.089179695,1.000000000
718,fixed_random_bfs,1550555192,512,33,479,544,500,494,3,0.600000000,10072.006000000,10067.012000000,10064.296000000,2.710000000,4.994000000,2497,2.400000000,7.674976160,26.792373428,122.110220500,1.667513934,13.792913137,1.000000000
719,history_hotspot_bfs,4492375365,512,40,472,413,500,494,19,3.800000000,10072.006000000,9934.380000000,9919.280000000,15.094000000,137.626000000,68813,59.800000000,7.674976160,26.158746872,119.268396651,1.248369237,13.476111240,1.000000000
720,fixed_random_bfs,12040748703,512,25,487,252,500,494,2,0.400000000,10072.006000000,10066.894000000,10065.940000000,0.948000000,5.112000000,2556,1.600000000,7.674976160,26.905013166,122.451451699,1.260518333,13.851595974,1.000000000
721,fixed_random_bfs,2258130893,512,30,482,302,500,494,0,0.000000000,10072.006000000,10042.746000000,10042.740000000,0.000000000,29.260000000,14630,8.800000000,7.674976160,23.487756048,105.838474001,0.937605078,12.086753629,1.000000000
722,fixed_random_bfs,1187070119,512,26,486,529,500,494,0,0.000000000,10072.006000000,10069.170000000,10069.164000000,0.000000000,2.836000000,1418,0.800000000,7.674976160,23.107282288,105.677849148,1.053105388,11.896103735,1.000000000
723,history_hotspot_bfs,4685615426,512,32,480,255,500,494,12,2.400000000,10072.006000000,9913.096000000,9903.226000000,9.864000000,158.910000000,79455,54.400000000,7.674976160,30.933407940,140.788203899,1.333707213,15.971383467,1.000000000
724,fixed_random_bfs,8865527864,512,38,474,851,500,494,1,0.200000000,10072.006000000,9997.688000000,9996.770000000,0.912000000,74.318000000,37159,27.600000000,7.674976160,26.448538742,122.753372601,1.237831543,13.633614564,1.000000000
725,spatial_uniform_bfs,1262328869,512,26,486,650,500,494,0,0.000000000,10072.006000000,10063.376000000,10063.370000000,0.000000000,8.630000000,4315,3.200000000,7.674976160,25.328273228,118.336652100,1.272398567,13.033483085,1.000000000
726,fixed_random_bfs,1300694196,512,18,494,289,500,494,0,0.000000000,10072.006000000,10071.016000000,10071.010000000,0.000000000,0.990000000,495,0.400000000,7.674976160,31.013937406,142.976889448,1.276878538,16.024556494,1.000000000
727,fixed_random_bfs,1199517281,512,27,485,426,500,494,0,0.000000000,10072.006000000,10071.036000000,10071.030000000,0.000000000,0.970000000,485,0.200000000,7.674976160,26.672836886,126.661001151,1.621388335,13.747734005,1.000000000
728,history_hotspot_bfs,6249311590,512,44,468,514,500,494,37,7.400000000,10072.006000000,10024.554000000,10007.186000000,17.362000000,47.452000000,23726,24.400000000,7.674976160,23.169356354,113.970154649,0.991154905,11.912475178,1.000000000
729,fixed_random_bfs,4561923942,512,30,482,588,500,494,0,0.000000000,10072.006000000,10071.042000000,10071.036000000,0.000000000,0.964000000,482,0.200000000,7.674976160,26.897928352,122.503988751,1.203362744,13.868060925,1.000000000
730,fixed_random_bfs,4479824201,512,19,493,307,500,494,0,0.000000000,10072.006000000,10054.402000000,10054.396000000,0.000000000,17.604000000,8802,4.600000000,7.674976160,26.661233090,122.151290350,1.630395176,13.746827704,1.000000000
731,fixed_random_bfs,3522106293,512,30,482,50,500,494,2,0.400000000,10072.006000000,10023.804000000,10023.198000000,0.600000000,48.202000000,24101,38.000000000,7.674976160,27.360016822,127.629676698,1.773277656,14.094424006,1.000000000
732,fixed_random_bfs,12383375527,512,25,487,358,500,494,0,0.000000000,10072.006000000,10069.688000000,10069.682000000,0.000000000,2.318000000,1159,0.600000000,7.674976160,31.467581532,142.662782300,1.407158942,16.251132640,1.000000000
733,history_hotspot_bfs,10838978988,512,46,466,515,500,494,15,3.000000000,10072.006000000,9942.670000000,9931.236000000,11.428000000,129.336000000,64668,52.400000000,7.674976160,23.787375916,102.934635049,1.560465763,12.235523751,1.000000000
734,fixed_random_bfs,1305103908,512,39,473,375,500,494,13,2.600000000,10072.006000000,9961.444000000,9955.530000000,5.908000000,110.562000000,55281,35.600000000,7.674976160,26.148093308,120.582004952,1.767285414,13.462429394,1.000000000
735,fixed_random_bfs,4391191769,512,44,468,1015,500,494,0,0.000000000,10072.006000000,10056.880000000,10056.874000000,0.000000000,15.126000000,7563,4.600000000,7.674976160,27.117966586,123.905983200,1.750967848,13.975895154,1.000000000
736,fixed_random_bfs,4494941245,512,32,480,659,500,494,2,0.400000000,10072.006000000,10018.668000000,10016.700000000,1.962000000,53.338000000,26669,16.200000000,7.674976160,26.810469322,120.766581301,1.244517808,13.813425048,1.000000000
737,history_hotspot_bfs,12328889057,512,31,481,241,500,494,32,6.400000000,10072.006000000,9929.420000000,9904.140000000,25.274000000,142.586000000,71293,50.200000000,7.674976160,30.995849190,145.211478898,1.760436497,15.984778017,1.000000000
738,fixed_random_bfs,5264715110,512,25,487,349,500,494,0,0.000000000,10072.006000000,10048.688000000,10048.682000000,0.000000000,23.318000000,11659,7.200000000,7.674976160,22.609301774,104.112124300,1.322247520,11.626232124,1.000000000
739,spatial_uniform_bfs,1262328436,512,22,490,365,500,494,0,0.000000000,10072.006000000,10062.582000000,10062.576000000,0.000000000,9.424000000,4712,5.000000000,7.674976160,25.507658068,112.206054548,1.482808155,13.130118384,1.000000000
740,history_hotspot_bfs,12610270513,512,47,465,421,500,494,34,6.800000000,10072.006000000,9902.348000000,9886.680000000,15.662000000,169.658000000,84829,69.400000000,7.674976160,26.501088684,121.101066802,1.642752749,13.645025356,1.000000000
741,fixed_random_bfs,1548073771,512,24,488,274,500,494,5,1.000000000,10072.006000000,10038.240000000,10033.448000000,4.786000000,33.766000000,16883,12.800000000,7.674976160,30.968401154,146.911737050,1.830457046,15.986360646,1.000000000
742,history_hotspot_bfs,13097194813,512,47,465,438,500,494,33,6.600000000,10072.006000000,9905.960000000,9885.656000000,20.298000000,166.046000000,83023,71.200000000,7.674976160,22.765223654,101.613581799,1.459226000,11.691892523,1.000000000
743,fixed_random_bfs,10913216606,512,42,470,642,500,494,15,3.000000000,10072.006000000,9965.704000000,9953.304000000,12.394000000,106.302000000,53151,47.000000000,7.674976160,30.923066378,142.626190550,1.371308976,15.952661711,1.000000000
744,fixed_random_bfs,12383375418,512,21,491,277,500,494,0,0.000000000,10072.006000000,10069.902000000,10069.896000000,0.000000000,2.104000000,1052,0.600000000,7.674976160,26.663470518,121.203746000,1.232933587,13.738161521,1.000000000
745,fixed_random_bfs,1318770020,512,21,491,420,500,494,1,0.200000000,10072.006000000,10068.202000000,10067.172000000,1.024000000,3.804000000,1902,1.200000000,7.674976160,27.419047624,125.608421598,1.619441260,14.127042230,1.000000000
746,fixed_random_bfs,1147306840,512,33,479,479,500,494,3,0.600000000,10072.006000000,10047.474000000,10044.918000000,2.550000000,24.532000000,12266,9.400000000,7.674976160,26.412315246,125.334052601,1.223193810,13.612179019,1.000000000
747,history_hotspot_bfs,429205569,512,33,479,416,500,494,29,5.800000000,10072.006000000,10034.238000000,10011.444000000,22.788000000,37.768000000,18884,20.800000000,7.674976160,25.024620710,111.214321700,0.977179682,12.873464979,1.000000000
748,fixed_random_bfs,314046505,512,38,474,490,500,494,10,2.000000000,10072.006000000,9980.324000000,9971.548000000,8.770000000,91.682000000,45841,30.200000000,7.674976160,27.270325036,125.708889101,1.318934642,14.042373151,1.000000000
749,fixed_random_bfs,454550116,512,34,478,618,500,494,2,0.400000000,10072.006000000,10036.972000000,10035.064000000,1.902000000,35.034000000,17517,15.000000000,7.674976160,26.340944126,120.041630350,1.269860275,13.581985609,1.000000000
750,history_hotspot_bfs,478632387,512,31,481,275,500,494,30,6.000000000,10072.006000000,9937.914000000,9918.346000000,19.562000000,134.092000000,67046,54.800000000,7.674976160,23.902858482,103.681034448,1.052384186,12.278773648,1.000000000
751,fixed_random_bfs,4720729860,512,17,495,272,500,494,0,0.000000000,10072.006000000,10070.970000000,10070.964000000,0.000000000,1.036000000,518,0.400000000,7.674976160,27.390629550,127.457162050,1.662022365,14.119867431,1.000000000
752,history_hotspot_bfs,1386051845,512,42,470,164,500,494,102,20.400000000,10072.006000000,9895.990000000,9860.200000000,35.784000000,176.016000000,88008,66.800000000,7.674976160,26.810346264,124.153964898,1.219890575,13.738895169,1.000000000
753,fixed_random_bfs,1323015583,512,19,493,306,500,494,1,0.200000000,10072.006000000,10071.402000000,10070.376000000,1.020000000,0.604000000,302,1.400000000,7.674976160,27.627779162,122.255153001,1.710430093,14.226553431,1.000000000
754,fixed_random_bfs,12291327681,512,31,481,338,500,494,0,0.000000000,10072.006000000,10047.564000000,10047.558000000,0.000000000,24.442000000,12221,7.400000000,7.674976160,29.012374164,130.116177399,1.314198790,14.973096918,1.000000000
755,fixed_random_bfs,1322608483,512,25,487,336,500,494,0,0.000000000,10072.006000000,10068.166000000,10068.160000000,0.000000000,3.840000000,1920,2.400000000,7.674976160,25.392866268,110.413964499,0.990372127,13.094193732,1.000000000
756,spatial_uniform_bfs,1262329086,512,25,487,466,500,494,0,0.000000000,10072.006000000,10062.538000000,10062.532000000,0.000000000,9.468000000,4734,4.800000000,7.674976160,26.760025528,121.062098849,1.204883486,13.788868663,1.000000000
757,fixed_random_bfs,11059585765,512,18,494,98,500,494,4,0.800000000,10072.006000000,10020.852000000,10017.418000000,3.428000000,51.154000000,25577,17.400000000,7.674976160,23.575284104,102.862634397,0.934413428,12.117839321,1.000000000
758,history_hotspot_bfs,2245786974,512,38,474,229,500,494,107,21.400000000,10072.006000000,9909.374000000,9852.348000000,57.020000000,162.632000000,81316,65.600000000,7.674976160,26.705276654,120.784554852,1.608792306,13.677131117,1.000000000
759,fixed_random_bfs,733884026,512,37,475,197,500,494,0,0.000000000,10072.006000000,10056.530000000,10056.524000000,0.000000000,15.476000000,7738,5.600000000,7.674976160,30.873756204,141.149839698,1.338161285,15.959331998,1.000000000
760,history_hotspot_bfs,2355306655,512,37,475,259,500,494,29,5.800000000,10072.006000000,9924.374000000,9907.224000000,17.144000000,147.632000000,73816,51.800000000,7.674976160,26.211680034,119.903520949,1.653652839,13.494260882,1.000000000
761,fixed_random_bfs,4537191778,512,18,494,273,500,494,0,0.000000000,10072.006000000,10064.560000000,10064.554000000,0.000000000,7.446000000,3723,2.200000000,7.674976160,31.583370708,139.795707649,1.332188260,16.331391616,1.000000000
762,fixed_random_bfs,1131292063,512,37,475,244,500,494,0,0.000000000,10072.006000000,10037.918000000,10037.912000000,0.000000000,34.088000000,17044,14.800000000,7.674976160,24.009079308,113.052622849,1.764451628,12.368121323,1.000000000
763,fixed_random_bfs,292314114,512,37,475,660,500,494,0,0.000000000,10072.006000000,10064.752000000,10064.746000000,0.000000000,7.254000000,3627,4.200000000,7.674976160,22.936543168,107.888175549,1.624655360,11.813789187,1.000000000
764,fixed_random_bfs,8519207848,512,22,490,277,500,494,0,0.000000000,10072.006000000,10069.370000000,10069.364000000,0.000000000,2.636000000,1318,1.800000000,7.674976160,30.744217686,143.769593699,1.424836815,15.876349262,1.000000000
765,history_hotspot_bfs,2511664799,512,33,479,187,500,494,50,10.000000000,10072.006000000,9925.216000000,9894.198000000,31.012000000,146.790000000,73395,64.800000000,7.674976160,25.833308406,119.086512400,1.712294124,13.293903579,1.000000000
766,fixed_random_bfs,1326188426,512,29,483,246,500,494,3,0.600000000,10072.006000000,10067.132000000,10064.414000000,2.712000000,4.874000000,2437,2.400000000,7.674976160,26.277808764,113.300901348,1.726014140,13.515014633,1.000000000
767,fixed_random_bfs,9598450074,512,24,488,466,500,494,0,0.000000000,10072.006000000,10049.736000000,10049.730000000,0.000000000,22.270000000,11135,6.800000000,7.674976160,26.789760182,124.824986500,1.669068101,13.811269014,1.000000000
768,fixed_random_bfs,1147305171,512,36,476,566,500,494,1,0.200000000,10072.006000000,10046.984000000,10046.416000000,0.562000000,25.022000000,12511,8.400000000,7.674976160,26.293815530,123.399686601,1.195075783,13.551280921,1.000000000
769,fixed_random_bfs,2525455290,512,31,481,367,500,494,0,0.000000000,10072.006000000,10071.350000000,10071.344000000,0.000000000,0.656000000,328,0.400000000,7.674976160,24.339168366,115.234906549,1.104121881,12.520035883,1.000000000
770,spatial_uniform_bfs,1262328634,512,28,484,584,500,494,0,0.000000000,10072.006000000,10063.306000000,10063.300000000,0.000000000,8.700000000,4350,3.600000000,7.674976160,31.218269090,147.175086651,1.751432463,16.129024820,1.000000000
771,history_hotspot_bfs,3896082166,512,48,464,599,500,494,8,1.600000000,10072.006000000,9994.116000000,9991.722000000,2.388000000,77.890000000,38945,26.200000000,7.674976160,23.209351586,105.552213900,1.325874652,11.942365319,1.000000000
772,fixed_random_bfs,7859526776,512,39,473,432,500,494,32,6.400000000,10072.006000000,9930.304000000,9907.104000000,23.194000000,141.702000000,70851,52.200000000,7.674976160,26.060889218,119.313436001,1.662347655,13.425148256,1.000000000
773,spatial_uniform_bfs,1148228262,512,34,478,783,500,494,0,0.000000000,10072.006000000,10063.714000000,10063.708000000,0.000000000,8.292000000,4146,3.400000000,7.674976160,26.272359976,124.140052752,1.642927733,13.548437741,1.000000000
774,fixed_random_bfs,1801521836,512,26,486,316,500,494,0,0.000000000,10072.006000000,10059.674000000,10059.668000000,0.000000000,12.332000000,6166,6.600000000,7.674976160,28.346306826,128.246675700,1.189635221,14.623880383,1.000000000
775,fixed_random_bfs,705402277,512,31,481,288,500,494,1,0.200000000,10072.006000000,10055.508000000,10054.710000000,0.792000000,16.498000000,8249,5.400000000,7.674976160,26.641263360,122.792929600,1.218677232,13.732567638,1.000000000
776,fixed_random_bfs,2083726496,512,32,480,656,500,494,0,0.000000000,10072.006000000,10049.490000000,10049.484000000,0.000000000,22.516000000,11258,7.200000000,7.674976160,27.050864072,118.405638800,0.965417914,13.955089084,1.000000000
777,fixed_random_bfs,4761603005,512,35,477,525,500,494,0,0.000000000,10072.006000000,10049.998000000,10049.992000000,0.000000000,22.008000000,11004,8.800000000,7.674976160,25.943714712,110.341565952,1.112978905,13.362097114,1.000000000
778,fixed_random_bfs,5284452758,512,37,475,248,500,494,33,6.600000000,10072.006000000,9918.404000000,9902.694000000,15.704000000,153.602000000,76801,49.800000000,7.674976160,31.015012056,146.563835702,1.718864214,16.004208668,1.000000000
779,fixed_random_bfs,4463941158,512,32,480,372,500,494,0,0.000000000,10072.006000000,10052.324000000,10052.318000000,0.000000000,19.682000000,9841,6.800000000,7.674976160,27.294684956,127.634673900,1.738717886,14.072138278,1.000000000
780,fixed_random_bfs,4494978000,512,26,486,467,500,494,0,0.000000000,10072.006000000,10025.508000000,10025.502000000,0.000000000,46.498000000,23249,14.000000000,7.674976160,26.270322162,125.048741750,1.226877052,13.544335496,1.000000000
781,fixed_random_bfs,1316576228,512,29,483,604,500,494,1,0.200000000,10072.006000000,10054.572000000,10053.568000000,0.998000000,17.434000000,8717,7.000000000,7.674976160,24.316017582,114.385340051,1.248597043,12.504166886,1.000000000
782,fixed_random_bfs,1316566983,512,27,485,448,500,494,1,0.200000000,10072.006000000,10059.892000000,10058.892000000,0.994000000,12.114000000,6057,4.200000000,7.674976160,26.863245462,121.152016000,1.295016555,13.848239284,1.000000000
783,fixed_random_bfs,4437048875,512,36,476,797,500,494,0,0.000000000,10072.006000000,10071.000000000,10070.994000000,0.000000000,1.006000000,503,0.400000000,7.674976160,26.799018474,121.302190099,1.720461798,13.815309595,1.000000000
784,fixed_random_bfs,1076761242,512,26,486,577,500,494,0,0.000000000,10072.006000000,10066.780000000,10066.774000000,0.000000000,5.226000000,2613,2.000000000,7.674976160,23.754099638,106.382525201,1.442756159,12.234995039,1.000000000
785,history_hotspot_bfs,10884254804,512,44,468,170,500,494,0,0.000000000,10072.006000000,9999.320000000,9999.314000000,0.000000000,72.686000000,36343,37.400000000,7.674976160,27.055648084,120.132753948,1.246613129,13.946107883,1.000000000
786,fixed_random_bfs,3892627987,512,22,490,296,500,494,0,0.000000000,10072.006000000,10069.440000000,10069.434000000,0.000000000,2.566000000,1283,1.600000000,7.674976160,23.528992380,101.331102499,0.985206554,12.104491955,1.000000000
787,fixed_random_bfs,3570149272,512,29,483,198,500,494,1,0.200000000,10072.006000000,10033.422000000,10032.644000000,0.772000000,38.584000000,19292,16.600000000,7.674976160,26.863165734,122.531084951,1.226798584,13.853876113,1.000000000
788,history_hotspot_bfs,12111398076,512,34,478,241,500,494,39,7.800000000,10072.006000000,9894.494000000,9870.046000000,24.442000000,177.512000000,88756,66.200000000,7.674976160,26.416727498,120.262747000,1.209461915,13.584231122,1.000000000
789,fixed_random_bfs,125800775,512,29,483,469,500,494,0,0.000000000,10072.006000000,10049.516000000,10049.510000000,0.000000000,22.490000000,11245,7.400000000,7.674976160,31.327830832,143.892545749,1.277675821,16.187119401,1.000000000
790,fixed_random_bfs,4477707012,512,28,484,253,500,494,25,5.000000000,10072.006000000,9953.694000000,9938.700000000,14.988000000,118.312000000,59156,51.400000000,7.674976160,26.640531678,115.259584500,1.776967026,13.704438738,1.000000000
791,spatial_uniform_bfs,1148227852,512,33,479,771,500,494,0,0.000000000,10072.006000000,10063.010000000,10063.004000000,0.000000000,8.996000000,4498,4.400000000,7.674976160,23.410179676,107.175692950,1.394261058,12.050100604,1.000000000
792,fixed_random_bfs,1322210314,512,21,491,276,500,494,0,0.000000000,10072.006000000,10065.504000000,10065.498000000,0.000000000,6.502000000,3251,2.800000000,7.674976160,26.926832216,121.508992399,1.720320089,13.896509002,1.000000000
793,fixed_random_bfs,12163209409,512,33,479,708,500,494,0,0.000000000,10072.006000000,10036.102000000,10036.096000000,0.000000000,35.904000000,17952,14.200000000,7.674976160,27.781071038,132.169163100,1.780074318,14.322719101,1.000000000
794,fixed_random_bfs,1548067813,512,15,497,88,500,494,4,0.800000000,10072.006000000,10022.780000000,10018.988000000,3.786000000,49.226000000,24613,18.400000000,7.674976160,25.781613854,104.545339199,1.608951260,13.277379706,1.000000000
795,fixed_random_bfs,4758581080,512,30,482,493,500,494,5,1.000000000,10072.006000000,9982.754000000,9978.090000000,4.658000000,89.252000000,44626,28.400000000,7.674976160,26.463350856,122.268057048,1.284212680,13.634079758,1.000000000
796,history_hotspot_bfs,435759031,512,36,476,562,500,494,27,5.400000000,10072.006000000,10030.788000000,10009.128000000,21.654000000,41.218000000,20609,20.400000000,7.674976160,26.667368372,116.958256649,1.824173268,13.715827032,1.000000000
797,fixed_random_bfs,12461735905,512,25,487,119,500,494,0,0.000000000,10072.006000000,10060.172000000,10060.166000000,0.000000000,11.834000000,5917,4.200000000,7.674976160,31.442715074,139.421075501,1.233055716,16.238676143,1.000000000
798,fixed_random_bfs,11377962749,512,29,483,153,500,494,0,0.000000000,10072.006000000,10037.300000000,10037.294000000,0.000000000,34.706000000,17353,12.200000000,7.674976160,27.366724570,123.938173499,1.423962244,14.112593846,1.000000000
799,spatial_uniform_bfs,1148228645,512,40,472,1231,500,494,0,0.000000000,10072.006000000,10062.428000000,10062.422000000,0.000000000,9.578000000,4789,4.600000000,7.674976160,23.017507524,104.004739899,1.554309743,11.843672460,1.000000000
800,fixed_random_bfs,280240227,512,24,488,78,500,494,1,0.200000000,10072.006000000,10055.580000000,10055.210000000,0.364000000,16.426000000,8213,6.200000000,7.674976160,26.644355614,120.476766851,1.744561877,13.734659943,1.000000000
801,fixed_random_bfs,1188393879,512,26,486,554,500,494,1,0.200000000,10072.006000000,10069.942000000,10068.918000000,1.018000000,2.064000000,1032,0.800000000,7.674976160,27.159195220,123.771585200,1.705655055,13.991891256,1.000000000
802,history_hotspot_bfs,2053583469,512,57,455,709,500,494,15,3.000000000,10072.006000000,9936.650000000,9928.256000000,8.388000000,135.356000000,67678,51.400000000,7.674976160,26.262001716,120.711332148,1.253118478,13.530285852,1.000000000
803,fixed_random_bfs,1640863402,512,32,480,931,500,494,0,0.000000000,10072.006000000,10070.840000000,10070.834000000,0.000000000,1.166000000,583,0.600000000,7.674976160,26.569302774,124.355357000,1.673971949,13.692356365,1.000000000
804,fixed_random_bfs,1199517179,512,18,494,213,500,494,0,0.000000000,10072.006000000,10071.018000000,10071.012000000,0.000000000,0.988000000,494,0.200000000,7.674976160,26.285906062,112.226123299,1.703834952,13.540944603,1.000000000
805,spatial_uniform_bfs,1262329143,512,32,480,902,500,494,0,0.000000000,10072.006000000,10063.006000000,10063.000000000,0.000000000,9.000000000,4500,3.600000000,7.674976160,31.061372530,138.839892348,1.800237079,16.046793449,1.000000000
806,fixed_random_bfs,3170147742,512,28,484,627,500,494,0,0.000000000,10072.006000000,10070.034000000,10070.028000000,0.000000000,1.972000000,986,0.800000000,7.674976160,28.928990926,130.927451699,1.325414740,14.923865331,1.000000000
807,fixed_random_bfs,11016886036,512,22,490,227,500,494,1,0.200000000,10072.006000000,9970.070000000,9969.050000000,1.014000000,101.936000000,50968,26.800000000,7.674976160,30.490505744,129.085682198,0.966786523,15.742350220,1.000000000
808,fixed_random_bfs,1548061658,512,31,481,683,500,494,1,0.200000000,10072.006000000,10040.614000000,10039.604000000,1.004000000,31.392000000,15696,10.600000000,7.674976160,28.203745948,119.012317400,0.994600997,14.536986466,1.000000000
809,history_hotspot_bfs,3148917487,512,53,459,484,500,494,29,5.800000000,10072.006000000,9913.624000000,9901.424000000,12.194000000,158.382000000,79191,65.200000000,7.674976160,26.483608134,122.722675601,1.182623079,13.636257185,1.000000000
810,fixed_random_bfs,1222473654,512,21,491,381,500,494,1,0.200000000,10072.006000000,10058.288000000,10057.258000000,1.024000000,13.718000000,6859,6.200000000,7.674976160,24.145342674,108.240848201,1.389796462,12.432178151,1.000000000
811,history_hotspot_bfs,3387597070,512,31,481,144,500,494,91,18.200000000,10072.006000000,9918.820000000,9876.068000000,42.746000000,153.186000000,76593,59.400000000,7.674976160,23.729273652,107.255342749,1.132231776,12.161485575,1.000000000
812,fixed_random_bfs,2083229096,512,23,489,345,500,494,0,0.000000000,10072.006000000,10038.410000000,10038.404000000,0.000000000,33.596000000,16798,11.200000000,7.674976160,26.643654998,121.335391148,1.693028054,13.729489737,1.000000000
813,fixed_random_bfs,1520370267,512,27,485,230,500,494,0,0.000000000,10072.006000000,10068.022000000,10068.016000000,0.000000000,3.984000000,1992,2.000000000,7.674976160,26.424531674,120.117532249,1.241508627,13.625103422,1.000000000
814,fixed_random_bfs,1324734395,512,25,487,530,500,494,1,0.200000000,10072.006000000,10070.070000000,10069.042000000,1.022000000,1.936000000,968,1.400000000,7.674976160,26.838678786,111.658210453,1.536349372,13.827316624,1.000000000
815,history_hotspot_bfs,4492375942,512,47,465,631,500,494,22,4.400000000,10072.006000000,9984.164000000,9964.220000000,19.938000000,87.842000000,43921,41.600000000,7.674976160,25.903085370,124.754056051,1.261454174,13.322771620,1.000000000
816,spatial_uniform_bfs,1163402484,512,29,483,655,500,494,0,0.000000000,10072.006000000,10062.764000000,10062.758000000,0.000000000,9.242000000,4621,3.600000000,7.674976160,26.873766614,122.635642350,1.757618949,13.845067956,1.000000000
817,history_hotspot_bfs,4505215363,512,35,477,443,500,494,9,1.800000000,10072.006000000,9936.174000000,9930.860000000,5.308000000,135.832000000,67916,47.800000000,7.674976160,25.994352442,118.214865801,1.701021686,13.382778974,1.000000000
818,fixed_random_bfs,1550566756,512,28,484,409,500,494,0,0.000000000,10072.006000000,10064.662000000,10064.656000000,0.000000000,7.344000000,3672,2.200000000,7.674976160,27.014602630,125.173304500,1.238089042,13.918379125,1.000000000
819,fixed_random_bfs,1142606001,512,30,482,407,500,494,5,1.000000000,10072.006000000,9987.078000000,9983.448000000,3.624000000,84.928000000,42464,42.400000000,7.674976160,28.661197036,111.566066402,1.157000243,14.791553609,1.000000000
820,fixed_random_bfs,1143318298,512,26,486,319,500,494,0,0.000000000,10072.006000000,10047.304000000,10047.298000000,0.000000000,24.702000000,12351,7.200000000,7.674976160,26.379045562,122.574895297,1.233760054,13.603474482,1.000000000
821,history_hotspot_bfs,9134232264,512,30,482,188,500,494,1,0.200000000,10072.006000000,10036.970000000,10036.830000000,0.134000000,35.036000000,17518,12.600000000,7.674976160,27.956787588,122.780714048,1.668796087,14.436836491,1.000000000
822,fixed_random_bfs,293561772,512,12,500,75,500,494,0,0.000000000,10072.006000000,10054.176000000,10054.170000000,0.000000000,17.830000000,8915,4.600000000,7.674976160,27.355208262,126.660535299,2.051127191,14.113832225,1.000000000
823,history_hotspot_bfs,9381515170,512,46,466,600,500,494,16,3.200000000,10072.006000000,9929.192000000,9916.960000000,12.226000000,142.814000000,71407,55.800000000,7.674976160,23.449523776,109.392052600,1.577384854,12.070495722,1.000000000
824,fixed_random_bfs,1328041520,512,31,481,193,500,494,0,0.000000000,10072.006000000,10054.968000000,10054.962000000,0.000000000,17.038000000,8519,6.000000000,7.674976160,26.345279170,113.442453599,1.562453986,13.573332207,1.000000000
825,fixed_random_bfs,111467285,512,19,493,149,500,494,10,2.000000000,10072.006000000,9929.508000000,9921.782000000,7.720000000,142.498000000,71249,59.600000000,7.674976160,26.026611156,119.551782402,1.815397029,13.407913409,1.000000000
826,spatial_uniform_bfs,1148228101,512,42,470,1241,500,494,0,0.000000000,10072.006000000,10063.278000000,10063.272000000,0.000000000,8.728000000,4364,3.600000000,7.674976160,24.259607634,105.719642551,1.558306056,12.484652412,1.000000000
827,fixed_random_bfs,9081913534,512,17,495,226,500,494,0,0.000000000,10072.006000000,10070.812000000,10070.806000000,0.000000000,1.194000000,597,0.600000000,7.674976160,26.980287226,120.250632552,1.719729479,13.927637616,1.000000000
828,history_hotspot_bfs,9841388825,512,22,490,284,500,494,5,1.000000000,10072.006000000,10034.536000000,10029.814000000,4.716000000,37.470000000,18735,13.800000000,7.674976160,26.264361016,122.388147099,1.228965498,13.545782335,1.000000000
829,fixed_random_bfs,1187119111,512,21,491,203,500,494,0,0.000000000,10072.006000000,10068.550000000,10068.544000000,0.000000000,3.456000000,1728,1.200000000,7.674976160,26.635005150,121.215959952,1.708239737,13.729419471,1.000000000
830,fixed_random_bfs,1919773620,512,41,471,1033,500,494,0,0.000000000,10072.006000000,10052.622000000,10052.616000000,0.000000000,19.384000000,9692,7.200000000,7.674976160,31.207136554,145.796699698,1.756927072,16.124592150,1.000000000
831,history_hotspot_bfs,11018676585,512,40,472,594,500,494,17,3.400000000,10072.006000000,9925.934000000,9910.508000000,15.420000000,146.072000000,73036,52.800000000,7.674976160,31.113673000,144.525690252,1.374492824,16.055081182,1.000000000
832,fixed_random_bfs,2854248778,512,18,494,257,500,494,0,0.000000000,10072.006000000,10057.822000000,10057.816000000,0.000000000,14.184000000,7092,5.000000000,7.674976160,26.639113932,126.837975653,1.250739146,13.729062499,1.000000000
833,history_hotspot_bfs,12456103086,512,20,492,138,500,494,13,2.600000000,10072.006000000,9928.958000000,9920.742000000,8.210000000,143.048000000,71524,60.400000000,7.674976160,22.942635402,105.866524149,1.340973438,11.796330501,1.000000000
834,fixed_random_bfs,6228577942,512,27,485,248,500,494,0,0.000000000,10072.006000000,10041.766000000,10041.760000000,0.000000000,30.240000000,15120,8.600000000,7.674976160,27.119793546,126.332493300,1.659343708,13.976884379,1.000000000
835,fixed_random_bfs,1520366710,512,23,489,383,500,494,0,0.000000000,10072.006000000,10068.816000000,10068.810000000,0.000000000,3.190000000,1595,1.800000000,7.674976160,26.533405706,122.619814300,1.645172418,13.688523035,1.000000000
836,fixed_random_bfs,13007100842,512,19,493,49,500,494,0,0.000000000,10072.006000000,10040.164000000,10040.158000000,0.000000000,31.842000000,15921,11.200000000,7.674976160,31.537917658,142.757601850,1.717195255,16.297206562,1.000000000
837,history_hotspot_bfs,13430226018,512,50,462,861,500,494,16,3.200000000,10072.006000000,9979.484000000,9966.210000000,13.268000000,92.522000000,46261,40.200000000,7.674976160,24.335786284,103.809207899,1.439740245,12.519475891,1.000000000
838,fixed_random_bfs,12131036962,512,14,498,38,500,494,0,0.000000000,10072.006000000,10059.206000000,10059.200000000,0.000000000,12.800000000,6400,4.000000000,7.674976160,25.546472654,116.469846601,1.082600198,13.146698119,1.000000000
839,fixed_random_bfs,64650189,512,25,487,553,500,494,0,0.000000000,10072.006000000,10050.352000000,10050.346000000,0.000000000,21.654000000,10827,6.400000000,7.674976160,29.402240276,128.849720650,1.369518667,15.164022804,1.000000000
840,history_hotspot_bfs,124384923,512,29,483,275,500,494,32,6.400000000,10072.006000000,9934.724000000,9913.356000000,21.362000000,137.282000000,68641,55.000000000,7.674976160,22.346020208,98.891918197,1.137537975,11.473047327,1.000000000
841,fixed_random_bfs,1520382617,512,26,486,490,500,494,0,0.000000000,10072.006000000,10069.962000000,10069.956000000,0.000000000,2.044000000,1022,0.800000000,7.674976160,26.731656294,125.131562149,1.228736568,13.781523099,1.000000000
842,history_hotspot_bfs,137819394,512,31,481,262,500,494,52,10.400000000,10072.006000000,9912.996000000,9883.438000000,29.552000000,159.010000000,79505,58.200000000,7.674976160,25.833673426,122.211370700,1.199095377,13.268373782,1.000000000
843,fixed_random_bfs,2469471998,512,27,485,211,500,494,0,0.000000000,10072.006000000,10068.288000000,10068.282000000,0.000000000,3.718000000,1859,3.600000000,7.674976160,27.762362558,130.932737100,1.221593780,14.317676469,1.000000000
844,fixed_random_bfs,1731183139,512,32,480,816,500,494,0,0.000000000,10072.006000000,10063.118000000,10063.112000000,0.000000000,8.888000000,4444,2.200000000,7.674976160,26.917188550,123.943503799,1.693251044,13.872433206,1.000000000
845,history_hotspot_bfs,343646665,512,55,457,914,500,494,22,4.400000000,10072.006000000,9956.962000000,9939.096000000,17.860000000,115.044000000,57522,54.800000000,7.674976160,27.368067512,114.990354750,1.397254242,14.106526387,1.000000000
846,fixed_random_bfs,5307690002,512,43,469,1199,500,494,11,2.200000000,10072.006000000,9998.350000000,9986.598000000,11.746000000,73.656000000,36828,25.200000000,7.674976160,27.005686340,126.734891803,1.249488290,13.906783218,1.000000000
847,history_hotspot_bfs,343646666,512,41,471,431,500,494,19,3.800000000,10072.006000000,9967.306000000,9949.042000000,18.258000000,104.700000000,52350,49.400000000,7.674976160,26.973039494,124.809079850,1.657558609,13.881100437,1.000000000
848,fixed_random_bfs,1436603178,512,24,488,208,500,494,1,0.200000000,10072.006000000,10061.170000000,10060.252000000,0.912000000,10.836000000,5418,4.600000000,7.674976160,27.390978626,127.687010898,1.248186907,14.115876653,1.000000000
849,fixed_random_bfs,1143317142,512,37,475,334,500,494,8,1.600000000,10072.006000000,9993.550000000,9987.572000000,5.972000000,78.456000000,39228,32.400000000,7.674976160,25.794382276,108.821725897,1.747963878,13.279514998,1.000000000
850,fixed_random_bfs,13945733928,512,26,486,295,500,494,0,0.000000000,10072.006000000,10051.136000000,10051.130000000,0.000000000,20.870000000,10435,4.600000000,7.674976160,28.733970134,130.251791201,1.299455490,14.812475203,1.000000000
851,fixed_random_bfs,10915059235,512,39,473,403,500,494,6,1.200000000,10072.006000000,9992.092000000,9987.682000000,4.404000000,79.914000000,39957,33.400000000,7.674976160,27.174416210,126.891377000,1.191245306,13.997423708,1.000000000
852,fixed_random_bfs,12128031535,512,27,485,368,500,494,0,0.000000000,10072.006000000,10050.348000000,10050.342000000,0.000000000,21.658000000,10829,5.200000000,7.674976160,31.746013374,144.666124048,1.229799773,16.396021626,1.000000000
853,spatial_uniform_bfs,1262328468,512,35,477,1058,500,494,0,0.000000000,10072.006000000,10062.252000000,10062.246000000,0.000000000,9.754000000,4877,4.400000000,7.674976160,31.749604576,142.385940699,1.784430608,16.399169914,1.000000000
854,fixed_random_bfs,13012313553,512,38,474,473,500,494,3,0.600000000,10072.006000000,10020.010000000,10016.412000000,3.592000000,51.996000000,25998,23.400000000,7.674976160,32.179769150,143.945430349,1.375913390,16.611721536,1.000000000
855,history_hotspot_bfs,1664454455,512,33,479,352,500,494,22,4.400000000,10072.006000000,9959.184000000,9944.446000000,14.732000000,112.822000000,56411,40.200000000,7.674976160,24.286535532,112.188153201,1.350223674,12.479946652,1.000000000
856,fixed_random_bfs,5849890921,512,41,471,493,500,494,15,3.000000000,10072.006000000,9965.340000000,9951.996000000,13.338000000,106.666000000,53333,39.000000000,7.674976160,23.423479862,106.504055801,1.399332240,12.037634149,1.000000000
857,fixed_random_bfs,1037307083,512,24,488,363,500,494,0,0.000000000,10072.006000000,10055.544000000,10055.538000000,0.000000000,16.462000000,8231,7.800000000,7.674976160,27.068790746,124.074099650,1.709247414,13.948614911,1.000000000
858,history_hotspot_bfs,1788786017,512,36,476,824,500,494,1,0.200000000,10072.006000000,9966.040000000,9965.062000000,0.972000000,105.966000000,52983,32.600000000,7.674976160,25.161526178,110.731838849,1.518120317,12.955076417,1.000000000
859,fixed_random_bfs,25532144,512,42,470,162,500,494,1,0.200000000,10072.006000000,10015.358000000,10014.954000000,0.398000000,56.648000000,28324,33.600000000,7.674976160,27.444282248,126.079403301,1.714914219,14.149321890,1.000000000
860,spatial_uniform_bfs,1148228499,512,34,478,964,500,494,0,0.000000000,10072.006000000,10062.740000000,10062.734000000,0.000000000,9.266000000,4633,4.400000000,7.674976160,27.116044678,125.215958300,1.231216004,13.972590310,1.000000000
861,fixed_random_bfs,1328041849,512,10,502,81,500,494,1,0.200000000,10072.006000000,10060.484000000,10059.454000000,1.024000000,11.522000000,5761,4.400000000,7.674976160,28.749161696,134.505960347,1.658407959,14.811816049,1.000000000
862,fixed_random_bfs,1262329290,512,24,488,298,500,494,0,0.000000000,10072.006000000,10043.308000000,10043.302000000,0.000000000,28.698000000,14349,9.200000000,7.674976160,32.167341134,152.916223150,1.325960456,16.609587123,1.000000000
863,fixed_random_bfs,1131291372,512,32,480,292,500,494,1,0.200000000,10072.006000000,10040.576000000,10040.566000000,0.004000000,31.430000000,15715,10.800000000,7.674976160,27.283047752,126.811943201,1.226900815,14.058689563,1.000000000
864,history_hotspot_bfs,2206192839,512,28,484,428,500,494,13,2.600000000,10072.006000000,9953.318000000,9945.744000000,7.568000000,118.688000000,59344,45.200000000,7.674976160,27.396575784,128.911533001,1.715811798,14.101424800,1.000000000
865,fixed_random_bfs,13370027491,512,22,490,222,500,494,0,0.000000000,10072.006000000,10068.678000000,10068.672000000,0.000000000,3.328000000,1664,1.400000000,7.674976160,24.384217192,106.354131251,0.983664283,12.552692826,1.000000000
866,fixed_random_bfs,4412468488,512,46,466,945,500,494,0,0.000000000,10072.006000000,10020.392000000,10020.386000000,0.000000000,51.614000000,25807,16.600000000,7.674976160,25.253134682,106.463962649,1.701705226,12.993429830,1.000000000
867,fixed_random_bfs,734659787,512,38,474,258,500,494,1,0.200000000,10072.006000000,10057.918000000,10057.410000000,0.502000000,14.088000000,7044,5.600000000,7.674976160,27.094333156,123.037726298,1.627895771,13.960324284,1.000000000
868,fixed_random_bfs,4438030089,512,44,468,296,500,494,9,1.800000000,10072.006000000,9957.780000000,9954.404000000,3.370000000,114.226000000,57113,47.600000000,7.674976160,25.798504568,120.091463748,0.953640569,13.274312109,1.000000000
869,history_hotspot_bfs,2685906086,512,35,477,300,500,494,43,8.600000000,10072.006000000,9915.756000000,9886.390000000,29.360000000,156.250000000,78125,69.400000000,7.674976160,24.791154814,106.702937700,0.960732385,12.752452575,1.000000000
870,fixed_random_bfs,4526689695,512,35,477,379,500,494,20,4.000000000,10072.006000000,9970.362000000,9952.326000000,18.030000000,101.644000000,50822,42.800000000,7.674976160,27.689965776,128.389468901,1.776351530,14.254202616,1.000000000
871,history_hotspot_bfs,3984886786,512,37,475,373,500,494,2,0.400000000,10072.006000000,10038.790000000,10037.144000000,1.640000000,33.216000000,16608,12.200000000,7.674976160,26.066746358,112.047457299,1.169628722,13.438162926,1.000000000
872,fixed_random_bfs,9922143987,512,24,488,312,500,494,3,0.600000000,10072.006000000,10067.922000000,10065.116000000,2.800000000,4.084000000,2042,1.600000000,7.674976160,28.273450382,128.151645350,1.405916648,14.579306790,1.000000000
873,spatial_uniform_bfs,1148143425,512,44,468,1350,500,494,0,0.000000000,10072.006000000,10063.186000000,10063.180000000,0.000000000,8.820000000,4410,4.600000000,7.674976160,31.867992326,148.433537199,1.858799753,16.463657761,1.000000000
874,history_hotspot_bfs,4356495991,512,40,472,404,500,494,41,8.200000000,10072.006000000,9897.140000000,9870.402000000,26.732000000,174.866000000,87433,66.600000000,7.674976160,27.314227874,126.273142199,1.228900580,14.048814343,1.000000000
875,fixed_random_bfs,8936327877,512,30,482,279,500,494,0,0.000000000,10072.006000000,10061.844000000,10061.838000000,0.000000000,10.162000000,5081,3.200000000,7.674976160,27.597398244,126.051247299,1.271642789,14.228735095,1.000000000
876,spatial_uniform_bfs,1262328347,512,35,477,908,500,494,0,0.000000000,10072.006000000,10062.386000000,10062.380000000,0.000000000,9.620000000,4810,4.600000000,7.674976160,30.332094426,133.456132299,1.638737504,15.648336479,1.000000000
877,fixed_random_bfs,1163403131,512,34,478,743,500,494,0,0.000000000,10072.006000000,10062.828000000,10062.822000000,0.000000000,9.178000000,4589,3.600000000,7.674976160,27.911330774,128.368989098,1.392639591,14.393700140,1.000000000
878,history_hotspot_bfs,5268162905,512,47,465,684,500,494,27,5.400000000,10072.006000000,9928.892000000,9906.878000000,22.008000000,143.114000000,71557,60.600000000,7.674976160,26.419893746,120.242885849,1.724746186,13.600530307,1.000000000
879,fixed_random_bfs,1556196994,512,19,493,342,500,494,0,0.000000000,10072.006000000,10070.010000000,10070.004000000,0.000000000,1.996000000,998,0.800000000,7.674976160,27.467476392,128.162371650,1.710923957,14.158112925,1.000000000
880,fixed_random_bfs,1642971058,512,25,487,224,500,494,0,0.000000000,10072.006000000,10067.650000000,10067.644000000,0.000000000,4.356000000,2178,1.800000000,7.674976160,27.663148184,118.786952100,1.808693274,14.265562710,1.000000000
881,fixed_random_bfs,5281885070,512,31,481,218,500,494,1,0.200000000,10072.006000000,10001.462000000,10000.652000000,0.804000000,70.544000000,35272,27.600000000,7.674976160,27.332525072,122.809830952,1.246896439,14.086688019,1.000000000
882,fixed_random_bfs,11394388198,512,29,483,329,500,494,2,0.400000000,10072.006000000,10050.104000000,10048.190000000,1.908000000,21.902000000,10951,7.000000000,7.674976160,29.292497134,126.694326352,1.017572672,15.114347958,1.000000000
883,spatial_uniform_bfs,6491942102,512,32,480,785,500,494,0,0.000000000,10072.006000000,10061.404000000,10061.398000000,0.000000000,10.602000000,5301,4.600000000,7.674976160,25.018166956,107.283612552,1.192723835,12.882878975,1.000000000
884,history_hotspot_bfs,8091600946,512,57,455,716,500,494,27,5.400000000,10072.006000000,9939.822000000,9921.648000000,18.168000000,132.184000000,66092,56.800000000,7.674976160,24.926232306,124.902363999,1.659948190,12.821775541,1.000000000
885,fixed_random_bfs,1143317207,512,36,476,546,500,494,0,0.000000000,10072.006000000,10044.102000000,10044.096000000,0.000000000,27.904000000,13952,8.200000000,7.674976160,26.859649344,119.698923448,1.860607153,13.847140797,1.000000000
886,fixed_random_bfs,698737749,512,23,489,142,500,494,1,0.200000000,10072.006000000,10042.256000000,10041.372000000,0.878000000,29.750000000,14875,8.200000000,7.674976160,26.697408260,123.548261451,1.706428885,13.759141158,1.000000000
887,fixed_random_bfs,12638608676,512,22,490,293,500,494,0,0.000000000,10072.006000000,10052.496000000,10052.490000000,0.000000000,19.510000000,9755,6.800000000,7.674976160,25.527918242,119.904640000,1.391074188,13.156234901,1.000000000
888,fixed_random_bfs,12486990550,512,19,493,108,500,494,0,0.000000000,10072.006000000,10067.046000000,10067.040000000,0.000000000,4.960000000,2480,3.000000000,7.674976160,26.666690312,122.701302899,1.696154541,13.751436827,1.000000000
889,fixed_random_bfs,702048345,512,31,481,631,500,494,0,0.000000000,10072.006000000,10070.594000000,10070.588000000,0.000000000,1.412000000,706,0.600000000,7.674976160,30.225794868,137.032942800,1.361582449,15.607284031,1.000000000
890,fixed_random_bfs,430262130,512,19,493,274,500,494,2,0.400000000,10072.006000000,10030.696000000,10028.668000000,2.022000000,41.310000000,20655,13.000000000,7.674976160,29.883414696,132.887257000,1.568687296,15.421616096,1.000000000
891,fixed_random_bfs,3150221379,512,32,480,392,500,494,0,0.000000000,10072.006000000,10061.936000000,10061.930000000,0.000000000,10.070000000,5035,3.200000000,7.674976160,25.096416024,111.592669701,0.949780838,12.929077300,1.000000000
892,spatial_uniform_bfs,1148228337,512,42,470,1141,500,494,0,0.000000000,10072.006000000,10061.628000000,10061.622000000,0.000000000,10.378000000,5189,4.600000000,7.674976160,25.484365870,120.668811148,1.402448300,13.138092750,1.000000000
893,fixed_random_bfs,12055130663,512,22,490,189,500,494,0,0.000000000,10072.006000000,10063.258000000,10063.252000000,0.000000000,8.748000000,4374,3.800000000,7.674976160,28.153257786,123.204734051,1.402303703,14.521810325,1.000000000
894,fixed_random_bfs,13038244561,512,35,477,765,500,494,0,0.000000000,10072.006000000,10070.804000000,10070.798000000,0.000000000,1.202000000,601,0.800000000,7.674976160,26.456723560,120.529439550,1.693892649,13.641190062,1.000000000
895,history_hotspot_bfs,11397043896,512,38,474,445,500,494,2,0.400000000,10072.006000000,10036.090000000,10034.368000000,1.716000000,35.916000000,17958,13.400000000,7.674976160,27.062708334,121.223816500,1.254547445,13.947875601,1.000000000
896,fixed_random_bfs,12055135304,512,25,487,404,500,494,0,0.000000000,10072.006000000,10058.262000000,10058.256000000,0.000000000,13.744000000,6872,5.800000000,7.674976160,27.105312288,124.494656403,1.717850195,13.964146169,1.000000000
897,spatial_uniform_bfs,1148143211,512,33,479,873,500,494,0,0.000000000,10072.006000000,10060.648000000,10060.642000000,0.000000000,11.358000000,5679,4.800000000,7.674976160,26.636033808,119.284460102,1.257210735,13.730056487,1.000000000
898,fixed_random_bfs,6249235104,512,45,467,547,500,494,7,1.400000000,10072.006000000,9998.436000000,9994.120000000,4.310000000,73.570000000,36785,31.600000000,7.674976160,30.834290072,142.209107899,1.713960553,15.910422278,1.000000000
899,history_hotspot_bfs,11429488481,512,37,475,312,500,494,35,7.000000000,10072.006000000,9903.756000000,9885.682000000,18.068000000,168.250000000,84125,68.400000000,7.674976160,26.576492672,120.265477149,1.619713391,13.676827696,1.000000000
900,fixed_random_bfs,6505017036,512,31,481,607,500,494,0,0.000000000,10072.006000000,10063.156000000,10063.150000000,0.000000000,8.850000000,4425,2.600000000,7.674976160,26.036608576,110.542214848,0.945658579,13.401109060,1.000000000
901,fixed_random_bfs,1143316741,512,32,480,268,500,494,2,0.400000000,10072.006000000,10039.004000000,10037.722000000,1.276000000,33.002000000,16501,9.400000000,7.674976160,26.724764736,125.434383001,1.188827266,13.779126615,1.000000000
902,history_hotspot_bfs,12148105780,512,40,472,501,500,494,12,2.400000000,10072.006000000,9942.582000000,9935.222000000,7.354000000,129.424000000,64712,49.600000000,7.674976160,25.037535590,106.584241802,1.351377735,12.881402307,1.000000000
903,fixed_random_bfs,500335384,512,31,481,494,500,494,0,0.000000000,10072.006000000,10050.296000000,10050.290000000,0.000000000,21.710000000,10855,4.600000000,7.674976160,26.800406094,119.431657401,1.202870588,13.812109079,1.000000000
904,fixed_random_bfs,1551004795,512,17,495,272,500,494,0,0.000000000,10072.006000000,10068.192000000,10068.186000000,0.000000000,3.814000000,1907,1.200000000,7.674976160,26.898999694,129.543815048,1.187927818,13.870360328,1.000000000
905,fixed_random_bfs,2213321429,512,26,486,181,500,494,74,14.800000000,10072.006000000,9923.350000000,9885.460000000,37.884000000,148.656000000,74328,59.000000000,7.674976160,27.446532990,110.748417247,1.330448774,14.129754344,1.000000000
906,fixed_random_bfs,1550561072,512,32,480,292,500,494,0,0.000000000,10072.006000000,10063.032000000,10063.026000000,0.000000000,8.974000000,4487,2.800000000,7.674976160,28.383360886,120.944611151,1.277667767,14.646540604,1.000000000
907,fixed_random_bfs,128668294,512,27,485,365,500,494,22,4.400000000,10072.006000000,9968.478000000,9948.924000000,19.548000000,103.528000000,51764,36.200000000,7.674976160,23.599226000,106.233266953,1.417753840,12.123574160,1.000000000
908,fixed_random_bfs,3134151980,512,23,489,123,500,494,0,0.000000000,10072.006000000,10066.474000000,10066.468000000,0.000000000,5.532000000,2766,3.600000000,7.674976160,28.402922480,125.179599149,1.339295763,14.644929352,1.000000000
909,fixed_random_bfs,12051483867,512,30,482,451,500,494,0,0.000000000,10072.006000000,10058.076000000,10058.070000000,0.000000000,13.930000000,6965,5.400000000,7.674976160,24.822866300,112.483496850,1.237732124,12.763039448,1.000000000
910,history_hotspot_bfs,13507274445,512,41,471,301,500,494,43,8.600000000,10072.006000000,9901.760000000,9873.014000000,28.740000000,170.246000000,85123,66.200000000,7.674976160,26.024201444,126.327904451,1.775136106,13.386437083,1.000000000
911,fixed_random_bfs,2184077119,512,38,474,835,500,494,1,0.200000000,10072.006000000,10033.376000000,10032.496000000,0.874000000,38.630000000,19315,15.400000000,7.674976160,31.945620940,147.449431700,1.742730086,16.486492031,1.000000000
912,fixed_random_bfs,8934377491,512,17,495,272,500,494,0,0.000000000,10072.006000000,10063.638000000,10063.632000000,0.000000000,8.368000000,4184,2.600000000,7.674976160,26.899269604,123.243860202,1.719558910,13.862151636,1.000000000
913,history_hotspot_bfs,25632463,512,46,466,538,500,494,25,5.000000000,10072.006000000,9921.744000000,9903.714000000,18.024000000,150.262000000,75131,64.600000000,7.674976160,27.001304690,122.398506551,1.267331240,13.899651361,1.000000000
914,fixed_random_bfs,1050531203,512,28,484,227,500,494,1,0.200000000,10072.006000000,10041.150000000,10040.322000000,0.822000000,30.856000000,15428,13.400000000,7.674976160,26.964060456,121.748823402,1.217358423,13.898149724,1.000000000
915,fixed_random_bfs,8011183435,512,22,490,232,500,494,0,0.000000000,10072.006000000,10064.432000000,10064.426000000,0.000000000,7.574000000,3787,3.000000000,7.674976160,28.549366130,123.774668300,1.767382989,14.731323495,1.000000000
916,fixed_random_bfs,1173444039,512,23,489,364,500,494,0,0.000000000,10072.006000000,10068.434000000,10068.428000000,0.000000000,3.572000000,1786,0.800000000,7.674976160,27.627968064,124.852189697,1.259028448,14.245112274,1.000000000
917,fixed_random_bfs,497301828,512,26,486,243,500,494,1,0.200000000,10072.006000000,10004.050000000,10003.288000000,0.756000000,67.956000000,33978,23.000000000,7.674976160,26.898310724,127.030230548,1.622267121,13.858853546,1.000000000
918,fixed_random_bfs,1165931639,512,36,476,628,500,494,0,0.000000000,10072.006000000,10061.010000000,10061.004000000,0.000000000,10.996000000,5498,3.400000000,7.674976160,26.867257642,121.522533597,1.203499378,13.846047310,1.000000000
919,fixed_random_bfs,454550131,512,27,485,351,500,494,2,0.400000000,10072.006000000,10040.008000000,10038.086000000,1.916000000,31.998000000,15999,12.600000000,7.674976160,26.894661288,125.109476649,1.647816674,13.867536591,1.000000000
920,history_hotspot_bfs,343646762,512,41,471,693,500,494,17,3.400000000,10072.006000000,9967.154000000,9953.178000000,13.970000000,104.852000000,52426,42.600000000,7.674976160,26.824778230,125.731876901,1.605556959,13.817164287,1.000000000
921,history_hotspot_bfs,410370668,512,45,467,505,500,494,15,3.000000000,10072.006000000,9976.310000000,9966.112000000,10.192000000,95.696000000,47848,38.600000000,7.674976160,24.416287248,106.157677200,1.077976173,12.555811516,1.000000000
922,fixed_random_bfs,10284203355,512,18,494,228,500,494,4,0.800000000,10072.006000000,10033.588000000,10030.584000000,2.998000000,38.418000000,19209,14.200000000,7.674976160,31.766665048,150.210308601,1.302494302,16.417378238,1.000000000
923,fixed_random_bfs,450324063,512,30,482,785,500,494,0,0.000000000,10072.006000000,10065.024000000,10065.018000000,0.000000000,6.982000000,3491,3.000000000,7.674976160,24.984919542,112.719037847,1.776536571,12.859848735,1.000000000
924,fixed_random_bfs,1556196243,512,17,495,272,500,494,0,0.000000000,10072.006000000,10070.026000000,10070.020000000,0.000000000,1.980000000,990,0.400000000,7.674976160,24.852850530,111.668423897,1.359853026,12.792526941,1.000000000
925,fixed_random_bfs,11364764954,512,38,474,533,500,494,0,0.000000000,10072.006000000,10042.890000000,10042.884000000,0.000000000,29.116000000,14558,10.600000000,7.674976160,28.798646210,127.434368400,1.772307869,14.844822849,1.000000000
926,fixed_random_bfs,1548078127,512,24,488,253,500,494,1,0.200000000,10072.006000000,10043.240000000,10042.490000000,0.744000000,28.766000000,14383,15.600000000,7.674976160,24.595646770,108.824123499,1.004289432,12.659638831,1.000000000
927,fixed_random_bfs,8375236702,512,31,481,492,500,494,3,0.600000000,10072.006000000,9963.274000000,9961.356000000,1.912000000,108.732000000,54366,30.800000000,7.674976160,27.399452234,126.937322602,1.734646665,14.108837237,1.000000000
928,history_hotspot_bfs,480328314,512,29,483,451,500,494,7,1.400000000,10072.006000000,9991.252000000,9985.546000000,5.700000000,80.754000000,40377,24.200000000,7.674976160,27.079598786,129.752556399,1.282426744,13.945219794,1.000000000
929,fixed_random_bfs,534478825,512,36,476,423,500,494,19,3.800000000,10072.006000000,9962.034000000,9947.638000000,14.390000000,109.972000000,54986,40.000000000,7.674976160,30.331572562,131.644235399,1.673086059,15.636146658,1.000000000
930,fixed_random_bfs,1126355534,512,25,487,348,500,494,0,0.000000000,10072.006000000,10050.768000000,10050.762000000,0.000000000,21.238000000,10619,7.200000000,7.674976160,27.998176614,117.332069999,1.336990550,14.436115688,1.000000000
931,spatial_uniform_bfs,1148228088,512,31,481,711,500,494,0,0.000000000,10072.006000000,10060.708000000,10060.702000000,0.000000000,11.298000000,5649,4.600000000,7.674976160,26.825688366,120.526114951,1.728452878,13.820201091,1.000000000
932,history_hotspot_bfs,1487204360,512,26,486,445,500,494,1,0.200000000,10072.006000000,10057.054000000,10056.050000000,0.998000000,14.952000000,7476,4.400000000,7.674976160,27.606731684,121.366530150,1.346968145,14.237290888,1.000000000
933,fixed_random_bfs,4695855091,512,37,475,906,500,494,2,0.400000000,10072.006000000,10063.230000000,10061.272000000,1.952000000,8.776000000,4388,2.800000000,7.674976160,26.838436078,119.928436349,1.245157960,13.822713944,1.000000000
934,spatial_uniform_bfs,1148228630,512,33,479,776,500,494,0,0.000000000,10072.006000000,10060.354000000,10060.348000000,0.000000000,11.652000000,5826,5.200000000,7.674976160,24.594410304,113.085251801,1.645787013,12.680853909,1.000000000
935,fixed_random_bfs,4463731558,512,35,477,454,500,494,1,0.200000000,10072.006000000,10010.686000000,10009.762000000,0.918000000,61.320000000,30660,21.600000000,7.674976160,26.618011362,124.863885548,1.212293102,13.719153280,1.000000000
936,fixed_random_bfs,6845383892,512,27,485,532,500,494,0,0.000000000,10072.006000000,10068.118000000,10068.112000000,0.000000000,3.888000000,1944,1.200000000,7.674976160,29.826651654,128.964569698,1.358777867,15.398873998,1.000000000
937,spatial_uniform_bfs,1148227885,512,35,477,879,500,494,0,0.000000000,10072.006000000,10061.290000000,10061.284000000,0.000000000,10.716000000,5358,4.600000000,7.674976160,26.522428238,125.969967453,1.228741858,13.667467927,1.000000000
938,history_hotspot_bfs,1731168732,512,28,484,216,500,494,9,1.800000000,10072.006000000,9994.798000000,9987.890000000,6.902000000,77.208000000,38604,30.800000000,7.674976160,28.319873388,122.929471049,1.331811702,14.596104171,1.000000000
939,fixed_random_bfs,129548931,512,51,461,681,500,494,34,6.800000000,10072.006000000,9951.012000000,9926.102000000,24.904000000,120.994000000,60497,53.600000000,7.674976160,23.612664086,107.171930900,1.163072539,12.130938421,1.000000000
940,fixed_random_bfs,1324733180,512,31,481,786,500,494,1,0.200000000,10072.006000000,10070.604000000,10069.580000000,1.018000000,1.402000000,701,1.400000000,7.674976160,31.566239538,147.299818497,1.331074500,16.297626700,1.000000000
941,fixed_random_bfs,5271102193,512,37,475,498,500,494,0,0.000000000,10072.006000000,10050.110000000,10050.104000000,0.000000000,21.896000000,10948,6.800000000,7.674976160,26.120971514,127.892656352,1.617814885,13.446892364,1.000000000
942,history_hotspot_bfs,2319991795,512,34,478,214,500,494,78,15.600000000,10072.006000000,9900.106000000,9867.346000000,32.754000000,171.900000000,85950,61.000000000,7.674976160,24.912506674,112.023132599,1.119319516,12.770879400,1.000000000
943,fixed_random_bfs,4441072618,512,39,473,849,500,494,1,0.200000000,10072.006000000,10006.198000000,10006.186000000,0.006000000,65.808000000,32904,26.600000000,7.674976160,26.966034128,123.267946848,1.671210902,13.895472002,1.000000000
944,history_hotspot_bfs,2422037958,512,24,488,346,500,494,3,0.600000000,10072.006000000,10011.522000000,10008.632000000,2.884000000,60.484000000,30242,19.000000000,7.674976160,27.246793636,125.095062202,1.221677811,14.040274974,1.000000000
945,fixed_random_bfs,13381299152,512,18,494,227,500,494,0,0.000000000,10072.006000000,10066.724000000,10066.718000000,0.000000000,5.282000000,2641,3.000000000,7.674976160,29.137710424,135.132790199,1.682187307,15.021297674,1.000000000
946,spatial_uniform_bfs,1148143437,512,32,480,844,500,494,0,0.000000000,10072.006000000,10059.316000000,10059.310000000,0.000000000,12.690000000,6345,5.800000000,7.674976160,26.242816014,112.807935252,1.346921608,13.502581609,1.000000000
947,fixed_random_bfs,3921306354,512,31,481,631,500,494,0,0.000000000,10072.006000000,10051.310000000,10051.304000000,0.000000000,20.696000000,10348,5.200000000,7.674976160,27.044752412,118.422172699,1.213092020,13.938970617,1.000000000
948,fixed_random_bfs,1112073344,512,38,474,566,500,494,0,0.000000000,10072.006000000,10042.608000000,10042.602000000,0.000000000,29.398000000,14699,13.600000000,7.674976160,29.429585718,120.599161902,1.429509840,15.188789759,1.000000000
949,history_hotspot_bfs,3394631328,512,22,490,203,500,494,3,0.600000000,10072.006000000,10008.932000000,10006.368000000,2.558000000,63.074000000,31537,23.000000000,7.674976160,27.006965306,122.389885097,1.648971135,13.921472049,1.000000000
950,fixed_random_bfs,4566797444,512,27,485,448,500,494,10,2.000000000,10072.006000000,9987.808000000,9978.090000000,9.712000000,84.198000000,42099,36.200000000,7.674976160,27.008052344,112.442912599,1.326880211,13.909387324,1.000000000
951,history_hotspot_bfs,3950967585,512,36,476,285,500,494,21,4.200000000,10072.006000000,9917.506000000,9902.972000000,14.528000000,154.500000000,77250,54.600000000,7.674976160,28.326424568,135.312018953,1.664299547,14.596582439,1.000000000
952,fixed_random_bfs,1670426636,512,31,481,306,500,494,1,0.200000000,10072.006000000,10031.992000000,10031.946000000,0.040000000,40.014000000,20007,19.400000000,7.674976160,26.978948528,127.959433100,1.723473978,13.904137277,1.000000000
953,spatial_uniform_bfs,1148228424,512,32,480,792,500,494,0,0.000000000,10072.006000000,10059.600000000,10059.594000000,0.000000000,12.406000000,6203,5.400000000,7.674976160,26.050026340,114.339619400,1.724847904,13.409146027,1.000000000
954,fixed_random_bfs,6994660235,512,33,479,707,500,494,0,0.000000000,10072.006000000,10070.584000000,10070.578000000,0.000000000,1.422000000,711,0.600000000,7.674976160,27.129356816,124.821535749,1.222180192,13.979819827,1.000000000
955,spatial_uniform_bfs,1148228545,512,38,474,932,500,494,0,0.000000000,10072.006000000,10060.168000000,10060.162000000,0.000000000,11.838000000,5919,4.800000000,7.674976160,30.019305132,127.175102650,1.508480320,15.486520588,1.000000000
956,history_hotspot_bfs,4598151026,512,40,472,490,500,494,9,1.800000000,10072.006000000,9978.092000000,9970.710000000,7.376000000,93.914000000,46957,29.400000000,7.674976160,31.686600602,145.541142898,1.264759323,16.337973958,1.000000000
957,fixed_random_bfs,4644509199,512,33,479,518,500,494,3,0.600000000,10072.006000000,10062.272000000,10059.530000000,2.736000000,9.734000000,4867,5.200000000,7.674976160,26.815973798,121.902602500,1.630558193,13.797036897,1.000000000
958,spatial_uniform_bfs,4838615905,512,33,479,874,500,494,0,0.000000000,10072.006000000,10061.814000000,10061.808000000,0.000000000,10.192000000,5096,4.400000000,7.674976160,27.839008346,120.609483852,1.280200216,14.333587568,1.000000000
959,history_hotspot_bfs,4708552369,512,45,467,428,500,494,25,5.000000000,10072.006000000,9942.022000000,9926.148000000,15.868000000,129.984000000,64992,56.800000000,7.674976160,26.415729196,117.714233399,1.411265113,13.594738782,1.000000000
960,fixed_random_bfs,11635586344,512,41,471,1335,500,494,0,0.000000000,10072.006000000,10063.522000000,10063.516000000,0.000000000,8.484000000,4242,2.800000000,7.674976160,27.326633098,130.492003650,1.732023758,14.078888786,1.000000000
961,spatial_uniform_bfs,4838615909,512,34,478,750,500,494,0,0.000000000,10072.006000000,10060.972000000,10060.966000000,0.000000000,11.034000000,5517,4.800000000,7.674976160,26.408768316,111.648809799,1.432674031,13.603409951,1.000000000
962,fixed_random_bfs,1551011927,512,33,479,788,500,494,1,0.200000000,10072.006000000,10047.804000000,10046.798000000,1.000000000,24.202000000,12101,7.400000000,7.674976160,24.817955068,103.997163801,1.038901547,12.780237201,1.000000000
963,history_hotspot_bfs,4751728014,512,35,477,412,500,494,17,3.400000000,10072.006000000,9926.630000000,9910.298000000,16.326000000,145.376000000,72688,51.800000000,7.674976160,27.205558952,127.027246652,1.674276877,14.005946825,1.000000000
964,fixed_random_bfs,1216830857,512,40,472,218,500,494,1,0.200000000,10072.006000000,10000.028000000,9999.532000000,0.490000000,71.978000000,35989,29.600000000,7.674976160,28.246656994,131.934752801,1.368145303,14.563917740,1.000000000
965,fixed_random_bfs,6394782026,512,27,485,327,500,494,0,0.000000000,10072.006000000,10050.478000000,10050.472000000,0.000000000,21.528000000,10764,4.800000000,7.674976160,28.003220956,129.081296251,1.234259550,14.431564418,1.000000000
966,fixed_random_bfs,3913816566,512,23,489,484,500,494,0,0.000000000,10072.006000000,10059.160000000,10059.154000000,0.000000000,12.846000000,6423,3.200000000,7.674976160,27.236727752,127.001255949,1.692146868,14.041443811,1.000000000
967,fixed_random_bfs,1198829476,512,29,483,449,500,494,1,0.200000000,10072.006000000,10059.348000000,10058.370000000,0.972000000,12.658000000,6329,4.600000000,7.674976160,26.761603956,107.261149252,1.128142017,13.787434784,1.000000000
968,fixed_random_bfs,12051485772,512,32,480,656,500,494,0,0.000000000,10072.006000000,10056.582000000,10056.576000000,0.000000000,15.424000000,7712,5.800000000,7.674976160,26.770280034,114.176832002,1.023931608,13.804670718,1.000000000
969,fixed_random_bfs,1147305578,512,34,478,201,500,494,1,0.200000000,10072.006000000,10051.542000000,10050.948000000,0.588000000,20.464000000,10232,9.000000000,7.674976160,26.904719174,124.040404399,1.210195254,13.860716734,1.000000000
970,fixed_random_bfs,4458099456,512,31,481,304,500,494,13,2.600000000,10072.006000000,9950.532000000,9939.626000000,10.900000000,121.474000000,60737,43.000000000,7.674976160,27.236164252,130.180307850,1.626624736,14.026619975,1.000000000
971,history_hotspot_bfs,9037852789,512,41,471,280,500,494,40,8.000000000,10072.006000000,9938.982000000,9911.880000000,27.096000000,133.024000000,66512,48.600000000,7.674976160,29.167177856,128.971601951,1.310008582,15.027956371,1.000000000
972,fixed_random_bfs,13046307574,512,32,480,537,500,494,0,0.000000000,10072.006000000,10055.512000000,10055.506000000,0.000000000,16.494000000,8247,5.600000000,7.674976160,25.263227370,112.600080400,1.059899653,13.007944253,1.000000000
973,fixed_random_bfs,1191411624,512,39,473,1004,500,494,0,0.000000000,10072.006000000,10066.360000000,10066.354000000,0.000000000,5.646000000,2823,2.200000000,7.674976160,31.387381730,149.435283399,1.702576521,16.208929820,1.000000000
974,fixed_random_bfs,8303467628,512,26,486,282,500,494,1,0.200000000,10072.006000000,10039.382000000,10038.498000000,0.878000000,32.624000000,16312,8.800000000,7.674976160,29.625868196,133.872641449,1.811952975,15.275335582,1.000000000
975,history_hotspot_bfs,10892368778,512,41,471,478,500,494,12,2.400000000,10072.006000000,9936.958000000,9927.870000000,9.082000000,135.048000000,67524,50.600000000,7.674976160,23.585136840,110.025699151,1.533668171,12.141359359,1.000000000
976,fixed_random_bfs,3713843052,512,29,483,117,500,494,11,2.200000000,10072.006000000,10023.518000000,10017.804000000,5.708000000,48.488000000,24244,29.400000000,7.674976160,27.822651852,128.072750549,1.252842778,14.324886883,1.000000000
977,fixed_random_bfs,1300694076,512,31,481,733,500,494,0,0.000000000,10072.006000000,10070.966000000,10070.960000000,0.000000000,1.040000000,520,0.400000000,7.674976160,26.849186422,116.722458800,1.450748676,13.830904439,1.000000000
978,fixed_random_bfs,3679308954,512,32,480,234,500,494,0,0.000000000,10072.006000000,10063.100000000,10063.094000000,0.000000000,8.906000000,4453,7.000000000,7.674976160,25.015276824,106.208010701,1.027062475,12.871187628,1.000000000
979,fixed_random_bfs,1291503779,512,37,475,483,500,494,16,3.200000000,10072.006000000,9972.014000000,9957.386000000,14.622000000,99.992000000,49996,37.600000000,7.674976160,26.843675366,122.625809799,1.217514288,13.823310675,1.000000000
980,history_hotspot_bfs,12458783071,512,36,476,267,500,494,66,13.200000000,10072.006000000,9907.166000000,9859.758000000,47.402000000,164.840000000,82420,61.000000000,7.674976160,26.542045246,123.452660848,1.749678631,13.634222457,1.000000000
981,fixed_random_bfs,4965877140,512,24,488,507,500,494,1,0.200000000,10072.006000000,10064.008000000,10062.980000000,1.022000000,7.998000000,3999,2.600000000,7.674976160,26.741719918,122.175200600,1.671406637,13.776739641,1.000000000
982,fixed_random_bfs,11105950323,512,49,463,694,500,494,17,3.400000000,10072.006000000,9979.834000000,9967.710000000,12.118000000,92.172000000,46086,42.200000000,7.674976160,28.213070126,124.271013348,1.280711847,14.543163357,1.000000000
983,spatial_uniform_bfs,1164520553,512,32,480,772,500,494,1,0.200000000,10072.006000000,10064.934000000,10064.068000000,0.860000000,7.072000000,3536,2.600000000,7.674976160,30.991498322,145.773459349,1.823865431,16.000004068,1.000000000
984,fixed_random_bfs,12461736113,512,22,490,79,500,494,0,0.000000000,10072.006000000,10060.834000000,10060.828000000,0.000000000,11.172000000,5586,4.200000000,7.674976160,24.913138568,102.699986150,1.693428268,12.813601275,1.000000000
985,fixed_random_bfs,4767426076,512,21,491,164,500,494,0,0.000000000,10072.006000000,10052.510000000,10052.504000000,0.000000000,19.496000000,9748,5.200000000,7.674976160,26.779523668,129.918173499,1.670473712,13.797856409,1.000000000
986,fixed_random_bfs,1548068554,512,22,490,217,500,494,1,0.200000000,10072.006000000,10050.742000000,10049.800000000,0.936000000,21.264000000,10632,6.400000000,7.674976160,26.430183118,120.403779900,1.176630325,13.625318494,1.000000000
987,spatial_uniform_bfs,1148143711,512,31,481,656,500,494,0,0.000000000,10072.006000000,10063.978000000,10063.972000000,0.000000000,8.028000000,4014,3.000000000,7.674976160,28.335530462,118.361835449,1.366429865,14.596203296,1.000000000
988,history_hotspot_bfs,137994655,512,47,465,357,500,494,29,5.800000000,10072.006000000,9911.432000000,9899.708000000,11.718000000,160.574000000,80287,65.000000000,7.674976160,24.819117128,109.749932301,1.285234727,12.754688302,1.000000000
989,fixed_random_bfs,8421467159,512,26,486,335,500,494,4,0.800000000,10072.006000000,10010.420000000,10006.796000000,3.618000000,61.586000000,30793,20.600000000,7.674976160,25.895005800,120.903126798,1.376924732,13.347134356,1.000000000
990,fixed_random_bfs,1143317433,512,24,488,413,500,494,0,0.000000000,10072.006000000,10047.260000000,10047.254000000,0.000000000,24.746000000,12373,7.600000000,7.674976160,26.799375072,123.300516601,1.725055564,13.803155021,1.000000000
991,history_hotspot_bfs,138198392,512,48,464,456,500,494,28,5.600000000,10072.006000000,9930.918000000,9915.336000000,15.576000000,141.088000000,70544,62.200000000,7.674976160,26.206346938,120.377043852,1.735820509,13.485540340,1.000000000
992,fixed_random_bfs,1147306980,512,29,483,285,500,494,1,0.200000000,10072.006000000,10049.222000000,10048.392000000,0.824000000,22.784000000,11392,7.400000000,7.674976160,31.260639382,140.343279498,1.430813604,16.151030776,1.000000000
993,history_hotspot_bfs,411504969,512,41,471,628,500,494,12,2.400000000,10072.006000000,9981.506000000,9974.986000000,6.514000000,90.500000000,45250,37.200000000,7.674976160,26.921706370,124.239538399,1.194126858,13.870430891,1.000000000
994,fixed_random_bfs,1839824347,512,44,468,1132,500,494,0,0.000000000,10072.006000000,10043.986000000,10043.980000000,0.000000000,28.020000000,14010,9.600000000,7.674976160,26.644097660,123.677341450,1.361260359,13.726213452,1.000000000
995,fixed_random_bfs,1143318758,512,32,480,473,500,494,3,0.600000000,10072.006000000,10044.994000000,10042.078000000,2.910000000,27.012000000,13506,12.200000000,7.674976160,26.336643924,120.177640800,1.585931078,13.564448684,1.000000000
996,history_hotspot_bfs,428217657,512,35,477,228,500,494,9,1.800000000,10072.006000000,9967.146000000,9965.338000000,1.802000000,104.860000000,52430,33.000000000,7.674976160,23.558480850,101.931661800,0.971767881,12.105423307,1.000000000
997,fixed_random_bfs,4761669979,512,31,481,513,500,494,0,0.000000000,10072.006000000,10049.230000000,10049.224000000,0.000000000,22.776000000,11388,9.400000000,7.674976160,26.504945196,125.651202700,1.202271026,13.669174014,1.000000000
998,history_hotspot_bfs,474780958,512,40,472,546,500,494,25,5.000000000,10072.006000000,9923.410000000,9906.208000000,17.196000000,148.596000000,74298,52.600000000,7.674976160,30.590359708,146.031234801,1.718984926,15.795966892,1.000000000
999,fixed_random_bfs,4527005332,512,32,480,328,500,494,0,0.000000000,10072.006000000,10055.800000000,10055.794000000,0.000000000,16.206000000,8103,6.400000000,7.674976160,22.085912360,103.170331300,0.930030505,11.359978159,1.000000000
1000,spatial_uniform_bfs,1148227994,512,27,485,626,500,494,0,0.000000000,10072.006000000,10063.794000000,10063.788000000,0.000000000,8.212000000,4106,3.000000000,7.674976160,26.986813000,129.657578652,1.178848788,13.914550748,1.000000000
1001,fixed_random_bfs,7678725064,512,39,473,740,500,494,0,0.000000000,10072.006000000,10060.600000000,10060.594000000,0.000000000,11.406000000,5703,4.200000000,7.674976160,26.620336774,112.394860250,1.649660397,13.729258292,1.000000000
1002,fixed_random_bfs,12055134685,512,32,480,302,500,494,0,0.000000000,10072.006000000,10063.860000000,10063.854000000,0.000000000,8.146000000,4073,5.200000000,7.674976160,28.726533368,131.507106201,1.274273798,14.812224613,1.000000000
1003,spatial_uniform_bfs,11358715113,512,34,478,873,500,494,1,0.200000000,10072.006000000,10065.226000000,10064.238000000,0.982000000,6.780000000,3390,2.800000000,7.674976160,26.339072272,125.877243149,1.450760700,13.579406680,1.000000000
1004,history_hotspot_bfs,1252543227,512,37,475,347,500,494,50,10.000000000,10072.006000000,9915.274000000,9882.586000000,32.682000000,156.732000000,78366,60.200000000,7.674976160,30.036008186,126.878334899,1.328212147,15.450445506,1.000000000
1005,spatial_uniform_bfs,1148143311,512,34,478,880,500,494,1,0.200000000,10072.006000000,10065.256000000,10064.302000000,0.948000000,6.750000000,3375,3.000000000,7.674976160,27.961806786,117.699852949,1.034676190,14.420926778,1.000000000
1006,history_hotspot_bfs,1314205272,512,20,492,108,500,494,1,0.200000000,10072.006000000,10038.900000000,10038.888000000,0.006000000,33.106000000,16553,11.000000000,7.674976160,27.754400566,121.505530100,1.268007545,14.310268147,1.000000000
1007,fixed_random_bfs,12964656084,512,38,474,713,500,494,1,0.200000000,10072.006000000,10045.982000000,10045.056000000,0.920000000,26.024000000,13012,9.000000000,7.674976160,25.143817374,106.922264951,1.261537380,12.943133378,1.000000000
1008,fixed_random_bfs,3573222475,512,22,490,251,500,494,0,0.000000000,10072.006000000,10049.218000000,10049.212000000,0.000000000,22.788000000,11394,8.200000000,7.674976160,28.570933216,135.905190200,1.711771014,14.725392446,1.000000000
1009,spatial_uniform_bfs,1148228360,512,42,470,1376,500,494,0,0.000000000,10072.006000000,10063.974000000,10063.968000000,0.000000000,8.032000000,4016,3.600000000,7.674976160,27.739086688,129.238678900,1.677834084,14.304831721,1.000000000
1010,fixed_random_bfs,12459075394,512,40,472,439,500,494,0,0.000000000,10072.006000000,10046.776000000,10046.770000000,0.000000000,25.230000000,12615,10.200000000,7.674976160,30.069817318,145.469601600,1.481242014,15.517803420,1.000000000
1011,fixed_random_bfs,4477811710,512,21,491,245,500,494,3,0.600000000,10072.006000000,10044.382000000,10041.492000000,2.884000000,27.624000000,13812,8.600000000,7.674976160,28.552137216,125.135455300,1.251930283,14.728063608,1.000000000
1012,history_hotspot_bfs,3092543636,512,27,485,254,500,494,34,6.800000000,10072.006000000,9922.270000000,9897.882000000,24.382000000,149.736000000,74868,54.800000000,7.674976160,23.119336274,105.663044149,2.011345625,11.883033562,1.000000000
1013,fixed_random_bfs,4567258270,512,22,490,220,500,494,0,0.000000000,10072.006000000,10049.494000000,10049.488000000,0.000000000,22.512000000,11256,9.400000000,7.674976160,27.085638914,128.103408148,2.097329869,13.956465468,1.000000000
1014,fixed_random_bfs,1419378645,512,22,490,401,500,494,0,0.000000000,10072.006000000,10068.266000000,10068.260000000,0.000000000,3.740000000,1870,1.200000000,7.674976160,30.880165676,147.866828649,1.974973629,15.936547145,1.000000000
1015,fixed_random_bfs,1173487052,512,27,485,370,500,494,0,0.000000000,10072.006000000,10067.996000000,10067.990000000,0.000000000,4.010000000,2005,1.200000000,7.674976160,27.018192868,126.016955449,1.795374253,13.915910864,1.000000000
1016,spatial_uniform_bfs,1163402072,512,39,473,1093,500,494,0,0.000000000,10072.006000000,10063.368000000,10063.362000000,0.000000000,8.638000000,4319,3.200000000,7.674976160,26.417610024,122.790195198,1.346168594,13.618161710,1.000000000
1017,history_hotspot_bfs,3452961282,512,46,466,454,500,494,10,2.000000000,10072.006000000,9985.482000000,9979.546000000,5.930000000,86.524000000,43262,33.400000000,7.674976160,28.870212840,132.379172450,1.268904842,14.886061118,1.000000000
1018,fixed_random_bfs,4567403788,512,27,485,199,500,494,7,1.400000000,10072.006000000,9980.414000000,9974.204000000,6.204000000,91.592000000,45796,29.000000000,7.674976160,24.468704994,107.717580402,1.399093457,12.588903517,1.000000000
1019,history_hotspot_bfs,3695776123,512,33,479,283,500,494,47,9.400000000,10072.006000000,9906.928000000,9874.716000000,32.206000000,165.078000000,82539,64.200000000,7.674976160,29.822254556,129.854542202,1.210906991,15.356017191,1.000000000
1020,fixed_random_bfs,12051483783,512,35,477,569,500,494,0,0.000000000,10072.006000000,10058.994000000,10058.988000000,0.000000000,13.012000000,6506,5.400000000,7.674976160,29.901620728,125.073201349,1.783627212,15.438535514,1.000000000
1021,fixed_random_bfs,3846227355,512,31,481,359,500,494,0,0.000000000,10072.006000000,10065.138000000,10065.132000000,0.000000000,6.868000000,3434,2.200000000,7.674976160,26.756241520,125.132280950,1.663046652,13.785410508,1.000000000
1022,history_hotspot_bfs,4452315730,512,26,486,251,500,494,21,4.200000000,10072.006000000,9962.338000000,9951.818000000,10.514000000,109.668000000,54834,37.800000000,7.674976160,22.801260670,96.523310549,1.288265224,11.723208281,1.000000000
1023,fixed_random_bfs,12459441504,512,49,463,510,500,494,3,0.600000000,10072.006000000,10037.640000000,10037.506000000,0.128000000,34.366000000,17183,12.400000000,7.674976160,27.691859208,127.281371450,1.693978324,14.264672983,1.000000000
1024,fixed_random_bfs,1262328746,512,16,496,115,500,494,0,0.000000000,10072.006000000,10056.766000000,10056.760000000,0.000000000,15.240000000,7620,5.800000000,7.674976160,30.746370170,141.628083548,1.216055026,15.871285603,1.000000000
1025,fixed_random_bfs,4183597895,512,29,483,372,500,494,4,0.800000000,10072.006000000,9997.838000000,9994.064000000,3.768000000,74.168000000,37084,28.000000000,7.674976160,24.425445060,109.825649452,1.234491459,12.569824226,1.000000000
1026,fixed_random_bfs,5185083237,512,20,492,128,500,494,1,0.200000000,10072.006000000,10017.014000000,10016.164000000,0.844000000,54.992000000,27496,18.600000000,7.674976160,26.876040346,121.258552898,1.181271750,13.850812231,1.000000000
1027,history_hotspot_bfs,4685392606,512,41,471,357,500,494,27,5.400000000,10072.006000000,9892.428000000,9877.204000000,15.218000000,179.578000000,89789,71.200000000,7.674976160,27.082333382,119.998079752,1.728388608,13.926766478,1.000000000
1028,fixed_random_bfs,293055543,512,22,490,231,500,494,0,0.000000000,10072.006000000,10070.724000000,10070.718000000,0.000000000,1.282000000,641,2.800000000,7.674976160,23.515787438,109.486382448,1.078981118,12.090994411,1.000000000
1029,fixed_random_bfs,446319883,512,23,489,402,500,494,0,0.000000000,10072.006000000,10059.884000000,10059.878000000,0.000000000,12.122000000,6061,4.600000000,7.674976160,26.941573336,122.967444950,1.202021116,13.886472821,1.000000000
1030,fixed_random_bfs,263576262,512,30,482,257,500,494,0,0.000000000,10072.006000000,10054.850000000,10054.844000000,0.000000000,17.156000000,8578,8.200000000,7.674976160,28.160526990,129.973468749,1.340055413,14.532447436,1.000000000
1031,fixed_random_bfs,697445011,512,35,477,617,500,494,1,0.200000000,10072.006000000,10041.290000000,10040.416000000,0.868000000,30.716000000,15358,9.000000000,7.674976160,26.422311468,124.343365699,1.683115108,13.613151462,1.000000000
1032,fixed_random_bfs,1186511141,512,24,488,485,500,494,1,0.200000000,10072.006000000,10069.816000000,10068.790000000,1.020000000,2.190000000,1095,0.600000000,7.674976160,27.923039562,129.094587548,1.232118161,14.400017838,1.000000000
1033,history_hotspot_bfs,8184149274,512,37,475,793,500,494,1,0.200000000,10072.006000000,10056.406000000,10055.494000000,0.906000000,15.600000000,7800,6.000000000,7.674976160,24.491796570,111.603196750,0.992886467,12.597378269,1.000000000
1034,fixed_random_bfs,1731168971,512,46,466,791,500,494,4,0.800000000,10072.006000000,10005.386000000,10003.318000000,2.062000000,66.620000000,33310,21.600000000,7.674976160,27.438593904,133.102296549,1.678742754,14.149220083,1.000000000
1035,spatial_uniform_bfs,1163403606,512,36,476,1092,500,494,1,0.200000000,10072.006000000,10064.606000000,10063.614000000,0.986000000,7.400000000,3700,4.000000000,7.674976160,25.843895238,113.617669049,1.061854537,13.323652386,1.000000000
1036,history_hotspot_bfs,8267907702,512,44,468,450,500,494,22,4.400000000,10072.006000000,9934.338000000,9924.948000000,9.384000000,137.668000000,68834,50.400000000,7.674976160,31.192908304,147.625824849,1.726970254,16.101296980,1.000000000
1037,fixed_random_bfs,8934352755,512,19,493,244,500,494,0,0.000000000,10072.006000000,10066.986000000,10066.980000000,0.000000000,5.020000000,2510,2.800000000,7.674976160,24.254850982,111.908826249,1.231710105,12.490189389,1.000000000
1038,spatial_uniform_bfs,1148143546,512,37,475,935,500,494,1,0.200000000,10072.006000000,10065.236000000,10064.326000000,0.904000000,6.770000000,3385,2.800000000,7.674976160,31.453859836,142.880290548,1.303932243,16.242548553,1.000000000
1039,history_hotspot_bfs,9118885990,512,38,474,822,500,494,6,1.200000000,10072.006000000,10001.772000000,9996.048000000,5.718000000,70.234000000,35117,31.600000000,7.674976160,22.762832370,104.495738049,1.404855691,11.709519165,1.000000000
1040,fixed_random_bfs,3846227196,512,30,482,272,500,494,0,0.000000000,10072.006000000,10062.098000000,10062.092000000,0.000000000,9.908000000,4954,3.600000000,7.674976160,31.662252078,143.479690000,1.329740496,16.353645102,1.000000000
1041,fixed_random_bfs,12069712236,512,38,474,710,500,494,0,0.000000000,10072.006000000,10046.278000000,10046.272000000,0.000000000,25.728000000,12864,8.000000000,7.674976160,26.818698588,120.262645199,1.694131940,13.824833840,1.000000000
1042,fixed_random_bfs,9041188470,512,37,475,366,500,494,4,0.800000000,10072.006000000,9943.336000000,9939.230000000,4.100000000,128.670000000,64335,45.200000000,7.674976160,24.377989242,107.149040501,1.464903562,12.536457063,1.000000000
1043,fixed_random_bfs,11231050474,512,40,472,330,500,494,36,7.200000000,10072.006000000,9941.832000000,9931.806000000,10.020000000,130.174000000,65087,49.600000000,7.674976160,29.387834804,140.165446902,1.804756615,15.117702898,1.000000000
1044,fixed_random_bfs,5586150797,512,29,483,314,500,494,0,0.000000000,10072.006000000,10049.688000000,10049.682000000,0.000000000,22.318000000,11159,7.600000000,7.674976160,26.981947788,123.425760601,1.268341661,13.901189751,1.000000000
1045,fixed_random_bfs,12776717274,512,30,482,757,500,494,0,0.000000000,10072.006000000,10048.318000000,10048.312000000,0.000000000,23.688000000,11844,8.200000000,7.674976160,26.801018272,128.349538349,1.624367980,13.811248551,1.000000000
1046,fixed_random_bfs,480482947,512,27,485,332,500,494,9,1.800000000,10072.006000000,10007.776000000,10000.334000000,7.436000000,64.230000000,32115,20.400000000,7.674976160,26.934245354,125.205640600,1.504017793,13.870280950,1.000000000
1047,spatial_uniform_bfs,1163401678,512,39,473,1233,500,494,1,0.200000000,10072.006000000,10064.846000000,10063.882000000,0.958000000,7.160000000,3580,3.400000000,7.674976160,27.282065056,129.209394050,1.294660179,14.057289202,1.000000000
1048,fixed_random_bfs,12049398918,512,32,480,558,500,494,1,0.200000000,10072.006000000,10066.182000000,10065.314000000,0.862000000,5.824000000,2912,1.400000000,7.674976160,26.983807110,127.819560053,1.669894717,13.910751344,1.000000000
1049,fixed_random_bfs,1187136619,512,38,474,1126,500,494,0,0.000000000,10072.006000000,10064.484000000,10064.478000000,0.000000000,7.522000000,3761,2.200000000,7.674976160,30.740663366,132.015489649,1.703991475,15.862954597,1.000000000
1050,spatial_uniform_bfs,1163402547,512,28,484,603,500,494,1,0.200000000,10072.006000000,10064.762000000,10063.744000000,1.012000000,7.244000000,3622,2.400000000,7.674976160,25.380765648,105.859881699,1.251540609,13.054651554,1.000000000
1051,fixed_random_bfs,1187136636,512,42,470,1268,500,494,0,0.000000000,10072.006000000,10065.814000000,10065.808000000,0.000000000,6.192000000,3096,2.200000000,7.674976160,26.983611018,127.324584602,1.709675358,13.906397888,1.000000000
1052,fixed_random_bfs,6249235099,512,51,461,676,500,494,12,2.400000000,10072.006000000,9992.218000000,9986.016000000,6.196000000,79.788000000,39894,31.400000000,7.674976160,26.141872320,119.332653250,1.621300620,13.452413144,1.000000000
1053,history_hotspot_bfs,12049444366,512,39,473,551,500,494,9,1.800000000,10072.006000000,9997.106000000,9993.534000000,3.566000000,74.900000000,37450,25.600000000,7.674976160,25.480967816,113.793805049,0.921514097,13.120073832,1.000000000
1054,fixed_random_bfs,13056066865,512,29,483,469,500,494,0,0.000000000,10072.006000000,10070.090000000,10070.084000000,0.000000000,1.916000000,958,0.600000000,7.674976160,31.263417028,138.607624948,1.294350353,16.142321015,1.000000000
1055,spatial_uniform_bfs,1163401609,512,29,483,544,500,494,1,0.200000000,10072.006000000,10062.258000000,10062.172000000,0.080000000,9.748000000,4874,4.200000000,7.674976160,26.779656346,135.354697499,0.988566524,13.790911897,1.000000000
1056,fixed_random_bfs,12333581101,512,33,479,300,500,494,12,2.400000000,10072.006000000,9941.744000000,9938.802000000,2.936000000,130.262000000,65131,45.000000000,7.674976160,31.120184880,143.416152948,1.722032438,16.068947791,1.000000000
1057,fixed_random_bfs,12132082942,512,23,489,232,500,494,1,0.200000000,10072.006000000,10050.404000000,10049.438000000,0.960000000,21.602000000,10801,4.800000000,7.674976160,27.048265510,120.815202002,1.192257271,13.945851485,1.000000000
1058,fixed_random_bfs,1643293823,512,24,488,441,500,494,0,0.000000000,10072.006000000,10068.146000000,10068.140000000,0.000000000,3.860000000,1930,2.200000000,7.674976160,26.907970008,124.584972349,1.746751092,13.858943923,1.000000000
1059,fixed_random_bfs,1219137941,512,32,480,611,500,494,0,0.000000000,10072.006000000,10063.488000000,10063.482000000,0.000000000,8.518000000,4259,4.200000000,7.674976160,24.417956650,103.163607100,1.832130215,12.578203054,1.000000000
1060,fixed_random_bfs,1419645375,512,34,478,295,500,494,35,7.000000000,10072.006000000,9905.564000000,9884.312000000,21.246000000,166.442000000,83221,66.400000000,7.674976160,26.668900174,127.231451603,1.266871507,13.730073481,1.000000000
1061,history_hotspot_bfs,13055272862,512,32,480,320,500,494,42,8.400000000,10072.006000000,9911.756000000,9884.272000000,27.478000000,160.250000000,80125,62.400000000,7.674976160,24.433768964,117.853602601,1.126068760,12.565732040,1.000000000
1062,fixed_random_bfs,4567404052,512,48,464,439,500,494,21,4.200000000,10072.006000000,9941.938000000,9932.392000000,9.540000000,130.068000000,65034,46.600000000,7.674976160,24.489562538,115.032733849,1.373756082,12.612944048,1.000000000
1063,history_hotspot_bfs,13717448260,512,34,478,711,500,494,1,0.200000000,10072.006000000,10045.288000000,10044.316000000,0.966000000,26.718000000,13359,10.800000000,7.674976160,29.374267752,118.519543148,1.771671544,15.150239314,1.000000000
1064,fixed_random_bfs,4505162251,512,22,490,192,500,494,3,0.600000000,10072.006000000,9988.858000000,9985.966000000,2.886000000,83.148000000,41574,30.400000000,7.674976160,26.601047238,126.997691050,1.196747640,13.713436106,1.000000000
1065,fixed_random_bfs,12563426298,512,42,470,1034,500,494,0,0.000000000,10072.006000000,10047.612000000,10047.606000000,0.000000000,24.394000000,12197,11.600000000,7.674976160,24.141929664,113.247740799,1.502244425,12.421818540,1.000000000
1066,history_hotspot_bfs,128668297,512,38,474,773,500,494,1,0.200000000,10072.006000000,9962.670000000,9961.722000000,0.942000000,109.336000000,54668,33.400000000,7.674976160,30.519934546,134.127901749,1.370549861,15.763512933,1.000000000
1067,fixed_random_bfs,444058630,512,26,486,465,500,494,1,0.200000000,10072.006000000,10048.406000000,10047.394000000,1.006000000,23.600000000,11800,8.200000000,7.674976160,26.316441060,126.278129399,1.282102381,13.568950063,1.000000000
1068,spatial_uniform_bfs,1148227835,512,33,479,755,500,494,1,0.200000000,10072.006000000,10063.014000000,10062.694000000,0.314000000,8.992000000,4496,4.200000000,7.674976160,26.774416794,126.522352199,1.406532659,13.805698200,1.000000000
1069,fixed_random_bfs,8734369949,512,27,485,360,500,494,7,1.400000000,10072.006000000,9992.676000000,9986.198000000,6.472000000,79.330000000,39665,25.800000000,7.674976160,26.605719212,126.396905401,1.614335441,13.707036077,1.000000000
1070,history_hotspot_bfs,138230330,512,28,484,142,500,494,73,14.600000000,10072.006000000,9914.644000000,9876.348000000,38.290000000,157.362000000,78681,58.600000000,7.674976160,26.254646986,126.073436400,1.600321822,13.464919986,1.000000000
1071,history_hotspot_bfs,257736783,512,18,494,241,500,494,2,0.400000000,10072.006000000,9990.026000000,9988.010000000,2.010000000,81.980000000,40990,28.800000000,7.674976160,25.368371530,106.838749449,1.830843711,13.064092601,1.000000000
1072,fixed_random_bfs,1323016188,512,13,499,144,500,494,0,0.000000000,10072.006000000,10069.382000000,10069.376000000,0.000000000,2.624000000,1312,2.200000000,7.674976160,30.889239684,144.830211501,1.841860646,15.958151185,1.000000000
1073,spatial_uniform_bfs,1148228302,512,40,472,1172,500,494,1,0.200000000,10072.006000000,10063.106000000,10063.070000000,0.030000000,8.900000000,4450,4.200000000,7.674976160,25.599338182,113.451035501,1.089029230,13.169562831,1.000000000
1074,fixed_random_bfs,2292541513,512,30,482,371,500,494,1,0.200000000,10072.006000000,10063.382000000,10062.508000000,0.868000000,8.624000000,4312,5.800000000,7.674976160,24.248098550,113.494875349,1.601747817,12.478656306,1.000000000
1075,history_hotspot_bfs,314553224,512,35,477,588,500,494,31,6.200000000,10072.006000000,9972.004000000,9944.148000000,27.850000000,100.002000000,50001,36.400000000,7.674976160,26.187550626,125.933503402,1.299363790,13.475636974,1.000000000
1076,fixed_random_bfs,7671746650,512,15,497,210,500,494,0,0.000000000,10072.006000000,10069.254000000,10069.248000000,0.000000000,2.752000000,1376,1.400000000,7.674976160,26.483791378,121.683532450,1.678979997,13.656840557,1.000000000
1077,fixed_random_bfs,8987725938,512,22,490,328,500,494,4,0.800000000,10072.006000000,9995.258000000,9991.428000000,3.824000000,76.748000000,38374,24.200000000,7.674976160,31.622412356,149.908435950,1.326992703,16.330830080,1.000000000
1078,spatial_uniform_bfs,1148227974,512,44,468,1383,500,494,0,0.000000000,10072.006000000,10062.806000000,10062.800000000,0.000000000,9.200000000,4600,4.200000000,7.674976160,24.732707180,107.548540900,1.277018069,12.743549691,1.000000000
1079,fixed_random_bfs,428050279,512,33,479,292,500,494,24,4.800000000,10072.006000000,9966.086000000,9946.426000000,19.654000000,105.920000000,52960,45.400000000,7.674976160,26.583881486,128.009625151,1.639995525,13.685988389,1.000000000
1080,history_hotspot_bfs,409770937,512,39,473,459,500,494,18,3.600000000,10072.006000000,9982.754000000,9969.712000000,13.036000000,89.252000000,44626,34.800000000,7.674976160,26.528141952,109.644192201,1.061365287,13.655148782,1.000000000
1081,fixed_random_bfs,1148228680,512,42,470,1098,500,494,1,0.200000000,10072.006000000,10055.808000000,10054.880000000,0.922000000,16.198000000,8099,6.000000000,7.674976160,27.903660076,125.376092448,1.267950197,14.395836418,1.000000000
1082,history_hotspot_bfs,411842220,512,44,468,451,500,494,21,4.200000000,10072.006000000,9939.220000000,9923.796000000,15.418000000,132.786000000,66393,56.800000000,7.674976160,26.526906968,126.318670047,1.749218083,13.655526158,1.000000000
1083,fixed_random_bfs,4607650176,512,41,471,469,500,494,2,0.400000000,10072.006000000,10043.588000000,10041.966000000,1.616000000,28.418000000,14209,11.600000000,7.674976160,24.411217822,116.240665002,1.741261274,12.557750552,1.000000000
1084,fixed_random_bfs,1548057696,512,35,477,633,500,494,0,0.000000000,10072.006000000,10036.772000000,10036.766000000,0.000000000,35.234000000,17617,13.200000000,7.674976160,26.917388176,125.317133000,1.240465004,13.862071447,1.000000000
1085,history_hotspot_bfs,428214949,512,39,473,479,500,494,33,6.600000000,10072.006000000,9939.022000000,9909.762000000,29.254000000,132.984000000,66492,49.000000000,7.674976160,27.609300348,128.540108599,1.700509349,14.215592925,1.000000000
1086,fixed_random_bfs,418721515,512,31,481,238,500,494,3,0.600000000,10072.006000000,10053.988000000,10052.394000000,1.588000000,18.018000000,9009,5.800000000,7.674976160,26.921563988,123.165840549,1.191195193,13.865022956,1.000000000
1087,fixed_random_bfs,1518683725,512,39,473,547,500,494,0,0.000000000,10072.006000000,10070.100000000,10070.094000000,0.000000000,1.906000000,953,1.400000000,7.674976160,31.369172152,135.253991299,1.402218302,16.208324053,1.000000000
1088,history_hotspot_bfs,474701473,512,49,463,787,500,494,23,4.600000000,10072.006000000,9951.448000000,9934.106000000,17.336000000,120.558000000,60279,52.400000000,7.674976160,26.473654942,111.662122498,1.521660662,13.628765556,1.000000000
1089,fixed_random_bfs,13037833044,512,24,488,329,500,494,0,0.000000000,10072.006000000,10070.748000000,10070.742000000,0.000000000,1.258000000,629,0.400000000,7.674976160,25.380224436,106.046220453,1.014358303,13.084310594,1.000000000
1090,fixed_random_bfs,1160057045,512,30,482,591,500,494,0,0.000000000,10072.006000000,10067.280000000,10067.274000000,0.000000000,4.726000000,2363,1.600000000,7.674976160,26.711842512,123.041312948,1.716841449,13.756027104,1.000000000
1091,fixed_random_bfs,10240340316,512,45,467,926,500,494,0,0.000000000,10072.006000000,10061.764000000,10061.758000000,0.000000000,10.242000000,5121,3.000000000,7.674976160,27.082159234,121.577805099,1.260195126,13.950007398,1.000000000
1092,fixed_random_bfs,1145512910,512,39,473,391,500,494,2,0.400000000,10072.006000000,10040.968000000,10038.454000000,2.508000000,31.038000000,15519,11.600000000,7.674976160,27.044582284,116.123224001,1.327941373,13.937593482,1.000000000
1093,fixed_random_bfs,1788785652,512,28,484,227,500,494,42,8.400000000,10072.006000000,9920.002000000,9885.128000000,34.868000000,152.004000000,76002,64.600000000,7.674976160,30.673064596,137.794508050,1.283473266,15.816466280,1.000000000
1094,history_hotspot_bfs,497871234,512,37,475,795,500,494,9,1.800000000,10072.006000000,9991.882000000,9983.180000000,8.696000000,80.124000000,40062,26.600000000,7.674976160,27.606772284,125.466518250,1.783162330,14.238384975,1.000000000
1095,fixed_random_bfs,447549140,512,23,489,383,500,494,0,0.000000000,10072.006000000,10061.870000000,10061.864000000,0.000000000,10.136000000,5068,3.600000000,7.674976160,26.121662574,117.210931550,1.727381521,13.454174102,1.000000000
1096,fixed_random_bfs,1640860700,512,37,475,823,500,494,0,0.000000000,10072.006000000,10071.056000000,10071.050000000,0.000000000,0.950000000,475,0.200000000,7.674976160,28.478330410,130.575339302,1.221844997,14.693197901,1.000000000
1097,history_hotspot_bfs,1165604056,512,42,470,538,500,494,19,3.800000000,10072.006000000,9967.940000000,9949.630000000,18.304000000,104.066000000,52033,47.000000000,7.674976160,27.593641874,124.345784852,1.724337947,14.219479515,1.000000000
1098,fixed_random_bfs,1214153197,512,19,493,42,500,494,0,0.000000000,10072.006000000,10065.756000000,10065.750000000,0.000000000,6.250000000,3125,8.600000000,7.674976160,29.265681242,115.214866701,0.956650787,15.094432089,1.000000000
1099,history_hotspot_bfs,1731170416,512,43,469,793,500,494,14,2.800000000,10072.006000000,9998.396000000,9990.278000000,8.112000000,73.610000000,36805,25.600000000,7.674976160,26.980607726,122.065166303,1.203051995,13.903700332,1.000000000
1100,fixed_random_bfs,478864894,512,31,481,289,500,494,26,5.200000000,10072.006000000,9946.556000000,9925.654000000,20.896000000,125.450000000,62725,52.000000000,7.674976160,26.797809156,128.582412698,1.644807106,13.793804207,1.000000000
1101,fixed_random_bfs,1174117251,512,39,473,623,500,494,0,0.000000000,10072.006000000,10068.210000000,10068.204000000,0.000000000,3.796000000,1898,1.000000000,7.674976160,28.104173508,120.741943699,1.067869222,14.476380340,1.000000000
1102,fixed_random_bfs,9791171616,512,24,488,192,500,494,5,1.000000000,10072.006000000,10037.270000000,10035.720000000,1.544000000,34.736000000,17368,15.200000000,7.674976160,27.802985716,130.712852898,1.668713358,14.336754533,1.000000000
1103,history_hotspot_bfs,1788787081,512,33,479,228,500,494,28,5.600000000,10072.006000000,9899.958000000,9883.550000000,16.402000000,172.048000000,86024,68.600000000,7.674976160,25.146916714,114.696998349,1.405248268,12.913392059,1.000000000
1104,fixed_random_bfs,4444137419,512,18,494,150,500,494,4,0.800000000,10072.006000000,10026.130000000,10022.344000000,3.780000000,45.876000000,22938,16.200000000,7.674976160,26.005767210,119.590419648,1.210012281,13.389225834,1.000000000
1105,spatial_uniform_bfs,1148228007,512,26,486,456,500,494,2,0.400000000,10072.006000000,10062.234000000,10061.204000000,1.024000000,9.772000000,4886,4.400000000,7.674976160,29.048192080,127.561098799,1.095748256,14.982489858,1.000000000
1106,history_hotspot_bfs,1866946873,512,30,482,253,500,494,20,4.000000000,10072.006000000,10013.936000000,9998.572000000,15.358000000,58.070000000,29035,21.400000000,7.674976160,27.373754490,117.949991000,1.886207201,14.088161213,1.000000000
1107,fixed_random_bfs,2490198511,512,52,460,572,500,494,12,2.400000000,10072.006000000,9989.052000000,9982.924000000,6.122000000,82.954000000,41477,45.800000000,7.674976160,26.999082708,129.602988951,1.701284652,13.895865395,1.000000000
1108,spatial_uniform_bfs,1145535986,512,23,489,386,500,494,1,0.200000000,10072.006000000,10064.094000000,10063.484000000,0.604000000,7.912000000,3956,3.000000000,7.674976160,29.674401820,133.310723899,1.785495586,15.304839518,1.000000000
1109,history_hotspot_bfs,2232529133,512,41,471,316,500,494,50,10.000000000,10072.006000000,9915.620000000,9887.918000000,27.696000000,156.386000000,78193,59.400000000,7.674976160,26.947930896,123.029701650,1.798501940,13.854308442,1.000000000
1110,fixed_random_bfs,4502959789,512,27,485,338,500,494,1,0.200000000,10072.006000000,10034.492000000,10033.596000000,0.890000000,37.514000000,18757,12.200000000,7.674976160,23.382311054,102.250611548,1.073132517,12.025203023,1.000000000
1111,fixed_random_bfs,9714524560,512,33,479,686,500,494,0,0.000000000,10072.006000000,10057.132000000,10057.126000000,0.000000000,14.874000000,7437,4.400000000,7.674976160,32.163766016,145.943842603,1.357810316,16.609491814,1.000000000
1112,history_hotspot_bfs,2308862129,512,43,469,349,500,494,31,6.200000000,10072.006000000,9906.482000000,9891.814000000,14.662000000,165.524000000,82762,62.600000000,7.674976160,23.921181990,106.178026400,1.353368765,12.306316520,1.000000000
1113,fixed_random_bfs,4722703955,512,41,471,266,500,494,0,0.000000000,10072.006000000,10051.218000000,10051.212000000,0.000000000,20.788000000,10394,6.400000000,7.674976160,27.080078818,125.533213350,1.208865540,13.954786043,1.000000000
1114,fixed_random_bfs,13030226518,512,20,492,201,500,494,0,0.000000000,10072.006000000,10071.016000000,10071.010000000,0.000000000,0.990000000,495,0.600000000,7.674976160,27.118233596,123.345561997,1.711240759,13.976679390,1.000000000
1115,history_hotspot_bfs,2460613855,512,36,476,297,500,494,51,10.200000000,10072.006000000,9932.930000000,9892.798000000,40.126000000,139.076000000,69538,55.800000000,7.674976160,31.609798592,151.268063550,1.693615299,16.300250568,1.000000000
1116,fixed_random_bfs,8364445833,512,44,468,1013,500,494,14,2.800000000,10072.006000000,9974.342000000,9962.536000000,11.800000000,97.664000000,48832,33.200000000,7.674976160,27.196482050,126.603577499,1.258271172,13.997558979,1.000000000
1117,fixed_random_bfs,8251845725,512,35,477,352,500,494,7,1.400000000,10072.006000000,10011.190000000,10009.462000000,1.722000000,60.816000000,30408,21.000000000,7.674976160,31.562781648,147.803497101,1.696265141,16.285722077,1.000000000
1118,history_hotspot_bfs,2937936475,512,32,480,198,500,494,99,19.800000000,10072.006000000,9917.728000000,9847.360000000,70.362000000,154.278000000,77139,65.000000000,7.674976160,27.740558812,123.817613848,1.028615982,14.216539381,1.000000000
1119,fixed_random_bfs,1110673601,512,34,478,325,500,494,34,6.800000000,10072.006000000,9950.448000000,9925.296000000,25.146000000,121.558000000,60779,50.200000000,7.674976160,27.804174484,127.735232302,1.293190938,14.291912480,1.000000000
1120,history_hotspot_bfs,3896082259,512,50,462,635,500,494,26,5.200000000,10072.006000000,9941.508000000,9920.890000000,20.612000000,130.498000000,65249,58.000000000,7.674976160,29.422895578,120.639819100,1.333162655,15.167035346,1.000000000
1121,fixed_random_bfs,1548075778,512,40,472,597,500,494,1,0.200000000,10072.006000000,10045.026000000,10044.154000000,0.866000000,26.980000000,13490,9.800000000,7.674976160,27.135980242,127.930438552,1.276019471,13.983196002,1.000000000
1122,fixed_random_bfs,1147306677,512,43,469,571,500,494,4,0.800000000,10072.006000000,10049.536000000,10045.864000000,3.666000000,22.470000000,11235,9.400000000,7.674976160,23.193973430,106.742712097,1.865275616,11.939016638,1.000000000
1123,fixed_random_bfs,1548081296,512,36,476,498,500,494,3,0.600000000,10072.006000000,10023.088000000,10020.424000000,2.658000000,48.918000000,24459,19.200000000,7.674976160,26.992483102,127.537778850,1.272139681,13.908011454,1.000000000
1124,history_hotspot_bfs,4587696991,512,22,490,154,500,494,3,0.600000000,10072.006000000,10054.868000000,10052.944000000,1.918000000,17.138000000,8569,5.600000000,7.674976160,22.935074606,103.518981698,1.406102707,11.789923322,1.000000000
1125,fixed_random_bfs,1548068057,512,35,477,905,500,494,0,0.000000000,10072.006000000,10043.342000000,10043.336000000,0.000000000,28.664000000,14332,8.800000000,7.674976160,28.019518624,134.193189549,1.316597216,14.436189928,1.000000000
1126,fixed_random_bfs,1394086762,512,34,478,761,500,494,1,0.200000000,10072.006000000,10047.266000000,10046.248000000,1.012000000,24.740000000,12370,8.000000000,7.674976160,23.399796700,105.120800550,1.182611039,12.036558129,1.000000000
1127,history_hotspot_bfs,4685392627,512,61,451,809,500,494,23,4.600000000,10072.006000000,9958.284000000,9941.440000000,16.838000000,113.722000000,56861,52.800000000,7.674976160,27.290063980,125.563370651,1.222694533,14.048717037,1.000000000
1128,fixed_random_bfs,10140392423,512,30,482,514,500,494,0,0.000000000,10072.006000000,10069.594000000,10069.588000000,0.000000000,2.412000000,1206,0.800000000,7.674976160,27.252278544,129.068348498,1.689451078,14.035024928,1.000000000
1129,fixed_random_bfs,1670401805,512,41,471,1096,500,494,0,0.000000000,10072.006000000,10036.610000000,10036.604000000,0.000000000,35.396000000,17698,14.000000000,7.674976160,32.128261454,144.658199198,1.808997239,16.591820757,1.000000000
1130,history_hotspot_bfs,4751793167,512,50,462,589,500,494,22,4.400000000,10072.006000000,9937.608000000,9922.046000000,15.556000000,134.398000000,67199,57.000000000,7.674976160,26.948830810,124.787169699,1.218429529,13.870806220,1.000000000
1131,fixed_random_bfs,12469918347,512,32,480,539,500,494,0,0.000000000,10072.006000000,10046.982000000,10046.976000000,0.000000000,25.024000000,12512,9.000000000,7.674976160,27.378491492,123.156168050,1.646060075,14.101702469,1.000000000
1132,fixed_random_bfs,4750584913,512,21,491,219,500,494,0,0.000000000,10072.006000000,10066.818000000,10066.812000000,0.000000000,5.188000000,2594,1.400000000,7.674976160,31.815207018,145.488199447,1.283814200,16.432901813,1.000000000
1133,fixed_random_bfs,2611061256,512,38,474,772,500,494,0,0.000000000,10072.006000000,10055.154000000,10055.148000000,0.000000000,16.852000000,8426,6.400000000,7.674976160,27.091877814,120.130904750,1.609703869,13.953681165,1.000000000
1134,fixed_random_bfs,9022834421,512,41,471,403,500,494,12,2.400000000,10072.006000000,9957.836000000,9951.116000000,6.714000000,114.170000000,57085,36.400000000,7.674976160,27.721775584,130.394605099,1.689724353,14.273176259,1.000000000
1135,history_hotspot_bfs,5264286371,512,39,473,807,500,494,1,0.200000000,10072.006000000,10047.416000000,10046.572000000,0.838000000,24.590000000,12295,8.000000000,7.674976160,31.792689792,148.039696099,1.339871193,16.414964853,1.000000000
1136,fixed_random_bfs,1728072364,512,36,476,903,500,494,3,0.600000000,10072.006000000,10029.888000000,10026.928000000,2.954000000,42.118000000,21059,13.600000000,7.674976160,32.057966316,148.863312149,1.355769496,16.550535718,1.000000000
1137,fixed_random_bfs,4773520962,512,23,489,282,500,494,3,0.600000000,10072.006000000,9978.898000000,9976.060000000,2.832000000,93.108000000,46554,27.000000000,7.674976160,23.742383328,114.812963600,1.190469779,12.223121123,1.000000000
1138,fixed_random_bfs,1550092701,512,20,492,142,500,494,0,0.000000000,10072.006000000,10063.788000000,10063.782000000,0.000000000,8.218000000,4109,3.200000000,7.674976160,23.073326342,104.001042849,0.967091428,11.866623176,1.000000000
1139,fixed_random_bfs,1142606543,512,34,478,514,500,494,0,0.000000000,10072.006000000,10054.726000000,10054.720000000,0.000000000,17.280000000,8640,5.200000000,7.674976160,27.163232234,130.062774700,1.720952119,13.991906162,1.000000000
1140,history_hotspot_bfs,7183974779,512,48,464,518,500,494,25,5.000000000,10072.006000000,9924.962000000,9912.376000000,12.580000000,147.044000000,73522,63.200000000,7.674976160,26.921810424,126.309047251,1.717196000,13.856312065,1.000000000
1141,fixed_random_bfs,2784646269,512,21,491,205,500,494,2,0.400000000,10072.006000000,10029.284000000,10027.502000000,1.776000000,42.722000000,21361,21.200000000,7.674976160,22.533517734,97.402847701,1.346366732,11.592877675,1.000000000
1142,history_hotspot_bfs,8369094396,512,33,479,457,500,494,14,2.800000000,10072.006000000,9965.116000000,9954.012000000,11.098000000,106.890000000,53445,40.600000000,7.674976160,27.711080108,127.804364148,1.755132861,14.261411326,1.000000000
1143,fixed_random_bfs,4825414675,512,15,497,183,500,494,0,0.000000000,10072.006000000,10061.438000000,10061.432000000,0.000000000,10.568000000,5284,4.400000000,7.674976160,27.243713968,125.768038849,1.694616999,14.036360546,1.000000000
1144,fixed_random_bfs,1518691614,512,18,494,188,500,494,0,0.000000000,10072.006000000,10070.982000000,10070.976000000,0.000000000,1.024000000,512,0.400000000,7.674976160,26.812855658,119.035610601,1.208513024,13.826168616,1.000000000
1145,history_hotspot_bfs,9401053195,512,55,457,844,500,494,29,5.800000000,10072.006000000,9955.302000000,9931.458000000,23.838000000,116.704000000,58352,55.800000000,7.674976160,26.751150646,119.259829699,1.668267484,13.762453924,1.000000000
1146,fixed_random_bfs,6433259701,512,47,465,1014,500,494,0,0.000000000,10072.006000000,10066.438000000,10066.432000000,0.000000000,5.568000000,2784,2.000000000,7.674976160,26.732358792,118.578802398,1.209264655,13.780099934,1.000000000
1147,history_hotspot_bfs,9922215307,512,56,456,578,500,494,13,2.600000000,10072.006000000,9931.900000000,9925.866000000,6.028000000,140.106000000,70053,52.600000000,7.674976160,32.076203094,145.134915749,1.300979963,16.554249913,1.000000000
1148,fixed_random_bfs,11831690477,512,34,478,635,500,494,0,0.000000000,10072.006000000,10071.050000000,10071.044000000,0.000000000,0.956000000,478,0.200000000,7.674976160,28.462408112,121.643463549,1.254094429,14.666465209,1.000000000
1149,fixed_random_bfs,1198829487,512,23,489,328,500,494,1,0.200000000,10072.006000000,10058.020000000,10057.020000000,0.994000000,13.986000000,6993,5.200000000,7.674976160,23.418227958,105.407207101,1.471263531,12.051932745,1.000000000
1150,fixed_random_bfs,5292005409,512,26,486,116,500,494,2,0.400000000,10072.006000000,10036.592000000,10035.816000000,0.770000000,35.414000000,17707,14.600000000,7.674976160,24.427135048,104.264614150,1.508544822,12.573858601,1.000000000
1151,history_hotspot_bfs,10915038719,512,37,475,792,500,494,6,1.200000000,10072.006000000,9995.648000000,9989.804000000,5.838000000,76.358000000,38179,25.600000000,7.674976160,31.570362250,145.808308849,1.896828428,16.307149145,1.000000000
1152,fixed_random_bfs,1145511353,512,43,469,493,500,494,2,0.400000000,10072.006000000,10042.316000000,10039.982000000,2.328000000,29.690000000,14845,11.200000000,7.674976160,27.331804694,129.294902601,1.281781198,14.074548175,1.000000000
1153,fixed_random_bfs,292258111,512,34,478,188,500,494,1,0.200000000,10072.006000000,10066.328000000,10066.296000000,0.026000000,5.678000000,2839,8.200000000,7.674976160,24.206208988,110.710546700,0.967626767,12.456514773,1.000000000
1154,fixed_random_bfs,1322214881,512,18,494,242,500,494,0,0.000000000,10072.006000000,10062.416000000,10062.410000000,0.000000000,9.590000000,4795,3.600000000,7.674976160,31.395579924,144.153768599,1.752931288,16.226003819,1.000000000
1155,fixed_random_bfs,114310832,512,32,480,85,500,494,0,0.000000000,10072.006000000,10013.430000000,10013.424000000,0.000000000,58.576000000,29288,25.600000000,7.674976160,26.314499872,120.136125700,1.240357053,13.568098399,1.000000000
1156,fixed_random_bfs,4606475716,512,24,488,365,500,494,1,0.200000000,10072.006000000,10057.224000000,10056.246000000,0.972000000,14.782000000,7391,7.000000000,7.674976160,23.712390888,103.646460301,1.785126991,12.206641903,1.000000000
1157,fixed_random_bfs,2232213879,512,20,492,123,500,494,1,0.200000000,10072.006000000,10048.684000000,10047.752000000,0.926000000,23.322000000,11661,7.800000000,7.674976160,26.620751382,123.692896749,1.246326624,13.719732263,1.000000000
1158,history_hotspot_bfs,12455973450,512,50,462,605,500,494,26,5.200000000,10072.006000000,9943.636000000,9925.258000000,18.372000000,128.370000000,64185,58.200000000,7.674976160,27.397428286,136.520570653,1.232948376,14.126582043,1.000000000
1159,fixed_random_bfs,275218856,512,16,496,211,500,494,0,0.000000000,10072.006000000,10068.554000000,10068.548000000,0.000000000,3.452000000,1726,1.400000000,7.674976160,26.885382528,119.801367400,1.207327088,13.854061858,1.000000000
1160,history_hotspot_bfs,12455973490,512,56,456,1078,500,494,32,6.400000000,10072.006000000,9949.566000000,9925.868000000,23.692000000,122.440000000,61220,55.800000000,7.674976160,26.414180702,119.211655149,1.668048646,13.607880844,1.000000000
1161,history_hotspot_bfs,12456240967,512,35,477,204,500,494,117,23.400000000,10072.006000000,9914.572000000,9847.688000000,66.878000000,157.434000000,78717,64.400000000,7.674976160,26.374897336,125.970753152,1.189553346,13.518743762,1.000000000
1162,history_hotspot_bfs,12458801856,512,36,476,389,500,494,37,7.400000000,10072.006000000,9916.668000000,9899.806000000,16.856000000,155.338000000,77669,55.000000000,7.674976160,26.497071394,121.272945302,1.580192914,13.623966811,1.000000000
1163,fixed_random_bfs,2232213885,512,25,487,224,500,494,1,0.200000000,10072.006000000,10048.580000000,10047.710000000,0.864000000,23.426000000,11713,8.600000000,7.674976160,25.165785442,113.106582850,0.977110819,12.944249232,1.000000000
1164,history_hotspot_bfs,12533949459,512,44,468,500,500,494,23,4.600000000,10072.006000000,9919.302000000,9901.860000000,17.436000000,152.704000000,76352,63.800000000,7.674976160,29.804837758,130.332664002,1.011128323,15.371143115,1.000000000
1165,fixed_random_bfs,5765890566,512,24,488,156,500,494,0,0.000000000,10072.006000000,10066.394000000,10066.388000000,0.000000000,5.612000000,2806,5.400000000,7.674976160,31.915475832,143.805594801,1.970399911,16.480053961,1.000000000
1166,fixed_random_bfs,8659874843,512,21,491,268,500,494,5,1.000000000,10072.006000000,9988.618000000,9985.674000000,2.938000000,83.388000000,41694,23.400000000,7.674976160,25.071721240,109.280012448,1.680082178,12.897629815,1.000000000
1167,fixed_random_bfs,1551004747,512,23,489,383,500,494,0,0.000000000,10072.006000000,10068.026000000,10068.020000000,0.000000000,3.980000000,1990,1.600000000,7.674976160,24.080867996,111.272296952,1.657028741,12.404120449,1.000000000
1168,fixed_random_bfs,428215629,512,29,483,241,500,494,22,4.400000000,10072.006000000,10017.568000000,10000.234000000,17.328000000,54.438000000,27219,19.000000000,7.674976160,27.743534248,127.710029599,1.681881540,14.266998173,1.000000000
1169,fixed_random_bfs,4695891006,512,22,490,219,500,494,0,0.000000000,10072.006000000,10061.440000000,10061.434000000,0.000000000,10.566000000,5283,3.400000000,7.674976160,23.256044090,99.990215299,1.078920089,11.965351265,1.000000000
1170,history_hotspot_bfs,25632366,512,58,454,435,500,494,38,7.600000000,10072.006000000,9904.626000000,9882.864000000,21.756000000,167.380000000,83690,71.200000000,7.674976160,30.990595212,145.955602603,1.385009201,15.985624188,1.000000000
1171,spatial_uniform_bfs,1148227740,512,37,475,860,500,494,1,0.200000000,10072.006000000,10062.890000000,10062.534000000,0.350000000,9.116000000,4558,4.400000000,7.674976160,26.627816384,123.574729398,1.694428673,13.724460552,1.000000000
1172,fixed_random_bfs,3493882605,512,37,475,742,500,494,0,0.000000000,10072.006000000,10022.622000000,10022.616000000,0.000000000,49.384000000,24692,14.800000000,7.674976160,25.767898846,116.180651499,1.667339758,13.274016237,1.000000000
1173,history_hotspot_bfs,138234001,512,34,478,283,500,494,34,6.800000000,10072.006000000,9933.206000000,9906.548000000,26.652000000,138.800000000,69400,53.200000000,7.674976160,30.970456942,150.051683050,1.257294178,15.951441677,1.000000000
1174,fixed_random_bfs,7156592708,512,35,477,663,500,494,0,0.000000000,10072.006000000,10063.780000000,10063.774000000,0.000000000,8.226000000,4113,2.200000000,7.674976160,26.790159866,123.623093148,1.687868063,13.799810527,1.000000000
1175,spatial_uniform_bfs,1148228333,512,29,483,454,500,494,1,0.200000000,10072.006000000,10061.288000000,10061.160000000,0.122000000,10.718000000,5359,4.600000000,7.674976160,27.544036950,132.270234997,1.681261915,14.194363640,1.000000000
1176,fixed_random_bfs,1318771258,512,33,479,872,500,494,0,0.000000000,10072.006000000,10064.954000000,10064.948000000,0.000000000,7.052000000,3526,2.800000000,7.674976160,27.030256822,119.592321298,1.231939074,13.940237448,1.000000000
1177,fixed_random_bfs,1322919516,512,34,478,774,500,494,0,0.000000000,10072.006000000,10055.402000000,10055.396000000,0.000000000,16.604000000,8302,5.200000000,7.674976160,27.051086336,124.244264700,1.654120950,13.951410548,1.000000000
1178,fixed_random_bfs,278973431,512,26,486,511,500,494,0,0.000000000,10072.006000000,10068.412000000,10068.406000000,0.000000000,3.594000000,1797,1.200000000,7.674976160,26.610332906,129.683584651,1.212224255,13.719020757,1.000000000
1179,history_hotspot_bfs,299614426,512,39,473,505,500,494,17,3.400000000,10072.006000000,9938.900000000,9928.298000000,10.596000000,133.106000000,66553,48.600000000,7.674976160,28.410343360,118.353313648,1.288188571,14.644023554,1.000000000
1180,fixed_random_bfs,5581559348,512,26,486,509,500,494,1,0.200000000,10072.006000000,10057.422000000,10056.430000000,0.986000000,14.584000000,7292,6.200000000,7.674976160,25.702444010,112.094898199,1.082289773,13.230527326,1.000000000
1181,fixed_random_bfs,11154572176,512,30,482,678,500,494,0,0.000000000,10072.006000000,10071.042000000,10071.036000000,0.000000000,0.964000000,482,0.200000000,7.674976160,27.947989234,127.770533899,1.600471222,14.419776965,1.000000000
1182,fixed_random_bfs,3170027311,512,26,486,555,500,494,1,0.200000000,10072.006000000,10049.232000000,10048.222000000,1.004000000,22.774000000,11387,9.600000000,7.674976160,26.051397518,115.202179351,1.421563328,13.426178968,1.000000000
1183,history_hotspot_bfs,430273263,512,27,485,239,500,494,27,5.400000000,10072.006000000,10031.896000000,10010.592000000,21.298000000,40.110000000,20055,18.800000000,7.674976160,24.346615402,106.844730000,1.368085097,12.516545471,1.000000000
1184,fixed_random_bfs,12639073037,512,35,477,523,500,494,0,0.000000000,10072.006000000,10066.470000000,10066.464000000,0.000000000,5.536000000,2768,2.000000000,7.674976160,27.254101094,127.218451401,1.186952080,14.037640193,1.000000000
1185,spatial_uniform_bfs,1148228113,512,29,483,528,500,494,2,0.400000000,10072.006000000,10061.642000000,10060.578000000,1.058000000,10.364000000,5182,4.400000000,7.674976160,28.658271638,130.317219251,1.335644141,14.781853153,1.000000000
1186,fixed_random_bfs,25632411,512,45,467,468,500,494,40,8.000000000,10072.006000000,9909.368000000,9886.168000000,23.194000000,162.638000000,81319,63.600000000,7.674976160,27.401100460,110.573317751,1.000440633,14.104758106,1.000000000
1187,fixed_random_bfs,1548084789,512,31,481,649,500,494,3,0.600000000,10072.006000000,9992.970000000,9990.136000000,2.828000000,79.036000000,39518,24.000000000,7.674976160,25.608247952,116.524761800,1.194423102,13.191218255,1.000000000
1188,spatial_uniform_bfs,1143317105,512,20,492,380,500,494,1,0.200000000,10072.006000000,10063.540000000,10062.510000000,1.024000000,8.466000000,4233,2.600000000,7.674976160,27.070690834,120.121776700,1.696536331,13.953817150,1.000000000
1189,fixed_random_bfs,10297064330,512,24,488,239,500,494,0,0.000000000,10072.006000000,10059.914000000,10059.908000000,0.000000000,12.092000000,6046,4.600000000,7.674976160,26.731180710,118.949474850,1.229212052,13.758424395,1.000000000
1190,fixed_random_bfs,1324687411,512,15,497,210,500,494,0,0.000000000,10072.006000000,10066.004000000,10065.998000000,0.000000000,6.002000000,3001,1.800000000,7.674976160,25.231142164,114.395317202,1.755523584,12.999809160,1.000000000
1191,fixed_random_bfs,7498428533,512,30,482,432,500,494,4,0.800000000,10072.006000000,9993.940000000,9990.246000000,3.688000000,78.066000000,39033,23.600000000,7.674976160,25.298537674,119.011908699,1.213787106,13.026162905,1.000000000
1192,fixed_random_bfs,3846227906,512,24,488,312,500,494,0,0.000000000,10072.006000000,10049.004000000,10048.998000000,0.000000000,23.002000000,11501,6.200000000,7.674976160,22.524896372,105.981350352,1.727415357,11.582120089,1.000000000
1193,spatial_uniform_bfs,1143318461,512,14,498,157,500,494,1,0.200000000,10072.006000000,10062.778000000,10061.750000000,1.022000000,9.228000000,4614,3.400000000,7.674976160,24.539465196,106.816643348,1.232465305,12.623834755,1.000000000
1194,fixed_random_bfs,2466648916,512,31,481,630,500,494,0,0.000000000,10072.006000000,10063.280000000,10063.274000000,0.000000000,8.726000000,4363,3.400000000,7.674976160,21.902392324,103.801388601,1.624702287,11.254129955,1.000000000
1195,fixed_random_bfs,4394134971,512,33,479,381,500,494,3,0.600000000,10072.006000000,10044.360000000,10042.172000000,2.182000000,27.646000000,13823,13.000000000,7.674976160,21.436188788,103.127731352,1.078887212,11.012670308,1.000000000
1196,fixed_random_bfs,3740426821,512,22,490,265,500,494,2,0.400000000,10072.006000000,10040.040000000,10038.052000000,1.982000000,31.966000000,15983,9.200000000,7.674976160,21.021713796,100.899322700,2.036848581,10.803543359,1.000000000
1197,history_hotspot_bfs,1438444025,512,36,476,403,500,494,47,9.400000000,10072.006000000,9918.540000000,9884.014000000,34.520000000,153.466000000,76733,59.600000000,7.674976160,21.030759222,97.422762100,1.248663465,10.787291214,1.000000000
1198,fixed_random_bfs,12040100872,512,20,492,291,500,494,0,0.000000000,10072.006000000,10066.670000000,10066.664000000,0.000000000,5.336000000,2668,2.000000000,7.674976160,20.432583002,92.526681199,1.226127651,10.492465493,1.000000000
1199,history_hotspot_bfs,1487178619,512,35,477,395,500,494,8,1.600000000,10072.006000000,9954.616000000,9948.910000000,5.700000000,117.390000000,58695,41.600000000,7.674976160,19.211879534,84.070853299,1.728491992,9.854601224,1.000000000
