region_id,split,prediction,raw_prediction,prediction_rank,shortcut_count,shortcut_rank,cost_weight
0,validation,0.429024186822,6.264025688000,0.527105921601,2664,0.980817347790,0.100000000000
1,train,0.815012510425,35.164680481000,0.855713094245,1144,0.407005838198,0.100000000000
2,train,0.824020016681,44.630393982000,0.885738115096,1447,0.617180984153,0.100000000000
3,train,0.719266055046,20.472770691000,0.758965804837,1135,0.396997497915,0.100000000000
4,train,-0.081234361968,0.495650291000,0.018348623853,3972,0.995829858215,0.100000000000
5,validation,0.949207673061,62.864814758000,0.952460383653,484,0.032527105922,0.100000000000
6,holdout,0.936697247706,61.455909729000,0.943286071726,594,0.065888240200,0.100000000000
7,train,0.515512927440,8.795568466000,0.582985821518,1529,0.674728940784,0.100000000000
8,train,0.363302752294,3.442466736000,0.405337781485,1162,0.420350291910,0.100000000000
9,train,0.822685571309,40.293106079000,0.873227689741,1266,0.505421184320,0.100000000000
10,validation,0.491659716430,7.979220390000,0.563803169308,1595,0.721434528774,0.100000000000
11,train,-0.018598832360,-3.461355209000,0.000000000000,824,0.185988323603,0.100000000000
12,train,0.600667222686,10.167084694000,0.616346955796,768,0.156797331109,0.100000000000
13,validation,0.252793994996,1.952938080000,0.278565471226,939,0.257714762302,0.100000000000
14,train,0.008757297748,1.038563728000,0.084236864053,1644,0.754795663053,0.100000000000
15,holdout,0.515596330275,7.880254745000,0.560467055880,1200,0.448707256047,0.100000000000
16,train,0.420683903253,4.214176178000,0.457047539616,1093,0.363636363636,0.100000000000
17,holdout,0.001251042535,1.108995438000,0.100917431193,4097,0.996663886572,0.100000000000
18,train,0.248123436197,2.065734863000,0.290241868224,1162,0.421184320267,0.100000000000
19,train,0.361718098415,3.709210396000,0.428690575480,1526,0.669724770642,0.100000000000
20,train,0.306088407006,2.728597641000,0.354462051710,1238,0.483736447039,0.100000000000
21,train,0.590075062552,11.873658180000,0.650542118432,1419,0.604670558799,0.100000000000
22,train,0.699749791493,17.017826080000,0.712260216847,710,0.125104253545,0.100000000000
23,train,0.705671392827,17.697055817000,0.725604670559,849,0.199332777314,0.100000000000
24,validation,0.215346121768,1.987315178000,0.281901584654,1524,0.665554628857,0.100000000000
25,train,0.630442035029,13.904574394000,0.679733110926,1254,0.492910758966,0.100000000000
26,holdout,0.346455379483,2.850732803000,0.364470391993,812,0.180150125104,0.100000000000
27,holdout,0.654211843203,17.597688675000,0.724770642202,1570,0.705587989992,0.100000000000
28,train,0.414011676397,4.587226868000,0.472060050042,1377,0.580483736447,0.100000000000
29,train,0.132193494579,1.258495331000,0.165971643036,1064,0.337781484570,0.100000000000
30,holdout,0.336530442035,3.688482285000,0.425354462052,1946,0.888240200167,0.100000000000
31,train,0.308173477898,3.065904617000,0.377814845705,1565,0.696413678065,0.100000000000
32,train,0.391492910759,4.086518288000,0.450375312761,1386,0.588824020017,0.100000000000
33,holdout,0.768723936614,29.989208221000,0.829858215179,1431,0.611342785655,0.100000000000
34,train,0.445954962469,5.464084148000,0.502919099249,1353,0.569641367807,0.100000000000
35,train,0.460717264387,7.377514362000,0.556296914095,2408,0.955796497081,0.100000000000
36,validation,0.612343619683,12.813117981000,0.667222685571,1326,0.548790658882,0.100000000000
37,validation,0.740200166806,20.740646362000,0.763969974979,913,0.237698081735,0.100000000000
38,train,0.886905754796,67.171859741000,0.970809007506,1813,0.839032527106,0.100000000000
39,validation,0.614678899083,10.825360298000,0.634695579650,849,0.200166805671,0.100000000000
40,holdout,0.929608006672,65.660781860000,0.964136780651,1066,0.345287739783,0.100000000000
41,validation,0.071726438699,1.154835701000,0.127606338616,1341,0.558798999166,0.100000000000
42,holdout,0.201084236864,1.895537376000,0.272727272727,1577,0.716430358632,0.100000000000
43,train,0.735529608007,21.207983017000,0.771476230192,1079,0.359466221852,0.100000000000
44,train,0.252877397832,2.000037193000,0.284403669725,1034,0.315262718932,0.100000000000
45,train,-0.042869057548,0.908764839000,0.052543786489,2366,0.954128440367,0.100000000000
46,train,-0.034778982485,0.928299904000,0.055879899917,2041,0.906588824020,0.100000000000
47,validation,0.914261884904,60.560081482000,0.936613844871,899,0.223519599666,0.100000000000
48,holdout,0.093661384487,1.121758461000,0.106755629691,722,0.130942452043,0.100000000000
49,train,0.748373644704,24.963008881000,0.794829024187,1226,0.464553794829,0.100000000000
50,train,0.088990825688,1.113487244000,0.104253544621,760,0.152627189324,0.100000000000
51,train,0.864720600500,49.460952759000,0.901584653878,1097,0.368640533778,0.100000000000
52,train,0.271559633028,2.629359245000,0.343619683069,1587,0.720600500417,0.100000000000
53,holdout,0.802251876564,43.716018677000,0.884070058382,1770,0.818181818182,0.100000000000
54,train,0.115763135947,1.158903122000,0.130108423686,747,0.143452877398,0.100000000000
55,holdout,0.635779816514,18.012561798000,0.729774812344,2229,0.939949958299,0.100000000000
56,train,0.100000000000,1.153323174000,0.125104253545,933,0.251042535446,0.100000000000
57,train,0.376730608841,4.300298691000,0.460383653044,1808,0.836530442035,0.100000000000
58,train,0.093911592994,1.087882042000,0.095913261051,389,0.020016680567,0.100000000000
59,validation,0.987572977481,75.351776123000,0.993327773144,577,0.057547956631,0.100000000000
60,train,0.592410341952,9.769464493000,0.608840700584,777,0.164303586322,0.100000000000
61,train,-0.050542118432,0.486720085000,0.015846538782,1523,0.663886572143,0.100000000000
62,holdout,0.640533778148,16.635999680000,0.708090075063,1529,0.675562969141,0.100000000000
63,holdout,0.951376146789,63.889526367000,0.955796497081,534,0.044203502919,0.100000000000
64,train,0.780900750626,41.896865845000,0.877397831526,2507,0.964970809008,0.100000000000
65,train,0.148040033361,1.288708687000,0.175145954962,964,0.271059216013,0.100000000000
66,train,0.531609674729,8.933689117000,0.585487906589,1307,0.538782318599,0.100000000000
67,train,0.698331943286,21.273719788000,0.772310258549,1613,0.739783152627,0.100000000000
68,train,0.895913261051,53.394485474000,0.912427022519,777,0.165137614679,0.100000000000
69,train,0.791909924937,41.124019623000,0.874895746455,1783,0.829858215179,0.100000000000
70,validation,0.495746455379,8.774081230000,0.581317764804,1854,0.855713094245,0.100000000000
71,holdout,0.539532944120,10.730197906000,0.630525437865,2056,0.909924937448,0.100000000000
72,train,0.673477898249,16.479515076000,0.703085904921,1000,0.296080066722,0.100000000000
73,train,0.451209341118,4.448420048000,0.464553794829,733,0.133444537114,0.100000000000
74,holdout,0.721351125938,18.793102264000,0.738115095913,785,0.167639699750,0.100000000000
75,validation,0.135446205171,1.261631012000,0.166805671393,1032,0.313594662219,0.100000000000
76,train,0.448040033361,6.835388184000,0.546288573812,2777,0.982485404504,0.100000000000
77,train,0.560383653044,9.444280624000,0.597998331943,1101,0.376146788991,0.100000000000
78,train,0.259132610509,2.070766449000,0.291909924937,1045,0.327773144287,0.100000000000
79,validation,-0.008757297748,1.054292679000,0.088407005838,2552,0.971643035863,0.100000000000
80,train,0.534195162636,10.389099121000,0.621351125938,1895,0.871559633028,0.100000000000
81,train,0.374311926606,3.459911346000,0.407005838198,1041,0.326939115930,0.100000000000
82,train,0.309674728941,3.337485313000,0.396997497915,1901,0.873227689741,0.100000000000
83,holdout,0.772727272727,23.462894440000,0.786488740617,737,0.137614678899,0.100000000000
84,train,0.896413678065,56.512657166000,0.923269391159,956,0.268557130942,0.100000000000
85,train,0.294328607173,2.831068993000,0.361134278565,1525,0.668056713928,0.100000000000
86,validation,0.778732276897,31.858751297000,0.844036697248,1495,0.653044203503,0.100000000000
87,train,0.698415346122,16.511871338000,0.703919933278,570,0.055045871560,0.100000000000
88,holdout,0.399082568807,3.473168373000,0.409507923269,680,0.104253544621,0.100000000000
89,train,0.054211843203,1.140878677000,0.116763969975,1453,0.625521267723,0.100000000000
90,train,0.051292743953,1.078194618000,0.092577147623,1158,0.412844036697,0.100000000000
91,train,0.471559633028,8.012498856000,0.566305254379,2309,0.947456213511,0.100000000000
92,train,0.417681401168,5.569354057000,0.503753127606,1858,0.860717264387,0.100000000000
93,train,0.322101751460,3.054262161000,0.376146788991,1308,0.540450375313,0.100000000000
94,train,0.469891576314,5.186789989000,0.490408673895,854,0.205170975813,0.100000000000
95,train,-0.062468723937,0.470806122000,0.010008340284,1603,0.724770642202,0.100000000000
96,train,0.912427022519,63.769790649000,0.954128440367,1159,0.417014178482,0.100000000000
97,train,0.079065888240,1.133943558000,0.112593828190,1062,0.335279399500,0.100000000000
98,train,0.147372810676,1.584891319000,0.235195996664,1903,0.878231859883,0.100000000000
99,train,0.049291075897,1.041911125000,0.085904920767,1094,0.366138448707,0.100000000000
100,train,0.763469557965,26.878135681000,0.808173477898,1198,0.447039199333,0.100000000000
101,validation,0.169391159299,1.778032303000,0.256880733945,1902,0.874895746455,0.100000000000
102,validation,0.347206005004,3.678848267000,0.424520433695,1665,0.773144286906,0.100000000000
103,train,0.169808173478,1.314601898000,0.181818181818,702,0.120100083403,0.100000000000
104,train,0.208256880734,2.064865112000,0.289407839867,1748,0.811509591326,0.100000000000
105,validation,0.791659716430,28.722007751000,0.817347789825,938,0.256880733945,0.100000000000
106,train,0.128690575480,1.405100822000,0.198498748957,1566,0.698081734779,0.100000000000
107,train,0.091909924937,1.216602325000,0.153461217681,1443,0.615512927440,0.100000000000
108,holdout,-0.034278565471,0.644958496000,0.024186822352,1381,0.584653878232,0.100000000000
109,validation,0.667723102585,17.433858871000,0.721434528774,1306,0.537114261885,0.100000000000
110,train,0.494328607173,6.270019531000,0.527939949958,1062,0.336113427857,0.100000000000
111,train,-0.011843202669,1.049370766000,0.086738949124,3027,0.985821517932,0.100000000000
112,train,0.561968306922,10.909703255000,0.636363636364,1616,0.743953294412,0.100000000000
113,train,0.688740617181,22.575538635000,0.781484570475,2125,0.927439532944,0.100000000000
114,validation,0.947706422018,62.436660767000,0.950792326939,454,0.030859049208,0.100000000000
115,holdout,0.349124270225,3.610177040000,0.415346121768,1521,0.662218515430,0.100000000000
116,train,0.881567973311,45.190147400000,0.888240200167,594,0.066722268557,0.100000000000
117,holdout,0.781234361968,29.971668243000,0.829024186822,1234,0.477898248540,0.100000000000
118,train,0.198582151793,1.525521278000,0.221851542952,911,0.232693911593,0.100000000000
119,train,0.045371142619,0.972756386000,0.070058381985,922,0.246872393661,0.100000000000
120,train,0.879983319433,47.542388916000,0.895746455379,770,0.157631359466,0.100000000000
121,validation,0.176980817348,1.722608566000,0.250208507089,1610,0.732276897415,0.100000000000
122,train,0.147873227690,1.377861023000,0.192660550459,1199,0.447873227690,0.100000000000
123,validation,0.293327773144,2.666622162000,0.347789824854,1310,0.544620517098,0.100000000000
124,train,0.753127606339,33.433578491000,0.847372810676,2274,0.942452043369,0.100000000000
125,train,0.027272727273,0.797752380000,0.030859049208,489,0.035863219349,0.100000000000
126,holdout,0.260467055880,2.116072655000,0.296080066722,1071,0.356130108424,0.100000000000
127,validation,0.063803169308,1.141756058000,0.119266055046,1339,0.554628857381,0.100000000000
128,train,0.834195162636,35.839366913000,0.858215179316,914,0.240200166806,0.100000000000
129,train,0.583819849875,13.417127609000,0.673894912427,2028,0.900750625521,0.100000000000
130,holdout,0.211759799833,1.793905258000,0.260216847373,1239,0.484570475396,0.100000000000
131,holdout,0.927105921601,61.716682434000,0.944120100083,789,0.170141784821,0.100000000000
132,train,0.538365304420,8.978543282000,0.587155963303,1243,0.487906588824,0.100000000000
133,train,-0.067055879900,0.474635124000,0.012510425354,1726,0.795663052544,0.100000000000
134,train,0.149541284404,1.211890221000,0.150125104254,292,0.005838198499,0.100000000000
135,train,0.866055045872,43.533760071000,0.883236030025,790,0.171809841535,0.100000000000
136,train,0.287656380317,2.561047554000,0.332777314429,1201,0.451209341118,0.100000000000
137,holdout,0.488073394495,5.229307175000,0.492910758966,556,0.048373644704,0.100000000000
138,holdout,0.071309424520,1.185874939000,0.141784820684,1569,0.704753961635,0.100000000000
139,validation,0.670058381985,14.695462227000,0.685571309425,766,0.155129274395,0.100000000000
140,train,0.224937447873,1.745793343000,0.253544620517,987,0.286071726439,0.100000000000
141,train,0.764303586322,27.249263763000,0.809841534612,1206,0.455379482902,0.100000000000
142,train,0.251959966639,1.984692574000,0.281067556297,995,0.291075896580,0.100000000000
143,holdout,0.752543786489,30.989660263000,0.837364470392,1820,0.848206839033,0.100000000000
144,validation,0.429357798165,3.866534233000,0.436196830692,595,0.068390325271,0.100000000000
145,train,0.767973311093,31.005653381000,0.839032527106,1572,0.710592160133,0.100000000000
146,train,0.342368640534,3.665525436000,0.423686405338,1765,0.813177648040,0.100000000000
147,train,0.688490408674,19.995500565000,0.753961634696,1496,0.654712260217,0.100000000000
148,train,0.643202668891,12.251502991000,0.658048373645,755,0.148457047540,0.100000000000
149,train,0.852627189324,46.276863098000,0.892410341952,1135,0.397831526272,0.100000000000
150,train,0.387239366138,3.635087967000,0.420350291910,1059,0.331109257715,0.100000000000
151,holdout,0.486989157631,5.453066826000,0.502085070892,756,0.150959132611,0.100000000000
152,train,0.692243536280,23.365886688000,0.785654712260,2179,0.934111759800,0.100000000000
153,train,0.899249374479,58.177719116000,0.927439532944,978,0.281901584654,0.100000000000
154,train,0.855129274395,44.854240417000,0.886572143453,1032,0.314428690575,0.100000000000
155,train,0.828023352794,41.482315063000,0.876563803169,1240,0.485404503753,0.100000000000
156,train,0.541367806505,8.086338043000,0.569641367807,978,0.282735613011,0.100000000000
157,validation,0.962301918265,65.683044434000,0.964970809008,427,0.026688907423,0.100000000000
158,train,0.504503753128,9.254324913000,0.591326105088,1875,0.868223519600,0.100000000000
159,train,-0.054795663053,0.801617622000,0.031693077565,1867,0.864887406172,0.100000000000
160,train,-0.016763969975,0.942051888000,0.061718098415,1693,0.784820683903,0.100000000000
161,train,0.510175145955,5.827834129000,0.512927439533,427,0.027522935780,0.100000000000
162,validation,0.077648040033,1.246192932000,0.163469557965,1857,0.858215179316,0.100000000000
163,train,0.215262718932,1.632557869000,0.239366138449,914,0.241034195163,0.100000000000
164,train,0.408090075063,4.660964489000,0.477064220183,1542,0.689741451209,0.100000000000
165,train,0.052543786489,1.012195587000,0.075062552127,904,0.225187656380,0.100000000000
166,train,0.605421184320,10.591547966000,0.626355296080,871,0.209341117598,0.100000000000
167,validation,0.284987489575,2.819592476000,0.360300250209,1642,0.753127606339,0.100000000000
168,validation,0.056463719766,1.198462486000,0.146788990826,2032,0.903252710592,0.100000000000
169,train,-0.050375312761,0.873476982000,0.044203502919,2299,0.945788156797,0.100000000000
170,train,0.452710592160,5.750468731000,0.511259382819,1383,0.585487906589,0.100000000000
171,train,0.308673894912,3.348061562000,0.399499582986,2046,0.908256880734,0.100000000000
172,validation,0.850458715596,37.032966614000,0.860717264387,668,0.102585487907,0.100000000000
173,train,0.024687239366,1.133114815000,0.110925771476,1860,0.862385321101,0.100000000000
174,holdout,0.489157631359,5.357652664000,0.498748957465,655,0.095913261051,0.100000000000
175,train,-0.004837364470,0.217153549000,0.005004170142,659,0.098415346122,0.100000000000
176,train,0.875479566305,60.714912415000,0.938281901585,1454,0.628023352794,0.100000000000
177,train,0.367889908257,4.318696499000,0.461217681401,2175,0.933277731443,0.100000000000
178,validation,0.233861551293,2.288849831000,0.309424520434,1645,0.755629691410,0.100000000000
179,validation,0.255629691410,1.909780502000,0.275229357798,845,0.195996663887,0.100000000000
180,validation,0.407172643870,3.937618732000,0.440366972477,1059,0.331943286072,0.100000000000
181,train,0.020600500417,1.015159607000,0.076730608841,1343,0.561301084237,0.100000000000
182,train,0.694745621351,22.021598816000,0.778148457048,1790,0.834028356964,0.100000000000
183,train,0.367472894078,3.623133659000,0.417848206839,1264,0.503753127606,0.100000000000
184,train,0.552126772310,7.489143848000,0.557130942452,559,0.050041701418,0.100000000000
185,validation,0.688490408674,19.174619675000,0.746455379483,1376,0.579649708090,0.100000000000
186,train,0.264804003336,2.135181427000,0.296914095079,1037,0.321100917431,0.100000000000
187,train,0.752126772310,30.114252090000,0.830692243536,1693,0.785654712260,0.100000000000
188,holdout,0.839532944120,45.865211487000,0.891576313595,1287,0.520433694746,0.100000000000
189,train,0.710008340284,25.870155334000,0.803169307756,2174,0.931609674729,0.100000000000
190,train,0.613594662219,13.363000870000,0.673060884070,1399,0.594662218515,0.100000000000
191,validation,0.028773978315,1.078442574000,0.093411175980,1489,0.646371976647,0.100000000000
192,train,0.475979983319,8.175661087000,0.570475396163,2289,0.944954128440,0.100000000000
193,train,0.245871559633,1.794120789000,0.261050875730,759,0.151793160967,0.100000000000
194,train,-0.040867389491,0.475556374000,0.014178482068,1337,0.550458715596,0.100000000000
195,train,0.228273561301,2.223911285000,0.301918265221,1612,0.736447039199,0.100000000000
196,train,0.094995829858,1.172181129000,0.136780650542,1161,0.417848206839,0.100000000000
197,train,0.977397831526,71.592056274000,0.981651376147,527,0.042535446205,0.100000000000
198,train,0.101000834028,1.155913353000,0.128440366972,968,0.274395329441,0.100000000000
199,train,0.316513761468,3.512348175000,0.412010008340,2393,0.954962468724,0.100000000000
200,validation,0.010508757298,0.891148567000,0.048373644704,1106,0.378648874062,0.100000000000
201,train,0.781651376147,30.791248322000,0.834028356964,1296,0.523769808173,0.100000000000
202,train,0.935696413678,62.220123291000,0.948290241868,710,0.125938281902,0.100000000000
203,validation,0.483402835696,8.779435158000,0.582151793161,3047,0.987489574646,0.100000000000
204,holdout,0.013010842369,0.891667366000,0.049207673061,1090,0.361968306922,0.100000000000
205,train,0.661134278565,19.936149597000,0.753127606339,2085,0.919933277731,0.100000000000
206,holdout,0.215346121768,1.497920036000,0.217681401168,410,0.023352793995,0.100000000000
207,train,0.624770642202,13.535084724000,0.676396997498,1276,0.516263552961,0.100000000000
208,train,0.953794829024,66.707435608000,0.969140950792,763,0.153461217681,0.100000000000
209,train,0.072643869892,1.254483223000,0.165137614679,2123,0.924937447873,0.100000000000
210,train,0.099249374479,1.171120644000,0.135946622185,1094,0.366972477064,0.100000000000
211,holdout,0.829107589658,45.224746704000,0.889074228524,1413,0.599666388657,0.100000000000
212,train,0.300083402836,2.831349373000,0.361968306922,1449,0.618849040867,0.100000000000
213,train,-0.017597998332,-1.950397491000,0.002502085071,850,0.201000834028,0.100000000000
214,train,0.704503753128,18.732206345000,0.736447039199,1036,0.319432860717,0.100000000000
215,validation,0.956797331109,65.555786133000,0.963302752294,593,0.065054211843,0.100000000000
216,validation,0.168306922435,1.551494598000,0.229357798165,1425,0.610508757298,0.100000000000
217,train,0.975229357798,75.294685364000,0.992493744787,790,0.172643869892,0.100000000000
218,holdout,0.774895746455,36.269638062000,0.859883236030,1833,0.849874895746,0.100000000000
219,validation,0.507839866555,8.311084747000,0.572977481234,1494,0.651376146789,0.100000000000
220,train,0.258465387823,1.840445518000,0.266889074229,628,0.084236864053,0.100000000000
221,train,0.046622185154,0.919877052000,0.054211843203,612,0.075896580484,0.100000000000
222,train,0.289741451209,2.724588394000,0.353628023353,1463,0.638865721435,0.100000000000
223,holdout,0.741451209341,24.727855682000,0.793160967473,1277,0.517097581318,0.100000000000
224,holdout,0.721267723103,28.750055313000,0.818181818182,2515,0.969140950792,0.100000000000
225,train,0.794995829858,45.382301331000,0.889908256881,2313,0.949124270225,0.100000000000
226,train,0.433527939950,4.728329182000,0.480400333611,1229,0.468723936614,0.100000000000
227,holdout,0.209007506255,1.615954399000,0.237698081735,987,0.286905754796,0.100000000000
228,train,0.531192660550,6.357456207000,0.532944120100,379,0.017514595496,0.100000000000
229,train,0.359883236030,3.247041702000,0.394495412844,1066,0.346121768140,0.100000000000
230,holdout,0.144203502919,1.436932564000,0.206839032527,1453,0.626355296080,0.100000000000
231,train,0.724270225188,28.219455719000,0.814011676397,1994,0.897414512093,0.100000000000
232,holdout,0.004920767306,0.869792938000,0.041701417848,1094,0.367806505421,0.100000000000
233,train,0.590158465388,11.922317505000,0.651376146789,1432,0.612176814012,0.100000000000
234,holdout,0.775562969141,26.007320404000,0.804003336113,982,0.284403669725,0.100000000000
235,train,-0.023185988324,0.235205650000,0.005838198499,994,0.290241868224,0.100000000000
236,train,0.721601334445,23.520376205000,0.787322768974,1499,0.657214345288,0.100000000000
237,validation,0.054378648874,0.946359634000,0.063386155129,634,0.090075062552,0.100000000000
238,train,0.689574645538,18.416421890000,0.733110925771,1172,0.435362802335,0.100000000000
239,validation,0.722518765638,18.559143066000,0.734778982485,706,0.122602168474,0.100000000000
240,holdout,0.668723936614,17.089023590000,0.714762301918,1210,0.460383653044,0.100000000000
241,train,0.375312760634,3.449460030000,0.406171809842,1026,0.308590492077,0.100000000000
242,train,0.377147623019,4.103347778000,0.452043369475,1623,0.748957464554,0.100000000000
243,validation,0.817180984153,29.048032761000,0.823185988324,580,0.060050041701,0.100000000000
244,train,0.149374478732,1.360569954000,0.189324437031,1137,0.399499582986,0.100000000000
245,validation,0.174395329441,1.445134163000,0.208507089241,1065,0.341117597998,0.100000000000
246,train,0.373477898249,3.649668694000,0.421184320267,1232,0.477064220183,0.100000000000
247,train,0.914845704754,56.858406067000,0.924103419516,651,0.092577147623,0.100000000000
248,train,0.664637197665,18.992498398000,0.742285237698,1685,0.776480400334,0.100000000000
249,holdout,0.459966638866,4.570421219000,0.471226021685,683,0.112593828190,0.100000000000
250,train,0.973144286906,69.466720581000,0.974979149291,381,0.018348623853,0.100000000000
251,train,0.753127606339,20.547832489000,0.760633861551,610,0.075062552127,0.100000000000
252,validation,-0.007422852377,1.052872658000,0.087572977481,2341,0.949958298582,0.100000000000
253,train,-0.030775646372,0.959746361000,0.065888240200,2509,0.966638865721,0.100000000000
254,train,0.957881567973,65.337654114000,0.961634695580,504,0.037531276063,0.100000000000
255,holdout,0.740450375313,28.969884872000,0.821517931610,1745,0.810675562969,0.100000000000
256,train,0.378065054212,3.885476112000,0.437030859049,1386,0.589658048374,0.100000000000
257,train,0.491409507923,8.504081726000,0.576313594662,1825,0.849040867389,0.100000000000
258,train,0.754045037531,29.629608154000,0.827356130108,1610,0.733110925771,0.100000000000
259,train,0.610258548791,12.182583809000,0.656380316931,1210,0.461217681401,0.100000000000
260,train,0.443869891576,4.116983891000,0.454545454545,681,0.106755629691,0.100000000000
261,holdout,0.742869057548,22.762260437000,0.783152627189,1139,0.402835696414,0.100000000000
262,train,0.762635529608,32.085647583000,0.844870725605,1773,0.822351959967,0.100000000000
263,train,-0.032610508757,0.837325096000,0.035863219349,1537,0.684737281068,0.100000000000
264,train,0.463636363636,7.900848389000,0.561301084237,2625,0.976647206005,0.100000000000
265,train,0.800667222686,27.320163727000,0.810675562969,660,0.100083402836,0.100000000000
266,train,0.346538782319,3.895368576000,0.437864887406,2076,0.913261050876,0.100000000000
267,train,0.320517097581,3.225636482000,0.391993327773,1576,0.714762301918,0.100000000000
268,train,0.181401167640,1.885309219000,0.271893244370,2033,0.904920767306,0.100000000000
269,train,0.623436196831,15.855517387000,0.699749791493,1653,0.763135946622,0.100000000000
270,train,0.047372810676,1.179726601000,0.140950792327,2187,0.935779816514,0.100000000000
271,train,0.268640533778,2.677626610000,0.349457881568,1744,0.808173477898,0.100000000000
272,train,0.618265221018,13.742066383000,0.678065054212,1412,0.597998331943,0.100000000000
273,holdout,0.579899916597,9.895044327000,0.610508757298,1018,0.306088407006,0.100000000000
274,train,0.230108423686,1.586206436000,0.236030025021,579,0.059216013344,0.100000000000
275,train,0.166555462886,1.262292862000,0.167639699750,344,0.010842368641,0.100000000000
276,validation,0.182402001668,1.929558754000,0.276063386155,2216,0.936613844871,0.100000000000
277,train,0.641367806505,17.402467728000,0.720600500417,1712,0.792326939116,0.100000000000
278,holdout,0.090408673895,1.138103485000,0.114261884904,913,0.238532110092,0.100000000000
279,train,0.480733944954,6.329920292000,0.530442035029,1262,0.497080900751,0.100000000000
280,train,-0.022101751460,0.929203987000,0.056713928274,1699,0.788156797331,0.100000000000
281,validation,0.249541284404,2.540416718000,0.328607172644,1703,0.790658882402,0.100000000000
282,validation,0.308256880734,2.966169357000,0.371142618849,1455,0.628857381151,0.100000000000
283,holdout,0.713844870726,17.184986115000,0.716430358632,426,0.025854879066,0.100000000000
284,holdout,0.302335279399,2.260575294000,0.307756463720,565,0.054211843203,0.100000000000
285,validation,0.741701417848,24.635976791000,0.792326939116,1267,0.506255212677,0.100000000000
286,train,0.151542952460,1.427171707000,0.203502919099,1286,0.519599666389,0.100000000000
287,holdout,0.555379482902,8.078269958000,0.568807339450,733,0.134278565471,0.100000000000
288,train,0.666805671393,17.233276367000,0.717264386989,1264,0.504587155963,0.100000000000
289,validation,0.188573811510,1.536872864000,0.226021684737,1100,0.374478732277,0.100000000000
290,train,0.117848206839,1.217697144000,0.154295246038,1093,0.364470391993,0.100000000000
291,validation,0.393077564637,4.182379723000,0.456213511259,1457,0.631359466222,0.100000000000
292,train,0.333944954128,2.844923019000,0.362802335279,990,0.288573811510,0.100000000000
293,train,0.883736447039,51.581634521000,0.909090909091,934,0.253544620517,0.100000000000
294,train,0.734361968307,19.710414886000,0.749791492911,764,0.154295246038,0.100000000000
295,train,-0.020600500417,0.813591957000,0.034195162636,1323,0.547956630525,0.100000000000
296,validation,0.067055879900,1.023039818000,0.077564637198,680,0.105087572977,0.100000000000
297,holdout,0.863636363636,57.636993408000,0.924937447873,1435,0.613010842369,0.100000000000
298,train,0.303836530442,3.285369873000,0.396163469558,2117,0.923269391159,0.100000000000
299,train,0.489908256881,6.668777466000,0.541284403670,1273,0.513761467890,0.100000000000
300,train,0.612927439533,15.419113159000,0.697247706422,1817,0.843202668891,0.100000000000
301,holdout,-0.041868223520,0.867321968000,0.040867389491,1781,0.827356130108,0.100000000000
302,validation,0.060800667223,0.994523048000,0.072560467056,687,0.117597998332,0.100000000000
303,train,-0.015846538782,0.960485458000,0.066722268557,1776,0.825688073394,0.100000000000
304,validation,0.377481234362,3.722427368000,0.430358632193,1301,0.528773978315,0.100000000000
305,train,0.985904920767,78.390846252000,0.995829858215,659,0.099249374479,0.100000000000
306,train,0.192827356130,1.429584503000,0.204336947456,685,0.115095913261,0.100000000000
307,train,0.737948290242,28.066738129000,0.813177648040,1630,0.752293577982,0.100000000000
308,train,0.099582985822,1.173036575000,0.137614678899,1107,0.380316930776,0.100000000000
309,train,0.135112593828,1.525993347000,0.222685571309,1902,0.875729774812,0.100000000000
310,train,0.007172643870,0.905879021000,0.050041701418,1165,0.428690575480,0.100000000000
311,train,0.810341951626,50.129608154000,0.903252710592,2167,0.929107589658,0.100000000000
312,train,0.184653878232,1.341408730000,0.187656380317,451,0.030025020851,0.100000000000
313,train,0.083653044204,1.283735275000,0.173477898249,1997,0.898248540450,0.100000000000
314,train,0.812760633862,50.893074036000,0.906588824020,2223,0.938281901585,0.100000000000
315,train,0.179482902419,1.844529152000,0.267723102585,1908,0.882402001668,0.100000000000
316,train,0.224353628023,2.352920532000,0.313594662219,1982,0.892410341952,0.100000000000
317,train,0.398832360300,4.341173172000,0.462885738115,1466,0.640533778148,0.100000000000
318,train,0.511759799833,6.757868767000,0.542952460384,1031,0.311926605505,0.100000000000
319,train,0.680066722269,15.117405891000,0.693911592994,737,0.138448707256,0.100000000000
320,train,0.279399499583,2.948519707000,0.370308590492,2049,0.909090909091,0.100000000000
321,holdout,0.798248540450,31.819616318000,0.843202668891,1200,0.449541284404,0.100000000000
322,train,0.457631359466,4.503002167000,0.466221851543,630,0.085904920767,0.100000000000
323,holdout,0.937030859049,65.478309631000,0.962468723937,934,0.254378648874,0.100000000000
324,train,0.951042535446,67.977279663000,0.971643035863,855,0.206005004170,0.100000000000
325,train,0.695496246872,16.365285873000,0.702251876564,594,0.067556296914,0.100000000000
326,validation,0.758798999166,22.398414612000,0.778982485405,850,0.201834862385,0.100000000000
327,holdout,0.230942452043,1.999681473000,0.283569641368,1298,0.526271893244,0.100000000000
328,train,0.503002502085,6.521429062000,0.538782318599,1074,0.357798165138,0.100000000000
329,train,0.844036697248,43.213256836000,0.881567973311,1100,0.375312760634,0.100000000000
330,train,0.521934945788,6.116224289000,0.522101751460,118,0.001668056714,0.100000000000
331,train,-0.009257714762,0.948892593000,0.064220183486,1611,0.734778982485,0.100000000000
332,train,0.834028356964,34.541229248000,0.852376980817,819,0.183486238532,0.100000000000
333,train,0.775312760634,26.748933792000,0.807339449541,1036,0.320266889074,0.100000000000
334,train,0.889157631359,52.544586182000,0.910758965805,878,0.216013344454,0.100000000000
335,train,0.506255212677,5.914846420000,0.517097581318,682,0.108423686405,0.100000000000
336,train,0.431776480400,6.110663414000,0.521267723103,1990,0.894912427023,0.100000000000
337,train,0.320517097581,2.534932137000,0.327773144287,608,0.072560467056,0.100000000000
338,holdout,0.698915763136,21.054367065000,0.768140116764,1547,0.692243536280,0.100000000000
339,train,0.399833194329,3.958738804000,0.442035029191,1163,0.422018348624,0.100000000000
340,holdout,0.748206839033,20.948673248000,0.765638031693,791,0.174311926606,0.100000000000
341,holdout,0.834612176814,50.633811951000,0.905754795663,1572,0.711426188490,0.100000000000
342,train,0.581734778982,13.441902161000,0.674728940784,2167,0.929941618015,0.100000000000
343,holdout,0.235946622185,1.878449440000,0.271059216013,1069,0.351125938282,0.100000000000
344,train,0.880984153461,50.981590271000,0.907422852377,948,0.264386989158,0.100000000000
345,validation,0.704420350292,20.575056076000,0.761467889908,1360,0.570475396163,0.100000000000
346,train,0.155296080067,1.222420692000,0.156797331109,366,0.015012510425,0.100000000000
347,validation,0.287072560467,3.107646942000,0.381150959133,2231,0.940783986656,0.100000000000
348,holdout,0.292076730609,2.624166489000,0.342785654712,1267,0.507089241034,0.100000000000
349,train,0.343869891576,3.935333252000,0.439532944120,2409,0.956630525438,0.100000000000
350,holdout,0.331609674729,3.617859840000,0.416180150125,1819,0.845704753962,0.100000000000
351,validation,-0.051709758132,0.587654114000,0.020850708924,1604,0.725604670559,0.100000000000
352,train,0.586155129274,10.174951553000,0.617180984153,1030,0.310258548791,0.100000000000
353,train,0.429858215179,6.279800415000,0.528773978315,3100,0.989157631359,0.100000000000
354,train,0.412010008340,4.763648987000,0.482068390325,1567,0.700583819850,0.100000000000
355,train,0.929274395329,60.664466858000,0.937447873228,622,0.081734778982,0.100000000000
356,train,0.479149291076,6.879580021000,0.547122602168,1533,0.679733110926,0.100000000000
357,train,0.145788156797,1.218289375000,0.155129274395,653,0.093411175980,0.100000000000
358,train,0.218849040867,1.783097267000,0.257714762302,1123,0.388657214345,0.100000000000
359,validation,0.932527105922,61.149986267000,0.940783986656,625,0.082568807339,0.100000000000
360,train,0.386989157631,3.625139236000,0.418682235196,1035,0.316930775646,0.100000000000
361,train,0.089991659716,1.195280075000,0.145120934112,1337,0.551292743953,0.100000000000
362,validation,0.056380316931,1.086318016000,0.095079232694,1122,0.386989157631,0.100000000000
363,train,0.785571309425,24.966352463000,0.795663052544,662,0.100917431193,0.100000000000
364,train,0.885237698082,54.184043884000,0.914929107590,1001,0.296914095079,0.100000000000
365,train,0.231693077565,1.658489227000,0.244370308590,710,0.126772310259,0.100000000000
366,train,0.595246038365,9.969451904000,0.613010842369,797,0.177648040033,0.100000000000
367,train,0.722602168474,22.469444275000,0.779816513761,1372,0.572143452877,0.100000000000
368,train,-0.055879899917,0.346014977000,0.008340283570,1485,0.642201834862,0.100000000000
369,train,0.563886572143,10.787468910000,0.633027522936,1544,0.691409507923,0.100000000000
370,train,0.508590492077,6.176650047000,0.524603836530,772,0.160133444537,0.100000000000
371,train,0.366221851543,3.771940231000,0.432860717264,1524,0.666388657214,0.100000000000
372,train,0.101501251043,1.141400337000,0.118432026689,788,0.169307756464,0.100000000000
373,train,0.503669724771,9.502649307000,0.600500417014,2512,0.968306922435,0.100000000000
374,train,0.636447039199,14.364205360000,0.683903252711,1231,0.474562135113,0.100000000000
375,train,0.087823185988,1.220314980000,0.155963302752,1535,0.681401167640,0.100000000000
376,validation,0.567472894078,8.667125702000,0.578815679733,684,0.113427856547,0.100000000000
377,train,0.453544620517,4.528041840000,0.467055879900,733,0.135112593828,0.100000000000
378,train,0.679065888240,17.856620789000,0.727272727273,1236,0.482068390325,0.100000000000
379,train,-0.023436196831,0.908733368000,0.051709758132,1629,0.751459549625,0.100000000000
380,train,0.520433694746,7.665280342000,0.558798999166,1113,0.383653044204,0.100000000000
381,train,0.078899082569,1.154380798000,0.126772310259,1234,0.478732276897,0.100000000000
382,train,0.044453711426,1.153923035000,0.125938281902,1768,0.814845704754,0.100000000000
383,holdout,0.005421184320,0.343273163000,0.007506255213,400,0.020850708924,0.100000000000
384,holdout,0.242201834862,1.702266693000,0.249374478732,607,0.071726438699,0.100000000000
385,holdout,0.910508757298,55.736091614000,0.919933277731,653,0.094245204337,0.100000000000
386,holdout,0.354962468724,4.033079624000,0.447039199333,2086,0.920767306088,0.100000000000
387,train,0.615012510425,12.554233551000,0.663052543786,1235,0.480400333611,0.100000000000
388,holdout,0.652210175146,18.304985046000,0.732276897415,1732,0.800667222686,0.100000000000
389,train,0.507506255213,9.637702942000,0.603836530442,2502,0.963302752294,0.100000000000
390,train,0.056130108424,1.148378372000,0.122602168474,1523,0.664720600500,0.100000000000
391,validation,0.386905754796,4.569164753000,0.470391993328,1794,0.834862385321,0.100000000000
392,train,0.794745621351,30.537925720000,0.833194328607,1115,0.384487072560,0.100000000000
393,train,0.222768974145,2.076911926000,0.293577981651,1571,0.708090075063,0.100000000000
394,train,0.346872393661,3.344140053000,0.398665554629,1278,0.517931609675,0.100000000000
395,train,0.908840700584,62.410392761000,0.949958298582,1157,0.411175979983,0.100000000000
396,holdout,0.844453711426,56.062545776000,0.922435362802,1688,0.779816513761,0.100000000000
397,train,0.279899916597,2.900684357000,0.365304420350,1847,0.854045037531,0.100000000000
398,train,0.410842368641,3.786535740000,0.433694745621,907,0.228523769808,0.100000000000
399,validation,0.781484570475,27.825618744000,0.811509591326,1007,0.300250208507,0.100000000000
400,validation,-0.006171809842,0.855932236000,0.038365304420,1197,0.445371142619,0.100000000000
401,train,0.731276063386,20.481243134000,0.759799833194,983,0.285237698082,0.100000000000
402,holdout,0.112093411176,1.161331177000,0.130942452043,826,0.188490408674,0.100000000000
403,train,0.543119266055,9.120570183000,0.589658048374,1226,0.465387823186,0.100000000000
404,train,0.662969140951,12.580360413000,0.663886572143,312,0.009174311927,0.100000000000
405,train,0.934278565471,61.223579407000,0.941618015013,608,0.073394495413,0.100000000000
406,train,0.082652210175,1.276862144000,0.171809841535,1953,0.891576313595,0.100000000000
407,train,0.939783152627,64.634696960000,0.959132610509,837,0.193494578816,0.100000000000
408,validation,0.015512927440,1.037445068000,0.082568807339,1526,0.670558798999,0.100000000000
409,train,0.061551292744,1.174820900000,0.139282735613,1686,0.777314428691,0.100000000000
410,train,0.217848206839,2.033932686000,0.286071726439,1535,0.682235195997,0.100000000000
411,holdout,0.284904086739,2.153223038000,0.297748123436,712,0.128440366972,0.100000000000
412,holdout,0.459883236030,7.205981255000,0.553794829024,2226,0.939115929942,0.100000000000
413,train,0.230859049208,2.195459366000,0.300250208507,1554,0.693911592994,0.100000000000
414,train,0.338115095913,3.522368431000,0.412844036697,1618,0.747289407840,0.100000000000
415,train,0.561467889908,9.504491806000,0.601334445371,1135,0.398665554629,0.100000000000
416,train,0.451376146789,6.741903305000,0.542118432027,2043,0.907422852377,0.100000000000
417,train,0.250542118432,1.784364700000,0.258548790659,620,0.080066722269,0.100000000000
418,train,0.908924103420,59.197494507000,0.930775646372,884,0.218515429525,0.100000000000
419,holdout,0.886405337781,55.952735901000,0.921601334445,1069,0.351959966639,0.100000000000
420,train,0.128190158465,1.208624840000,0.149291075897,875,0.211009174312,0.100000000000
421,train,0.103753127606,1.123006821000,0.107589658048,508,0.038365304420,0.100000000000
422,train,0.238782318599,2.255335808000,0.306088407006,1528,0.673060884070,0.100000000000
423,validation,0.916263552961,60.159957886000,0.934945788157,824,0.186822351960,0.100000000000
424,validation,0.143869891576,1.452360153000,0.211009174312,1526,0.671392827356,0.100000000000
425,train,0.629274395329,13.618407249000,0.677231025855,1234,0.479566305254,0.100000000000
426,train,0.143703085905,1.401698112000,0.196830692244,1303,0.531276063386,0.100000000000
427,train,0.660550458716,15.202027321000,0.694745621351,1065,0.341951626355,0.100000000000
428,train,0.093661384487,1.287775040000,0.174311926606,1741,0.806505421184,0.100000000000
429,validation,0.239449541284,2.416005135000,0.316930775646,1684,0.774812343620,0.100000000000
430,train,0.825437864887,37.670814514000,0.862385321101,1097,0.369474562135,0.100000000000
431,train,0.372560467056,3.492096901000,0.410341951626,1105,0.377814845705,0.100000000000
432,train,-0.037114261885,0.875154495000,0.045037531276,1771,0.821517931610,0.100000000000
433,holdout,0.592243536280,10.606817245000,0.627189324437,1067,0.349457881568,0.100000000000
434,train,0.249457881568,1.753120422000,0.254378648874,558,0.049207673061,0.100000000000
435,train,0.352543786489,3.012652397000,0.374478732277,884,0.219349457882,0.100000000000
436,validation,0.882318598832,55.187812805000,0.916597164304,1065,0.342785654712,0.100000000000
437,train,0.317264386989,2.630733490000,0.344453711426,964,0.271893244370,0.100000000000
438,train,0.535529608007,10.442167282000,0.622185154295,1871,0.866555462886,0.100000000000
439,train,0.157714762302,1.271266937000,0.169307756464,685,0.115929941618,0.100000000000
440,holdout,0.230025020851,1.572949409000,0.231025854879,312,0.010008340284,0.100000000000
441,train,0.284070058382,2.429625511000,0.319432860717,1070,0.353628023353,0.100000000000
442,train,0.019599666389,0.762172699000,0.028356964137,631,0.087572977481,0.100000000000
443,validation,0.787572977481,42.099697113000,0.879065888240,2078,0.914929107590,0.100000000000
444,train,0.619933277731,14.016427994000,0.680567139283,1421,0.606338615513,0.100000000000
445,train,0.395412844037,4.070121288000,0.449541284404,1308,0.541284403670,0.100000000000
446,train,0.608006672227,15.859687805000,0.700583819850,2123,0.925771476230,0.100000000000
447,train,0.228106755630,1.744057655000,0.252710592160,921,0.246038365304,0.100000000000
448,train,0.474728940784,5.264883518000,0.495412844037,859,0.206839032527,0.100000000000
449,train,0.097581317765,1.108094215000,0.100083402836,422,0.025020850709,0.100000000000
450,train,0.848874061718,40.263263702000,0.871559633028,905,0.226855713094,0.100000000000
451,train,0.092827356130,1.290472031000,0.175979983319,1785,0.831526271893,0.100000000000
452,train,0.673477898249,16.716276169000,0.708924103420,1070,0.354462051710,0.100000000000
453,train,0.547039199333,10.057311058000,0.614678899083,1529,0.676396997498,0.100000000000
454,train,0.331943286072,2.991567612000,0.371976647206,1137,0.400333611343,0.100000000000
455,holdout,0.955129274395,73.040145874000,0.984987489575,1002,0.298582151793,0.100000000000
456,train,0.355629691410,3.203709602000,0.388657214345,1057,0.330275229358,0.100000000000
457,train,0.663636363636,13.487909317000,0.675562969141,695,0.119266055046,0.100000000000
458,holdout,0.737197664721,21.133689880000,0.769808173478,1040,0.326105087573,0.100000000000
459,train,0.607256046706,14.089529991000,0.681401167640,1614,0.741451209341,0.100000000000
460,train,0.261718098415,2.563689232000,0.334445371143,1606,0.727272727273,0.100000000000
461,train,0.332944120100,2.935676575000,0.369474562135,1093,0.365304420350,0.100000000000
462,train,0.851626355296,38.697837830000,0.868223519600,780,0.165971643036,0.100000000000
463,train,0.297331109258,2.850161552000,0.363636363636,1522,0.663052543786,0.100000000000
464,train,0.060550458716,1.162479401000,0.131776480400,1572,0.712260216847,0.100000000000
465,train,0.389574645538,4.135558128000,0.455379482902,1503,0.658048373645,0.100000000000
466,validation,0.186655546289,1.858765602000,0.268557130942,1770,0.819015846539,0.100000000000
467,train,0.130942452043,1.522266388000,0.219349457882,1916,0.884070058382,0.100000000000
468,validation,0.583819849875,12.216405869000,0.657214345288,1610,0.733944954128,0.100000000000
469,train,0.346788990826,3.061592102000,0.376980817348,1009,0.301918265221,0.100000000000
470,train,0.378565471226,3.366892815000,0.400333611343,883,0.217681401168,0.100000000000
471,train,-0.036280233528,0.825858116000,0.035029190992,1574,0.713094245204,0.100000000000
472,train,0.750708924103,30.794452667000,0.834862385321,1814,0.841534612177,0.100000000000
473,train,0.955129274395,66.256118774000,0.967472894078,709,0.123436196831,0.100000000000
474,train,0.952293577982,78.982803345000,0.996663886572,1194,0.443703085905,0.100000000000
475,train,0.178732276897,1.549888611000,0.228523769808,1262,0.497914929108,0.100000000000
476,train,0.876480400334,45.171257019000,0.887406171810,682,0.109257714762,0.100000000000
477,train,0.380650542118,3.658253670000,0.422018348624,1158,0.413678065054,0.100000000000
478,train,0.135529608007,1.174580574000,0.138448707256,443,0.029190992494,0.100000000000
479,train,0.715429524604,20.008203506000,0.754795663053,1131,0.393661384487,0.100000000000
480,train,0.171309424520,1.304747581000,0.180150125104,633,0.088407005838,0.100000000000
481,validation,0.072643869892,1.167318344000,0.134278565471,1445,0.616346955796,0.100000000000
482,train,0.749791492911,21.638977051000,0.773978315263,914,0.241868223520,0.100000000000
483,train,0.664386989158,16.520299911000,0.704753961635,1139,0.403669724771,0.100000000000
484,validation,0.785154295246,24.284774780000,0.791492910759,589,0.063386155129,0.100000000000
485,train,0.912510425354,53.778915405000,0.914095079233,367,0.015846538782,0.100000000000
486,train,0.030108423686,0.863516808000,0.039199332777,638,0.090909090909,0.100000000000
487,train,0.340033361134,3.618967056000,0.417014178482,1660,0.769808173478,0.100000000000
488,train,0.493411175980,6.029010773000,0.520433694746,963,0.270225187656,0.100000000000
489,validation,0.193744787323,1.638891220000,0.241034195163,1230,0.472894078399,0.100000000000
490,train,0.052543786489,1.035466194000,0.081734778982,995,0.291909924937,0.100000000000
491,train,0.199582985822,1.755834579000,0.255212677231,1340,0.556296914095,0.100000000000
492,train,0.929107589658,62.086799622000,0.946622185154,791,0.175145954962,0.100000000000
493,train,-0.086655546289,0.472926140000,0.011676396997,2811,0.983319432861,0.100000000000
494,train,0.456130108424,5.670544147000,0.506255212677,1263,0.501251042535,0.100000000000
495,train,0.104086738949,1.421220779000,0.200166805671,2456,0.960800667223,0.100000000000
496,train,0.594161801501,12.465351105000,0.661384487073,1527,0.672226855713,0.100000000000
497,train,0.555212677231,10.586421013000,0.625521267723,1568,0.703085904921,0.100000000000
498,validation,0.055963302752,1.081329346000,0.094245204337,1112,0.382819015847,0.100000000000
499,holdout,0.258715596330,2.421053886000,0.317764804003,1388,0.590492076731,0.100000000000
500,train,0.311009174312,2.573734283000,0.336947456214,941,0.259382819016,0.100000000000
501,train,-0.016013344454,0.776790619000,0.029190992494,1201,0.452043369475,0.100000000000
502,train,0.631526271893,15.405188560000,0.696413678065,1492,0.648874061718,0.100000000000
503,holdout,-0.015846538782,0.637476921000,0.023352793995,1128,0.391993327773,0.100000000000
504,train,0.803502919099,46.660087585000,0.894912427023,2077,0.914095079233,0.100000000000
505,train,0.618682235196,16.790737152000,0.709758131776,2058,0.910758965805,0.100000000000
506,validation,0.756880733945,21.761972427000,0.774812343620,800,0.179316096747,0.100000000000
507,train,0.131609674729,1.215871811000,0.152627189324,873,0.210175145955,0.100000000000
508,train,0.314929107590,2.804150581000,0.358632193495,1173,0.437030859049,0.100000000000
509,train,0.393661384487,4.678471088000,0.477898248540,1816,0.842368640534,0.100000000000
510,train,0.827856547123,29.906644821000,0.828190158465,246,0.003336113428,0.100000000000
511,train,0.964136780651,66.456413269000,0.968306922435,522,0.041701417848,0.100000000000
512,train,0.563552960801,11.685691833000,0.648874061718,1844,0.853211009174,0.100000000000
513,train,0.677231025855,17.529380798000,0.723102585488,1209,0.458715596330,0.100000000000
514,train,0.345371142619,3.181601524000,0.386155129274,1147,0.407839866555,0.100000000000
515,validation,0.620183486239,10.499659538000,0.623853211009,499,0.036697247706,0.100000000000
516,train,0.369474562135,3.988443375000,0.443703085905,1614,0.742285237698,0.100000000000
517,train,0.247206005004,2.403964996000,0.315262718932,1533,0.680567139283,0.100000000000
518,holdout,0.055546288574,1.146631241000,0.120934111760,1495,0.653878231860,0.100000000000
519,validation,0.799582985822,28.785799026000,0.819849874896,851,0.202668890742,0.100000000000
520,train,0.930942452043,64.347587585000,0.957464553795,949,0.265221017515,0.100000000000
521,train,0.021267723103,1.015112877000,0.075896580484,1314,0.546288573812,0.100000000000
522,train,0.101251042535,1.275494576000,0.170975813178,1565,0.697247706422,0.100000000000
523,train,0.535362802335,9.713545799000,0.607172643870,1582,0.718098415346,0.100000000000
524,train,0.022518765638,0.982601166000,0.071726438699,1249,0.492076730609,0.100000000000
525,holdout,0.089407839867,1.147142410000,0.121768140117,1039,0.323603002502,0.100000000000
526,train,0.400083402836,4.106263638000,0.452877397832,1300,0.527939949958,0.100000000000
527,train,0.629107589658,12.867320061000,0.668056713928,1125,0.389491242702,0.100000000000
528,train,0.742452043369,25.575031281000,0.798165137615,1340,0.557130942452,0.100000000000
529,train,-0.005337781485,0.970568657000,0.069224353628,1617,0.745621351126,0.100000000000
530,train,0.827189324437,43.485504150000,0.882402001668,1337,0.552126772310,0.100000000000
531,train,0.104503753128,1.298156738000,0.177648040033,1609,0.731442869058,0.100000000000
532,train,0.180483736447,1.465756416000,0.214345287740,1064,0.338615512927,0.100000000000
533,holdout,0.963803169308,67.016967773000,0.969974979149,584,0.061718098415,0.100000000000
534,train,0.735946622185,21.352504730000,0.773144286906,1099,0.371976647206,0.100000000000
535,validation,0.035863219349,1.109402657000,0.102585487907,1524,0.667222685571,0.100000000000
536,validation,0.911009174312,57.688636780000,0.925771476230,752,0.147623019183,0.100000000000
537,holdout,0.644286905755,15.893828392000,0.701417848207,1366,0.571309424520,0.100000000000
538,holdout,0.614929107590,11.282166481000,0.643035863219,977,0.281067556297,0.100000000000
539,train,0.796747289408,36.140502930000,0.859049207673,1452,0.623019182652,0.100000000000
540,validation,0.023853211009,0.871933937000,0.043369474562,842,0.195162635530,0.100000000000
541,train,0.137698081735,1.271800041000,0.170141784821,1039,0.324437030859,0.100000000000
542,train,0.553044203503,8.942861557000,0.586321934946,1060,0.332777314429,0.100000000000
543,validation,0.182819015847,1.581980705000,0.234361968307,1275,0.515429524604,0.100000000000
544,train,0.311509591326,2.524400711000,0.324437030859,716,0.129274395329,0.100000000000
545,holdout,0.703669724771,16.530467987000,0.705587989992,381,0.019182652210,0.100000000000
546,validation,0.773811509591,32.687183380000,0.845704753962,1583,0.718932443703,0.100000000000
547,train,0.532193494579,9.013918877000,0.588824020017,1348,0.566305254379,0.100000000000
548,train,0.416680567139,4.116912365000,0.453711426188,1098,0.370308590492,0.100000000000
549,validation,0.628607172644,14.783639908000,0.687239366138,1384,0.586321934946,0.100000000000
550,holdout,0.220517097581,2.258965492000,0.306922435363,1863,0.864053377815,0.100000000000
551,train,0.894578815680,49.790901184000,0.902418682235,617,0.078398665555,0.100000000000
552,validation,0.067306088407,1.178194046000,0.140116763970,1606,0.728106755630,0.100000000000
553,train,0.307005838198,2.531540871000,0.326105087573,832,0.190992493745,0.100000000000
554,train,0.531609674729,9.290858269000,0.593828190158,1451,0.622185154295,0.100000000000
555,train,0.953211009174,64.016441345000,0.956630525438,487,0.034195162636,0.100000000000
556,holdout,0.211592994162,1.455480576000,0.211843202669,218,0.002502085071,0.100000000000
557,holdout,0.536030025021,7.291507244000,0.555462885738,839,0.194328607173,0.100000000000
558,holdout,0.568723936614,8.397816658000,0.573811509591,559,0.050875729775,0.100000000000
559,train,0.349791492911,3.390429497000,0.402001668057,1291,0.522101751460,0.100000000000
560,train,0.074562135113,1.240926743000,0.162635529608,1905,0.880733944954,0.100000000000
561,train,0.158715596330,1.494560242000,0.216013344454,1372,0.572977481234,0.100000000000
562,holdout,0.284320266889,2.683778763000,0.350291909925,1504,0.659716430359,0.100000000000
563,train,0.465054211843,7.923143387000,0.562135112594,2546,0.970809007506,0.100000000000
564,train,0.479232693912,8.522467613000,0.577147623019,2658,0.979149291076,0.100000000000
565,train,0.124520433695,1.239156723000,0.161801501251,1099,0.372810675563,0.100000000000
566,train,0.830191826522,33.243972778000,0.846538782319,776,0.163469557965,0.100000000000
567,train,0.715929941618,21.888662338000,0.776480400334,1420,0.605504587156,0.100000000000
568,train,0.484070058382,5.731992722000,0.509591326105,935,0.255212677231,0.100000000000
569,train,0.384487072560,4.017567158000,0.445371142619,1423,0.608840700584,0.100000000000
570,train,0.275479566305,2.205331802000,0.301084236864,937,0.256046705588,0.100000000000
571,train,0.965387823186,76.322143555000,0.994161801501,987,0.287739783153,0.100000000000
572,train,0.403753127606,5.222300529000,0.492076730609,1910,0.883236030025,0.100000000000
573,train,0.498748957465,5.962610245000,0.517931609675,834,0.191826522102,0.100000000000
574,train,0.590742285238,10.272769928000,0.618015012510,967,0.272727272727,0.100000000000
575,train,0.132527105922,1.300484657000,0.178482068390,1209,0.459549624687,0.100000000000
576,train,0.923269391159,60.932495117000,0.939115929942,770,0.158465387823,0.100000000000
577,train,-0.032443703086,0.616333961000,0.022518765638,1331,0.549624687239,0.100000000000
578,train,0.601918265221,13.313282013000,0.671392827356,1558,0.694745621351,0.100000000000
579,train,0.617681401168,10.477096558000,0.623019182652,564,0.053377814846,0.100000000000
580,train,0.100834028357,1.400243759000,0.195996663887,2354,0.951626355296,0.100000000000
581,holdout,0.761634695580,25.732717514000,0.799833194329,1109,0.381984987490,0.100000000000
582,holdout,0.627939949958,15.463003159000,0.698081734779,1567,0.701417848207,0.100000000000
583,train,0.450291909925,4.545868397000,0.468723936614,822,0.184320266889,0.100000000000
584,train,0.323603002502,2.659337997000,0.346955796497,911,0.233527939950,0.100000000000
585,train,0.663969974979,13.891581535000,0.678899082569,755,0.149291075897,0.100000000000
586,train,0.567806505421,10.786600113000,0.632193494579,1487,0.643869891576,0.100000000000
587,train,0.729608006672,23.829891205000,0.788990825688,1398,0.593828190158,0.100000000000
588,train,-0.056547122602,-2.090112686000,0.001668056714,1378,0.582151793161,0.100000000000
589,train,0.718682235196,19.490331650000,0.748123436197,996,0.294412010008,0.100000000000
590,validation,0.505921601334,8.000731468000,0.564637197665,1384,0.587155963303,0.100000000000
591,validation,0.377814845705,3.861727238000,0.435362802335,1373,0.575479566305,0.100000000000
592,validation,0.258548790659,2.421137810000,0.318598832360,1414,0.600500417014,0.100000000000
593,train,0.303169307756,3.198751450000,0.387823185988,1819,0.846538782319,0.100000000000
594,train,0.220350291910,1.788072586000,0.259382819016,1125,0.390325271059,0.100000000000
595,train,0.331109257715,2.909706116000,0.366138448707,1067,0.350291909925,0.100000000000
596,train,0.349874895746,3.192305565000,0.386989157631,1098,0.371142618849,0.100000000000
597,validation,0.005254378649,0.888740540000,0.046705587990,1158,0.414512093411,0.100000000000
598,holdout,0.246622185154,2.554327011000,0.329441201001,1781,0.828190158465,0.100000000000
599,train,0.885321100917,51.361892700000,0.908256880734,909,0.229357798165,0.100000000000
600,validation,0.321017514595,3.076860428000,0.378648874062,1373,0.576313594662,0.100000000000
601,train,0.047456213511,1.027165413000,0.078398665555,1029,0.309424520434,0.100000000000
602,train,0.533944954128,6.452596664000,0.537114261885,468,0.031693077565,0.100000000000
603,train,0.154211843203,1.643665314000,0.241868223520,1902,0.876563803169,0.100000000000
604,train,0.677648040033,18.969301224000,0.741451209341,1462,0.638031693078,0.100000000000
605,holdout,0.082819015847,1.315563202000,0.182652210175,4227,0.998331943286,0.100000000000
606,train,0.249374478732,2.635102272000,0.345287739783,2452,0.959132610509,0.100000000000
607,train,0.907839866555,59.134941101000,0.929941618015,887,0.221017514595,0.100000000000
608,train,0.813594662219,34.546722412000,0.853211009174,1134,0.396163469558,0.100000000000
609,train,0.349291075897,3.169963837000,0.383653044204,1065,0.343619683069,0.100000000000
610,holdout,0.039866555463,1.167795181000,0.135112593828,2357,0.952460383653,0.100000000000
611,holdout,0.667889908257,16.579071045000,0.706422018349,1116,0.385321100917,0.100000000000
612,train,0.256463719766,1.993326187000,0.282735613011,945,0.262718932444,0.100000000000
613,validation,0.152210175146,1.364480019000,0.190992493745,1122,0.387823185988,0.100000000000
614,train,0.080316930776,1.189815521000,0.144286905755,1464,0.639699749791,0.100000000000
615,train,0.640450375313,13.317530632000,0.672226855713,1035,0.317764804003,0.100000000000
616,train,0.913594662219,64.716812134000,0.959966638866,1220,0.463719766472,0.100000000000
617,train,0.473728106756,8.182801247000,0.571309424520,2611,0.975813177648,0.100000000000
618,validation,0.886738949124,59.996551514000,0.934111759800,1230,0.473728106756,0.100000000000
619,holdout,0.232193494579,1.579358101000,0.233527939950,350,0.013344453711,0.100000000000
620,train,0.586738949124,10.526968002000,0.624687239366,1106,0.379482902419,0.100000000000
621,train,0.772310258549,30.994800568000,0.838198498749,1503,0.658882402002,0.100000000000
622,train,0.221768140117,1.660525322000,0.245204336947,911,0.234361968307,0.100000000000
623,holdout,0.723019182652,20.979591370000,0.766472060050,1169,0.434528773978,0.100000000000
624,train,0.051709758132,1.093635559000,0.096747289408,1200,0.450375312761,0.100000000000
625,holdout,0.626772310259,11.619849205000,0.648040033361,876,0.212677231026,0.100000000000
626,train,0.455963302752,5.263813496000,0.494578815680,1120,0.386155129274,0.100000000000
627,validation,0.206672226856,1.557555199000,0.230191826522,911,0.235195996664,0.100000000000
628,train,0.229524603837,2.414075851000,0.316096747289,1868,0.865721434529,0.100000000000
629,train,0.671976647206,16.626201630000,0.707256046706,1069,0.352793994996,0.100000000000
630,holdout,0.505754795663,6.356542110000,0.532110091743,947,0.263552960801,0.100000000000
631,train,0.175562969141,1.523224831000,0.220183486239,1197,0.446205170976,0.100000000000
632,train,0.733861551293,29.030197144000,0.822351959967,1916,0.884904086739,0.100000000000
633,train,0.294245204337,2.465476990000,0.320266889074,941,0.260216847373,0.100000000000
634,train,0.648790658882,12.632694244000,0.664720600500,770,0.159299416180,0.100000000000
635,train,0.068974145121,1.212393761000,0.150959132611,1770,0.819849874896,0.100000000000
636,validation,0.545287739783,9.490870476000,0.599666388657,1309,0.543786488741,0.100000000000
637,train,0.173394495413,1.404550552000,0.197664720601,915,0.242702251877,0.100000000000
638,validation,0.975229357798,70.920478821000,0.979983319433,555,0.047539616347,0.100000000000
639,train,0.819266055046,48.454872131000,0.897414512093,1691,0.781484570475,0.100000000000
640,train,0.718932443703,21.783210754000,0.775646371977,1348,0.567139282736,0.100000000000
641,validation,0.051876563803,1.133306503000,0.111759799833,1412,0.598832360300,0.100000000000
642,train,0.822685571309,54.574073792000,0.915763135947,2171,0.930775646372,0.100000000000
643,train,0.338031693078,3.128875732000,0.381984987490,1177,0.439532944120,0.100000000000
644,validation,0.046872393661,1.128762245000,0.110091743119,1457,0.632193494579,0.100000000000
645,train,0.658632193495,18.771106720000,0.737281067556,1693,0.786488740617,0.100000000000
646,train,0.629107589658,13.075825691000,0.669724770642,1142,0.406171809842,0.100000000000
647,train,0.115095913261,1.229101181000,0.159299416180,1190,0.442035029191,0.100000000000
648,holdout,0.934778982485,61.964042664000,0.945788156797,682,0.110091743119,0.100000000000
649,train,0.974061718098,74.667381287000,0.991659716430,791,0.175979983319,0.100000000000
650,train,0.927689741451,60.412536621000,0.935779816514,620,0.080900750626,0.100000000000
651,train,0.968557130942,72.034950256000,0.982485404504,737,0.139282735613,0.100000000000
652,train,0.322602168474,3.088123322000,0.379482902419,1352,0.568807339450,0.100000000000
653,validation,0.224353628023,2.108572006000,0.295246038365,1571,0.708924103420,0.100000000000
654,train,0.512260216847,8.412225723000,0.574645537948,1452,0.623853211009,0.100000000000
655,train,0.439949958299,4.938371181000,0.486238532110,1214,0.462885738115,0.100000000000
656,train,0.342452043369,3.410996437000,0.402835696414,1416,0.603836530442,0.100000000000
657,train,0.143953294412,1.535822868000,0.225187656380,1748,0.812343619683,0.100000000000
658,train,0.740033361134,29.156566620000,0.824020016681,1813,0.839866555463,0.100000000000
659,train,0.487656380317,6.438687801000,0.536280233528,1242,0.486238532110,0.100000000000
660,holdout,0.438532110092,6.231977940000,0.526271893244,1902,0.877397831526,0.100000000000
661,validation,0.551042535446,11.510837555000,0.647206005004,2459,0.961634695580,0.100000000000
662,validation,0.277981651376,2.055248260000,0.287739783153,658,0.097581317765,0.100000000000
663,train,0.770892410342,30.510318756000,0.832360300250,1441,0.614678899083,0.100000000000
664,holdout,0.510341951626,9.284534454000,0.592994161802,1778,0.826522101751,0.100000000000
665,train,0.165721434529,1.653895378000,0.243536280234,1687,0.778148457048,0.100000000000
666,validation,0.617014178482,14.166138649000,0.682235195997,1494,0.652210175146,0.100000000000
667,holdout,0.765638031693,22.525440216000,0.780650542118,755,0.150125104254,0.100000000000
668,holdout,0.709341117598,19.866027832000,0.752293577982,1166,0.429524603837,0.100000000000
669,train,0.671976647206,18.451255798000,0.733944954128,1449,0.619683069224,0.100000000000
670,train,0.658882402002,17.027378082000,0.713094245204,1308,0.542118432027,0.100000000000
671,train,0.927522935780,64.353324890000,0.958298582152,1023,0.307756463720,0.100000000000
672,holdout,0.327105921601,3.431621552000,0.404503753128,1665,0.773978315263,0.100000000000
673,train,0.834945788157,30.820701599000,0.835696413678,301,0.007506255213,0.100000000000
674,train,0.480483736447,6.015416145000,0.519599666389,1126,0.391159299416,0.100000000000
675,validation,0.082735613011,1.151003838000,0.124270225188,1158,0.415346121768,0.100000000000
676,train,0.036113427857,1.123182297000,0.108423686405,1601,0.723102585488,0.100000000000
677,validation,0.593494578816,11.822238922000,0.649708090075,1343,0.562135112594,0.100000000000
678,train,0.554795663053,11.005565643000,0.638865721435,1813,0.840700583820,0.100000000000
679,holdout,0.803336113428,31.058256149000,0.840700583820,1099,0.373644703920,0.100000000000
680,train,0.862218515430,61.442680359000,0.942452043369,1734,0.802335279399,0.100000000000
681,train,0.701084236864,23.960599899000,0.789824854045,1945,0.887406171810,0.100000000000
682,validation,0.767055879900,28.005517960000,0.812343619683,1201,0.452877397832,0.100000000000
683,train,0.926855713094,59.992805481000,0.933277731443,589,0.064220183486,0.100000000000
684,train,0.130859049208,1.430316925000,0.205170975813,1614,0.743119266055,0.100000000000
685,train,0.837614678899,38.409801483000,0.867389491243,1001,0.297748123436,0.100000000000
686,train,0.190075062552,1.724210739000,0.251042535446,1424,0.609674728941,0.100000000000
687,train,0.398832360300,4.600147724000,0.472894078399,1613,0.740617180984,0.100000000000
688,holdout,0.715763135947,26.422966003000,0.805671392827,2003,0.899082568807,0.100000000000
689,train,0.484820683903,8.709138870000,0.579649708090,2310,0.948290241868,0.100000000000
690,train,0.665221017515,18.631376266000,0.735613010842,1568,0.703919933278,0.100000000000
691,train,0.524186822352,8.567694664000,0.577981651376,1306,0.537948290242,0.100000000000
692,train,0.523936613845,10.370627403000,0.619683069224,2409,0.957464553795,0.100000000000
693,train,0.272477064220,2.165614128000,0.298582151793,941,0.261050875730,0.100000000000
694,train,0.777898248540,34.575641632000,0.854045037531,1652,0.761467889908,0.100000000000
695,train,0.420350291910,5.777814388000,0.512093411176,2082,0.917431192661,0.100000000000
696,validation,0.302418682235,2.671773911000,0.348623853211,1210,0.462051709758,0.100000000000
697,train,0.347122602168,3.628165245000,0.419516263553,1601,0.723936613845,0.100000000000
698,train,0.933194328607,69.702995300000,0.975813177648,1164,0.426188490409,0.100000000000
699,validation,0.019349457882,1.056816101000,0.089241034195,1566,0.698915763136,0.100000000000
700,train,0.389991659716,4.752416134000,0.481234361968,2075,0.912427022519,0.100000000000
701,train,0.642618849041,18.007551193000,0.728940783987,1861,0.863219349458,0.100000000000
702,validation,0.026188490409,0.721529007000,0.026688907423,273,0.005004170142,0.100000000000
703,validation,0.379566305254,4.014529228000,0.444537114262,1492,0.649708090075,0.100000000000
704,holdout,0.456463719766,4.658100128000,0.476230191827,846,0.197664720601,0.100000000000
705,holdout,0.471893244370,5.855361938000,0.513761467890,1161,0.418682235196,0.100000000000
706,train,0.429190992494,5.084859371000,0.488740617181,1406,0.595496246872,0.100000000000
707,validation,0.462135112594,4.767231941000,0.482902418682,863,0.207673060884,0.100000000000
708,holdout,0.232693911593,1.618847847000,0.238532110092,577,0.058381984987,0.100000000000
709,train,0.470892410342,6.764646530000,0.543786488741,1608,0.728940783987,0.100000000000
710,validation,-0.013427856547,1.031520844000,0.080900750626,2277,0.943286071726,0.100000000000
711,train,0.662635529608,17.467765808000,0.722268557131,1409,0.596330275229,0.100000000000
712,holdout,0.655129274395,16.864213943000,0.711426188490,1343,0.562969140951,0.100000000000
713,train,0.101668056714,1.394938469000,0.194328607173,2124,0.926605504587,0.100000000000
714,train,0.381067556297,3.756590843000,0.432026688907,1271,0.509591326105,0.100000000000
715,holdout,-0.018765638032,0.978081703000,0.070892410342,1992,0.896580483736,0.100000000000
716,train,0.947039199333,63.809440613000,0.954962468724,617,0.079232693912,0.100000000000
717,train,0.983653044204,83.713714600000,0.998331943286,750,0.146788990826,0.100000000000
718,validation,0.025688073394,1.138412476000,0.115929941618,2030,0.902418682235,0.100000000000
719,validation,0.396330275229,4.363406181000,0.463719766472,1528,0.673894912427,0.100000000000
720,train,0.185904920767,1.797629356000,0.261884904087,1651,0.759799833194,0.100000000000
721,train,0.310091743119,2.580561638000,0.337781484570,974,0.276897414512,0.100000000000
722,train,0.227105921601,2.235773087000,0.302752293578,1645,0.756463719766,0.100000000000
723,holdout,0.420350291910,5.990448952000,0.518765638032,2815,0.984153461218,0.100000000000
724,train,0.569140950792,10.957788467000,0.638031693078,1541,0.688907422852,0.100000000000
725,train,0.378148457048,4.293239117000,0.459549624687,1767,0.814011676397,0.100000000000
726,train,0.479733110926,5.245205879000,0.493744787323,738,0.140116763970,0.100000000000
727,holdout,0.045371142619,1.113668442000,0.105087572977,1410,0.597164303586,0.100000000000
728,holdout,0.171559633028,1.806054115000,0.262718932444,2072,0.911592994162,0.100000000000
729,train,0.915095913261,58.689132690000,0.928273561301,728,0.131776480400,0.100000000000
730,validation,0.908340283570,55.794517517000,0.920767306088,709,0.124270225188,0.100000000000
731,train,0.967889908257,69.466369629000,0.974145120934,584,0.062552126772,0.100000000000
732,train,0.004253544621,1.009881020000,0.074228523770,1566,0.699749791493,0.100000000000
733,train,0.635863219349,15.033067703000,0.692243536280,1344,0.563803169308,0.100000000000
734,train,0.417180984153,5.867670059000,0.514595496247,2604,0.974145120934,0.100000000000
735,train,0.802251876564,25.783752441000,0.802335279399,115,0.000834028357,0.100000000000
736,train,0.424770642202,5.368371487000,0.499582985822,1618,0.748123436197,0.100000000000
737,train,0.576480400334,12.034471512000,0.652210175146,1649,0.757297748123,0.100000000000
738,validation,0.756463719766,31.521858215000,0.841534612177,1833,0.850708924103,0.100000000000
739,train,0.681567973311,21.005344391000,0.767306088407,1856,0.857381150959,0.100000000000
740,train,0.041367806505,1.149346352000,0.123436196831,1770,0.820683903253,0.100000000000
741,train,0.639866555463,14.266707420000,0.683069224354,1168,0.432026688907,0.100000000000
742,train,0.835112593828,55.278022766000,0.917431192661,1773,0.823185988324,0.100000000000
743,train,0.284070058382,2.250129700000,0.304420350292,852,0.203502919099,0.100000000000
744,train,0.486488740617,8.470341682000,0.575479566305,1951,0.889908256881,0.100000000000
745,train,0.936780650542,73.426979065000,0.986655546289,1262,0.498748957465,0.100000000000
746,holdout,0.021017514595,0.588399887000,0.021684737281,292,0.006672226856,0.100000000000
747,train,0.776063386155,37.955909729000,0.864053377815,1904,0.879899916597,0.100000000000
748,train,0.581317764804,12.520420074000,0.662218515430,1744,0.809007506255,0.100000000000
749,holdout,0.284987489575,2.339026451000,0.311926605505,959,0.269391159299,0.100000000000
750,validation,-0.000250208507,1.029964447000,0.079232693912,1724,0.794829024187,0.100000000000
751,train,-0.018181818182,0.758979797000,0.027522935780,1208,0.457047539616,0.100000000000
752,train,0.322018348624,2.932446480000,0.368640533778,1226,0.466221851543,0.100000000000
753,train,0.001751459550,0.940130234000,0.060884070058,1388,0.591326105088,0.100000000000
754,validation,0.892827356130,59.045555115000,0.929107589658,1092,0.362802335279,0.100000000000
755,train,0.452793994996,5.892419815000,0.516263552961,1460,0.634695579650,0.100000000000
756,train,0.597331109258,9.632951736000,0.603002502085,573,0.056713928274,0.100000000000
757,train,0.321684737281,2.572297096000,0.335279399500,733,0.135946622185,0.100000000000
758,train,0.391826522102,3.277384758000,0.395329441201,487,0.035029190992,0.100000000000
759,train,0.209174311927,1.462655067000,0.213511259383,533,0.043369474562,0.100000000000
760,train,0.354795663053,3.219237328000,0.389491242702,1066,0.346955796497,0.100000000000
761,train,0.096663886572,1.398890495000,0.195162635530,2981,0.984987489575,0.100000000000
762,train,0.948790658882,69.386856079000,0.973311092577,919,0.245204336947,0.100000000000
763,train,0.133778148457,1.346167564000,0.188490408674,1320,0.547122602168,0.100000000000
764,train,0.310842368641,3.221103668000,0.391159299416,1737,0.803169307756,0.100000000000
765,train,0.543119266055,9.384707451000,0.596330275229,1303,0.532110091743,0.100000000000
766,train,0.249291075897,2.288309097000,0.308590492077,1397,0.592994161802,0.100000000000
767,train,0.619933277731,11.293586731000,0.643869891576,913,0.239366138449,0.100000000000
768,train,0.693160967473,20.046726227000,0.755629691410,1452,0.624687239366,0.100000000000
769,train,0.006338615513,0.803020477000,0.032527105922,943,0.261884904087,0.100000000000
770,train,0.737281067556,19.579067230000,0.748957464554,686,0.116763969975,0.100000000000
771,holdout,0.388240200167,4.457081795000,0.465387823186,1662,0.771476230192,0.100000000000
772,train,0.527856547123,8.037067413000,0.567139282736,1129,0.392827356130,0.100000000000
773,holdout,0.005587989992,0.785000801000,0.030025020851,918,0.244370308590,0.100000000000
774,train,0.330358632193,3.149540901000,0.382819015847,1297,0.524603836530,0.100000000000
775,train,0.848707256047,46.527290344000,0.894078398666,1201,0.453711426188,0.100000000000
776,train,0.366221851543,3.711493492000,0.429524603837,1457,0.633027522936,0.100000000000
777,train,0.726939115930,25.740959167000,0.800667222686,1612,0.737281067556,0.100000000000
778,train,0.112260216847,1.425050735000,0.201834862385,1990,0.895746455379,0.100000000000
779,train,0.501334445371,8.769342422000,0.580483736447,1703,0.791492910759,0.100000000000
780,holdout,0.172060050042,1.523673058000,0.221017514595,1245,0.489574645538,0.100000000000
781,train,-0.002085070892,0.906126976000,0.050875729775,1301,0.529608006672,0.100000000000
782,train,0.983819849875,81.500244141000,0.997497914929,734,0.136780650542,0.100000000000
783,train,0.059216013344,1.115983009000,0.105921601334,1228,0.467055879900,0.100000000000
784,train,0.553628023353,9.653209686000,0.604670558799,1271,0.510425354462,0.100000000000
785,train,0.921017514595,59.902725220000,0.932443703086,684,0.114261884904,0.100000000000
786,train,0.980900750626,78.311035156000,0.994995829858,740,0.140950792327,0.100000000000
787,train,0.040783986656,1.162727356000,0.132610508757,2082,0.918265221018,0.100000000000
788,validation,0.169307756464,1.545852661000,0.227689741451,1380,0.583819849875,0.100000000000
789,holdout,0.978815679733,72.600730896000,0.983319432861,535,0.045037531276,0.100000000000
790,holdout,0.143786488741,1.638735771000,0.240200166806,2503,0.964136780651,0.100000000000
791,validation,0.808423686405,34.334480286000,0.850708924103,1163,0.422852376981,0.100000000000
792,holdout,0.178982485405,1.683448792000,0.248540450375,1564,0.695579649708,0.100000000000
793,holdout,0.780066722269,35.525859833000,0.856547122602,1655,0.764804003336,0.100000000000
794,train,0.791993327773,42.673671722000,0.879899916597,1903,0.879065888240,0.100000000000
795,train,0.809758131776,31.049180984000,0.839866555463,1007,0.301084236864,0.100000000000
796,train,0.723769808173,21.980911255000,0.777314428691,1305,0.535446205171,0.100000000000
797,holdout,0.441201000834,4.235486984000,0.457881567973,780,0.166805671393,0.100000000000
798,train,0.473894912427,7.971196175000,0.562969140951,1951,0.890742285238,0.100000000000
799,validation,0.295162635530,3.173111916000,0.384487072560,1982,0.893244370309,0.100000000000
800,train,0.194161801501,1.733084679000,0.251876563803,1374,0.577147623019,0.100000000000
801,validation,0.286655546289,2.082288742000,0.294412010008,614,0.077564637198,0.100000000000
802,train,0.533861551293,6.480648041000,0.537948290242,520,0.040867389491,0.100000000000
803,train,0.711509591326,20.723283768000,0.762301918265,1267,0.507923269391,0.100000000000
804,train,0.161551292744,1.325166702000,0.184320266889,905,0.227689741451,0.100000000000
805,train,0.644787322769,18.829051971000,0.738949124270,2273,0.941618015013,0.100000000000
806,train,0.588156797331,9.708642006000,0.606338615513,814,0.181818181818,0.100000000000
807,train,0.531943286072,8.858442307000,0.583819849875,1283,0.518765638032,0.100000000000
808,train,0.562718932444,9.209055901000,0.590492076731,974,0.277731442869,0.100000000000
809,train,0.113177648040,1.327973366000,0.185154295246,1583,0.719766472060,0.100000000000
810,train,0.454628857381,6.325046062000,0.529608006672,1623,0.749791492911,0.100000000000
811,train,0.532944120100,10.289792061000,0.618849040867,1857,0.859049207673,0.100000000000
812,validation,0.278899082569,2.058071136000,0.288573811510,655,0.096747289408,0.100000000000
813,train,0.944787322769,69.735778809000,0.976647206005,1035,0.318598832360,0.100000000000
814,train,0.457047539616,4.708995342000,0.478732276897,881,0.216847372811,0.100000000000
815,train,0.433194328607,5.747707367000,0.510425354462,1663,0.772310258549,0.100000000000
816,train,0.321934945788,3.464722633000,0.408673894912,1873,0.867389491243,0.100000000000
817,holdout,0.494328607173,6.376848698000,0.533778148457,1132,0.394495412844,0.100000000000
818,train,0.273060884070,2.586969376000,0.338615512927,1496,0.655546288574,0.100000000000
819,train,0.413344453711,4.542900562000,0.467889908257,1310,0.545454545455,0.100000000000
820,train,0.801834862385,38.405223846000,0.866555462886,1490,0.647206005004,0.100000000000
821,validation,0.242869057548,2.482168198000,0.321100917431,1691,0.782318598832,0.100000000000
822,train,0.955212677231,65.939155579000,0.965804837364,680,0.105921601334,0.100000000000
823,train,0.274812343620,2.533211708000,0.326939115930,1287,0.521267723103,0.100000000000
824,holdout,0.878315262719,59.818687439000,0.931609674729,1303,0.532944120100,0.100000000000
825,train,0.583986655546,12.037183762000,0.653044203503,1542,0.690575479566,0.100000000000
826,train,0.019099249374,1.037620544000,0.083402835696,1485,0.643035863219,0.100000000000
827,train,0.094495412844,1.388571739000,0.193494578816,3250,0.989991659716,0.100000000000
828,train,0.971392827356,72.955825806000,0.984153461218,710,0.127606338616,0.100000000000
829,validation,0.457130942452,6.646747112000,0.540450375313,1789,0.833194328607,0.100000000000
830,train,0.544286905755,10.763408661000,0.631359466222,1892,0.870725604671,0.100000000000
831,train,0.156046705588,1.577005386000,0.231859883236,1650,0.758131776480,0.100000000000
832,validation,0.431109257715,5.714263439000,0.507923269391,1657,0.768140116764,0.100000000000
833,validation,0.200834028357,1.815872192000,0.264386989158,1460,0.635529608007,0.100000000000
834,train,0.555045871560,10.672897339000,0.629691409508,1617,0.746455379483,0.100000000000
835,train,-0.045454545455,0.864185333000,0.040033361134,1850,0.854879065888,0.100000000000
836,train,0.272560467056,2.913599014000,0.366972477064,2278,0.944120100083,0.100000000000
837,train,0.212427022519,1.527209282000,0.223519599666,682,0.110925771476,0.100000000000
838,train,0.522185154295,9.917842865000,0.612176814012,2007,0.899916597164,0.100000000000
839,train,0.242452043369,2.615210533000,0.340283569641,2653,0.978315262719,0.100000000000
840,train,0.105421184320,1.425534248000,0.202668890742,2565,0.972477064220,0.100000000000
841,train,0.532443703086,9.900239944000,0.611342785655,1701,0.788990825688,0.100000000000
842,holdout,0.651292743953,18.041484833000,0.730608840701,1713,0.793160967473,0.100000000000
843,train,0.674061718098,19.750102997000,0.750625521268,1655,0.765638031693,0.100000000000
844,train,0.501501251043,6.974222183000,0.549624687239,1235,0.481234361968,0.100000000000
845,train,0.980817347790,73.961769104000,0.989991659716,639,0.091743119266,0.100000000000
846,train,0.937114261885,65.947845459000,0.966638865721,996,0.295246038365,0.100000000000
847,train,0.154295246038,1.439725876000,0.207673060884,1303,0.533778148457,0.100000000000
848,train,0.663719766472,14.811583519000,0.688907422852,933,0.251876563803,0.100000000000
849,train,-0.033361134279,0.720270157000,0.025854879066,1396,0.592160133445,0.100000000000
850,train,0.509841534612,6.189682961000,0.525437864887,767,0.155963302752,0.100000000000
851,train,0.280316930776,2.572303772000,0.336113427857,1340,0.557964970809,0.100000000000
852,train,0.092410341952,1.366907120000,0.191826522102,3543,0.994161801501,0.100000000000
853,train,0.353461217681,3.984343529000,0.442869057548,1987,0.894078398666,0.100000000000
854,train,0.295162635530,2.780132294000,0.356964136781,1447,0.618015012510,0.100000000000
855,train,0.436113427857,5.294276714000,0.496246872394,1414,0.601334445371,0.100000000000
856,validation,0.748457047540,21.156658173000,0.770642201835,890,0.221851542952,0.100000000000
857,holdout,0.933027522936,61.098342896000,0.939949958299,598,0.069224353628,0.100000000000
858,train,0.075813177648,1.205576897000,0.148457047540,1604,0.726438698916,0.100000000000
859,train,0.947956630525,73.960929871000,0.989157631359,1157,0.412010008340,0.100000000000
860,train,0.563969974979,9.742427826000,0.608006672227,1185,0.440366972477,0.100000000000
861,train,0.768473728107,34.408889771000,0.851542952460,1783,0.830692243536,0.100000000000
862,train,0.864553794829,38.248558044000,0.865721434529,344,0.011676396997,0.100000000000
863,train,-0.049874895746,0.846595764000,0.037531276063,1901,0.874061718098,0.100000000000
864,train,0.165471226022,1.589460373000,0.236864053378,1574,0.713928273561,0.100000000000
865,validation,0.372226855713,4.091168404000,0.451209341118,1701,0.789824854045,0.100000000000
866,holdout,0.580733944954,8.897402763000,0.584653878232,510,0.039199332777,0.100000000000
867,validation,0.271392827356,2.076232910000,0.292743953294,877,0.213511259383,0.100000000000
868,holdout,0.113177648040,1.251669884000,0.164303586322,1271,0.511259382819,0.100000000000
869,train,0.051209341118,0.919613838000,0.053377814846,403,0.021684737281,0.100000000000
870,train,-0.039949958299,-1.715357780000,0.003336113428,1168,0.432860717264,0.100000000000
871,train,0.268390325271,2.037129402000,0.286905754796,823,0.185154295246,0.100000000000
872,validation,0.704753961635,18.967351913000,0.740617180984,1074,0.358632193495,0.100000000000
873,holdout,0.400166805671,5.354482174000,0.497914929108,2634,0.977481234362,0.100000000000
874,train,0.531025854879,8.009637833000,0.565471226022,1065,0.344453711426,0.100000000000
875,holdout,0.227939949958,1.667727470000,0.246038365304,812,0.180984153461,0.100000000000
876,validation,0.619766472060,11.500168800000,0.646371976647,950,0.266055045872,0.100000000000
877,holdout,-0.013344453711,0.506879807000,0.020016680567,1061,0.333611342786,0.100000000000
878,train,0.795246038365,39.434921265000,0.869057547957,1612,0.738115095913,0.100000000000
879,train,0.621351125938,12.957847595000,0.668890742285,1231,0.475396163470,0.100000000000
880,train,0.788657214345,28.785633087000,0.819015846539,1015,0.303586321935,0.100000000000
881,validation,0.633944954128,12.700839996000,0.665554628857,1034,0.316096747289,0.100000000000
882,train,0.664470391993,17.034595490000,0.713928273561,1259,0.494578815680,0.100000000000
883,train,0.008590492077,0.471760750000,0.010842368641,406,0.022518765638,0.100000000000
884,train,0.693744787323,19.070764542000,0.743953294412,1263,0.502085070892,0.100000000000
885,holdout,0.733110925771,19.380599976000,0.747289407840,740,0.141784820684,0.100000000000
886,train,0.649791492911,15.206414223000,0.695579649708,1208,0.457881567973,0.100000000000
887,train,0.800750625521,33.973526001000,0.849040867389,1236,0.482902418682,0.100000000000
888,train,0.807256046706,37.814666748000,0.863219349458,1341,0.559633027523,0.100000000000
889,train,0.977147623019,73.639129639000,0.987489574646,675,0.103419516264,0.100000000000
890,train,0.479232693912,5.697737694000,0.507089241034,975,0.278565471226,0.100000000000
891,validation,0.362051709758,2.995261192000,0.372810675563,681,0.107589658048,0.100000000000
892,validation,0.046705587990,1.189742088000,0.143452877398,2509,0.967472894078,0.100000000000
893,train,0.220850708924,1.577955246000,0.232693911593,689,0.118432026689,0.100000000000
894,train,0.812927439533,52.197433472000,0.909924937448,2541,0.969974979149,0.100000000000
895,train,-0.000917431193,0.881109238000,0.045871559633,1228,0.467889908257,0.100000000000
896,train,0.424353628023,3.957486153000,0.441201000834,787,0.168473728107,0.100000000000
897,train,0.440033361134,4.340590477000,0.462051709758,884,0.220183486239,0.100000000000
898,train,0.385988323603,3.414254189000,0.403669724771,796,0.176814011676,0.100000000000
899,train,0.030025020851,0.809211731000,0.033361134279,485,0.033361134279,0.100000000000
900,train,0.652043369475,12.435177803000,0.660550458716,628,0.085070892410,0.100000000000
901,train,0.953544620517,68.565414429000,0.972477064220,826,0.189324437031,0.100000000000
902,validation,0.405587989992,3.510263443000,0.411175979983,571,0.055879899917,0.100000000000
903,validation,0.949291075897,63.155540466000,0.953294412010,519,0.040033361134,0.100000000000
904,validation,0.276063386155,2.248160362000,0.303586321935,969,0.275229357798,0.100000000000
905,validation,0.259132610509,2.526243210000,0.325271059216,1511,0.661384487073,0.100000000000
906,train,0.195329441201,1.772148132000,0.256046705588,1421,0.607172643870,0.100000000000
907,train,0.401334445371,4.274669647000,0.458715596330,1372,0.573811509591,0.100000000000
908,train,0.297080900751,2.656914711000,0.346121768140,1246,0.490408673895,0.100000000000
909,train,0.355129274395,3.659152031000,0.422852376981,1530,0.677231025855,0.100000000000
910,train,0.162301918265,1.648164749000,0.242702251877,1737,0.804003336113,0.100000000000
911,train,0.330191826522,3.377203941000,0.401167639700,1571,0.709758131776,0.100000000000
912,train,0.500917431193,5.872657299000,0.515429524604,749,0.145120934112,0.100000000000
913,holdout,0.494578815680,6.794868469000,0.545454545455,1268,0.508757297748,0.100000000000
914,train,0.259883236030,2.187154770000,0.299416180150,1132,0.395329441201,0.100000000000
915,holdout,0.971726438699,70.575668335000,0.979149291076,608,0.074228523770,0.100000000000
916,train,0.621851542952,12.087251663000,0.654712260217,1045,0.328607172644,0.100000000000
917,train,-0.011592994162,0.474967957000,0.013344453711,929,0.249374478732,0.100000000000
918,train,-0.075729774812,0.488046646000,0.016680567139,2118,0.924103419516,0.100000000000
919,train,0.934945788157,70.517379761000,0.978315262719,1168,0.433694745621,0.100000000000
920,train,0.680066722269,19.059362411000,0.743119266055,1456,0.630525437865,0.100000000000
921,train,0.578148457048,12.383005142000,0.658882402002,1741,0.807339449541,0.100000000000
922,train,-0.008673894912,0.870823860000,0.042535446205,1271,0.512093411176,0.100000000000
923,train,0.281651376147,2.747031212000,0.356130108424,1616,0.744787322769,0.100000000000
924,holdout,0.412260216847,3.536540985000,0.413678065054,363,0.014178482068,0.100000000000
925,validation,0.027189324437,1.141294479000,0.117597998332,2032,0.904086738949,0.100000000000
926,train,0.285070892410,2.511116982000,0.322768974145,1104,0.376980817348,0.100000000000
927,train,0.817848206839,29.621185303000,0.826522101751,630,0.086738949124,0.100000000000
928,train,0.748623853211,28.543149948000,0.816513761468,1532,0.678899082569,0.100000000000
929,train,0.504587155963,8.073073387000,0.567973311093,1458,0.633861551293,0.100000000000
930,train,0.137364470392,1.530665398000,0.224353628023,1887,0.869891576314,0.100000000000
931,validation,0.043202668891,1.134708405000,0.113427856547,1567,0.702251876564,0.100000000000
932,train,0.175062552127,1.471457481000,0.215179316097,1137,0.401167639700,0.100000000000
933,train,0.613010842369,14.797517776000,0.688073394495,1628,0.750625521268,0.100000000000
934,train,0.542118432027,10.051744461000,0.613844870726,1581,0.717264386989,0.100000000000
935,train,0.874645537948,49.326324463000,0.899916597164,933,0.252710592160,0.100000000000
936,holdout,0.426355296080,5.728915215000,0.508757297748,1773,0.824020016681,0.100000000000
937,train,-0.003252710592,0.926104546000,0.055045871560,1379,0.582985821518,0.100000000000
938,train,0.575562969141,12.045994759000,0.653878231860,1691,0.783152627189,0.100000000000
939,train,0.085654712260,1.071262360000,0.091743119266,582,0.060884070058,0.100000000000
940,validation,0.474895746455,7.690244675000,0.559633027523,1819,0.847372810676,0.100000000000
941,train,0.910758965805,62.853469849000,0.951626355296,1147,0.408673894912,0.100000000000
942,train,0.133027522936,1.455487251000,0.212677231026,1726,0.796497080901,0.100000000000
943,train,0.333277731443,3.699550629000,0.427022518766,2218,0.937447873228,0.100000000000
944,train,0.922602168474,62.184638977000,0.947456213511,928,0.248540450375,0.100000000000
945,train,0.307256046706,2.693949699000,0.351125938282,1176,0.438698915763,0.100000000000
946,train,0.185821517932,1.861241341000,0.269391159299,1796,0.835696413678,0.100000000000
947,validation,0.324520433695,3.175649643000,0.385321100917,1422,0.608006672227,0.100000000000
948,holdout,0.187322768974,1.812652588000,0.263552960801,1652,0.762301918265,0.100000000000
949,train,0.687656380317,18.155704498000,0.731442869058,1174,0.437864887406,0.100000000000
950,validation,0.335696413678,3.700017929000,0.427856547123,2092,0.921601334445,0.100000000000
951,train,0.304003336113,2.558546066000,0.331943286072,975,0.279399499583,0.100000000000
952,train,0.538865721435,10.089242935000,0.615512927440,1655,0.766472060050,0.100000000000
953,holdout,0.466305254379,6.890660763000,0.547956630525,1769,0.816513761468,0.100000000000
954,train,-0.080567139283,0.502620697000,0.019182652210,4101,0.997497914929,0.100000000000
955,train,-0.081651376147,-3.242631912000,0.000834028357,1774,0.824854045038,0.100000000000
956,holdout,0.264220183486,2.701661110000,0.352793994996,1937,0.885738115096,0.100000000000
957,train,0.129524603837,1.322086334000,0.183486238532,1307,0.539616346956,0.100000000000
958,train,0.355629691410,4.048394680000,0.447873227690,2099,0.922435362802,0.100000000000
959,train,0.672226855713,15.779302597000,0.698915763136,953,0.266889074229,0.100000000000
960,train,0.232193494579,2.000077248000,0.285237698082,1301,0.530442035029,0.100000000000
961,train,0.213594662219,1.538372993000,0.226855713094,730,0.132610508757,0.100000000000
962,holdout,-0.013761467890,0.937056541000,0.059216013344,1608,0.729774812344,0.100000000000
963,holdout,0.814261884904,44.459472656000,0.884904086739,1570,0.706422018349,0.100000000000
964,train,0.812427022519,28.327898026000,0.814845704754,412,0.024186822352,0.100000000000
965,train,0.652460383653,14.427854538000,0.684737281068,1038,0.322768974145,0.100000000000
966,validation,0.040366972477,1.142573357000,0.120100083403,1726,0.797331109258,0.100000000000
967,holdout,0.022602168474,1.058116913000,0.090909090909,1535,0.683069224354,0.100000000000
968,train,0.477231025855,5.409117222000,0.500417014178,910,0.231859883236,0.100000000000
969,validation,0.623769808173,15.042951584000,0.693077564637,1552,0.693077564637,0.100000000000
970,holdout,0.704503753128,17.990844727000,0.728106755630,911,0.236030025021,0.100000000000
971,train,0.187322768974,1.361936569000,0.190158465388,441,0.028356964137,0.100000000000
972,holdout,0.549624687239,10.623632431000,0.628023352794,1691,0.783986655546,0.100000000000
973,validation,0.427356130108,5.653679371000,0.505421184320,1689,0.780650542118,0.100000000000
974,train,0.117180984153,1.422855377000,0.201000834028,1812,0.838198498749,0.100000000000
975,train,0.617514595496,14.961849213000,0.691409507923,1612,0.738949124270,0.100000000000
976,train,0.426355296080,4.017848492000,0.446205170976,848,0.198498748957,0.100000000000
977,train,0.703419516264,24.932029724000,0.793994995830,2033,0.905754795663,0.100000000000
978,validation,0.675229357798,18.851974487000,0.739783152627,1488,0.645537948290,0.100000000000
979,train,0.833778148457,41.285617828000,0.875729774812,1161,0.419516263553,0.100000000000
980,validation,0.435362802335,6.383682251000,0.534612176814,3423,0.992493744787,0.100000000000
981,train,0.015179316097,0.935040474000,0.057547956631,1163,0.423686405338,0.100000000000
982,validation,0.845371142619,37.654632568000,0.861551292744,773,0.161801501251,0.100000000000
983,holdout,0.006672226856,0.286524773000,0.006672226856,90,0.000000000000,0.100000000000
984,holdout,0.742869057548,25.084175110000,0.796497080901,1305,0.536280233528,0.100000000000
985,holdout,0.944703919933,65.069679260000,0.960800667223,772,0.160967472894,0.100000000000
986,validation,0.241534612177,2.068615913000,0.291075896580,1259,0.495412844037,0.100000000000
987,train,0.823519599666,47.620109558000,0.896580483736,1608,0.730608840701,0.100000000000
988,train,0.421684737281,4.932782173000,0.485404503753,1461,0.637197664721,0.100000000000
989,holdout,0.735696413678,23.189161301000,0.784820683903,1248,0.491242702252,0.100000000000
990,train,0.976230191827,74.210777283000,0.990825688073,749,0.145954962469,0.100000000000
991,holdout,0.786905754796,33.984508514000,0.849874895746,1455,0.629691409508,0.100000000000
992,train,0.848373644704,55.629722595000,0.919099249374,1570,0.707256046706,0.100000000000
993,train,0.068306922435,1.109022141000,0.101751459550,1061,0.334445371143,0.100000000000
994,train,0.367556296914,3.561375618000,0.414512093411,1229,0.469557964971,0.100000000000
995,train,0.507673060884,7.032828331000,0.551292743953,1172,0.436196830692,0.100000000000
996,validation,0.791909924937,25.730491638000,0.798999165972,602,0.070892410342,0.100000000000
997,train,0.576230191827,12.725526810000,0.666388657214,2028,0.901584653878,0.100000000000
998,train,0.734612176814,23.150344849000,0.783986655546,1256,0.493744787323,0.100000000000
999,train,0.246788990826,1.908835411000,0.274395329441,971,0.276063386155,0.100000000000
1000,train,0.136030025021,1.226710320000,0.158465387823,902,0.224353628023,0.100000000000
1001,holdout,0.720433694746,26.415473938000,0.804837364470,1818,0.844036697248,0.100000000000
1002,train,0.440366972477,4.054850578000,0.448707256047,627,0.083402835696,0.100000000000
1003,train,0.246121768140,2.305894852000,0.310258548791,1483,0.641367806505,0.100000000000
1004,holdout,-0.037864887406,0.382365227000,0.009174311927,1229,0.470391993328,0.100000000000
1005,validation,0.532443703086,8.986092567000,0.587989991660,1339,0.555462885738,0.100000000000
1006,train,0.462885738115,6.334866524000,0.531276063386,1535,0.683903252711,0.100000000000
1007,train,0.097998331943,1.138366699000,0.115095913261,789,0.170975813178,0.100000000000
1008,validation,0.005921601334,0.889014244000,0.047539616347,1158,0.416180150125,0.100000000000
1009,train,0.442785654712,5.299075603000,0.497080900751,1308,0.542952460384,0.100000000000
1010,train,0.095246038365,1.212972641000,0.151793160967,1346,0.565471226022,0.100000000000
1011,train,0.115846538782,1.277590752000,0.172643869892,1348,0.567973311093,0.100000000000
1012,train,0.555629691410,10.932367325000,0.637197664721,1768,0.815679733111,0.100000000000
1013,train,0.601584653878,11.071331978000,0.639699749791,1107,0.381150959133,0.100000000000
1014,train,0.773644703920,39.606586456000,0.869891576314,2485,0.962468723937,0.100000000000
1015,validation,0.184653878232,1.496578217000,0.216847372811,1037,0.321934945788,0.100000000000
1016,validation,0.470558798999,4.996402740000,0.487906588824,790,0.173477898249,0.100000000000
1017,train,0.574145120934,10.909688950000,0.635529608007,1440,0.613844870726,0.100000000000
1018,holdout,0.548290241868,7.159783363000,0.552960800667,554,0.046705587990,0.100000000000
1019,validation,0.149708090075,1.405971527000,0.199332777314,1260,0.496246872394,0.100000000000
1020,train,-0.027773144287,0.958276749000,0.065054211843,2131,0.928273561301,0.100000000000
1021,validation,0.347623019183,3.808632374000,0.434528773978,1879,0.869057547957,0.100000000000
1022,train,0.334278565471,3.461995125000,0.407839866555,1611,0.735613010842,0.100000000000
1023,validation,0.075729774812,1.235596657000,0.160967472894,1839,0.852376980817,0.100000000000
1024,holdout,0.239199332777,1.979882240000,0.280233527940,1156,0.410341951626,0.100000000000
1025,validation,0.780233527940,28.827190399000,0.820683903253,1139,0.404503753128,0.100000000000
1026,validation,-0.015012510425,1.030090332000,0.080066722269,2353,0.950792326939,0.100000000000
1027,train,0.471726438699,7.256337643000,0.554628857381,1781,0.829024186822,0.100000000000
1028,train,0.294662218515,2.523261070000,0.323603002502,993,0.289407839867,0.100000000000
1029,train,0.832026688907,43.088043213000,0.880733944954,1242,0.487072560467,0.100000000000
1030,train,0.248373644704,2.309777260000,0.311092577148,1453,0.627189324437,0.100000000000
1031,train,0.185571309425,1.503820419000,0.218515429525,1051,0.329441201001,0.100000000000
1032,holdout,0.804003336113,29.227237701000,0.824854045038,866,0.208507089241,0.100000000000
1033,holdout,0.713761467890,20.092588425000,0.756463719766,1164,0.427022518766,0.100000000000
1034,train,0.018432026689,0.970563889000,0.068390325271,1262,0.499582985822,0.100000000000
1035,holdout,0.473728106756,6.977429867000,0.550458715596,1655,0.767306088407,0.100000000000
1036,train,0.643202668891,17.761562347000,0.726438698916,1787,0.832360300250,0.100000000000
1037,holdout,0.304920767306,3.106747627000,0.380316930776,1643,0.753961634696,0.100000000000
1038,train,0.843035863219,53.006500244000,0.911592994162,1537,0.685571309425,0.100000000000
1039,train,0.797080900751,38.203010559000,0.864887406172,1530,0.678065054212,0.100000000000
1040,train,0.821768140117,41.987968445000,0.878231859883,1344,0.564637197665,0.100000000000
1041,train,0.962051709758,71.132186890000,0.980817347790,825,0.187656380317,0.100000000000
1042,validation,0.849374478732,40.278663635000,0.872393661384,909,0.230191826522,0.100000000000
1043,train,0.087239366138,1.101641655000,0.098415346122,682,0.111759799833,0.100000000000
1044,train,0.709674728941,17.541629791000,0.723936613845,743,0.142618849041,0.100000000000
1045,train,0.062385321101,0.960830688000,0.067556296914,561,0.051709758132,0.100000000000
1046,train,0.570391993328,12.119398117000,0.655546288574,1833,0.851542952460,0.100000000000
1047,train,0.865471226022,39.817085266000,0.870725604671,562,0.052543786489,0.100000000000
1048,train,0.496663886572,9.298683167000,0.594662218515,2663,0.979983319433,0.100000000000
1049,validation,0.405504587156,5.635384560000,0.504587155963,3252,0.990825688073,0.100000000000
1050,validation,0.449791492911,4.854951859000,0.484570475396,1066,0.347789824854,0.100000000000
1051,train,0.119766472060,1.158532143000,0.129274395329,654,0.095079232694,0.100000000000
1052,train,0.623769808173,17.348213196000,0.719766472060,2452,0.959966638866,0.100000000000
1053,train,0.299666388657,2.562918663000,0.333611342786,1064,0.339449541284,0.100000000000
1054,train,0.439616346956,6.420024872000,0.535446205171,2421,0.958298582152,0.100000000000
1055,train,0.075562969141,1.166488647000,0.133444537114,1375,0.578815679733,0.100000000000
1056,validation,0.086905754796,1.332373619000,0.186822351960,4229,0.999165971643,0.100000000000
1057,train,0.697581317765,16.849494934000,0.710592160133,717,0.130108423686,0.100000000000
1058,validation,0.435446205171,4.719593525000,0.479566305254,1189,0.441201000834,0.100000000000
1059,train,0.316930775646,2.621795654000,0.341951626355,931,0.250208507089,0.100000000000
1060,train,0.814595496247,49.372840881000,0.900750625521,1858,0.861551292744,0.100000000000
1061,train,0.832276897415,53.503707886000,0.913261050876,1744,0.809841534612,0.100000000000
1062,train,0.288657214345,2.557413101000,0.331109257715,1163,0.424520433695,0.100000000000
1063,train,0.604503753128,10.635498047000,0.628857381151,916,0.243536280234,0.100000000000
1064,train,0.635029190992,13.144215584000,0.670558798999,1070,0.355296080067,0.100000000000
1065,holdout,0.431276063386,6.125122547000,0.522935779817,2081,0.916597164304,0.100000000000
1066,holdout,0.575229357798,9.692531586000,0.605504587156,1009,0.302752293578,0.100000000000
1067,holdout,0.868473728107,46.372810364000,0.893244370309,925,0.247706422018,0.100000000000
1068,holdout,0.293828190158,2.594935417000,0.339449541284,1207,0.456213511259,0.100000000000
1069,train,0.014595496247,1.127532959000,0.109257714762,2305,0.946622185154,0.100000000000
1070,train,0.134278565471,1.446484566000,0.210175145955,1650,0.758965804837,0.100000000000
1071,validation,0.234612176814,2.392642021000,0.314428690575,1727,0.798165137615,0.100000000000
1072,holdout,-0.008757297748,1.057734489000,0.090075062552,3087,0.988323603003,0.100000000000
1073,train,0.082735613011,1.303037643000,0.179316096747,2508,0.965804837364,0.100000000000
1074,train,0.455879899917,5.121203899000,0.489574645538,1063,0.336947456214,0.100000000000
1075,train,0.578565471226,11.222967148000,0.642201834862,1460,0.636363636364,0.100000000000
1076,train,0.243202668891,2.254713058000,0.305254378649,1449,0.620517097581,0.100000000000
1077,train,0.424270225188,4.647611618000,0.474562135113,1263,0.502919099249,0.100000000000
1078,validation,0.071726438699,1.098664284000,0.097581317765,940,0.258548790659,0.100000000000
1079,holdout,0.515346121768,9.344423294000,0.595496246872,1732,0.801501251043,0.100000000000
1080,train,0.411342785655,3.924973965000,0.438698915763,967,0.273561301084,0.100000000000
1081,holdout,0.522268557131,7.503046989000,0.557964970809,1073,0.356964136781,0.100000000000
1082,train,-0.082485404504,0.492975235000,0.017514595496,4428,1.000000000000,0.100000000000
1083,train,0.104837364470,1.230899811000,0.160133444537,1338,0.552960800667,0.100000000000
1084,train,0.770892410342,30.824014664000,0.836530442035,1498,0.656380316931,0.100000000000
1085,holdout,0.663552960801,17.307050705000,0.718932443703,1338,0.553794829024,0.100000000000
1086,train,-0.036780650542,0.169499397000,0.004170141785,1153,0.409507923269,0.100000000000
1087,train,0.244870725605,2.486373901000,0.321934945788,1661,0.770642201835,0.100000000000
1088,holdout,0.522435362802,9.799545288000,0.609674728941,1899,0.872393661384,0.100000000000
1089,train,0.449457881568,6.953019619000,0.548790658882,3428,0.993327773144,0.100000000000
1090,holdout,0.177064220183,1.816102982000,0.265221017515,1906,0.881567973311,0.100000000000
1091,train,0.661718098415,14.866455078000,0.689741451209,976,0.280233527940,0.100000000000
1092,validation,0.237447873228,1.903684616000,0.273561301084,1089,0.361134278565,0.100000000000
1093,train,0.089824854045,1.203201294000,0.147623019183,1374,0.577981651376,0.100000000000
1094,train,0.878982485405,48.755363464000,0.898248540450,834,0.192660550459,0.100000000000
1095,train,0.287823185988,2.920971870000,0.367806505421,1731,0.799833194329,0.100000000000
1096,train,0.755546288574,27.215595245000,0.809007506255,1304,0.534612176814,0.100000000000
1097,train,0.247789824854,1.949209213000,0.277731442869,1006,0.299416180150,0.100000000000
1098,train,0.140533778148,1.329451561000,0.185988323603,1205,0.454545454545,0.100000000000
1099,holdout,0.916597164304,55.409805298000,0.918265221018,376,0.016680567139,0.100000000000
1100,holdout,0.323436196831,2.812344551000,0.359466221852,1088,0.360300250209,0.100000000000
1101,train,0.008340283570,1.007851601000,0.073394495413,1493,0.650542118432,0.100000000000
1102,holdout,0.349791492911,3.690618515000,0.426188490409,1654,0.763969974979,0.100000000000
1103,train,0.792076730609,45.452201843000,0.890742285238,3031,0.986655546289,0.100000000000
1104,holdout,0.429608006672,4.988065243000,0.487072560467,1372,0.574645537948,0.100000000000
1105,train,0.527272727273,10.382207870000,0.620517097581,2174,0.932443703086,0.100000000000
1106,train,0.337698081735,3.726863861000,0.431192660550,2185,0.934945788157,0.100000000000
1107,train,0.327272727273,2.783684731000,0.357798165138,1016,0.305254378649,0.100000000000
1108,train,0.761884904087,31.606410980000,0.842368640534,1737,0.804837364470,0.100000000000
1109,train,0.065054211843,1.187804222000,0.142618849041,1684,0.775646371977,0.100000000000
1110,train,0.948707256047,62.274505615000,0.949124270225,258,0.004170141785,0.100000000000
1111,train,0.046538782319,1.105495453000,0.099249374479,1299,0.527105921601,0.100000000000
1112,train,0.538532110092,9.489896774000,0.598832360300,1415,0.603002502085,0.100000000000
1113,train,0.108256880734,1.270995140000,0.168473728107,1414,0.602168473728,0.100000000000
1114,train,0.758882402002,23.717756271000,0.788156797331,995,0.292743953294,0.100000000000
1115,holdout,0.774228523770,29.364181519000,0.825688073394,1273,0.514595496247,0.100000000000
1116,train,0.552126772310,10.813454628000,0.633861551293,1769,0.817347789825,0.100000000000
1117,validation,0.324020016681,3.040519714000,0.375312760634,1272,0.512927439533,0.100000000000
1118,holdout,0.302585487907,2.347444534000,0.312760633862,663,0.101751459550,0.100000000000
1119,train,0.163969974979,1.682582855000,0.247706422018,1808,0.837364470392,0.100000000000
1120,train,0.489991659716,5.187610626000,0.491242702252,349,0.012510425354,0.100000000000
1121,train,0.244620517098,1.821327209000,0.266055045872,877,0.214345287740,0.100000000000
1122,train,0.421601334445,4.837100983000,0.483736447039,1449,0.621351125938,0.100000000000
1123,train,0.175979983319,1.292207718000,0.176814011676,307,0.008340283570,0.100000000000
1124,train,0.457130942452,4.657484531000,0.475396163470,814,0.182652210175,0.100000000000
1125,holdout,0.771059216013,25.753231049000,0.801501251043,1015,0.304420350292,0.100000000000
1126,train,0.438448707256,4.567039490000,0.469557964971,1030,0.311092577148,0.100000000000
1127,validation,0.712844036697,25.128017426000,0.797331109258,1818,0.844870725605,0.100000000000
1128,train,0.790408673895,35.148742676000,0.854879065888,1487,0.644703919933,0.100000000000
1129,validation,0.779566305254,33.718482971000,0.848206839033,1537,0.686405337781,0.100000000000
1130,validation,0.983736447039,94.175300598000,1.000000000000,773,0.162635529608,0.100000000000
1131,train,0.924520433695,61.952354431000,0.944954128440,852,0.204336947456,0.100000000000
1132,train,0.704670558799,24.036884308000,0.790658882402,1857,0.859883236030,0.100000000000
1133,train,0.874061718098,57.762855530000,0.926605504587,1297,0.525437864887,0.100000000000
1134,train,0.621017514595,11.293971062000,0.644703919933,912,0.236864053378,0.100000000000
1135,train,0.011843202669,1.109457016000,0.103419516264,2079,0.915763135947,0.100000000000
1136,train,0.515262718932,9.275021553000,0.592160133445,1659,0.768974145121,0.100000000000
1137,validation,0.283736447039,2.741118431000,0.355296080067,1576,0.715596330275,0.100000000000
1138,train,0.659299416180,17.243309021000,0.718098415346,1385,0.587989991660,0.100000000000
1139,train,0.292243536280,2.619453430000,0.341117597998,1244,0.488740617181,0.100000000000
1140,train,0.345204336947,3.227006912000,0.392827356130,1231,0.476230191827,0.100000000000
1141,holdout,0.803753127606,49.138549805000,0.899082568807,2361,0.953294412010,0.100000000000
1142,train,0.801251042535,28.433670044000,0.815679733111,747,0.144286905755,0.100000000000
1143,train,0.497497914929,6.789953709000,0.544620517098,1229,0.471226021685,0.100000000000
1144,train,0.272560467056,2.700098991000,0.351959966639,1716,0.793994995830,0.100000000000
1145,train,0.733611342786,19.781513214000,0.751459549625,797,0.178482068390,0.100000000000
1146,train,0.461718098415,6.562090397000,0.539616346956,1687,0.778982485405,0.100000000000
1147,train,0.738448707256,20.285663605000,0.758131776480,845,0.196830692244,0.100000000000
1148,holdout,0.188740617181,1.681872368000,0.246872393661,1377,0.581317764804,0.100000000000
1149,train,0.737698081735,21.107805252000,0.768974145121,1031,0.312760633862,0.100000000000
1150,train,-0.057214345288,0.476652145000,0.015012510425,1600,0.722268557131,0.100000000000
1151,train,0.823519599666,50.311058044000,0.904086738949,1740,0.805671392827,0.100000000000
1152,train,0.676897414512,19.160572052000,0.745621351126,1537,0.687239366138,0.100000000000
1153,train,0.254628857381,1.938186646000,0.276897414512,890,0.222685571309,0.100000000000
1154,train,0.790492076731,35.642639160000,0.857381150959,1525,0.668890742285,0.100000000000
1155,train,0.200417014178,1.445487976000,0.209341117598,633,0.089241034195,0.100000000000
1156,train,0.700333611343,19.115396500000,0.744787322769,1194,0.444537114262,0.100000000000
1157,train,0.626522101751,11.466565132000,0.645537948290,830,0.190158465388,0.100000000000
1158,train,0.600000000000,11.090356827000,0.640533778148,1141,0.405337781485,0.100000000000
1159,train,0.708757297748,20.897525787000,0.764804003336,1341,0.560467055880,0.100000000000
1160,train,0.199499582986,1.977841377000,0.279399499583,1730,0.798999165972,0.100000000000
1161,train,0.976146788991,73.888877869000,0.988323603003,705,0.121768140117,0.100000000000
1162,train,0.954879065888,69.900054932000,0.977481234362,904,0.226021684737,0.100000000000
1163,holdout,-0.003336113428,0.704379082000,0.025020850709,980,0.283569641368,0.100000000000
1164,train,0.367139282736,3.340685844000,0.397831526272,1019,0.306922435363,0.100000000000
1165,train,0.358798999166,3.241754532000,0.393661384487,1066,0.348623853211,0.100000000000
1166,train,0.474812343620,8.200815201000,0.572143452877,2579,0.973311092577,0.100000000000
1167,train,0.471476230192,6.160309792000,0.523769808173,1292,0.522935779817,0.100000000000
1168,train,0.304837364470,3.010238647000,0.373644703920,1538,0.688073394495,0.100000000000
1169,train,0.350125104254,3.220340729000,0.390325271059,1137,0.402001668057,0.100000000000
1170,validation,0.423686405338,4.625694752000,0.473728106756,1262,0.500417014178,0.100000000000
1171,validation,0.081484570475,1.313896179000,0.180984153461,3593,0.994995829858,0.100000000000
1172,train,0.060300250209,1.197571754000,0.145954962469,1854,0.856547122602,0.100000000000
1173,train,0.107839866555,1.433387756000,0.206005004170,2758,0.981651376147,0.100000000000
1174,train,0.798999165972,30.181386948000,0.831526271893,1039,0.325271059216,0.100000000000
1175,validation,0.403753127606,5.428240299000,0.501251042535,2608,0.974979149291,0.100000000000
1176,holdout,0.678565471226,20.106487274000,0.757297748123,1695,0.787322768974,0.100000000000
1177,train,0.632944120100,12.432983398000,0.659716430359,953,0.267723102585,0.100000000000
1178,validation,0.740033361134,20.738597870000,0.763135946622,909,0.231025854879,0.100000000000
1179,validation,-0.051959966639,0.840325356000,0.036697247706,1940,0.886572143453,0.100000000000
1180,train,0.029024186822,0.936457634000,0.058381984987,995,0.293577981651,0.100000000000
1181,holdout,-0.014095079233,1.039674759000,0.085070892410,3366,0.991659716430,0.100000000000
1182,train,0.828857381151,50.604736328000,0.904920767306,1651,0.760633861551,0.100000000000
1183,train,0.054879065888,0.942233086000,0.062552126772,613,0.076730608841,0.100000000000
1184,train,0.123603002502,1.225051880000,0.157631359466,1064,0.340283569641,0.100000000000
1185,train,0.557881567973,9.551885605000,0.602168473728,1193,0.442869057548,0.100000000000
1186,train,0.585070892410,9.423189163000,0.597164303586,703,0.120934111760,0.100000000000
1187,train,0.178315262719,1.876921654000,0.270225187656,2083,0.919099249374,0.100000000000
1188,train,0.017514595496,0.938688278000,0.060050041701,1163,0.425354462052,0.100000000000
1189,validation,0.717514595496,22.636499405000,0.782318598832,1490,0.648040033361,0.100000000000
1190,train,0.636780650542,11.153027534000,0.641367806505,536,0.045871559633,0.100000000000
1191,train,0.992160133445,85.009231567000,0.999165971643,598,0.070058381985,0.100000000000
1192,validation,0.530608840701,7.084225655000,0.552126772310,877,0.215179316097,0.100000000000
1193,train,0.964637197665,73.354034424000,0.985821517932,875,0.211843202669,0.100000000000
1194,train,0.717597998332,26.507215500000,0.806505421184,1949,0.889074228524,0.100000000000
1195,train,0.639199332777,14.776604652000,0.686405337781,1229,0.472060050042,0.100000000000
1196,train,0.831276063386,40.762542725000,0.874061718098,1164,0.427856547123,0.100000000000
1197,train,0.647539616347,14.870197296000,0.690575479566,1166,0.430358632193,0.100000000000
1198,train,0.264220183486,2.555059433000,0.330275229358,1504,0.660550458716,0.100000000000
1199,train,0.672477064220,17.153512955000,0.715596330275,1166,0.431192660550,0.100000000000
