region_id,split,prediction,raw_prediction,prediction_rank,shortcut_count,shortcut_rank,cost_weight
0,validation,0.252877397832,0.879694939000,0.547122602168,2664,0.980817347790,0.300000000000
1,train,0.740283569641,29.158699036000,0.862385321101,1144,0.407005838198,0.300000000000
2,train,0.688073394495,30.801952362000,0.873227689741,1447,0.617180984153,0.300000000000
3,train,0.650708924103,13.352231026000,0.769808173478,1135,0.396997497915,0.300000000000
4,train,-0.244537114262,-3.668169022000,0.054211843203,3972,0.995829858215,0.300000000000
5,validation,0.961050875730,51.351249695000,0.970809007506,484,0.032527105922,0.300000000000
6,holdout,0.935195996664,46.657188416000,0.954962468724,594,0.065888240200,0.300000000000
7,train,0.376396997498,2.229967117000,0.578815679733,1529,0.674728940784,0.300000000000
8,train,0.289241034195,-1.868614197000,0.415346121768,1162,0.420350291910,0.300000000000
9,train,0.704086738949,27.240661621000,0.855713094245,1266,0.505421184320,0.300000000000
10,validation,0.331526271893,0.889114380000,0.547956630525,1595,0.721434528774,0.300000000000
11,train,-0.054962468724,-7.908582687000,0.000834028357,824,0.185988323603,0.300000000000
12,train,0.593494578816,4.204757214000,0.640533778148,768,0.156797331109,0.300000000000
13,validation,0.213761467890,-2.920182228000,0.291075896580,939,0.257714762302,0.300000000000
14,train,-0.158048373645,-3.667684555000,0.068390325271,1644,0.754795663053,0.300000000000
15,holdout,0.440033361134,1.950325012000,0.574645537948,1200,0.448707256047,0.300000000000
16,train,0.332944120100,-1.595849991000,0.442035029191,1093,0.363636363636,0.300000000000
17,holdout,-0.173060884070,-3.613014221000,0.125938281902,4097,0.996663886572,0.300000000000
18,train,0.203085904921,-2.617669106000,0.329441201001,1162,0.421184320267,0.300000000000
19,train,0.227773144287,-1.771571159000,0.428690575480,1526,0.669724770642,0.300000000000
20,train,0.196830692244,-2.543424606000,0.341951626355,1238,0.483736447039,0.300000000000
21,train,0.414095079233,2.828068733000,0.595496246872,1419,0.604670558799,0.300000000000
22,train,0.688073394495,9.991202354000,0.725604670559,710,0.125104253545,0.300000000000
23,train,0.638281901585,7.927754879000,0.698081734779,849,0.199332777314,0.300000000000
24,validation,0.148123436197,-2.488450050000,0.347789824854,1524,0.665554628857,0.300000000000
25,train,0.554378648874,8.198037148000,0.702251876564,1254,0.492910758966,0.300000000000
26,holdout,0.322101751460,-2.302350044000,0.376146788991,812,0.180150125104,0.300000000000
27,holdout,0.481401167640,7.570543289000,0.693077564637,1570,0.705587989992,0.300000000000
28,train,0.297914929108,-1.192243576000,0.472060050042,1377,0.580483736447,0.300000000000
29,train,0.026271893244,-3.609516144000,0.127606338616,1064,0.337781484570,0.300000000000
30,holdout,0.133027522936,-2.085224152000,0.399499582986,1946,0.888240200167,0.300000000000
31,train,0.209758131776,-1.858091354000,0.418682235196,1565,0.696413678065,0.300000000000
32,train,0.282068390325,-1.395131111000,0.458715596330,1386,0.588824020017,0.300000000000
33,holdout,0.650625521268,22.221492767000,0.834028356964,1431,0.611342785655,0.300000000000
34,train,0.342035029191,-0.263496399000,0.512927439533,1353,0.569641367807,0.300000000000
35,train,0.285404503753,1.755134583000,0.572143452877,2408,0.955796497081,0.300000000000
36,validation,0.503419516264,5.725959301000,0.668056713928,1326,0.548790658882,0.300000000000
37,validation,0.660967472894,10.498084068000,0.732276897415,913,0.237698081735,0.300000000000
38,train,0.714929107590,50.239730835000,0.966638865721,1813,0.839032527106,0.300000000000
39,validation,0.587155963303,4.482005119000,0.647206005004,849,0.200166805671,0.300000000000
40,holdout,0.869724770642,51.777885437000,0.973311092577,1066,0.345287739783,0.300000000000
41,validation,-0.097581317765,-3.667678833000,0.070058381985,1341,0.558798999166,0.300000000000
42,holdout,0.096997497915,-2.807378769000,0.311926605505,1577,0.716430358632,0.300000000000
43,train,0.667806505421,13.636215210000,0.775646371977,1079,0.359466221852,0.300000000000
44,train,0.111426188490,-3.364270210000,0.206005004170,1034,0.315262718932,0.300000000000
45,train,-0.141951626355,-3.542550087000,0.144286905755,2366,0.954128440367,0.300000000000
46,train,-0.045954962469,-3.305107117000,0.226021684737,2041,0.906588824020,0.300000000000
47,validation,0.871226021685,42.883209229000,0.938281901585,899,0.223519599666,0.300000000000
48,holdout,0.216763969975,-3.136356354000,0.256046705588,722,0.130942452043,0.300000000000
49,train,0.637114261885,13.827963829000,0.776480400334,1226,0.464553794829,0.300000000000
50,train,0.170225187656,-3.342033386000,0.216013344454,760,0.152627189324,0.300000000000
51,train,0.770141784821,31.671209335000,0.880733944954,1097,0.368640533778,0.300000000000
52,train,0.129107589658,-2.517783165000,0.345287739783,1587,0.720600500417,0.300000000000
53,holdout,0.665304420350,36.549037933000,0.910758965805,1770,0.818181818182,0.300000000000
54,train,0.137948290242,-3.428004265000,0.180984153461,747,0.143452877398,0.300000000000
55,holdout,0.421934945788,8.280163765000,0.703919933278,2229,0.939949958299,0.300000000000
56,train,0.047289407840,-3.628218651000,0.122602168474,933,0.251042535446,0.300000000000
57,train,0.116013344454,-2.349564552000,0.366972477064,1808,0.836530442035,0.300000000000
58,train,0.054879065888,-3.668019295000,0.060884070058,389,0.020016680567,0.300000000000
59,validation,0.958548790659,52.748710632000,0.975813177648,577,0.057547956631,0.300000000000
60,train,0.602085070892,4.791326523000,0.651376146789,777,0.164303586322,0.300000000000
61,train,-0.148290241868,-3.668169975000,0.050875729775,1523,0.663886572143,0.300000000000
62,holdout,0.486238532110,7.074549198000,0.688907422852,1529,0.675562969141,0.300000000000
63,holdout,0.936697247706,45.089439392000,0.949958298582,534,0.044203502919,0.300000000000
64,train,0.586238532110,31.181804657000,0.875729774812,2507,0.964970809008,0.300000000000
65,train,0.043786488741,-3.615039825000,0.125104253545,964,0.271059216013,0.300000000000
66,train,0.438031693078,2.938978195000,0.599666388657,1307,0.538782318599,0.300000000000
67,train,0.549541284404,13.378504753000,0.771476230192,1613,0.739783152627,0.300000000000
68,train,0.882902418682,41.099723816000,0.932443703086,777,0.165137614679,0.300000000000
69,train,0.609257714762,28.039695740000,0.858215179316,1783,0.829858215179,0.300000000000
70,validation,0.336280233528,2.733233452000,0.592994161802,1854,0.855713094245,0.300000000000
71,holdout,0.334195162636,3.182836533000,0.607172643870,2056,0.909924937448,0.300000000000
72,train,0.575062552127,5.471092224000,0.663886572143,1000,0.296080066722,0.300000000000
73,train,0.442035029191,-0.989650726000,0.482068390325,733,0.133444537114,0.300000000000
74,holdout,0.709507923269,12.540698051000,0.759799833194,785,0.167639699750,0.300000000000
75,validation,0.139449541284,-3.263581276000,0.233527939950,1032,0.313594662219,0.300000000000
76,train,0.216513761468,-0.285374641000,0.511259382819,2777,0.982485404504,0.300000000000
77,train,0.466805671393,2.236551285000,0.579649708090,1101,0.376146788991,0.300000000000
78,train,0.280316930776,-2.268680573000,0.378648874062,1045,0.327773144287,0.300000000000
79,validation,-0.190575479566,-3.667605400000,0.100917431193,2552,0.971643035863,0.300000000000
80,train,0.365721434529,3.646173477000,0.627189324437,1895,0.871559633028,0.300000000000
81,train,0.308924103420,-1.960721016000,0.407005838198,1041,0.326939115930,0.300000000000
82,train,0.129190992494,-2.173165321000,0.391159299416,1901,0.873227689741,0.300000000000
83,holdout,0.740200166806,14.638240814000,0.781484570475,737,0.137614678899,0.300000000000
84,train,0.796830692244,31.250165939000,0.877397831526,956,0.268557130942,0.300000000000
85,train,0.099833194329,-2.858921051000,0.300250208507,1525,0.668056713928,0.300000000000
86,validation,0.653961634696,26.300636292000,0.849874895746,1495,0.653044203503,0.300000000000
87,train,0.703252710592,9.428237915000,0.719766472060,570,0.055045871560,0.300000000000
88,holdout,0.404920767306,-1.682381630000,0.436196830692,680,0.104253544621,0.300000000000
89,train,-0.060884070058,-3.610291481000,0.126772310259,1453,0.625521267723,0.300000000000
90,train,-0.031276063386,-3.667643547000,0.092577147623,1158,0.412844036697,0.300000000000
91,train,0.300417014178,2.460127831000,0.584653878232,2309,0.947456213511,0.300000000000
92,train,0.228857381151,-0.881022453000,0.487072560467,1858,0.860717264387,0.300000000000
93,train,0.227356130108,-2.186447144000,0.389491242702,1308,0.540450375313,0.300000000000
94,train,0.465554628857,0.199139595000,0.527105921601,854,0.205170975813,0.300000000000
95,train,-0.160717264387,-3.668168068000,0.056713928274,1603,0.724770642202,0.300000000000
96,train,0.837364470392,49.599426270000,0.962468723937,1159,0.417014178482,0.300000000000
97,train,0.052043369475,-3.500631332000,0.152627189324,1062,0.335279399500,0.300000000000
98,train,0.007589658048,-3.027139664000,0.271059216013,1903,0.878231859883,0.300000000000
99,train,-0.069808173478,-3.671125412000,0.040033361134,1094,0.366138448707,0.300000000000
100,train,0.656547122602,15.384382248000,0.790658882402,1198,0.447039199333,0.300000000000
101,validation,0.068640533778,-2.602592468000,0.331109257715,1902,0.874895746455,0.300000000000
102,validation,0.212593828190,-1.572828293000,0.444537114262,1665,0.773144286906,0.300000000000
103,train,0.165804837364,-3.383413315000,0.201834862385,702,0.120100083403,0.300000000000
104,train,0.041784820684,-2.943553925000,0.285237698082,1748,0.811509591326,0.300000000000
105,validation,0.740283569641,19.344240189000,0.817347789825,938,0.256880733945,0.300000000000
106,train,0.004086738949,-3.349128723000,0.213511259383,1566,0.698081734779,0.300000000000
107,train,-0.098748957465,-3.667656898000,0.085904920767,1443,0.615512927440,0.300000000000
108,holdout,-0.146205170976,-3.671336174000,0.029190992494,1381,0.584653878232,0.300000000000
109,validation,0.567806505421,10.285206795000,0.728940783987,1306,0.537114261885,0.300000000000
110,train,0.423769808173,0.130250931000,0.524603836530,1062,0.336113427857,0.300000000000
111,train,-0.185654712260,-3.665489197000,0.110091743119,3027,0.985821517932,0.300000000000
112,train,0.391492910759,3.324959755000,0.614678899083,1616,0.743953294412,0.300000000000
113,train,0.482402001668,12.542907715000,0.760633861551,2125,0.927439532944,0.300000000000
114,validation,0.950708924103,49.174789429000,0.959966638866,454,0.030859049208,0.300000000000
115,holdout,0.265054211843,-1.350567818000,0.463719766472,1521,0.662218515430,0.300000000000
116,train,0.897414512093,38.258575439000,0.917431192661,594,0.066722268557,0.300000000000
117,holdout,0.683986655546,21.043775558000,0.827356130108,1234,0.477898248540,0.300000000000
118,train,0.199582985822,-3.029996872000,0.269391159299,911,0.232693911593,0.300000000000
119,train,0.093577981651,-3.456784248000,0.167639699750,922,0.246872393661,0.300000000000
120,train,0.862635529608,36.259300232000,0.909924937448,770,0.157631359466,0.300000000000
121,validation,0.047206005004,-3.054377556000,0.266889074229,1610,0.732276897415,0.300000000000
122,train,0.048290241868,-3.422288895000,0.182652210175,1199,0.447873227690,0.300000000000
123,validation,0.189407839867,-2.438301086000,0.352793994996,1310,0.544620517098,0.300000000000
124,train,0.573811509591,27.629867554000,0.856547122602,2274,0.942452043369,0.300000000000
125,train,0.102668890742,-3.663006783000,0.113427856547,489,0.035863219349,0.300000000000
126,holdout,0.138365304420,-3.173843384000,0.245204336947,1071,0.356130108424,0.300000000000
127,validation,-0.068807339450,-3.667621613000,0.097581317765,1339,0.554628857381,0.300000000000
128,train,0.780316930776,26.518459320000,0.852376980817,914,0.240200166806,0.300000000000
129,train,0.406171809842,6.172573090000,0.676396997498,2028,0.900750625521,0.300000000000
130,holdout,0.180733944954,-2.649081230000,0.326105087573,1239,0.484570475396,0.300000000000
131,holdout,0.897247706422,44.728378296000,0.948290241868,789,0.170141784821,0.300000000000
132,train,0.449958298582,2.835512161000,0.596330275229,1243,0.487906588824,0.300000000000
133,train,-0.181150959133,-3.668168068000,0.057547956631,1726,0.795663052544,0.300000000000
134,train,0.145871559633,-3.514929771000,0.147623019183,292,0.005838198499,0.300000000000
135,train,0.820850708924,30.747116089000,0.872393661384,790,0.171809841535,0.300000000000
136,train,0.241618015013,-2.291165352000,0.376980817348,1201,0.451209341118,0.300000000000
137,holdout,0.493411175980,-0.375149727000,0.507923269391,556,0.048373644704,0.300000000000
138,holdout,-0.061301084237,-3.506178856000,0.150125104254,1569,0.704753961635,0.300000000000
139,validation,0.661551292744,8.716348648000,0.708090075063,766,0.155129274395,0.300000000000
140,train,0.099332777314,-3.420808792000,0.185154295246,987,0.286071726439,0.300000000000
141,train,0.660717264387,16.526294708000,0.797331109258,1206,0.455379482902,0.300000000000
142,train,0.220433694746,-2.812555313000,0.307756463720,995,0.291075896580,0.300000000000
143,holdout,0.581234361968,22.360792160000,0.835696413678,1820,0.848206839033,0.300000000000
144,validation,0.409007506255,-1.762097359000,0.429524603837,595,0.068390325271,0.300000000000
145,train,0.630859049208,24.320240021000,0.844036697248,1572,0.710592160133,0.300000000000
146,train,0.223102585488,-1.280596733000,0.467055879900,1765,0.813177648040,0.300000000000
147,train,0.561718098415,12.454416275000,0.758131776480,1496,0.654712260217,0.300000000000
148,train,0.601834862385,4.435911179000,0.646371976647,755,0.148457047540,0.300000000000
149,train,0.755546288574,31.086980820000,0.874895746455,1135,0.397831526272,0.300000000000
150,train,0.287656380317,-2.209363937000,0.386989157631,1059,0.331109257715,0.300000000000
151,holdout,0.473477898249,0.008259773000,0.518765638032,756,0.150959132611,0.300000000000
152,train,0.470391993328,12.033363342000,0.750625521268,2179,0.934111759800,0.300000000000
153,train,0.873728106756,47.812843323000,0.958298582152,978,0.281901584654,0.300000000000
154,train,0.727189324437,20.292217255000,0.821517931610,1032,0.314428690575,0.300000000000
155,train,0.758465387823,35.697525024000,0.904086738949,1240,0.485404503753,0.300000000000
156,train,0.469808173478,1.276745796000,0.554628857381,978,0.282735613011,0.300000000000
157,validation,0.969474562135,53.397201538000,0.977481234362,427,0.026688907423,0.300000000000
158,train,0.323352793995,2.424901009000,0.583819849875,1875,0.868223519600,0.300000000000
159,train,-0.241951626355,-3.725138664000,0.017514595496,1867,0.864887406172,0.300000000000
160,train,-0.219599666389,-3.754823685000,0.015846538782,1693,0.784820683903,0.300000000000
161,train,0.526355296080,0.535902023000,0.534612176814,427,0.027522935780,0.300000000000
162,validation,-0.163219349458,-3.667636871000,0.094245204337,1857,0.858215179316,0.300000000000
163,train,0.182902418682,-3.140300751000,0.255212677231,914,0.241034195163,0.300000000000
164,train,0.290158465388,-0.670465469000,0.497080900751,1542,0.689741451209,0.300000000000
165,train,-0.025020850709,-3.671115875000,0.042535446205,904,0.225187656380,0.300000000000
166,train,0.590241868224,4.823012829000,0.653044203503,871,0.209341117598,0.300000000000
167,validation,0.160216847373,-2.211940765000,0.386155129274,1642,0.753127606339,0.300000000000
168,validation,-0.137531276063,-3.592765808000,0.133444537114,2032,0.903252710592,0.300000000000
169,train,-0.112760633862,-3.447280884000,0.170975813178,2299,0.945788156797,0.300000000000
170,train,0.314762301918,-0.770183563000,0.490408673895,1383,0.585487906589,0.300000000000
171,train,0.119516263553,-2.159922600000,0.391993327773,2046,0.908256880734,0.300000000000
172,validation,0.858298582152,33.440994263000,0.889074228524,668,0.102585487907,0.300000000000
173,train,-0.179482902419,-3.667662621000,0.079232693912,1860,0.862385321101,0.300000000000
174,holdout,0.477481234362,-0.439381599000,0.506255212677,655,0.095913261051,0.300000000000
175,train,-0.025354462052,-5.699048996000,0.004170141785,659,0.098415346122,0.300000000000
176,train,0.765721434529,46.320701599000,0.954128440367,1454,0.628023352794,0.300000000000
177,train,0.154545454545,-1.729183197000,0.434528773978,2175,0.933277731443,0.300000000000
178,validation,0.148623853211,-2.312529564000,0.375312760634,1645,0.755629691410,0.300000000000
179,validation,0.181401167640,-3.231502533000,0.240200166806,845,0.195996663887,0.300000000000
180,validation,0.335779816514,-1.714243889000,0.435362802335,1059,0.331943286072,0.300000000000
181,train,0.060967472894,-3.290532112000,0.229357798165,1343,0.561301084237,0.300000000000
182,train,0.537948290242,15.170162201000,0.788156797331,1790,0.834028356964,0.300000000000
183,train,0.309257714762,-1.377272606000,0.460383653044,1264,0.503753127606,0.300000000000
184,train,0.557964970809,1.788366318000,0.572977481234,559,0.050041701418,0.300000000000
185,validation,0.568390325271,11.345860481000,0.742285237698,1376,0.579649708090,0.300000000000
186,train,0.204753961635,-2.858749390000,0.301084236864,1037,0.321100917431,0.300000000000
187,train,0.603336113428,23.152847290000,0.839032527106,1693,0.785654712260,0.300000000000
188,holdout,0.737114261885,33.859596252000,0.893244370309,1287,0.520433694746,0.300000000000
189,train,0.535362802335,18.993587494000,0.814845704754,2174,0.931609674729,0.300000000000
190,train,0.494662218515,5.995979309000,0.673060884070,1399,0.594662218515,0.300000000000
191,validation,-0.158048373645,-3.671134949000,0.035863219349,1489,0.646371976647,0.300000000000
192,train,0.281150959133,1.551283836000,0.564637197665,2289,0.944954128440,0.300000000000
193,train,0.229691409508,-2.993383408000,0.275229357798,759,0.151793160967,0.300000000000
194,train,-0.113427856547,-3.668169975000,0.051709758132,1337,0.550458715596,0.300000000000
195,train,0.067639699750,-2.926669121000,0.288573811510,1612,0.736447039199,0.300000000000
196,train,0.044787322769,-3.447365761000,0.170141784821,1161,0.417848206839,0.300000000000
197,train,0.973060884070,58.612541199000,0.985821517932,527,0.042535446205,0.300000000000
198,train,0.053628023353,-3.585939407000,0.135946622185,968,0.274395329441,0.300000000000
199,train,0.093828190158,-2.261023521000,0.380316930776,2393,0.954962468724,0.300000000000
200,validation,0.029024186822,-3.557287216000,0.142618849041,1106,0.378648874062,0.300000000000
201,train,0.685237698082,24.119712830000,0.842368640534,1296,0.523769808173,0.300000000000
202,train,0.901334445371,43.026107788000,0.939115929942,710,0.125938281902,0.300000000000
203,validation,0.302585487907,2.911880493000,0.598832360300,3047,0.987489574646,0.300000000000
204,holdout,0.000667222686,-3.666368484000,0.109257714762,1090,0.361968306922,0.300000000000
205,train,0.478815679733,12.269622803000,0.754795663053,2085,0.919933277731,0.300000000000
206,holdout,0.229858215179,-3.246710777000,0.236864053378,410,0.023352793995,0.300000000000
207,train,0.502335279399,4.947941780000,0.657214345288,1276,0.516263552961,0.300000000000
208,train,0.904753961635,45.206756592000,0.950792326939,763,0.153461217681,0.300000000000
209,train,-0.181567973311,-3.667632103000,0.095913261051,2123,0.924937447873,0.300000000000
210,train,0.061718098415,-3.445991516000,0.171809841535,1094,0.366972477064,0.300000000000
211,holdout,0.688323603003,30.046516418000,0.868223519600,1413,0.599666388657,0.300000000000
212,train,0.157130942452,-2.538957596000,0.342785654712,1449,0.618849040867,0.300000000000
213,train,-0.056964136781,-6.723642349000,0.003336113428,850,0.201000834028,0.300000000000
214,train,0.670642201835,13.095977783000,0.766472060050,1036,0.319432860717,0.300000000000
215,validation,0.933778148457,45.875305176000,0.953294412010,593,0.065054211843,0.300000000000
216,validation,0.067055879900,-3.154985428000,0.250208507089,1425,0.610508757298,0.300000000000
217,train,0.942368640534,63.860679626000,0.994161801501,790,0.172643869892,0.300000000000
218,holdout,0.574895746455,21.451742172000,0.829858215179,1833,0.849874895746,0.300000000000
219,validation,0.374228523770,1.674410820000,0.569641367807,1494,0.651376146789,0.300000000000
220,train,0.249124270225,-2.993397713000,0.274395329441,628,0.084236864053,0.300000000000
221,train,0.163219349458,-3.418573380000,0.185988323603,612,0.075896580484,0.300000000000
222,train,0.160300250209,-2.440275192000,0.351959966639,1463,0.638865721435,0.300000000000
223,holdout,0.633861551293,15.191688538000,0.788990825688,1277,0.517097581318,0.300000000000
224,holdout,0.527439532944,19.753276825000,0.818181818182,2515,0.969140950792,0.300000000000
225,train,0.578482068390,29.281499863000,0.863219349458,2313,0.949124270225,0.300000000000
226,train,0.357297748123,-0.626802444000,0.497914929108,1229,0.468723936614,0.300000000000
227,holdout,0.156630525438,-3.186654091000,0.242702251877,987,0.286905754796,0.300000000000
228,train,0.315846538782,-2.736125946000,0.321100917431,379,0.017514595496,0.300000000000
229,train,0.302335279399,-1.975313187000,0.406171809842,1066,0.346121768140,0.300000000000
230,holdout,0.010592160133,-3.393168449000,0.198498748957,1453,0.626355296080,0.300000000000
231,train,0.568974145121,22.935594559000,0.838198498749,1994,0.897414512093,0.300000000000
232,holdout,0.086488740617,-3.393408775000,0.196830692244,1094,0.367806505421,0.300000000000
233,train,0.445204336947,3.778801441000,0.628857381151,1432,0.612176814012,0.300000000000
234,holdout,0.712844036697,16.730003357000,0.798165137615,982,0.284403669725,0.300000000000
235,train,-0.074562135113,-3.817405701000,0.012510425354,994,0.290241868224,0.300000000000
236,train,0.612677231026,18.115802765000,0.809841534612,1499,0.657214345288,0.300000000000
237,validation,0.021351125938,-3.668344498000,0.048373644704,634,0.090075062552,0.300000000000
238,train,0.631693077565,12.759359360000,0.762301918265,1172,0.435362802335,0.300000000000
239,validation,0.706338615513,11.596076965000,0.743119266055,706,0.122602168474,0.300000000000
240,holdout,0.598331943286,10.801426888000,0.736447039199,1210,0.460383653044,0.300000000000
241,train,0.320266889074,-1.906574249000,0.412844036697,1026,0.308590492077,0.300000000000
242,train,0.237364470392,-1.368840218000,0.462051709758,1623,0.748957464554,0.300000000000
243,validation,0.802668890742,20.196346283000,0.820683903253,580,0.060050041701,0.300000000000
244,train,0.085321100917,-3.366426468000,0.205170975813,1137,0.399499582986,0.300000000000
245,validation,0.035279399500,-3.578314781000,0.137614678899,1065,0.341117597998,0.300000000000
246,train,0.333944954128,-1.119875908000,0.477064220183,1232,0.477064220183,0.300000000000
247,train,0.848790658882,31.223337173000,0.876563803169,651,0.092577147623,0.300000000000
248,train,0.478482068390,9.016981125000,0.711426188490,1685,0.776480400334,0.300000000000
249,holdout,0.415763135947,-1.487770081000,0.449541284404,683,0.112593828190,0.300000000000
250,train,0.979482902419,56.289352417000,0.984987489575,381,0.018348623853,0.300000000000
251,train,0.704753961635,10.108852386000,0.727272727273,610,0.075062552127,0.300000000000
252,validation,-0.198248540450,-3.667656898000,0.086738949124,2341,0.949958298582,0.300000000000
253,train,-0.136530442035,-3.497860909000,0.153461217681,2509,0.966638865721,0.300000000000
254,train,0.972894078399,55.639488220000,0.984153461218,504,0.037531276063,0.300000000000
255,holdout,0.589157631359,21.733715057000,0.832360300250,1745,0.810675562969,0.300000000000
256,train,0.280150125104,-1.395920753000,0.457047539616,1386,0.589658048374,0.300000000000
257,train,0.315763135947,1.712692261000,0.570475396163,1825,0.849040867389,0.300000000000
258,train,0.573227689741,15.682903290000,0.793160967473,1610,0.733110925771,0.300000000000
259,train,0.513844870726,4.802476406000,0.652210175146,1210,0.461217681401,0.300000000000
260,train,0.422518765638,-1.412233353000,0.454545454545,681,0.106755629691,0.300000000000
261,holdout,0.635613010842,12.384500504000,0.756463719766,1139,0.402835696414,0.300000000000
262,train,0.606505421184,26.719814301000,0.853211009174,1773,0.822351959967,0.300000000000
263,train,-0.041951626355,-3.469631195000,0.163469557965,1537,0.684737281068,0.300000000000
264,train,0.237447873228,0.267149925000,0.530442035029,2625,0.976647206005,0.300000000000
265,train,0.800667222686,21.624176025000,0.830692243536,660,0.100083402836,0.300000000000
266,train,0.185571309425,-1.394356728000,0.459549624687,2076,0.913261050876,0.300000000000
267,train,0.195079232694,-1.944941521000,0.409507923269,1576,0.714762301918,0.300000000000
268,train,0.077981651376,-2.460433006000,0.349457881568,2033,0.904920767306,0.300000000000
269,train,0.511676396997,11.205171585000,0.740617180984,1653,0.763135946622,0.300000000000
270,train,-0.200667222686,-3.667662621000,0.080066722269,2187,0.935779816514,0.300000000000
271,train,0.157881567973,-2.080567360000,0.400333611343,1744,0.808173477898,0.300000000000
272,train,0.503669724771,6.589511395000,0.683069224354,1412,0.597998331943,0.300000000000
273,holdout,0.531192660550,3.584558487000,0.623019182652,1018,0.306088407006,0.300000000000
274,train,0.121517931610,-3.573393822000,0.139282735613,579,0.059216013344,0.300000000000
275,train,0.079316096747,-3.667658806000,0.082568807339,344,0.010842368641,0.300000000000
276,validation,0.010925771476,-2.918308258000,0.291909924937,2216,0.936613844871,0.300000000000
277,train,0.507089241034,11.768074036000,0.744787322769,1712,0.792326939116,0.300000000000
278,holdout,-0.062385321101,-3.831768990000,0.009174311927,913,0.238532110092,0.300000000000
279,train,0.378815679733,0.226514816000,0.527939949958,1262,0.497080900751,0.300000000000
280,train,-0.203919933278,-3.671174049000,0.032527105922,1699,0.788156797331,0.300000000000
281,validation,0.091409507923,-2.625690460000,0.328607172644,1703,0.790658882402,0.300000000000
282,validation,0.141618015013,-2.610575676000,0.330275229358,1455,0.628857381151,0.300000000000
283,holdout,0.663636363636,5.871362686000,0.671392827356,426,0.025854879066,0.300000000000
284,holdout,0.301501251043,-2.768246651000,0.317764804003,565,0.054211843203,0.300000000000
285,validation,0.625437864887,13.881468773000,0.777314428691,1267,0.506255212677,0.300000000000
286,train,0.034278565471,-3.409658432000,0.190158465388,1286,0.519599666389,0.300000000000
287,holdout,0.503502919099,0.736416817000,0.543786488741,733,0.134278565471,0.300000000000
288,train,0.569224353628,9.564109802000,0.720600500417,1264,0.504587155963,0.300000000000
289,validation,0.011092577148,-3.619534492000,0.123436196831,1100,0.374478732277,0.300000000000
290,train,-0.041784820684,-3.667686462000,0.067556296914,1093,0.364470391993,0.300000000000
291,validation,0.286822351960,-1.130044937000,0.476230191827,1457,0.631359466222,0.300000000000
292,train,0.245371142619,-2.601678848000,0.331943286072,990,0.288573811510,0.300000000000
293,train,0.844703919933,38.894592285000,0.920767306088,934,0.253544620517,0.300000000000
294,train,0.688490408674,10.606349945000,0.734778982485,764,0.154295246038,0.300000000000
295,train,-0.034278565471,-3.606266022000,0.130108423686,1323,0.547956630525,0.300000000000
296,validation,0.003502919099,-3.671143532000,0.035029190992,680,0.105087572977,0.300000000000
297,holdout,0.756880733945,43.297794342000,0.940783986656,1435,0.613010842369,0.300000000000
298,train,0.149207673061,-1.811093330000,0.426188490409,2117,0.923269391159,0.300000000000
299,train,0.371309424520,0.175008774000,0.525437864887,1273,0.513761467890,0.300000000000
300,train,0.433444537114,6.849225998000,0.686405337781,1817,0.843202668891,0.300000000000
301,holdout,-0.052210175146,-3.393631935000,0.195996663887,1781,0.827356130108,0.300000000000
302,validation,0.143202668891,-3.430297852000,0.178482068390,687,0.117597998332,0.300000000000
303,train,-0.209341117598,-3.671130180000,0.038365304420,1776,0.825688073394,0.300000000000
304,validation,0.292577147623,-1.474389076000,0.451209341118,1301,0.528773978315,0.300000000000
305,train,0.967723102585,67.092430115000,0.997497914929,659,0.099249374479,0.300000000000
306,train,0.148957464554,-3.422286034000,0.183486238532,685,0.115095913261,0.300000000000
307,train,0.600000000000,20.947101593000,0.825688073394,1630,0.752293577982,0.300000000000
308,train,0.151959966639,-3.056519508000,0.266055045872,1107,0.380316930776,0.300000000000
309,train,0.041701417848,-2.830724716000,0.304420350292,1902,0.875729774812,0.300000000000
310,train,0.011509591326,-3.570695877000,0.140116763970,1165,0.428690575480,0.300000000000
311,train,0.605337781485,31.960565567000,0.884070058382,2167,0.929107589658,0.300000000000
312,train,0.221184320267,-3.289908409000,0.230191826522,451,0.030025020851,0.300000000000
313,train,-0.038448707256,-3.289830208000,0.231025854879,1997,0.898248540450,0.300000000000
314,train,0.627606338616,36.137222290000,0.909090909091,2223,0.938281901585,0.300000000000
315,train,0.090575479566,-2.419233322000,0.355296080067,1908,0.882402001668,0.300000000000
316,train,0.051709758132,-2.754859924000,0.319432860717,1982,0.892410341952,0.300000000000
317,train,0.192326939116,-2.217049599000,0.384487072560,1466,0.640533778148,0.300000000000
318,train,0.471893244370,1.559882164000,0.565471226022,1031,0.311926605505,0.300000000000
319,train,0.654045037531,7.755865097000,0.695579649708,737,0.138448707256,0.300000000000
320,train,0.023352793995,-2.913282394000,0.296080066722,2049,0.909090909091,0.300000000000
321,holdout,0.710008340284,24.453847885000,0.844870725605,1200,0.449541284404,0.300000000000
322,train,0.435446205171,-1.373717308000,0.461217681401,630,0.085904920767,0.300000000000
323,holdout,0.881150959133,47.169914246000,0.957464553795,934,0.254378648874,0.300000000000
324,train,0.917347789825,53.701576233000,0.979149291076,855,0.206005004170,0.300000000000
325,train,0.715346121768,10.690066338000,0.735613010842,594,0.067556296914,0.300000000000
326,validation,0.685070892410,11.797737122000,0.745621351126,850,0.201834862385,0.300000000000
327,holdout,0.077314428691,-3.251476288000,0.235195996664,1298,0.526271893244,0.300000000000
328,train,0.423936613845,0.305047035000,0.531276063386,1074,0.357798165138,0.300000000000
329,train,0.794829024187,35.979080200000,0.907422852377,1100,0.375312760634,0.300000000000
330,train,0.537447873228,0.593396187000,0.537948290242,118,0.001668056714,0.300000000000
331,train,-0.174562135113,-3.670661926000,0.045871559633,1611,0.734778982485,0.300000000000
332,train,0.784820683903,23.180900574000,0.839866555463,819,0.183486238532,0.300000000000
333,train,0.687906588824,14.824039459000,0.783986655546,1036,0.320266889074,0.300000000000
334,train,0.831776480400,34.642532349000,0.896580483736,878,0.216013344454,0.300000000000
335,train,0.504587155963,0.587046623000,0.537114261885,682,0.108423686405,0.300000000000
336,train,0.219432860717,-0.850818634000,0.487906588824,1990,0.894912427023,0.300000000000
337,train,0.360216847373,-2.249623299000,0.381984987490,608,0.072560467056,0.300000000000
338,holdout,0.507089241034,9.132968903000,0.714762301918,1547,0.692243536280,0.300000000000
339,train,0.348790658882,-1.138265610000,0.475396163470,1163,0.422018348624,0.300000000000
340,holdout,0.685821517932,10.941326141000,0.738115095913,791,0.174311926606,0.300000000000
341,holdout,0.714845704754,40.192409515000,0.928273561301,1572,0.711426188490,0.300000000000
342,train,0.364887406172,4.382661819000,0.643869891576,2167,0.929941618015,0.300000000000
343,holdout,0.239115929942,-2.524328232000,0.344453711426,1069,0.351125938282,0.300000000000
344,train,0.845621351126,39.506835938000,0.924937447873,948,0.264386989158,0.300000000000
345,validation,0.597831526272,13.321415901000,0.768974145121,1360,0.570475396163,0.300000000000
346,train,0.083069224354,-3.667656898000,0.087572977481,366,0.015012510425,0.300000000000
347,validation,0.078065054212,-2.375583649000,0.360300250209,2231,0.940783986656,0.300000000000
348,holdout,0.153127606339,-2.821925163000,0.305254378649,1267,0.507089241034,0.300000000000
349,train,0.161718098415,-1.493955612000,0.448707256047,2409,0.956630525438,0.300000000000
350,holdout,0.224186822352,-1.118475914000,0.477898248540,1819,0.845704753962,0.300000000000
351,validation,-0.211009174312,-4.817171097000,0.006672226856,1604,0.725604670559,0.300000000000
352,train,0.508256880734,2.951048851000,0.601334445371,1030,0.310258548791,0.300000000000
353,train,0.255379482902,1.253886223000,0.552126772310,3100,0.989157631359,0.300000000000
354,train,0.228523769808,-1.617834091000,0.438698915763,1567,0.700583819850,0.300000000000
355,train,0.952126772310,53.087295532000,0.976647206005,622,0.081734778982,0.300000000000
356,train,0.336530442035,0.631547928000,0.540450375313,1533,0.679733110926,0.300000000000
357,train,0.087072560467,-3.661041260000,0.115095913261,653,0.093411175980,0.300000000000
358,train,0.151125938282,-3.052073479000,0.267723102585,1123,0.388657214345,0.300000000000
359,validation,0.926855713094,45.552276611000,0.951626355296,625,0.082568807339,0.300000000000
360,train,0.325271059216,-1.855084419000,0.420350291910,1035,0.316930775646,0.300000000000
361,train,-0.076980817348,-3.667654037000,0.088407005838,1337,0.551292743953,0.300000000000
362,validation,-0.051876563803,-3.667725563000,0.064220183486,1122,0.386989157631,0.300000000000
363,train,0.761217681401,15.617844582000,0.791492910759,662,0.100917431193,0.300000000000
364,train,0.822518765638,36.767501831000,0.911592994162,1001,0.296914095079,0.300000000000
365,train,0.210508757298,-3.162967682000,0.248540450375,710,0.126772310259,0.300000000000
366,train,0.596413678065,4.583230972000,0.649708090075,797,0.177648040033,0.300000000000
367,train,0.585654712260,12.428259850000,0.757297748123,1372,0.572143452877,0.300000000000
368,train,-0.175979983319,-3.732926369000,0.016680567139,1485,0.642201834862,0.300000000000
369,train,0.368890742285,2.117676735000,0.576313594662,1544,0.691409507923,0.300000000000
370,train,0.494078398666,0.652195930000,0.542118432027,772,0.160133444537,0.300000000000
371,train,0.219599666389,-1.856312752000,0.419516263553,1524,0.666388657214,0.300000000000
372,train,0.054295246038,-3.667360306000,0.105087572977,788,0.169307756464,0.300000000000
373,train,0.289991659716,2.294309616000,0.580483736447,2512,0.968306922435,0.300000000000
374,train,0.532360300250,6.105490685000,0.674728940784,1231,0.474562135113,0.300000000000
375,train,-0.037614678899,-3.458771706000,0.166805671393,1535,0.681401167640,0.300000000000
376,validation,0.498915763136,0.474913597000,0.532944120100,684,0.113427856547,0.300000000000
377,train,0.453211009174,-0.756549835000,0.493744787323,733,0.135112593828,0.300000000000
378,train,0.592660550459,10.855280876000,0.737281067556,1236,0.482068390325,0.300000000000
379,train,-0.193744787323,-3.671177864000,0.031693077565,1629,0.751459549625,0.300000000000
380,train,0.467889908257,2.405649185000,0.582985821518,1113,0.383653044204,0.300000000000
381,train,0.014011676397,-3.480481148000,0.157631359466,1234,0.478732276897,0.300000000000
382,train,-0.166889074229,-3.667665482000,0.077564637198,1768,0.814845704754,0.300000000000
383,holdout,0.017931609675,-3.672183037000,0.024186822352,400,0.020850708924,0.300000000000
384,holdout,0.211175979983,-3.284543037000,0.232693911593,607,0.071726438699,0.300000000000
385,holdout,0.886655546289,37.636154175000,0.914929107590,653,0.094245204337,0.300000000000
386,holdout,0.139949958299,-1.866433144000,0.416180150125,2086,0.920767306088,0.300000000000
387,train,0.536447039199,6.356227875000,0.680567139283,1235,0.480400333611,0.300000000000
388,holdout,0.461217681401,8.176187515000,0.701417848207,1732,0.800667222686,0.300000000000
389,train,0.268140116764,1.375405312000,0.557130942452,2502,0.963302752294,0.300000000000
390,train,-0.079316096747,-3.640493393000,0.120100083403,1523,0.664720600500,0.300000000000
391,validation,0.222435362802,-1.180481911000,0.472894078399,1794,0.834862385321,0.300000000000
392,train,0.721184320267,22.549350739000,0.836530442035,1115,0.384487072560,0.300000000000
393,train,0.031109257715,-3.175845146000,0.243536280234,1571,0.708090075063,0.300000000000
394,train,0.246622185154,-2.079765320000,0.402001668057,1278,0.517931609675,0.300000000000
395,train,0.778231859883,35.494400024000,0.901584653878,1157,0.411175979983,0.300000000000
396,holdout,0.681818181818,37.682651520000,0.915763135947,1688,0.779816513761,0.300000000000
397,train,0.039032527106,-2.915161133000,0.295246038365,1847,0.854045037531,0.300000000000
398,train,0.371809841535,-1.605485916000,0.440366972477,907,0.228523769808,0.300000000000
399,validation,0.716430358632,17.594726562000,0.806505421184,1007,0.300250208507,0.300000000000
400,validation,-0.001834862385,-3.600293159000,0.131776480400,1197,0.445371142619,0.300000000000
401,train,0.664220183486,11.995162010000,0.749791492911,983,0.285237698082,0.300000000000
402,holdout,0.064386989158,-3.639176369000,0.120934111760,826,0.188490408674,0.300000000000
403,train,0.465054211843,3.056337357000,0.604670558799,1226,0.465387823186,0.300000000000
404,train,0.664470391993,5.719495296000,0.667222685571,312,0.009174311927,0.300000000000
405,train,0.914595496247,42.322147369000,0.936613844871,608,0.073394495413,0.300000000000
406,train,0.011926605505,-2.982310295000,0.279399499583,1953,0.891576313595,0.300000000000
407,train,0.906922435363,49.943199158000,0.964970809008,837,0.193494578816,0.300000000000
408,validation,-0.119432860717,-3.667659760000,0.081734778982,1526,0.670558798999,0.300000000000
409,train,-0.139783152627,-3.667638779000,0.093411175980,1686,0.777314428691,0.300000000000
410,train,0.112260216847,-2.768286705000,0.316930775646,1535,0.682235195997,0.300000000000
411,holdout,0.245037531276,-2.954493523000,0.283569641368,712,0.128440366972,0.300000000000
412,holdout,0.276230191827,1.398589134000,0.557964970809,2226,0.939115929942,0.300000000000
413,train,0.050375312761,-3.126474380000,0.258548790659,1554,0.693911592994,0.300000000000
414,train,0.149457881568,-2.314147949000,0.373644703920,1618,0.747289407840,0.300000000000
415,train,0.490909090909,3.273954391000,0.610508757298,1135,0.398665554629,0.300000000000
416,train,0.267389491243,0.608012199000,0.539616346956,2043,0.907422852377,0.300000000000
417,train,0.246205170976,-3.029022217000,0.270225187656,620,0.080066722269,0.300000000000
418,train,0.879399499583,44.053359985000,0.944954128440,884,0.218515429525,0.300000000000
419,holdout,0.821851542952,40.065158844000,0.927439532944,1069,0.351959966639,0.300000000000
420,train,0.017597998332,-3.667661667000,0.080900750626,875,0.211009174312,0.300000000000
421,train,0.033527939950,-3.671030998000,0.045037531276,508,0.038365304420,0.300000000000
422,train,0.045788156797,-3.163097382000,0.247706422018,1528,0.673060884070,0.300000000000
423,validation,0.886405337781,43.493782043000,0.942452043369,824,0.186822351960,0.300000000000
424,validation,-0.002085070892,-3.392152786000,0.199332777314,1526,0.671392827356,0.300000000000
425,train,0.515012510425,5.172331333000,0.658882402002,1234,0.479566305254,0.300000000000
426,train,0.048290241868,-3.363105774000,0.207673060884,1303,0.531276063386,0.300000000000
427,train,0.608006672227,8.982625961000,0.710592160133,1065,0.341951626355,0.300000000000
428,train,0.040783986656,-2.966266632000,0.282735613011,1741,0.806505421184,0.300000000000
429,validation,0.104503753128,-2.590053558000,0.336947456214,1684,0.774812343620,0.300000000000
430,train,0.772393661384,31.858848572000,0.883236030025,1097,0.369474562135,0.300000000000
431,train,0.290325271059,-2.007218361000,0.403669724771,1105,0.377814845705,0.300000000000
432,train,-0.234778982485,-3.823302269000,0.011676396997,1771,0.821517931610,0.300000000000
433,holdout,0.567389491243,5.944612503000,0.672226855713,1067,0.349457881568,0.300000000000
434,train,0.258798999166,-2.999784470000,0.273561301084,558,0.049207673061,0.300000000000
435,train,0.312010008340,-2.287702560000,0.377814845705,884,0.219349457882,0.300000000000
436,validation,0.817097581318,38.805927277000,0.919933277731,1065,0.342785654712,0.300000000000
437,train,0.251209341118,-2.601117134000,0.332777314429,964,0.271893244370,0.300000000000
438,train,0.351376146789,3.288323402000,0.611342785655,1871,0.866555462886,0.300000000000
439,train,0.056130108424,-3.667646408000,0.090909090909,685,0.115929941618,0.300000000000
440,holdout,0.190492076731,-3.398318291000,0.193494578816,312,0.010008340284,0.300000000000
441,train,0.187489574646,-2.917294502000,0.293577981651,1070,0.353628023353,0.300000000000
442,train,-0.000417014178,-3.671836853000,0.025854879066,631,0.087572977481,0.300000000000
443,validation,0.594578815680,30.254060745000,0.869057547957,2078,0.914929107590,0.300000000000
444,train,0.508673894912,7.425799370000,0.690575479566,1421,0.606338615513,0.300000000000
445,train,0.292994161802,-1.410079956000,0.455379482902,1308,0.541284403670,0.300000000000
446,train,0.407839866555,6.779534817000,0.685571309425,2123,0.925771476230,0.300000000000
447,train,0.185571309425,-3.117536545000,0.259382819016,921,0.246038365304,0.300000000000
448,train,0.418348623853,-1.029987335000,0.480400333611,859,0.206839032527,0.300000000000
449,train,0.035863219349,-3.671089172000,0.043369474562,422,0.025020850709,0.300000000000
450,train,0.840200166806,36.004920959000,0.908256880734,905,0.226855713094,0.300000000000
451,train,-0.017597998332,-3.286181450000,0.231859883236,1785,0.831526271893,0.300000000000
452,train,0.620100083403,10.037286758000,0.726438698916,1070,0.354462051710,0.300000000000
453,train,0.435112593828,4.001702309000,0.638031693078,1529,0.676396997498,0.300000000000
454,train,0.190992493745,-2.808725357000,0.311092577148,1137,0.400333611343,0.300000000000
455,holdout,0.877898248540,50.804687500000,0.967472894078,1002,0.298582151793,0.300000000000
456,train,0.327939949958,-1.790297508000,0.427022518766,1057,0.330275229358,0.300000000000
457,train,0.655629691410,7.524208546000,0.691409507923,695,0.119266055046,0.300000000000
458,holdout,0.655296080067,12.172691345000,0.753127606339,1040,0.326105087573,0.300000000000
459,train,0.469808173478,7.554319382000,0.692243536280,1614,0.741451209341,0.300000000000
460,train,0.153794829024,-2.325501442000,0.371976647206,1606,0.727272727273,0.300000000000
461,train,0.224854045038,-2.596954346000,0.334445371143,1093,0.365304420350,0.300000000000
462,train,0.840116763970,33.441864014000,0.889908256881,780,0.165971643036,0.300000000000
463,train,0.128023352794,-2.643098831000,0.326939115930,1522,0.663052543786,0.300000000000
464,train,-0.039366138449,-3.439184189000,0.174311926606,1572,0.712260216847,0.300000000000
465,train,0.272977481234,-1.201386452000,0.470391993328,1503,0.658048373645,0.300000000000
466,validation,0.067055879900,-2.806814194000,0.312760633862,1770,0.819015846539,0.300000000000
467,train,-0.110091743119,-3.489261627000,0.155129274395,1916,0.884070058382,0.300000000000
468,validation,0.445371142619,5.651531219000,0.665554628857,1610,0.733944954128,0.300000000000
469,train,0.297247706422,-2.205192566000,0.387823185988,1009,0.301918265221,0.300000000000
470,train,0.283319432861,-2.482069969000,0.348623853211,883,0.217681401168,0.300000000000
471,train,-0.036280233528,-3.434034348000,0.177648040033,1574,0.713094245204,0.300000000000
472,train,0.550708924103,17.141899109000,0.803169307756,1814,0.841534612177,0.300000000000
473,train,0.919599666389,46.887718201000,0.956630525438,709,0.123436196831,0.300000000000
474,train,0.862718932444,64.419006348000,0.995829858215,1194,0.443703085905,0.300000000000
475,train,0.026605504587,-3.436749458000,0.175979983319,1262,0.497914929108,0.300000000000
476,train,0.824603836530,27.701663971000,0.857381150959,682,0.109257714762,0.300000000000
477,train,0.319599666389,-1.581295013000,0.443703085905,1158,0.413678065054,0.300000000000
478,train,0.110508757298,-3.641132355000,0.119266055046,443,0.029190992494,0.300000000000
479,train,0.650041701418,13.289166451000,0.768140116764,1131,0.393661384487,0.300000000000
480,train,0.071893244370,-3.667620659000,0.098415346122,633,0.088407005838,0.300000000000
481,validation,-0.114011676397,-3.667676926000,0.070892410342,1445,0.616346955796,0.300000000000
482,train,0.717264386989,15.368666649000,0.789824854045,914,0.241868223520,0.300000000000
483,train,0.601167639700,9.813754082000,0.722268557131,1139,0.403669724771,0.300000000000
484,validation,0.777481234362,16.521018982000,0.796497080901,589,0.063386155129,0.300000000000
485,train,0.941868223520,44.289703369000,0.946622185154,367,0.015846538782,0.300000000000
486,train,0.107839866555,-3.588535309000,0.135112593828,638,0.090909090909,0.300000000000
487,train,0.219432860717,-1.478009224000,0.450375312761,1660,0.769808173478,0.300000000000
488,train,0.408507089241,-0.801651955000,0.489574645538,963,0.270225187656,0.300000000000
489,validation,0.104170141785,-3.170865059000,0.246038365304,1230,0.472894078399,0.300000000000
490,train,0.166805671393,-3.141168594000,0.254378648874,995,0.291909924937,0.300000000000
491,train,0.153377814846,-2.741677284000,0.320266889074,1340,0.556296914095,0.300000000000
492,train,0.893244370309,44.221107483000,0.945788156797,791,0.175145954962,0.300000000000
493,train,-0.242452043369,-3.668169975000,0.052543786489,2811,0.983319432861,0.300000000000
494,train,0.317514595496,-1.254694939000,0.467889908257,1263,0.501251042535,0.300000000000
495,train,-0.078899082569,-3.355802536000,0.209341117598,2456,0.960800667223,0.300000000000
496,train,0.441367806505,4.283264637000,0.643035863219,1527,0.672226855713,0.300000000000
497,train,0.407923269391,3.406599045000,0.618849040867,1568,0.703085904921,0.300000000000
498,validation,0.053628023353,-3.456723213000,0.168473728107,1112,0.382819015847,0.300000000000
499,holdout,0.085571309425,-3.098252296000,0.262718932444,1388,0.590492076731,0.300000000000
500,train,0.249958298582,-2.631173134000,0.327773144287,941,0.259382819016,0.300000000000
501,train,-0.116430358632,-3.720162392000,0.019182652210,1201,0.452043369475,0.300000000000
502,train,0.501751459550,7.839337349000,0.696413678065,1492,0.648874061718,0.300000000000
503,holdout,-0.087572977481,-3.671195984000,0.030025020851,1128,0.391993327773,0.300000000000
504,train,0.604003336113,31.292665482000,0.878231859883,2077,0.914095079233,0.300000000000
505,train,0.480733944954,12.175833702000,0.753961634696,2058,0.910758965805,0.300000000000
506,validation,0.707673060884,12.662545204000,0.761467889908,800,0.179316096747,0.300000000000
507,train,0.015346121768,-3.667663574000,0.078398665555,873,0.210175145955,0.300000000000
508,train,0.267556296914,-2.085533142000,0.398665554629,1173,0.437030859049,0.300000000000
509,train,0.241868223520,-0.698897362000,0.494578815680,1816,0.842368640534,0.300000000000
510,train,0.846371976647,25.336267471000,0.847372810676,246,0.003336113428,0.300000000000
511,train,0.970809007506,55.264221191000,0.983319432861,522,0.041701417848,0.300000000000
512,train,0.392076730609,4.518389225000,0.648040033361,1844,0.853211009174,0.300000000000
513,train,0.627189324437,13.088383675000,0.764804003336,1209,0.458715596330,0.300000000000
514,train,0.308006672227,-1.753573418000,0.430358632193,1147,0.407839866555,0.300000000000
515,validation,0.591159299416,2.969409943000,0.602168473728,499,0.036697247706,0.300000000000
516,train,0.231025854879,-1.417853355000,0.453711426188,1614,0.742285237698,0.300000000000
517,train,0.037698081735,-3.186727524000,0.241868223520,1533,0.680567139283,0.300000000000
518,holdout,-0.051042535446,-3.538649559000,0.145120934112,1495,0.653878231860,0.300000000000
519,validation,0.748206839033,17.966524124000,0.809007506255,851,0.202668890742,0.300000000000
520,train,0.820350291910,35.221878052000,0.899916597164,949,0.265221017515,0.300000000000
521,train,0.017931609675,-3.423460007000,0.181818181818,1314,0.546288573812,0.300000000000
522,train,0.063552960801,-3.001520157000,0.272727272727,1565,0.697247706422,0.300000000000
523,train,0.406755629691,3.547825813000,0.622185154295,1582,0.718098415346,0.300000000000
524,train,0.021684737281,-3.451717377000,0.169307756464,1249,0.492076730609,0.300000000000
525,holdout,0.100583819850,-3.393380165000,0.197664720601,1039,0.323603002502,0.300000000000
526,train,0.293661384487,-1.461634636000,0.452043369475,1300,0.527939949958,0.300000000000
527,train,0.545371142619,5.217936993000,0.662218515430,1125,0.389491242702,0.300000000000
528,train,0.651876563803,19.961273193000,0.819015846539,1340,0.557130942452,0.300000000000
529,train,-0.076897414512,-3.520845413000,0.146788990826,1617,0.745621351126,0.300000000000
530,train,0.705087572977,30.502626419000,0.870725604671,1337,0.552126772310,0.300000000000
531,train,0.045788156797,-3.064579010000,0.265221017515,1609,0.731442869058,0.300000000000
532,train,0.014345287740,-3.660767555000,0.115929941618,1064,0.338615512927,0.300000000000
533,holdout,0.953961634696,51.665870667000,0.972477064220,584,0.061718098415,0.300000000000
534,train,0.674895746455,14.901473999000,0.786488740617,1099,0.371976647206,0.300000000000
535,validation,-0.108423686405,-3.667644501000,0.091743119266,1524,0.667222685571,0.300000000000
536,validation,0.834778982485,31.518392563000,0.879065888240,752,0.147623019183,0.300000000000
537,holdout,0.552543786489,9.943181038000,0.723936613845,1366,0.571309424520,0.300000000000
538,holdout,0.536196830692,3.470026016000,0.620517097581,977,0.281067556297,0.300000000000
539,train,0.678815679733,29.819231033000,0.865721434529,1452,0.623019182652,0.300000000000
540,validation,0.136613844871,-3.393638611000,0.195162635530,842,0.195162635530,0.300000000000
541,train,0.056964136781,-3.493217468000,0.154295246038,1039,0.324437030859,0.300000000000
542,train,0.471476230192,1.753456116000,0.571309424520,1060,0.332777314429,0.300000000000
543,validation,0.034695579650,-3.409949303000,0.189324437031,1275,0.515429524604,0.300000000000
544,train,0.342368640534,-2.250306129000,0.381150959133,716,0.129274395329,0.300000000000
545,holdout,0.675646371977,6.461137772000,0.681401167640,381,0.019182652210,0.300000000000
546,validation,0.630859049208,25.091129303000,0.846538782319,1583,0.718932443703,0.300000000000
547,train,0.433110925771,3.033501625000,0.603002502085,1348,0.566305254379,0.300000000000
548,train,0.300917431193,-1.925134659000,0.412010008340,1098,0.370308590492,0.300000000000
549,validation,0.533027522936,8.752344131000,0.708924103420,1384,0.586321934946,0.300000000000
550,holdout,0.136113427857,-2.127371788000,0.395329441201,1863,0.864053377815,0.300000000000
551,train,0.871392827356,34.502250671000,0.894912427023,617,0.078398665555,0.300000000000
552,validation,-0.123352793995,-3.667634010000,0.095079232694,1606,0.728106755630,0.300000000000
553,train,0.224603836530,-2.969511032000,0.281901584654,832,0.190992493745,0.300000000000
554,train,0.403002502085,2.607692719000,0.589658048374,1451,0.622185154295,0.300000000000
555,train,0.903002502085,37.023033142000,0.913261050876,487,0.034195162636,0.300000000000
556,holdout,0.190241868224,-3.407412529000,0.190992493745,218,0.002502085071,0.300000000000
557,holdout,0.443786488741,-0.559216499000,0.502085070892,839,0.194328607173,0.300000000000
558,holdout,0.548540450375,1.497838020000,0.563803169308,559,0.050875729775,0.300000000000
559,train,0.257881567973,-1.882261276000,0.414512093411,1291,0.522101751460,0.300000000000
560,train,0.007673060884,-3.005038261000,0.271893244370,1905,0.880733944954,0.300000000000
561,train,0.003252710592,-3.439021111000,0.175145954962,1372,0.572977481234,0.300000000000
562,holdout,0.140700583820,-2.558694839000,0.338615512927,1504,0.659716430359,0.300000000000
563,train,0.260050041701,1.193984985000,0.551292743953,2546,0.970809007506,0.300000000000
564,train,0.335946622185,3.821202755000,0.629691409508,2658,0.979149291076,0.300000000000
565,train,-0.005087572977,-3.667026520000,0.106755629691,1099,0.372810675563,0.300000000000
566,train,0.805004170142,26.905164719000,0.854045037531,776,0.163469557965,0.300000000000
567,train,0.566472060050,11.917489052000,0.748123436197,1420,0.605504587156,0.300000000000
568,train,0.452210175146,0.247903824000,0.528773978315,935,0.255212677231,0.300000000000
569,train,0.222685571309,-1.982158661000,0.405337781485,1423,0.608840700584,0.300000000000
570,train,0.297664720601,-2.313577652000,0.374478732277,937,0.256046705588,0.300000000000
571,train,0.908673894912,64.240211487000,0.994995829858,987,0.287739783153,0.300000000000
572,train,0.238782318599,-0.546855927000,0.503753127606,1910,0.883236030025,0.300000000000
573,train,0.466221851543,0.128813744000,0.523769808173,834,0.191826522102,0.300000000000
574,train,0.559549624687,4.216287136000,0.641367806505,967,0.272727272727,0.300000000000
575,train,0.065638031693,-3.375000954000,0.203502919099,1209,0.459549624687,0.300000000000
576,train,0.908256880734,46.698982239000,0.955796497081,770,0.158465387823,0.300000000000
577,train,-0.150708924103,-3.779135704000,0.014178482068,1331,0.549624687239,0.300000000000
578,train,0.461301084237,5.786580086000,0.669724770642,1558,0.694745621351,0.300000000000
579,train,0.629524603837,4.428094387000,0.645537948290,564,0.053377814846,0.300000000000
580,train,-0.277147623019,-3.875622749000,0.008340283570,2354,0.951626355296,0.300000000000
581,holdout,0.686071726439,16.948612213000,0.800667222686,1109,0.381984987490,0.300000000000
582,holdout,0.483486238532,7.614996433000,0.693911592994,1567,0.701417848207,0.300000000000
583,train,0.423436196831,-1.109183311000,0.478732276897,822,0.184320266889,0.300000000000
584,train,0.334445371143,-1.982857704000,0.404503753128,911,0.233527939950,0.300000000000
585,train,0.634945788157,6.300058365000,0.679733110926,755,0.149291075897,0.300000000000
586,train,0.438198498749,3.883979321000,0.631359466222,1487,0.643869891576,0.300000000000
587,train,0.627522935780,17.543012619000,0.805671392827,1398,0.593828190158,0.300000000000
588,train,-0.172143452877,-6.752593994000,0.002502085071,1378,0.582151793161,0.300000000000
589,train,0.628940783987,9.181062698000,0.717264386989,996,0.294412010008,0.300000000000
590,validation,0.337614678899,-0.259269714000,0.513761467890,1384,0.587155963303,0.300000000000
591,validation,0.212677231026,-2.216735840000,0.385321100917,1373,0.575479566305,0.300000000000
592,validation,0.122602168474,-2.842616081000,0.302752293578,1414,0.600500417014,0.300000000000
593,train,0.092160133445,-2.508124352000,0.346121768140,1819,0.846538782319,0.300000000000
594,train,0.127272727273,-3.174051285000,0.244370308590,1125,0.390325271059,0.300000000000
595,train,0.241868223520,-2.494388580000,0.346955796497,1067,0.350291909925,0.300000000000
596,train,0.256463719766,-2.346923828000,0.367806505421,1098,0.371142618849,0.300000000000
597,validation,-0.000083402836,-3.617293358000,0.124270225188,1158,0.414512093411,0.300000000000
598,holdout,0.122685571309,-2.328582764000,0.371142618849,1781,0.828190158465,0.300000000000
599,train,0.795246038365,29.600969315000,0.864053377815,909,0.229357798165,0.300000000000
600,validation,0.166555462886,-2.557762146000,0.339449541284,1373,0.576313594662,0.300000000000
601,train,-0.053628023353,-3.671130180000,0.039199332777,1029,0.309424520434,0.300000000000
602,train,0.500917431193,-0.289408684000,0.510425354462,468,0.031693077565,0.300000000000
603,train,-0.242118432027,-3.709315300000,0.020850708924,1902,0.876563803169,0.300000000000
604,train,0.574228523770,13.092523575000,0.765638031693,1462,0.638031693078,0.300000000000
605,holdout,-0.134361968307,-3.464416504000,0.165137614679,4227,0.998331943286,0.300000000000
606,train,0.074228523770,-2.373643875000,0.361968306922,2452,0.959132610509,0.300000000000
607,train,0.865304420350,40.560955048000,0.931609674729,887,0.221017514595,0.300000000000
608,train,0.748540450375,29.957998276000,0.867389491243,1134,0.396163469558,0.300000000000
609,train,0.261384487073,-2.366128922000,0.364470391993,1065,0.343619683069,0.300000000000
610,holdout,-0.196497080901,-3.667652130000,0.089241034195,2357,0.952460383653,0.300000000000
611,holdout,0.600000000000,9.156232834000,0.715596330275,1116,0.385321100917,0.300000000000
612,train,0.133027522936,-3.350015640000,0.211843202669,945,0.262718932444,0.300000000000
613,validation,0.076313594662,-3.399665833000,0.192660550459,1122,0.387823185988,0.300000000000
614,train,-0.031776480400,-3.476855278000,0.160133444537,1464,0.639699749791,0.300000000000
615,train,0.573561301084,5.726888180000,0.668890742285,1035,0.317764804003,0.300000000000
616,train,0.794161801501,41.187927246000,0.933277731443,1220,0.463719766472,0.300000000000
617,train,0.256046705588,0.980226517000,0.548790658882,2611,0.975813177648,0.300000000000
618,validation,0.797831526272,43.212173462000,0.939949958299,1230,0.473728106756,0.300000000000
619,holdout,0.219516263553,-3.318030357000,0.223519599666,350,0.013344453711,0.300000000000
620,train,0.489991659716,3.034949303000,0.603836530442,1106,0.379482902419,0.300000000000
621,train,0.657214345288,27.039707184000,0.854879065888,1503,0.658882402002,0.300000000000
622,train,0.070642201835,-3.569908142000,0.140950792327,911,0.234361968307,0.300000000000
623,holdout,0.652793994996,14.738031387000,0.783152627189,1169,0.434528773978,0.300000000000
624,train,-0.017514595496,-3.655889511000,0.117597998332,1200,0.450375312761,0.300000000000
625,holdout,0.597581317765,5.214426517000,0.661384487073,876,0.212677231026,0.300000000000
626,train,0.387072560467,-0.559176445000,0.502919099249,1120,0.386155129274,0.300000000000
627,validation,0.168807339450,-3.237127304000,0.239366138449,911,0.235195996664,0.300000000000
628,train,-0.006171809842,-3.149539948000,0.253544620517,1868,0.865721434529,0.300000000000
629,train,0.599749791493,8.350696564000,0.705587989992,1069,0.352793994996,0.300000000000
630,holdout,0.463886572143,0.708804131000,0.542952460384,947,0.263552960801,0.300000000000
631,train,0.087155963303,-3.328981400000,0.221017514595,1197,0.446205170976,0.300000000000
632,train,0.546038365304,18.229391098000,0.811509591326,1916,0.884904086739,0.300000000000
633,train,0.182151793161,-3.113063812000,0.260216847373,941,0.260216847373,0.300000000000
634,train,0.610258548791,5.164542675000,0.658048373645,770,0.159299416180,0.300000000000
635,train,-0.184236864053,-3.667840004000,0.061718098415,1770,0.819849874896,0.300000000000
636,validation,0.444870725605,3.217945099000,0.608006672227,1309,0.543786488741,0.300000000000
637,train,0.083152627189,-3.487009048000,0.155963302752,915,0.242702251877,0.300000000000
638,validation,0.972393661384,58.777069092000,0.986655546289,555,0.047539616347,0.300000000000
639,train,0.668807339450,35.690734863000,0.903252710592,1691,0.781484570475,0.300000000000
640,train,0.609674728941,14.275671959000,0.779816513761,1348,0.567139282736,0.300000000000
641,validation,-0.082902418682,-3.667622566000,0.096747289408,1412,0.598832360300,0.300000000000
642,train,0.646538782319,39.720939636000,0.925771476230,2171,0.930775646372,0.300000000000
643,train,0.276814011676,-1.947175026000,0.408673894912,1177,0.439532944120,0.300000000000
644,validation,-0.071226021685,-3.653689384000,0.118432026689,1457,0.632193494579,0.300000000000
645,train,0.473811509591,8.884068489000,0.709758131776,1693,0.786488740617,0.300000000000
646,train,0.560383653044,6.581148148000,0.682235195997,1142,0.406171809842,0.300000000000
647,train,0.129274395329,-3.106351852000,0.261884904087,1190,0.442035029191,0.300000000000
648,holdout,0.902752293578,42.316009521000,0.935779816514,682,0.110091743119,0.300000000000
649,train,0.937197664721,62.363998413000,0.989991659716,791,0.175979983319,0.300000000000
650,train,0.919015846539,43.513847351000,0.943286071726,620,0.080900750626,0.300000000000
651,train,0.946538782319,61.156272888000,0.988323603003,737,0.139282735613,0.300000000000
652,train,0.187155963303,-2.385559082000,0.357798165138,1352,0.568807339450,0.300000000000
653,validation,0.050875729775,-3.094247818000,0.263552960801,1571,0.708924103420,0.300000000000
654,train,0.413344453711,2.945932388000,0.600500417014,1452,0.623853211009,0.300000000000
655,train,0.387406171810,0.180493355000,0.526271893244,1214,0.462885738115,0.300000000000
656,train,0.284236864053,-1.284828186000,0.465387823186,1416,0.603836530442,0.300000000000
657,train,-0.091909924937,-3.503623962000,0.151793160967,1748,0.812343619683,0.300000000000
658,train,0.572060050042,20.701990128000,0.824020016681,1813,0.839866555463,0.300000000000
659,train,0.374562135113,0.070052147000,0.520433694746,1242,0.486238532110,0.300000000000
660,holdout,0.278065054212,0.633798599000,0.541284403670,1902,0.877397831526,0.300000000000
661,validation,0.367889908257,4.937451363000,0.656380316931,2459,0.961634695580,0.300000000000
662,validation,0.129190992494,-3.478799820000,0.158465387823,658,0.097581317765,0.300000000000
663,train,0.627939949958,18.340639114000,0.812343619683,1441,0.614678899083,0.300000000000
664,holdout,0.390909090909,4.123963356000,0.638865721435,1778,0.826522101751,0.300000000000
665,train,-0.072477064220,-3.475875854000,0.160967472894,1687,0.778148457048,0.300000000000
666,validation,0.489074228524,6.660553932000,0.684737281068,1494,0.652210175146,0.300000000000
667,holdout,0.762301918265,17.658224106000,0.807339449541,755,0.150125104254,0.300000000000
668,holdout,0.638448707256,13.169073105000,0.767306088407,1166,0.429524603837,0.300000000000
669,train,0.513844870726,8.056608200000,0.699749791493,1449,0.619683069224,0.300000000000
670,train,0.596330275229,12.507542610000,0.758965804837,1308,0.542118432027,0.300000000000
671,train,0.845120934112,42.439697266000,0.937447873228,1023,0.307756463720,0.300000000000
672,holdout,0.165638031693,-2.108808517000,0.397831526272,1665,0.773978315263,0.300000000000
673,train,0.867639699750,30.389461517000,0.869891576314,301,0.007506255213,0.300000000000
674,train,0.391409507923,-0.345163345000,0.508757297748,1126,0.391159299416,0.300000000000
675,validation,-0.059549624687,-3.667705536000,0.065054211843,1158,0.415346121768,0.300000000000
676,train,-0.142702251877,-3.667670250000,0.074228523770,1601,0.723102585488,0.300000000000
677,validation,0.515262718932,6.591586590000,0.683903252711,1343,0.562135112594,0.300000000000
678,train,0.354128440367,3.142887115000,0.606338615513,1813,0.840700583820,0.300000000000
679,holdout,0.714428690575,21.023731232000,0.826522101751,1099,0.373644703920,0.300000000000
680,train,0.720934111760,49.408187866000,0.961634695580,1734,0.802335279399,0.300000000000
681,train,0.521100917431,15.146026611000,0.787322768974,1945,0.887406171810,0.300000000000
682,validation,0.687322768974,20.662769318000,0.823185988324,1201,0.452877397832,0.300000000000
683,train,0.907339449541,39.968437195000,0.926605504587,589,0.064220183486,0.300000000000
684,train,-0.001084236864,-3.328275681000,0.221851542952,1614,0.743119266055,0.300000000000
685,train,0.790575479566,31.644622803000,0.879899916597,1001,0.297748123436,0.300000000000
686,train,0.037281067556,-3.330176353000,0.220183486239,1424,0.609674728941,0.300000000000
687,train,0.249040867389,-1.193587303000,0.471226021685,1613,0.740617180984,0.300000000000
688,holdout,0.529274395329,16.762674332000,0.798999165972,2003,0.899082568807,0.300000000000
689,train,0.302668890742,2.494112968000,0.587155963303,2310,0.948290241868,0.300000000000
690,train,0.486071726439,7.844542980000,0.697247706422,1568,0.703919933278,0.300000000000
691,train,0.420767306088,2.389623642000,0.582151793161,1306,0.537948290242,0.300000000000
692,train,0.326605504587,3.301765442000,0.613844870726,2409,0.957464553795,0.300000000000
693,train,0.291159299416,-2.336567879000,0.369474562135,941,0.261050875730,0.300000000000
694,train,0.638115095913,29.921562195000,0.866555462886,1652,0.761467889908,0.300000000000
695,train,0.230191826522,-0.444213867000,0.505421184320,2082,0.917431192661,0.300000000000
696,validation,0.202502085071,-2.550080299000,0.341117597998,1210,0.462051709758,0.300000000000
697,train,0.271559633028,-0.832304955000,0.488740617181,1601,0.723936613845,0.300000000000
698,train,0.840450375313,50.813713074000,0.968306922435,1164,0.426188490409,0.300000000000
699,validation,-0.102085070892,-3.666569710000,0.107589658048,1566,0.698915763136,0.300000000000
700,train,0.225854879066,-0.609446526000,0.499582985822,2075,0.912427022519,0.300000000000
701,train,0.496663886572,12.359823227000,0.755629691410,1861,0.863219349458,0.300000000000
702,validation,0.026021684737,-3.671706200000,0.027522935780,273,0.005004170142,0.300000000000
703,validation,0.261301084237,-1.409922600000,0.456213511259,1492,0.649708090075,0.300000000000
704,holdout,0.431943286072,-0.766222000000,0.491242702252,846,0.197664720601,0.300000000000
705,holdout,0.389824854045,-0.216405869000,0.515429524604,1161,0.418682235196,0.300000000000
706,train,0.337614678899,-0.121803284000,0.516263552961,1406,0.595496246872,0.300000000000
707,validation,0.385571309425,-1.497830391000,0.447873227690,863,0.207673060884,0.300000000000
708,holdout,0.111759799833,-3.606554985000,0.129274395329,577,0.058381984987,0.300000000000
709,train,0.350125104254,1.631895065000,0.568807339450,1608,0.728940783987,0.300000000000
710,validation,-0.067806505421,-3.342273712000,0.215179316097,2277,0.943286071726,0.300000000000
711,train,0.545871559633,9.975897789000,0.724770642202,1409,0.596330275229,0.300000000000
712,holdout,0.530025020851,7.999873161000,0.698915763136,1343,0.562969140951,0.300000000000
713,train,0.008924103420,-2.931335449000,0.286905754796,2124,0.926605504587,0.300000000000
714,train,0.289991659716,-1.587594986000,0.442869057548,1271,0.509591326105,0.300000000000
715,holdout,-0.050458715596,-3.338826180000,0.218515429525,1992,0.896580483736,0.300000000000
716,train,0.894495412844,38.563018799000,0.918265221018,617,0.079232693912,0.300000000000
717,train,0.955129274395,76.514160156000,0.999165971643,750,0.146788990826,0.300000000000
718,validation,-0.195663052544,-3.667669296000,0.075062552127,2030,0.902418682235,0.300000000000
719,validation,0.222351959967,-1.823876381000,0.424520433695,1528,0.673894912427,0.300000000000
720,train,0.096497080901,-2.684411049000,0.324437030859,1651,0.759799833194,0.300000000000
721,train,0.313094245204,-2.121861458000,0.396163469558,974,0.276897414512,0.300000000000
722,train,0.175896580484,-2.049193382000,0.402835696414,1645,0.756463719766,0.300000000000
723,holdout,0.206005004170,-0.566113472000,0.501251042535,2815,0.984153461218,0.300000000000
724,train,0.406338615513,3.291090012000,0.613010842369,1541,0.688907422852,0.300000000000
725,train,0.121934945788,-2.350700378000,0.366138448707,1767,0.814011676397,0.300000000000
726,train,0.475896580484,-0.028746605000,0.517931609675,738,0.140116763970,0.300000000000
727,holdout,-0.106588824020,-3.667674065000,0.072560467056,1410,0.597164303586,0.300000000000
728,holdout,0.042618849041,-2.786350250000,0.316096747289,2072,0.911592994162,0.300000000000
729,train,0.882068390325,38.906051636000,0.921601334445,728,0.131776480400,0.300000000000
730,validation,0.906839032527,43.641437531000,0.944120100083,709,0.124270225188,0.300000000000
731,train,0.974562135113,63.365417480000,0.993327773144,584,0.062552126772,0.300000000000
732,train,-0.173227689741,-3.671132088000,0.036697247706,1566,0.699749791493,0.300000000000
733,train,0.537281067556,8.455036163000,0.706422018349,1344,0.563803169308,0.300000000000
734,train,0.243202668891,0.539958000000,0.535446205171,2604,0.974145120934,0.300000000000
735,train,0.831276063386,21.640274048000,0.831526271893,115,0.000834028357,0.300000000000
736,train,0.267639699750,-0.758308411000,0.492076730609,1618,0.748123436197,0.300000000000
737,train,0.417514595496,4.385043144000,0.644703919933,1649,0.757297748123,0.300000000000
738,validation,0.587989991660,24.259881973000,0.843202668891,1833,0.850708924103,0.300000000000
739,train,0.495079232694,12.137303352000,0.752293577982,1856,0.857381150959,0.300000000000
740,train,-0.069391159299,-3.436707497000,0.176814011676,1770,0.820683903253,0.300000000000
741,train,0.560133444537,7.381879330000,0.689741451209,1168,0.432026688907,0.300000000000
742,train,0.682151793161,40.252143860000,0.929107589658,1773,0.823185988324,0.300000000000
743,train,0.282568807339,-2.531682014000,0.343619683069,852,0.203502919099,0.300000000000
744,train,0.325187656380,2.685532570000,0.592160133445,1951,0.889908256881,0.300000000000
745,train,0.828690575480,53.529502869000,0.978315262719,1262,0.498748957465,0.300000000000
746,holdout,0.024687239366,-3.671818733000,0.026688907423,292,0.006672226856,0.300000000000
747,train,0.620934111760,32.005538940000,0.884904086739,1904,0.879899916597,0.300000000000
748,train,0.427856547123,5.849933147000,0.670558798999,1744,0.809007506255,0.300000000000
749,holdout,0.252793994996,-2.599641800000,0.333611342786,959,0.269391159299,0.300000000000
750,validation,-0.155045871560,-3.667658806000,0.083402835696,1724,0.794829024187,0.300000000000
751,train,0.050542118432,-3.411886215000,0.187656380317,1208,0.457047539616,0.300000000000
752,train,0.248790658882,-2.201345444000,0.388657214345,1226,0.466221851543,0.300000000000
753,train,-0.044787322769,-3.593231201000,0.132610508757,1388,0.591326105088,0.300000000000
754,validation,0.826105087573,41.901603699000,0.934945788157,1092,0.362802335279,0.300000000000
755,train,0.330859049208,0.072611809000,0.521267723103,1460,0.634695579650,0.300000000000
756,train,0.598498748957,3.329282761000,0.615512927440,573,0.056713928274,0.300000000000
757,train,0.338698915763,-2.261417389000,0.379482902419,733,0.135946622185,0.300000000000
758,train,0.411509591326,-1.846383095000,0.422018348624,487,0.035029190992,0.300000000000
759,train,0.264720600500,-2.987116814000,0.277731442869,533,0.043369474562,0.300000000000
760,train,0.312927439533,-1.863068581000,0.417014178482,1066,0.346955796497,0.300000000000
761,train,-0.092827356130,-3.383206367000,0.202668890742,2981,0.984987489575,0.300000000000
762,train,0.873894912427,44.686111450000,0.947456213511,919,0.245204336947,0.300000000000
763,train,0.063552960801,-3.302632332000,0.227689741451,1320,0.547122602168,0.300000000000
764,train,0.141868223520,-2.241930962000,0.382819015847,1737,0.803169307756,0.300000000000
765,train,0.425854879066,2.469125748000,0.585487906589,1303,0.532110091743,0.300000000000
766,train,0.073144286906,-3.154441833000,0.251042535446,1397,0.592994161802,0.300000000000
767,train,0.561217681401,3.914607048000,0.633027522936,913,0.239366138449,0.300000000000
768,train,0.530692243536,9.230428696000,0.718098415346,1452,0.624687239366,0.300000000000
769,train,-0.072727272727,-5.041465759000,0.005838198499,943,0.261884904087,0.300000000000
770,train,0.681401167640,9.165512085000,0.716430358632,686,0.116763969975,0.300000000000
771,holdout,0.237281067556,-1.214816093000,0.468723936614,1662,0.771476230192,0.300000000000
772,train,0.435112593828,1.260956764000,0.552960800667,1129,0.392827356130,0.300000000000
773,holdout,0.068473728107,-3.565523148000,0.141784820684,918,0.244370308590,0.300000000000
774,train,0.263803169308,-1.850652695000,0.421184320267,1297,0.524603836530,0.300000000000
775,train,0.750458715596,33.169044495000,0.886572143453,1201,0.453711426188,0.300000000000
776,train,0.220433694746,-1.941125870000,0.410341951626,1457,0.633027522936,0.300000000000
777,train,0.581150959133,17.141376495000,0.802335279399,1612,0.737281067556,0.300000000000
778,train,-0.061884904087,-3.363258362000,0.206839032527,1990,0.895746455379,0.300000000000
779,train,0.357214345288,2.807663918000,0.594662218515,1703,0.791492910759,0.300000000000
780,holdout,0.044954128440,-3.404600143000,0.191826522102,1245,0.489574645538,0.300000000000
781,train,-0.030442035029,-3.607517242000,0.128440366972,1301,0.529608006672,0.300000000000
782,train,0.957297748123,73.257484436000,0.998331943286,734,0.136780650542,0.300000000000
783,train,-0.025854879066,-3.662333488000,0.114261884904,1228,0.467055879900,0.300000000000
784,train,0.428190158465,2.386878014000,0.581317764804,1271,0.510425354462,0.300000000000
785,train,0.918181818182,45.657684326000,0.952460383653,684,0.114261884904,0.300000000000
786,train,0.950208507089,63.049964905000,0.992493744787,740,0.140950792327,0.300000000000
787,train,-0.153711426188,-3.631127357000,0.121768140117,2082,0.918265221018,0.300000000000
788,validation,0.049207673061,-3.317445755000,0.224353628023,1380,0.583819849875,0.300000000000
789,holdout,0.950625521268,49.775947571000,0.964136780651,535,0.045037531276,0.300000000000
790,holdout,-0.051542952460,-3.244050026000,0.237698081735,2503,0.964136780651,0.300000000000
791,validation,0.732193494579,28.532051086000,0.859049207673,1163,0.422852376981,0.300000000000
792,holdout,-0.186155129274,-3.702686310000,0.022518765638,1564,0.695579649708,0.300000000000
793,holdout,0.607923269391,22.712440491000,0.837364470392,1655,0.764804003336,0.300000000000
794,train,0.633694745621,34.770202637000,0.897414512093,1903,0.879065888240,0.300000000000
795,train,0.722852376981,18.362070084000,0.813177648040,1007,0.301084236864,0.300000000000
796,train,0.625020850709,14.898151398000,0.785654712260,1305,0.535446205171,0.300000000000
797,holdout,0.396163469558,-1.515028954000,0.446205170976,780,0.166805671393,0.300000000000
798,train,0.277397831526,0.785594940000,0.544620517098,1951,0.890742285238,0.300000000000
799,validation,0.149874895746,-1.863067627000,0.417848206839,1982,0.893244370309,0.300000000000
800,train,0.135446205171,-2.811519623000,0.308590492077,1374,0.577147623019,0.300000000000
801,validation,0.139366138449,-3.470151901000,0.162635529608,614,0.077564637198,0.300000000000
802,train,0.313010842369,-2.666974068000,0.325271059216,520,0.040867389491,0.300000000000
803,train,0.639949958299,15.639813423000,0.792326939116,1267,0.507923269391,0.300000000000
804,train,0.015929941618,-3.667658806000,0.084236864053,905,0.227689741451,0.300000000000
805,train,0.450625521268,10.532230377000,0.733110925771,2273,0.941618015013,0.300000000000
806,train,0.563469557965,3.395700455000,0.618015012510,814,0.181818181818,0.300000000000
807,train,0.453211009174,3.245368004000,0.608840700584,1283,0.518765638032,0.300000000000
808,train,0.553878231860,3.984044552000,0.637197664721,974,0.277731442869,0.300000000000
809,train,-0.072477064220,-3.550605774000,0.143452877398,1583,0.719766472060,0.300000000000
810,train,0.336363636364,1.445944786000,0.561301084237,1623,0.749791492911,0.300000000000
811,train,0.351959966639,3.254786491000,0.609674728941,1857,0.859049207673,0.300000000000
812,validation,0.185321100917,-3.346877098000,0.214345287740,655,0.096747289408,0.300000000000
813,train,0.891909924937,58.924476624000,0.987489574646,1035,0.318598832360,0.300000000000
814,train,0.418682235196,-0.922711372000,0.483736447039,881,0.216847372811,0.300000000000
815,train,0.285404503753,-0.034308434000,0.517097581318,1663,0.772310258549,0.300000000000
816,train,0.150959132611,-1.931065559000,0.411175979983,1873,0.867389491243,0.300000000000
817,holdout,0.443786488741,1.461075783000,0.562135112594,1132,0.394495412844,0.300000000000
818,train,0.110258548791,-2.816282272000,0.306922435363,1496,0.655546288574,0.300000000000
819,train,0.317597998332,-1.014174461000,0.481234361968,1310,0.545454545455,0.300000000000
820,train,0.651542952460,24.976993561000,0.845704753962,1490,0.647206005004,0.300000000000
821,validation,-0.023686405338,-3.351088524000,0.211009174312,1691,0.782318598832,0.300000000000
822,train,0.942368640534,51.820487976000,0.974145120934,680,0.105921601334,0.300000000000
823,train,0.157214345288,-2.805747032000,0.313594662219,1287,0.521267723103,0.300000000000
824,holdout,0.805921601334,49.972221375000,0.965804837364,1303,0.532944120100,0.300000000000
825,train,0.455879899917,5.218609333000,0.663052543786,1542,0.690575479566,0.300000000000
826,train,-0.129524603837,-3.667791367000,0.063386155129,1485,0.643035863219,0.300000000000
827,train,-0.062635529608,-3.253130913000,0.234361968307,3250,0.989991659716,0.300000000000
828,train,0.952543786489,62.798484802000,0.990825688073,710,0.127606338616,0.300000000000
829,validation,0.327189324437,2.130664825000,0.577147623019,1789,0.833194328607,0.300000000000
830,train,0.358465387823,3.465527534000,0.619683069224,1892,0.870725604671,0.300000000000
831,train,0.086989157631,-2.802838326000,0.314428690575,1650,0.758131776480,0.300000000000
832,validation,0.315846538782,0.823776245000,0.546288573812,1657,0.768140116764,0.300000000000
833,validation,0.037864887406,-3.296213150000,0.228523769808,1460,0.635529608007,0.300000000000
834,train,0.399916597164,3.602284431000,0.623853211009,1617,0.746455379483,0.300000000000
835,train,-0.245621351126,-3.826176643000,0.010842368641,1850,0.854879065888,0.300000000000
836,train,0.011175979983,-2.917043686000,0.294412010008,2278,0.944120100083,0.300000000000
837,train,0.151042535446,-3.422269821000,0.184320266889,682,0.110925771476,0.300000000000
838,train,0.327189324437,2.858551025000,0.597164303586,2007,0.899916597164,0.300000000000
839,train,0.067639699750,-2.373761177000,0.361134278565,2653,0.978315262719,0.300000000000
840,train,-0.284236864053,-3.879835129000,0.007506255213,2565,0.972477064220,0.300000000000
841,train,0.341284403670,2.172617912000,0.577981651376,1701,0.788990825688,0.300000000000
842,holdout,0.483486238532,9.609497070000,0.721434528774,1713,0.793160967473,0.300000000000
843,train,0.548457047540,13.884785652000,0.778148457048,1655,0.765638031693,0.300000000000
844,train,0.411926605505,1.344959259000,0.556296914095,1235,0.481234361968,0.300000000000
845,train,0.931609674729,48.873886108000,0.959132610509,639,0.091743119266,0.300000000000
846,train,0.881401167640,51.348220825000,0.969974979149,996,0.295246038365,0.300000000000
847,train,0.052543786489,-3.349158287000,0.212677231026,1303,0.533778148457,0.300000000000
848,train,0.612510425354,6.875751972000,0.688073394495,933,0.251876563803,0.300000000000
849,train,-0.157631359466,-3.719992638000,0.020016680567,1396,0.592160133445,0.300000000000
850,train,0.491993327773,0.598224640000,0.538782318599,767,0.155963302752,0.300000000000
851,train,0.112844036697,-2.977086067000,0.280233527940,1340,0.557964970809,0.300000000000
852,train,-0.111426188490,-3.415610313000,0.186822351960,3543,0.994161801501,0.300000000000
853,train,0.157130942452,-1.814282417000,0.425354462052,1987,0.894078398666,0.300000000000
854,train,0.150708924103,-2.595615387000,0.336113427857,1447,0.618015012510,0.300000000000
855,train,0.285821517932,-1.282402039000,0.466221851543,1414,0.601334445371,0.300000000000
856,validation,0.684904086739,12.089068413000,0.751459549625,890,0.221851542952,0.300000000000
857,holdout,0.942535446205,49.633483887000,0.963302752294,598,0.069224353628,0.300000000000
858,train,-0.142035029191,-3.667666435000,0.075896580484,1604,0.726438698916,0.300000000000
859,train,0.868056713928,62.881057739000,0.991659716430,1157,0.412010008340,0.300000000000
860,train,0.465888240200,2.895296097000,0.597998331943,1185,0.440366972477,0.300000000000
861,train,0.610675562969,28.740343094000,0.859883236030,1783,0.830692243536,0.300000000000
862,train,0.887239366138,33.571884155000,0.890742285238,344,0.011676396997,0.300000000000
863,train,-0.252210175146,-3.831133842000,0.010008340284,1901,0.874061718098,0.300000000000
864,train,-0.025688073394,-3.410977364000,0.188490408674,1574,0.713928273561,0.300000000000
865,validation,0.160050041701,-2.117073059000,0.396997497915,1701,0.789824854045,0.300000000000
866,holdout,0.577064220183,2.550582886000,0.588824020017,510,0.039199332777,0.300000000000
867,validation,0.136947456214,-3.384320259000,0.201000834028,877,0.213511259383,0.300000000000
868,holdout,-0.053294412010,-3.667612076000,0.100083402836,1271,0.511259382819,0.300000000000
869,train,0.026855713094,-3.671169281000,0.033361134279,403,0.021684737281,0.300000000000
870,train,-0.128190158465,-6.779266357000,0.001668056714,1168,0.432860717264,0.300000000000
871,train,0.162135112594,-3.339994431000,0.217681401168,823,0.185154295246,0.300000000000
872,validation,0.638865721435,11.840596199000,0.746455379483,1074,0.358632193495,0.300000000000
873,holdout,0.181317764804,-1.152320862000,0.474562135113,2634,0.977481234362,0.300000000000
874,train,0.452126772310,1.318686485000,0.555462885738,1065,0.344453711426,0.300000000000
875,holdout,0.082485404504,-3.580449104000,0.136780650542,812,0.180984153461,0.300000000000
876,validation,0.595746455379,6.155122757000,0.675562969141,950,0.266055045872,0.300000000000
877,holdout,-0.052543786489,-3.669058800000,0.047539616347,1061,0.333611342786,0.300000000000
878,train,0.666805671393,33.425865173000,0.888240200167,1612,0.738115095913,0.300000000000
879,train,0.544620517098,6.858711243000,0.687239366138,1231,0.475396163470,0.300000000000
880,train,0.722935779817,18.622764587000,0.814011676397,1015,0.303586321935,0.300000000000
881,validation,0.569891576314,5.625263214000,0.664720600500,1034,0.316096747289,0.300000000000
882,train,0.598915763136,11.910869598000,0.747289407840,1259,0.494578815680,0.300000000000
883,train,-0.001751459550,-5.355714798000,0.005004170142,406,0.022518765638,0.300000000000
884,train,0.561634695580,9.067062378000,0.712260216847,1263,0.502085070892,0.300000000000
885,holdout,0.728106755630,13.376957893000,0.770642201835,740,0.141784820684,0.300000000000
886,train,0.536530442035,6.067416191000,0.673894912427,1208,0.457881567973,0.300000000000
887,train,0.670809007506,19.113729477000,0.815679733111,1236,0.482902418682,0.300000000000
888,train,0.703669724771,30.589490891000,0.871559633028,1341,0.559633027523,0.300000000000
889,train,0.958131776480,61.699256897000,0.989157631359,675,0.103419516264,0.300000000000
890,train,0.446038365304,0.259964943000,0.529608006672,975,0.278565471226,0.300000000000
891,validation,0.318849040867,-2.443386078000,0.351125938282,681,0.107589658048,0.300000000000
892,validation,-0.186822351960,-3.667590141000,0.103419516264,2509,0.967472894078,0.300000000000
893,train,0.102919099249,-3.573767662000,0.138448707256,689,0.118432026689,0.300000000000
894,train,0.625604670559,37.985843658000,0.916597164304,2541,0.969974979149,0.300000000000
895,train,0.010592160133,-3.504429817000,0.150959132611,1228,0.467889908257,0.300000000000
896,train,0.390658882402,-1.604490280000,0.441201000834,787,0.168473728107,0.300000000000
897,train,0.416847372811,-0.988959312000,0.482902418682,884,0.220183486239,0.300000000000
898,train,0.337281067556,-2.175067902000,0.390325271059,796,0.176814011676,0.300000000000
899,train,0.049207673061,-3.668125153000,0.059216013344,485,0.033361134279,0.300000000000
900,train,0.623352793995,4.550160885000,0.648874061718,628,0.085070892410,0.300000000000
901,train,0.924020016681,54.470222473000,0.980817347790,826,0.189324437031,0.300000000000
902,validation,0.376063386155,-2.144701958000,0.392827356130,571,0.055879899917,0.300000000000
903,validation,0.957130942452,51.252258301000,0.969140950792,519,0.040033361134,0.300000000000
904,validation,0.252710592160,-2.596042633000,0.335279399500,969,0.275229357798,0.300000000000
905,validation,0.085988323603,-2.953127861000,0.284403669725,1511,0.661384487073,0.300000000000
906,train,0.058882402002,-3.194893837000,0.241034195163,1421,0.607172643870,0.300000000000
907,train,0.196497080901,-2.345444679000,0.368640533778,1372,0.573811509591,0.300000000000
908,train,0.211509591326,-2.384777069000,0.358632193495,1246,0.490408673895,0.300000000000
909,train,0.228857381151,-1.748788834000,0.432026688907,1530,0.677231025855,0.300000000000
910,train,-0.219516263553,-3.708829880000,0.021684737281,1737,0.804003336113,0.300000000000
911,train,0.188240200167,-2.080112457000,0.401167639700,1571,0.709758131776,0.300000000000
912,train,0.310925771476,-2.427052498000,0.354462051710,749,0.145120934112,0.300000000000
913,holdout,0.401167639700,1.271620750000,0.553794829024,1268,0.508757297748,0.300000000000
914,train,0.145788156797,-3.068792343000,0.264386989158,1132,0.395329441201,0.300000000000
915,holdout,0.926855713094,44.971984863000,0.949124270225,608,0.074228523770,0.300000000000
916,train,0.495246038365,2.741359711000,0.593828190158,1045,0.328607172644,0.300000000000
917,train,-0.021434528774,-3.668169975000,0.053377814846,929,0.249374478732,0.300000000000
918,train,-0.222185154295,-3.668169022000,0.055045871560,2118,0.924103419516,0.300000000000
919,train,0.799833194329,40.522552490000,0.929941618015,1168,0.433694745621,0.300000000000
920,train,0.591492910759,14.439819336000,0.780650542118,1456,0.630525437865,0.300000000000
921,train,0.417514595496,5.177999496000,0.659716430359,1741,0.807339449541,0.300000000000
922,train,-0.122768974145,-3.671193123000,0.030859049208,1271,0.512093411176,0.300000000000
923,train,0.136030025021,-2.381095886000,0.359466221852,1616,0.744787322769,0.300000000000
924,holdout,0.432777314429,-1.659626007000,0.437030859049,363,0.014178482068,0.300000000000
925,validation,-0.202001668057,-3.667683601000,0.069224353628,2032,0.904086738949,0.300000000000
926,train,0.155462885738,-3.051654816000,0.268557130942,1104,0.376980817348,0.300000000000
927,train,0.814678899083,23.190505981000,0.840700583820,630,0.086738949124,0.300000000000
928,train,0.629524603837,22.076789856000,0.833194328607,1532,0.678899082569,0.300000000000
929,train,0.376146788991,1.571834564000,0.566305254379,1458,0.633861551293,0.300000000000
930,train,-0.115012510425,-3.521863937000,0.145954962469,1887,0.869891576314,0.300000000000
931,validation,-0.143953294412,-3.667688370000,0.066722268557,1567,0.702251876564,0.300000000000
932,train,0.102335279399,-3.318910599000,0.222685571309,1137,0.401167639700,0.300000000000
933,train,0.475396163470,8.175672531000,0.700583819850,1628,0.750625521268,0.300000000000
934,train,0.390325271059,3.063488960000,0.605504587156,1581,0.717264386989,0.300000000000
935,train,0.826605504587,35.530067444000,0.902418682235,933,0.252710592160,0.300000000000
936,holdout,0.237364470392,-0.917045593000,0.484570475396,1773,0.824020016681,0.300000000000
937,train,-0.159883236030,-3.762266159000,0.015012510425,1379,0.582985821518,0.300000000000
938,train,0.425604670559,5.211210728000,0.660550458716,1691,0.783152627189,0.300000000000
939,train,0.130191826522,-3.512421608000,0.148457047540,582,0.060884070058,0.300000000000
940,validation,0.296246872394,1.131310463000,0.550458715596,1819,0.847372810676,0.300000000000
941,train,0.801501251043,39.324020386000,0.924103419516,1147,0.408673894912,0.300000000000
942,train,-0.030442035029,-3.358936310000,0.208507089241,1726,0.796497080901,0.300000000000
943,train,0.152460383653,-1.746971130000,0.433694745621,2218,0.937447873228,0.300000000000
944,train,0.856213511259,40.528442383000,0.930775646372,928,0.248540450375,0.300000000000
945,train,0.177814845705,-2.810970306000,0.309424520434,1176,0.438698915763,0.300000000000
946,train,-0.012176814012,-3.237464905000,0.238532110092,1796,0.835696413678,0.300000000000
947,validation,0.187906588824,-2.333741188000,0.370308590492,1422,0.608006672227,0.300000000000
948,holdout,0.020683903253,-3.159340858000,0.249374478732,1652,0.762301918265,0.300000000000
949,train,0.587572977481,9.260169983000,0.718932443703,1174,0.437864887406,0.300000000000
950,validation,0.163052543786,-1.608147621000,0.439532944120,2092,0.921601334445,0.300000000000
951,train,0.253961634696,-2.571789742000,0.337781484570,975,0.279399499583,0.300000000000
952,train,0.387239366138,3.390055656000,0.617180984153,1655,0.766472060050,0.300000000000
953,holdout,0.313844870726,1.403430939000,0.558798999166,1769,0.816513761468,0.300000000000
954,train,-0.240867389491,-3.668168068000,0.058381984987,4101,0.997497914929,0.300000000000
955,train,-0.247456213511,-8.308532715000,0.000000000000,1774,0.824854045038,0.300000000000
956,holdout,0.056213511259,-2.731856346000,0.321934945788,1937,0.885738115096,0.300000000000
957,train,0.116680567139,-2.986555099000,0.278565471226,1307,0.539616346956,0.300000000000
958,train,0.181150959133,-1.395472527000,0.457881567973,2099,0.922435362802,0.300000000000
959,train,0.633861551293,9.131450653000,0.713928273561,953,0.266889074229,0.300000000000
960,train,0.140283569641,-2.862569809000,0.299416180150,1301,0.530442035029,0.300000000000
961,train,0.124520433695,-3.465994835000,0.164303586322,730,0.132610508757,0.300000000000
962,holdout,-0.169724770642,-3.668326378000,0.049207673061,1608,0.729774812344,0.300000000000
963,holdout,0.692994161802,35.733894348000,0.904920767306,1570,0.706422018349,0.300000000000
964,train,0.821768140117,21.190113068000,0.829024186822,412,0.024186822352,0.300000000000
965,train,0.531192660550,3.656831741000,0.628023352794,1038,0.322768974145,0.300000000000
966,validation,-0.162468723937,-3.667666435000,0.076730608841,1726,0.797331109258,0.300000000000
967,holdout,-0.181567973311,-3.702226639000,0.023352793995,1535,0.683069224354,0.300000000000
968,train,0.452543786489,0.085018158000,0.522101751460,910,0.231859883236,0.300000000000
969,validation,0.499332777314,8.516065598000,0.707256046706,1552,0.693077564637,0.300000000000
970,holdout,0.658965804837,10.302603722000,0.729774812344,911,0.236030025021,0.300000000000
971,train,0.153294412010,-3.470193863000,0.161801501251,441,0.028356964137,0.300000000000
972,holdout,0.355296080067,2.614424706000,0.590492076731,1691,0.783986655546,0.300000000000
973,validation,0.261217681401,-0.681287766000,0.495412844037,1689,0.780650542118,0.300000000000
974,train,-0.041284403670,-3.352595329000,0.210175145955,1812,0.838198498749,0.300000000000
975,train,0.483069224354,8.305608749000,0.704753961635,1612,0.738949124270,0.300000000000
976,train,0.393327773144,-1.443522453000,0.452877397832,848,0.198498748957,0.300000000000
977,train,0.513094245204,14.878858566000,0.784820683903,2033,0.905754795663,0.300000000000
978,validation,0.555296080067,11.932977676000,0.748957464554,1488,0.645537948290,0.300000000000
979,train,0.768223519600,34.376857758000,0.894078398666,1161,0.419516263553,0.300000000000
980,validation,0.201000834028,-0.610289574000,0.498748957465,3423,0.992493744787,0.300000000000
981,train,-0.082902418682,-3.671042442000,0.044203502919,1163,0.423686405338,0.300000000000
982,validation,0.812176814012,28.941963196000,0.860717264387,773,0.161801501251,0.300000000000
983,holdout,0.025020850709,-3.672173500000,0.025020850709,90,0.000000000000,0.300000000000
984,holdout,0.613928273561,13.536306381000,0.774812343620,1305,0.536280233528,0.300000000000
985,holdout,0.858298582152,35.886604309000,0.906588824020,772,0.160967472894,0.300000000000
986,validation,0.137447873228,-2.931346893000,0.286071726439,1259,0.495412844037,0.300000000000
987,train,0.681567973311,35.408332825000,0.900750625521,1608,0.730608840701,0.300000000000
988,train,0.320934111760,-0.284088135000,0.512093411176,1461,0.637197664721,0.300000000000
989,holdout,0.652460383653,16.894330978000,0.799833194329,1248,0.491242702252,0.300000000000
990,train,0.938698915763,54.995536804000,0.982485404504,749,0.145954962469,0.300000000000
991,holdout,0.652627189324,23.812459946000,0.841534612177,1455,0.629691409508,0.300000000000
992,train,0.711092577148,39.236366272000,0.923269391159,1570,0.707256046706,0.300000000000
993,train,0.116513761468,-3.341610909000,0.216847372811,1061,0.334445371143,0.300000000000
994,train,0.328690575480,-1.206048965000,0.469557964971,1229,0.469557964971,0.300000000000
995,train,0.436280233528,1.588829041000,0.567139282736,1172,0.436196830692,0.300000000000
996,validation,0.782735613011,17.149595261000,0.804003336113,602,0.070892410342,0.300000000000
997,train,0.383402835696,4.855196476000,0.653878231860,2028,0.901584653878,0.300000000000
998,train,0.656713928274,17.180536270000,0.804837364470,1256,0.493744787323,0.300000000000
999,train,0.227439532944,-2.809683800000,0.310258548791,971,0.276063386155,0.300000000000
1000,train,0.004420350292,-3.667675018000,0.071726438699,902,0.224353628023,0.300000000000
1001,holdout,0.566638865721,20.040590286000,0.819849874896,1818,0.844036697248,0.300000000000
1002,train,0.398665554629,-1.827080727000,0.423686405338,627,0.083402835696,0.300000000000
1003,train,0.130358632193,-2.730920792000,0.322768974145,1483,0.641367806505,0.300000000000
1004,holdout,-0.094412010008,-3.670277596000,0.046705587990,1229,0.470391993328,0.300000000000
1005,validation,0.458048373645,3.607686996000,0.624687239366,1339,0.555462885738,0.300000000000
1006,train,0.317764804003,0.086056709000,0.522935779817,1535,0.683903252711,0.300000000000
1007,train,0.014595496247,-3.667697906000,0.065888240200,789,0.170975813178,0.300000000000
1008,validation,-0.013928273561,-3.664653778000,0.110925771476,1158,0.416180150125,0.300000000000
1009,train,0.301668056714,-1.292609215000,0.464553794829,1308,0.542952460384,0.300000000000
1010,train,-0.067055879900,-3.667593956000,0.102585487907,1346,0.565471226022,0.300000000000
1011,train,0.056463719766,-3.303277016000,0.226855713094,1348,0.567973311093,0.300000000000
1012,train,0.389157631359,3.945136070000,0.633861551293,1768,0.815679733111,0.300000000000
1013,train,0.536196830692,4.628156662000,0.650542118432,1107,0.381150959133,0.300000000000
1014,train,0.560300250209,25.597663879000,0.849040867389,2485,0.962468723937,0.300000000000
1015,validation,0.052710592160,-3.507979393000,0.149291075897,1037,0.321934945788,0.300000000000
1016,validation,0.394995829858,-1.503311157000,0.447039199333,790,0.173477898249,0.300000000000
1017,train,0.458048373645,4.253387451000,0.642201834862,1440,0.613844870726,0.300000000000
1018,holdout,0.535613010842,1.011898041000,0.549624687239,554,0.046705587990,0.300000000000
1019,validation,0.051292743953,-3.385601044000,0.200166805671,1260,0.496246872394,0.300000000000
1020,train,-0.260133444537,-3.723752975000,0.018348623853,2131,0.928273561301,0.300000000000
1021,validation,0.202168473728,-1.356171608000,0.462885738115,1879,0.869057547957,0.300000000000
1022,train,0.212176814012,-1.748311996000,0.432860717264,1611,0.735613010842,0.300000000000
1023,validation,0.001167639700,-3.131529808000,0.256880733945,1839,0.852376980817,0.300000000000
1024,holdout,0.112927439533,-3.250300407000,0.236030025021,1156,0.410341951626,0.300000000000
1025,validation,0.713511259383,22.337066650000,0.834862385321,1139,0.404503753128,0.300000000000
1026,validation,-0.200166805671,-3.667658806000,0.085070892410,2353,0.950792326939,0.300000000000
1027,train,0.311759799833,1.433074951000,0.560467055880,1781,0.829024186822,0.300000000000
1028,train,0.194245204337,-2.976402283000,0.281067556297,993,0.289407839867,0.300000000000
1029,train,0.745454545455,33.625125885000,0.891576313595,1242,0.487072560467,0.300000000000
1030,train,0.064553794829,-3.152200699000,0.252710592160,1453,0.627189324437,0.300000000000
1031,train,0.126355296080,-3.316016197000,0.225187656380,1051,0.329441201001,0.300000000000
1032,holdout,0.765638031693,21.075193405000,0.828190158465,866,0.208507089241,0.300000000000
1033,holdout,0.613344453711,11.268548965000,0.741451209341,1164,0.427022518766,0.300000000000
1034,train,-0.087322768974,-3.667840004000,0.062552126772,1262,0.499582985822,0.300000000000
1035,holdout,0.337781484570,1.612545013000,0.567973311093,1655,0.767306088407,0.300000000000
1036,train,0.514261884904,12.888935089000,0.763969974979,1787,0.832360300250,0.300000000000
1037,holdout,0.181651376147,-1.957530975000,0.407839866555,1643,0.753961634696,0.300000000000
1038,train,0.692577147623,34.987075806000,0.898248540450,1537,0.685571309425,0.300000000000
1039,train,0.683986655546,33.402935028000,0.887406171810,1530,0.678065054212,0.300000000000
1040,train,0.726355296080,34.535583496000,0.895746455379,1344,0.564637197665,0.300000000000
1041,train,0.918682235196,52.445358276000,0.974979149291,825,0.187656380317,0.300000000000
1042,validation,0.805004170142,30.900749207000,0.874061718098,909,0.230191826522,0.300000000000
1043,train,0.007339449541,-3.671121597000,0.040867389491,682,0.111759799833,0.300000000000
1044,train,0.687823185988,10.406172752000,0.730608840701,743,0.142618849041,0.300000000000
1045,train,0.018682235196,-3.671165466000,0.034195162636,561,0.051709758132,0.300000000000
1046,train,0.379232693912,3.946033001000,0.634695579650,1833,0.851542952460,0.300000000000
1047,train,0.869974979149,32.784927368000,0.885738115096,562,0.052543786489,0.300000000000
1048,train,0.327356130108,3.522418022000,0.621351125938,2663,0.979983319433,0.300000000000
1049,validation,0.195663052544,-0.756585121000,0.492910758966,3252,0.990825688073,0.300000000000
1050,validation,0.391909924937,-0.672865868000,0.496246872394,1066,0.347789824854,0.300000000000
1051,train,0.073227689741,-3.667594910000,0.101751459550,654,0.095079232694,0.300000000000
1052,train,0.415095913261,8.258106232000,0.703085904921,2452,0.959966638866,0.300000000000
1053,train,0.188407005838,-2.920425415000,0.290241868224,1064,0.339449541284,0.300000000000
1054,train,0.272143452877,1.416763306000,0.559633027523,2421,0.958298582152,0.300000000000
1055,train,-0.000166805671,-3.443743706000,0.173477898249,1375,0.578815679733,0.300000000000
1056,validation,-0.127105921601,-3.444245338000,0.172643869892,4229,0.999165971643,0.300000000000
1057,train,0.700750625521,11.122796059000,0.739783152627,717,0.130108423686,0.300000000000
1058,validation,0.295496246872,-1.779406548000,0.427856547123,1189,0.441201000834,0.300000000000
1059,train,0.287739783153,-2.371579170000,0.362802335279,931,0.250208507089,0.300000000000
1060,train,0.623102585488,31.705108643000,0.881567973311,1858,0.861551292744,0.300000000000
1061,train,0.662802335279,35.829574585000,0.905754795663,1744,0.809841534612,0.300000000000
1062,train,0.178732276897,-2.817406654000,0.306088407006,1163,0.424520433695,0.300000000000
1063,train,0.563302752294,3.969325542000,0.636363636364,916,0.243536280234,0.300000000000
1064,train,0.571476230192,6.200273514000,0.678065054212,1070,0.355296080067,0.300000000000
1065,holdout,0.258798999166,0.500661850000,0.533778148457,2081,0.916597164304,0.300000000000
1066,holdout,0.539699749791,3.857691288000,0.630525437865,1009,0.302752293578,0.300000000000
1067,holdout,0.818098415346,33.638992310000,0.892410341952,925,0.247706422018,0.300000000000
1068,holdout,0.160884070058,-2.902341843000,0.297748123436,1207,0.456213511259,0.300000000000
1069,train,-0.210592160133,-3.667672157000,0.073394495413,2305,0.946622185154,0.300000000000
1070,train,0.069224353628,-2.909518242000,0.296914095079,1650,0.758965804837,0.300000000000
1071,validation,0.062468723937,-2.858300209000,0.301918265221,1727,0.798165137615,0.300000000000
1072,holdout,-0.179733110926,-3.660317421000,0.116763969975,3087,0.988323603003,0.300000000000
1073,train,-0.132944120100,-3.486269951000,0.156797331109,2508,0.965804837364,0.300000000000
1074,train,0.413511259383,-0.229545593000,0.514595496247,1063,0.336947456214,0.300000000000
1075,train,0.400417014178,2.630754471000,0.591326105088,1460,0.636363636364,0.300000000000
1076,train,0.132443703086,-2.766051292000,0.318598832360,1449,0.620517097581,0.300000000000
1077,train,0.328690575480,-1.067868233000,0.479566305254,1263,0.502919099249,0.300000000000
1078,validation,-0.035863219349,-3.671120644000,0.041701417848,940,0.258548790659,0.300000000000
1079,holdout,0.375896580484,3.380164146000,0.616346955796,1732,0.801501251043,0.300000000000
1080,train,0.363302752294,-1.569800377000,0.445371142619,967,0.273561301084,0.300000000000
1081,holdout,0.397497914929,-0.484799385000,0.504587155963,1073,0.356964136781,0.300000000000
1082,train,-0.244120100083,-3.668169022000,0.055879899917,4428,1.000000000000,0.300000000000
1083,train,-0.066638865721,-3.667615891000,0.099249374479,1338,0.552960800667,0.300000000000
1084,train,0.611259382819,17.700370789000,0.808173477898,1498,0.656380316931,0.300000000000
1085,holdout,0.567806505421,10.539496422000,0.733944954128,1338,0.553794829024,0.300000000000
1086,train,-0.109507923269,-3.803065300000,0.013344453711,1153,0.409507923269,0.300000000000
1087,train,0.119099249374,-2.449394226000,0.350291909925,1661,0.770642201835,0.300000000000
1088,holdout,0.370475396163,3.894154072000,0.632193494579,1899,0.872393661384,0.300000000000
1089,train,0.238281901585,0.586522102000,0.536280233528,3428,0.993327773144,0.300000000000
1090,holdout,-0.012593828190,-3.152420998000,0.251876563803,1906,0.881567973311,0.300000000000
1091,train,0.610675562969,7.670907974000,0.694745621351,976,0.280233527940,0.300000000000
1092,validation,0.184403669725,-2.917694092000,0.292743953294,1089,0.361134278565,0.300000000000
1093,train,-0.069140950792,-3.667531967000,0.104253544621,1374,0.577981651376,0.300000000000
1094,train,0.861301084237,38.742805481000,0.919099249374,834,0.192660550459,0.300000000000
1095,train,0.049457881568,-2.923169136000,0.289407839867,1731,0.799833194329,0.300000000000
1096,train,0.634445371143,16.152307510000,0.794829024187,1304,0.534612176814,0.300000000000
1097,train,0.208757297748,-2.895123482000,0.298582151793,1006,0.299416180150,0.300000000000
1098,train,0.022935779817,-3.478763580000,0.159299416180,1205,0.454545454545,0.300000000000
1099,holdout,0.936613844871,43.306304932000,0.941618015013,376,0.016680567139,0.300000000000
1100,holdout,0.248874061718,-2.395181656000,0.356964136781,1088,0.360300250209,0.300000000000
1101,train,-0.157631359466,-3.671132088000,0.037531276063,1493,0.650542118432,0.300000000000
1102,holdout,0.208673894912,-1.622761726000,0.437864887406,1654,0.763969974979,0.300000000000
1103,train,0.586405337781,31.752687454000,0.882402001668,3031,0.986655546289,0.300000000000
1104,holdout,0.347206005004,0.023886681000,0.519599666389,1372,0.574645537948,0.300000000000
1105,train,0.355796497081,3.954516888000,0.635529608007,2174,0.932443703086,0.300000000000
1106,train,0.150708924103,-1.749032974000,0.431192660550,2185,0.934945788157,0.300000000000
1107,train,0.281234361968,-2.317328453000,0.372810675563,1016,0.305254378649,0.300000000000
1108,train,0.606755629691,25.501619339000,0.848206839033,1737,0.804837364470,0.300000000000
1109,train,-0.120100083403,-3.663964272000,0.112593828190,1684,0.775646371977,0.300000000000
1110,train,0.959549624687,49.286605835000,0.960800667223,258,0.004170141785,0.300000000000
1111,train,-0.046371976647,-3.664084435000,0.111759799833,1299,0.527105921601,0.300000000000
1112,train,0.407089241034,2.547140121000,0.587989991660,1415,0.603002502085,0.300000000000
1113,train,0.077064220183,-3.130236626000,0.257714762302,1414,0.602168473728,0.300000000000
1114,train,0.685321100917,13.428070068000,0.773144286906,995,0.292743953294,0.300000000000
1115,holdout,0.667973311093,20.322031021000,0.822351959967,1273,0.514595496247,0.300000000000
1116,train,0.381150959133,3.645916939000,0.626355296080,1769,0.817347789825,0.300000000000
1117,validation,0.202251876564,-2.409214973000,0.356130108424,1272,0.512927439533,0.300000000000
1118,holdout,0.293077564637,-2.684854507000,0.323603002502,663,0.101751459550,0.300000000000
1119,train,-0.004336947456,-3.164724350000,0.246872393661,1808,0.837364470392,0.300000000000
1120,train,0.505838198499,-0.320723534000,0.509591326105,349,0.012510425354,0.300000000000
1121,train,0.211759799833,-2.993267059000,0.276063386155,877,0.214345287740,0.300000000000
1122,train,0.314011676397,-0.580249786000,0.500417014178,1449,0.621351125938,0.300000000000
1123,train,0.177648040033,-3.428689003000,0.180150125104,307,0.008340283570,0.300000000000
1124,train,0.418932443703,-1.165668488000,0.473728106756,814,0.182652210175,0.300000000000
1125,holdout,0.702668890742,16.000144958000,0.793994995830,1015,0.304420350292,0.300000000000
1126,train,0.392910758966,-0.891886711000,0.486238532110,1030,0.311092577148,0.300000000000
1127,validation,0.548040033361,17.059423447000,0.801501251043,1818,0.844870725605,0.300000000000
1128,train,0.657297748123,26.403209686000,0.850708924103,1487,0.644703919933,0.300000000000
1129,validation,0.645621351126,26.445722580000,0.851542952460,1537,0.686405337781,0.300000000000
1130,validation,0.947873227690,66.820831299000,0.996663886572,773,0.162635529608,0.300000000000
1131,train,0.851125938282,36.966644287000,0.912427022519,852,0.204336947456,0.300000000000
1132,train,0.537698081735,16.250755310000,0.795663052544,1857,0.859883236030,0.300000000000
1133,train,0.764804003336,39.226181030000,0.922435362802,1297,0.525437864887,0.300000000000
1134,train,0.554462051710,3.626569748000,0.625521267723,912,0.236864053378,0.300000000000
1135,train,-0.184653878232,-3.667649269000,0.090075062552,2079,0.915763135947,0.300000000000
1136,train,0.381484570475,3.290138245000,0.612176814012,1659,0.768974145121,0.300000000000
1137,validation,0.179816513761,-2.139245033000,0.394495412844,1576,0.715596330275,0.300000000000
1138,train,0.555045871560,10.454175949000,0.731442869058,1385,0.587989991660,0.300000000000
1139,train,0.141117597998,-2.931242943000,0.287739783153,1244,0.488740617181,0.300000000000
1140,train,0.250792326939,-2.142524719000,0.393661384487,1231,0.476230191827,0.300000000000
1141,holdout,0.648123436197,41.294712067000,0.934111759800,2361,0.953294412010,0.300000000000
1142,train,0.773227689741,19.183002472000,0.816513761468,747,0.144286905755,0.300000000000
1143,train,0.421601334445,1.494988441000,0.562969140951,1229,0.471226021685,0.300000000000
1144,train,0.127105921601,-2.352873802000,0.365304420350,1716,0.793994995830,0.300000000000
1145,train,0.718765638032,13.384293556000,0.772310258549,797,0.178482068390,0.300000000000
1146,train,0.273394495413,-0.386378288000,0.507089241034,1687,0.778982485405,0.300000000000
1147,train,0.664053377815,9.858664513000,0.723102585488,845,0.196830692244,0.300000000000
1148,holdout,0.044954128440,-3.338569641000,0.219349457882,1377,0.581317764804,0.300000000000
1149,train,0.688490408674,14.647891045000,0.782318598832,1031,0.312760633862,0.300000000000
1150,train,-0.166638865721,-3.668170929000,0.050041701418,1600,0.722268557131,0.300000000000
1151,train,0.657381150959,35.090400696000,0.899082568807,1740,0.805671392827,0.300000000000
1152,train,0.572810675563,13.892774582000,0.778982485405,1537,0.687239366138,0.300000000000
1153,train,0.248457047540,-2.788100243000,0.315262718932,890,0.222685571309,0.300000000000
1154,train,0.660884070058,29.008060455000,0.861551292744,1525,0.668890742285,0.300000000000
1155,train,0.250125104254,-2.987142563000,0.276897414512,633,0.089241034195,0.300000000000
1156,train,0.579733110926,9.088458061000,0.713094245204,1194,0.444537114262,0.300000000000
1157,train,0.597664720601,4.933751583000,0.654712260217,830,0.190158465388,0.300000000000
1158,train,0.533944954128,4.934729576000,0.655546288574,1141,0.405337781485,0.300000000000
1159,train,0.570809007506,11.050924301000,0.738949124270,1341,0.560467055880,0.300000000000
1160,train,0.113928273561,-2.427589417000,0.353628023353,1730,0.798999165972,0.300000000000
1161,train,0.935112593828,51.479225159000,0.971643035863,705,0.121768140117,0.300000000000
1162,train,0.912176814012,54.450813293000,0.979983319433,904,0.226021684737,0.300000000000
1163,holdout,-0.056713928274,-3.671633720000,0.028356964137,980,0.283569641368,0.300000000000
1164,train,0.291576313595,-2.231325150000,0.383653044204,1019,0.306922435363,0.300000000000
1165,train,0.309090909091,-1.887359619000,0.413678065054,1066,0.348623853211,0.300000000000
1166,train,0.283486238532,2.097489357000,0.575479566305,2579,0.973311092577,0.300000000000
1167,train,0.375229357798,0.308839798000,0.532110091743,1292,0.522935779817,0.300000000000
1168,train,0.097164303586,-2.840514183000,0.303586321935,1538,0.688073394495,0.300000000000
1169,train,0.243035863219,-2.367385864000,0.363636363636,1137,0.402001668057,0.300000000000
1170,validation,0.272727272727,-1.844457626000,0.422852376981,1262,0.500417014178,0.300000000000
1171,validation,-0.132527105922,-3.462553024000,0.165971643036,3593,0.994995829858,0.300000000000
1172,train,-0.148540450375,-3.666519165000,0.108423686405,1854,0.856547122602,0.300000000000
1173,train,-0.090158465388,-3.368978500000,0.204336947456,2758,0.981651376147,0.300000000000
1174,train,0.727272727273,20.790019989000,0.824854045038,1039,0.325271059216,0.300000000000
1175,validation,0.192910758966,-0.901513100000,0.485404503753,2608,0.974979149291,0.300000000000
1176,holdout,0.526939115930,12.881747246000,0.763135946622,1695,0.787322768974,0.300000000000
1177,train,0.598582151793,6.298187733000,0.678899082569,953,0.267723102585,0.300000000000
1178,validation,0.674645537948,11.709094048000,0.743953294412,909,0.231025854879,0.300000000000
1179,validation,-0.071643035863,-3.393651962000,0.194328607173,1940,0.886572143453,0.300000000000
1180,train,-0.028023352794,-3.668030739000,0.060050041701,995,0.293577981651,0.300000000000
1181,holdout,-0.191576313595,-3.667054176000,0.105921601334,3366,0.991659716430,0.300000000000
1182,train,0.685904920767,37.517944336000,0.914095079233,1651,0.760633861551,0.300000000000
1183,train,0.156296914095,-3.429501534000,0.179316096747,613,0.076730608841,0.300000000000
1184,train,0.032193494579,-3.592118263000,0.134278565471,1064,0.340283569641,0.300000000000
1185,train,0.453461217681,2.492092133000,0.586321934946,1193,0.442869057548,0.300000000000
1186,train,0.603419516264,4.189023495000,0.639699749791,703,0.120934111760,0.300000000000
1187,train,-0.014678899083,-3.110248566000,0.261050875730,2083,0.919099249374,0.300000000000
1188,train,0.003336113428,-3.605559349000,0.130942452043,1163,0.425354462052,0.300000000000
1189,validation,0.579566305254,13.506123543000,0.773978315263,1490,0.648040033361,0.300000000000
1190,train,0.560050041701,1.943461418000,0.573811509591,536,0.045871559633,0.300000000000
1191,train,0.978982485405,76.666534424000,1.000000000000,598,0.070058381985,0.300000000000
1192,validation,0.480900750626,0.822357178000,0.545454545455,877,0.215179316097,0.300000000000
1193,train,0.918098415346,54.732147217000,0.981651376147,875,0.211843202669,0.300000000000
1194,train,0.543953294412,18.162380219000,0.810675562969,1949,0.889074228524,0.300000000000
1195,train,0.535613010842,6.194903374000,0.677231025855,1229,0.472060050042,0.300000000000
1196,train,0.736530442035,29.702161789000,0.864887406172,1164,0.427856547123,0.300000000000
1197,train,0.537281067556,5.696266651000,0.666388657214,1166,0.430358632193,0.300000000000
1198,train,0.142118432027,-2.553658485000,0.340283569641,1504,0.660550458716,0.300000000000
1199,train,0.598748957465,10.135262489000,0.728106755630,1166,0.431192660550,0.300000000000
