region_id,split,prediction,raw_prediction,prediction_rank,shortcut_count,shortcut_rank,cost_weight
0,validation,0.253711426188,3.765000343000,0.547956630525,2664,0.980817347790,0.300000000000
1,train,0.740283569641,31.712848663000,0.862385321101,1144,0.407005838198,0.300000000000
2,train,0.681401167640,32.885276794000,0.866555462886,1447,0.617180984153,0.300000000000
3,train,0.620683903253,14.002202988000,0.739783152627,1135,0.396997497915,0.300000000000
4,train,-0.237864887406,-1.241870880000,0.060884070058,3972,0.995829858215,0.300000000000
5,validation,0.956880733945,52.652420044000,0.966638865721,484,0.032527105922,0.300000000000
6,holdout,0.936030025021,49.447120667000,0.955796497081,594,0.065888240200,0.300000000000
7,train,0.370558798999,4.981216431000,0.572977481234,1529,0.674728940784,0.300000000000
8,train,0.302585487907,0.892499924000,0.428690575480,1162,0.420350291910,0.300000000000
9,train,0.702418682235,28.780380249000,0.854045037531,1266,0.505421184320,0.300000000000
10,validation,0.338198498749,3.995555401000,0.554628857381,1595,0.721434528774,0.300000000000
11,train,-0.054962468724,-6.984676361000,0.000834028357,824,0.185988323603,0.300000000000
12,train,0.566805671393,6.253786564000,0.613844870726,768,0.156797331109,0.300000000000
13,validation,0.228773978315,-0.290189743000,0.306088407006,939,0.257714762302,0.300000000000
14,train,-0.158048373645,-1.239139557000,0.068390325271,1644,0.754795663053,0.300000000000
15,holdout,0.443369474562,5.084217548000,0.577981651376,1200,0.448707256047,0.300000000000
16,train,0.350458715596,1.282073021000,0.459549624687,1093,0.363636363636,0.300000000000
17,holdout,-0.163052543786,-1.184043884000,0.135946622185,4097,0.996663886572,0.300000000000
18,train,0.215596330275,0.014202118000,0.341951626355,1162,0.421184320267,0.300000000000
19,train,0.221934945788,0.827457428000,0.422852376981,1526,0.669724770642,0.300000000000
20,train,0.205170975813,0.090024948000,0.350291909925,1238,0.483736447039,0.300000000000
21,train,0.444954128440,6.846261978000,0.626355296080,1419,0.604670558799,0.300000000000
22,train,0.698081734779,13.651209831000,0.735613010842,710,0.125104253545,0.300000000000
23,train,0.669974979149,13.472599030000,0.729774812344,849,0.199332777314,0.300000000000
24,validation,0.152293577982,0.112616539000,0.351959966639,1524,0.665554628857,0.300000000000
25,train,0.537698081735,9.979917526000,0.685571309425,1254,0.492910758966,0.300000000000
26,holdout,0.358798999166,0.641687393000,0.412844036697,812,0.180150125104,0.300000000000
27,holdout,0.465554628857,9.821115494000,0.677231025855,1570,0.705587989992,0.300000000000
28,train,0.271226021685,1.092388153000,0.445371142619,1377,0.580483736447,0.300000000000
29,train,0.035446205171,-1.180416107000,0.136780650542,1064,0.337781484570,0.300000000000
30,holdout,0.134695579650,0.529891968000,0.401167639700,1946,0.888240200167,0.300000000000
31,train,0.183903252711,0.467022896000,0.392827356130,1565,0.696413678065,0.300000000000
32,train,0.295412844037,1.474567413000,0.472060050042,1386,0.588824020017,0.300000000000
33,holdout,0.639783152627,22.127153397000,0.823185988324,1431,0.611342785655,0.300000000000
34,train,0.344537114262,2.619002342000,0.515429524604,1353,0.569641367807,0.300000000000
35,train,0.275396163470,4.476298332000,0.562135112594,2408,0.955796497081,0.300000000000
36,validation,0.509257714762,9.746162415000,0.673894912427,1326,0.548790658882,0.300000000000
37,validation,0.672643869892,14.383372307000,0.743953294412,913,0.237698081735,0.300000000000
38,train,0.735779816514,59.689392090000,0.987489574646,1813,0.839032527106,0.300000000000
39,validation,0.588824020017,8.266263962000,0.648874061718,849,0.200166805671,0.300000000000
40,holdout,0.889741451209,60.568908691000,0.993327773144,1066,0.345287739783,0.300000000000
41,validation,-0.096747289408,-1.238893509000,0.070892410342,1341,0.558798999166,0.300000000000
42,holdout,0.100333611343,-0.260542870000,0.315262718932,1577,0.716430358632,0.300000000000
43,train,0.681984987490,18.209495544000,0.789824854045,1079,0.359466221852,0.300000000000
44,train,0.129774812344,-0.847567558000,0.224353628023,1034,0.315262718932,0.300000000000
45,train,-0.160300250209,-1.207288742000,0.125938281902,2366,0.954128440367,0.300000000000
46,train,-0.030942452043,-0.789655685000,0.241034195163,2041,0.906588824020,0.300000000000
47,validation,0.882068390325,46.907356262000,0.949124270225,899,0.223519599666,0.300000000000
48,holdout,0.212593828190,-0.725417137000,0.251876563803,722,0.130942452043,0.300000000000
49,train,0.665471226022,20.721479416000,0.804837364470,1226,0.464553794829,0.300000000000
50,train,0.177731442869,-0.853196144000,0.223519599666,760,0.152627189324,0.300000000000
51,train,0.780984153461,35.844215393000,0.891576313595,1097,0.368640533778,0.300000000000
52,train,0.127439532944,0.027645111000,0.343619683069,1587,0.720600500417,0.300000000000
53,holdout,0.629441201001,33.885444641000,0.874895746455,1770,0.818181818182,0.300000000000
54,train,0.133778148457,-0.984147072000,0.176814011676,747,0.143452877398,0.300000000000
55,holdout,0.384403669725,9.088553429000,0.666388657214,2229,0.939949958299,0.300000000000
56,train,0.054795663053,-1.199052811000,0.130108423686,933,0.251042535446,0.300000000000
57,train,0.066805671393,-0.252451897000,0.317764804003,1808,0.836530442035,0.300000000000
58,train,0.046538782319,-1.245331764000,0.052543786489,389,0.020016680567,0.300000000000
59,validation,0.977731442869,62.666503906000,0.994995829858,577,0.057547956631,0.300000000000
60,train,0.609591326105,8.698235512000,0.658882402002,777,0.164303586322,0.300000000000
61,train,-0.136613844871,-1.241740227000,0.062552126772,1523,0.663886572143,0.300000000000
62,holdout,0.511259382819,12.454411507000,0.713928273561,1529,0.675562969141,0.300000000000
63,holdout,0.950875729775,51.966178894000,0.964136780651,534,0.044203502919,0.300000000000
64,train,0.617931609675,38.376617432000,0.907422852377,2507,0.964970809008,0.300000000000
65,train,0.052960800667,-1.185731888000,0.134278565471,964,0.271059216013,0.300000000000
66,train,0.425521267723,5.557922840000,0.587155963303,1307,0.538782318599,0.300000000000
67,train,0.560383653044,17.527029037000,0.782318598832,1613,0.739783152627,0.300000000000
68,train,0.883736447039,43.751388550000,0.933277731443,777,0.165137614679,0.300000000000
69,train,0.620934111760,33.181762695000,0.869891576314,1783,0.829858215179,0.300000000000
70,validation,0.326271893244,5.347043991000,0.582985821518,1854,0.855713094245,0.300000000000
71,holdout,0.318348623853,5.684603214000,0.591326105088,2056,0.909924937448,0.300000000000
72,train,0.585904920767,9.759498596000,0.674728940784,1000,0.296080066722,0.300000000000
73,train,0.468723936614,2.428612709000,0.508757297748,733,0.133444537114,0.300000000000
74,holdout,0.712010008340,16.225788116000,0.762301918265,785,0.167639699750,0.300000000000
75,validation,0.111926605505,-0.911499023000,0.206005004170,1032,0.313594662219,0.300000000000
76,train,0.223185988324,2.799774170000,0.517931609675,2777,0.982485404504,0.300000000000
77,train,0.480150125104,5.685926914000,0.592994161802,1101,0.376146788991,0.300000000000
78,train,0.284487072560,0.399700165000,0.382819015847,1045,0.327773144287,0.300000000000
79,validation,-0.191409507923,-1.238414764000,0.100083402836,2552,0.971643035863,0.300000000000
80,train,0.371559633028,7.146347046000,0.633027522936,1895,0.871559633028,0.300000000000
81,train,0.291409507923,0.448316574000,0.389491242702,1041,0.326939115930,0.300000000000
82,train,0.135029190992,0.501053810000,0.396997497915,1901,0.873227689741,0.300000000000
83,holdout,0.729357798165,16.823225021000,0.770642201835,737,0.137614678899,0.300000000000
84,train,0.804336947456,35.210021973000,0.884904086739,956,0.268557130942,0.300000000000
85,train,0.058131776480,-0.653220177000,0.258548790659,1525,0.668056713928,0.300000000000
86,validation,0.638115095913,23.635921478000,0.834028356964,1495,0.653044203503,0.300000000000
87,train,0.695746455379,12.281970024000,0.712260216847,570,0.055045871560,0.300000000000
88,holdout,0.385738115096,0.750639915000,0.417014178482,680,0.104253544621,0.300000000000
89,train,-0.163469557965,-1.268498421000,0.024186822352,1453,0.625521267723,0.300000000000
90,train,-0.027105921601,-1.238489151000,0.096747289408,1158,0.412844036697,0.300000000000
91,train,0.301251042535,5.454073906000,0.585487906589,2309,0.947456213511,0.300000000000
92,train,0.225521267723,1.789259911000,0.483736447039,1858,0.860717264387,0.300000000000
93,train,0.233194328607,0.480804443000,0.395329441201,1308,0.540450375313,0.300000000000
94,train,0.458882402002,2.919531822000,0.520433694746,854,0.205170975813,0.300000000000
95,train,-0.154045037531,-1.241704941000,0.063386155129,1603,0.724770642202,0.300000000000
96,train,0.849040867389,54.272834778000,0.974145120934,1159,0.417014178482,0.300000000000
97,train,0.055379482902,-1.072413445000,0.155963302752,1062,0.335279399500,0.300000000000
98,train,0.010925771476,-0.500996590000,0.274395329441,1903,0.878231859883,0.300000000000
99,train,-0.069808173478,-1.248593330000,0.040033361134,1094,0.366138448707,0.300000000000
100,train,0.669891576314,20.481136322000,0.804003336113,1198,0.447039199333,0.300000000000
101,validation,0.078648874062,0.007786751000,0.341117597998,1902,0.874895746455,0.300000000000
102,validation,0.204253544621,1.004079819000,0.436196830692,1665,0.773144286906,0.300000000000
103,train,0.157464553795,-0.947102547000,0.193494578816,702,0.120100083403,0.300000000000
104,train,0.028440366972,-0.515506744000,0.271893244370,1748,0.811509591326,0.300000000000
105,validation,0.740283569641,21.605493546000,0.817347789825,938,0.256880733945,0.300000000000
106,train,0.009090909091,-0.872961044000,0.218515429525,1566,0.698081734779,0.300000000000
107,train,-0.094578815680,-1.238547325000,0.090075062552,1443,0.615512927440,0.300000000000
108,holdout,-0.148707256047,-1.251030922000,0.026688907423,1381,0.584653878232,0.300000000000
109,validation,0.571976647206,13.562305450000,0.733110925771,1306,0.537114261885,0.300000000000
110,train,0.423769808173,3.084283829000,0.524603836530,1062,0.336113427857,0.300000000000
111,train,-0.180650542118,-1.236394882000,0.115095913261,3027,0.985821517932,0.300000000000
112,train,0.384820683903,6.131254673000,0.608006672227,1616,0.743953294412,0.300000000000
113,train,0.509924937448,18.022846222000,0.788156797331,2125,0.927439532944,0.300000000000
114,validation,0.948206839033,50.594863892000,0.957464553795,454,0.030859049208,0.300000000000
115,holdout,0.212510425354,0.623485565000,0.411175979983,1521,0.662218515430,0.300000000000
116,train,0.909090909091,42.505828857000,0.929107589658,594,0.066722268557,0.300000000000
117,holdout,0.693160967473,24.254709244000,0.836530442035,1234,0.477898248540,0.300000000000
118,train,0.216263552961,-0.410592079000,0.286071726439,911,0.232693911593,0.300000000000
119,train,0.082735613011,-1.065025330000,0.156797331109,922,0.246872393661,0.300000000000
120,train,0.872643869892,40.979366302000,0.919933277731,770,0.157631359466,0.300000000000
121,validation,0.053044203503,-0.503648758000,0.272727272727,1610,0.732276897415,0.300000000000
122,train,0.058298582152,-0.953278542000,0.192660550459,1199,0.447873227690,0.300000000000
123,validation,0.189407839867,0.133575439000,0.352793994996,1310,0.544620517098,0.300000000000
124,train,0.564637197665,27.095371246000,0.847372810676,2274,0.942452043369,0.300000000000
125,train,0.106005004170,-1.235065460000,0.116763969975,489,0.035863219349,0.300000000000
126,holdout,0.142535446205,-0.737656593000,0.249374478732,1071,0.356130108424,0.300000000000
127,validation,-0.087989991660,-1.238712311000,0.078398665555,1339,0.554628857381,0.300000000000
128,train,0.774478732277,26.705265045000,0.846538782319,914,0.240200166806,0.300000000000
129,train,0.410341951626,9.862733841000,0.680567139283,2028,0.900750625521,0.300000000000
130,holdout,0.193244370309,-0.003453255000,0.338615512927,1239,0.484570475396,0.300000000000
131,holdout,0.896413678065,46.778907776000,0.947456213511,789,0.170141784821,0.300000000000
132,train,0.438281901585,5.412303448000,0.584653878232,1243,0.487906588824,0.300000000000
133,train,-0.180316930776,-1.241875648000,0.058381984987,1726,0.795663052544,0.300000000000
134,train,0.151709758132,-1.087913513000,0.153461217681,292,0.005838198499,0.300000000000
135,train,0.820850708924,33.636016846000,0.872393661384,790,0.171809841535,0.300000000000
136,train,0.230775646372,0.276110649000,0.366138448707,1201,0.451209341118,0.300000000000
137,holdout,0.476730608841,1.933721542000,0.491242702252,556,0.048373644704,0.300000000000
138,holdout,-0.056296914095,-1.078056335000,0.155129274395,1569,0.704753961635,0.300000000000
139,validation,0.633194328607,9.858203888000,0.679733110926,766,0.155129274395,0.300000000000
140,train,0.115179316097,-0.928119659000,0.201000834028,987,0.286071726439,0.300000000000
141,train,0.658215179316,18.992504120000,0.794829024187,1206,0.455379482902,0.300000000000
142,train,0.240450375313,-0.136159897000,0.327773144287,995,0.291075896580,0.300000000000
143,holdout,0.581234361968,23.825151443000,0.835696413678,1820,0.848206839033,0.300000000000
144,validation,0.420683903253,1.052141190000,0.441201000834,595,0.068390325271,0.300000000000
145,train,0.629190992494,25.436759949000,0.842368640534,1572,0.710592160133,0.300000000000
146,train,0.196413678065,1.037416458000,0.440366972477,1765,0.813177648040,0.300000000000
147,train,0.576730608841,16.959575653000,0.773144286906,1496,0.654712260217,0.300000000000
148,train,0.607673060884,8.517444611000,0.652210175146,755,0.148457047540,0.300000000000
149,train,0.762218515430,34.661376953000,0.881567973311,1135,0.397831526272,0.300000000000
150,train,0.276814011676,0.365320206000,0.376146788991,1059,0.331109257715,0.300000000000
151,holdout,0.460133444537,2.288199425000,0.505421184320,756,0.150959132611,0.300000000000
152,train,0.496246872394,17.174222946000,0.776480400334,2179,0.934111759800,0.300000000000
153,train,0.833694745621,40.854198456000,0.918265221018,978,0.281901584654,0.300000000000
154,train,0.753878231860,27.130638123000,0.848206839033,1032,0.314428690575,0.300000000000
155,train,0.760967472894,38.222297668000,0.906588824020,1240,0.485404503753,0.300000000000
156,train,0.453961634696,3.482629776000,0.538782318599,978,0.282735613011,0.300000000000
157,validation,0.963636363636,53.651557922000,0.971643035863,427,0.026688907423,0.300000000000
158,train,0.320850708924,5.259118557000,0.581317764804,1875,0.868223519600,0.300000000000
159,train,-0.236113427857,-1.280019760000,0.023352793995,1867,0.864887406172,0.300000000000
160,train,-0.222101751460,-1.504629135000,0.013344453711,1693,0.784820683903,0.300000000000
161,train,0.525521267723,3.395865440000,0.533778148457,427,0.027522935780,0.300000000000
162,validation,-0.161551292744,-1.238497734000,0.095913261051,1857,0.858215179316,0.300000000000
163,train,0.192910758966,-0.601523399000,0.265221017515,914,0.241034195163,0.300000000000
164,train,0.303502919099,2.490428925000,0.510425354462,1542,0.689741451209,0.300000000000
165,train,-0.023352793995,-1.248397827000,0.044203502919,904,0.225187656380,0.300000000000
166,train,0.578565471226,8.016481400000,0.641367806505,871,0.209341117598,0.300000000000
167,validation,0.180233527940,0.582633018000,0.406171809842,1642,0.753127606339,0.300000000000
168,validation,-0.130025020851,-1.163651466000,0.140950792327,2032,0.903252710592,0.300000000000
169,train,-0.105254378649,-0.976474762000,0.178482068390,2299,0.945788156797,0.300000000000
170,train,0.316430358632,1.934679985000,0.492076730609,1383,0.585487906589,0.300000000000
171,train,0.127022518766,0.510152817000,0.399499582986,2046,0.908256880734,0.300000000000
172,validation,0.824103419516,28.986618042000,0.854879065888,668,0.102585487907,0.300000000000
173,train,-0.151959966639,-1.238274574000,0.106755629691,1860,0.862385321101,0.300000000000
174,holdout,0.473311092577,2.258516312000,0.502085070892,655,0.095913261051,0.300000000000
175,train,-0.027022518766,-5.638513565000,0.002502085071,659,0.098415346122,0.300000000000
176,train,0.780733944954,52.836677551000,0.969140950792,1454,0.628023352794,0.300000000000
177,train,0.174562135113,1.174446106000,0.454545454545,2175,0.933277731443,0.300000000000
178,validation,0.135279399500,0.245964050000,0.361968306922,1645,0.755629691410,0.300000000000
179,validation,0.204753961635,-0.609633446000,0.263552960801,845,0.195996663887,0.300000000000
180,validation,0.318265221018,0.770008087000,0.417848206839,1059,0.331943286072,0.300000000000
181,train,0.070975813178,-0.802484512000,0.239366138449,1343,0.561301084237,0.300000000000
182,train,0.534612176814,17.675470352000,0.784820683903,1790,0.834028356964,0.300000000000
183,train,0.329274395329,1.733503342000,0.480400333611,1264,0.503753127606,0.300000000000
184,train,0.527939949958,3.659410477000,0.542952460384,559,0.050041701418,0.300000000000
185,validation,0.566722268557,14.096072197000,0.740617180984,1376,0.579649708090,0.300000000000
186,train,0.193911592994,-0.384450912000,0.290241868224,1037,0.321100917431,0.300000000000
187,train,0.601668056714,24.702169418000,0.837364470392,1693,0.785654712260,0.300000000000
188,holdout,0.711259382819,32.991256714000,0.867389491243,1287,0.520433694746,0.300000000000
189,train,0.532026688907,21.294078827000,0.811509591326,2174,0.931609674729,0.300000000000
190,train,0.513844870726,10.524326324000,0.692243536280,1399,0.594662218515,0.300000000000
191,validation,-0.153044203503,-1.248586655000,0.040867389491,1489,0.646371976647,0.300000000000
192,train,0.284487072560,4.831624985000,0.567973311093,2289,0.944954128440,0.300000000000
193,train,0.258048373645,-0.293564796000,0.303586321935,759,0.151793160967,0.300000000000
194,train,-0.107589658048,-1.241878510000,0.057547956631,1337,0.550458715596,0.300000000000
195,train,0.062635529608,-0.431599617000,0.283569641368,1612,0.736447039199,0.300000000000
196,train,0.057297748123,-0.967436790000,0.182652210175,1161,0.417848206839,0.300000000000
197,train,0.962218515430,54.351776123000,0.974979149291,527,0.042535446205,0.300000000000
198,train,-0.028940783987,-1.244146347000,0.053377814846,968,0.274395329441,0.300000000000
199,train,0.074645537948,0.237948418000,0.361134278565,2393,0.954962468724,0.300000000000
200,validation,0.036530442035,-1.120899200000,0.150125104254,1106,0.378648874062,0.300000000000
201,train,0.696080066722,27.857223511000,0.853211009174,1296,0.523769808173,0.300000000000
202,train,0.908840700584,46.728004456000,0.946622185154,710,0.125938281902,0.300000000000
203,validation,0.322602168474,6.493426800000,0.618849040867,3047,0.987489574646,0.300000000000
204,holdout,0.005671392827,-1.236946106000,0.114261884904,1090,0.361968306922,0.300000000000
205,train,0.489658048374,16.423717499000,0.765638031693,2085,0.919933277731,0.300000000000
206,holdout,0.249874895746,-0.669948578000,0.256880733945,410,0.023352793995,0.300000000000
207,train,0.496497080901,8.515168190000,0.651376146789,1276,0.516263552961,0.300000000000
208,train,0.921434528774,52.750053406000,0.967472894078,763,0.153461217681,0.300000000000
209,train,-0.174061718098,-1.238357544000,0.103419516264,2123,0.924937447873,0.300000000000
210,train,0.073394495413,-0.966114044000,0.183486238532,1094,0.366972477064,0.300000000000
211,holdout,0.705838198499,35.233707428000,0.885738115096,1413,0.599666388657,0.300000000000
212,train,0.150458715596,-0.033799171000,0.336113427857,1449,0.618849040867,0.300000000000
213,train,-0.056964136781,-5.413360596000,0.003336113428,850,0.201000834028,0.300000000000
214,train,0.645621351126,14.111320496000,0.741451209341,1036,0.319432860717,0.300000000000
215,validation,0.932110091743,48.429115295000,0.951626355296,593,0.065054211843,0.300000000000
216,validation,0.077064220183,-0.643714905000,0.260216847373,1425,0.610508757298,0.300000000000
217,train,0.936530442035,59.776832581000,0.988323603003,790,0.172643869892,0.300000000000
218,holdout,0.589908256881,26.133195877000,0.844870725605,1833,0.849874895746,0.300000000000
219,validation,0.380900750626,5.074799061000,0.576313594662,1494,0.651376146789,0.300000000000
220,train,0.279149291076,-0.293521881000,0.304420350292,628,0.084236864053,0.300000000000
221,train,0.156547122602,-0.974650383000,0.179316096747,612,0.075896580484,0.300000000000
222,train,0.167806505421,0.199817657000,0.359466221852,1463,0.638865721435,0.300000000000
223,holdout,0.613844870726,16.741029739000,0.768974145121,1277,0.517097581318,0.300000000000
224,holdout,0.504920767306,19.156431198000,0.795663052544,2515,0.969140950792,0.300000000000
225,train,0.571809841535,29.409847260000,0.856547122602,2313,0.949124270225,0.300000000000
226,train,0.278899082569,0.798366547000,0.419516263553,1229,0.468723936614,0.300000000000
227,holdout,0.160800667223,-0.751479149000,0.246872393661,987,0.286905754796,0.300000000000
228,train,0.197414512093,-0.922157288000,0.202668890742,379,0.017514595496,0.300000000000
229,train,0.310675562969,0.657007217000,0.414512093411,1066,0.346121768140,0.300000000000
230,holdout,0.023102585488,-0.902552605000,0.211009174312,1453,0.626355296080,0.300000000000
231,train,0.559799833194,23.091419220000,0.829024186822,1994,0.897414512093,0.300000000000
232,holdout,0.098999165972,-0.905492783000,0.209341117598,1094,0.367806505421,0.300000000000
233,train,0.458548790659,8.043625832000,0.642201834862,1432,0.612176814012,0.300000000000
234,holdout,0.747873227690,23.629005432000,0.833194328607,982,0.284403669725,0.300000000000
235,train,-0.068723936614,-1.432195663000,0.018348623853,994,0.290241868224,0.300000000000
236,train,0.601000834028,19.641368866000,0.798165137615,1499,0.657214345288,0.300000000000
237,validation,0.042201834862,-1.239139557000,0.069224353628,634,0.090075062552,0.300000000000
238,train,0.607506255213,13.941790581000,0.738115095913,1172,0.435362802335,0.300000000000
239,validation,0.715512927440,14.936935425000,0.752293577982,706,0.122602168474,0.300000000000
240,holdout,0.607506255213,14.517167091000,0.745621351126,1210,0.460383653044,0.300000000000
241,train,0.317764804003,0.618429184000,0.410341951626,1026,0.308590492077,0.300000000000
242,train,0.228190158465,1.139354706000,0.452877397832,1623,0.748957464554,0.300000000000
243,validation,0.806005004170,22.508663177000,0.824020016681,580,0.060050041701,0.300000000000
244,train,0.116180150125,-0.819773674000,0.236030025021,1137,0.399499582986,0.300000000000
245,validation,-0.076480400334,-1.265906334000,0.025854879066,1065,0.341117597998,0.300000000000
246,train,0.343119266055,1.840483665000,0.486238532110,1232,0.477064220183,0.300000000000
247,train,0.856296914095,35.078506470000,0.884070058382,651,0.092577147623,0.300000000000
248,train,0.491826522102,13.384270668000,0.724770642202,1685,0.776480400334,0.300000000000
249,holdout,0.435779816514,1.447722435000,0.469557964971,683,0.112593828190,0.300000000000
250,train,0.959466221852,52.230247498000,0.964970809008,381,0.018348623853,0.300000000000
251,train,0.733110925771,15.535396576000,0.755629691410,610,0.075062552127,0.300000000000
252,validation,-0.191576313595,-1.238528252000,0.093411175980,2341,0.949958298582,0.300000000000
253,train,-0.149874895746,-1.163860321000,0.140116763970,2509,0.966638865721,0.300000000000
254,train,0.932860717264,46.192802429000,0.944120100083,504,0.037531276063,0.300000000000
255,holdout,0.582485404504,22.546928406000,0.825688073394,1745,0.810675562969,0.300000000000
256,train,0.278482068390,1.196511269000,0.455379482902,1386,0.589658048374,0.300000000000
257,train,0.322435362802,5.079694748000,0.577147623019,1825,0.849040867389,0.300000000000
258,train,0.581567973311,20.323057175000,0.801501251043,1610,0.733110925771,0.300000000000
259,train,0.527189324437,8.997450829000,0.665554628857,1210,0.461217681401,0.300000000000
260,train,0.430025020851,1.306797981000,0.462051709758,681,0.106755629691,0.300000000000
261,holdout,0.646455379483,16.525434494000,0.767306088407,1139,0.402835696414,0.300000000000
262,train,0.591492910759,24.882556915000,0.838198498749,1773,0.822351959967,0.300000000000
263,train,-0.035279399500,-0.998802185000,0.170141784821,1537,0.684737281068,0.300000000000
264,train,0.244954128440,3.477907181000,0.537948290242,2625,0.976647206005,0.300000000000
265,train,0.813177648040,25.480270386000,0.843202668891,660,0.100083402836,0.300000000000
266,train,0.172226855713,1.098074913000,0.446205170976,2076,0.913261050876,0.300000000000
267,train,0.212593828190,0.882747650000,0.427022518766,1576,0.714762301918,0.300000000000
268,train,0.088824020017,0.205636024000,0.360300250209,2033,0.904920767306,0.300000000000
269,train,0.480817347790,12.002811432000,0.709758131776,1653,0.763135946622,0.300000000000
270,train,-0.171476230192,-1.238237381000,0.109257714762,2187,0.935779816514,0.300000000000
271,train,0.182902418682,0.841464043000,0.425354462052,1744,0.808173477898,0.300000000000
272,train,0.491159299416,9.578693390000,0.670558798999,1412,0.597998331943,0.300000000000
273,holdout,0.544537114262,7.360054970000,0.636363636364,1018,0.306088407006,0.300000000000
274,train,0.127356130108,-1.154872894000,0.145120934112,579,0.059216013344,0.300000000000
275,train,0.106839032527,-1.238208771000,0.110091743119,344,0.010842368641,0.300000000000
276,validation,0.038448707256,-0.248929024000,0.319432860717,2216,0.936613844871,0.300000000000
277,train,0.473728106756,12.063401222000,0.711426188490,1712,0.792326939116,0.300000000000
278,holdout,-0.062385321101,-1.619550705000,0.009174311927,913,0.238532110092,0.300000000000
279,train,0.379649708090,3.288084984000,0.528773978315,1262,0.497080900751,0.300000000000
280,train,-0.203919933278,-1.248975754000,0.032527105922,1699,0.788156797331,0.300000000000
281,validation,0.095579649708,-0.109481812000,0.332777314429,1703,0.790658882402,0.300000000000
282,validation,0.162468723937,0.095019341000,0.351125938282,1455,0.628857381151,0.300000000000
283,holdout,0.674478732277,9.864471436000,0.682235195997,426,0.025854879066,0.300000000000
284,holdout,0.307339449541,-0.213358879000,0.323603002502,565,0.054211843203,0.300000000000
285,validation,0.648790658882,20.113004684000,0.800667222686,1267,0.506255212677,0.300000000000
286,train,0.018432026689,-0.989503860000,0.174311926606,1286,0.519599666389,0.300000000000
287,holdout,0.506005004170,3.732549667000,0.546288573812,733,0.134278565471,0.300000000000
288,train,0.580066722269,13.480442047000,0.731442869058,1264,0.504587155963,0.300000000000
289,validation,0.014428690575,-1.203145027000,0.126772310259,1100,0.374478732277,0.300000000000
290,train,-0.022602168474,-1.238597870000,0.086738949124,1093,0.364470391993,0.300000000000
291,validation,0.285988323603,1.498494148000,0.475396163470,1457,0.631359466222,0.300000000000
292,train,0.257881567973,0.028168678000,0.344453711426,990,0.288573811510,0.300000000000
293,train,0.859716430359,44.314971924000,0.935779816514,934,0.253544620517,0.300000000000
294,train,0.718515429525,16.418666840000,0.764804003336,764,0.154295246038,0.300000000000
295,train,-0.025938281902,-1.171137810000,0.138448707256,1323,0.547956630525,0.300000000000
296,validation,0.010175145955,-1.248510361000,0.041701417848,680,0.105087572977,0.300000000000
297,holdout,0.719349457882,37.515949249000,0.903252710592,1435,0.613010842369,0.300000000000
298,train,0.157547956631,0.981742859000,0.434528773978,2117,0.923269391159,0.300000000000
299,train,0.382985821518,3.473529816000,0.537114261885,1273,0.513761467890,0.300000000000
300,train,0.441784820684,10.748332977000,0.694745621351,1817,0.843202668891,0.300000000000
301,holdout,-0.039699749791,-0.905720711000,0.208507089241,1781,0.827356130108,0.300000000000
302,validation,0.113177648040,-1.134488106000,0.148457047540,687,0.117597998332,0.300000000000
303,train,-0.211009174312,-1.248814583000,0.036697247706,1776,0.825688073394,0.300000000000
304,validation,0.298415346122,1.222251892000,0.457047539616,1301,0.528773978315,0.300000000000
305,train,0.966055045872,63.189590454000,0.995829858215,659,0.099249374479,0.300000000000
306,train,0.157297748123,-0.953357697000,0.191826522102,685,0.115095913261,0.300000000000
307,train,0.594995829858,21.910514832000,0.820683903253,1630,0.752293577982,0.300000000000
308,train,0.159466221852,-0.502773285000,0.273561301084,1107,0.380316930776,0.300000000000
309,train,0.042535446205,-0.292520523000,0.305254378649,1902,0.875729774812,0.300000000000
310,train,0.015679733111,-1.154971123000,0.144286905755,1165,0.428690575480,0.300000000000
311,train,0.622852376981,36.961696625000,0.901584653878,2167,0.929107589658,0.300000000000
312,train,0.229524603837,-0.807756424000,0.238532110092,451,0.030025020851,0.300000000000
313,train,-0.036780650542,-0.829743385000,0.232693911593,1997,0.898248540450,0.300000000000
314,train,0.595079232694,34.061195374000,0.876563803169,2223,0.938281901585,0.300000000000
315,train,0.113094245204,0.368004799000,0.377814845705,1908,0.882402001668,0.300000000000
316,train,0.063386155129,-0.125428200000,0.331109257715,1982,0.892410341952,0.300000000000
317,train,0.153127606339,0.029221535000,0.345287739783,1466,0.640533778148,0.300000000000
318,train,0.488573811510,5.271883965000,0.582151793161,1031,0.311926605505,0.300000000000
319,train,0.657381150959,10.937999725000,0.698915763136,737,0.138448707256,0.300000000000
320,train,0.010008340284,-0.432769775000,0.282735613011,2049,0.909090909091,0.300000000000
321,holdout,0.705004170142,25.018577576000,0.839866555463,1200,0.449541284404,0.300000000000
322,train,0.426271893244,1.132295609000,0.452043369475,630,0.085904920767,0.300000000000
323,holdout,0.850291909925,42.223880768000,0.926605504587,934,0.254378648874,0.300000000000
324,train,0.897331109258,51.123649597000,0.959132610509,855,0.206005004170,0.300000000000
325,train,0.722018348624,14.215949059000,0.742285237698,594,0.067556296914,0.300000000000
326,validation,0.710925771476,16.836334229000,0.771476230192,850,0.201834862385,0.300000000000
327,holdout,0.063135946622,-0.862742424000,0.221017514595,1298,0.526271893244,0.300000000000
328,train,0.427272727273,3.417469978000,0.534612176814,1074,0.357798165138,0.300000000000
329,train,0.801501251043,39.756347656000,0.914095079233,1100,0.375312760634,0.300000000000
330,train,0.554962468724,4.021673679000,0.555462885738,118,0.001668056714,0.300000000000
331,train,-0.171226021685,-1.247922897000,0.049207673061,1611,0.734778982485,0.300000000000
332,train,0.795663052544,27.454559326000,0.850708924103,819,0.183486238532,0.300000000000
333,train,0.694578815680,18.297353745000,0.790658882402,1036,0.320266889074,0.300000000000
334,train,0.865137614679,42.733825684000,0.929941618015,878,0.216013344454,0.300000000000
335,train,0.502919099249,3.447094917000,0.535446205171,682,0.108423686405,0.300000000000
336,train,0.225271059216,1.989405632000,0.493744787323,1990,0.894912427023,0.300000000000
337,train,0.355212677231,0.365602493000,0.376980817348,608,0.072560467056,0.300000000000
338,holdout,0.521267723103,13.470001221000,0.728940783987,1547,0.692243536280,0.300000000000
339,train,0.366305254379,1.974772453000,0.492910758966,1163,0.422018348624,0.300000000000
340,holdout,0.698331943286,14.801542282000,0.750625521268,791,0.174311926606,0.300000000000
341,holdout,0.724854045038,44.738822937000,0.938281901585,1572,0.711426188490,0.300000000000
342,train,0.360717264387,7.969445229000,0.639699749791,2167,0.929941618015,0.300000000000
343,holdout,0.237447873228,0.018585205000,0.342785654712,1069,0.351125938282,0.300000000000
344,train,0.841451209341,41.055412292000,0.920767306088,948,0.264386989158,0.300000000000
345,validation,0.604503753128,17.112039566000,0.775646371977,1360,0.570475396163,0.300000000000
346,train,0.101417848207,-1.238282204000,0.105921601334,366,0.015012510425,0.300000000000
347,validation,0.126438698916,0.596063614000,0.408673894912,2231,0.940783986656,0.300000000000
348,holdout,0.169808173478,-0.243413925000,0.321934945788,1267,0.507089241034,0.300000000000
349,train,0.093327773144,0.392014503000,0.380316930776,2409,0.956630525438,0.300000000000
350,holdout,0.213344453711,1.406362534000,0.467055879900,1819,0.845704753962,0.300000000000
351,validation,-0.211009174312,-3.873214722000,0.006672226856,1604,0.725604670559,0.300000000000
352,train,0.512427022519,6.044497013000,0.605504587156,1030,0.310258548791,0.300000000000
353,train,0.261217681401,4.233185768000,0.557964970809,3100,0.989157631359,0.300000000000
354,train,0.252710592160,1.338296890000,0.462885738115,1567,0.700583819850,0.300000000000
355,train,0.898748957465,41.584022522000,0.923269391159,622,0.081734778982,0.300000000000
356,train,0.340700583820,3.696198463000,0.544620517098,1533,0.679733110926,0.300000000000
357,train,0.092910758966,-1.232544899000,0.120934111760,653,0.093411175980,0.300000000000
358,train,0.144453711426,-0.623989105000,0.261050875730,1123,0.388657214345,0.300000000000
359,validation,0.925187656380,47.656799316000,0.949958298582,625,0.082568807339,0.300000000000
360,train,0.332777314429,0.892117500000,0.427856547123,1035,0.316930775646,0.300000000000
361,train,-0.067806505421,-1.238488197000,0.097581317765,1337,0.551292743953,0.300000000000
362,validation,-0.046038365304,-1.238976479000,0.070058381985,1122,0.386989157631,0.300000000000
363,train,0.789574645538,21.788627625000,0.819849874896,662,0.100917431193,0.300000000000
364,train,0.835863219349,41.736782074000,0.924937447873,1001,0.296914095079,0.300000000000
365,train,0.224687239366,-0.615007401000,0.262718932444,710,0.126772310259,0.300000000000
366,train,0.593077564637,8.203464508000,0.646371976647,797,0.177648040033,0.300000000000
367,train,0.592326939116,16.334163666000,0.763969974979,1372,0.572143452877,0.300000000000
368,train,-0.170975813178,-1.291872025000,0.021684737281,1485,0.642201834862,0.300000000000
369,train,0.405587989992,6.208659649000,0.613010842369,1544,0.691409507923,0.300000000000
370,train,0.503252710592,3.871562958000,0.551292743953,772,0.160133444537,0.300000000000
371,train,0.235446205171,0.993243217000,0.435362802335,1524,0.666388657214,0.300000000000
372,train,0.048457047540,-1.238420486000,0.099249374479,788,0.169307756464,0.300000000000
373,train,0.284987489575,5.072681904000,0.575479566305,2512,0.968306922435,0.300000000000
374,train,0.546538782319,10.372304916000,0.688907422852,1231,0.474562135113,0.300000000000
375,train,-0.039282735613,-1.023206711000,0.165137614679,1535,0.681401167640,0.300000000000
376,validation,0.460550458716,1.996541977000,0.494578815680,684,0.113427856547,0.300000000000
377,train,0.438198498749,1.687313080000,0.478732276897,733,0.135112593828,0.300000000000
378,train,0.576814011676,13.095407486000,0.721434528774,1236,0.482068390325,0.300000000000
379,train,-0.194578815680,-1.249086380000,0.030859049208,1629,0.751459549625,0.300000000000
380,train,0.463719766472,5.113443851000,0.578815679733,1113,0.383653044204,0.300000000000
381,train,0.024020016681,-1.005105019000,0.167639699750,1234,0.478732276897,0.300000000000
382,train,-0.140200166806,-1.238297462000,0.104253544621,1768,0.814845704754,0.300000000000
383,holdout,0.022101751460,-1.250285149000,0.028356964137,400,0.020850708924,0.300000000000
384,holdout,0.207839866555,-0.831666946000,0.229357798165,607,0.071726438699,0.300000000000
385,holdout,0.860800667223,35.576942444000,0.889074228524,653,0.094245204337,0.300000000000
386,holdout,0.144120100083,0.810584068000,0.420350291910,2086,0.920767306088,0.300000000000
387,train,0.532276897415,9.774658203000,0.676396997498,1235,0.480400333611,0.300000000000
388,holdout,0.479566305254,13.031454086000,0.719766472060,1732,0.800667222686,0.300000000000
389,train,0.273978315263,4.477625370000,0.562969140951,2502,0.963302752294,0.300000000000
390,train,-0.074311926606,-1.211379051000,0.125104253545,1523,0.664720600500,0.300000000000
391,validation,0.217431192661,1.424396515000,0.467889908257,1794,0.834862385321,0.300000000000
392,train,0.707005838198,22.041076660000,0.822351959967,1115,0.384487072560,0.300000000000
393,train,-0.026438698916,-0.960984230000,0.185988323603,1571,0.708090075063,0.300000000000
394,train,0.214095079233,0.331523895000,0.369474562135,1278,0.517931609675,0.300000000000
395,train,0.809090909091,43.688636780000,0.932443703086,1157,0.411175979983,0.300000000000
396,holdout,0.700166805671,43.973983765000,0.934111759800,1688,0.779816513761,0.300000000000
397,train,0.001501251043,-0.667774200000,0.257714762302,1847,0.854045037531,0.300000000000
398,train,0.402668890742,1.457401276000,0.471226021685,907,0.228523769808,0.300000000000
399,validation,0.703085904921,18.448467255000,0.793160967473,1007,0.300250208507,0.300000000000
400,validation,0.004003336113,-1.178731918000,0.137614678899,1197,0.445371142619,0.300000000000
401,train,0.673394495413,15.892875671000,0.758965804837,983,0.285237698082,0.300000000000
402,holdout,-0.006505421184,-1.246335983000,0.050041701418,826,0.188490408674,0.300000000000
403,train,0.449207673061,5.651448727000,0.588824020017,1226,0.465387823186,0.300000000000
404,train,0.652793994996,8.565438271000,0.655546288574,312,0.009174311927,0.300000000000
405,train,0.920433694746,45.477416992000,0.942452043369,608,0.073394495413,0.300000000000
406,train,0.021100917431,-0.403187752000,0.288573811510,1953,0.891576313595,0.300000000000
407,train,0.872727272727,42.878040314000,0.930775646372,837,0.193494578816,0.300000000000
408,validation,-0.109424520434,-1.238543510000,0.091743119266,1526,0.670558798999,0.300000000000
409,train,-0.148957464554,-1.238621712000,0.084236864053,1686,0.777314428691,0.300000000000
410,train,0.111426188490,-0.259148598000,0.316096747289,1535,0.682235195997,0.300000000000
411,holdout,0.236697247706,-0.484199524000,0.275229357798,712,0.128440366972,0.300000000000
412,holdout,0.278732276897,4.353389740000,0.560467055880,2226,0.939115929942,0.300000000000
413,train,0.037864887406,-0.755175591000,0.246038365304,1554,0.693911592994,0.300000000000
414,train,0.131109257715,0.138722420000,0.355296080067,1618,0.747289407840,0.300000000000
415,train,0.486738949124,6.047643185000,0.606338615513,1135,0.398665554629,0.300000000000
416,train,0.274895746455,3.746673107000,0.547122602168,2043,0.907422852377,0.300000000000
417,train,0.262885738115,-0.409760475000,0.286905754796,620,0.080066722269,0.300000000000
418,train,0.888573811510,49.340782166000,0.954128440367,884,0.218515429525,0.300000000000
419,holdout,0.811843202669,40.613540649000,0.917431192661,1069,0.351959966639,0.300000000000
420,train,0.025938281902,-1.238555908000,0.089241034195,875,0.211009174312,0.300000000000
421,train,0.036864053378,-1.248223305000,0.048373644704,508,0.038365304420,0.300000000000
422,train,0.041618015013,-0.776694298000,0.243536280234,1528,0.673060884070,0.300000000000
423,validation,0.894745621351,47.863655090000,0.950792326939,824,0.186822351960,0.300000000000
424,validation,0.003753127606,-0.915923119000,0.205170975813,1526,0.671392827356,0.300000000000
425,train,0.528356964137,9.619278908000,0.672226855713,1234,0.479566305254,0.300000000000
426,train,0.054962468724,-0.886871338000,0.214345287740,1303,0.531276063386,0.300000000000
427,train,0.598832360300,10.996529579000,0.701417848207,1065,0.341951626355,0.300000000000
428,train,0.047456213511,-0.387087822000,0.289407839867,1741,0.806505421184,0.300000000000
429,validation,0.117014178482,0.087733269000,0.349457881568,1684,0.774812343620,0.300000000000
430,train,0.781567973311,35.859462738000,0.892410341952,1097,0.369474562135,0.300000000000
431,train,0.291993327773,0.577271461000,0.405337781485,1105,0.377814845705,0.300000000000
432,train,-0.234778982485,-1.583672523000,0.011676396997,1771,0.821517931610,0.300000000000
433,holdout,0.548206839033,8.523254395000,0.653044203503,1067,0.349457881568,0.300000000000
434,train,0.284653878232,-0.311962128000,0.299416180150,558,0.049207673061,0.300000000000
435,train,0.305337781485,0.350177765000,0.371142618849,884,0.219349457882,0.300000000000
436,validation,0.825437864887,42.310501099000,0.928273561301,1065,0.342785654712,0.300000000000
437,train,0.264553794829,0.032306671000,0.346121768140,964,0.271893244370,0.300000000000
438,train,0.343869891576,6.029258251000,0.603836530442,1871,0.866555462886,0.300000000000
439,train,0.032777314429,-1.239581108000,0.067556296914,685,0.115929941618,0.300000000000
440,holdout,0.201334445371,-0.919473648000,0.204336947456,312,0.010008340284,0.300000000000
441,train,0.170809007506,-0.471217155000,0.276897414512,1070,0.353628023353,0.300000000000
442,train,0.009591326105,-1.248840332000,0.035863219349,631,0.087572977481,0.300000000000
443,validation,0.601251042535,33.902473450000,0.875729774812,2078,0.914929107590,0.300000000000
444,train,0.502835696414,9.963752747000,0.684737281068,1421,0.606338615513,0.300000000000
445,train,0.284653878232,1.098114967000,0.447039199333,1308,0.541284403670,0.300000000000
446,train,0.413678065054,10.523488045000,0.691409507923,2123,0.925771476230,0.300000000000
447,train,0.194745621351,-0.576545715000,0.268557130942,921,0.246038365304,0.300000000000
448,train,0.420016680567,1.754803658000,0.482068390325,859,0.206839032527,0.300000000000
449,train,0.039199332777,-1.248335838000,0.046705587990,422,0.025020850709,0.300000000000
450,train,0.800166805671,33.121517181000,0.868223519600,905,0.226855713094,0.300000000000
451,train,-0.011759799833,-0.816512108000,0.237698081735,1785,0.831526271893,0.300000000000
452,train,0.620934111760,13.432909966000,0.727272727273,1070,0.354462051710,0.300000000000
453,train,0.394245204337,5.847040653000,0.597164303586,1529,0.676396997498,0.300000000000
454,train,0.190158465388,-0.286922455000,0.310258548791,1137,0.400333611343,0.300000000000
455,holdout,0.881234361968,53.372718811000,0.970809007506,1002,0.298582151793,0.300000000000
456,train,0.337948290242,1.010774612000,0.437030859049,1057,0.330275229358,0.300000000000
457,train,0.620600500417,8.662749290000,0.656380316931,695,0.119266055046,0.300000000000
458,holdout,0.683653044204,17.500503540000,0.781484570475,1040,0.326105087573,0.300000000000
459,train,0.431442869058,8.561233521000,0.653878231860,1614,0.741451209341,0.300000000000
460,train,0.175479566305,0.467188835000,0.393661384487,1606,0.727272727273,0.300000000000
461,train,0.224020016681,-0.083240509000,0.333611342786,1093,0.365304420350,0.300000000000
462,train,0.838448707256,35.466804504000,0.888240200167,780,0.165971643036,0.300000000000
463,train,0.130525437865,-0.129284859000,0.329441201001,1522,0.663052543786,0.300000000000
464,train,-0.026021684737,-0.959308624000,0.187656380317,1572,0.712260216847,0.300000000000
465,train,0.291326105088,1.881781578000,0.488740617181,1503,0.658048373645,0.300000000000
466,validation,0.049541284404,-0.340226173000,0.295246038365,1770,0.819015846539,0.300000000000
467,train,-0.107589658048,-1.064634323000,0.157631359466,1916,0.884070058382,0.300000000000
468,validation,0.443703085905,8.935107231000,0.663886572143,1610,0.733944954128,0.300000000000
469,train,0.281401167640,0.355282784000,0.371976647206,1009,0.301918265221,0.300000000000
470,train,0.269974979149,-0.051132202000,0.335279399500,883,0.217681401168,0.300000000000
471,train,-0.047956630525,-1.007480621000,0.165971643036,1574,0.713094245204,0.300000000000
472,train,0.556547122602,21.149003983000,0.809007506255,1814,0.841534612177,0.300000000000
473,train,0.923769808173,51.186622620000,0.960800667223,709,0.123436196831,0.300000000000
474,train,0.856046705588,59.896492004000,0.989157631359,1194,0.443703085905,0.300000000000
475,train,0.021601334445,-0.997159004000,0.170975813178,1262,0.497914929108,0.300000000000
476,train,0.847122602168,34.402137756000,0.879899916597,682,0.109257714762,0.300000000000
477,train,0.337114261885,1.290256500000,0.461217681401,1158,0.413678065054,0.300000000000
478,train,0.115512927440,-1.218186378000,0.124270225188,443,0.029190992494,0.300000000000
479,train,0.661718098415,17.368179321000,0.779816513761,1131,0.393661384487,0.300000000000
480,train,0.078565471226,-1.238294601000,0.105087572977,633,0.088407005838,0.300000000000
481,validation,-0.104003336113,-1.238645554000,0.080900750626,1445,0.616346955796,0.300000000000
482,train,0.704753961635,17.252460480000,0.777314428691,914,0.241868223520,0.300000000000
483,train,0.616180150125,13.850507736000,0.737281067556,1139,0.403669724771,0.300000000000
484,validation,0.764136780651,17.545707703000,0.783152627189,589,0.063386155129,0.300000000000
485,train,0.935195996664,45.058692932000,0.939949958299,367,0.015846538782,0.300000000000
486,train,0.101167639700,-1.200188637000,0.128440366972,638,0.090909090909,0.300000000000
487,train,0.242785654712,1.492665291000,0.473728106756,1660,0.769808173478,0.300000000000
488,train,0.406839032527,1.872670174000,0.487906588824,963,0.270225187656,0.300000000000
489,validation,0.120016680567,-0.620519638000,0.261884904087,1230,0.472894078399,0.300000000000
490,train,0.176814011676,-0.609622002000,0.264386989158,995,0.291909924937,0.300000000000
491,train,0.158381984987,-0.167422295000,0.325271059216,1340,0.556296914095,0.300000000000
492,train,0.917431192661,53.045242310000,0.969974979149,791,0.175145954962,0.300000000000
493,train,-0.238281901585,-1.241886139000,0.056713928274,2811,0.983319432861,0.300000000000
494,train,0.307506255213,1.222474098000,0.457881567973,1263,0.501251042535,0.300000000000
495,train,-0.071392827356,-0.879507065000,0.216847372811,2456,0.960800667223,0.300000000000
496,train,0.455546288574,8.689828873000,0.657214345288,1527,0.672226855713,0.300000000000
497,train,0.397914929108,6.163304329000,0.608840700584,1568,0.703085904921,0.300000000000
498,validation,0.049457881568,-1.028305054000,0.164303586322,1112,0.382819015847,0.300000000000
499,holdout,0.078899082569,-0.681993484000,0.256046705588,1388,0.590492076731,0.300000000000
500,train,0.261634695580,0.002155304000,0.339449541284,941,0.259382819016,0.300000000000
501,train,-0.110592160133,-1.268275261000,0.025020850709,1201,0.452043369475,0.300000000000
502,train,0.510925771476,11.577813148000,0.705587989992,1492,0.648874061718,0.300000000000
503,holdout,-0.090075062552,-1.250893593000,0.027522935780,1128,0.391993327773,0.300000000000
504,train,0.586488740617,30.838741302000,0.860717264387,2077,0.914095079233,0.300000000000
505,train,0.443202668891,12.644556999000,0.716430358632,2058,0.910758965805,0.300000000000
506,validation,0.733527939950,17.979574203000,0.787322768974,800,0.179316096747,0.300000000000
507,train,0.019516263553,-1.238631248000,0.082568807339,873,0.210175145955,0.300000000000
508,train,0.276730608841,0.591343880000,0.407839866555,1173,0.437030859049,0.300000000000
509,train,0.163469557965,0.745349884000,0.416180150125,1816,0.842368640534,0.300000000000
510,train,0.829691409508,23.237022400000,0.830692243536,246,0.003336113428,0.300000000000
511,train,0.935779816514,46.893920898000,0.948290241868,522,0.041701417848,0.300000000000
512,train,0.404587155963,8.728503227000,0.660550458716,1844,0.853211009174,0.300000000000
513,train,0.615512927440,15.175883293000,0.753127606339,1209,0.458715596330,0.300000000000
514,train,0.321351125938,1.089704514000,0.443703085905,1147,0.407839866555,0.300000000000
515,validation,0.621184320267,7.000739098000,0.632193494579,499,0.036697247706,0.300000000000
516,train,0.253544620517,1.523563385000,0.476230191827,1614,0.742285237698,0.300000000000
517,train,0.023519599666,-0.833696365000,0.227689741451,1533,0.680567139283,0.300000000000
518,holdout,-0.045204336947,-1.110618591000,0.150959132611,1495,0.653878231860,0.300000000000
519,validation,0.741534612177,20.367984772000,0.802335279399,851,0.202668890742,0.300000000000
520,train,0.847873227690,42.242530823000,0.927439532944,949,0.265221017515,0.300000000000
521,train,0.012093411176,-0.984490395000,0.175979983319,1314,0.546288573812,0.300000000000
522,train,0.078565471226,-0.404579163000,0.287739783153,1565,0.697247706422,0.300000000000
523,train,0.385904920767,5.963483810000,0.601334445371,1582,0.718098415346,0.300000000000
524,train,0.034195162636,-0.970272064000,0.181818181818,1249,0.492076730609,0.300000000000
525,holdout,0.113094245204,-0.905144691000,0.210175145955,1039,0.323603002502,0.300000000000
526,train,0.302001668057,1.287127495000,0.460383653044,1300,0.527939949958,0.300000000000
527,train,0.547873227690,8.962095261000,0.664720600500,1125,0.389491242702,0.300000000000
528,train,0.649374478732,21.589534760000,0.816513761468,1340,0.557130942452,0.300000000000
529,train,-0.071893244370,-1.105404854000,0.151793160967,1617,0.745621351126,0.300000000000
530,train,0.735112593828,36.883140564000,0.900750625521,1337,0.552126772310,0.300000000000
531,train,0.046622185154,-0.598544121000,0.266055045872,1609,0.731442869058,0.300000000000
532,train,-0.047372810676,-1.243906975000,0.054211843203,1064,0.338615512927,0.300000000000
533,holdout,0.941451209341,51.175613403000,0.959966638866,584,0.061718098415,0.300000000000
534,train,0.666555462886,17.318935394000,0.778148457048,1099,0.371976647206,0.300000000000
535,validation,-0.111759799833,-1.238558769000,0.088407005838,1524,0.667222685571,0.300000000000
536,validation,0.872310258549,40.328865051000,0.916597164304,752,0.147623019183,0.300000000000
537,holdout,0.525854879066,10.845388412000,0.697247706422,1366,0.571309424520,0.300000000000
538,holdout,0.543703085905,6.864245415000,0.628023352794,977,0.281067556297,0.300000000000
539,train,0.672977481234,30.479927063000,0.859883236030,1452,0.623019182652,0.300000000000
540,validation,0.149124270225,-0.905814171000,0.207673060884,842,0.195162635530,0.300000000000
541,train,0.066138448707,-1.046588898000,0.163469557965,1039,0.324437030859,0.300000000000
542,train,0.473978315263,5.042440414000,0.573811509591,1060,0.332777314429,0.300000000000
543,validation,-0.002001668057,-1.097730637000,0.152627189324,1275,0.515429524604,0.300000000000
544,train,0.344870725605,0.411674500000,0.383653044204,716,0.129274395329,0.300000000000
545,holdout,0.687322768974,10.627064705000,0.693077564637,381,0.019182652210,0.300000000000
546,validation,0.635863219349,27.492197037000,0.851542952460,1583,0.718932443703,0.300000000000
547,train,0.423936613845,5.703479290000,0.593828190158,1348,0.566305254379,0.300000000000
548,train,0.256713928274,0.329481125000,0.367806505421,1098,0.370308590492,0.300000000000
549,validation,0.523853211009,10.960719109000,0.699749791493,1384,0.586321934946,0.300000000000
550,holdout,0.145287739783,0.573289871000,0.404503753128,1863,0.864053377815,0.300000000000
551,train,0.880567139283,37.602546692000,0.904086738949,617,0.078398665555,0.300000000000
552,validation,-0.123352793995,-1.238506317000,0.095079232694,1606,0.728106755630,0.300000000000
553,train,0.240450375313,-0.328662872000,0.297748123436,832,0.190992493745,0.300000000000
554,train,0.413844870726,5.925333977000,0.600500417014,1451,0.622185154295,0.300000000000
555,train,0.930525437865,45.166130066000,0.940783986656,487,0.034195162636,0.300000000000
556,holdout,0.197748123436,-0.934782982000,0.198498748957,218,0.002502085071,0.300000000000
557,holdout,0.446288573812,2.283223152000,0.504587155963,839,0.194328607173,0.300000000000
558,holdout,0.555212677231,4.860610485000,0.570475396163,559,0.050875729775,0.300000000000
559,train,0.267055879900,0.833103180000,0.423686405338,1291,0.522101751460,0.300000000000
560,train,0.020183486239,-0.425794601000,0.284403669725,1905,0.880733944954,0.300000000000
561,train,-0.002585487907,-0.999660492000,0.169307756464,1372,0.572977481234,0.300000000000
562,holdout,0.177397831526,0.365319252000,0.375312760634,1504,0.659716430359,0.300000000000
563,train,0.275062552127,4.637247086000,0.566305254379,2546,0.970809007506,0.300000000000
564,train,0.317597998332,6.179632187000,0.611342785655,2658,0.979149291076,0.300000000000
565,train,-0.000083402836,-1.237775803000,0.111759799833,1099,0.372810675563,0.300000000000
566,train,0.809174311927,30.105108261000,0.858215179316,776,0.163469557965,0.300000000000
567,train,0.579816513761,16.183259964000,0.761467889908,1420,0.605504587156,0.300000000000
568,train,0.424687239366,2.243626595000,0.501251042535,935,0.255212677231,0.300000000000
569,train,0.229357798165,0.638407707000,0.412010008340,1423,0.608840700584,0.300000000000
570,train,0.295996663887,0.355971336000,0.372810675563,937,0.256046705588,0.300000000000
571,train,0.900333611343,59.322669983000,0.986655546289,987,0.287739783153,0.300000000000
572,train,0.237948290242,2.261568069000,0.502919099249,1910,0.883236030025,0.300000000000
573,train,0.466221851543,3.050587654000,0.523769808173,834,0.191826522102,0.300000000000
574,train,0.533694745621,6.367943764000,0.615512927440,967,0.272727272727,0.300000000000
575,train,0.058131776480,-0.937991142000,0.195996663887,1209,0.459549624687,0.300000000000
576,train,0.914929107590,51.525367737000,0.962468723937,770,0.158465387823,0.300000000000
577,train,-0.144870725605,-1.358764648000,0.020016680567,1331,0.549624687239,0.300000000000
578,train,0.458798999166,9.091708183000,0.667222685571,1558,0.694745621351,0.300000000000
579,train,0.632026688907,8.227046013000,0.648040033361,564,0.053377814846,0.300000000000
580,train,-0.277981651376,-1.635461807000,0.007506255213,2354,0.951626355296,0.300000000000
581,holdout,0.646038365304,15.959847450000,0.760633861551,1109,0.381984987490,0.300000000000
582,holdout,0.497664720601,11.967448235000,0.708090075063,1567,0.701417848207,0.300000000000
583,train,0.410091743119,1.390259743000,0.465387823186,822,0.184320266889,0.300000000000
584,train,0.309424520434,0.389409065000,0.379482902419,911,0.233527939950,0.300000000000
585,train,0.638281901585,9.912281036000,0.683069224354,755,0.149291075897,0.300000000000
586,train,0.457381150959,8.331715584000,0.650542118432,1487,0.643869891576,0.300000000000
587,train,0.620850708924,20.013093948000,0.798999165972,1398,0.593828190158,0.300000000000
588,train,-0.170475396163,-5.298128128000,0.004170141785,1378,0.582151793161,0.300000000000
589,train,0.654795663053,14.227000237000,0.743119266055,996,0.294412010008,0.300000000000
590,validation,0.310925771476,1.858823776000,0.487072560467,1384,0.587155963303,0.300000000000
591,validation,0.192660550459,0.269013405000,0.365304420350,1373,0.575479566305,0.300000000000
592,validation,0.127606338616,-0.289693832000,0.307756463720,1414,0.600500417014,0.300000000000
593,train,0.038782318599,-0.361891747000,0.292743953294,1819,0.846538782319,0.300000000000
594,train,0.133944954128,-0.730653763000,0.251042535446,1125,0.390325271059,0.300000000000
595,train,0.232693911593,-0.023964882000,0.337781484570,1067,0.350291909925,0.300000000000
596,train,0.284820683903,0.498606682000,0.396163469558,1098,0.371142618849,0.300000000000
597,validation,0.008256880734,-1.188364983000,0.132610508757,1158,0.414512093411,0.300000000000
598,holdout,0.153544620517,0.540079117000,0.402001668057,1781,0.828190158465,0.300000000000
599,train,0.842785654712,38.677482605000,0.911592994162,909,0.229357798165,0.300000000000
600,validation,0.184070058382,0.148415565000,0.356964136781,1373,0.576313594662,0.300000000000
601,train,-0.054462051710,-1.248656273000,0.038365304420,1029,0.309424520434,0.300000000000
602,train,0.511759799833,2.948991776000,0.521267723103,468,0.031693077565,0.300000000000
603,train,-0.246288573812,-1.440125465000,0.016680567139,1902,0.876563803169,0.300000000000
604,train,0.529190992494,13.048769951000,0.720600500417,1462,0.638031693078,0.300000000000
605,holdout,-0.126021684737,-0.990713120000,0.173477898249,4227,0.998331943286,0.300000000000
606,train,0.096747289408,0.424531937000,0.384487072560,2452,0.959132610509,0.300000000000
607,train,0.829441201001,36.171676636000,0.895746455379,887,0.221017514595,0.300000000000
608,train,0.751876563803,33.441589355000,0.870725604671,1134,0.396163469558,0.300000000000
609,train,0.288907422852,0.466807365000,0.391993327773,1065,0.343619683069,0.300000000000
610,holdout,-0.202335279399,-1.238626480000,0.083402835696,2357,0.952460383653,0.300000000000
611,holdout,0.578315262719,10.638481140000,0.693911592994,1116,0.385321100917,0.300000000000
612,train,0.149708090075,-0.832824707000,0.228523769808,945,0.262718932444,0.300000000000
613,validation,0.061301084237,-0.979660988000,0.177648040033,1122,0.387823185988,0.300000000000
614,train,-0.030108423686,-1.053738594000,0.161801501251,1464,0.639699749791,0.300000000000
615,train,0.567723102585,8.934295654000,0.663052543786,1035,0.317764804003,0.300000000000
616,train,0.786655546289,42.118705750000,0.925771476230,1220,0.463719766472,0.300000000000
617,train,0.226021684737,2.839749336000,0.518765638032,2611,0.975813177648,0.300000000000
618,validation,0.794495412844,44.471817017000,0.936613844871,1230,0.473728106756,0.300000000000
619,holdout,0.229524603837,-0.827970505000,0.233527939950,350,0.013344453711,0.300000000000
620,train,0.516680567139,6.925697327000,0.630525437865,1106,0.379482902419,0.300000000000
621,train,0.643869891576,25.426666260000,0.841534612177,1503,0.658882402002,0.300000000000
622,train,0.076480400334,-1.150967598000,0.146788990826,911,0.234361968307,0.300000000000
623,holdout,0.629441201001,15.902286530000,0.759799833194,1169,0.434528773978,0.300000000000
624,train,-0.015846538782,-1.233189583000,0.119266055046,1200,0.450375312761,0.300000000000
625,holdout,0.604253544621,9.241518021000,0.668056713928,876,0.212677231026,0.300000000000
626,train,0.391242702252,2.362178802000,0.507089241034,1120,0.386155129274,0.300000000000
627,validation,0.184653878232,-0.686674118000,0.255212677231,911,0.235195996664,0.300000000000
628,train,-0.019516263553,-0.798640251000,0.240200166806,1868,0.865721434529,0.300000000000
629,train,0.590575479566,10.804734230000,0.696413678065,1069,0.352793994996,0.300000000000
630,holdout,0.473894912427,3.946107864000,0.552960800667,947,0.263552960801,0.300000000000
631,train,0.097998331943,-0.830210686000,0.231859883236,1197,0.446205170976,0.300000000000
632,train,0.547706422018,21.303308487000,0.813177648040,1916,0.884904086739,0.300000000000
633,train,0.175479566305,-0.713980675000,0.253544620517,941,0.260216847373,0.300000000000
634,train,0.621934945788,9.446903229000,0.669724770642,770,0.159299416180,0.300000000000
635,train,-0.179232693912,-1.239756584000,0.066722268557,1770,0.819849874896,0.300000000000
636,validation,0.427356130108,5.665511131000,0.590492076731,1309,0.543786488741,0.300000000000
637,train,0.086488740617,-1.059975624000,0.159299416180,915,0.242702251877,0.300000000000
638,validation,0.969891576314,56.836723328000,0.984153461218,555,0.047539616347,0.300000000000
639,train,0.676313594662,38.531723022000,0.910758965805,1691,0.781484570475,0.300000000000
640,train,0.556296914095,13.419179916000,0.726438698916,1348,0.567139282736,0.300000000000
641,validation,-0.100417014178,-1.238695145000,0.079232693912,1412,0.598832360300,0.300000000000
642,train,0.625688073394,38.082088470000,0.904920767306,2171,0.930775646372,0.300000000000
643,train,0.258465387823,0.462669373000,0.390325271059,1177,0.439532944120,0.300000000000
644,validation,-0.066221851543,-1.224490166000,0.123436196831,1457,0.632193494579,0.300000000000
645,train,0.496330275229,13.502510071000,0.732276897415,1693,0.786488740617,0.300000000000
646,train,0.568723936614,10.520931244000,0.690575479566,1142,0.406171809842,0.300000000000
647,train,0.137614678899,-0.560742378000,0.270225187656,1190,0.442035029191,0.300000000000
648,holdout,0.919432860717,48.683166504000,0.952460383653,682,0.110091743119,0.300000000000
649,train,0.941367806505,61.370635986000,0.994161801501,791,0.175979983319,0.300000000000
650,train,0.919015846539,46.035995483000,0.943286071726,620,0.080900750626,0.300000000000
651,train,0.944036697248,59.084274292000,0.985821517932,737,0.139282735613,0.300000000000
652,train,0.187155963303,0.173235893000,0.357798165138,1352,0.568807339450,0.300000000000
653,validation,0.055045871560,-0.582148552000,0.267723102585,1571,0.708924103420,0.300000000000
654,train,0.393327773144,5.252679825000,0.580483736447,1452,0.623853211009,0.300000000000
655,train,0.375729774812,2.618296623000,0.514595496247,1214,0.462885738115,0.300000000000
656,train,0.304253544621,1.821517944000,0.485404503753,1416,0.603836530442,0.300000000000
657,train,-0.101918265221,-1.163505554000,0.141784820684,1748,0.812343619683,0.300000000000
658,train,0.600417014178,27.657815933000,0.852376980817,1813,0.839866555463,0.300000000000
659,train,0.370391993328,2.649267197000,0.516263552961,1242,0.486238532110,0.300000000000
660,holdout,0.290575479566,3.953125477000,0.553794829024,1902,0.877397831526,0.300000000000
661,validation,0.349541284404,7.602108002000,0.638031693078,2459,0.961634695580,0.300000000000
662,validation,0.110008340284,-1.167660713000,0.139282735613,658,0.097581317765,0.300000000000
663,train,0.629608006672,21.398635864000,0.814011676397,1441,0.614678899083,0.300000000000
664,holdout,0.373394495413,6.539883137000,0.621351125938,1778,0.826522101751,0.300000000000
665,train,-0.070809007506,-1.053226471000,0.162635529608,1687,0.778148457048,0.300000000000
666,validation,0.466555462886,8.881836891000,0.662218515430,1494,0.652210175146,0.300000000000
667,holdout,0.743953294412,18.138784409000,0.788990825688,755,0.150125104254,0.300000000000
668,holdout,0.628440366972,15.773126602000,0.757297748123,1166,0.429524603837,0.300000000000
669,train,0.527189324437,12.400283813000,0.713094245204,1449,0.619683069224,0.300000000000
670,train,0.585487906589,14.610277176000,0.748123436197,1308,0.542118432027,0.300000000000
671,train,0.830108423686,41.558662415000,0.922435362802,1023,0.307756463720,0.300000000000
672,holdout,0.156463719766,0.445042610000,0.388657214345,1665,0.773978315263,0.300000000000
673,train,0.825938281902,23.062917709000,0.828190158465,301,0.007506255213,0.300000000000
674,train,0.365554628857,1.787296295000,0.482902418682,1126,0.391159299416,0.300000000000
675,validation,-0.047039199333,-1.238733292000,0.077564637198,1158,0.415346121768,0.300000000000
676,train,-0.109341117598,-1.238265991000,0.107589658048,1601,0.723102585488,0.300000000000
677,validation,0.500250208507,9.300066948000,0.668890742285,1343,0.562135112594,0.300000000000
678,train,0.379149291076,6.962621689000,0.631359466222,1813,0.840700583820,0.300000000000
679,holdout,0.709424520434,21.920389175000,0.821517931610,1099,0.373644703920,0.300000000000
680,train,0.735112593828,54.491035461000,0.975813177648,1734,0.802335279399,0.300000000000
681,train,0.507756463720,16.984466553000,0.773978315263,1945,0.887406171810,0.300000000000
682,validation,0.691492910759,22.946479797000,0.827356130108,1201,0.452877397832,0.300000000000
683,train,0.895663052544,40.123870850000,0.914929107590,589,0.064220183486,0.300000000000
684,train,-0.025271059216,-0.936401367000,0.197664720601,1614,0.743119266055,0.300000000000
685,train,0.783903252711,33.677169800000,0.873227689741,1001,0.297748123436,0.300000000000
686,train,-0.024437030859,-1.060288429000,0.158465387823,1424,0.609674728941,0.300000000000
687,train,0.222351959967,1.091097832000,0.444537114262,1613,0.740617180984,0.300000000000
688,holdout,0.502585487907,16.933174133000,0.772310258549,2003,0.899082568807,0.300000000000
689,train,0.284320266889,4.847942352000,0.568807339450,2310,0.948290241868,0.300000000000
690,train,0.506922435363,12.653237343000,0.718098415346,1568,0.703919933278,0.300000000000
691,train,0.449124270225,6.176068783000,0.610508757298,1306,0.537948290242,0.300000000000
692,train,0.335779816514,6.584459782000,0.623019182652,2409,0.957464553795,0.300000000000
693,train,0.284487072560,0.260415077000,0.362802335279,941,0.261050875730,0.300000000000
694,train,0.630608840701,30.264921188000,0.859049207673,1652,0.761467889908,0.300000000000
695,train,0.228523769808,2.264762878000,0.503753127606,2082,0.917431192661,0.300000000000
696,validation,0.187489574646,-0.146020889000,0.326105087573,1210,0.462051709758,0.300000000000
697,train,0.279899916597,2.096843719000,0.497080900751,1601,0.723936613845,0.300000000000
698,train,0.857130942452,58.484352112000,0.984987489575,1164,0.426188490409,0.300000000000
699,validation,-0.096246872394,-1.237351418000,0.113427856547,1566,0.698915763136,0.300000000000
700,train,0.147456213511,0.819210052000,0.421184320267,2075,0.912427022519,0.300000000000
701,train,0.456630525438,12.469055176000,0.715596330275,1861,0.863219349458,0.300000000000
702,validation,0.041868223520,-1.248414993000,0.043369474562,273,0.005004170142,0.300000000000
703,validation,0.277981651376,1.480636597000,0.472894078399,1492,0.649708090075,0.300000000000
704,holdout,0.415262718932,1.496867180000,0.474562135113,846,0.197664720601,0.300000000000
705,holdout,0.388156797331,2.557446480000,0.513761467890,1161,0.418682235196,0.300000000000
706,train,0.338448707256,2.679081917000,0.517097581318,1406,0.595496246872,0.300000000000
707,validation,0.406422018349,1.428841591000,0.468723936614,863,0.207673060884,0.300000000000
708,holdout,0.105087572977,-1.225461006000,0.122602168474,577,0.058381984987,0.300000000000
709,train,0.314261884904,3.381728172000,0.532944120100,1608,0.728940783987,0.300000000000
710,validation,-0.091993327773,-0.953394890000,0.190992493745,2277,0.943286071726,0.300000000000
711,train,0.565888240200,14.393968582000,0.744787322769,1409,0.596330275229,0.300000000000
712,holdout,0.538365304420,11.884252548000,0.707256046706,1343,0.562969140951,0.300000000000
713,train,0.022268557131,-0.306035995000,0.300250208507,2124,0.926605504587,0.300000000000
714,train,0.303336113428,1.218455315000,0.456213511259,1271,0.509591326105,0.300000000000
715,holdout,-0.074645537948,-0.942144394000,0.194328607173,1992,0.896580483736,0.300000000000
716,train,0.900333611343,41.647201538000,0.924103419516,617,0.079232693912,0.300000000000
717,train,0.954295246038,70.692687988000,0.998331943286,750,0.146788990826,0.300000000000
718,validation,-0.198165137615,-1.238878250000,0.072560467056,2030,0.902418682235,0.300000000000
719,validation,0.231526271893,0.981332779000,0.433694745621,1528,0.673894912427,0.300000000000
720,train,0.098999165972,-0.136664391000,0.326939115930,1651,0.759799833194,0.300000000000
721,train,0.291409507923,0.360325813000,0.374478732277,974,0.276897414512,0.300000000000
722,train,0.202585487907,0.904182434000,0.429524603837,1645,0.756463719766,0.300000000000
723,holdout,0.216847372811,2.516682625000,0.512093411176,2815,0.984153461218,0.300000000000
724,train,0.400500417014,6.123666286000,0.607172643870,1541,0.688907422852,0.300000000000
725,train,0.072727272727,-0.253619194000,0.316930775646,1767,0.814011676397,0.300000000000
726,train,0.490075062552,3.374990463000,0.532110091743,738,0.140116763970,0.300000000000
727,holdout,-0.094078398666,-1.238608360000,0.085070892410,1410,0.597164303586,0.300000000000
728,holdout,0.050959132611,-0.170793533000,0.324437030859,2072,0.911592994162,0.300000000000
729,train,0.895412844037,44.110671997000,0.934945788157,728,0.131776480400,0.300000000000
730,validation,0.901834862385,44.854446411000,0.939115929942,709,0.124270225188,0.300000000000
731,train,0.972894078399,60.151504517000,0.991659716430,584,0.062552126772,0.300000000000
732,train,-0.170725604671,-1.248652458000,0.039199332777,1566,0.699749791493,0.300000000000
733,train,0.502251876564,9.614253998000,0.671392827356,1344,0.563803169308,0.300000000000
734,train,0.239032527106,3.329963684000,0.531276063386,2604,0.974145120934,0.300000000000
735,train,0.796246872394,19.270137787000,0.796497080901,115,0.000834028357,0.300000000000
736,train,0.274311926606,2.131357193000,0.498748957465,1618,0.748123436197,0.300000000000
737,train,0.413344453711,8.012183189000,0.640533778148,1649,0.757297748123,0.300000000000
738,validation,0.593828190158,27.318582535000,0.849040867389,1833,0.850708924103,0.300000000000
739,train,0.528440366972,17.689514160000,0.785654712260,1856,0.857381150959,0.300000000000
740,train,-0.056880733945,-0.956880569000,0.189324437031,1770,0.820683903253,0.300000000000
741,train,0.557631359466,10.124619484000,0.687239366138,1168,0.432026688907,0.300000000000
742,train,0.665471226022,38.756774902000,0.912427022519,1773,0.823185988324,0.300000000000
743,train,0.285904920767,0.040548325000,0.346955796497,852,0.203502919099,0.300000000000
744,train,0.312677231026,5.191012383000,0.579649708090,1951,0.889908256881,0.300000000000
745,train,0.823686405338,54.250343323000,0.973311092577,1262,0.498748957465,0.300000000000
746,holdout,0.033027522936,-1.248855591000,0.035029190992,292,0.006672226856,0.300000000000
747,train,0.626772310259,35.829879761000,0.890742285238,1904,0.879899916597,0.300000000000
748,train,0.435362802335,9.841106415000,0.678065054212,1744,0.809007506255,0.300000000000
749,holdout,0.226105087573,-0.289999008000,0.306922435363,959,0.269391159299,0.300000000000
750,validation,-0.152543786489,-1.238605499000,0.085904920767,1724,0.794829024187,0.300000000000
751,train,0.059716430359,-0.937615395000,0.196830692244,1208,0.457047539616,0.300000000000
752,train,0.251292743953,0.463398933000,0.391159299416,1226,0.466221851543,0.300000000000
753,train,-0.042285237698,-1.184965134000,0.135112593828,1388,0.591326105088,0.300000000000
754,validation,0.846121768140,49.399467468000,0.954962468724,1092,0.362802335279,0.300000000000
755,train,0.340033361134,3.315121651000,0.530442035029,1460,0.634695579650,0.300000000000
756,train,0.585154295246,5.964763165000,0.602168473728,573,0.056713928274,0.300000000000
757,train,0.332860717264,0.358051300000,0.373644703920,733,0.135946622185,0.300000000000
758,train,0.393160967473,0.565355301000,0.403669724771,487,0.035029190992,0.300000000000
759,train,0.296413678065,-0.288902283000,0.309424520434,533,0.043369474562,0.300000000000
760,train,0.327105921601,0.927339554000,0.431192660550,1066,0.346955796497,0.300000000000
761,train,-0.080316930776,-0.886652946000,0.215179316097,2981,0.984987489575,0.300000000000
762,train,0.848040033361,41.553398132000,0.921601334445,919,0.245204336947,0.300000000000
763,train,0.072727272727,-0.819121361000,0.236864053378,1320,0.547122602168,0.300000000000
764,train,0.052627189324,-0.359499931000,0.293577981651,1737,0.803169307756,0.300000000000
765,train,0.435863219349,5.731771469000,0.595496246872,1303,0.532110091743,0.300000000000
766,train,0.066472060050,-0.766958237000,0.244370308590,1397,0.592994161802,0.300000000000
767,train,0.572060050042,8.109992027000,0.643869891576,913,0.239366138449,0.300000000000
768,train,0.538198498749,13.399209976000,0.725604670559,1452,0.624687239366,0.300000000000
769,train,-0.073561301084,-4.209861755000,0.005004170142,943,0.261884904087,0.300000000000
770,train,0.712260216847,14.587807655000,0.747289407840,686,0.116763969975,0.300000000000
771,holdout,0.232276897415,1.352512360000,0.463719766472,1662,0.771476230192,0.300000000000
772,train,0.424270225188,3.641792297000,0.542118432027,1129,0.392827356130,0.300000000000
773,holdout,0.074311926606,-1.136964798000,0.147623019183,918,0.244370308590,0.300000000000
774,train,0.275479566305,0.952150345000,0.432860717264,1297,0.524603836530,0.300000000000
775,train,0.779649708090,40.237255096000,0.915763135947,1201,0.453711426188,0.300000000000
776,train,0.232110091743,0.819926262000,0.422018348624,1457,0.633027522936,0.300000000000
777,train,0.578648874062,20.105430603000,0.799833194329,1612,0.737281067556,0.300000000000
778,train,-0.055212677231,-0.886998177000,0.213511259383,1990,0.895746455379,0.300000000000
779,train,0.348874061718,5.482257366000,0.586321934946,1703,0.791492910759,0.300000000000
780,holdout,0.054962468724,-0.925762177000,0.201834862385,1245,0.489574645538,0.300000000000
781,train,-0.027939949958,-1.193144798000,0.130942452043,1301,0.529608006672,0.300000000000
782,train,0.956463719766,67.169158936000,0.997497914929,734,0.136780650542,0.300000000000
783,train,-0.020016680567,-1.233139038000,0.120100083403,1228,0.467055879900,0.300000000000
784,train,0.444870725605,5.867843628000,0.597998331943,1271,0.510425354462,0.300000000000
785,train,0.911509591326,46.637825012000,0.945788156797,684,0.114261884904,0.300000000000
786,train,0.950208507089,60.310363770000,0.992493744787,740,0.140950792327,0.300000000000
787,train,-0.147873227690,-1.202111244000,0.127606338616,2082,0.918265221018,0.300000000000
788,validation,0.013344453711,-0.957926750000,0.188490408674,1380,0.583819849875,0.300000000000
789,holdout,0.963969974979,55.077766418000,0.977481234362,535,0.045037531276,0.300000000000
790,holdout,-0.036530442035,-0.718953133000,0.252710592160,2503,0.964136780651,0.300000000000
791,validation,0.728857381151,29.268688202000,0.855713094245,1163,0.422852376981,0.300000000000
792,holdout,-0.193661384487,-1.448698997000,0.015012510425,1564,0.695579649708,0.300000000000
793,holdout,0.616263552961,26.368003845000,0.845704753962,1655,0.764804003336,0.300000000000
794,train,0.631192660550,36.156124115000,0.894912427023,1903,0.879065888240,0.300000000000
795,train,0.727856547123,21.606941223000,0.818181818182,1007,0.301084236864,0.300000000000
796,train,0.618348623853,17.340427399000,0.778982485405,1305,0.535446205171,0.300000000000
797,holdout,0.381984987490,0.946960449000,0.432026688907,780,0.166805671393,0.300000000000
798,train,0.276563803169,3.685075760000,0.543786488741,1951,0.890742285238,0.300000000000
799,validation,0.119849874896,0.443662643000,0.387823185988,1982,0.893244370309,0.300000000000
800,train,0.155462885738,-0.134838104000,0.328607172644,1374,0.577147623019,0.300000000000
801,validation,0.120183486239,-1.161004066000,0.143452877398,614,0.077564637198,0.300000000000
802,train,0.213761467890,-0.837047577000,0.226021684737,520,0.040867389491,0.300000000000
803,train,0.605754795663,15.883879662000,0.758131776480,1267,0.507923269391,0.300000000000
804,train,0.033444537114,-1.238380432000,0.101751459550,905,0.227689741451,0.300000000000
805,train,0.480650542118,16.321395874000,0.763135946622,2273,0.941618015013,0.300000000000
806,train,0.550125104254,6.031188488000,0.604670558799,814,0.181818181818,0.300000000000
807,train,0.454045037531,6.164054871000,0.609674728941,1283,0.518765638032,0.300000000000
808,train,0.562218515430,8.149027824000,0.645537948290,974,0.277731442869,0.300000000000
809,train,-0.195079232694,-1.298295975000,0.020850708924,1583,0.719766472060,0.300000000000
810,train,0.314678899083,3.602562904000,0.539616346956,1623,0.749791492911,0.300000000000
811,train,0.361968306922,6.523391724000,0.619683069224,1857,0.859049207673,0.300000000000
812,validation,0.202001668057,-0.830530167000,0.231025854879,655,0.096747289408,0.300000000000
813,train,0.866055045872,51.486717224000,0.961634695580,1035,0.318598832360,0.300000000000
814,train,0.444537114262,2.486747742000,0.509591326105,881,0.216847372811,0.300000000000
815,train,0.297914929108,3.289862633000,0.529608006672,1663,0.772310258549,0.300000000000
816,train,0.165971643036,0.854919434000,0.426188490409,1873,0.867389491243,0.300000000000
817,holdout,0.422935779817,3.631775856000,0.541284403670,1132,0.394495412844,0.300000000000
818,train,0.105254378649,-0.303868294000,0.301918265221,1496,0.655546288574,0.300000000000
819,train,0.300917431193,1.386141777000,0.464553794829,1310,0.545454545455,0.300000000000
820,train,0.663219349458,29.902111053000,0.857381150959,1490,0.647206005004,0.300000000000
821,validation,-0.047873227690,-0.959918976000,0.186822351960,1691,0.782318598832,0.300000000000
822,train,0.947372810676,55.202682495000,0.979149291076,680,0.105921601334,0.300000000000
823,train,0.157214345288,-0.272232056000,0.313594662219,1287,0.521267723103,0.300000000000
824,holdout,0.821768140117,56.616386414000,0.981651376147,1303,0.532944120100,0.300000000000
825,train,0.474228523770,9.864406586000,0.681401167640,1542,0.690575479566,0.300000000000
826,train,-0.128690575480,-1.239896774000,0.064220183486,1485,0.643035863219,0.300000000000
827,train,-0.085154295246,-0.889593124000,0.211843202669,3250,0.989991659716,0.300000000000
828,train,0.952543786489,60.150512695000,0.990825688073,710,0.127606338616,0.300000000000
829,validation,0.295496246872,3.723677635000,0.545454545455,1789,0.833194328607,0.300000000000
830,train,0.360967472894,6.559821129000,0.622185154295,1892,0.870725604671,0.300000000000
831,train,0.086989157631,-0.264752388000,0.314428690575,1650,0.758131776480,0.300000000000
832,validation,0.321684737281,3.893968105000,0.552126772310,1657,0.768140116764,0.300000000000
833,validation,0.009507923269,-0.929908752000,0.200166805671,1460,0.635529608007,0.300000000000
834,train,0.405754795663,6.925435543000,0.629691409508,1617,0.746455379483,0.300000000000
835,train,-0.245621351126,-1.606370926000,0.010842368641,1850,0.854879065888,0.300000000000
836,train,-0.001334445371,-0.438576698000,0.281901584654,2278,0.944120100083,0.300000000000
837,train,0.151042535446,-0.964702606000,0.184320266889,682,0.110925771476,0.300000000000
838,train,0.326355296080,5.816251278000,0.596330275229,2007,0.899916597164,0.300000000000
839,train,0.091826522102,0.424878120000,0.385321100917,2653,0.978315262719,0.300000000000
840,train,-0.283402835696,-1.630539894000,0.008340283570,2565,0.972477064220,0.300000000000
841,train,0.357964970809,5.715720654000,0.594662218515,1701,0.788990825688,0.300000000000
842,holdout,0.485988323603,13.347274780000,0.723936613845,1713,0.793160967473,0.300000000000
843,train,0.538448707256,16.540834427000,0.768140116764,1655,0.765638031693,0.300000000000
844,train,0.416930775646,4.473279476000,0.561301084237,1235,0.481234361968,0.300000000000
845,train,0.950792326939,55.154441833000,0.978315262719,639,0.091743119266,0.300000000000
846,train,0.888073394495,54.571647644000,0.976647206005,996,0.295246038365,0.300000000000
847,train,0.059216013344,-0.872957230000,0.219349457882,1303,0.533778148457,0.300000000000
848,train,0.614178482068,10.392305374000,0.689741451209,933,0.251876563803,0.300000000000
849,train,-0.155129274395,-1.281347275000,0.022518765638,1396,0.592160133445,0.300000000000
850,train,0.502001668057,3.817587376000,0.548790658882,767,0.155963302752,0.300000000000
851,train,0.112010008340,-0.456883430000,0.279399499583,1340,0.557964970809,0.300000000000
852,train,-0.098915763136,-0.934575081000,0.199332777314,3543,0.994161801501,0.300000000000
853,train,0.171309424520,1.030182838000,0.439532944120,1987,0.894078398666,0.300000000000
854,train,0.173227689741,0.191066742000,0.358632193495,1447,0.618015012510,0.300000000000
855,train,0.269974979149,1.111279488000,0.450375312761,1414,0.601334445371,0.300000000000
856,validation,0.714095079233,17.405878067000,0.780650542118,890,0.221851542952,0.300000000000
857,holdout,0.920850708924,45.257873535000,0.941618015013,598,0.069224353628,0.300000000000
858,train,-0.127022518766,-1.238545418000,0.090909090909,1604,0.726438698916,0.300000000000
859,train,0.866388657214,59.899353027000,0.989991659716,1157,0.412010008340,0.300000000000
860,train,0.466722268557,5.919274807000,0.598832360300,1185,0.440366972477,0.300000000000
861,train,0.614011676397,31.730844498000,0.863219349458,1783,0.830692243536,0.300000000000
862,train,0.861384487073,32.501228333000,0.864887406172,344,0.011676396997,0.300000000000
863,train,-0.252210175146,-1.613653183000,0.010008340284,1901,0.874061718098,0.300000000000
864,train,-0.024020016681,-0.953451157000,0.190158465388,1574,0.713928273561,0.300000000000
865,validation,0.165888240200,0.549755096000,0.402835696414,1701,0.789824854045,0.300000000000
866,holdout,0.580400333611,5.684835911000,0.592160133445,510,0.039199332777,0.300000000000
867,validation,0.156130108424,-0.871829987000,0.220183486239,877,0.213511259383,0.300000000000
868,holdout,-0.059132610509,-1.238521576000,0.094245204337,1271,0.511259382819,0.300000000000
869,train,0.027689741451,-1.248962402000,0.034195162636,403,0.021684737281,0.300000000000
870,train,-0.128190158465,-6.347938538000,0.001668056714,1168,0.432860717264,0.300000000000
871,train,0.178815679733,-0.822738647000,0.234361968307,823,0.185154295246,0.300000000000
872,validation,0.607172643870,12.461771011000,0.714762301918,1074,0.358632193495,0.300000000000
873,holdout,0.196330275229,1.895601273000,0.489574645538,2634,0.977481234362,0.300000000000
874,train,0.467973311093,4.872133255000,0.571309424520,1065,0.344453711426,0.300000000000
875,holdout,0.074979149291,-1.199443817000,0.129274395329,812,0.180984153461,0.300000000000
876,validation,0.578231859883,8.694374084000,0.658048373645,950,0.266055045872,0.300000000000
877,holdout,-0.049207673061,-1.246193886000,0.050875729775,1061,0.333611342786,0.300000000000
878,train,0.655963302752,34.331665039000,0.877397831526,1612,0.738115095913,0.300000000000
879,train,0.545454545455,10.294378281000,0.688073394495,1231,0.475396163470,0.300000000000
880,train,0.735446205171,22.886558533000,0.826522101751,1015,0.303586321935,0.300000000000
881,validation,0.578231859883,9.645339966000,0.673060884070,1034,0.316096747289,0.300000000000
882,train,0.560550458716,11.972078323000,0.708924103420,1259,0.494578815680,0.300000000000
883,train,-0.000917431193,-4.154513359000,0.005838198499,406,0.022518765638,0.300000000000
884,train,0.577481234362,13.434013367000,0.728106755630,1263,0.502085070892,0.300000000000
885,holdout,0.692243536280,13.650230408000,0.734778982485,740,0.141784820684,0.300000000000
886,train,0.567389491243,11.460614204000,0.704753961635,1208,0.457881567973,0.300000000000
887,train,0.674145120934,21.665306091000,0.819015846539,1236,0.482902418682,0.300000000000
888,train,0.710341951626,34.353286743000,0.878231859883,1341,0.559633027523,0.300000000000
889,train,0.952293577982,56.777656555000,0.983319432861,675,0.103419516264,0.300000000000
890,train,0.456880733945,3.627428055000,0.540450375313,975,0.278565471226,0.300000000000
891,validation,0.322185154295,0.137305260000,0.354462051710,681,0.107589658048,0.300000000000
892,validation,-0.210175145955,-1.238689423000,0.080066722269,2509,0.967472894078,0.300000000000
893,train,0.110425354462,-1.154742241000,0.145954962469,689,0.118432026689,0.300000000000
894,train,0.606422018349,36.192623138000,0.897414512093,2541,0.969974979149,0.300000000000
895,train,0.019766472060,-1.059545517000,0.160133444537,1228,0.467889908257,0.300000000000
896,train,0.392326939116,1.057535172000,0.442869057548,787,0.168473728107,0.300000000000
897,train,0.413511259383,1.707633018000,0.479566305254,884,0.220183486239,0.300000000000
898,train,0.333944954128,0.443383217000,0.386989157631,796,0.176814011676,0.300000000000
899,train,0.063386155129,-1.238838196000,0.073394495413,485,0.033361134279,0.300000000000
900,train,0.619182652210,8.111619949000,0.644703919933,628,0.085070892410,0.300000000000
901,train,0.923185988324,56.213546753000,0.979983319433,826,0.189324437031,0.300000000000
902,validation,0.381067556297,0.501337051000,0.397831526272,571,0.055879899917,0.300000000000
903,validation,0.953794829024,52.289886475000,0.965804837364,519,0.040033361134,0.300000000000
904,validation,0.265221017515,0.050061226000,0.347789824854,969,0.275229357798,0.300000000000
905,validation,0.080150125104,-0.464561462000,0.278565471226,1511,0.661384487073,0.300000000000
906,train,0.030525437865,-0.888339996000,0.212677231026,1421,0.607172643870,0.300000000000
907,train,0.148957464554,-0.248424530000,0.321100917431,1372,0.573811509591,0.300000000000
908,train,0.262385321101,0.602899551000,0.409507923269,1246,0.490408673895,0.300000000000
909,train,0.152960800667,0.143060684000,0.356130108424,1530,0.677231025855,0.300000000000
910,train,-0.223686405338,-1.439476013000,0.017514595496,1737,0.804003336113,0.300000000000
911,train,0.155713094245,0.331025124000,0.368640533778,1571,0.709758131776,0.300000000000
912,train,0.232527105922,-0.483095169000,0.276063386155,749,0.145120934112,0.300000000000
913,holdout,0.404503753128,4.179144859000,0.557130942452,1268,0.508757297748,0.300000000000
914,train,0.131609674729,-0.736351013000,0.250208507089,1132,0.395329441201,0.300000000000
915,holdout,0.946038365304,52.811965942000,0.968306922435,608,0.074228523770,0.300000000000
916,train,0.525271059216,6.718480587000,0.623853211009,1045,0.328607172644,0.300000000000
917,train,-0.018932443703,-1.241889954000,0.055879899917,929,0.249374478732,0.300000000000
918,train,-0.217180984153,-1.241871834000,0.060050041701,2118,0.924103419516,0.300000000000
919,train,0.826522101751,49.724548340000,0.956630525438,1168,0.433694745621,0.300000000000
920,train,0.577314428691,16.514142990000,0.766472060050,1456,0.630525437865,0.300000000000
921,train,0.433361134279,9.773825645000,0.675562969141,1741,0.807339449541,0.300000000000
922,train,-0.123603002502,-1.249199867000,0.030025020851,1271,0.512093411176,0.300000000000
923,train,0.141034195163,0.268462181000,0.364470391993,1616,0.744787322769,0.300000000000
924,holdout,0.414428690575,0.773973465000,0.418682235196,363,0.014178482068,0.300000000000
925,validation,-0.195329441201,-1.238793373000,0.075896580484,2032,0.904086738949,0.300000000000
926,train,0.157964970809,-0.532136917000,0.271059216013,1104,0.376980817348,0.300000000000
927,train,0.788824020017,21.550109863000,0.814845704754,630,0.086738949124,0.300000000000
928,train,0.631192660550,23.732040405000,0.834862385321,1532,0.678899082569,0.300000000000
929,train,0.381984987490,4.897873878000,0.572143452877,1458,0.633861551293,0.300000000000
930,train,-0.127522935780,-1.186758041000,0.133444537114,1887,0.869891576314,0.300000000000
931,validation,-0.138949124270,-1.238881111000,0.071726438699,1567,0.702251876564,0.300000000000
932,train,0.106505421184,-0.834641457000,0.226855713094,1137,0.401167639700,0.300000000000
933,train,0.478732276897,11.445842743000,0.703919933278,1628,0.750625521268,0.300000000000
934,train,0.402835696414,6.480664253000,0.618015012510,1581,0.717264386989,0.300000000000
935,train,0.837447873228,39.566398621000,0.913261050876,933,0.252710592160,0.300000000000
936,holdout,0.249040867389,2.047356606000,0.496246872394,1773,0.824020016681,0.300000000000
937,train,-0.162385321101,-1.520653725000,0.012510425354,1379,0.582985821518,0.300000000000
938,train,0.443953294412,9.857095718000,0.678899082569,1691,0.783152627189,0.300000000000
939,train,0.136030025021,-1.084383965000,0.154295246038,582,0.060884070058,0.300000000000
940,validation,0.304587155963,4.254558086000,0.558798999166,1819,0.847372810676,0.300000000000
941,train,0.770642201835,35.983306885000,0.893244370309,1147,0.408673894912,0.300000000000
942,train,-0.022935779817,-0.882609367000,0.216013344454,1726,0.796497080901,0.300000000000
943,train,0.169974979149,1.115277290000,0.451209341118,2218,0.937447873228,0.300000000000
944,train,0.835362802335,38.527210236000,0.909924937448,928,0.248540450375,0.300000000000
945,train,0.180316930776,-0.282474518000,0.311926605505,1176,0.438698915763,0.300000000000
946,train,0.003669724771,-0.696764946000,0.254378648874,1796,0.835696413678,0.300000000000
947,validation,0.216263552961,0.503372192000,0.398665554629,1422,0.608006672227,0.300000000000
948,holdout,0.013177648040,-0.789629936000,0.241868223520,1652,0.762301918265,0.300000000000
949,train,0.602585487907,13.606314659000,0.733944954128,1174,0.437864887406,0.300000000000
950,validation,0.162218515430,1.020530701000,0.438698915763,2092,0.921601334445,0.300000000000
951,train,0.264804003336,0.056878090000,0.348623853211,975,0.279399499583,0.300000000000
952,train,0.398915763136,6.888669014000,0.628857381151,1655,0.766472060050,0.300000000000
953,holdout,0.329691409508,5.044785500000,0.574645537948,1769,0.816513761468,0.300000000000
954,train,-0.237531276063,-1.241866112000,0.061718098415,4101,0.997497914929,0.300000000000
955,train,-0.247456213511,-7.633216858000,0.000000000000,1774,0.824854045038,0.300000000000
956,holdout,0.071226021685,-0.024705887000,0.336947456214,1937,0.885738115096,0.300000000000
957,train,0.115846538782,-0.470609665000,0.277731442869,1307,0.539616346956,0.300000000000
958,train,0.200333611343,1.533269882000,0.477064220183,2099,0.922435362802,0.300000000000
959,train,0.615512927440,10.784528732000,0.695579649708,953,0.266889074229,0.300000000000
960,train,0.136947456214,-0.336891174000,0.296080066722,1301,0.530442035029,0.300000000000
961,train,0.132026688907,-0.995121002000,0.171809841535,730,0.132610508757,0.300000000000
962,holdout,-0.167222685571,-1.245662689000,0.051709758132,1608,0.729774812344,0.300000000000
963,holdout,0.653794829024,32.721439362000,0.865721434529,1570,0.706422018349,0.300000000000
964,train,0.842618849041,27.426582336000,0.849874895746,412,0.024186822352,0.300000000000
965,train,0.540366972477,7.491493225000,0.637197664721,1038,0.322768974145,0.300000000000
966,validation,-0.162468723937,-1.238745689000,0.076730608841,1726,0.797331109258,0.300000000000
967,holdout,-0.189074228524,-1.448435783000,0.015846538782,1535,0.683069224354,0.300000000000
968,train,0.466722268557,3.452338219000,0.536280233528,910,0.231859883236,0.300000000000
969,validation,0.492660550459,10.977904320000,0.700583819850,1552,0.693077564637,0.300000000000
970,holdout,0.665638031693,13.651693344000,0.736447039199,911,0.236030025021,0.300000000000
971,train,0.158298582152,-1.005504608000,0.166805671393,441,0.028356964137,0.300000000000
972,holdout,0.354462051710,5.660721302000,0.589658048374,1691,0.783986655546,0.300000000000
973,validation,0.261217681401,2.028625488000,0.495412844037,1689,0.780650542118,0.300000000000
974,train,-0.033778148457,-0.876295090000,0.217681401168,1812,0.838198498749,0.300000000000
975,train,0.484737281068,11.586233139000,0.706422018349,1612,0.738949124270,0.300000000000
976,train,0.382485404504,1.052650452000,0.442035029191,848,0.198498748957,0.300000000000
977,train,0.533944954128,20.737422943000,0.805671392827,2033,0.905754795663,0.300000000000
978,validation,0.545287739783,13.949688911000,0.738949124270,1488,0.645537948290,0.300000000000
979,train,0.772393661384,36.519149780000,0.898248540450,1161,0.419516263553,0.300000000000
980,validation,0.202668890742,2.218777657000,0.500417014178,3423,0.992493744787,0.300000000000
981,train,-0.079566305254,-1.248280525000,0.047539616347,1163,0.423686405338,0.300000000000
982,validation,0.823019182652,33.566268921000,0.871559633028,773,0.161801501251,0.300000000000
983,holdout,0.029190992494,-1.250273705000,0.029190992494,90,0.000000000000,0.300000000000
984,holdout,0.623102585488,17.603073120000,0.783986655546,1305,0.536280233528,0.300000000000
985,holdout,0.889157631359,44.486923218000,0.937447873228,772,0.160967472894,0.300000000000
986,validation,0.099082568807,-0.742891312000,0.247706422018,1259,0.495412844037,0.300000000000
987,train,0.667389491243,35.303405762000,0.886572143453,1608,0.730608840701,0.300000000000
988,train,0.320100083403,2.506569862000,0.511259382819,1461,0.637197664721,0.300000000000
989,holdout,0.659966638866,21.027338028000,0.807339449541,1248,0.491242702252,0.300000000000
990,train,0.928690575480,53.784774780000,0.972477064220,749,0.145954962469,0.300000000000
991,holdout,0.642618849041,23.287523270000,0.831526271893,1455,0.629691409508,0.300000000000
992,train,0.741117597998,48.926109314000,0.953294412010,1570,0.707256046706,0.300000000000
993,train,0.124854045038,-0.844146729000,0.225187656380,1061,0.334445371143,0.300000000000
994,train,0.340366972477,1.754474640000,0.481234361968,1229,0.469557964971,0.300000000000
995,train,0.428773978315,4.291819096000,0.559633027523,1172,0.436196830692,0.300000000000
996,validation,0.770225187656,18.321493149000,0.791492910759,602,0.070892410342,0.300000000000
997,train,0.372560467056,8.078154564000,0.643035863219,2028,0.901584653878,0.300000000000
998,train,0.638365304420,17.979385376000,0.786488740617,1256,0.493744787323,0.300000000000
999,train,0.237447873228,-0.248773575000,0.320266889074,971,0.276063386155,0.300000000000
1000,train,0.020266889074,-1.238576889000,0.087572977481,902,0.224353628023,0.300000000000
1001,holdout,0.590825688073,25.605546951000,0.844036697248,1818,0.844036697248,0.300000000000
1002,train,0.412844036697,1.017628670000,0.437864887406,627,0.083402835696,0.300000000000
1003,train,0.139532944120,-0.112142563000,0.331943286072,1483,0.641367806505,0.300000000000
1004,holdout,-0.107756463720,-1.248975754000,0.033361134279,1229,0.470391993328,0.300000000000
1005,validation,0.460550458716,6.852869034000,0.627189324437,1339,0.555462885738,0.300000000000
1006,train,0.317764804003,3.045334816000,0.522935779817,1535,0.683903252711,0.300000000000
1007,train,0.022935779817,-1.238823891000,0.074228523770,789,0.170975813178,0.300000000000
1008,validation,-0.008924103420,-1.235535622000,0.115929941618,1158,0.416180150125,0.300000000000
1009,train,0.285821517932,1.101110458000,0.448707256047,1308,0.542952460384,0.300000000000
1010,train,-0.068723936614,-1.238382339000,0.100917431193,1346,0.565471226022,0.300000000000
1011,train,0.064804003336,-0.821797371000,0.235195996664,1348,0.567973311093,0.300000000000
1012,train,0.394161801501,7.648585796000,0.638865721435,1768,0.815679733111,0.300000000000
1013,train,0.519516263553,7.252474308000,0.633861551293,1107,0.381150959133,0.300000000000
1014,train,0.575312760634,31.797927856000,0.864053377815,2485,0.962468723937,0.300000000000
1015,validation,0.052710592160,-1.133496284000,0.149291075897,1037,0.321934945788,0.300000000000
1016,validation,0.418348623853,1.456707954000,0.470391993328,790,0.173477898249,0.300000000000
1017,train,0.470558798999,8.564343452000,0.654712260217,1440,0.613844870726,0.300000000000
1018,holdout,0.513094245204,3.207945824000,0.527105921601,554,0.046705587990,0.300000000000
1019,validation,0.032110091743,-0.970440865000,0.180984153461,1260,0.496246872394,0.300000000000
1020,train,-0.264303586322,-1.454587936000,0.014178482068,2131,0.928273561301,0.300000000000
1021,validation,0.197998331943,1.231041908000,0.458715596330,1879,0.869057547957,0.300000000000
1022,train,0.227189324437,1.100884438000,0.447873227690,1611,0.735613010842,0.300000000000
1023,validation,-0.007172643870,-0.742340088000,0.248540450375,1839,0.852376980817,0.300000000000
1024,holdout,0.098748957465,-0.861625671000,0.221851542952,1156,0.410341951626,0.300000000000
1025,validation,0.703502919099,22.509387970000,0.824854045038,1139,0.404503753128,0.300000000000
1026,validation,-0.203502919099,-1.238640785000,0.081734778982,2353,0.950792326939,0.300000000000
1027,train,0.316763969975,4.568048477000,0.565471226022,1781,0.829024186822,0.300000000000
1028,train,0.210091743119,-0.335669518000,0.296914095079,993,0.289407839867,0.300000000000
1029,train,0.741284403670,35.430549622000,0.887406171810,1242,0.487072560467,0.300000000000
1030,train,0.057047539616,-0.764758110000,0.245204336947,1453,0.627189324437,0.300000000000
1031,train,0.131359466222,-0.831649780000,0.230191826522,1051,0.329441201001,0.300000000000
1032,holdout,0.748123436197,21.183822632000,0.810675562969,866,0.208507089241,0.300000000000
1033,holdout,0.625854879066,15.222908020000,0.753961634696,1164,0.427022518766,0.300000000000
1034,train,-0.083986655546,-1.239795685000,0.065888240200,1262,0.499582985822,0.300000000000
1035,holdout,0.326105087573,4.044086933000,0.556296914095,1655,0.767306088407,0.300000000000
1036,train,0.473394495413,13.223515511000,0.723102585488,1787,0.832360300250,0.300000000000
1037,holdout,0.198331943286,0.841352463000,0.424520433695,1643,0.753961634696,0.300000000000
1038,train,0.713427856547,40.960144043000,0.919099249374,1537,0.685571309425,0.300000000000
1039,train,0.679816513761,34.869853973000,0.883236030025,1530,0.678065054212,0.300000000000
1040,train,0.730525437865,36.857521057000,0.899916597164,1344,0.564637197665,0.300000000000
1041,train,0.907005838198,51.719146729000,0.963302752294,825,0.187656380317,0.300000000000
1042,validation,0.810008340284,34.388290405000,0.879065888240,909,0.230191826522,0.300000000000
1043,train,0.011509591326,-1.248389244000,0.045037531276,682,0.111759799833,0.300000000000
1044,train,0.676146788991,13.002489090000,0.718932443703,743,0.142618849041,0.300000000000
1045,train,0.016180150125,-1.249005318000,0.031693077565,561,0.051709758132,0.300000000000
1046,train,0.391743119266,8.211095810000,0.647206005004,1833,0.851542952460,0.300000000000
1047,train,0.874145120934,35.821716309000,0.889908256881,562,0.052543786489,0.300000000000
1048,train,0.273144286906,4.753494263000,0.567139282736,2663,0.979983319433,0.300000000000
1049,validation,0.193160967473,1.914020538000,0.490408673895,3252,0.990825688073,0.300000000000
1050,validation,0.395246038365,2.164924622000,0.499582985822,1066,0.347789824854,0.300000000000
1051,train,0.064053377815,-1.238534927000,0.092577147623,654,0.095079232694,0.300000000000
1052,train,0.422602168474,12.003117561000,0.710592160133,2452,0.959966638866,0.300000000000
1053,train,0.209257714762,-0.283756256000,0.311092577148,1064,0.339449541284,0.300000000000
1054,train,0.277147623019,4.540287018000,0.564637197665,2421,0.958298582152,0.300000000000
1055,train,0.011509591326,-0.963893890000,0.185154295246,1375,0.578815679733,0.300000000000
1056,validation,-0.119599666389,-0.970509529000,0.180150125104,4229,0.999165971643,0.300000000000
1057,train,0.709924937448,14.649388313000,0.748957464554,717,0.130108423686,0.300000000000
1058,validation,0.281317764804,0.652139664000,0.413678065054,1189,0.441201000834,0.300000000000
1059,train,0.311092577148,0.427056313000,0.386155129274,931,0.250208507089,0.300000000000
1060,train,0.638115095913,36.172061920000,0.896580483736,1858,0.861551292744,0.300000000000
1061,train,0.637781484570,34.519008636000,0.880733944954,1744,0.809841534612,0.300000000000
1062,train,0.202919099249,-0.128205299000,0.330275229358,1163,0.424520433695,0.300000000000
1063,train,0.576647206005,8.280239105000,0.649708090075,916,0.243536280234,0.300000000000
1064,train,0.553127606339,8.719626427000,0.659716430359,1070,0.355296080067,0.300000000000
1065,holdout,0.274645537948,3.820359230000,0.549624687239,2081,0.916597164304,0.300000000000
1066,holdout,0.534695579650,6.845499516000,0.625521267723,1009,0.302752293578,0.300000000000
1067,holdout,0.819766472060,35.994407654000,0.894078398666,925,0.247706422018,0.300000000000
1068,holdout,0.175896580484,-0.276423454000,0.312760633862,1207,0.456213511259,0.300000000000
1069,train,-0.175562969141,-1.238265038000,0.108423686405,2305,0.946622185154,0.300000000000
1070,train,0.063386155129,-0.371446609000,0.291075896580,1650,0.758965804837,0.300000000000
1071,validation,0.061634695580,-0.305671692000,0.301084236864,1727,0.798165137615,0.300000000000
1072,holdout,-0.174728940784,-1.231375694000,0.121768140117,3087,0.988323603003,0.300000000000
1073,train,-0.128773978315,-1.057031631000,0.160967472894,2508,0.965804837364,0.300000000000
1074,train,0.421017514595,3.022826195000,0.522101751460,1063,0.336947456214,0.300000000000
1075,train,0.425437864887,6.392204285000,0.616346955796,1460,0.636363636364,0.300000000000
1076,train,0.112427022519,-0.328433037000,0.298582151793,1449,0.620517097581,0.300000000000
1077,train,0.315346121768,1.396814346000,0.466221851543,1263,0.502919099249,0.300000000000
1078,validation,-0.031693077565,-1.248362541000,0.045871559633,940,0.258548790659,0.300000000000
1079,holdout,0.362552126772,6.004284859000,0.603002502085,1732,0.801501251043,0.300000000000
1080,train,0.348290241868,0.906661987000,0.430358632193,967,0.273561301084,0.300000000000
1081,holdout,0.400834028357,2.422099113000,0.507923269391,1073,0.356964136781,0.300000000000
1082,train,-0.240783986656,-1.241874695000,0.059216013344,4428,1.000000000000,0.300000000000
1083,train,-0.090825688073,-1.238795280000,0.075062552127,1338,0.552960800667,0.300000000000
1084,train,0.615429524604,21.299985886000,0.812343619683,1498,0.656380316931,0.300000000000
1085,holdout,0.536947456214,11.394823074000,0.703085904921,1338,0.553794829024,0.300000000000
1086,train,-0.103669724771,-1.382090569000,0.019182652210,1153,0.409507923269,0.300000000000
1087,train,0.147456213511,0.381734848000,0.378648874062,1661,0.770642201835,0.300000000000
1088,holdout,0.358798999166,6.524806976000,0.620517097581,1899,0.872393661384,0.300000000000
1089,train,0.252460383653,3.869073868000,0.550458715596,3428,0.993327773144,0.300000000000
1090,holdout,-0.021768140117,-0.782685280000,0.242702251877,1906,0.881567973311,0.300000000000
1091,train,0.614011676397,10.849475861000,0.698081734779,976,0.280233527940,0.300000000000
1092,validation,0.210258548791,-0.249146461000,0.318598832360,1089,0.361134278565,0.300000000000
1093,train,-0.074979149291,-1.238487244000,0.098415346122,1374,0.577981651376,0.300000000000
1094,train,0.841284403670,36.794570923000,0.899082568807,834,0.192660550459,0.300000000000
1095,train,0.041117597998,-0.442778587000,0.281067556297,1731,0.799833194329,0.300000000000
1096,train,0.647789824854,21.147537231000,0.808173477898,1304,0.534612176814,0.300000000000
1097,train,0.195412844037,-0.422564507000,0.285237698082,1006,0.299416180150,0.300000000000
1098,train,0.032110091743,-1.002449989000,0.168473728107,1205,0.454545454545,0.300000000000
1099,holdout,0.939949958299,46.302932739000,0.944954128440,376,0.016680567139,0.300000000000
1100,holdout,0.232193494579,0.003345490000,0.340283569641,1088,0.360300250209,0.300000000000
1101,train,-0.157631359466,-1.248681068000,0.037531276063,1493,0.650542118432,0.300000000000
1102,holdout,0.224520433695,1.165404320000,0.453711426188,1654,0.763969974979,0.300000000000
1103,train,0.606422018349,37.265258789000,0.902418682235,3031,0.986655546289,0.300000000000
1104,holdout,0.347206005004,2.907734871000,0.519599666389,1372,0.574645537948,0.300000000000
1105,train,0.344954128440,6.726750374000,0.624687239366,2174,0.932443703086,0.300000000000
1106,train,0.169057547957,1.102252007000,0.449541284404,2185,0.934945788157,0.300000000000
1107,train,0.278732276897,0.341498375000,0.370308590492,1016,0.305254378649,0.300000000000
1108,train,0.574228523770,21.585754395000,0.815679733111,1737,0.804837364470,0.300000000000
1109,train,-0.115095913261,-1.235003471000,0.117597998332,1684,0.775646371977,0.300000000000
1110,train,0.979566305254,56.549652100000,0.980817347790,258,0.004170141785,0.300000000000
1111,train,-0.039699749791,-1.234903336000,0.118432026689,1299,0.527105921601,0.300000000000
1112,train,0.431276063386,6.205448627000,0.612176814012,1415,0.603002502085,0.300000000000
1113,train,0.088740617181,-0.567757607000,0.269391159299,1414,0.602168473728,0.300000000000
1114,train,0.709507923269,19.432279587000,0.797331109258,995,0.292743953294,0.300000000000
1115,holdout,0.675479566305,23.228626251000,0.829858215179,1273,0.514595496247,0.300000000000
1116,train,0.369474562135,6.307283401000,0.614678899083,1769,0.817347789825,0.300000000000
1117,validation,0.199749791493,0.135581970000,0.353628023353,1272,0.512927439533,0.300000000000
1118,holdout,0.261384487073,-0.367935181000,0.291909924937,663,0.101751459550,0.300000000000
1119,train,0.008173477898,-0.648397446000,0.259382819016,1808,0.837364470392,0.300000000000
1120,train,0.521684737281,3.108096123000,0.525437864887,349,0.012510425354,0.300000000000
1121,train,0.238448707256,-0.293619156000,0.302752293578,877,0.214345287740,0.300000000000
1122,train,0.311509591326,2.116590500000,0.497914929108,1449,0.621351125938,0.300000000000
1123,train,0.170141784821,-0.993320465000,0.172643869892,307,0.008340283570,0.300000000000
1124,train,0.423102585488,1.555944443000,0.477898248540,814,0.182652210175,0.300000000000
1125,holdout,0.665137614679,15.622250557000,0.756463719766,1015,0.304420350292,0.300000000000
1126,train,0.419599666389,2.532943726000,0.512927439533,1030,0.311092577148,0.300000000000
1127,validation,0.553044203503,20.999490738000,0.806505421184,1818,0.844870725605,0.300000000000
1128,train,0.680650542118,33.766891479000,0.874061718098,1487,0.644703919933,0.300000000000
1129,validation,0.633110925771,24.961492538000,0.839032527106,1537,0.686405337781,0.300000000000
1130,validation,0.951209341118,77.573326111000,1.000000000000,773,0.162635529608,0.300000000000
1131,train,0.821100917431,34.840911865000,0.882402001668,852,0.204336947456,0.300000000000
1132,train,0.551876563803,21.172538757000,0.809841534612,1857,0.859883236030,0.300000000000
1133,train,0.750625521268,38.442718506000,0.908256880734,1297,0.525437864887,0.300000000000
1134,train,0.546121768140,6.436417103000,0.617180984153,912,0.236864053378,0.300000000000
1135,train,-0.172143452877,-1.238375664000,0.102585487907,2079,0.915763135947,0.300000000000
1136,train,0.357297748123,5.607524395000,0.587989991660,1659,0.768974145121,0.300000000000
1137,validation,0.200667222686,0.678511620000,0.415346121768,1576,0.715596330275,0.300000000000
1138,train,0.570058381985,14.527148247000,0.746455379483,1385,0.587989991660,0.300000000000
1139,train,0.133611342786,-0.450051308000,0.280233527940,1244,0.488740617181,0.300000000000
1140,train,0.251626355296,0.476716042000,0.394495412844,1231,0.476230191827,0.300000000000
1141,holdout,0.623102585488,38.464145660000,0.909090909091,2361,0.953294412010,0.300000000000
1142,train,0.759883236030,20.409852982000,0.803169307756,747,0.144286905755,0.300000000000
1143,train,0.422435362802,4.480816364000,0.563803169308,1229,0.471226021685,0.300000000000
1144,train,0.128773978315,0.308065414000,0.366972477064,1716,0.793994995830,0.300000000000
1145,train,0.721267723103,17.091819763000,0.774812343620,797,0.178482068390,0.300000000000
1146,train,0.272560467056,2.339805603000,0.506255212677,1687,0.778982485405,0.300000000000
1147,train,0.692410341952,14.930371284000,0.751459549625,845,0.196830692244,0.300000000000
1148,holdout,0.020767306088,-0.938976288000,0.195162635530,1377,0.581317764804,0.300000000000
1149,train,0.698498748957,18.430654526000,0.792326939116,1031,0.312760633862,0.300000000000
1150,train,-0.161634695580,-1.241902351000,0.055045871560,1600,0.722268557131,0.300000000000
1151,train,0.627356130108,33.121643066000,0.869057547957,1740,0.805671392827,0.300000000000
1152,train,0.524437030859,13.474322319000,0.730608840701,1537,0.687239366138,0.300000000000
1153,train,0.255963302752,-0.227269173000,0.322768974145,890,0.222685571309,0.300000000000
1154,train,0.660884070058,31.327547073000,0.861551292744,1525,0.668890742285,0.300000000000
1155,train,0.281818181818,-0.289038658000,0.308590492077,633,0.089241034195,0.300000000000
1156,train,0.583903252711,12.646574974000,0.717264386989,1194,0.444537114262,0.300000000000
1157,train,0.604336947456,8.752328873000,0.661384487073,830,0.190158465388,0.300000000000
1158,train,0.513928273561,7.338975430000,0.635529608007,1141,0.405337781485,0.300000000000
1159,train,0.586655546289,15.247988701000,0.754795663053,1341,0.560467055880,0.300000000000
1160,train,0.123936613845,0.263132095000,0.363636363636,1730,0.798999165972,0.300000000000
1161,train,0.921768140117,51.004104614000,0.958298582152,705,0.121768140117,0.300000000000
1162,train,0.914678899083,56.660621643000,0.982485404504,904,0.226021684737,0.300000000000
1163,holdout,-0.042535446205,-1.248488426000,0.042535446205,980,0.283569641368,0.300000000000
1164,train,0.289908256881,0.398926735000,0.381984987490,1019,0.306922435363,0.300000000000
1165,train,0.295746455379,0.528284073000,0.400333611343,1066,0.348623853211,0.300000000000
1166,train,0.277648040033,4.855054855000,0.569641367807,2579,0.973311092577,0.300000000000
1167,train,0.369391159299,3.161545753000,0.526271893244,1292,0.522935779817,0.300000000000
1168,train,0.087989991660,-0.353526115000,0.294412010008,1538,0.688073394495,0.300000000000
1169,train,0.260550458716,0.394792557000,0.381150959133,1137,0.402001668057,0.300000000000
1170,validation,0.256880733945,0.587122917000,0.407005838198,1262,0.500417014178,0.300000000000
1171,validation,-0.123352793995,-0.988803864000,0.175145954962,3593,0.994995829858,0.300000000000
1172,train,-0.144370308590,-1.237419128000,0.112593828190,1854,0.856547122602,0.300000000000
1173,train,-0.071809841535,-0.858864784000,0.222685571309,2758,0.981651376147,0.300000000000
1174,train,0.734778982485,23.391315460000,0.832360300250,1039,0.325271059216,0.300000000000
1175,validation,0.192076730609,1.808036804000,0.484570475396,2608,0.974979149291,0.300000000000
1176,holdout,0.513594662219,14.651386261000,0.749791492911,1695,0.787322768974,0.300000000000
1177,train,0.603586321935,9.926492691000,0.683903252711,953,0.267723102585,0.300000000000
1178,validation,0.700500417014,16.749654770000,0.769808173478,909,0.231025854879,0.300000000000
1179,validation,-0.059132610509,-0.905909538000,0.206839032527,1940,0.886572143453,0.300000000000
1180,train,-0.023019182652,-1.239886284000,0.065054211843,995,0.293577981651,0.300000000000
1181,holdout,-0.186572143453,-1.237956047000,0.110925771476,3366,0.991659716430,0.300000000000
1182,train,0.703419516264,43.299118042000,0.931609674729,1651,0.760633861551,0.300000000000
1183,train,0.180483736447,-0.920522690000,0.203502919099,613,0.076730608841,0.300000000000
1184,train,0.040533778148,-1.163217545000,0.142618849041,1064,0.340283569641,0.300000000000
1185,train,0.450959132611,5.359519482000,0.583819849875,1193,0.442869057548,0.300000000000
1186,train,0.598415346122,7.327669621000,0.634695579650,703,0.120934111760,0.300000000000
1187,train,-0.008840700584,-0.582326889000,0.266889074229,2083,0.919099249374,0.300000000000
1188,train,0.004170141785,-1.189557076000,0.131776480400,1163,0.425354462052,0.300000000000
1189,validation,0.599582985822,18.833578110000,0.793994995830,1490,0.648040033361,0.300000000000
1190,train,0.585904920767,5.920036316000,0.599666388657,536,0.045871559633,0.300000000000
1191,train,0.978148457048,72.975440979000,0.999165971643,598,0.070058381985,0.300000000000
1192,validation,0.463386155129,3.232904434000,0.527939949958,877,0.215179316097,0.300000000000
1193,train,0.933110925771,63.221496582000,0.996663886572,875,0.211843202669,0.300000000000
1194,train,0.573978315263,25.114818573000,0.840700583820,1949,0.889074228524,0.300000000000
1195,train,0.544787322769,10.098918915000,0.686405337781,1229,0.472060050042,0.300000000000
1196,train,0.777397831526,38.101577759000,0.905754795663,1164,0.427856547123,0.300000000000
1197,train,0.573144286906,11.089675903000,0.702251876564,1166,0.430358632193,0.300000000000
1198,train,0.136280233528,-0.073493958000,0.334445371143,1504,0.660550458716,0.300000000000
1199,train,0.592910758966,13.134258270000,0.722268557131,1166,0.431192660550,0.300000000000
