region_id,split,label,z0_score,midpoint_proxy,z1_seed_42,z1_seed_43,z1_seed_44,z1_seed_45,z1_seed_46,z2_seed_42,z2_seed_43,z2_seed_44,z2_seed_45,z2_seed_46
0,validation,4.088500023,0.033113766,0.010391512,0.104592547,-0.064674646,-0.093729451,0.112025455,-0.020092063,-0.104592547,-0.064674646,0.093729451,-0.112025455,-0.020092063
1,train,21.603000641,0.231431872,0.113572908,0.102417424,-0.054893341,-0.097492345,0.096332327,-0.019297294,-0.102417424,-0.054893341,0.097492345,-0.096332327,-0.019297294
2,train,60.644001007,0.325414956,0.109578250,0.099190407,-0.049427431,-0.100719467,0.089307807,-0.017986495,-0.099190407,-0.049427431,0.100719467,-0.089307807,-0.017986495
3,train,14.397999763,0.125566840,0.045962878,0.103860855,-0.060562093,-0.095520407,0.104182333,-0.019327337,-0.103860855,-0.060562093,0.095520407,-0.104182333,-0.019327337
4,train,0.000000000,0.000000000,0.000000000,0.106616601,-0.068551332,-0.092130691,0.119515106,-0.020620922,-0.106616601,-0.068551332,0.092130691,-0.119515106,-0.020620922
5,validation,45.495998383,0.381175041,0.076836014,0.099422649,-0.047288444,-0.104158700,0.089221418,-0.016885709,-0.099422649,-0.047288444,0.104158700,-0.089221418,-0.016885709
6,holdout,42.771999359,0.391757190,0.056386030,0.099285036,-0.049647525,-0.101574093,0.089624435,-0.017791446,-0.099285036,-0.049647525,0.101574093,-0.089624435,-0.017791446
7,train,4.517499924,0.047523439,0.007819958,0.105422884,-0.063975401,-0.093932785,0.110649839,-0.019355198,-0.105422884,-0.063975401,0.093932785,-0.110649839,-0.019355198
8,train,2.963500023,0.014712410,0.005473180,0.106308848,-0.067811668,-0.092492297,0.118017122,-0.020444807,-0.106308848,-0.067811668,0.092492297,-0.118017122,-0.020444807
9,train,54.757499695,0.304126084,0.086942707,0.099916317,-0.050557695,-0.100266546,0.092250742,-0.017886972,-0.099916317,-0.050557695,0.100266546,-0.092250742,-0.017886972
10,validation,3.373500109,0.040050354,0.003517973,0.105596378,-0.064362556,-0.093725502,0.111827776,-0.019197173,-0.105596378,-0.064362556,0.093725502,-0.111827776,-0.019197173
11,train,-4.431499958,0.099892415,0.096719071,0.105901271,-0.065471150,-0.093413219,0.114949241,-0.021119807,-0.105901271,-0.065471150,0.093413219,-0.114949241,-0.021119807
12,train,5.394999981,0.053010087,0.008554406,0.105644420,-0.064939924,-0.093456358,0.113053203,-0.020288810,-0.105644420,-0.064939924,0.093456358,-0.113053203,-0.020288810
13,validation,0.075000003,0.003516963,0.002549473,0.106500655,-0.067893095,-0.092228383,0.118039146,-0.020170756,-0.106500655,-0.067893095,0.092228383,-0.118039146,-0.020170756
14,train,0.497000009,0.000000114,0.000000000,0.106598496,-0.068478413,-0.092163146,0.119314820,-0.020536706,-0.106598496,-0.068478413,0.092163146,-0.119314820,-0.020536706
15,holdout,4.415999889,0.033283375,0.008801448,0.105866224,-0.065857001,-0.093356475,0.114655867,-0.020242846,-0.105866224,-0.065857001,0.093356475,-0.114655867,-0.020242846
16,train,1.532999992,0.020687697,0.004996645,0.105941758,-0.066778563,-0.092928097,0.116118178,-0.020095043,-0.105941758,-0.066778563,0.092928097,-0.116118178,-0.020095043
17,holdout,0.411000013,0.000411150,0.000185051,0.106485114,-0.068327516,-0.092190802,0.118918583,-0.020436557,-0.106485114,-0.068327516,0.092190802,-0.118918583,-0.020436557
18,train,0.902499974,0.007729429,0.000553686,0.106477261,-0.068238311,-0.092302434,0.118796870,-0.020560402,-0.106477261,-0.068238311,0.092302434,-0.118796870,-0.020560402
19,train,1.576500058,0.012746022,0.003466862,0.105951577,-0.066822670,-0.093019411,0.116804898,-0.020184522,-0.105951577,-0.066822670,0.093019411,-0.116804898,-0.020184522
20,train,1.111999989,0.008284418,0.001029538,0.106464073,-0.068225011,-0.092321947,0.118744418,-0.020555757,-0.106464073,-0.068225011,0.092321947,-0.118744418,-0.020555757
21,train,9.421999931,0.058096554,0.017551625,0.104941592,-0.064389624,-0.094144784,0.111472934,-0.020173324,-0.104941592,-0.064389624,0.094144784,-0.111472934,-0.020173324
22,train,3.924000025,0.100708067,0.040631066,0.104336068,-0.063504897,-0.094857484,0.111925825,-0.020041881,-0.104336068,-0.063504897,0.094857484,-0.111925825,-0.020041881
23,train,23.585500717,0.135828659,0.065997542,0.103358328,-0.058976009,-0.096912965,0.102935091,-0.018949071,-0.103358328,-0.058976009,0.096912965,-0.102935091,-0.018949071
24,validation,0.242500007,0.005622364,0.000371965,0.106495544,-0.067971624,-0.092330188,0.118650213,-0.020587299,-0.106495544,-0.067971624,0.092330188,-0.118650213,-0.020587299
25,train,11.338000298,0.082437553,0.022681051,0.104159787,-0.063086540,-0.094592728,0.109780252,-0.020047985,-0.104159787,-0.063086540,0.094592728,-0.109780252,-0.020047985
26,holdout,1.328500032,0.009327585,0.001345020,0.106383756,-0.067777157,-0.092564136,0.118139878,-0.020565769,-0.106383756,-0.067777157,0.092564136,-0.118139878,-0.020565769
27,holdout,14.006999969,0.129060715,0.063162752,0.103813201,-0.059908774,-0.096073888,0.103124201,-0.020198256,-0.103813201,-0.059908774,0.096073888,-0.103124201,-0.020198256
28,train,1.653499961,0.022948360,0.005669644,0.105674937,-0.066896342,-0.092798524,0.115979195,-0.020050334,-0.105674937,-0.066896342,0.092798524,-0.115979195,-0.020050334
29,train,0.463000000,0.000437163,0.000031581,0.106587157,-0.068352565,-0.092186823,0.119189069,-0.020568654,-0.106587157,-0.068352565,0.092186823,-0.119189069,-0.020568654
30,holdout,3.184499979,0.015771687,0.008790703,0.106145799,-0.067129970,-0.092629239,0.116712362,-0.020294046,-0.106145799,-0.067129970,0.092629239,-0.116712362,-0.020294046
31,train,0.815500021,0.012177178,0.002718817,0.106161550,-0.067765281,-0.092532799,0.117926076,-0.020469256,-0.106161550,-0.067765281,0.092532799,-0.117926076,-0.020469256
32,train,1.157999992,0.011356838,0.000860141,0.106382102,-0.067010231,-0.092720658,0.116909355,-0.020421321,-0.106382102,-0.067010231,0.092720658,-0.116909355,-0.020421321
33,holdout,21.334999084,0.206624106,0.107778352,0.102501139,-0.056655247,-0.097159930,0.098169118,-0.020235933,-0.102501139,-0.056655247,0.097159930,-0.098169118,-0.020235933
34,train,1.615000010,0.029156424,0.006432510,0.105333403,-0.065543726,-0.093689665,0.114651605,-0.020010876,-0.105333403,-0.065543726,0.093689665,-0.114651605,-0.020010876
35,train,2.415999889,0.033430822,0.002279844,0.105672821,-0.064389564,-0.093763910,0.112620175,-0.019359492,-0.105672821,-0.064389564,0.093763910,-0.112620175,-0.019359492
36,validation,6.748499870,0.059342563,0.011922694,0.104176447,-0.062270261,-0.094918981,0.108481824,-0.018904161,-0.104176447,-0.062270261,0.094918981,-0.108481824,-0.018904161
37,validation,9.166500092,0.101213410,0.031506016,0.104971305,-0.062922910,-0.095135041,0.109920591,-0.020219168,-0.104971305,-0.062922910,0.095135041,-0.109920591,-0.020219168
38,train,33.422000885,0.455690503,0.158098116,0.096261002,-0.041426856,-0.104554959,0.076127760,-0.018740343,-0.096261002,-0.041426856,0.104554959,-0.076127760,-0.018740343
39,validation,5.899000168,0.055536069,0.010576467,0.104446247,-0.061983168,-0.094744869,0.108194828,-0.018109210,-0.104446247,-0.061983168,0.094744869,-0.108194828,-0.018109210
40,holdout,42.223499298,0.431185603,0.146557019,0.096358418,-0.042172644,-0.104720756,0.077087983,-0.017678600,-0.096358418,-0.042172644,0.104720756,-0.077087983,-0.017678600
41,validation,0.030500000,0.000000000,0.000000000,0.106613129,-0.068531156,-0.092130974,0.119494542,-0.020612013,-0.106613129,-0.068531156,0.092130974,-0.119494542,-0.020612013
42,holdout,0.299499989,0.007733033,0.000641269,0.106494501,-0.068016276,-0.092358023,0.118508860,-0.020623086,-0.106494501,-0.068016276,0.092358023,-0.118508860,-0.020623086
43,train,13.596500397,0.122134924,0.049924241,0.103545055,-0.060433798,-0.096001819,0.105477914,-0.019545589,-0.103545055,-0.060433798,0.096001819,-0.105477914,-0.019545589
44,train,0.123499997,0.004289135,0.000240513,0.106448159,-0.068133198,-0.092333660,0.118591458,-0.020441527,-0.106448159,-0.068133198,0.092333660,-0.118591458,-0.020441527
45,train,0.235499993,0.002811885,0.000411989,0.106526136,-0.068106897,-0.092326507,0.118584573,-0.020561021,-0.106526136,-0.068106897,0.092326507,-0.118584573,-0.020561021
46,train,0.580999970,0.001868093,0.001470927,0.106374860,-0.067770310,-0.092557833,0.118052095,-0.020581542,-0.106374860,-0.067770310,0.092557833,-0.118052095,-0.020581542
47,validation,64.051498413,0.373877436,0.093901760,0.098701753,-0.046578150,-0.103130944,0.085563943,-0.019675843,-0.098701753,-0.046578150,0.103130944,-0.085563943,-0.019675843
48,holdout,0.453500003,0.006388663,0.001790891,0.106472611,-0.068102837,-0.092288963,0.118792161,-0.020488244,-0.106472611,-0.068102837,0.092288963,-0.118792161,-0.020488244
49,train,16.496500015,0.147023365,0.016866935,0.101677462,-0.055622157,-0.098209463,0.098972514,-0.018245617,-0.101677462,-0.055622157,0.098209463,-0.098972514,-0.018245617
50,train,0.000000000,0.001580349,0.000209351,0.106573716,-0.068325564,-0.092242360,0.119126961,-0.020603247,-0.106573716,-0.068325564,0.092242360,-0.119126961,-0.020603247
51,train,30.138999939,0.411771864,0.177750394,0.097921386,-0.048845746,-0.101924971,0.087223500,-0.021255208,-0.097921386,-0.048845746,0.101924971,-0.087223500,-0.021255208
52,train,0.184000000,0.012947126,0.000827056,0.106263325,-0.067517556,-0.092668414,0.116937697,-0.020433566,-0.106263325,-0.067517556,0.092668414,-0.116937697,-0.020433566
53,holdout,54.979000092,0.325612783,0.111482848,0.097801618,-0.048753124,-0.100253180,0.084228627,-0.018941101,-0.097801618,-0.048753124,0.100253180,-0.084228627,-0.018941101
54,train,0.300999999,0.002613529,0.001092333,0.106486022,-0.068060510,-0.092276081,0.118608832,-0.020442117,-0.106486022,-0.068060510,0.092276081,-0.118608832,-0.020442117
55,holdout,13.928500175,0.159449846,0.061658082,0.103030041,-0.059246887,-0.096779533,0.102194086,-0.020633973,-0.103030041,-0.059246887,0.096779533,-0.102194086,-0.020633973
56,train,0.380499989,0.000296709,0.000000000,0.106605336,-0.068509661,-0.092151254,0.119449079,-0.020612119,-0.106605336,-0.068509661,0.092151254,-0.119449079,-0.020612119
57,train,1.259500027,0.023390237,0.007257056,0.106273443,-0.067444369,-0.092717990,0.117615014,-0.020476334,-0.106273443,-0.067444369,0.092717990,-0.117615014,-0.020476334
58,train,0.000000000,0.000023399,0.000000000,0.106601775,-0.068494141,-0.092146873,0.119342327,-0.020568760,-0.106601775,-0.068494141,0.092146873,-0.119342327,-0.020568760
59,validation,50.636501312,0.470874161,0.195388432,0.097574368,-0.042992916,-0.106862657,0.081171453,-0.018098485,-0.097574368,-0.042992916,0.106862657,-0.081171453,-0.018098485
60,train,5.792500019,0.046050508,0.006152179,0.105875552,-0.066432230,-0.093368456,0.115808636,-0.020041777,-0.105875552,-0.066432230,0.093368456,-0.115808636,-0.020041777
61,train,0.000000000,0.000000000,0.000000000,0.106616601,-0.068551332,-0.092130691,0.119515106,-0.020620922,-0.106616601,-0.068551332,0.092130691,-0.119515106,-0.020620922
62,holdout,13.038499832,0.083643563,0.010322589,0.103586331,-0.059414186,-0.096380755,0.105643719,-0.019455038,-0.103586331,-0.059414186,0.096380755,-0.105643719,-0.019455038
63,holdout,56.572498322,0.480010569,0.238156611,0.097801276,-0.043851696,-0.103813663,0.080390327,-0.019561144,-0.097801276,-0.043851696,0.103813663,-0.080390327,-0.019561144
64,train,31.314500809,0.221589714,0.053405943,0.100648224,-0.052847963,-0.099299587,0.093921885,-0.020292195,-0.100648224,-0.052847963,0.099299587,-0.093921885,-0.020292195
65,train,0.982500017,0.000395883,0.000000000,0.106605530,-0.068413325,-0.092170641,0.119321883,-0.020570774,-0.106605530,-0.068413325,0.092170641,-0.119321883,-0.020570774
66,train,5.661499977,0.046179608,0.015506632,0.104887903,-0.064925410,-0.093856514,0.112154320,-0.020214159,-0.104887903,-0.064925410,0.093856514,-0.112154320,-0.020214159
67,train,12.531000137,0.150086418,0.036955000,0.103374377,-0.059313230,-0.096353792,0.105577439,-0.019205345,-0.103374377,-0.059313230,0.096353792,-0.105577439,-0.019205345
68,train,54.714000702,0.350403756,0.139527774,0.099943183,-0.049041286,-0.102160618,0.088166326,-0.016904680,-0.099943183,-0.049041286,0.102160618,-0.088166326,-0.016904680
69,train,40.156501770,0.256657720,0.097945399,0.098529875,-0.049279049,-0.102511793,0.084174439,-0.020809621,-0.098529875,-0.049279049,0.102511793,-0.084174439,-0.020809621
70,validation,4.840000153,0.040830061,0.006167366,0.105881855,-0.064361535,-0.093556464,0.112207875,-0.019358525,-0.105881855,-0.064361535,0.093556464,-0.112207875,-0.019358525
71,holdout,3.434999943,0.059355583,0.010690887,0.104636982,-0.062440604,-0.094590172,0.108973131,-0.019073160,-0.104636982,-0.062440604,0.094590172,-0.108973131,-0.019073160
72,train,9.470000267,0.063407406,0.016868400,0.104870513,-0.063081816,-0.095151559,0.109105244,-0.020015229,-0.104870513,-0.063081816,0.095151559,-0.109105244,-0.020015229
73,train,2.197000027,0.016201869,0.001896469,0.106184095,-0.067068711,-0.092837259,0.116681635,-0.020363029,-0.106184095,-0.067068711,0.092837259,-0.116681635,-0.020363029
74,holdout,3.706000090,0.105318926,0.039347882,0.104013965,-0.061548859,-0.095223911,0.108418345,-0.018998085,-0.104013965,-0.061548859,0.095223911,-0.108418345,-0.018998085
75,validation,0.257499993,0.002834213,0.000670908,0.106570467,-0.068235599,-0.092216954,0.118990585,-0.020516999,-0.106570467,-0.068235599,0.092216954,-0.118990585,-0.020516999
76,train,2.252500057,0.037056331,0.005610548,0.105058849,-0.065075293,-0.093530044,0.112464190,-0.020030215,-0.105058849,-0.065075293,0.093530044,-0.112464190,-0.020030215
77,train,4.569499969,0.051318686,0.011777253,0.104631245,-0.064670749,-0.093773432,0.112357765,-0.019961435,-0.104631245,-0.064670749,0.093773432,-0.112357765,-0.019961435
78,train,0.754999995,0.007725765,0.000836752,0.106366888,-0.067647189,-0.092594311,0.117955446,-0.020481918,-0.106366888,-0.067647189,0.092594311,-0.117955446,-0.020481918
79,validation,0.000000000,0.000000460,0.000000000,0.106604010,-0.068522573,-0.092148125,0.119454965,-0.020610981,-0.106604010,-0.068522573,0.092148125,-0.119454965,-0.020610981
80,train,4.907999992,0.043671004,0.004580802,0.104376599,-0.062941261,-0.094318762,0.108964279,-0.019251205,-0.104376599,-0.062941261,0.094318762,-0.108964279,-0.019251205
81,train,1.810999990,0.013330415,0.002159541,0.106197760,-0.067423344,-0.092761979,0.117413044,-0.020393122,-0.106197760,-0.067423344,0.092761979,-0.117413044,-0.020393122
82,train,1.481500030,0.011311245,0.005753812,0.106364101,-0.067919113,-0.092362531,0.118144706,-0.020459387,-0.106364101,-0.067919113,0.092362531,-0.118144706,-0.020459387
83,holdout,15.100000381,0.141207829,0.031731241,0.104168117,-0.059486408,-0.096152522,0.103811383,-0.018893002,-0.104168117,-0.059486408,0.096152522,-0.103811383,-0.018893002
84,train,77.295997620,0.443379343,0.183281909,0.097792774,-0.041665830,-0.105430268,0.080940403,-0.021086430,-0.097792774,-0.041665830,0.105430268,-0.080940403,-0.021086430
85,train,0.837000012,0.020897724,0.008909577,0.106163040,-0.067430615,-0.092678353,0.117698014,-0.020441787,-0.106163040,-0.067430615,0.092678353,-0.117698014,-0.020441787
86,validation,17.416999817,0.227815449,0.118109309,0.102790549,-0.058030225,-0.096940041,0.103039846,-0.020597765,-0.102790549,-0.058030225,0.096940041,-0.103039846,-0.020597765
87,train,10.772500038,0.099086560,0.013277042,0.104292139,-0.062226869,-0.095035002,0.110496715,-0.019103138,-0.104292139,-0.062226869,0.095035002,-0.110496715,-0.019103138
88,holdout,1.110000014,0.017172087,0.004245591,0.106151119,-0.067694336,-0.092582613,0.117648423,-0.020420207,-0.106151119,-0.067694336,0.092582613,-0.117648423,-0.020420207
89,train,0.460500002,0.004974864,0.001467722,0.106426299,-0.067927778,-0.092318714,0.118312046,-0.020546252,-0.106426299,-0.067927778,0.092318714,-0.118312046,-0.020546252
90,train,0.115500003,0.000000175,0.000000000,0.106599316,-0.068402864,-0.092154235,0.119180784,-0.020478262,-0.106599316,-0.068402864,0.092154235,-0.119180784,-0.020478262
91,train,2.070499897,0.036551930,0.002179386,0.105600044,-0.064505741,-0.093646564,0.112944737,-0.019340653,-0.105600044,-0.064505741,0.093646564,-0.112944737,-0.019340653
92,train,1.846500039,0.030388350,0.005119962,0.105558127,-0.066029064,-0.093164280,0.114733651,-0.020280654,-0.105558127,-0.066029064,0.093164280,-0.114733651,-0.020280654
93,train,1.590999961,0.009784892,0.003690249,0.106439710,-0.067960411,-0.092429236,0.118513167,-0.020564890,-0.106439710,-0.067960411,0.092429236,-0.118513167,-0.020564890
94,train,-0.529500008,0.073927656,0.066045765,0.105777398,-0.065586738,-0.093319200,0.115164995,-0.020798072,-0.105777398,-0.065586738,0.093319200,-0.115164995,-0.020798072
95,train,0.000000000,0.000000000,0.000000000,0.106616601,-0.068551332,-0.092130691,0.119515106,-0.020620922,-0.106616601,-0.068551332,0.092130691,-0.119515106,-0.020620922
96,train,43.460498810,0.474745005,0.252490908,0.097190872,-0.044692162,-0.102919012,0.079573974,-0.019401845,-0.097190872,-0.044692162,0.102919012,-0.079573974,-0.019401845
97,train,0.519999981,0.000900220,0.000000000,0.106569797,-0.068400234,-0.092189886,0.119236052,-0.020530812,-0.106569797,-0.068400234,0.092189886,-0.119236052,-0.020530812
98,train,0.260500014,0.004495205,0.000188056,0.106467336,-0.067955956,-0.092328236,0.118499577,-0.020587822,-0.106467336,-0.067955956,0.092328236,-0.118499577,-0.020587822
99,train,0.040500000,0.000000000,0.000000000,0.106616601,-0.068551332,-0.092130691,0.119515106,-0.020620922,-0.106616601,-0.068551332,0.092130691,-0.119515106,-0.020620922
100,train,42.782501221,0.153019145,0.107398578,0.098282255,-0.046663094,-0.103167064,0.083734274,-0.015436863,-0.098282255,-0.046663094,0.103167064,-0.083734274,-0.015436863
101,validation,0.231000006,0.005048735,0.000614436,0.106480137,-0.067996927,-0.092327967,0.118706346,-0.020608848,-0.106480137,-0.067996927,0.092327967,-0.118706346,-0.020608848
102,validation,1.790500045,0.013563260,0.001913774,0.106184587,-0.067251258,-0.092613764,0.117140964,-0.020175856,-0.106184587,-0.067251258,0.092613764,-0.117140964,-0.020175856
103,train,0.232500002,0.002892502,0.001115044,0.106473401,-0.068123430,-0.092218608,0.118779331,-0.020420503,-0.106473401,-0.068123430,0.092218608,-0.118779331,-0.020420503
104,train,0.725499988,0.006612477,0.001727552,0.106315434,-0.066860981,-0.092383452,0.115808323,-0.019506775,-0.106315434,-0.066860981,0.092383452,-0.115808323,-0.019506775
105,validation,31.611499786,0.183484942,0.042893583,0.102881789,-0.057273686,-0.097815551,0.101715475,-0.018541522,-0.102881789,-0.057273686,0.097815551,-0.101715475,-0.018541522
106,train,0.586499989,0.001659253,0.000000000,0.106597364,-0.068463624,-0.092164181,0.119368970,-0.020567972,-0.106597364,-0.068463624,0.092164181,-0.119368970,-0.020567972
107,train,0.958000004,0.000000071,0.000000000,0.106602222,-0.068513505,-0.092139006,0.119446322,-0.020605987,-0.106602222,-0.068513505,0.092139006,-0.119446322,-0.020605987
108,holdout,0.000000000,0.000000050,0.000220255,0.106600195,-0.068506114,-0.092144445,0.119369224,-0.020575102,-0.106600195,-0.068506114,0.092144445,-0.119369224,-0.020575102
109,validation,19.479499817,0.114048846,0.058850202,0.101566836,-0.056069806,-0.097915739,0.092944682,-0.018670795,-0.101566836,-0.056069806,0.097915739,-0.092944682,-0.018670795
110,train,4.624499798,0.021682765,0.003529872,0.105964720,-0.066116624,-0.093175165,0.115299195,-0.020320231,-0.105964720,-0.066116624,0.093175165,-0.115299195,-0.020320231
111,train,0.159999996,0.000016421,0.000000000,0.106609896,-0.068373054,-0.092164725,0.119147256,-0.020501569,-0.106609896,-0.068373054,0.092164725,-0.119147256,-0.020501569
112,train,7.034999847,0.052009486,0.009193199,0.104950607,-0.063747860,-0.093937196,0.111479789,-0.019905288,-0.104950607,-0.063747860,0.093937196,-0.111479789,-0.019905288
113,train,16.306499481,0.115898430,0.022953151,0.102465659,-0.058794972,-0.096367978,0.101530790,-0.019496171,-0.102465659,-0.058794972,0.096367978,-0.101530790,-0.019496171
114,validation,35.944000244,0.409425795,0.071688962,0.098101206,-0.048371579,-0.102441065,0.089209445,-0.018177791,-0.098101206,-0.048371579,0.102441065,-0.089209445,-0.018177791
115,holdout,1.873499990,0.016268242,0.007955231,0.106218040,-0.067608498,-0.092559375,0.117428184,-0.020561647,-0.106218040,-0.067608498,0.092559375,-0.117428184,-0.020561647
116,train,47.997501373,0.254657120,0.092410575,0.098073736,-0.048635546,-0.102002732,0.088715971,-0.016464133,-0.098073736,-0.048635546,0.102002732,-0.088715971,-0.016464133
117,holdout,15.607000351,0.176854730,0.032238177,0.102254570,-0.057808179,-0.097254612,0.100586146,-0.019886626,-0.102254570,-0.057808179,0.097254612,-0.100586146,-0.019886626
118,train,0.133000001,0.002692891,0.000000000,0.106565386,-0.068301275,-0.092219830,0.119063899,-0.020576565,-0.106565386,-0.068301275,0.092219830,-0.119063899,-0.020576565
119,train,0.020500001,0.002854939,0.000178156,0.106558651,-0.068388551,-0.092214778,0.119233862,-0.020616757,-0.106558651,-0.068388551,0.092214778,-0.119233862,-0.020616757
120,train,33.016998291,0.276648730,0.092786286,0.099927850,-0.047703035,-0.101617575,0.085988142,-0.016211594,-0.099927850,-0.047703035,0.101617575,-0.085988142,-0.016211594
121,validation,1.139500022,0.003463126,0.000231974,0.106395379,-0.068226568,-0.092279099,0.118545562,-0.020423768,-0.106395379,-0.068226568,0.092279099,-0.118545562,-0.020423768
122,train,0.479999989,0.001364899,0.000000000,0.106594309,-0.068512790,-0.092152923,0.119458467,-0.020603199,-0.106594309,-0.068512790,0.092152923,-0.119458467,-0.020603199
123,validation,0.927500010,0.010571002,0.002362862,0.106197119,-0.067306489,-0.092730209,0.117268085,-0.020482730,-0.106197119,-0.067306489,0.092730209,-0.117268085,-0.020482730
124,train,23.380500793,0.208075374,0.056807904,0.100360870,-0.053699300,-0.099111855,0.094687328,-0.018131856,-0.100360870,-0.053699300,0.099111855,-0.094687328,-0.018131856
125,train,0.001000000,0.000040431,0.000000000,0.106601089,-0.068460330,-0.092156574,0.119310081,-0.020560458,-0.106601089,-0.068460330,0.092156574,-0.119310081,-0.020560458
126,holdout,0.752499998,0.005717967,0.001505080,0.106378481,-0.067843378,-0.092376530,0.118211553,-0.020423831,-0.106378481,-0.067843378,0.092376530,-0.118211553,-0.020423831
127,validation,0.029999999,0.000000000,0.000000000,0.106616601,-0.068551332,-0.092130691,0.119515106,-0.020620922,-0.106616601,-0.068551332,0.092130691,-0.119515106,-0.020620922
128,train,21.906999588,0.283991069,0.080602716,0.101107225,-0.051251817,-0.099704884,0.094273791,-0.019148309,-0.101107225,-0.051251817,0.099704884,-0.094273791,-0.019148309
129,train,6.735000134,0.066106342,0.013954589,0.104738355,-0.062756546,-0.094603993,0.109185159,-0.019966792,-0.104738355,-0.062756546,0.094603993,-0.109185159,-0.019966792
130,holdout,0.236499995,0.004748378,0.000643384,0.106448114,-0.067927688,-0.092328787,0.118450448,-0.020568170,-0.106448114,-0.067927688,0.092328787,-0.118450448,-0.020568170
131,holdout,44.068000793,0.398260146,0.106813025,0.098650336,-0.045067355,-0.103356622,0.085460998,-0.019009905,-0.098650336,-0.045067355,0.103356622,-0.085460998,-0.019009905
132,train,4.961500168,0.043674633,0.006486148,0.105492666,-0.065004595,-0.093698375,0.113441482,-0.019939452,-0.105492666,-0.065004595,0.093698375,-0.113441482,-0.019939452
133,train,0.000000000,0.000000000,0.000000000,0.106616601,-0.068551332,-0.092130691,0.119515106,-0.020620922,-0.106616601,-0.068551332,0.092130691,-0.119515106,-0.020620922
134,train,0.370999992,0.000799426,0.000000000,0.106569529,-0.068461314,-0.092143185,0.119279414,-0.020563893,-0.106569529,-0.068461314,0.092143185,-0.119279414,-0.020563893
135,train,33.689998627,0.292304784,0.074518462,0.099484846,-0.050193038,-0.100756831,0.086000890,-0.020256625,-0.099484846,-0.050193038,0.100756831,-0.086000890,-0.020256625
136,train,-0.866500020,0.009371010,0.002747851,0.106313244,-0.067714773,-0.092525840,0.117986932,-0.020551901,-0.106313244,-0.067714773,0.092525840,-0.117986932,-0.020551901
137,holdout,5.022500038,0.022164250,0.001374946,0.105744436,-0.066257648,-0.093032546,0.115120903,-0.019738536,-0.105744436,-0.066257648,0.093032546,-0.115120903,-0.019738536
138,holdout,0.772499979,0.001216746,0.000594884,0.106544748,-0.068356402,-0.092261933,0.118998915,-0.020544359,-0.106544748,-0.068356402,0.092261933,-0.118998915,-0.020544359
139,validation,10.406499863,0.088430807,0.009517864,0.101899579,-0.056962688,-0.097085483,0.102517739,-0.017537020,-0.101899579,-0.056962688,0.097085483,-0.102517739,-0.017537020
140,train,0.230499998,0.003240741,0.000532057,0.106551409,-0.068219259,-0.092191994,0.118930906,-0.020437151,-0.106551409,-0.068219259,0.092191994,-0.118930906,-0.020437151
141,train,24.642999649,0.203301966,0.056936013,0.101690710,-0.055823535,-0.097302638,0.099186450,-0.018953124,-0.101690710,-0.055823535,0.097302638,-0.099186450,-0.018953124
142,train,0.081000000,0.003686953,0.000000000,0.106490195,-0.068288445,-0.092260197,0.119073793,-0.020577973,-0.106490195,-0.068288445,0.092260197,-0.119073793,-0.020577973
143,holdout,21.141500473,0.226080075,0.105083482,0.102018297,-0.055759478,-0.097700723,0.097325951,-0.019021051,-0.102018297,-0.055759478,0.097700723,-0.097325951,-0.019021051
144,validation,0.953000009,0.011929546,0.000344538,0.106203839,-0.066933729,-0.092716277,0.116875350,-0.020265944,-0.106203839,-0.066933729,0.092716277,-0.116875350,-0.020265944
145,train,26.759500504,0.197471112,0.071342675,0.100283265,-0.052920245,-0.098469093,0.093610287,-0.017934948,-0.100283265,-0.052920245,0.098469093,-0.093610287,-0.017934948
146,train,1.447999954,0.015504458,0.008990970,0.106231689,-0.067655206,-0.092583448,0.117471710,-0.020651991,-0.106231689,-0.067655206,0.092583448,-0.117471710,-0.020651991
147,train,16.927000046,0.101974867,0.015802723,0.102947935,-0.059369374,-0.096201234,0.102834821,-0.019394914,-0.102947935,-0.059369374,0.096201234,-0.102834821,-0.019394914
148,train,4.987500191,0.066186063,0.015647675,0.104625106,-0.064084411,-0.094081879,0.111951411,-0.019804642,-0.104625106,-0.064084411,0.094081879,-0.111951411,-0.019804642
149,train,52.110000610,0.311011314,0.125768962,0.098206349,-0.046719078,-0.103069022,0.081427746,-0.016813911,-0.098206349,-0.046719078,0.103069022,-0.081427746,-0.016813911
150,train,3.184999943,0.016515186,0.006633361,0.106221691,-0.067536131,-0.092493579,0.117227942,-0.020332024,-0.106221691,-0.067536131,0.092493579,-0.117227942,-0.020332024
151,holdout,1.649000049,0.024118744,0.007812538,0.105919838,-0.066530585,-0.092993304,0.116724342,-0.020399887,-0.105919838,-0.066530585,0.092993304,-0.116724342,-0.020399887
152,train,24.377500534,0.139047906,0.049346739,0.101194844,-0.054823212,-0.097944230,0.096120879,-0.017547207,-0.101194844,-0.054823212,0.097944230,-0.096120879,-0.017547207
153,train,40.691501617,0.481425345,0.214009626,0.098287344,-0.045675982,-0.102529690,0.083099142,-0.020502359,-0.098287344,-0.045675982,0.102529690,-0.083099142,-0.020502359
154,train,48.665500641,0.296914876,0.126935342,0.097878203,-0.045158539,-0.105139285,0.080468781,-0.014741338,-0.097878203,-0.045158539,0.105139285,-0.080468781,-0.014741338
155,train,46.081001282,0.248375505,0.087552504,0.097913690,-0.049979586,-0.100635670,0.089181006,-0.018012887,-0.097913690,-0.049979586,0.100635670,-0.089181006,-0.018012887
156,train,1.605499983,0.059784282,0.007285628,0.105967239,-0.066057920,-0.093188837,0.115420267,-0.020889619,-0.105967239,-0.066057920,0.093188837,-0.115420267,-0.020889619
157,validation,69.884002686,0.424570203,0.127437175,0.099177264,-0.045128219,-0.104111150,0.087906212,-0.017188240,-0.099177264,-0.045128219,0.104111150,-0.087906212,-0.017188240
158,train,1.678500056,0.054448698,0.012821393,0.104741216,-0.064163953,-0.093940228,0.110836312,-0.019872651,-0.104741216,-0.064163953,0.093940228,-0.110836312,-0.019872651
159,train,0.223499998,0.002399929,0.000744958,0.106549278,-0.068325333,-0.092199057,0.118984669,-0.020555887,-0.106549278,-0.068325333,0.092199057,-0.118984669,-0.020555887
160,train,0.003500000,0.004516199,0.002409335,0.106579050,-0.068356723,-0.092190966,0.119138971,-0.020635396,-0.106579050,-0.068356723,0.092190966,-0.119138971,-0.020635396
161,train,1.867499948,0.026232073,0.007031301,0.105949268,-0.066406697,-0.093030646,0.116391972,-0.020347532,-0.105949268,-0.066406697,0.093030646,-0.116391972,-0.020347532
162,validation,0.003000000,0.000000000,0.000000000,0.106616601,-0.068551332,-0.092130691,0.119515106,-0.020620922,-0.106616601,-0.068551332,0.092130691,-0.119515106,-0.020620922
163,train,0.041000001,0.002537703,0.000178156,0.106518298,-0.068390094,-0.092208445,0.119182020,-0.020612625,-0.106518298,-0.068390094,0.092208445,-0.119182020,-0.020612625
164,train,2.785500050,0.017168270,0.002404090,0.105322346,-0.064899489,-0.093571171,0.112340435,-0.019315697,-0.105322346,-0.064899489,0.093571171,-0.112340435,-0.019315697
165,train,0.000000000,0.000000152,0.000022827,0.106588647,-0.068501525,-0.092132002,0.119361967,-0.020576665,-0.106588647,-0.068501525,0.092132002,-0.119361967,-0.020576665
166,train,4.672500134,0.046972245,0.010646931,0.104816869,-0.064090237,-0.094264701,0.110905766,-0.020218991,-0.104816869,-0.064090237,0.094264701,-0.110905766,-0.020218991
167,validation,1.006000042,0.006551733,0.000584770,0.106388882,-0.067987196,-0.092437334,0.118443727,-0.020335257,-0.106388882,-0.067987196,0.092437334,-0.118443727,-0.020335257
168,validation,0.759999990,0.000563162,0.000000000,0.106562689,-0.068327263,-0.092238709,0.119128481,-0.020511607,-0.106562689,-0.068327263,0.092238709,-0.119128481,-0.020511607
169,train,0.221499994,0.001068153,0.000951862,0.106530875,-0.068222582,-0.092291906,0.118826658,-0.020607470,-0.106530875,-0.068222582,0.092291906,-0.118826658,-0.020607470
170,train,2.470499992,0.031006677,0.005023555,0.105752483,-0.066088676,-0.093145877,0.115082785,-0.020279625,-0.105752483,-0.066088676,0.093145877,-0.115082785,-0.020279625
171,train,0.736500025,0.011448290,0.005524657,0.106389090,-0.067971207,-0.092359036,0.118233070,-0.020498170,-0.106389090,-0.067971207,0.092359036,-0.118233070,-0.020498170
172,validation,50.700000763,0.276110351,0.065396976,0.100878008,-0.052650534,-0.099178642,0.097424783,-0.018544547,-0.100878008,-0.052650534,0.099178642,-0.097424783,-0.018544547
173,train,0.000000000,0.000000000,0.000000000,0.106616601,-0.068551332,-0.092130691,0.119515106,-0.020620922,-0.106616601,-0.068551332,0.092130691,-0.119515106,-0.020620922
174,holdout,4.584499836,0.021223396,0.000924734,0.105955034,-0.066597752,-0.092830844,0.115898535,-0.019862071,-0.105955034,-0.066597752,0.092830844,-0.115898535,-0.019862071
175,train,-2.092499971,0.093757637,0.050312523,0.105558738,-0.065409735,-0.093382739,0.114386648,-0.020888586,-0.105558738,-0.065409735,0.093382739,-0.114386648,-0.020888586
176,train,47.841499329,0.427268744,0.207625706,0.096404627,-0.043896202,-0.104751810,0.075773723,-0.018333822,-0.096404627,-0.043896202,0.104751810,-0.075773723,-0.018333822
177,train,1.370499969,0.014110191,0.001124809,0.106056973,-0.066699646,-0.092861027,0.116401151,-0.020300493,-0.106056973,-0.066699646,0.092861027,-0.116401151,-0.020300493
178,validation,2.086999893,0.010039954,0.002549716,0.105910927,-0.066484913,-0.093075804,0.115268722,-0.019729739,-0.105910927,-0.066484913,0.093075804,-0.115268722,-0.019729739
179,validation,0.262499988,0.002731892,0.000782650,0.106423810,-0.068005644,-0.092286244,0.118435368,-0.020446911,-0.106423810,-0.068005644,0.092286244,-0.118435368,-0.020446911
180,validation,3.986000061,0.012598339,0.004180777,0.105895892,-0.066624187,-0.092761032,0.115344435,-0.019747106,-0.105895892,-0.066624187,0.092761032,-0.115344435,-0.019747106
181,train,0.225999996,0.003296915,0.000000000,0.106587231,-0.068319879,-0.092236504,0.118961826,-0.020592140,-0.106587231,-0.068319879,0.092236504,-0.118961826,-0.020592140
182,train,16.710500717,0.145172462,0.061455468,0.103244588,-0.058363967,-0.096880265,0.102391288,-0.019970030,-0.103244588,-0.058363967,0.096880265,-0.102391288,-0.019970030
183,train,0.286500007,0.011859043,0.001902248,0.106172755,-0.067607418,-0.092592373,0.117763326,-0.020408841,-0.106172755,-0.067607418,0.092592373,-0.117763326,-0.020408841
184,train,0.693499982,0.062672913,0.021375648,0.105481252,-0.065612048,-0.093360610,0.114646062,-0.020207305,-0.105481252,-0.065612048,0.093360610,-0.114646062,-0.020207305
185,validation,8.400500298,0.102315649,0.024648712,0.104232952,-0.062449463,-0.095278367,0.108930379,-0.020027813,-0.104232952,-0.062449463,0.095278367,-0.108930379,-0.020027813
186,train,0.527499974,0.005674525,0.001865888,0.106356725,-0.067672119,-0.092552438,0.117969930,-0.020568546,-0.106356725,-0.067672119,0.092552438,-0.117969930,-0.020568546
187,train,30.944999695,0.197018206,0.096308620,0.102007329,-0.057049796,-0.097068638,0.097489387,-0.019894414,-0.102007329,-0.057049796,0.097068638,-0.097489387,-0.019894414
188,holdout,57.117000580,0.350544006,0.108335326,0.099488802,-0.048424415,-0.100778811,0.087661795,-0.017725036,-0.099488802,-0.048424415,0.100778811,-0.087661795,-0.017725036
189,train,22.506500244,0.163564622,0.051004899,0.101591855,-0.055367943,-0.098371208,0.092259496,-0.018356515,-0.101591855,-0.055367943,0.098371208,-0.092259496,-0.018356515
190,train,9.524499893,0.062256008,0.012821474,0.104406878,-0.061483786,-0.095565476,0.107664183,-0.019439233,-0.104406878,-0.061483786,0.095565476,-0.107664183,-0.019439233
191,validation,0.000000000,0.000000000,0.000000000,0.106616601,-0.068551332,-0.092130691,0.119515106,-0.020620922,-0.106616601,-0.068551332,0.092130691,-0.119515106,-0.020620922
192,train,3.172499895,0.035830762,0.004570015,0.104441613,-0.063527897,-0.094584882,0.111302614,-0.019311916,-0.104441613,-0.063527897,0.094584882,-0.111302614,-0.019311916
193,train,0.000000000,0.002572097,0.000000000,0.106551901,-0.068384923,-0.092236117,0.119149625,-0.020633858,-0.106551901,-0.068384923,0.092236117,-0.119149625,-0.020633858
194,train,0.000000000,0.000000000,0.000000000,0.106616601,-0.068551332,-0.092130691,0.119515106,-0.020620922,-0.106616601,-0.068551332,0.092130691,-0.119515106,-0.020620922
195,train,0.585500002,0.006532372,0.001869619,0.106234178,-0.067565553,-0.092448346,0.117321938,-0.020250056,-0.106234178,-0.067565553,0.092448346,-0.117321938,-0.020250056
196,train,0.000000000,0.001047113,0.000220255,0.106573388,-0.068475105,-0.092172980,0.119314075,-0.020568129,-0.106573388,-0.068475105,0.092172980,-0.119314075,-0.020568129
197,train,60.474498749,0.446374893,0.087861058,0.098432317,-0.046087600,-0.103072233,0.086628765,-0.018751003,-0.098432317,-0.046087600,0.103072233,-0.086628765,-0.018751003
198,train,0.506500006,0.005158066,0.001227710,0.106411189,-0.067787327,-0.092348218,0.118142247,-0.020557288,-0.106411189,-0.067787327,0.092348218,-0.118142247,-0.020557288
199,train,1.739500046,0.015450813,0.007048871,0.106196299,-0.067455992,-0.092555828,0.117442861,-0.020347361,-0.106196299,-0.067455992,0.092555828,-0.117442861,-0.020347361
200,validation,0.242500007,0.002895346,0.000614589,0.106456250,-0.068194196,-0.092179105,0.118605986,-0.020460086,-0.106456250,-0.068194196,0.092179105,-0.118605986,-0.020460086
201,train,27.662500381,0.187868595,0.066399106,0.099949986,-0.052822392,-0.099765286,0.089060992,-0.018406611,-0.099949986,-0.052822392,0.099765286,-0.089060992,-0.018406611
202,train,62.507499695,0.432395160,0.188134559,0.098617062,-0.043646779,-0.104356945,0.083044760,-0.019398246,-0.098617062,-0.043646779,0.104356945,-0.083044760,-0.019398246
203,validation,4.333499908,0.041881237,0.010166336,0.104291931,-0.064506799,-0.093858980,0.111775249,-0.020079585,-0.104291931,-0.064506799,0.093858980,-0.111775249,-0.020079585
204,holdout,0.254999995,0.000014867,0.000000000,0.106613338,-0.068479307,-0.092155099,0.119383946,-0.020576950,-0.106613338,-0.068479307,0.092155099,-0.119383946,-0.020576950
205,train,18.572500229,0.104608946,0.020742439,0.102530003,-0.059286658,-0.096446022,0.101847231,-0.019205522,-0.102530003,-0.059286658,0.096446022,-0.101847231,-0.019205522
206,holdout,0.041499998,0.002536438,0.000388806,0.106589198,-0.068409212,-0.092179731,0.119249150,-0.020571744,-0.106589198,-0.068409212,0.092179731,-0.119249150,-0.020571744
207,train,10.432999611,0.061063420,0.020590673,0.104837909,-0.063146822,-0.094829030,0.109457836,-0.019903550,-0.104837909,-0.063146822,0.094829030,-0.109457836,-0.019903550
208,train,61.607498169,0.491148889,0.191514413,0.098613583,-0.042297568,-0.105167560,0.081222825,-0.019755373,-0.098613583,-0.042297568,0.105167560,-0.081222825,-0.019755373
209,train,0.126000002,0.000000000,0.000000000,0.106616601,-0.068551332,-0.092130691,0.119515106,-0.020620922,-0.106616601,-0.068551332,0.092130691,-0.119515106,-0.020620922
210,train,0.000000000,0.001057419,0.000220255,0.106572703,-0.068477966,-0.092171058,0.119302496,-0.020572919,-0.106572703,-0.068477966,0.092171058,-0.119302496,-0.020572919
211,holdout,51.972499847,0.322475314,0.103242439,0.098211080,-0.049039088,-0.100232683,0.085880339,-0.019457404,-0.098211080,-0.049039088,0.100232683,-0.085880339,-0.019457404
212,train,1.497499943,0.010021097,0.001660248,0.106440946,-0.068037324,-0.092393026,0.118535295,-0.020580800,-0.106440946,-0.068037324,0.092393026,-0.118535295,-0.020580800
213,train,-3.533999920,0.091729015,0.075872398,0.105847359,-0.065474086,-0.093327597,0.114635170,-0.020780381,-0.105847359,-0.065474086,0.093327597,-0.114635170,-0.020780381
214,train,13.877499580,0.118847519,0.064208448,0.103769466,-0.062218282,-0.095427684,0.106751561,-0.020187335,-0.103769466,-0.062218282,0.095427684,-0.106751561,-0.020187335
215,validation,25.034500122,0.506210029,0.086213282,0.097816482,-0.045891032,-0.103909731,0.085992068,-0.019786147,-0.097816482,-0.045891032,0.103909731,-0.085992068,-0.019786147
216,validation,0.078000002,0.002539498,0.000178156,0.106487349,-0.068337701,-0.092221409,0.119076669,-0.020575397,-0.106487349,-0.068337701,0.092221409,-0.119076669,-0.020575397
217,train,77.646499634,0.517045677,0.182252880,0.098234102,-0.039690975,-0.105362296,0.083007768,-0.019468460,-0.098234102,-0.039690975,0.105362296,-0.083007768,-0.019468460
218,holdout,30.416500092,0.233067676,0.101075370,0.100319579,-0.052336562,-0.100031979,0.086365074,-0.019803319,-0.100319579,-0.052336562,0.100031979,-0.086365074,-0.019803319
219,validation,4.986999989,0.048346125,0.028326158,0.105481863,-0.064935930,-0.093720682,0.113068059,-0.020534160,-0.105481863,-0.064935930,0.093720682,-0.113068059,-0.020534160
220,train,0.000000000,0.002572123,0.000000000,0.106556147,-0.068390645,-0.092234939,0.119144812,-0.020633748,-0.106556147,-0.068390645,0.092234939,-0.119144812,-0.020633748
221,train,0.363499999,0.002691744,0.001002861,0.106459409,-0.068017639,-0.092317402,0.118498042,-0.020459872,-0.106459409,-0.068017639,0.092317402,-0.118498042,-0.020459872
222,train,0.517499983,0.008572354,0.003921107,0.106449008,-0.068008967,-0.092359416,0.118607625,-0.020524982,-0.106449008,-0.068008967,0.092359416,-0.118607625,-0.020524982
223,holdout,33.239498138,0.169151515,0.064830461,0.103096202,-0.056980278,-0.097296573,0.099564552,-0.018092286,-0.103096202,-0.056980278,0.097296573,-0.099564552,-0.018092286
224,holdout,20.565999985,0.205266371,0.104352674,0.102122664,-0.056478728,-0.097100012,0.098710895,-0.020427931,-0.102122664,-0.056478728,0.097100012,-0.098710895,-0.020427931
225,train,35.034000397,0.429091960,0.222076134,0.098621696,-0.046932906,-0.102396749,0.084278345,-0.020332756,-0.098621696,-0.046932906,0.102396749,-0.084278345,-0.020332756
226,train,2.058500051,0.026141308,0.004946397,0.105902717,-0.066419162,-0.092902020,0.115721017,-0.020522645,-0.105902717,-0.066419162,0.092902020,-0.115721017,-0.020522645
227,holdout,0.680999994,0.005625055,0.001494686,0.106446847,-0.067940384,-0.092325136,0.118421093,-0.020472003,-0.106446847,-0.067940384,0.092325136,-0.118421093,-0.020472003
228,train,1.621000051,0.053603411,0.017323824,0.105868071,-0.066199005,-0.093314789,0.115706101,-0.020514676,-0.105868071,-0.066199005,0.093314789,-0.115706101,-0.020514676
229,train,0.455500007,0.015994983,0.000756986,0.106189013,-0.067322537,-0.092770651,0.116828442,-0.020441744,-0.106189013,-0.067322537,0.092770651,-0.116828442,-0.020441744
230,holdout,0.000000000,0.001216569,0.000000000,0.106592730,-0.068480752,-0.092167452,0.119350046,-0.020597465,-0.106592730,-0.068480752,0.092167452,-0.119350046,-0.020597465
231,train,22.527500153,0.187138811,0.061735153,0.101721704,-0.057778955,-0.097143516,0.098008662,-0.020614995,-0.101721704,-0.057778955,0.097143516,-0.098008662,-0.020614995
232,holdout,0.000000000,0.001218263,0.000000000,0.106584162,-0.068473026,-0.092185721,0.119324610,-0.020600850,-0.106584162,-0.068473026,0.092185721,-0.119324610,-0.020600850
233,train,7.813499928,0.052686933,0.014061816,0.104663402,-0.063738815,-0.094477676,0.111078575,-0.019982170,-0.104663402,-0.063738815,0.094477676,-0.111078575,-0.019982170
234,holdout,30.849500656,0.145355344,0.026767109,0.102038130,-0.055949934,-0.098031603,0.099747792,-0.018367158,-0.102038130,-0.055949934,0.098031603,-0.099747792,-0.018367158
235,train,0.032000002,0.002174765,0.000000000,0.106589153,-0.068445176,-0.092176840,0.119259313,-0.020604242,-0.106589153,-0.068445176,0.092176840,-0.119259313,-0.020604242
236,train,21.082500458,0.144067660,0.029358705,0.101513714,-0.056124561,-0.097639799,0.096343577,-0.017703336,-0.101513714,-0.056124561,0.097639799,-0.096343577,-0.017703336
237,validation,0.000000000,0.000000000,0.000000000,0.106608227,-0.068535589,-0.092130035,0.119485036,-0.020617355,-0.106608227,-0.068535589,0.092130035,-0.119485036,-0.020617355
238,train,13.255000114,0.117994584,0.054047048,0.103789389,-0.062407464,-0.095155403,0.107728496,-0.019983556,-0.103789389,-0.062407464,0.095155403,-0.107728496,-0.019983556
239,validation,10.029999733,0.112439111,0.027539225,0.103933498,-0.061115690,-0.095649190,0.106784701,-0.019053800,-0.103933498,-0.061115690,0.095649190,-0.106784701,-0.019053800
240,holdout,3.536499977,0.092307508,0.037554201,0.104152888,-0.061886556,-0.095312722,0.110095561,-0.019254729,-0.104152888,-0.061886556,0.095312722,-0.110095561,-0.019254729
241,train,0.377499998,0.013195490,0.004953201,0.106140777,-0.067276753,-0.092488229,0.117107987,-0.020194100,-0.106140777,-0.067276753,0.092488229,-0.117107987,-0.020194100
242,train,1.006500006,0.015231188,0.002058189,0.105969638,-0.066821419,-0.092807800,0.116836905,-0.020257736,-0.105969638,-0.066821419,0.092807800,-0.116836905,-0.020257736
243,validation,19.124000549,0.183219224,0.046431300,0.101290911,-0.053923361,-0.098616742,0.096319973,-0.018742057,-0.101290911,-0.053923361,0.098616742,-0.096319973,-0.018742057
244,train,0.627499998,0.001157755,0.000217212,0.106526241,-0.068398483,-0.092231661,0.118972495,-0.020533919,-0.106526241,-0.068398483,0.092231661,-0.118972495,-0.020533919
245,validation,0.087499999,0.007485596,0.002157549,0.106330767,-0.067888103,-0.092523709,0.118214041,-0.020563314,-0.106330767,-0.067888103,0.092523709,-0.118214041,-0.020563314
246,train,1.179000020,0.015170992,0.002326036,0.106036887,-0.066869184,-0.092844725,0.115610972,-0.020055309,-0.106036887,-0.066869184,0.092844725,-0.115610972,-0.020055309
247,train,61.433998108,0.504342616,0.154668694,0.097698137,-0.042018965,-0.105004832,0.080032155,-0.021366982,-0.097698137,-0.042018965,0.105004832,-0.080032155,-0.021366982
248,train,9.602000237,0.113700718,0.018875499,0.103708342,-0.061166953,-0.095582023,0.106021643,-0.019890418,-0.103708342,-0.061166953,0.095582023,-0.106021643,-0.019890418
249,holdout,0.808000028,0.015848994,0.000779610,0.106305629,-0.067579627,-0.092703372,0.117804661,-0.020535497,-0.106305629,-0.067579627,0.092703372,-0.117804661,-0.020535497
250,train,56.652999878,0.438495457,0.083233960,0.098380253,-0.046765335,-0.103326276,0.087685898,-0.018187929,-0.098380253,-0.046765335,0.103326276,-0.087685898,-0.018187929
251,train,23.862499237,0.164811805,0.068545494,0.103303060,-0.057991866,-0.097328827,0.101875380,-0.018909756,-0.103303060,-0.057991866,0.097328827,-0.101875380,-0.018909756
252,validation,0.000000000,0.000000099,0.000000000,0.106609613,-0.068528548,-0.092134967,0.119471744,-0.020616418,-0.106609613,-0.068528548,0.092134967,-0.119471744,-0.020616418
253,train,0.270500004,0.003260748,0.000201111,0.106395036,-0.067984678,-0.092368826,0.118467763,-0.020575007,-0.106395036,-0.067984678,0.092368826,-0.118467763,-0.020575007
254,train,44.992000580,0.494514942,0.162933784,0.099545397,-0.047231182,-0.102516703,0.088027917,-0.018096114,-0.099545397,-0.047231182,0.102516703,-0.088027917,-0.018096114
255,holdout,15.835000038,0.179130554,0.089642151,0.102785930,-0.059616033,-0.096795335,0.104209140,-0.020321699,-0.102785930,-0.059616033,0.096795335,-0.104209140,-0.020321699
256,train,1.148000002,0.012955477,0.002589711,0.105840012,-0.067149624,-0.092603967,0.116522759,-0.019887615,-0.105840012,-0.067149624,0.092603967,-0.116522759,-0.019887615
257,train,6.171999931,0.043844402,0.013666116,0.105255052,-0.065045759,-0.093788140,0.112790659,-0.020099632,-0.105255052,-0.065045759,0.093788140,-0.112790659,-0.020099632
258,train,28.311000824,0.190580934,0.070535746,0.101670742,-0.053975560,-0.098134711,0.096011788,-0.018341562,-0.101670742,-0.053975560,0.098134711,-0.096011788,-0.018341562
259,train,7.912000179,0.054664593,0.014208989,0.105040714,-0.063433684,-0.094715096,0.110441908,-0.019344831,-0.105040714,-0.063433684,0.094715096,-0.110441908,-0.019344831
260,train,1.545500040,0.014048455,0.002958284,0.106014788,-0.066912033,-0.092962764,0.116551861,-0.020127883,-0.106014788,-0.066912033,0.092962764,-0.116551861,-0.020127883
261,holdout,10.816499710,0.110647552,0.033167508,0.104920655,-0.061954867,-0.095540263,0.108505681,-0.020054439,-0.104920655,-0.061954867,0.095540263,-0.108505681,-0.020054439
262,train,15.993000031,0.232239246,0.102060196,0.102174923,-0.056693129,-0.097376511,0.100278512,-0.020666055,-0.102174923,-0.056693129,0.097376511,-0.100278512,-0.020666055
263,train,0.230000004,0.000900152,0.000479424,0.106515601,-0.068216987,-0.092289433,0.118802160,-0.020620771,-0.106515601,-0.068216987,0.092289433,-0.118802160,-0.020620771
264,train,3.007499933,0.038402565,0.004056046,0.105195120,-0.064993694,-0.093419284,0.112514362,-0.019871362,-0.105195120,-0.064993694,0.093419284,-0.112514362,-0.019871362
265,train,16.298000336,0.227205336,0.061747980,0.100890964,-0.055375054,-0.097497992,0.098801956,-0.019348027,-0.100890964,-0.055375054,0.097497992,-0.098801956,-0.019348027
266,train,0.782999992,0.014856008,0.002239876,0.106191978,-0.067380369,-0.092561275,0.117211714,-0.020242643,-0.106191978,-0.067380369,0.092561275,-0.117211714,-0.020242643
267,train,0.617999971,0.009988206,0.002017125,0.106251225,-0.067579873,-0.092492610,0.117507145,-0.020333413,-0.106251225,-0.067579873,0.092492610,-0.117507145,-0.020333413
268,train,0.300500005,0.005721693,0.002360883,0.106365904,-0.067653239,-0.092482537,0.117275149,-0.020335302,-0.106365904,-0.067653239,0.092482537,-0.117275149,-0.020335302
269,train,12.035499573,0.115129054,0.055201854,0.104087725,-0.062517218,-0.095130742,0.108513474,-0.019973567,-0.104087725,-0.062517218,0.095130742,-0.108513474,-0.019973567
270,train,0.000000000,0.000000000,0.000000000,0.106608599,-0.068520941,-0.092138886,0.119470075,-0.020609017,-0.106608599,-0.068520941,0.092138886,-0.119470075,-0.020609017
271,train,1.184499979,0.007707058,0.000644237,0.106374592,-0.067402810,-0.092658117,0.117344394,-0.020390926,-0.106374592,-0.067402810,0.092658117,-0.117344394,-0.020390926
272,train,7.800499916,0.075596444,0.022823224,0.104263768,-0.063127853,-0.094573781,0.110152334,-0.020264538,-0.104263768,-0.063127853,0.094573781,-0.110152334,-0.020264538
273,holdout,3.069499969,0.049754322,0.005263436,0.104618937,-0.062901914,-0.094518736,0.110794589,-0.018690636,-0.104618937,-0.062901914,0.094518736,-0.110794589,-0.018690636
274,train,0.017500000,0.003561560,0.000946785,0.106575906,-0.068399034,-0.092188656,0.119297519,-0.020636892,-0.106575906,-0.068399034,0.092188656,-0.119297519,-0.020636892
275,train,0.000000000,0.000000000,0.000000000,0.106616601,-0.068551332,-0.092130691,0.119515106,-0.020620922,-0.106616601,-0.068551332,0.092130691,-0.119515106,-0.020620922
276,validation,0.177499995,0.003035928,0.000038950,0.106512219,-0.068314806,-0.092249200,0.118897900,-0.020516552,-0.106512219,-0.068314806,0.092249200,-0.118897900,-0.020516552
277,train,14.895999908,0.115253329,0.044514384,0.104184344,-0.060921807,-0.095044203,0.104976416,-0.019355010,-0.104184344,-0.060921807,0.095044203,-0.104976416,-0.019355010
278,holdout,0.221000001,0.006178980,0.005396301,0.106524080,-0.068200961,-0.092259437,0.118812725,-0.020565968,-0.106524080,-0.068200961,0.092259437,-0.118812725,-0.020565968
279,train,1.851500034,0.027777953,0.001142737,0.105414569,-0.065254480,-0.093208380,0.113771319,-0.019455383,-0.105414569,-0.065254480,0.093208380,-0.113771319,-0.019455383
280,train,0.304500014,0.000000000,0.000000000,0.106601134,-0.068507753,-0.092137828,0.119439900,-0.020596264,-0.106601134,-0.068507753,0.092137828,-0.119439900,-0.020596264
281,validation,1.593999982,0.007675091,0.001575712,0.106061071,-0.066190816,-0.092904545,0.114517152,-0.019371804,-0.106061071,-0.066190816,0.092904545,-0.114517152,-0.019371804
282,validation,1.723999977,0.007539252,0.001404007,0.106240749,-0.067386679,-0.092779785,0.117173269,-0.020286977,-0.106240749,-0.067386679,0.092779785,-0.117173269,-0.020286977
283,holdout,9.647500038,0.104785219,0.007032071,0.104574829,-0.060455013,-0.095983580,0.107514828,-0.018177129,-0.104574829,-0.060455013,0.095983580,-0.107514828,-0.018177129
284,holdout,0.830999970,0.006292894,0.002157109,0.106452391,-0.068131886,-0.092292197,0.118849590,-0.020550910,-0.106452391,-0.068131886,0.092292197,-0.118849590,-0.020550910
285,validation,24.964500427,0.129781276,0.024062674,0.103060946,-0.058030855,-0.097066954,0.102389365,-0.018280147,-0.103060946,-0.058030855,0.097066954,-0.102389365,-0.018280147
286,train,0.257999986,0.002759105,0.001318431,0.106388792,-0.067957029,-0.092212871,0.118445039,-0.020418340,-0.106388792,-0.067957029,0.092212871,-0.118445039,-0.020418340
287,holdout,3.063499928,0.053287864,0.021764922,0.105662882,-0.065113798,-0.093615755,0.113706470,-0.020566527,-0.105662882,-0.065113798,0.093615755,-0.113706470,-0.020566527
288,train,12.107500076,0.104529306,0.035769286,0.103901938,-0.062745631,-0.094861500,0.109384179,-0.019890608,-0.103901938,-0.062745631,0.094861500,-0.109384179,-0.019890608
289,validation,0.247999996,0.002556722,0.000509491,0.106510758,-0.068084270,-0.092248067,0.118623912,-0.020441052,-0.106510758,-0.068084270,0.092248067,-0.118623912,-0.020441052
290,train,0.211500004,0.000000000,0.000000000,0.106616601,-0.068551332,-0.092130691,0.119515106,-0.020620922,-0.106616601,-0.068551332,0.092130691,-0.119515106,-0.020620922
291,validation,2.503499985,0.016344167,0.002415380,0.105688468,-0.065539069,-0.093388326,0.114053905,-0.019576347,-0.105688468,-0.065539069,0.093388326,-0.114053905,-0.019576347
292,train,1.151999950,0.008564869,0.000040775,0.106452659,-0.067373514,-0.092609510,0.117548168,-0.020404091,-0.106452659,-0.067373514,0.092609510,-0.117548168,-0.020404091
293,train,43.772998810,0.411914140,0.214827262,0.096617199,-0.045284048,-0.102808923,0.077853285,-0.019242086,-0.096617199,-0.045284048,0.102808923,-0.077853285,-0.019242086
294,train,20.317499161,0.148835734,0.062854055,0.102876544,-0.058169715,-0.096663170,0.103551850,-0.019045295,-0.102876544,-0.058169715,0.096663170,-0.103551850,-0.019045295
295,train,0.187500000,0.003404646,0.000365694,0.106523618,-0.068266645,-0.092231780,0.119004622,-0.020555140,-0.106523618,-0.068266645,0.092231780,-0.119004622,-0.020555140
296,validation,0.000000000,0.000000000,0.000000000,0.106616601,-0.068551332,-0.092130691,0.119515106,-0.020620922,-0.106616601,-0.068551332,0.092130691,-0.119515106,-0.020620922
297,holdout,67.885498047,0.420871794,0.119369697,0.097766154,-0.042700481,-0.104619004,0.082940564,-0.020394376,-0.097766154,-0.042700481,0.104619004,-0.082940564,-0.020394376
298,train,0.232500002,0.014555252,0.003851572,0.106291726,-0.067648567,-0.092561945,0.118019044,-0.020587189,-0.106291726,-0.067648567,0.092561945,-0.118019044,-0.020587189
299,train,6.431499958,0.024678862,0.006826828,0.105270267,-0.065656453,-0.093808375,0.113395035,-0.019829370,-0.105270267,-0.065656453,0.093808375,-0.113395035,-0.019829370
300,train,7.758999825,0.084723003,0.029715072,0.105034754,-0.063250497,-0.094783030,0.111144468,-0.020527396,-0.105034754,-0.063250497,0.094783030,-0.111144468,-0.020527396
301,holdout,0.000000000,0.001216579,0.000000000,0.106590077,-0.068488061,-0.092167363,0.119340852,-0.020604912,-0.106590077,-0.068488061,0.092167363,-0.119340852,-0.020604912
302,validation,0.382499993,0.003778024,0.000945860,0.106474578,-0.068196736,-0.092268214,0.118853301,-0.020508580,-0.106474578,-0.068196736,0.092268214,-0.118853301,-0.020508580
303,train,0.020000000,0.000000000,0.000000000,0.106616601,-0.068551332,-0.092130691,0.119515106,-0.020620922,-0.106616601,-0.068551332,0.092130691,-0.119515106,-0.020620922
304,validation,1.766999960,0.013478516,0.001195260,0.106204465,-0.067347400,-0.092626721,0.117304996,-0.020178851,-0.106204465,-0.067347400,0.092626721,-0.117304996,-0.020178851
305,train,84.047996521,0.530672133,0.180193910,0.097183049,-0.040689994,-0.105020493,0.083601020,-0.018805014,-0.097183049,-0.040689994,0.105020493,-0.083601020,-0.018805014
306,train,0.430500001,0.001364899,0.000000000,0.106588289,-0.068510003,-0.092158981,0.119456097,-0.020605540,-0.106588289,-0.068510003,0.092158981,-0.119456097,-0.020605540
307,train,15.435999870,0.170652226,0.082997983,0.103433147,-0.060682945,-0.096746147,0.105612859,-0.020311709,-0.103433147,-0.060682945,0.096746147,-0.105612859,-0.020311709
308,train,0.159999996,0.002908910,0.000705966,0.106519386,-0.068276182,-0.092230648,0.119055122,-0.020573307,-0.106519386,-0.068276182,0.092230648,-0.119055122,-0.020573307
309,train,0.234999999,0.004159013,0.000368459,0.106471434,-0.068005018,-0.092354879,0.118632317,-0.020592853,-0.106471434,-0.068005018,0.092354879,-0.118632317,-0.020592853
310,train,0.000000000,0.002941391,0.000367577,0.106596440,-0.068375230,-0.092193052,0.119227707,-0.020610632,-0.106596440,-0.068375230,0.092193052,-0.119227707,-0.020610632
311,train,27.804500580,0.291819274,0.130429983,0.099974006,-0.051984008,-0.100446664,0.091513410,-0.020659585,-0.099974006,-0.051984008,0.100446664,-0.091513410,-0.020659585
312,train,0.000000000,0.001998212,0.000000000,0.106544077,-0.068325602,-0.092241645,0.119140685,-0.020611530,-0.106544077,-0.068325602,0.092241645,-0.119140685,-0.020611530
313,train,0.233500004,0.003435961,0.000329776,0.106469303,-0.068069443,-0.092312917,0.118686527,-0.020599168,-0.106469303,-0.068069443,0.092312917,-0.118686527,-0.020599168
314,train,50.016998291,0.423738867,0.183750582,0.097208604,-0.045855705,-0.102483891,0.080342278,-0.021541053,-0.097208604,-0.045855705,0.102483891,-0.080342278,-0.021541053
315,train,0.171000004,0.005712807,0.001449022,0.106517404,-0.067846708,-0.092444196,0.117823899,-0.020291111,-0.106517404,-0.067846708,0.092444196,-0.117823899,-0.020291111
316,train,1.425999999,0.006840939,0.002528965,0.106282920,-0.067963734,-0.092369914,0.118344024,-0.020549048,-0.106282920,-0.067963734,0.092369914,-0.118344024,-0.020549048
317,train,1.279500008,0.022591561,0.015036644,0.106232598,-0.067317776,-0.092715390,0.117611647,-0.020516291,-0.106232598,-0.067317776,0.092715390,-0.117611647,-0.020516291
318,train,4.328000069,0.026179669,0.002903291,0.105477780,-0.064983174,-0.093606748,0.113432735,-0.019867012,-0.105477780,-0.064983174,0.093606748,-0.113432735,-0.019867012
319,train,6.751999855,0.089573756,0.035956923,0.104469910,-0.062903352,-0.094700351,0.110870779,-0.019948557,-0.104469910,-0.062903352,0.094700351,-0.110870779,-0.019948557
320,train,0.666000009,0.009898399,0.001818678,0.106325403,-0.067299090,-0.092650205,0.117509782,-0.020408228,-0.106325403,-0.067299090,0.092650205,-0.117509782,-0.020408228
321,holdout,16.613000870,0.214465663,0.051332330,0.102260366,-0.057149589,-0.097556211,0.100806952,-0.020549534,-0.102260366,-0.057149589,0.097556211,-0.100806952,-0.020549534
322,train,2.640500069,0.025372840,0.004164508,0.105740488,-0.066268109,-0.093176506,0.115129709,-0.019922748,-0.105740488,-0.066268109,0.093176506,-0.115129709,-0.019922748
323,holdout,76.571998596,0.495366573,0.136808817,0.096329525,-0.040598992,-0.106044456,0.077476494,-0.019281931,-0.096329525,-0.040598992,0.106044456,-0.077476494,-0.019281931
324,train,54.745998383,0.432278425,0.129553234,0.099146500,-0.044364922,-0.104037218,0.085744612,-0.019031607,-0.099146500,-0.044364922,0.104037218,-0.085744612,-0.019031607
325,train,17.549999237,0.090172477,0.021193392,0.102636442,-0.059189945,-0.096229389,0.102419287,-0.017971992,-0.102636442,-0.059189945,0.096229389,-0.102419287,-0.017971992
326,validation,24.761999130,0.163596198,0.067068625,0.102730528,-0.056130834,-0.097873814,0.101070017,-0.018974971,-0.102730528,-0.056130834,0.097873814,-0.101070017,-0.018974971
327,holdout,-0.229499996,0.005345901,0.001847718,0.106573790,-0.068357259,-0.092212960,0.119102255,-0.020604160,-0.106573790,-0.068357259,0.092212960,-0.119102255,-0.020604160
328,train,1.769000053,0.027915210,0.000649704,0.105556518,-0.065515138,-0.093317300,0.114384741,-0.019816639,-0.105556518,-0.065515138,0.093317300,-0.114384741,-0.019816639
329,train,42.806499481,0.250554472,0.091111834,0.098917529,-0.050391439,-0.101026155,0.090499617,-0.017871426,-0.098917529,-0.050391439,0.101026155,-0.090499617,-0.017871426
330,train,3.828999996,0.021665037,0.003299505,0.104978278,-0.064971328,-0.093343496,0.112403676,-0.018819900,-0.104978278,-0.064971328,0.093343496,-0.112403676,-0.018819900
331,train,0.000000000,0.000003534,0.000220255,0.106598467,-0.068499595,-0.092143759,0.119342089,-0.020571943,-0.106598467,-0.068499595,0.092143759,-0.119342089,-0.020571943
332,train,19.975999832,0.230581924,0.095673960,0.099866375,-0.053359732,-0.099059269,0.093484282,-0.019210337,-0.099866375,-0.053359732,0.099059269,-0.093484282,-0.019210337
333,train,24.593000412,0.176473647,0.063008231,0.101785034,-0.057508353,-0.097210169,0.101121858,-0.019060194,-0.101785034,-0.057508353,0.097210169,-0.101121858,-0.019060194
334,train,32.283500671,0.413850158,0.191612497,0.098463029,-0.047959514,-0.102417491,0.085869804,-0.020580467,-0.098463029,-0.047959514,0.102417491,-0.085869804,-0.020580467
335,train,1.843500018,0.026615568,0.007221743,0.106055215,-0.066332854,-0.093143746,0.116248339,-0.020466698,-0.106055215,-0.066332854,0.093143746,-0.116248339,-0.020466698
336,train,1.895499945,0.033849452,0.004137222,0.105526388,-0.065746903,-0.093286671,0.114142895,-0.020217048,-0.105526388,-0.065746903,0.093286671,-0.114142895,-0.020217048
337,train,0.303000003,0.011208424,0.003619867,0.106407285,-0.068081006,-0.092380382,0.118562385,-0.020536605,-0.106407285,-0.068081006,0.092380382,-0.118562385,-0.020536605
338,holdout,22.200000763,0.110948272,0.035450467,0.103172705,-0.059192594,-0.097010881,0.100824699,-0.016986053,-0.103172705,-0.059192594,0.097010881,-0.100824699,-0.016986053
339,train,0.674499989,0.013652484,0.001597957,0.106191739,-0.067519702,-0.092705548,0.117610827,-0.020382222,-0.106191739,-0.067519702,0.092705548,-0.117610827,-0.020382222
340,holdout,12.038999557,0.123201795,0.015179025,0.103942245,-0.057641361,-0.097346164,0.101889521,-0.017382970,-0.103942245,-0.057641361,0.097346164,-0.101889521,-0.017382970
341,holdout,40.133998871,0.325537384,0.080121977,0.099952683,-0.052136280,-0.099571832,0.090167910,-0.020334406,-0.099952683,-0.052136280,0.099571832,-0.090167910,-0.020334406
342,train,6.856500149,0.073201977,0.019496680,0.103865564,-0.062613636,-0.094807342,0.108234718,-0.020180371,-0.103865564,-0.062613636,0.094807342,-0.108234718,-0.020180371
343,holdout,0.461499989,0.005789311,0.000923653,0.106516629,-0.067921758,-0.092376277,0.118536338,-0.020548599,-0.106516629,-0.067921758,0.092376277,-0.118536338,-0.020548599
344,train,70.456497192,0.359086186,0.182595189,0.097599812,-0.045131143,-0.102725029,0.081810094,-0.017867746,-0.097599812,-0.045131143,0.102725029,-0.081810094,-0.017867746
345,validation,21.336500168,0.109110802,0.032652789,0.102052212,-0.058282495,-0.096935414,0.103440344,-0.018168010,-0.102052212,-0.058282495,0.096935414,-0.103440344,-0.018168010
346,train,0.000000000,0.000000000,0.000000000,0.106616601,-0.068551332,-0.092130691,0.119515106,-0.020620922,-0.106616601,-0.068551332,0.092130691,-0.119515106,-0.020620922
347,validation,1.669499993,0.007405045,0.002712903,0.106259152,-0.067742266,-0.092630759,0.117770880,-0.020373810,-0.106259152,-0.067742266,0.092630759,-0.117770880,-0.020373810
348,holdout,3.464999914,0.009373490,0.004443685,0.106158078,-0.066919275,-0.092720136,0.116198272,-0.019807206,-0.106158078,-0.066919275,0.092720136,-0.116198272,-0.019807206
349,train,0.897000015,0.019888869,0.005233038,0.106204852,-0.067635834,-0.092609584,0.117666751,-0.020526983,-0.106204852,-0.067635834,0.092609584,-0.117666751,-0.020526983
350,holdout,3.368499994,0.017599622,0.002679822,0.105808064,-0.065518588,-0.093381710,0.112996906,-0.019519541,-0.105808064,-0.065518588,0.093381710,-0.112996906,-0.019519541
351,validation,-3.387000084,0.091077454,0.048961578,0.105494708,-0.065317109,-0.093405850,0.113883376,-0.020859187,-0.105494708,-0.065317109,0.093405850,-0.113883376,-0.020859187
352,train,6.919000149,0.052438494,0.014336452,0.104559079,-0.063264683,-0.094322219,0.109236747,-0.019113142,-0.104559079,-0.063264683,0.094322219,-0.109236747,-0.019113142
353,train,4.263000011,0.028550168,0.011498426,0.104981214,-0.065080859,-0.093546391,0.112672865,-0.020160083,-0.104981214,-0.065080859,0.093546391,-0.112672865,-0.020160083
354,train,1.577999949,0.020418679,0.004333086,0.105825171,-0.066844724,-0.092919081,0.116191283,-0.020143883,-0.105825171,-0.066844724,0.092919081,-0.116191283,-0.020143883
355,train,43.605998993,0.474032134,0.159864493,0.098848365,-0.045264766,-0.102854796,0.087102808,-0.019270739,-0.098848365,-0.045264766,0.102854796,-0.087102808,-0.019270739
356,train,4.153500080,0.031118300,0.010273402,0.105940491,-0.066255212,-0.093263514,0.115557939,-0.020420723,-0.105940491,-0.066255212,0.093263514,-0.115557939,-0.020420723
357,train,0.371499985,0.000049882,0.000000000,0.106606483,-0.068538651,-0.092137545,0.119486481,-0.020613659,-0.106606483,-0.068538651,0.092137545,-0.119486481,-0.020613659
358,train,1.004500031,0.007462420,0.004033508,0.106424168,-0.068066530,-0.092370279,0.118465334,-0.020519815,-0.106424168,-0.068066530,0.092370279,-0.118465334,-0.020519815
359,validation,40.826499939,0.447473764,0.160066911,0.097476795,-0.046000365,-0.102414571,0.085093558,-0.020499339,-0.097476795,-0.046000365,0.102414571,-0.085093558,-0.020499339
360,train,0.938499987,0.012636437,0.003139968,0.106289178,-0.067430630,-0.092531711,0.117438182,-0.020231223,-0.106289178,-0.067430630,0.092531711,-0.117438182,-0.020231223
361,train,1.468500018,0.000000000,0.000000000,0.106495887,-0.068253078,-0.092186332,0.118945539,-0.020421922,-0.106495887,-0.068253078,0.092186332,-0.118945539,-0.020421922
362,validation,0.435499996,0.000000000,0.000000000,0.106616601,-0.068551332,-0.092130691,0.119515106,-0.020620922,-0.106616601,-0.068551332,0.092130691,-0.119515106,-0.020620922
363,train,21.471500397,0.151967183,0.060385643,0.103069946,-0.058966801,-0.096629165,0.104752064,-0.019416373,-0.103069946,-0.058966801,0.096629165,-0.104752064,-0.019416373
364,train,29.430999756,0.434179187,0.188199995,0.098745644,-0.048827235,-0.102001145,0.086465761,-0.021250466,-0.098745644,-0.048827235,0.102001145,-0.086465761,-0.021250466
365,train,0.741999984,0.002686210,0.000524360,0.106467545,-0.068323284,-0.092300460,0.118832394,-0.020581672,-0.106467545,-0.068323284,0.092300460,-0.118832394,-0.020581672
366,train,6.714000225,0.049308173,0.006497497,0.105810404,-0.066016845,-0.093586177,0.115314811,-0.020210570,-0.105810404,-0.066016845,0.093586177,-0.115314811,-0.020210570
367,train,16.982500076,0.139146984,0.019623186,0.102211073,-0.054550052,-0.098149695,0.098059908,-0.017617932,-0.102211073,-0.054550052,0.098149695,-0.098059908,-0.017617932
368,train,0.172499999,0.002437864,0.000000000,0.106574282,-0.068369187,-0.092176482,0.119192824,-0.020569939,-0.106574282,-0.068369187,0.092176482,-0.119192824,-0.020569939
369,train,8.069000244,0.053629398,0.013807789,0.105505005,-0.064647049,-0.093974322,0.112194821,-0.020240176,-0.105505005,-0.064647049,0.093974322,-0.112194821,-0.020240176
370,train,5.221499920,0.022939907,0.005334798,0.105593666,-0.065532885,-0.093375005,0.114129350,-0.019697707,-0.105593666,-0.065532885,0.093375005,-0.114129350,-0.019697707
371,train,0.088000000,0.013992619,0.001224254,0.106305778,-0.067714930,-0.092569083,0.118102387,-0.020586276,-0.106305778,-0.067714930,0.092569083,-0.118102387,-0.020586276
372,train,0.421000004,0.000002307,0.000000000,0.106569842,-0.068450011,-0.092148528,0.119349703,-0.020577854,-0.106569842,-0.068450011,0.092148528,-0.119349703,-0.020577854
373,train,3.153000116,0.058142066,0.016676563,0.104332417,-0.063585103,-0.094152391,0.110184953,-0.020101354,-0.104332417,-0.063585103,0.094152391,-0.110184953,-0.020101354
374,train,5.393499851,0.086759627,0.028252736,0.104604512,-0.063536510,-0.094753675,0.111383215,-0.019923208,-0.104604512,-0.063536510,0.094753675,-0.111383215,-0.019923208
375,train,0.382499993,0.002375965,0.001916533,0.106467888,-0.067937151,-0.092379108,0.118120566,-0.020508604,-0.106467888,-0.067937151,0.092379108,-0.118120566,-0.020508604
376,validation,2.154500008,0.077185392,0.038441748,0.105864689,-0.066054575,-0.093233898,0.115535304,-0.020877944,-0.105864689,-0.066054575,0.093233898,-0.115535304,-0.020877944
377,train,5.697999954,0.022691652,0.005307768,0.105990946,-0.066819295,-0.093120091,0.116080314,-0.020134859,-0.105990946,-0.066819295,0.093120091,-0.116080314,-0.020134859
378,train,8.416999817,0.099338375,0.013465606,0.104297638,-0.061834279,-0.094852507,0.109183058,-0.019696895,-0.104297638,-0.061834279,0.094852507,-0.109183058,-0.019696895
379,train,0.293000013,0.000000000,0.000000000,0.106586203,-0.068475962,-0.092138946,0.119381934,-0.020572428,-0.106586203,-0.068475962,0.092138946,-0.119381934,-0.020572428
380,train,11.470000267,0.036729403,0.013474123,0.104636520,-0.062202957,-0.094816223,0.107787371,-0.017984517,-0.104636520,-0.062202957,0.094816223,-0.107787371,-0.017984517
381,train,0.922999978,0.000965948,0.000461396,0.106460720,-0.068066061,-0.092306837,0.118438467,-0.020322757,-0.106460720,-0.068066061,0.092306837,-0.118438467,-0.020322757
382,train,0.000000000,0.000000000,0.000000000,0.106619596,-0.068529949,-0.092128977,0.119452566,-0.020583421,-0.106619596,-0.068529949,0.092128977,-0.119452566,-0.020583421
383,holdout,0.000000000,0.000000000,0.000000000,0.106602505,-0.068523251,-0.092143267,0.119469881,-0.020612178,-0.106602505,-0.068523251,0.092143267,-0.119469881,-0.020612178
384,holdout,0.981500030,0.003434566,0.001491909,0.106433526,-0.068075359,-0.092333414,0.118747965,-0.020548239,-0.106433526,-0.068075359,0.092333414,-0.118747965,-0.020548239
385,holdout,35.158500671,0.416098058,0.142156978,0.098758996,-0.047306333,-0.102787949,0.082739562,-0.018566368,-0.098758996,-0.047306333,0.102787949,-0.082739562,-0.018566368
386,holdout,2.693500042,0.018459300,0.008893432,0.106140897,-0.067388766,-0.092586331,0.117293060,-0.020242929,-0.106140897,-0.067388766,0.092586331,-0.117293060,-0.020242929
387,train,7.278500080,0.062007997,0.013237810,0.104304209,-0.062006857,-0.095218569,0.107909083,-0.018897068,-0.104304209,-0.062006857,0.095218569,-0.107909083,-0.018897068
388,holdout,17.224500656,0.107464552,0.038019516,0.102945209,-0.057016943,-0.096799307,0.100155294,-0.018781127,-0.102945209,-0.057016943,0.096799307,-0.100155294,-0.018781127
389,train,5.087500095,0.057063013,0.017837527,0.103929073,-0.063253105,-0.094860576,0.109498799,-0.020077227,-0.103929073,-0.063253105,0.094860576,-0.109498799,-0.020077227
390,train,0.427500010,0.000204278,0.000000000,0.106595621,-0.068511501,-0.092149965,0.119447261,-0.020613983,-0.106595621,-0.068511501,0.092149965,-0.119447261,-0.020613983
391,validation,3.955499887,0.015308315,0.004255702,0.105738118,-0.066480994,-0.092873432,0.115190268,-0.019765655,-0.105738118,-0.066480994,0.092873432,-0.115190268,-0.019765655
392,train,21.862499237,0.191303521,0.063807146,0.101955682,-0.058367971,-0.096717164,0.102285340,-0.019727271,-0.101955682,-0.058367971,0.096717164,-0.102285340,-0.019727271
393,train,0.081500001,0.006165859,0.001553017,0.106453985,-0.068014905,-0.092330635,0.118461072,-0.020418992,-0.106453985,-0.068014905,0.092330635,-0.118461072,-0.020418992
394,train,1.727499962,0.012394520,0.002563511,0.106214315,-0.067524359,-0.092708141,0.117464364,-0.020383857,-0.106214315,-0.067524359,0.092708141,-0.117464364,-0.020383857
395,train,68.957000732,0.445722163,0.151990529,0.096312888,-0.042443275,-0.103942223,0.075474873,-0.017824046,-0.096312888,-0.042443275,0.103942223,-0.075474873,-0.017824046
396,holdout,61.785999298,0.395918041,0.184654507,0.096793190,-0.041789871,-0.105154648,0.077677011,-0.018812189,-0.096793190,-0.041789871,0.105154648,-0.077677011,-0.018812189
397,train,2.292500019,0.012908349,0.005842546,0.106222108,-0.067494944,-0.092510477,0.117373928,-0.020263050,-0.106222108,-0.067494944,0.092510477,-0.117373928,-0.020263050
398,train,0.082999997,0.012003028,0.001653977,0.106303319,-0.067704991,-0.092577189,0.118129909,-0.020507433,-0.106303319,-0.067704991,0.092577189,-0.118129909,-0.020507433
399,validation,28.964500427,0.175577417,0.032708303,0.103730410,-0.057728965,-0.097857073,0.102282271,-0.017927779,-0.103730410,-0.057728965,0.097857073,-0.102282271,-0.017927779
400,validation,0.368000001,0.000539177,0.000000000,0.106558070,-0.068395540,-0.092178203,0.119141608,-0.020521229,-0.106558070,-0.068395540,0.092178203,-0.119141608,-0.020521229
401,train,14.855500221,0.119632214,0.047453676,0.104262382,-0.060012989,-0.096258275,0.105049103,-0.019809952,-0.104262382,-0.060012989,0.096258275,-0.105049103,-0.019809952
402,holdout,-0.150000006,0.003294487,0.000454820,0.106585905,-0.068368472,-0.092191845,0.119217932,-0.020567261,-0.106585905,-0.068368472,0.092191845,-0.119217932,-0.020567261
403,train,8.390000343,0.043410331,0.009256448,0.105375066,-0.063605748,-0.094151452,0.109537348,-0.018723667,-0.105375066,-0.063605748,0.094151452,-0.109537348,-0.018723667
404,train,7.528500080,0.064216606,0.007039889,0.103181377,-0.058842737,-0.096566923,0.104212269,-0.017382527,-0.103181377,-0.058842737,0.096566923,-0.104212269,-0.017382527
405,train,60.758499146,0.440949202,0.189636658,0.097630665,-0.042336207,-0.104777455,0.081546903,-0.019525912,-0.097630665,-0.042336207,0.104777455,-0.081546903,-0.019525912
406,train,0.612999976,0.003528581,0.000534621,0.106422856,-0.067661636,-0.092553794,0.117208838,-0.020285821,-0.106422856,-0.067661636,0.092553794,-0.117208838,-0.020285821
407,train,49.767501831,0.423534453,0.142088147,0.099106386,-0.044300664,-0.103610583,0.087060936,-0.019178309,-0.099106386,-0.044300664,0.103610583,-0.087060936,-0.019178309
408,validation,0.000000000,0.000000000,0.000000000,0.106604472,-0.068525039,-0.092139781,0.119474798,-0.020613374,-0.106604472,-0.068525039,0.092139781,-0.119474798,-0.020613374
409,train,0.715499997,0.000000000,0.000000000,0.106597632,-0.068518482,-0.092132151,0.119468361,-0.020616204,-0.106597632,-0.068518482,0.092132151,-0.119468361,-0.020616204
410,train,1.236500025,0.008417249,0.004033181,0.106409535,-0.068074577,-0.092345089,0.118499547,-0.020527415,-0.106409535,-0.068074577,0.092345089,-0.118499547,-0.020527415
411,holdout,0.935500026,0.007061304,0.002485915,0.106451958,-0.068158977,-0.092285402,0.118874446,-0.020575019,-0.106451958,-0.068158977,0.092285402,-0.118874446,-0.020575019
412,holdout,3.549499989,0.033903994,0.009634041,0.105680361,-0.065986156,-0.093300879,0.114912584,-0.020207861,-0.105680361,-0.065986156,0.093300879,-0.114912584,-0.020207861
413,train,0.344000012,0.005682958,0.001809128,0.106165916,-0.067297854,-0.092476204,0.117603809,-0.020362571,-0.106165916,-0.067297854,0.092476204,-0.117603809,-0.020362571
414,train,0.546999991,0.014103685,0.001523291,0.106180474,-0.067149386,-0.092806771,0.116526231,-0.020385839,-0.106180474,-0.067149386,0.092806771,-0.116526231,-0.020385839
415,train,4.758999825,0.042765472,0.006452437,0.105528593,-0.063820705,-0.093667872,0.111066639,-0.018977415,-0.105528593,-0.063820705,0.093667872,-0.111066639,-0.018977415
416,train,2.454999924,0.031001633,0.003392236,0.105280444,-0.065390639,-0.093481608,0.113193318,-0.019856336,-0.105280444,-0.065390639,0.093481608,-0.113193318,-0.019856336
417,train,0.097000003,0.002694817,0.000000000,0.106572896,-0.068337046,-0.092216536,0.119099736,-0.020598644,-0.106572896,-0.068337046,0.092216536,-0.119099736,-0.020598644
418,train,56.243000031,0.391990662,0.170983270,0.098387480,-0.044343702,-0.103263691,0.083228305,-0.018190183,-0.098387480,-0.044343702,0.103263691,-0.083228305,-0.018190183
419,holdout,38.798000336,0.369842023,0.107363261,0.099544592,-0.047126807,-0.101780191,0.087807462,-0.019077592,-0.099544592,-0.047126807,0.101780191,-0.087807462,-0.019077592
420,train,0.472999990,0.000000008,0.000000000,0.106606930,-0.068478778,-0.092152730,0.119383812,-0.020543916,-0.106606930,-0.068478778,0.092152730,-0.119383812,-0.020543916
421,train,0.000000000,0.000000646,0.000000000,0.106597394,-0.068512984,-0.092132017,0.119390145,-0.020582963,-0.106597394,-0.068512984,0.092132017,-0.119390145,-0.020582963
422,train,1.244500041,0.008019099,0.004268421,0.106372952,-0.068030760,-0.092339285,0.118271992,-0.020496110,-0.106372952,-0.068030760,0.092339285,-0.118271992,-0.020496110
423,validation,72.930000305,0.431488812,0.186084363,0.097611383,-0.041818339,-0.104696408,0.078129828,-0.018954661,-0.097611383,-0.041818339,0.104696408,-0.078129828,-0.018954661
424,validation,0.744000018,0.001335395,0.000000000,0.106571138,-0.068391807,-0.092213891,0.119184196,-0.020501707,-0.106571138,-0.068391807,0.092213891,-0.119184196,-0.020501707
425,train,6.783500195,0.056551065,0.012556486,0.105042592,-0.063945040,-0.094546989,0.111182690,-0.020112209,-0.105042592,-0.063945040,0.094546989,-0.111182690,-0.020112209
426,train,0.666999996,0.001554033,0.000000000,0.106577247,-0.068488367,-0.092171684,0.119413391,-0.020590749,-0.106577247,-0.068488367,0.092171684,-0.119413391,-0.020590749
427,train,10.996000290,0.089663647,0.030580431,0.103506044,-0.061028104,-0.095455572,0.105738699,-0.019292129,-0.103506044,-0.061028104,0.095455572,-0.105738699,-0.019292129
428,train,0.911000013,0.003649241,0.000500787,0.106357276,-0.067622378,-0.092584431,0.117266357,-0.020247987,-0.106357276,-0.067622378,0.092584431,-0.117266357,-0.020247987
429,validation,0.472499996,0.005811760,0.002741498,0.106491297,-0.068019062,-0.092393532,0.118310899,-0.020482536,-0.106491297,-0.068019062,0.092393532,-0.118310899,-0.020482536
430,train,27.049999237,0.216637611,0.084415031,0.100605480,-0.051354010,-0.098224252,0.088781282,-0.016951976,-0.100605480,-0.051354010,0.098224252,-0.088781282,-0.016951976
431,train,5.234499931,0.014297781,0.003848951,0.105648205,-0.066403374,-0.093405560,0.114566028,-0.019958142,-0.105648205,-0.066403374,0.093405560,-0.114566028,-0.019958142
432,train,0.086999997,0.004583072,0.005313523,0.106581956,-0.068383835,-0.092219964,0.119092867,-0.020660033,-0.106581956,-0.068383835,0.092219964,-0.119092867,-0.020660033
433,holdout,9.121999741,0.061994713,0.019523819,0.105198339,-0.064899847,-0.093719043,0.113321915,-0.020338221,-0.105198339,-0.064899847,0.093719043,-0.113321915,-0.020338221
434,train,0.000000000,0.002561076,0.000000000,0.106558949,-0.068393990,-0.092256948,0.119186565,-0.020621421,-0.106558949,-0.068393990,0.092256948,-0.119186565,-0.020621421
435,train,0.721000016,0.009894279,0.003641768,0.106374174,-0.067562349,-0.092467487,0.117680416,-0.020229960,-0.106374174,-0.067562349,0.092467487,-0.117680416,-0.020229960
436,validation,73.080497742,0.398505598,0.193849483,0.097056784,-0.042952951,-0.104114272,0.077632956,-0.017542239,-0.097056784,-0.042952951,0.104114272,-0.077632956,-0.017542239
437,train,1.143000007,0.007850561,0.000973579,0.106449276,-0.068189777,-0.092327856,0.118661448,-0.020559605,-0.106449276,-0.068189777,0.092327856,-0.118661448,-0.020559605
438,train,4.158500195,0.056088615,0.009685879,0.104884103,-0.063171126,-0.094542071,0.110174701,-0.019465052,-0.104884103,-0.063171126,0.094542071,-0.110174701,-0.019465052
439,train,0.000000000,0.000000000,0.000000000,0.106616601,-0.068551332,-0.092130691,0.119515106,-0.020620922,-0.106616601,-0.068551332,0.092130691,-0.119515106,-0.020620922
440,holdout,0.381500006,0.001332798,0.000000000,0.106595069,-0.068447225,-0.092167884,0.119366750,-0.020603826,-0.106595069,-0.068447225,0.092167884,-0.119366750,-0.020603826
441,train,0.415499985,0.008891737,0.002358182,0.106400654,-0.067505151,-0.092578202,0.117683917,-0.020362573,-0.106400654,-0.067505151,0.092578202,-0.117683917,-0.020362573
442,train,0.000000000,0.000000000,0.000000000,0.106616601,-0.068551332,-0.092130691,0.119515106,-0.020620922,-0.106616601,-0.068551332,0.092130691,-0.119515106,-0.020620922
443,validation,31.335500717,0.248176321,0.083123840,0.099550813,-0.049936157,-0.101199590,0.087898359,-0.019371605,-0.099550813,-0.049936157,0.101199590,-0.087898359,-0.019371605
444,train,12.112500191,0.077548184,0.032650856,0.102809042,-0.059566431,-0.095851794,0.103204384,-0.018362913,-0.102809042,-0.059566431,0.095851794,-0.103204384,-0.018362913
445,train,0.887000024,0.014921028,0.001900091,0.106234014,-0.067288019,-0.092605755,0.117320031,-0.020339599,-0.106234014,-0.067288019,0.092605755,-0.117320031,-0.020339599
446,train,9.270999908,0.097246684,0.017073459,0.103873700,-0.060904123,-0.095487110,0.105834514,-0.019333079,-0.103873700,-0.060904123,0.095487110,-0.105834514,-0.019333079
447,train,0.028000001,0.002705764,0.000178156,0.106531426,-0.068395428,-0.092203557,0.119223267,-0.020624295,-0.106531426,-0.068395428,0.092203557,-0.119223267,-0.020624295
448,train,4.119999886,0.021813767,0.006136821,0.106044307,-0.066929266,-0.092859700,0.116352484,-0.020306205,-0.106044307,-0.066929266,0.092859700,-0.116352484,-0.020306205
449,train,0.000000000,0.000000343,0.000000000,0.106603712,-0.068513997,-0.092131361,0.119396314,-0.020583687,-0.106603712,-0.068513997,0.092131361,-0.119396314,-0.020583687
450,train,57.971500397,0.293157637,0.108050769,0.097488567,-0.048014984,-0.101220071,0.084219322,-0.017018782,-0.097488567,-0.048014984,0.101220071,-0.084219322,-0.017018782
451,train,0.025500000,0.004637050,0.001473940,0.106582835,-0.068332635,-0.092236996,0.119129062,-0.020635156,-0.106582835,-0.068332635,0.092236996,-0.119129062,-0.020635156
452,train,17.125999451,0.095469490,0.022778049,0.102920085,-0.059854776,-0.095913619,0.102664784,-0.018031059,-0.102920085,-0.059854776,0.095913619,-0.102664784,-0.018031059
453,train,3.269000053,0.060688190,0.013661866,0.105227798,-0.064767793,-0.093769379,0.113352388,-0.020685745,-0.105227798,-0.064767793,0.093769379,-0.113352388,-0.020685745
454,train,1.603999972,0.012520505,0.004391226,0.106409088,-0.067733161,-0.092515983,0.118104592,-0.020525774,-0.106409088,-0.067733161,0.092515983,-0.118104592,-0.020525774
455,holdout,74.102500916,0.512495637,0.172906308,0.096484721,-0.039200760,-0.106446415,0.078799009,-0.020020518,-0.096484721,-0.039200760,0.106446415,-0.078799009,-0.020020518
456,train,0.323000014,0.014981511,0.002708841,0.106294811,-0.067560330,-0.092600003,0.117832661,-0.020595346,-0.106294811,-0.067560330,0.092600003,-0.117832661,-0.020595346
457,train,8.962499619,0.079486407,0.009797654,0.101988360,-0.056166194,-0.097491242,0.102478057,-0.017339353,-0.101988360,-0.056166194,0.097491242,-0.102478057,-0.017339353
458,holdout,17.807500839,0.112651043,0.021035570,0.103861004,-0.060443837,-0.095633529,0.105012119,-0.018557297,-0.103861004,-0.060443837,0.095633529,-0.105012119,-0.018557297
459,train,10.083499908,0.090702072,0.026321890,0.104180202,-0.061466951,-0.095038287,0.106612697,-0.019380592,-0.104180202,-0.061466951,0.095038287,-0.106612697,-0.019380592
460,train,0.694999993,0.005924582,0.000000000,0.106396973,-0.068152457,-0.092338219,0.118729904,-0.020517578,-0.106396973,-0.068152457,0.092338219,-0.118729904,-0.020517578
461,train,1.478999972,0.010540726,0.002724725,0.106396005,-0.067879774,-0.092409462,0.118285373,-0.020545291,-0.106396005,-0.067879774,0.092409462,-0.118285373,-0.020545291
462,train,50.559501648,0.231664225,0.087240105,0.097881138,-0.050083302,-0.100697532,0.087907545,-0.017544424,-0.097881138,-0.050083302,0.100697532,-0.087907545,-0.017544424
463,train,1.226500034,0.010193503,0.002479328,0.106390208,-0.068042710,-0.092373095,0.118395478,-0.020580996,-0.106390208,-0.068042710,0.092373095,-0.118395478,-0.020580996
464,train,0.008000000,0.001108676,0.000220255,0.106548309,-0.068440855,-0.092198536,0.119239628,-0.020568250,-0.106548309,-0.068440855,0.092198536,-0.119239628,-0.020568250
465,train,2.394500017,0.014498728,0.002154665,0.105678096,-0.064947344,-0.093503572,0.112729520,-0.019232580,-0.105678096,-0.064947344,0.093503572,-0.112729520,-0.019232580
466,validation,1.983000040,0.008594280,0.002358731,0.106030881,-0.066574737,-0.093159981,0.115276352,-0.019635964,-0.106030881,-0.066574737,0.093159981,-0.115276352,-0.019635964
467,train,0.298000008,0.002373034,0.002308998,0.106425658,-0.068097442,-0.092268497,0.118267953,-0.020465581,-0.106425658,-0.068097442,0.092268497,-0.118267953,-0.020465581
468,validation,5.806000233,0.062226873,0.007908874,0.104648247,-0.062206943,-0.094907440,0.107882947,-0.018981339,-0.104648247,-0.062206943,0.094907440,-0.107882947,-0.018981339
469,train,0.358000010,0.010558385,0.002308387,0.106332883,-0.067378901,-0.092531562,0.117638111,-0.020286456,-0.106332883,-0.067378901,0.092531562,-0.117638111,-0.020286456
470,train,2.211499929,0.015062282,0.003580596,0.106405705,-0.067823775,-0.092471853,0.118246898,-0.020487742,-0.106405705,-0.067823775,0.092471853,-0.118246898,-0.020487742
471,train,0.225999996,0.001759830,0.000612983,0.106526464,-0.068197444,-0.092304155,0.118826792,-0.020629242,-0.106526464,-0.068197444,0.092304155,-0.118826792,-0.020629242
472,train,25.073499680,0.213382870,0.106231400,0.101676568,-0.054762468,-0.098108239,0.093725592,-0.019707017,-0.101676568,-0.054762468,0.098108239,-0.093725592,-0.019707017
473,train,64.580001831,0.447742730,0.186996150,0.098301023,-0.044865888,-0.104544125,0.084756896,-0.018120790,-0.098301023,-0.044865888,0.104544125,-0.084756896,-0.018120790
474,train,77.630996704,0.540103555,0.179354533,0.097429119,-0.040796783,-0.105253786,0.083202951,-0.019044468,-0.097429119,-0.040796783,0.105253786,-0.083202951,-0.019044468
475,train,1.416000009,0.001313821,0.000036474,0.106533855,-0.068393908,-0.092163384,0.119107291,-0.020494452,-0.106533855,-0.068393908,0.092163384,-0.119107291,-0.020494452
476,train,21.351499557,0.337550521,0.150076266,0.099289045,-0.050892018,-0.100511380,0.088587135,-0.020190492,-0.099289045,-0.050892018,0.100511380,-0.088587135,-0.020190492
477,train,1.338000059,0.012079339,0.001087798,0.106351882,-0.067999147,-0.092374109,0.118444875,-0.020514086,-0.106351882,-0.067999147,0.092374109,-0.118444875,-0.020514086
478,train,0.242500007,0.000224732,0.000463584,0.106576324,-0.068457849,-0.092159227,0.119366303,-0.020592051,-0.106576324,-0.068457849,0.092159227,-0.119366303,-0.020592051
479,train,17.878499985,0.137762606,0.043592340,0.102972507,-0.058981676,-0.096455388,0.105004385,-0.019272888,-0.102972507,-0.058981676,0.096455388,-0.105004385,-0.019272888
480,train,0.194499999,0.000000000,0.000000000,0.106616601,-0.068551332,-0.092130691,0.119515106,-0.020620922,-0.106616601,-0.068551332,0.092130691,-0.119515106,-0.020620922
481,validation,0.532500029,0.000000000,0.000000000,0.106604934,-0.068515532,-0.092134312,0.119458586,-0.020607995,-0.106604934,-0.068515532,0.092134312,-0.119458586,-0.020607995
482,train,10.477499962,0.136425927,0.018340022,0.103864446,-0.059038896,-0.096313201,0.106387615,-0.018672062,-0.103864446,-0.059038896,0.096313201,-0.106387615,-0.018672062
483,train,8.387999535,0.088995405,0.023604400,0.104450256,-0.061870150,-0.095083766,0.108665690,-0.019402318,-0.104450256,-0.061870150,0.095083766,-0.108665690,-0.019402318
484,validation,14.140500069,0.155968040,0.028220664,0.102591127,-0.056876168,-0.097346112,0.101744696,-0.018673960,-0.102591127,-0.056876168,0.097346112,-0.101744696,-0.018673960
485,train,79.921997070,0.366739213,0.145963418,0.098081902,-0.046142295,-0.103504397,0.085261464,-0.018175038,-0.098081902,-0.046142295,0.103504397,-0.085261464,-0.018175038
486,train,0.001500000,0.001892890,0.000067850,0.106584340,-0.068429321,-0.092202157,0.119280159,-0.020596361,-0.106584340,-0.068429321,0.092202157,-0.119280159,-0.020596361
487,train,0.907999992,0.010818198,0.000788723,0.106313363,-0.067168921,-0.092733905,0.117322087,-0.020498874,-0.106313363,-0.067168921,0.092733905,-0.117322087,-0.020498874
488,train,2.775500059,0.027074207,0.011065262,0.106090188,-0.067053296,-0.092709869,0.117064551,-0.020614583,-0.106090188,-0.067053296,0.092709869,-0.117064551,-0.020614583
489,validation,0.861000001,0.002230174,0.000000000,0.106478199,-0.068312019,-0.092221349,0.118933722,-0.020485837,-0.106478199,-0.068312019,0.092221349,-0.118933722,-0.020485837
490,train,0.109999999,0.002530059,0.000274252,0.106516987,-0.068344675,-0.092215046,0.119136855,-0.020589521,-0.106516987,-0.068344675,0.092215046,-0.119136855,-0.020589521
491,train,0.584999979,0.004443493,0.001738124,0.106342241,-0.067527190,-0.092647955,0.117811620,-0.020504544,-0.106342241,-0.067527190,0.092647955,-0.117811620,-0.020504544
492,train,60.780498505,0.467325807,0.224165376,0.097660296,-0.041834347,-0.104952648,0.075868860,-0.017928258,-0.097660296,-0.041834347,0.104952648,-0.075868860,-0.017928258
493,train,0.000000000,0.000000000,0.000000000,0.106616601,-0.068551332,-0.092130691,0.119515106,-0.020620922,-0.106616601,-0.068551332,0.092130691,-0.119515106,-0.020620922
494,train,2.000499964,0.025382906,0.011690165,0.106110677,-0.067032263,-0.092739925,0.116976410,-0.020577325,-0.106110677,-0.067032263,0.092739925,-0.116976410,-0.020577325
495,train,0.462500006,0.001609104,0.000000000,0.106577948,-0.068488553,-0.092170306,0.119424596,-0.020595385,-0.106577948,-0.068488553,0.092170306,-0.119424596,-0.020595385
496,train,6.318999767,0.050358221,0.010054141,0.105235711,-0.064771906,-0.094354197,0.112424940,-0.020289833,-0.105235711,-0.064771906,0.094354197,-0.112424940,-0.020289833
497,train,7.306499958,0.057176728,0.019582416,0.104105264,-0.063232146,-0.094596393,0.109238595,-0.019827884,-0.104105264,-0.063232146,0.094596393,-0.109238595,-0.019827884
498,validation,0.270500004,0.003283441,0.000965350,0.106380790,-0.068004906,-0.092233300,0.118315443,-0.020419411,-0.106380790,-0.068004906,0.092233300,-0.118315443,-0.020419411
499,holdout,0.941999972,0.007035503,0.001721369,0.106257617,-0.067389488,-0.092416346,0.117612705,-0.020435805,-0.106257617,-0.067389488,0.092416346,-0.117612705,-0.020435805
500,train,1.100000024,0.007624128,0.000423017,0.106457785,-0.068105735,-0.092381604,0.118635774,-0.020593842,-0.106457785,-0.068105735,0.092381604,-0.118635774,-0.020593842
501,train,0.222499996,0.002416477,0.000232308,0.106557548,-0.068325423,-0.092192501,0.119091094,-0.020558150,-0.106557548,-0.068325423,0.092192501,-0.119091094,-0.020558150
502,train,6.397500038,0.076788113,0.009745947,0.104598477,-0.062876403,-0.094860971,0.109269693,-0.020264914,-0.104598477,-0.062876403,0.094860971,-0.109269693,-0.020264914
503,holdout,0.000000000,0.000001117,0.000220255,0.106593937,-0.068507329,-0.092139125,0.119351417,-0.020567000,-0.106593937,-0.068507329,0.092139125,-0.119351417,-0.020567000
504,train,25.201499939,0.438231468,0.208970081,0.098813891,-0.047581270,-0.102317795,0.083971992,-0.020623345,-0.098813891,-0.047581270,0.102317795,-0.083971992,-0.020623345
505,train,14.828000069,0.123021811,0.056848585,0.103684604,-0.062269758,-0.095398277,0.107793123,-0.019944793,-0.103684604,-0.062269758,0.095398277,-0.107793123,-0.019944793
506,validation,14.397999763,0.116747364,0.032240161,0.103938594,-0.060472410,-0.096063830,0.105613500,-0.018909412,-0.103938594,-0.060472410,0.096063830,-0.105613500,-0.018909412
507,train,0.439000010,0.000000000,0.000000000,0.106607258,-0.068510577,-0.092142954,0.119448379,-0.020606324,-0.106607258,-0.068510577,0.092142954,-0.119448379,-0.020606324
508,train,1.184499979,0.008748549,0.001623115,0.106083751,-0.066999763,-0.092815541,0.116900772,-0.020116251,-0.106083751,-0.066999763,0.092815541,-0.116900772,-0.020116251
509,train,1.559000015,0.025650902,0.003906786,0.105911881,-0.066478178,-0.092896953,0.115979642,-0.020445025,-0.105911881,-0.066478178,0.092896953,-0.115979642,-0.020445025
510,train,18.035499573,0.218672454,0.050563012,0.102258265,-0.055030357,-0.099420719,0.100541323,-0.018041231,-0.102258265,-0.055030357,0.099420719,-0.100541323,-0.018041231
511,train,51.063999176,0.425819308,0.165004133,0.098705471,-0.045854464,-0.102855109,0.087162003,-0.019146098,-0.098705471,-0.045854464,0.102855109,-0.087162003,-0.019146098
512,train,7.969500065,0.060275473,0.007422129,0.104183227,-0.062446907,-0.094883204,0.106917694,-0.018861389,-0.104183227,-0.062446907,0.094883204,-0.106917694,-0.018861389
513,train,9.132499695,0.106376335,0.011519720,0.104167372,-0.061876949,-0.095190018,0.108354732,-0.019338572,-0.104167372,-0.061876949,0.095190018,-0.108354732,-0.019338572
514,train,2.676000118,0.011229045,0.001854906,0.106101632,-0.067309424,-0.092596322,0.116833448,-0.020240048,-0.106101632,-0.067309424,0.092596322,-0.116833448,-0.020240048
515,validation,4.730999947,0.045188319,0.008056618,0.105139151,-0.062983736,-0.094827689,0.110659808,-0.018650545,-0.105139151,-0.062983736,0.094827689,-0.110659808,-0.018650545
516,train,1.021999955,0.011318263,0.000815049,0.106295735,-0.067061447,-0.092754230,0.117209166,-0.020543993,-0.106295735,-0.067061447,0.092754230,-0.117209166,-0.020543993
517,train,1.323500037,0.010017477,0.006207780,0.106362760,-0.067869984,-0.092437685,0.118135005,-0.020484740,-0.106362760,-0.067869984,0.092437685,-0.118135005,-0.020484740
518,holdout,0.704500020,0.000972631,0.000407899,0.106503204,-0.068405680,-0.092201240,0.119023278,-0.020523405,-0.106503204,-0.068405680,0.092201240,-0.119023278,-0.020523405
519,validation,17.701499939,0.215728462,0.037371356,0.101506293,-0.055479154,-0.097747520,0.100429848,-0.018566314,-0.101506293,-0.055479154,0.097747520,-0.100429848,-0.018566314
520,train,83.438499451,0.475850284,0.162050302,0.097152941,-0.040699538,-0.105610855,0.077651218,-0.020233590,-0.097152941,-0.040699538,0.105610855,-0.077651218,-0.020233590
521,train,0.391499996,0.002648917,0.001245908,0.106432691,-0.068001658,-0.092350960,0.118266478,-0.020473756,-0.106432691,-0.068001658,0.092350960,-0.118266478,-0.020473756
522,train,0.252499998,0.003130485,0.000563115,0.106426328,-0.067862615,-0.092359975,0.118046969,-0.020398367,-0.106426328,-0.067862615,0.092359975,-0.118046969,-0.020398367
523,train,5.918499947,0.051074091,0.016591692,0.104903638,-0.064344473,-0.094002724,0.111451834,-0.020105235,-0.104903638,-0.064344473,0.094002724,-0.111451834,-0.020105235
524,train,0.160500005,0.003888138,0.000537874,0.106507942,-0.068291344,-0.092225417,0.119069055,-0.020576254,-0.106507942,-0.068291344,0.092225417,-0.119069055,-0.020576254
525,holdout,0.000000000,0.001216509,0.000220255,0.106549829,-0.068444908,-0.092163920,0.119335920,-0.020567741,-0.106549829,-0.068444908,0.092163920,-0.119335920,-0.020567741
526,train,0.842000008,0.013468018,0.002230834,0.106162861,-0.067294687,-0.092769757,0.117337614,-0.020298615,-0.106162861,-0.067294687,0.092769757,-0.117337614,-0.020298615
527,train,6.977499962,0.075088233,0.028576914,0.105120301,-0.063511834,-0.094676226,0.110894412,-0.020551680,-0.105120301,-0.063511834,0.094676226,-0.110894412,-0.020551680
528,train,21.584999084,0.154043570,0.037657949,0.101392165,-0.055249691,-0.098366991,0.093734935,-0.017938133,-0.101392165,-0.055249691,0.098366991,-0.093734935,-0.017938133
529,train,0.000500000,0.003316925,0.001865561,0.106581360,-0.068353541,-0.092200622,0.119150013,-0.020635590,-0.106581360,-0.068353541,0.092200622,-0.119150013,-0.020635590
530,train,37.822498322,0.278797001,0.085705813,0.098698676,-0.048570752,-0.101785079,0.084381655,-0.020059040,-0.098698676,-0.048570752,0.101785079,-0.084381655,-0.020059040
531,train,0.237000003,0.003666636,0.000838465,0.106402203,-0.067794219,-0.092393205,0.118021309,-0.020398464,-0.106402203,-0.067794219,0.092393205,-0.118021309,-0.020398464
532,train,0.236499995,0.002500874,0.000493934,0.106557891,-0.068335034,-0.092179656,0.119103655,-0.020500233,-0.106557891,-0.068335034,0.092179656,-0.119103655,-0.020500233
533,holdout,54.215999603,0.418699265,0.061108143,0.099436164,-0.049184963,-0.103135392,0.089280322,-0.017769791,-0.099436164,-0.049184963,0.103135392,-0.089280322,-0.017769791
534,train,16.722000122,0.125463039,0.038774589,0.103015676,-0.061839927,-0.095659204,0.105438203,-0.019465135,-0.103015676,-0.061839927,0.095659204,-0.105438203,-0.019465135
535,validation,0.463499993,0.000000000,0.000000000,0.106608704,-0.068538152,-0.092128955,0.119504601,-0.020620177,-0.106608704,-0.068538152,0.092128955,-0.119504601,-0.020620177
536,validation,51.898498535,0.357617825,0.090261895,0.097470589,-0.043319620,-0.105114959,0.080824472,-0.015904523,-0.097470589,-0.043319620,0.105114959,-0.080824472,-0.015904523
537,holdout,14.578499794,0.102743722,0.046771001,0.103752464,-0.060849842,-0.095558509,0.104989216,-0.019520704,-0.103752464,-0.060849842,0.095558509,-0.104989216,-0.019520704
538,holdout,5.193500042,0.072271645,0.030322954,0.105358869,-0.064188056,-0.094228320,0.112364560,-0.020693745,-0.105358869,-0.064188056,0.094228320,-0.112364560,-0.020693745
539,train,22.619499207,0.234858200,0.105208724,0.101692155,-0.054312803,-0.097985201,0.095699981,-0.018609963,-0.101692155,-0.054312803,0.097985201,-0.095699981,-0.018609963
540,validation,0.000000000,0.001216549,0.000000000,0.106572390,-0.068478018,-0.092168927,0.119391710,-0.020593736,-0.106572390,-0.068478018,0.092168927,-0.119391710,-0.020593736
541,train,0.912500024,0.000923623,0.000331662,0.106577918,-0.068115480,-0.092302561,0.118660912,-0.020493787,-0.106577918,-0.068115480,0.092302561,-0.118660912,-0.020493787
542,train,5.344999790,0.044555236,0.012366742,0.105357304,-0.064994462,-0.093669087,0.113265157,-0.020135727,-0.105357304,-0.064994462,0.093669087,-0.113265157,-0.020135727
543,validation,0.328500003,0.004107331,0.001453442,0.106449440,-0.068122000,-0.092261083,0.118586838,-0.020470690,-0.106449440,-0.068122000,0.092261083,-0.118586838,-0.020470690
544,train,0.614000022,0.010495762,0.001846556,0.106440410,-0.067542478,-0.092391148,0.117919907,-0.020406539,-0.106440410,-0.067542478,0.092391148,-0.117919907,-0.020406539
545,holdout,8.091500282,0.096678510,0.006354288,0.104952306,-0.061373767,-0.095985264,0.109224275,-0.018603977,-0.104952306,-0.061373767,0.095985264,-0.109224275,-0.018603977
546,validation,17.692499161,0.182577223,0.104085478,0.102881938,-0.059378002,-0.096650228,0.103399396,-0.020368388,-0.102881938,-0.059378002,0.096650228,-0.103399396,-0.020368388
547,train,4.630499840,0.047601972,0.014221093,0.105228007,-0.065074563,-0.093502857,0.112880141,-0.020187527,-0.105228007,-0.065074563,0.093502857,-0.112880141,-0.020187527
548,train,5.903500080,0.016071603,0.003737500,0.105468005,-0.065922484,-0.093758687,0.113986418,-0.020091306,-0.105468005,-0.065922484,0.093758687,-0.113986418,-0.020091306
549,validation,12.416500092,0.091035172,0.024900629,0.103513956,-0.062478691,-0.094887242,0.107629538,-0.019885046,-0.103513956,-0.062478691,0.094887242,-0.107629538,-0.019885046
550,holdout,0.828499973,0.007500577,0.002628637,0.106307775,-0.067298502,-0.092636339,0.116323069,-0.019940048,-0.106307775,-0.067298502,0.092636339,-0.116323069,-0.019940048
551,train,39.373001099,0.294529617,0.058117393,0.100081518,-0.049133178,-0.102692202,0.089011095,-0.015715940,-0.100081518,-0.049133178,0.102692202,-0.089011095,-0.015715940
552,validation,0.038500000,0.000000000,0.000000000,0.106616601,-0.068551332,-0.092130691,0.119515106,-0.020620922,-0.106616601,-0.068551332,0.092130691,-0.119515106,-0.020620922
553,train,0.865999997,0.006349841,0.003360130,0.106444627,-0.067735031,-0.092490077,0.117906138,-0.020483933,-0.106444627,-0.067735031,0.092490077,-0.117906138,-0.020483933
554,train,3.833499908,0.046031971,0.003838772,0.104831547,-0.062987946,-0.094672285,0.110729665,-0.018964875,-0.104831547,-0.062987946,0.094672285,-0.110729665,-0.018964875
555,train,76.620498657,0.466615915,0.154589596,0.098300293,-0.041548640,-0.104294479,0.076107703,-0.019691519,-0.098300293,-0.041548640,0.104294479,-0.076107703,-0.019691519
556,holdout,0.329499990,0.001289039,0.000000000,0.106593758,-0.068457417,-0.092160329,0.119389936,-0.020603934,-0.106593758,-0.068457417,0.092160329,-0.119389936,-0.020603934
557,holdout,2.009500027,0.047088370,0.025277253,0.106040478,-0.066366591,-0.093183488,0.115908474,-0.020704882,-0.106040478,-0.066366591,0.093183488,-0.115908474,-0.020704882
558,holdout,-0.956499994,0.048296332,0.017058658,0.106088027,-0.066428512,-0.093209714,0.116361231,-0.020459143,-0.106088027,-0.066428512,0.093209714,-0.116361231,-0.020459143
559,train,1.187000036,0.011727439,0.000440229,0.106203988,-0.067116529,-0.092653692,0.117155626,-0.020414839,-0.106203988,-0.067116529,0.092653692,-0.117155626,-0.020414839
560,train,0.344999999,0.003356426,0.000819513,0.106493518,-0.067772731,-0.092467129,0.117685482,-0.020324450,-0.106493518,-0.067772731,0.092467129,-0.117685482,-0.020324450
561,train,1.592499971,0.001296755,0.000202047,0.106599003,-0.068387128,-0.092169002,0.119226813,-0.020537725,-0.106599003,-0.068387128,0.092169002,-0.119226813,-0.020537725
562,holdout,1.397500038,0.006641979,0.001772480,0.106357560,-0.067732893,-0.092594057,0.117867813,-0.020445131,-0.106357560,-0.067732893,0.092594057,-0.117867813,-0.020445131
563,train,3.148000002,0.032352507,0.005449058,0.104810476,-0.064518563,-0.093927473,0.111447975,-0.019463902,-0.104810476,-0.064518563,0.093927473,-0.111447975,-0.019463902
564,train,3.816499949,0.046217058,0.010636625,0.105099246,-0.065159164,-0.093700208,0.113126054,-0.020499084,-0.105099246,-0.065159164,0.093700208,-0.113126054,-0.020499084
565,train,0.838500023,0.000004736,0.000000000,0.106580749,-0.068471961,-0.092161149,0.119302705,-0.020557104,-0.106580749,-0.068471961,0.092161149,-0.119302705,-0.020557104
566,train,39.943000793,0.195423961,0.061701472,0.099238038,-0.051097486,-0.100681648,0.090032563,-0.015965877,-0.099238038,-0.051097486,0.100681648,-0.090032563,-0.015965877
567,train,13.360500336,0.142914400,0.055850281,0.103083923,-0.059228137,-0.096528359,0.103300288,-0.020261468,-0.103083923,-0.059228137,0.096528359,-0.103300288,-0.020261468
568,train,2.845999956,0.032772709,0.009128436,0.105669960,-0.065943368,-0.093104422,0.115229830,-0.020226354,-0.105669960,-0.065943368,0.093104422,-0.115229830,-0.020226354
569,train,1.457499981,0.015731931,0.001292396,0.105978161,-0.066714883,-0.093084544,0.116189286,-0.020384645,-0.105978161,-0.066714883,0.093084544,-0.116189286,-0.020384645
570,train,0.623000026,0.008000270,0.000952052,0.106420591,-0.067641579,-0.092462584,0.117737204,-0.020280473,-0.106420591,-0.067641579,0.092462584,-0.117737204,-0.020280473
571,train,63.847499847,0.486264557,0.123088502,0.097131707,-0.044582553,-0.103616029,0.085220955,-0.019369474,-0.097131707,-0.044582553,0.103616029,-0.085220955,-0.019369474
572,train,3.884999990,0.020986533,0.006985040,0.106092766,-0.067070775,-0.092731655,0.116819635,-0.020339308,-0.106092766,-0.067070775,0.092731655,-0.116819635,-0.020339308
573,train,5.887000084,0.031388860,0.005470625,0.105758578,-0.066415347,-0.093425222,0.115651593,-0.019973218,-0.105758578,-0.066415347,0.093425222,-0.115651593,-0.019973218
574,train,4.759500027,0.052928485,0.012835244,0.105519339,-0.064667866,-0.093703307,0.112826765,-0.020213366,-0.105519339,-0.064667866,0.093703307,-0.112826765,-0.020213366
575,train,0.055000000,0.005124708,0.001791408,0.106584162,-0.068329774,-0.092232317,0.119108841,-0.020655690,-0.106584162,-0.068329774,0.092232317,-0.119108841,-0.020655690
576,train,64.352996826,0.386830688,0.167201981,0.097696856,-0.044804107,-0.102674037,0.084673375,-0.017773887,-0.097696856,-0.044804107,0.102674037,-0.084673375,-0.017773887
577,train,0.048000000,0.002346006,0.000178156,0.106553644,-0.068409592,-0.092208266,0.119251966,-0.020616582,-0.106553644,-0.068409592,0.092208266,-0.119251966,-0.020616582
578,train,4.716499805,0.075076215,0.020129423,0.104372948,-0.061902985,-0.095176756,0.109033480,-0.019196482,-0.104372948,-0.061902985,0.095176756,-0.109033480,-0.019196482
579,train,5.642000198,0.047996309,0.006165316,0.105845690,-0.066240415,-0.093405150,0.115772173,-0.020080216,-0.105845690,-0.066240415,0.093405150,-0.115772173,-0.020080216
580,train,-0.109999999,0.003779807,0.002646218,0.106584400,-0.068335205,-0.092205271,0.119064346,-0.020606730,-0.106584400,-0.068335205,0.092205271,-0.119064346,-0.020606730
581,holdout,24.881500244,0.209692657,0.110811205,0.100947350,-0.055208232,-0.097764306,0.097661614,-0.020020789,-0.100947350,-0.055208232,0.097764306,-0.097661614,-0.020020789
582,holdout,14.133500099,0.083139367,0.013515027,0.102419063,-0.059278220,-0.095899202,0.103625879,-0.018635023,-0.102419063,-0.059278220,0.095899202,-0.103625879,-0.018635023
583,train,1.384999990,0.020853534,0.003689485,0.105595827,-0.066603832,-0.092735536,0.115653366,-0.019754916,-0.105595827,-0.066603832,0.092735536,-0.115653366,-0.019754916
584,train,0.094499998,0.014217723,0.002852633,0.106302366,-0.067449749,-0.092699483,0.117984071,-0.020510318,-0.106302366,-0.067449749,0.092699483,-0.117984071,-0.020510318
585,train,10.656000137,0.080729619,0.016662485,0.104851246,-0.062835366,-0.094720356,0.111508206,-0.019508654,-0.104851246,-0.062835366,0.094720356,-0.111508206,-0.019508654
586,train,5.320499897,0.044403918,0.007531537,0.105272904,-0.064984247,-0.094121665,0.112942651,-0.020228105,-0.105272904,-0.064984247,0.094121665,-0.112942651,-0.020228105
587,train,22.706499100,0.170744061,0.042818563,0.102736622,-0.056118570,-0.097339839,0.100764155,-0.019373227,-0.102736622,-0.056118570,0.097339839,-0.100764155,-0.019373227
588,train,-3.507499933,0.091356359,0.088827640,0.105832696,-0.065333746,-0.093268767,0.114451289,-0.020832671,-0.105832696,-0.065333746,0.093268767,-0.114451289,-0.020832671
589,train,16.056499481,0.119058304,0.012211140,0.102374956,-0.058231592,-0.096596844,0.101422936,-0.018183570,-0.102374956,-0.058231592,0.096596844,-0.101422936,-0.018183570
590,validation,2.598500013,0.049910638,0.009850014,0.106032640,-0.066343606,-0.093169555,0.115886211,-0.020635616,-0.106032640,-0.066343606,0.093169555,-0.115886211,-0.020635616
591,validation,1.935999990,0.018186048,0.002820665,0.106109604,-0.067105733,-0.092738271,0.116975427,-0.020215109,-0.106109604,-0.067105733,0.092738271,-0.116975427,-0.020215109
592,validation,1.182999969,0.004603175,0.001014160,0.106407344,-0.068005122,-0.092393413,0.118162259,-0.020327589,-0.106407344,-0.068005122,0.092393413,-0.118162259,-0.020327589
593,train,1.568500042,0.014712499,0.002817008,0.106190473,-0.067727253,-0.092501231,0.117804542,-0.020464264,-0.106190473,-0.067727253,0.092501231,-0.117804542,-0.020464264
594,train,0.015000000,0.005639573,0.002161462,0.106557086,-0.068329938,-0.092238605,0.119024903,-0.020623298,-0.106557086,-0.068329938,0.092238605,-0.119024903,-0.020623298
595,train,1.399000049,0.011284851,0.003692299,0.106355786,-0.067566209,-0.092507310,0.117764175,-0.020299215,-0.106355786,-0.067566209,0.092507310,-0.117764175,-0.020299215
596,train,1.518000007,0.008646517,0.001603583,0.106373072,-0.067575447,-0.092600837,0.117644221,-0.020261012,-0.106373072,-0.067575447,0.092600837,-0.117644221,-0.020261012
597,validation,3.215500116,0.000384347,0.000204222,0.106499657,-0.067759492,-0.092352211,0.117598549,-0.019938016,-0.106499657,-0.067759492,0.092352211,-0.117598549,-0.019938016
598,holdout,1.189000010,0.008637278,0.000834267,0.106279582,-0.067644663,-0.092693999,0.117646828,-0.020340983,-0.106279582,-0.067644663,0.092693999,-0.117646828,-0.020340983
599,train,42.405998230,0.303822637,0.116072488,0.098014951,-0.044582840,-0.105022527,0.081229299,-0.015232482,-0.098014951,-0.044582840,0.105022527,-0.081229299,-0.015232482
600,validation,1.726500034,0.007935635,0.000926995,0.106290281,-0.067261770,-0.092887744,0.116835177,-0.020297136,-0.106290281,-0.067261770,0.092887744,-0.116835177,-0.020297136
601,train,0.000000000,0.000000000,0.000000000,0.106616601,-0.068551332,-0.092130691,0.119515106,-0.020620922,-0.106616601,-0.068551332,0.092130691,-0.119515106,-0.020620922
602,train,2.643500090,0.030469617,0.006396619,0.106064841,-0.066278815,-0.093044117,0.115836322,-0.020627225,-0.106064841,-0.066278815,0.093044117,-0.115836322,-0.020627225
603,train,-0.324499995,0.004568140,0.004624125,0.106573611,-0.068323508,-0.092203319,0.119093925,-0.020630838,-0.106573611,-0.068323508,0.092203319,-0.119093925,-0.020630838
604,train,17.204500198,0.136348039,0.059031656,0.102732807,-0.059009373,-0.096202672,0.099656880,-0.019009000,-0.102732807,-0.059009373,0.096202672,-0.099656880,-0.019009000
605,holdout,0.428999990,0.000901469,0.000000000,0.106506303,-0.068339154,-0.092173636,0.118917212,-0.020440847,-0.106506303,-0.068339154,0.092173636,-0.118917212,-0.020440847
606,train,0.717000008,0.008030972,0.001354373,0.106329262,-0.068052053,-0.092356339,0.118557632,-0.020579506,-0.106329262,-0.068052053,0.092356339,-0.118557632,-0.020579506
607,train,34.298000336,0.484205633,0.187783218,0.098604627,-0.045737766,-0.102344945,0.083265230,-0.020344103,-0.098604627,-0.045737766,0.102344945,-0.083265230,-0.020344103
608,train,30.651500702,0.213082194,0.093823266,0.099975407,-0.049525324,-0.099779800,0.085679330,-0.016314968,-0.099975407,-0.049525324,0.099779800,-0.085679330,-0.016314968
609,train,1.708999991,0.008644016,0.001262643,0.106271312,-0.067587458,-0.092600748,0.117323712,-0.020223880,-0.106271312,-0.067587458,0.092600748,-0.117323712,-0.020223880
610,holdout,0.799499989,0.000000000,0.000000000,0.106601790,-0.068514153,-0.092140093,0.119447902,-0.020603519,-0.106601790,-0.068514153,0.092140093,-0.119447902,-0.020603519
611,holdout,3.574500084,0.100248456,0.020088198,0.104475990,-0.063265555,-0.095090471,0.112944603,-0.019787243,-0.104475990,-0.063265555,0.095090471,-0.112944603,-0.019787243
612,train,0.230000004,0.004396388,0.000491614,0.106412053,-0.067936532,-0.092441186,0.118290529,-0.020451516,-0.106412053,-0.067936532,0.092441186,-0.118290529,-0.020451516
613,validation,0.308999985,0.002834484,0.000990167,0.106364399,-0.067955196,-0.092316687,0.118301362,-0.020416653,-0.106364399,-0.067955196,0.092316687,-0.118301362,-0.020416653
614,train,0.039500002,0.004910163,0.002057583,0.106586114,-0.068336695,-0.092231691,0.119110525,-0.020659054,-0.106586114,-0.068336695,0.092231691,-0.119110525,-0.020659054
615,train,3.674499989,0.071780257,0.007906677,0.104364917,-0.061688375,-0.095169850,0.108687624,-0.018554011,-0.104364917,-0.061688375,0.095169850,-0.108687624,-0.018554011
616,train,74.263496399,0.490453601,0.174627713,0.097599022,-0.039631784,-0.106001064,0.079193667,-0.021475960,-0.097599022,-0.039631784,0.106001064,-0.079193667,-0.021475960
617,train,3.107000113,0.058415025,0.030213589,0.105129212,-0.065109365,-0.093446605,0.113510162,-0.020971579,-0.105129212,-0.065109365,0.093446605,-0.113510162,-0.020971579
618,validation,42.880001068,0.448591560,0.164197320,0.098030753,-0.046581496,-0.101878889,0.083026618,-0.020072928,-0.098030753,-0.046581496,0.101878889,-0.083026618,-0.020072928
619,holdout,0.000000000,0.001777803,0.000000000,0.106603235,-0.068429634,-0.092157751,0.119334519,-0.020607110,-0.106603235,-0.068429634,0.092157751,-0.119334519,-0.020607110
620,train,7.002999783,0.043296926,0.012648524,0.105023548,-0.064917751,-0.094177060,0.112621829,-0.020179113,-0.105023548,-0.064917751,0.094177060,-0.112621829,-0.020179113
621,train,16.177999496,0.228995651,0.125996982,0.102200210,-0.057488605,-0.097186312,0.099603042,-0.020313831,-0.102200210,-0.057488605,0.097186312,-0.099603042,-0.020313831
622,train,0.035500001,0.003587600,0.001707530,0.106573090,-0.068380699,-0.092181921,0.119224325,-0.020627927,-0.106573090,-0.068380699,0.092181921,-0.119224325,-0.020627927
623,holdout,20.936000824,0.128581598,0.024638656,0.102444828,-0.060246538,-0.096221477,0.103789747,-0.018446466,-0.102444828,-0.060246538,0.096221477,-0.103789747,-0.018446466
624,train,0.000000000,0.000114640,0.000000000,0.106591657,-0.068487614,-0.092154011,0.119323730,-0.020576237,-0.106591657,-0.068487614,0.092154011,-0.119323730,-0.020576237
625,holdout,6.144499779,0.058447927,0.013161032,0.105347022,-0.065397456,-0.093528926,0.114054695,-0.020349512,-0.105347022,-0.065397456,0.093528926,-0.114054695,-0.020349512
626,train,4.687500000,0.026213044,0.006353648,0.105651990,-0.066066392,-0.093467124,0.115538105,-0.020099893,-0.105651990,-0.066066392,0.093467124,-0.115538105,-0.020099893
627,validation,0.930000007,0.002089306,0.000002899,0.106481269,-0.068321735,-0.092247091,0.118926704,-0.020471998,-0.106481269,-0.068321735,0.092247091,-0.118926704,-0.020471998
628,train,0.964500010,0.010343788,0.005792284,0.106332883,-0.067750059,-0.092517950,0.118080571,-0.020538317,-0.106332883,-0.067750059,0.092517950,-0.118080571,-0.020538317
629,train,15.118499756,0.132149190,0.054972209,0.104002029,-0.060516533,-0.095419265,0.103453323,-0.019573493,-0.104002029,-0.060516533,0.095419265,-0.103453323,-0.019573493
630,holdout,3.490999937,0.023197198,0.002811520,0.105864570,-0.065436989,-0.093385860,0.114419803,-0.019591372,-0.105864570,-0.065436989,0.093385860,-0.114419803,-0.019591372
631,train,0.109499998,0.001567368,0.000000816,0.106604725,-0.068354696,-0.092206016,0.119093850,-0.020604225,-0.106604725,-0.068354696,0.092206016,-0.119093850,-0.020604225
632,train,20.549999237,0.227698281,0.078056979,0.100952521,-0.055105653,-0.097952001,0.097743168,-0.020110905,-0.100952521,-0.055105653,0.097952001,-0.097743168,-0.020110905
633,train,0.798500001,0.010185357,0.005028395,0.106365040,-0.067950115,-0.092393786,0.118216529,-0.020517973,-0.106365040,-0.067950115,0.092393786,-0.118216529,-0.020517973
634,train,7.391499996,0.055791311,0.010998351,0.104914248,-0.064347930,-0.094569288,0.112520382,-0.019949147,-0.104914248,-0.064347930,0.094569288,-0.112520382,-0.019949147
635,train,0.135499999,0.000000000,0.000000000,0.106616601,-0.068551332,-0.092130691,0.119515106,-0.020620922,-0.106616601,-0.068551332,0.092130691,-0.119515106,-0.020620922
636,validation,1.934999943,0.071872145,0.028676289,0.105964646,-0.065987945,-0.093228713,0.115483329,-0.020891992,-0.105964646,-0.065987945,0.093228713,-0.115483329,-0.020891992
637,train,0.323500007,0.002349602,0.001975991,0.106497169,-0.068031989,-0.092330649,0.118365481,-0.020467127,-0.106497169,-0.068031989,0.092330649,-0.118365481,-0.020467127
638,validation,71.993499756,0.471706718,0.158102033,0.098768733,-0.043153614,-0.104863569,0.085448496,-0.017788054,-0.098768733,-0.043153614,0.104863569,-0.085448496,-0.017788054
639,train,45.945499420,0.437349588,0.249290657,0.096252292,-0.044217858,-0.102273121,0.077174239,-0.020795593,-0.096252292,-0.044217858,0.102273121,-0.077174239,-0.020795593
640,train,16.768999100,0.148176044,0.055008653,0.103501275,-0.060242508,-0.095811427,0.102671161,-0.019477323,-0.103501275,-0.060242508,0.095811427,-0.102671161,-0.019477323
641,validation,0.043499999,0.000000000,0.000000000,0.106616601,-0.068551332,-0.092130691,0.119515106,-0.020620922,-0.106616601,-0.068551332,0.092130691,-0.119515106,-0.020620922
642,train,42.669498444,0.488436818,0.213466383,0.097253159,-0.045098040,-0.102736413,0.078663751,-0.021171158,-0.097253159,-0.045098040,0.102736413,-0.078663751,-0.021171158
643,train,1.907500029,0.013394165,0.001721662,0.106232375,-0.067598663,-0.092694342,0.117688715,-0.020466486,-0.106232375,-0.067598663,0.092694342,-0.117688715,-0.020466486
644,validation,0.550000012,0.000104699,0.000000000,0.106598035,-0.068520062,-0.092142284,0.119454190,-0.020605613,-0.106598035,-0.068520062,0.092142284,-0.119454190,-0.020605613
645,train,10.506500244,0.108780287,0.025239783,0.103392258,-0.059285488,-0.095942512,0.103748664,-0.019461744,-0.103392258,-0.059285488,0.095942512,-0.103748664,-0.019461744
646,train,11.200499535,0.074068546,0.023551198,0.104817018,-0.063918315,-0.094277412,0.111550212,-0.019809566,-0.104817018,-0.063918315,0.094277412,-0.111550212,-0.019809566
647,train,0.793500006,0.003115020,0.000441622,0.106502607,-0.068309791,-0.092318445,0.118913099,-0.020575432,-0.106502607,-0.068309791,0.092318445,-0.118913099,-0.020575432
648,holdout,62.242500305,0.462267667,0.206619839,0.098246247,-0.042329647,-0.105029680,0.080134258,-0.018722309,-0.098246247,-0.042329647,0.105029680,-0.080134258,-0.018722309
649,train,73.845001221,0.473691463,0.140947645,0.097204894,-0.043411821,-0.104399785,0.085301347,-0.019316683,-0.097204894,-0.043411821,0.104399785,-0.085301347,-0.019316683
650,train,69.258003235,0.350466192,0.070725642,0.099086173,-0.047005847,-0.102079041,0.087653682,-0.018789457,-0.099086173,-0.047005847,0.102079041,-0.087653682,-0.018789457
651,train,61.606498718,0.450916439,0.143350864,0.098180406,-0.044764422,-0.104745306,0.086646430,-0.018086759,-0.098180406,-0.044764422,0.104745306,-0.086646430,-0.018086759
652,train,-0.717000008,0.011346230,0.001865564,0.106345788,-0.067641497,-0.092568830,0.117938891,-0.020560477,-0.106345788,-0.067641497,0.092568830,-0.117938891,-0.020560477
653,validation,1.036000013,0.003238932,0.001003259,0.106436178,-0.068107463,-0.092278972,0.118321136,-0.020324929,-0.106436178,-0.068107463,0.092278972,-0.118321136,-0.020324929
654,train,6.082499981,0.047653284,0.014701866,0.104842812,-0.064560287,-0.093985401,0.111583695,-0.019935090,-0.104842812,-0.064560287,0.093985401,-0.111583695,-0.019935090
655,train,-1.519500017,0.076396562,0.079597429,0.105823100,-0.065576255,-0.093397915,0.115022793,-0.021026175,-0.105823100,-0.065576255,0.093397915,-0.115022793,-0.021026175
656,train,0.397000015,0.012577272,0.002540406,0.106207445,-0.067567952,-0.092663124,0.117689058,-0.020464305,-0.106207445,-0.067567952,0.092663124,-0.117689058,-0.020464305
657,train,0.861000001,0.003552056,0.003305966,0.106271073,-0.067678533,-0.092343330,0.117378846,-0.020183543,-0.106271073,-0.067678533,0.092343330,-0.117378846,-0.020183543
658,train,31.062000275,0.137167856,0.040153061,0.101053044,-0.055424370,-0.098561391,0.096293792,-0.019523252,-0.101053044,-0.055424370,0.098561391,-0.096293792,-0.019523252
659,train,2.259500027,0.031219458,0.004643589,0.105753630,-0.066182792,-0.093123436,0.115173444,-0.020343829,-0.105753630,-0.066182792,0.093123436,-0.115173444,-0.020343829
660,holdout,1.202499986,0.022454090,0.001191662,0.106001079,-0.066166624,-0.093102880,0.115263104,-0.020153368,-0.106001079,-0.066166624,0.093102880,-0.115263104,-0.020153368
661,validation,11.000499725,0.060988951,0.019880791,0.102059215,-0.058771499,-0.096283413,0.102243066,-0.018211901,-0.102059215,-0.058771499,0.096283413,-0.102243066,-0.018211901
662,validation,0.090999998,0.007211843,0.001896242,0.106434509,-0.068143219,-0.092263252,0.118521601,-0.020538496,-0.106434509,-0.068143219,0.092263252,-0.118521601,-0.020538496
663,train,16.298500061,0.205338642,0.077767765,0.102169856,-0.058140773,-0.096806064,0.102259114,-0.019916181,-0.102169856,-0.058140773,0.096806064,-0.102259114,-0.019916181
664,holdout,5.676499844,0.047483653,0.005726267,0.104710087,-0.063023977,-0.094095781,0.109974757,-0.019343680,-0.104710087,-0.063023977,0.094095781,-0.109974757,-0.019343680
665,train,0.331999987,0.002416843,0.001211979,0.106370702,-0.067920454,-0.092337623,0.118273139,-0.020400815,-0.106370702,-0.067920454,0.092337623,-0.118273139,-0.020400815
666,validation,13.258000374,0.084886245,0.020640924,0.104052305,-0.060919072,-0.095681809,0.106255874,-0.018553752,-0.104052305,-0.060919072,0.095681809,-0.106255874,-0.018553752
667,holdout,20.707500458,0.142400309,0.023020666,0.102183342,-0.057737928,-0.096897066,0.100317210,-0.017642342,-0.102183342,-0.057737928,0.096897066,-0.100317210,-0.017642342
668,holdout,15.543000221,0.122462995,0.042780347,0.102678940,-0.059345089,-0.096244976,0.101482525,-0.018836619,-0.102678940,-0.059345089,0.096244976,-0.101482525,-0.018836619
669,train,8.803999901,0.110859230,0.021845041,0.102958158,-0.059462171,-0.095959835,0.104146034,-0.019604238,-0.102958158,-0.059462171,0.095959835,-0.104146034,-0.019604238
670,train,8.126999855,0.104384609,0.010114450,0.104031757,-0.061268661,-0.095432863,0.107146144,-0.019307293,-0.104031757,-0.061268661,0.095432863,-0.107146144,-0.019307293
671,train,72.279998779,0.496090770,0.173769456,0.097379886,-0.039135735,-0.106325410,0.079315156,-0.021314565,-0.097379886,-0.039135735,0.106325410,-0.079315156,-0.021314565
672,holdout,1.345999956,0.013084507,0.002014099,0.106041223,-0.066732638,-0.092973255,0.116277039,-0.020377697,-0.106041223,-0.066732638,0.092973255,-0.116277039,-0.020377697
673,train,18.975000381,0.323596150,0.075765348,0.101625443,-0.052426066,-0.100816585,0.099045694,-0.018105963,-0.101625443,-0.052426066,0.100816585,-0.099045694,-0.018105963
674,train,2.263000011,0.032728691,0.008809155,0.105694428,-0.065810464,-0.093243875,0.114728823,-0.020219250,-0.105694428,-0.065810464,0.093243875,-0.114728823,-0.020219250
675,validation,0.509000003,0.000000000,0.000000000,0.106616601,-0.068551332,-0.092130691,0.119515106,-0.020620922,-0.106616601,-0.068551332,0.092130691,-0.119515106,-0.020620922
676,train,0.000000000,0.000000000,0.000000000,0.106610060,-0.068522505,-0.092137754,0.119470701,-0.020608405,-0.106610060,-0.068522505,0.092137754,-0.119470701,-0.020608405
677,validation,11.025500298,0.070826486,0.027376089,0.104829401,-0.064342797,-0.093749404,0.112123325,-0.020019900,-0.104829401,-0.064342797,0.093749404,-0.112123325,-0.020019900
678,train,6.579999924,0.045350436,0.010624611,0.105111197,-0.064920552,-0.094139159,0.112955600,-0.020393236,-0.105111197,-0.064920552,0.094139159,-0.112955600,-0.020393236
679,holdout,24.211999893,0.210151449,0.050897655,0.101941809,-0.054632321,-0.098415062,0.099186406,-0.018321233,-0.101941809,-0.054632321,0.098415062,-0.099186406,-0.018321233
680,train,58.422000885,0.466967732,0.241756803,0.097035684,-0.045234915,-0.103444993,0.081037253,-0.019600945,-0.097035684,-0.045234915,0.103444993,-0.081037253,-0.019600945
681,train,21.322999954,0.195929885,0.068560348,0.101956978,-0.055817217,-0.097665191,0.100200474,-0.020073814,-0.101956978,-0.055817217,0.097665191,-0.100200474,-0.020073814
682,validation,23.864500046,0.186070308,0.071568688,0.101036236,-0.054274712,-0.098855503,0.089024842,-0.019184195,-0.101036236,-0.054274712,0.098855503,-0.089024842,-0.019184195
683,train,58.754501343,0.455359250,0.125743209,0.097264796,-0.045801885,-0.103958696,0.084155172,-0.019227093,-0.097264796,-0.045801885,0.103958696,-0.084155172,-0.019227093
684,train,0.369500011,0.006054525,0.000929014,0.106379107,-0.067891747,-0.092375487,0.118251622,-0.020536052,-0.106379107,-0.067891747,0.092375487,-0.118251622,-0.020536052
685,train,32.928001404,0.236595929,0.077155141,0.100744098,-0.056355618,-0.098743044,0.094866693,-0.019468317,-0.100744098,-0.056355618,0.098743044,-0.094866693,-0.019468317
686,train,0.666999996,0.004468665,0.003562725,0.106344566,-0.067860916,-0.092276387,0.117819801,-0.020266712,-0.106344566,-0.067860916,0.092276387,-0.117819801,-0.020266712
687,train,1.452999949,0.022938304,0.005480078,0.105700776,-0.066949397,-0.092775568,0.116344199,-0.020093108,-0.105700776,-0.066949397,0.092775568,-0.116344199,-0.020093108
688,holdout,19.140499115,0.188079789,0.084231742,0.102820992,-0.057598211,-0.096896827,0.100037649,-0.020380367,-0.102820992,-0.057598211,0.096896827,-0.100037649,-0.020380367
689,train,2.674000025,0.057414606,0.014141009,0.105512977,-0.065536782,-0.093268298,0.113331512,-0.020379476,-0.105512977,-0.065536782,0.093268298,-0.113331512,-0.020379476
690,train,11.617500305,0.126694828,0.028818995,0.101148501,-0.056005642,-0.097550422,0.098156855,-0.019784410,-0.101148501,-0.056005642,0.097550422,-0.098156855,-0.019784410
691,train,3.921000004,0.033117343,0.003267965,0.105752587,-0.065457769,-0.093502790,0.114162534,-0.020100350,-0.105752587,-0.065457769,0.093502790,-0.114162534,-0.020100350
692,train,2.942500114,0.043528184,0.006515831,0.105764896,-0.064813770,-0.093596034,0.112274900,-0.019506067,-0.105764896,-0.064813770,0.093596034,-0.112274900,-0.019506067
693,train,0.739000022,0.007976483,0.001869075,0.106413975,-0.067624338,-0.092484713,0.117494032,-0.020273691,-0.106413975,-0.067624338,0.092484713,-0.117494032,-0.020273691
694,train,21.441999435,0.242125854,0.127313946,0.101775736,-0.056209482,-0.097697541,0.098017305,-0.019956434,-0.101775736,-0.056209482,0.097697541,-0.098017305,-0.019956434
695,train,3.026999950,0.030815640,0.006386810,0.105669677,-0.065497451,-0.093320087,0.114073843,-0.020158203,-0.105669677,-0.065497451,0.093320087,-0.114073843,-0.020158203
696,validation,1.372499943,0.008519195,0.001305106,0.106080577,-0.066917405,-0.092683069,0.116686016,-0.020093400,-0.106080577,-0.066917405,0.092683069,-0.116686016,-0.020093400
697,train,0.128000006,0.015423279,0.002747534,0.106270567,-0.067440704,-0.092703611,0.117775962,-0.020426385,-0.106270567,-0.067440704,0.092703611,-0.117775962,-0.020426385
698,train,54.529998779,0.499343783,0.211588173,0.095892005,-0.038468111,-0.107340597,0.073102370,-0.018194381,-0.095892005,-0.038468111,0.107340597,-0.073102370,-0.018194381
699,validation,0.000000000,0.000008235,0.000000000,0.106612608,-0.068495698,-0.092165843,0.119436353,-0.020608846,-0.106612608,-0.068495698,0.092165843,-0.119436353,-0.020608846
700,train,1.695500016,0.026233694,0.003838786,0.105855450,-0.066399448,-0.092940696,0.115827307,-0.020376801,-0.105855450,-0.066399448,0.092940696,-0.115827307,-0.020376801
701,train,14.755000114,0.114285558,0.025540254,0.102392137,-0.059059110,-0.095994294,0.102408320,-0.018790239,-0.102392137,-0.059059110,0.095994294,-0.102408320,-0.018790239
702,validation,0.011500000,0.000000000,0.000000000,0.106619865,-0.068505794,-0.092134297,0.119416729,-0.020569921,-0.106619865,-0.068505794,0.092134297,-0.119416729,-0.020569921
703,validation,3.618499994,0.014262489,0.000678338,0.106208429,-0.067199610,-0.092693321,0.117083549,-0.020178992,-0.106208429,-0.067199610,0.092693321,-0.117083549,-0.020178992
704,holdout,4.662000179,0.020564212,0.001149067,0.105893508,-0.066569455,-0.092796206,0.115857840,-0.019970683,-0.105893508,-0.066569455,0.092796206,-0.115857840,-0.019970683
705,holdout,3.530999899,0.021803744,0.004779663,0.106200784,-0.066734254,-0.092918471,0.116399899,-0.020129628,-0.106200784,-0.066734254,0.092918471,-0.116399899,-0.020129628
706,train,2.592000008,0.023997299,0.003124337,0.105642661,-0.065257832,-0.093457140,0.112882212,-0.019561540,-0.105642661,-0.065257832,0.093457140,-0.112882212,-0.019561540
707,validation,3.064500093,0.021803135,0.003379600,0.105748445,-0.066317856,-0.093236737,0.115666926,-0.019867899,-0.105748445,-0.066317856,0.093236737,-0.115666926,-0.019867899
708,holdout,0.022000000,0.018636649,0.004643271,0.106278107,-0.067762665,-0.092495427,0.118330568,-0.020558251,-0.106278107,-0.067762665,0.092495427,-0.118330568,-0.020558251
709,train,2.782999992,0.040770624,0.009189698,0.105351418,-0.065624185,-0.093310267,0.113205105,-0.020230154,-0.105351418,-0.065624185,0.093310267,-0.113205105,-0.020230154
710,validation,0.234500006,0.003007222,0.000316279,0.106499597,-0.068079315,-0.092280850,0.118644431,-0.020501791,-0.106499597,-0.068079315,0.092280850,-0.118644431,-0.020501791
711,train,8.411999702,0.090946764,0.013787738,0.104501516,-0.062118199,-0.095068142,0.107990429,-0.020032043,-0.104501516,-0.062118199,0.095068142,-0.107990429,-0.020032043
712,holdout,13.375499725,0.086129732,0.036518490,0.104540601,-0.061805665,-0.095647641,0.107808650,-0.019996269,-0.104540601,-0.061805665,0.095647641,-0.107808650,-0.019996269
713,train,0.132499993,0.003285487,0.000853442,0.106520459,-0.067908078,-0.092369631,0.118089780,-0.020339683,-0.106520459,-0.067908078,0.092369631,-0.118089780,-0.020339683
714,train,1.047000051,0.010934526,0.000766201,0.106191337,-0.067042165,-0.092725664,0.117285982,-0.020503430,-0.106191337,-0.067042165,0.092725664,-0.117285982,-0.020503430
715,holdout,0.229499996,0.002424398,0.000298330,0.106546819,-0.068230934,-0.092206985,0.118883297,-0.020473611,-0.106546819,-0.068230934,0.092206985,-0.118883297,-0.020473611
716,train,51.921001434,0.538434267,0.113637573,0.098218717,-0.044916727,-0.104779929,0.083331712,-0.021411069,-0.098218717,-0.044916727,0.104779929,-0.083331712,-0.021411069
717,train,82.197502136,0.522561073,0.197197927,0.097482175,-0.041100405,-0.105068289,0.084046453,-0.017828334,-0.097482175,-0.041100405,0.105068289,-0.084046453,-0.017828334
718,validation,0.011000000,0.000000000,0.000000000,0.106611311,-0.068510622,-0.092137039,0.119407788,-0.020573506,-0.106611311,-0.068510622,0.092137039,-0.119407788,-0.020573506
719,validation,2.596499920,0.020766424,0.007882674,0.106086344,-0.066803157,-0.092803665,0.116522700,-0.020296048,-0.106086344,-0.066803157,0.092803665,-0.116522700,-0.020296048
720,train,0.306499988,0.004744180,0.000258110,0.106453404,-0.067848995,-0.092349485,0.118522450,-0.020551750,-0.106453404,-0.067848995,0.092349485,-0.118522450,-0.020551750
721,train,0.295500010,0.011186760,0.002120948,0.106311709,-0.067486301,-0.092386425,0.118031532,-0.020339819,-0.106311709,-0.067486301,0.092386425,-0.118031532,-0.020339819
722,train,0.941500008,0.007805435,0.000982476,0.106399268,-0.067539372,-0.092617989,0.117614239,-0.020516688,-0.106399268,-0.067539372,0.092617989,-0.117614239,-0.020516688
723,holdout,2.299499989,0.034948155,0.007836177,0.104862958,-0.065074556,-0.093477540,0.112391114,-0.020058986,-0.104862958,-0.065074556,0.093477540,-0.112391114,-0.020058986
724,train,9.340999603,0.062528558,0.020966416,0.105106041,-0.064543091,-0.093915321,0.111581579,-0.020082459,-0.105106041,-0.064543091,0.093915321,-0.111581579,-0.020082459
725,train,1.286999941,0.023381699,0.007235857,0.106179520,-0.067433566,-0.092676871,0.117679775,-0.020425940,-0.106179520,-0.067433566,0.092676871,-0.117679775,-0.020425940
726,train,2.345499992,0.021681229,0.005712082,0.106063277,-0.066312648,-0.093148872,0.115910143,-0.020579563,-0.106063277,-0.066312648,0.093148872,-0.115910143,-0.020579563
727,holdout,0.098999999,0.000000086,0.000000000,0.106617644,-0.068429932,-0.092151314,0.119300678,-0.020554896,-0.106617644,-0.068429932,0.092151314,-0.119300678,-0.020554896
728,holdout,1.087499976,0.004533007,0.000642740,0.106280953,-0.067693703,-0.092521250,0.117651016,-0.020260062,-0.106280953,-0.067693703,0.092521250,-0.117651016,-0.020260062
729,train,65.800003052,0.309880048,0.055279700,0.099344201,-0.049717773,-0.101779006,0.089785345,-0.018236227,-0.099344201,-0.049717773,0.101779006,-0.089785345,-0.018236227
730,validation,24.884000778,0.376842916,0.089189907,0.099123709,-0.047043253,-0.101743922,0.089686975,-0.018565049,-0.099123709,-0.047043253,0.101743922,-0.089686975,-0.018565049
731,train,48.320499420,0.448170871,0.117274234,0.099574342,-0.047097012,-0.104548112,0.088551678,-0.017107790,-0.099574342,-0.047097012,0.104548112,-0.088551678,-0.017107790
732,train,0.001000000,0.000000000,0.000000000,0.106616601,-0.068551332,-0.092130691,0.119515106,-0.020620922,-0.106616601,-0.068551332,0.092130691,-0.119515106,-0.020620922
733,train,9.494999886,0.090441599,0.029143772,0.104003817,-0.062597170,-0.094727822,0.108870909,-0.020149399,-0.104003817,-0.062597170,0.094727822,-0.108870909,-0.020149399
734,train,1.703500032,0.024294153,0.001367315,0.105738252,-0.065795735,-0.093345538,0.114514649,-0.020011054,-0.105738252,-0.065795735,0.093345538,-0.114514649,-0.020011054
735,train,17.954500198,0.194526657,0.052884030,0.103137761,-0.056731805,-0.098542012,0.102414161,-0.018052654,-0.103137761,-0.056731805,0.098542012,-0.102414161,-0.018052654
736,train,3.818500042,0.022955179,0.006150605,0.106150448,-0.067072704,-0.092759967,0.116913289,-0.020334255,-0.106150448,-0.067072704,0.092759967,-0.116913289,-0.020334255
737,train,9.402000427,0.064608812,0.017982903,0.103273392,-0.060986198,-0.095234022,0.106593788,-0.018770993,-0.103273392,-0.060986198,0.095234022,-0.106593788,-0.018770993
738,validation,18.261499405,0.176374391,0.109302583,0.102964997,-0.058945768,-0.096722193,0.102980509,-0.020320470,-0.102964997,-0.058945768,0.096722193,-0.102980509,-0.020320470
739,train,16.753499985,0.100198880,0.022128498,0.102443814,-0.058776379,-0.096557267,0.101425305,-0.019548913,-0.102443814,-0.058776379,0.096557267,-0.101425305,-0.019548913
740,train,0.003000000,0.001127350,0.000220255,0.106547102,-0.068440460,-0.092196390,0.119231492,-0.020563342,-0.106547102,-0.068440460,0.092196390,-0.119231492,-0.020563342
741,train,10.566499710,0.076260291,0.021413636,0.104429603,-0.063380495,-0.094531447,0.110071525,-0.020254044,-0.104429603,-0.063380495,0.094531447,-0.110071525,-0.020254044
742,train,49.975498199,0.513250351,0.251120121,0.096287586,-0.044918008,-0.102427810,0.078755692,-0.021012330,-0.096287586,-0.044918008,0.102427810,-0.078755692,-0.021012330
743,train,1.129500031,0.009137131,0.002078466,0.106308430,-0.067039631,-0.092653073,0.115649730,-0.019630533,-0.106308430,-0.067039631,0.092653073,-0.115649730,-0.019630533
744,train,5.096000195,0.043703761,0.014856468,0.105337292,-0.065164201,-0.093511432,0.113331899,-0.020152852,-0.105337292,-0.065164201,0.093511432,-0.113331899,-0.020152852
745,train,49.098499298,0.573153615,0.196036793,0.096048243,-0.037643567,-0.107356340,0.074052230,-0.018423107,-0.096048243,-0.037643567,0.107356340,-0.074052230,-0.018423107
746,holdout,0.000000000,0.000000000,0.000000000,0.106609136,-0.068502694,-0.092137113,0.119401291,-0.020572821,-0.106609136,-0.068502694,0.092137113,-0.119401291,-0.020572821
747,train,27.226499557,0.222331494,0.093589066,0.101630330,-0.053651411,-0.098332398,0.095208913,-0.018710067,-0.101630330,-0.053651411,0.098332398,-0.095208913,-0.018710067
748,train,5.845499992,0.074964225,0.026173642,0.104236171,-0.063158333,-0.094928809,0.110883102,-0.019860329,-0.104236171,-0.063158333,0.094928809,-0.110883102,-0.019860329
749,holdout,0.667500019,0.008294949,0.000362918,0.106384695,-0.068271235,-0.092292249,0.118800819,-0.020473193,-0.106384695,-0.068271235,0.092292249,-0.118800819,-0.020473193
750,validation,0.000000000,0.000000000,0.000000000,0.106602639,-0.068525448,-0.092136979,0.119475946,-0.020612862,-0.106602639,-0.068525448,0.092136979,-0.119475946,-0.020612862
751,train,0.216000006,0.001227030,0.000000000,0.106555656,-0.068321541,-0.092216596,0.118988022,-0.020573750,-0.106555656,-0.068321541,0.092216596,-0.118988022,-0.020573750
752,train,2.108500004,0.009764617,0.003674859,0.106421977,-0.067851678,-0.092441306,0.118375540,-0.020525899,-0.106421977,-0.067851678,0.092441306,-0.118375540,-0.020525899
753,train,0.001500000,0.002998760,0.001017308,0.106592640,-0.068369053,-0.092186928,0.119202659,-0.020620899,-0.106592640,-0.068369053,0.092186928,-0.119202659,-0.020620899
754,validation,40.352500916,0.370187134,0.128273994,0.097560748,-0.045529615,-0.103414178,0.082561605,-0.019862078,-0.097560748,-0.045529615,0.103414178,-0.082561605,-0.019862078
755,train,3.822000027,0.023984766,0.009545691,0.105952099,-0.066568300,-0.093056314,0.115930378,-0.020416576,-0.105952099,-0.066568300,0.093056314,-0.115930378,-0.020416576
756,train,6.384500027,0.045493942,0.010805463,0.105045378,-0.064099580,-0.093498006,0.110600024,-0.019260990,-0.105045378,-0.064099580,0.093498006,-0.110600024,-0.019260990
757,train,0.782999992,0.011083053,0.004197589,0.106401116,-0.068103880,-0.092387229,0.118531913,-0.020559650,-0.106401116,-0.068103880,0.092387229,-0.118531913,-0.020559650
758,train,0.594500005,0.013668313,0.005034768,0.106247097,-0.067438073,-0.092574686,0.117452115,-0.020408703,-0.106247097,-0.067438073,0.092574686,-0.117452115,-0.020408703
759,train,0.000000000,0.002627862,0.000000000,0.106550142,-0.068329893,-0.092236385,0.119127408,-0.020639239,-0.106550142,-0.068329893,0.092236385,-0.119127408,-0.020639239
760,train,0.212500006,0.014582366,0.002966382,0.106286392,-0.067662753,-0.092545450,0.117978171,-0.020621065,-0.106286392,-0.067662753,0.092545450,-0.117978171,-0.020621065
761,train,0.801999986,0.001166997,0.000189834,0.106389284,-0.068220235,-0.092222467,0.118562549,-0.020395607,-0.106389284,-0.068220235,0.092222467,-0.118562549,-0.020395607
762,train,75.420501709,0.512333453,0.179922664,0.098293900,-0.039918434,-0.105528802,0.080947310,-0.021037970,-0.098293900,-0.039918434,0.105528802,-0.080947310,-0.021037970
763,train,0.092500001,0.004467188,0.001755176,0.106595412,-0.068355858,-0.092244476,0.119085252,-0.020639036,-0.106595412,-0.068355858,0.092244476,-0.119085252,-0.020639036
764,train,1.160500050,0.015855363,0.002402173,0.106211737,-0.067737438,-0.092574462,0.117809251,-0.020478129,-0.106211737,-0.067737438,0.092574462,-0.117809251,-0.020478129
765,train,7.355500221,0.047535054,0.020097915,0.104516938,-0.063817665,-0.094500467,0.110922351,-0.020232907,-0.104516938,-0.063817665,0.094500467,-0.110922351,-0.020232907
766,train,1.570000052,0.008082486,0.005778921,0.106362239,-0.067999177,-0.092359312,0.118223786,-0.020499848,-0.106362239,-0.067999177,0.092359312,-0.118223786,-0.020499848
767,train,8.411000252,0.047985796,0.013431336,0.105070904,-0.063231125,-0.094621800,0.110216707,-0.019441057,-0.105070904,-0.063231125,0.094621800,-0.110216707,-0.019441057
768,train,9.340499878,0.134966373,0.023557284,0.102048457,-0.058740616,-0.096072197,0.101787060,-0.020085864,-0.102048457,-0.058740616,0.096072197,-0.101787060,-0.020085864
769,train,-1.068500042,0.086318731,0.054263779,0.105873883,-0.065663472,-0.093455076,0.115096778,-0.020887949,-0.105873883,-0.065663472,0.093455076,-0.115096778,-0.020887949
770,train,24.333999634,0.157789305,0.067139640,0.103766710,-0.058162484,-0.097167343,0.101803944,-0.019033754,-0.103766710,-0.058162484,0.097167343,-0.101803944,-0.019033754
771,holdout,4.619500160,0.015768312,0.004541797,0.105518177,-0.066351801,-0.092915140,0.114319190,-0.019772032,-0.105518177,-0.066351801,0.092915140,-0.114319190,-0.019772032
772,train,1.751999974,0.057729762,0.006370871,0.105942681,-0.066158764,-0.093121737,0.115632668,-0.020839285,-0.105942681,-0.066158764,0.093121737,-0.115632668,-0.020839285
773,holdout,0.021500001,0.000773445,0.000378664,0.106552377,-0.068329588,-0.092256218,0.119198352,-0.020572053,-0.106552377,-0.068329588,0.092256218,-0.119198352,-0.020572053
774,train,0.286000013,0.014510710,0.002507183,0.106249571,-0.067607276,-0.092562586,0.117847651,-0.020581439,-0.106249571,-0.067607276,0.092562586,-0.117847651,-0.020581439
775,train,20.252500534,0.323607832,0.135633381,0.098919183,-0.051601060,-0.100420341,0.089969561,-0.020406358,-0.098919183,-0.051601060,0.100420341,-0.089969561,-0.020406358
776,train,3.013000011,0.014161340,0.005394700,0.106293902,-0.067834482,-0.092454270,0.118003264,-0.020433275,-0.106293902,-0.067834482,0.092454270,-0.118003264,-0.020433275
777,train,16.184499741,0.149009958,0.039202786,0.102101609,-0.058695644,-0.096252941,0.099502489,-0.020172711,-0.102101609,-0.058695644,0.096252941,-0.099502489,-0.020172711
778,train,0.750000000,0.001553046,0.000000000,0.106589019,-0.068489589,-0.092171296,0.119411394,-0.020577958,-0.106589019,-0.068489589,0.092171296,-0.119411394,-0.020577958
779,train,4.442999840,0.045291949,0.015155384,0.105206594,-0.065087415,-0.093564540,0.112597391,-0.020082420,-0.105206594,-0.065087415,0.093564540,-0.112597391,-0.020082420
780,holdout,0.342500001,0.001285748,0.000000000,0.106594533,-0.068461336,-0.092160463,0.119397461,-0.020599497,-0.106594533,-0.068461336,0.092160463,-0.119397461,-0.020599497
781,train,-0.179499999,0.003472395,0.002321172,0.106570169,-0.068368077,-0.092179745,0.119207293,-0.020624034,-0.106570169,-0.068368077,0.092179745,-0.119207293,-0.020624034
782,train,60.905998230,0.513644576,0.159910329,0.098062292,-0.042680047,-0.104537055,0.085653700,-0.019179607,-0.098062292,-0.042680047,0.104537055,-0.085653700,-0.019179607
783,train,0.498499990,0.000039873,0.000000000,0.106592357,-0.068506084,-0.092141137,0.119448021,-0.020616353,-0.106592357,-0.068506084,0.092141137,-0.119448021,-0.020616353
784,train,6.811999798,0.038725913,0.009961570,0.105221331,-0.065234169,-0.094090201,0.112865627,-0.020166736,-0.105221331,-0.065234169,0.094090201,-0.112865627,-0.020166736
785,train,59.604999542,0.422214270,0.176083896,0.098023683,-0.044619791,-0.103057355,0.082463935,-0.017772270,-0.098023683,-0.044619791,0.103057355,-0.082463935,-0.017772270
786,train,82.142997742,0.535449207,0.198885430,0.097350158,-0.038917415,-0.105929725,0.083580613,-0.019199755,-0.097350158,-0.038917415,0.105929725,-0.083580613,-0.019199755
787,train,0.521000028,0.000274738,0.000000000,0.106608331,-0.068517841,-0.092144921,0.119457901,-0.020602146,-0.106608331,-0.068517841,0.092144921,-0.119457901,-0.020602146
788,validation,0.255499989,0.003230683,0.000753551,0.106554374,-0.068177857,-0.092232570,0.118815735,-0.020497059,-0.106554374,-0.068177857,0.092232570,-0.118815735,-0.020497059
789,holdout,55.494499207,0.407952666,0.076288987,0.098636873,-0.047241688,-0.102892287,0.087778628,-0.018060241,-0.098636873,-0.047241688,0.102892287,-0.087778628,-0.018060241
790,holdout,0.597000003,0.001839213,0.000000000,0.106530711,-0.068368673,-0.092172071,0.119073123,-0.020560862,-0.106530711,-0.068368673,0.092172071,-0.119073123,-0.020560862
791,validation,33.381000519,0.222453386,0.092909915,0.101268858,-0.053974453,-0.099263914,0.094472319,-0.017826512,-0.101268858,-0.053974453,0.099263914,-0.094472319,-0.017826512
792,holdout,-0.337500006,0.004931455,0.003307318,0.106548890,-0.068315744,-0.092222586,0.119034946,-0.020655375,-0.106548890,-0.068315744,0.092222586,-0.119034946,-0.020655375
793,holdout,28.306499481,0.224404991,0.093722197,0.100215077,-0.052635785,-0.100183956,0.085967049,-0.019752439,-0.100215077,-0.052635785,0.100183956,-0.085967049,-0.019752439
794,train,34.144001007,0.274262637,0.082163831,0.098772988,-0.049660046,-0.101124868,0.085609689,-0.019470043,-0.098772988,-0.049660046,0.101124868,-0.085609689,-0.019470043
795,train,26.889499664,0.221393809,0.123121739,0.101441011,-0.054177608,-0.098372526,0.094190404,-0.019969327,-0.101441011,-0.054177608,0.098372526,-0.094190404,-0.019969327
796,train,14.223999977,0.142057627,0.056763018,0.103504211,-0.058789283,-0.096800976,0.103621542,-0.020109234,-0.103504211,-0.058789283,0.096800976,-0.103621542,-0.020109234
797,holdout,1.210999966,0.018311715,0.003646667,0.106119499,-0.067353867,-0.092893094,0.117331937,-0.020413872,-0.106119499,-0.067353867,0.092893094,-0.117331937,-0.020413872
798,train,4.939499855,0.038821552,0.015913212,0.105427802,-0.065058745,-0.093551151,0.113607660,-0.020057799,-0.105427802,-0.065058745,0.093551151,-0.113607660,-0.020057799
799,validation,1.100499988,0.011992113,0.002457712,0.106176630,-0.067823678,-0.092451803,0.117957339,-0.020435907,-0.106176630,-0.067823678,0.092451803,-0.117957339,-0.020435907
800,train,0.108000003,0.003700122,0.000000000,0.106501326,-0.068266831,-0.092259631,0.119061887,-0.020576516,-0.106501326,-0.068266831,0.092259631,-0.119061887,-0.020576516
801,validation,0.082000002,0.007270961,0.001936092,0.106348246,-0.068068378,-0.092378855,0.118354127,-0.020539634,-0.106348246,-0.068068378,0.092378855,-0.118354127,-0.020539634
802,train,0.935500026,0.054155245,0.030763373,0.106069908,-0.066274337,-0.093316942,0.115965739,-0.020682449,-0.106069908,-0.066274337,0.093316942,-0.115965739,-0.020682449
803,train,14.482000351,0.137384564,0.040600078,0.102980882,-0.061408367,-0.096117951,0.105288282,-0.019603716,-0.102980882,-0.061408367,0.096117951,-0.105288282,-0.019603716
804,train,0.214000002,0.000000000,0.000000000,0.106616601,-0.068551332,-0.092130691,0.119515106,-0.020620922,-0.106616601,-0.068551332,0.092130691,-0.119515106,-0.020620922
805,train,10.095999718,0.088793606,0.010626560,0.102479577,-0.059171036,-0.096308857,0.102818921,-0.019369433,-0.102479577,-0.059171036,0.096308857,-0.102818921,-0.019369433
806,train,6.974500179,0.045992751,0.013258698,0.104828507,-0.064167552,-0.093772948,0.112037152,-0.019621532,-0.104828507,-0.064167552,0.093772948,-0.112037152,-0.019621532
807,train,3.436000109,0.045786727,0.003716643,0.104854897,-0.063621797,-0.094513856,0.111571267,-0.019218288,-0.104854897,-0.063621797,0.094513856,-0.111571267,-0.019218288
808,train,5.199999809,0.039515764,0.005468261,0.105876669,-0.066417329,-0.093215443,0.115664661,-0.020119401,-0.105876669,-0.066417329,0.093215443,-0.115664661,-0.020119401
809,train,0.381500006,0.004133776,0.002453194,0.106447339,-0.067971706,-0.092291847,0.118420333,-0.020397337,-0.106447339,-0.067971706,0.092291847,-0.118420333,-0.020397337
810,train,5.220499992,0.035510480,0.009290347,0.105233371,-0.065455183,-0.093463577,0.112908840,-0.019981751,-0.105233371,-0.065455183,0.093463577,-0.112908840,-0.019981751
811,train,2.929500103,0.043104056,0.004721706,0.105785251,-0.064993933,-0.093578264,0.113304019,-0.019789381,-0.105785251,-0.064993933,0.093578264,-0.113304019,-0.019789381
812,validation,-0.156000003,0.004436781,0.000310205,0.106481418,-0.068096675,-0.092396662,0.118583709,-0.020496858,-0.106481418,-0.068096675,0.092396662,-0.118583709,-0.020496858
813,train,70.487998962,0.478958696,0.154175437,0.096358694,-0.041880194,-0.105079338,0.083312146,-0.019585118,-0.096358694,-0.041880194,0.105079338,-0.083312146,-0.019585118
814,train,2.029000044,0.014612111,0.001156072,0.106164947,-0.067090169,-0.092869774,0.116708487,-0.020387778,-0.106164947,-0.067090169,0.092869774,-0.116708487,-0.020387778
815,train,1.487499952,0.023547785,0.000598632,0.105500817,-0.066378348,-0.092993177,0.115305290,-0.020099759,-0.105500817,-0.066378348,0.092993177,-0.115305290,-0.020099759
816,train,0.750500023,0.009230142,0.002054469,0.106302008,-0.067281984,-0.092731595,0.117656305,-0.020523712,-0.106302008,-0.067281984,0.092731595,-0.117656305,-0.020523712
817,holdout,4.499499798,0.034997389,0.005217283,0.105478540,-0.065630779,-0.093410730,0.114537314,-0.020059152,-0.105478540,-0.065630779,0.093410730,-0.114537314,-0.020059152
818,train,1.504999995,0.008058110,0.004146398,0.106456235,-0.068140075,-0.092330173,0.118461177,-0.020537158,-0.106456235,-0.068140075,0.092330173,-0.118461177,-0.020537158
819,train,3.666500092,0.020259472,0.006148781,0.106099099,-0.067013629,-0.092759170,0.117131963,-0.020507816,-0.106099099,-0.067013629,0.092759170,-0.117131963,-0.020507816
820,train,37.486000061,0.239685118,0.087597351,0.098797396,-0.050414272,-0.101872832,0.084544793,-0.020103972,-0.098797396,-0.050414272,0.101872832,-0.084544793,-0.020103972
821,validation,1.410500050,0.017006714,0.005801305,0.106256217,-0.067615174,-0.092614628,0.117562756,-0.020503055,-0.106256217,-0.067615174,0.092614628,-0.117562756,-0.020503055
822,train,53.919498444,0.399970472,0.099832396,0.098964915,-0.046464164,-0.105061583,0.088718608,-0.017782062,-0.098964915,-0.046464164,0.105061583,-0.088718608,-0.017782062
823,train,0.735499978,0.007354897,0.001625870,0.106226191,-0.067191623,-0.092532933,0.117435366,-0.020413814,-0.106226191,-0.067191623,0.092532933,-0.117435366,-0.020413814
824,holdout,43.178501129,0.394017041,0.142007965,0.095932327,-0.042668354,-0.104868114,0.075166516,-0.017223978,-0.095932327,-0.042668354,0.104868114,-0.075166516,-0.017223978
825,train,10.376999855,0.059543684,0.011893778,0.104106516,-0.061758641,-0.094808497,0.106716827,-0.018499836,-0.104106516,-0.061758641,0.094808497,-0.106716827,-0.018499836
826,train,0.183500007,0.000000000,0.000000000,0.106616601,-0.068551332,-0.092130691,0.119515106,-0.020620922,-0.106616601,-0.068551332,0.092130691,-0.119515106,-0.020620922
827,train,0.485500008,0.006135519,0.001449830,0.106344864,-0.067622021,-0.092525005,0.117762297,-0.020424997,-0.106344864,-0.067622021,0.092525005,-0.117762297,-0.020424997
828,train,61.580501556,0.461001158,0.142310130,0.098408572,-0.044205550,-0.104438223,0.086265124,-0.018748781,-0.098408572,-0.044205550,0.104438223,-0.086265124,-0.018748781
829,validation,3.213000059,0.041084737,0.007807221,0.105620638,-0.064982854,-0.093629315,0.112736195,-0.020028321,-0.105620638,-0.064982854,0.093629315,-0.112736195,-0.020028321
830,train,6.305500031,0.056305896,0.018628341,0.104453519,-0.063662343,-0.094246626,0.110598624,-0.020031674,-0.104453519,-0.063662343,0.094246626,-0.110598624,-0.020031674
831,train,0.325500011,0.004368950,0.000016778,0.106372461,-0.067804173,-0.092370450,0.118266374,-0.020479439,-0.106372461,-0.067804173,0.092370450,-0.118266374,-0.020479439
832,validation,0.609499991,0.070191450,0.028411017,0.105784744,-0.066044398,-0.093231291,0.115457803,-0.020958500,-0.105784744,-0.066044398,0.093231291,-0.115457803,-0.020958500
833,validation,0.567499995,0.003652328,0.000008684,0.106584013,-0.068109781,-0.092255086,0.118824646,-0.020500036,-0.106584013,-0.068109781,0.092255086,-0.118824646,-0.020500036
834,train,8.155500412,0.056030352,0.020597071,0.104452431,-0.063316636,-0.094534718,0.110096350,-0.020203304,-0.104452431,-0.063316636,0.094534718,-0.110096350,-0.020203304
835,train,0.094499998,0.004659634,0.005441084,0.106593996,-0.068375692,-0.092213064,0.119104877,-0.020651421,-0.106593996,-0.068375692,0.092213064,-0.119104877,-0.020651421
836,train,0.614000022,0.009872332,0.001716745,0.106350690,-0.067307547,-0.092653453,0.117375150,-0.020320665,-0.106350690,-0.067307547,0.092653453,-0.117375150,-0.020320665
837,train,0.094999999,0.002426589,0.001819642,0.106445238,-0.067777298,-0.092422351,0.117633179,-0.020201197,-0.106445238,-0.067777298,0.092422351,-0.117633179,-0.020201197
838,train,6.898499966,0.049135625,0.011565379,0.105362386,-0.063303202,-0.094213963,0.108795956,-0.018994393,-0.105362386,-0.063303202,0.094213963,-0.108795956,-0.018994393
839,train,0.417499989,0.008038696,0.001188314,0.106328726,-0.068084478,-0.092344195,0.118644029,-0.020585788,-0.106328726,-0.068084478,0.092344195,-0.118644029,-0.020585788
840,train,-0.108499996,0.004061399,0.003988083,0.106585354,-0.068360351,-0.092195347,0.119117215,-0.020619899,-0.106585354,-0.068360351,0.092195347,-0.119117215,-0.020619899
841,train,6.544000149,0.043308903,0.008482113,0.105039179,-0.064865761,-0.094120480,0.112633735,-0.020386346,-0.105039179,-0.064865761,0.094120480,-0.112633735,-0.020386346
842,holdout,14.507499695,0.115064830,0.043839849,0.102659062,-0.058780685,-0.096530698,0.100300744,-0.018633550,-0.102659062,-0.058780685,0.096530698,-0.100300744,-0.018633550
843,train,8.654500008,0.116391271,0.012975350,0.103733718,-0.060527571,-0.096178651,0.105572164,-0.019374652,-0.103733718,-0.060527571,0.096178651,-0.105572164,-0.019374652
844,train,4.061500072,0.031321332,0.011593870,0.105894610,-0.066269696,-0.093223222,0.115361333,-0.020496579,-0.105894610,-0.066269696,0.093223222,-0.115361333,-0.020496579
845,train,43.985500336,0.498097181,0.130923874,0.096234366,-0.044055954,-0.106291786,0.082391538,-0.018020686,-0.096234366,-0.044055954,0.106291786,-0.082391538,-0.018020686
846,train,48.790000916,0.402463496,0.095925965,0.098857425,-0.045884818,-0.105185367,0.088207923,-0.017522328,-0.098857425,-0.045884818,0.105185367,-0.088207923,-0.017522328
847,train,0.509999990,0.001658997,0.000000000,0.106585711,-0.068486489,-0.092174254,0.119414002,-0.020598792,-0.106585711,-0.068486489,0.092174254,-0.119414002,-0.020598792
848,train,5.620500088,0.067558385,0.009992533,0.104631335,-0.063356124,-0.094374567,0.109810308,-0.020217665,-0.104631335,-0.063356124,0.094374567,-0.109810308,-0.020217665
849,train,0.203500003,0.002464157,0.000381099,0.106535032,-0.068299279,-0.092222020,0.118991598,-0.020551596,-0.106535032,-0.068299279,0.092222020,-0.118991598,-0.020551596
850,train,4.755000114,0.022533610,0.004770397,0.105890483,-0.065727390,-0.093149759,0.114819452,-0.019827791,-0.105890483,-0.065727390,0.093149759,-0.114819452,-0.019827791
851,train,0.621500015,0.008530334,0.002150043,0.106453151,-0.068158142,-0.092392884,0.118623301,-0.020634260,-0.106453151,-0.068158142,0.092392884,-0.118623301,-0.020634260
852,train,0.756500006,0.001135583,0.000189834,0.106444910,-0.068217531,-0.092228413,0.118745774,-0.020420495,-0.106444910,-0.068217531,0.092228413,-0.118745774,-0.020420495
853,train,1.483999968,0.019615395,0.005029284,0.105811596,-0.066699341,-0.093090221,0.115968511,-0.020077640,-0.105811596,-0.066699341,0.093090221,-0.115968511,-0.020077640
854,train,1.875000000,0.007494471,0.001771516,0.106194034,-0.067571618,-0.092662334,0.117161036,-0.020225048,-0.106194034,-0.067571618,0.092662334,-0.117161036,-0.020225048
855,train,3.403000116,0.026110524,0.003672026,0.105850935,-0.065729178,-0.093525708,0.115286082,-0.019887809,-0.105850935,-0.065729178,0.093525708,-0.115286082,-0.019887809
856,validation,13.185999870,0.112432502,0.023268232,0.104093790,-0.060866669,-0.095710076,0.105904490,-0.018808128,-0.104093790,-0.060866669,0.095710076,-0.105904490,-0.018808128
857,holdout,43.662998199,0.442179471,0.090824224,0.099299833,-0.047900692,-0.103004433,0.089134254,-0.018565975,-0.099299833,-0.047900692,0.103004433,-0.089134254,-0.018565975
858,train,0.750500023,0.000000000,0.000000000,0.106598333,-0.068517432,-0.092136681,0.119455263,-0.020611813,-0.106598333,-0.068517432,0.092136681,-0.119455263,-0.020611813
859,train,57.229000092,0.463918537,0.136584470,0.098454952,-0.044268727,-0.104521975,0.085882910,-0.019123677,-0.098454952,-0.044268727,0.104521975,-0.085882910,-0.019123677
860,train,7.664500237,0.052697901,0.011624369,0.104459614,-0.061854199,-0.094687141,0.106802225,-0.018583434,-0.104459614,-0.061854199,0.094687141,-0.106802225,-0.018583434
861,train,25.058000565,0.224788561,0.118297560,0.101869762,-0.054639101,-0.097616047,0.095780104,-0.019350002,-0.101869762,-0.054639101,0.097616047,-0.095780104,-0.019350002
862,train,22.165000916,0.279467374,0.067390549,0.102137879,-0.053534500,-0.100077748,0.099669039,-0.017919194,-0.102137879,-0.053534500,0.100077748,-0.099669039,-0.017919194
863,train,-0.145500004,0.004633753,0.004954794,0.106594875,-0.068392612,-0.092194676,0.119136438,-0.020649582,-0.106594875,-0.068392612,0.092194676,-0.119136438,-0.020649582
864,train,0.125499994,0.002511708,0.001816962,0.106381685,-0.067547925,-0.092419349,0.117329344,-0.020078132,-0.106381685,-0.067547925,0.092419349,-0.117329344,-0.020078132
865,validation,2.397500038,0.021206999,0.007465979,0.106130242,-0.066974059,-0.092780471,0.116839826,-0.020350777,-0.106130242,-0.066974059,0.092780471,-0.116839826,-0.020350777
866,holdout,-0.356500000,0.046000302,0.010883177,0.105933517,-0.066291548,-0.093109831,0.116372213,-0.020406935,-0.105933517,-0.066291548,0.093109831,-0.116372213,-0.020406935
867,validation,0.222499996,0.005034698,0.000942198,0.106458664,-0.068089709,-0.092283517,0.118571997,-0.020539785,-0.106458664,-0.068089709,0.092283517,-0.118571997,-0.020539785
868,holdout,0.000000000,0.000000000,0.000000000,0.106616601,-0.068551332,-0.092130691,0.119515106,-0.020620922,-0.106616601,-0.068551332,0.092130691,-0.119515106,-0.020620922
869,train,0.446500003,0.000000015,0.000000000,0.106556147,-0.068428673,-0.092160374,0.119260699,-0.020553226,-0.106556147,-0.068428673,0.092160374,-0.119260699,-0.020553226
870,train,-1.601500034,0.090978324,0.059482460,0.105597630,-0.065400273,-0.093313485,0.114324123,-0.020866776,-0.105597630,-0.065400273,0.093313485,-0.114324123,-0.020866776
871,train,0.131999999,0.004471722,0.000220324,0.106461897,-0.068070762,-0.092411518,0.118555129,-0.020510480,-0.106461897,-0.068070762,0.092411518,-0.118555129,-0.020510480
872,validation,11.822999954,0.115839407,0.033150193,0.104411229,-0.061264511,-0.095143154,0.107075974,-0.019466659,-0.104411229,-0.061264511,0.095143154,-0.107075974,-0.019466659
873,holdout,1.830000043,0.031889100,0.007770409,0.105366364,-0.065377653,-0.093215935,0.112704948,-0.020147195,-0.105366364,-0.065377653,0.093215935,-0.112704948,-0.020147195
874,train,6.314499855,0.028892064,0.007113125,0.105558351,-0.065816179,-0.093964197,0.113538370,-0.019976074,-0.105558351,-0.065816179,0.093964197,-0.113538370,-0.019976074
875,holdout,0.240500003,0.018833183,0.011188937,0.106214598,-0.067627408,-0.092630789,0.118142039,-0.020528959,-0.106214598,-0.067627408,0.092630789,-0.118142039,-0.020528959
876,validation,11.737000465,0.072079405,0.032656826,0.104632735,-0.064032122,-0.094381250,0.111625329,-0.019789299,-0.104632735,-0.064032122,0.094381250,-0.111625329,-0.019789299
877,holdout,0.000000000,0.000020956,0.000000000,0.106585339,-0.068453267,-0.092197359,0.119247034,-0.020571742,-0.106585339,-0.068453267,0.092197359,-0.119247034,-0.020571742
878,train,28.608499527,0.253447324,0.078408940,0.101115972,-0.056105718,-0.098205872,0.095150903,-0.019806558,-0.101115972,-0.056105718,0.098205872,-0.095150903,-0.019806558
879,train,7.073999882,0.068714969,0.015076762,0.104577720,-0.063748710,-0.094712801,0.111101732,-0.019646414,-0.104577720,-0.063748710,0.094712801,-0.111101732,-0.019646414
880,train,22.704000473,0.213023961,0.056348111,0.101357952,-0.055537425,-0.097475134,0.099975109,-0.019653544,-0.101357952,-0.055537425,0.097475134,-0.099975109,-0.019653544
881,validation,6.537000179,0.058584884,0.012331992,0.104471251,-0.062293105,-0.094899982,0.108913973,-0.018853499,-0.104471251,-0.062293105,0.094899982,-0.108913973,-0.018853499
882,train,10.078000069,0.119673140,0.040540086,0.104069531,-0.062569357,-0.094871841,0.109439462,-0.019811472,-0.104069531,-0.062569357,0.094871841,-0.109439462,-0.019811472
883,train,-0.267500013,0.083831906,0.055093177,0.106004879,-0.065763727,-0.093521997,0.115361258,-0.020852830,-0.106004879,-0.065763727,0.093521997,-0.115361258,-0.020852830
884,train,10.595000267,0.114080168,0.021276400,0.103425652,-0.059629165,-0.095819689,0.104377180,-0.019569395,-0.103425652,-0.059629165,0.095819689,-0.104377180,-0.019569395
885,holdout,17.330499649,0.113641299,0.026018142,0.102906793,-0.056819536,-0.097035900,0.101358637,-0.018088959,-0.102906793,-0.056819536,0.097035900,-0.101358637,-0.018088959
886,train,13.677499771,0.070040509,0.014795141,0.103922859,-0.061137810,-0.095368333,0.105621189,-0.018235046,-0.103922859,-0.061137810,0.095368333,-0.105621189,-0.018235046
887,train,27.957500458,0.234403178,0.129159885,0.101594418,-0.054305699,-0.098601453,0.095479265,-0.020143809,-0.101594418,-0.054305699,0.098601453,-0.095479265,-0.020143809
888,train,29.033500671,0.222127631,0.084338637,0.100547500,-0.050775234,-0.098588824,0.087114289,-0.016346134,-0.100547500,-0.050775234,0.098588824,-0.087114289,-0.016346134
889,train,58.280498505,0.466721028,0.103032266,0.097529702,-0.045257263,-0.103150055,0.086179852,-0.019157656,-0.097529702,-0.045257263,0.103150055,-0.086179852,-0.019157656
890,train,3.857000113,0.020390099,0.003319147,0.105835035,-0.065904900,-0.093432516,0.115011230,-0.020305844,-0.105835035,-0.065904900,0.093432516,-0.115011230,-0.020305844
891,validation,4.199500084,0.012258959,0.004227093,0.106095135,-0.067105867,-0.092640027,0.116353825,-0.019896979,-0.106095135,-0.067105867,0.092640027,-0.116353825,-0.019896979
892,validation,0.111500002,0.000000241,0.000000000,0.106612831,-0.068482220,-0.092139900,0.119260639,-0.020512279,-0.106612831,-0.068482220,0.092139900,-0.119260639,-0.020512279
893,train,0.027500000,0.003544498,0.001033667,0.106576279,-0.068392418,-0.092195362,0.119294822,-0.020638335,-0.106576279,-0.068392418,0.092195362,-0.119294822,-0.020638335
894,train,41.940498352,0.481578380,0.232403879,0.096415639,-0.044666730,-0.102501608,0.078345247,-0.021143269,-0.096415639,-0.044666730,0.102501608,-0.078345247,-0.021143269
895,train,0.001000000,0.000977811,0.000000000,0.106589824,-0.068382405,-0.092174694,0.119181842,-0.020565454,-0.106589824,-0.068382405,0.092174694,-0.119181842,-0.020565454
896,train,1.700500011,0.014702336,0.001469586,0.105683178,-0.066193081,-0.093091488,0.115530059,-0.019684525,-0.105683178,-0.066193081,0.093091488,-0.115530059,-0.019684525
897,train,2.165999889,0.017071294,0.002761379,0.105708852,-0.065646641,-0.093241662,0.113825932,-0.019456619,-0.105708852,-0.065646641,0.093241662,-0.113825932,-0.019456619
898,train,2.921999931,0.016501749,0.005882424,0.106322303,-0.067712709,-0.092451923,0.117691204,-0.020385666,-0.106322303,-0.067712709,0.092451923,-0.117691204,-0.020385666
899,train,0.000000000,0.000001813,0.000000000,0.106596962,-0.068515301,-0.092137814,0.119284049,-0.020550996,-0.106596962,-0.068515301,0.092137814,-0.119284049,-0.020550996
900,train,8.215499878,0.067263417,0.016903354,0.103847906,-0.062469587,-0.095143639,0.107912526,-0.020085944,-0.103847906,-0.062469587,0.095143639,-0.107912526,-0.020085944
901,train,56.486000061,0.430581093,0.122925456,0.098441847,-0.045716111,-0.104692750,0.086899415,-0.018184228,-0.098441847,-0.045716111,0.104692750,-0.086899415,-0.018184228
902,validation,0.985000014,0.013432904,0.000393450,0.106227681,-0.066807896,-0.092744783,0.116830200,-0.020243840,-0.106227681,-0.066807896,0.092744783,-0.116830200,-0.020243840
903,validation,49.055999756,0.399984211,0.087489350,0.099512473,-0.047144420,-0.103457130,0.088033564,-0.016277231,-0.099512473,-0.047144420,0.103457130,-0.088033564,-0.016277231
904,validation,1.160500050,0.008072496,0.000009651,0.106315732,-0.067802615,-0.092572317,0.118228719,-0.020541066,-0.106315732,-0.067802615,0.092572317,-0.118228719,-0.020541066
905,validation,2.419500113,0.007781828,0.006423517,0.106319547,-0.067927025,-0.092376202,0.117877439,-0.020360466,-0.106319547,-0.067927025,0.092376202,-0.117877439,-0.020360466
906,train,0.878000021,0.005240043,0.004070128,0.106433690,-0.067971490,-0.092333660,0.118601233,-0.020504070,-0.106433690,-0.067971490,0.092333660,-0.118601233,-0.020504070
907,train,1.349499941,0.023421302,0.010619032,0.106188983,-0.067349620,-0.092742242,0.117675707,-0.020456500,-0.106188983,-0.067349620,0.092742242,-0.117675707,-0.020456500
908,train,1.729500055,0.008731802,0.002085632,0.106256112,-0.067699030,-0.092640027,0.117764503,-0.020476127,-0.106256112,-0.067699030,0.092640027,-0.117764503,-0.020476127
909,train,1.410500050,0.019006943,0.007992656,0.106172904,-0.067630447,-0.092609458,0.117491782,-0.020591393,-0.106172904,-0.067630447,0.092609458,-0.117491782,-0.020591393
910,train,-0.082000002,0.004571757,0.003362179,0.106576666,-0.068307184,-0.092206985,0.119050846,-0.020609606,-0.106576666,-0.068307184,0.092206985,-0.119050846,-0.020609606
911,train,1.758499980,0.012391892,0.002539214,0.106200814,-0.067555666,-0.092738017,0.117249772,-0.020361131,-0.106200814,-0.067555666,0.092738017,-0.117249772,-0.020361131
912,train,2.821000099,0.056015998,0.063789833,0.106039613,-0.065957993,-0.093450427,0.115497634,-0.020934075,-0.106039613,-0.065957993,0.093450427,-0.115497634,-0.020934075
913,holdout,3.976999998,0.031520840,0.008801048,0.105567455,-0.065819353,-0.093332283,0.114221141,-0.020086311,-0.105567455,-0.065819353,0.093332283,-0.114221141,-0.020086311
914,train,0.784500003,0.006564524,0.001960873,0.106285349,-0.067631073,-0.092402391,0.117487952,-0.020205995,-0.106285349,-0.067631073,0.092402391,-0.117487952,-0.020205995
915,holdout,63.877498627,0.549595118,0.208326597,0.097058743,-0.042164940,-0.105508626,0.081082873,-0.019269492,-0.097058743,-0.042164940,0.105508626,-0.081082873,-0.019269492
916,train,12.680500031,0.050727475,0.013704805,0.104723081,-0.062122311,-0.095436923,0.108011141,-0.018739222,-0.104723081,-0.062122311,0.095436923,-0.108011141,-0.018739222
917,train,0.000000000,0.000000000,0.000000000,0.106616601,-0.068551332,-0.092130691,0.119515106,-0.020620922,-0.106616601,-0.068551332,0.092130691,-0.119515106,-0.020620922
918,train,0.000000000,0.000000000,0.000000000,0.106616601,-0.068551332,-0.092130691,0.119515106,-0.020620922,-0.106616601,-0.068551332,0.092130691,-0.119515106,-0.020620922
919,train,74.372497559,0.448109269,0.149475878,0.098265268,-0.043728489,-0.105739802,0.077951677,-0.019226758,-0.098265268,-0.043728489,0.105739802,-0.077951677,-0.019226758
920,train,9.637000084,0.116618089,0.018191511,0.104057387,-0.060998920,-0.095850341,0.106415734,-0.019795349,-0.104057387,-0.060998920,0.095850341,-0.106415734,-0.019795349
921,train,8.396499634,0.061914105,0.008637445,0.104174837,-0.062440000,-0.094832331,0.106703445,-0.019089550,-0.104174837,-0.062440000,0.094832331,-0.106703445,-0.019089550
922,train,0.343499988,0.000000000,0.000000000,0.106600985,-0.068462580,-0.092144892,0.119329974,-0.020568084,-0.106600985,-0.068462580,0.092144892,-0.119329974,-0.020568084
923,train,0.685000002,0.008765857,0.003966429,0.106466487,-0.067987777,-0.092405051,0.118618637,-0.020545125,-0.106466487,-0.067987777,0.092405051,-0.118618637,-0.020545125
924,holdout,0.941500008,0.017348150,0.003627412,0.106182173,-0.067596108,-0.092678472,0.117561296,-0.020443557,-0.106182173,-0.067596108,0.092678472,-0.117561296,-0.020443557
925,validation,0.049500000,0.000000000,0.000000000,0.106609777,-0.068538643,-0.092129976,0.119501576,-0.020613614,-0.106609777,-0.068538643,0.092129976,-0.119501576,-0.020613614
926,train,0.742999971,0.008407113,0.002591380,0.106428817,-0.068126865,-0.092371568,0.118491426,-0.020606581,-0.106428817,-0.068126865,0.092371568,-0.118491426,-0.020606581
927,train,36.326499939,0.199252725,0.053084330,0.100524791,-0.052038267,-0.098952919,0.096671365,-0.017878598,-0.100524791,-0.052038267,0.098952919,-0.096671365,-0.017878598
928,train,20.261499405,0.177055448,0.056550281,0.102244809,-0.060086407,-0.096941054,0.104835972,-0.020189146,-0.102244809,-0.060086407,0.096941054,-0.104835972,-0.020189146
929,train,5.811999798,0.048093002,0.017220840,0.105343580,-0.064749740,-0.093851782,0.112525657,-0.020238765,-0.105343580,-0.064749740,0.093851782,-0.112525657,-0.020238765
930,train,0.749000013,0.003427380,0.004075796,0.106325358,-0.067803383,-0.092288271,0.117702141,-0.020240320,-0.106325358,-0.067803383,0.092288271,-0.117702141,-0.020240320
931,validation,0.141499996,0.000000000,0.000000000,0.106611073,-0.068531305,-0.092130437,0.119499251,-0.020613167,-0.106611073,-0.068531305,0.092130437,-0.119499251,-0.020613167
932,train,0.231999993,0.003557367,0.000040340,0.106595814,-0.068338417,-0.092247859,0.118934557,-0.020586971,-0.106595814,-0.068338417,0.092247859,-0.118934557,-0.020586971
933,train,5.278500080,0.093371369,0.030828622,0.104510069,-0.063219845,-0.094899513,0.110900521,-0.020022703,-0.104510069,-0.063219845,0.094899513,-0.110900521,-0.020022703
934,train,6.670000076,0.043687820,0.014076694,0.105772868,-0.065360181,-0.093633734,0.113648519,-0.020274216,-0.105772868,-0.065360181,0.093633734,-0.113648519,-0.020274216
935,train,38.370498657,0.398960054,0.180739093,0.095750846,-0.043769650,-0.103802294,0.076871306,-0.019242745,-0.095750846,-0.043769650,0.103802294,-0.076871306,-0.019242745
936,holdout,2.163000107,0.036203004,0.007805246,0.105507016,-0.065745622,-0.093107983,0.113433927,-0.020188522,-0.105507016,-0.065745622,0.093107983,-0.113433927,-0.020188522
937,train,0.046000000,0.004531949,0.004882995,0.106574640,-0.068377897,-0.092217073,0.119116202,-0.020645099,-0.106574640,-0.068377897,0.092217073,-0.119116202,-0.020645099
938,train,8.511500359,0.059488181,0.010171980,0.104132101,-0.061956067,-0.094761841,0.107001588,-0.018511847,-0.104132101,-0.061956067,0.094761841,-0.107001588,-0.018511847
939,train,0.001500000,0.001167781,0.000000000,0.106592014,-0.068420783,-0.092155769,0.119278505,-0.020569293,-0.106592014,-0.068420783,0.092155769,-0.119278505,-0.020569293
940,validation,4.260499954,0.040687278,0.009877976,0.105448455,-0.065534629,-0.093346260,0.114486903,-0.020175586,-0.105448455,-0.065534629,0.093346260,-0.114486903,-0.020175586
941,train,62.481498718,0.523841321,0.160986674,0.097611427,-0.042058643,-0.105184451,0.081082903,-0.021753561,-0.097611427,-0.042058643,0.105184451,-0.081082903,-0.021753561
942,train,0.437500000,0.001585474,0.000000000,0.106582582,-0.068489127,-0.092170984,0.119424731,-0.020597894,-0.106582582,-0.068489127,0.092170984,-0.119424731,-0.020597894
943,train,1.079499960,0.009512921,0.000752098,0.106225803,-0.066981919,-0.092692524,0.116810665,-0.020394646,-0.106225803,-0.066981919,0.092692524,-0.116810665,-0.020394646
944,train,65.331001282,0.504919410,0.165795649,0.097068511,-0.040975086,-0.104592219,0.080219671,-0.021670099,-0.097068511,-0.040975086,0.104592219,-0.080219671,-0.021670099
945,train,1.311499953,0.009410329,0.002772162,0.106369048,-0.067923561,-0.092417881,0.118271679,-0.020552361,-0.106369048,-0.067923561,0.092417881,-0.118271679,-0.020552361
946,train,1.373499990,0.004276245,0.002149005,0.106439471,-0.068037212,-0.092361718,0.118640870,-0.020540575,-0.106439471,-0.068037212,0.092361718,-0.118640870,-0.020540575
947,validation,2.071000099,0.008026531,0.003073769,0.105609864,-0.066054255,-0.093198806,0.115624443,-0.019731311,-0.105609864,-0.066054255,0.093198806,-0.115624443,-0.019731311
948,holdout,0.351500005,0.004058015,0.001264788,0.106474251,-0.068000086,-0.092264995,0.118492126,-0.020452272,-0.106474251,-0.068000086,0.092264995,-0.118492126,-0.020452272
949,train,8.509499550,0.093251407,0.011302058,0.104940534,-0.062735133,-0.094863586,0.108669922,-0.019220380,-0.104940534,-0.062735133,0.094863586,-0.108669922,-0.019220380
950,validation,1.583999991,0.012748659,0.002812255,0.105973274,-0.066543527,-0.092844583,0.115567610,-0.019870536,-0.105973274,-0.066543527,0.092844583,-0.115567610,-0.019870536
951,train,1.296499968,0.006367941,0.000833108,0.106357634,-0.067079775,-0.092697054,0.116794318,-0.020264581,-0.106357634,-0.067079775,0.092697054,-0.116794318,-0.020264581
952,train,4.277999878,0.041768845,0.003316263,0.104402080,-0.063448764,-0.094266795,0.109689817,-0.019101277,-0.104402080,-0.063448764,0.094266795,-0.109689817,-0.019101277
953,holdout,2.424000025,0.024909137,0.001692747,0.105617791,-0.065844879,-0.093300350,0.114483044,-0.020120142,-0.105617791,-0.065844879,0.093300350,-0.114483044,-0.020120142
954,train,0.000000000,0.000000000,0.000000000,0.106616601,-0.068551332,-0.092130691,0.119515106,-0.020620922,-0.106616601,-0.068551332,0.092130691,-0.119515106,-0.020620922
955,train,-4.973999977,0.092414461,0.089446473,0.105691984,-0.065392666,-0.093348570,0.114186779,-0.020896215,-0.105691984,-0.065392666,0.093348570,-0.114186779,-0.020896215
956,holdout,1.598999977,0.009532655,0.001824930,0.106330752,-0.067729570,-0.092502914,0.117937952,-0.020254411,-0.106330752,-0.067729570,0.092502914,-0.117937952,-0.020254411
957,train,0.231500000,0.003384318,0.000614436,0.106539175,-0.068106100,-0.092316002,0.118791640,-0.020597097,-0.106539175,-0.068106100,0.092316002,-0.118791640,-0.020597097
958,train,1.060500026,0.011367124,0.000846056,0.106089428,-0.066977508,-0.092713624,0.116839871,-0.020425670,-0.106089428,-0.066977508,0.092713624,-0.116839871,-0.020425670
959,train,9.923500061,0.095121436,0.023163578,0.104177609,-0.062952511,-0.094669156,0.109314531,-0.020125646,-0.104177609,-0.062952511,0.094669156,-0.109314531,-0.020125646
960,train,0.699000001,0.004706149,0.000000000,0.106412753,-0.068156630,-0.092312083,0.118778974,-0.020527666,-0.106412753,-0.068156630,0.092312083,-0.118778974,-0.020527666
961,train,0.238499999,0.000873024,0.000211669,0.106582314,-0.068432420,-0.092153341,0.119293734,-0.020574611,-0.106582314,-0.068432420,0.092153341,-0.119293734,-0.020574611
962,holdout,0.000000000,0.000020972,0.000000000,0.106584221,-0.068453141,-0.092197403,0.119248927,-0.020574626,-0.106584221,-0.068453141,0.092197403,-0.119248927,-0.020574626
963,holdout,59.332500458,0.335748702,0.112291137,0.098045111,-0.048441906,-0.100158356,0.084564053,-0.019238189,-0.098045111,-0.048441906,0.100158356,-0.084564053,-0.019238189
964,train,39.162498474,0.161145091,0.060561030,0.098316997,-0.045492992,-0.104373626,0.084557392,-0.014409880,-0.098316997,-0.045492992,0.104373626,-0.084557392,-0.014409880
965,train,10.099499702,0.056375682,0.016512989,0.104761690,-0.063421495,-0.094975866,0.109224245,-0.019974288,-0.104761690,-0.063421495,0.094975866,-0.109224245,-0.019974288
966,validation,0.001500000,0.000000000,0.000000000,0.106608137,-0.068529584,-0.092132255,0.119484156,-0.020612992,-0.106608137,-0.068529584,0.092132255,-0.119484156,-0.020612992
967,holdout,-0.052499998,0.004927055,0.005894283,0.106562331,-0.068296485,-0.092210844,0.119048238,-0.020650133,-0.106562331,-0.068296485,0.092210844,-0.119048238,-0.020650133
968,train,3.037499905,0.019079870,0.003279543,0.105839804,-0.066319995,-0.093323685,0.115576670,-0.020282235,-0.105839804,-0.066319995,0.093323685,-0.115576670,-0.020282235
969,validation,11.586000443,0.086246923,0.020770888,0.103887677,-0.062810682,-0.094929084,0.108538345,-0.019763999,-0.103887677,-0.062810682,0.094929084,-0.108538345,-0.019763999
970,holdout,12.880000114,0.105405174,0.037436420,0.104229614,-0.062376261,-0.094972029,0.108749524,-0.020026019,-0.104229614,-0.062376261,0.094972029,-0.108749524,-0.020026019
971,train,0.238000005,0.000866591,0.000211669,0.106608853,-0.068469562,-0.092155591,0.119364277,-0.020596253,-0.106608853,-0.068469562,0.092155591,-0.119364277,-0.020596253
972,holdout,4.877999783,0.060730278,0.016771694,0.104519323,-0.062489402,-0.095021278,0.108770326,-0.019512026,-0.104519323,-0.062489402,0.095021278,-0.108770326,-0.019512026
973,validation,5.959499836,0.023701126,0.008213532,0.105215624,-0.065367088,-0.093686007,0.113612100,-0.019814510,-0.105215624,-0.065367088,0.093686007,-0.113612100,-0.019814510
974,train,0.498499990,0.001633249,0.000000000,0.106579646,-0.068464704,-0.092169955,0.119381577,-0.020570986,-0.106579646,-0.068464704,0.092169955,-0.119381577,-0.020570986
975,train,5.013500214,0.094455525,0.030910570,0.104444489,-0.063189015,-0.094970986,0.111263096,-0.020060077,-0.104444489,-0.063189015,0.094970986,-0.111263096,-0.020060077
976,train,1.217499971,0.014675267,0.001922472,0.106161848,-0.067273349,-0.092563435,0.117033333,-0.020185638,-0.106161848,-0.067273349,0.092563435,-0.117033333,-0.020185638
977,train,13.490500450,0.153074637,0.033420559,0.100631207,-0.054907907,-0.098180808,0.096180305,-0.019405408,-0.100631207,-0.054907907,0.098180808,-0.096180305,-0.019405408
978,validation,13.567999840,0.110224463,0.020411687,0.101191714,-0.055778906,-0.097695917,0.099786818,-0.018173898,-0.101191714,-0.055778906,0.097695917,-0.099786818,-0.018173898
979,train,45.368000031,0.278674364,0.070718760,0.100060582,-0.053802434,-0.098241746,0.094484210,-0.020026889,-0.100060582,-0.053802434,0.098241746,-0.094484210,-0.020026889
980,validation,2.163000107,0.027650690,0.012692710,0.106155023,-0.067236952,-0.092813514,0.117338851,-0.020753359,-0.106155023,-0.067236952,0.092813514,-0.117338851,-0.020753359
981,train,0.000000000,0.000000668,0.000220255,0.106592506,-0.068509765,-0.092130363,0.119346708,-0.020567978,-0.106592506,-0.068509765,0.092130363,-0.119346708,-0.020567978
982,validation,47.347499847,0.235081673,0.067937763,0.100451171,-0.050785679,-0.101454943,0.092988744,-0.016094133,-0.100451171,-0.050785679,0.101454943,-0.092988744,-0.016094133
983,holdout,0.000000000,0.000000110,0.000000000,0.106584698,-0.068506598,-0.092150003,0.119411960,-0.020596834,-0.106584698,-0.068506598,0.092150003,-0.119411960,-0.020596834
984,holdout,9.300999641,0.122622401,0.024132797,0.104790315,-0.061904456,-0.095465757,0.108811483,-0.020024320,-0.104790315,-0.061904456,0.095465757,-0.108811483,-0.020024320
985,holdout,64.680999756,0.418180913,0.122167873,0.098179862,-0.043084130,-0.105314307,0.080374993,-0.018320566,-0.098179862,-0.043084130,0.105314307,-0.080374993,-0.018320566
986,validation,0.425999999,0.006949715,0.000008337,0.106528580,-0.068359815,-0.092230745,0.119121626,-0.020501357,-0.106528580,-0.068359815,0.092230745,-0.119121626,-0.020501357
987,train,57.965499878,0.362158746,0.127387703,0.098354660,-0.047129814,-0.101312585,0.086356282,-0.017755732,-0.098354660,-0.047129814,0.101312585,-0.086356282,-0.017755732
988,train,2.890000105,0.023505682,0.002458797,0.105465636,-0.064987846,-0.093487911,0.112254590,-0.019524593,-0.105465636,-0.064987846,0.093487911,-0.112254590,-0.019524593
989,holdout,14.334500313,0.130433053,0.019853030,0.101508066,-0.055250902,-0.097937107,0.098946840,-0.017970815,-0.101508066,-0.055250902,0.097937107,-0.098946840,-0.017970815
990,train,82.805000305,0.508334935,0.188566064,0.097265571,-0.038855039,-0.105534926,0.082676537,-0.019430898,-0.097265571,-0.038855039,0.105534926,-0.082676537,-0.019430898
991,holdout,29.295000076,0.277615428,0.130460794,0.099598944,-0.053426821,-0.099568665,0.094667584,-0.020600272,-0.099598944,-0.053426821,0.099568665,-0.094667584,-0.020600272
992,train,32.733501434,0.328423202,0.101352660,0.098570220,-0.044552688,-0.102540798,0.081655286,-0.016663324,-0.098570220,-0.044552688,0.102540798,-0.081655286,-0.016663324
993,train,0.016000001,0.001474391,0.000000000,0.106602281,-0.068367742,-0.092190698,0.119154394,-0.020576738,-0.106602281,-0.068367742,0.092190698,-0.119154394,-0.020576738
994,train,1.479500055,0.014522337,0.002329811,0.105627209,-0.066335633,-0.092881955,0.114749432,-0.019841634,-0.105627209,-0.066335633,0.092881955,-0.114749432,-0.019841634
995,train,5.492499828,0.035018794,0.006207571,0.105406314,-0.065299667,-0.094058283,0.113609478,-0.020250672,-0.105406314,-0.065299667,0.094058283,-0.113609478,-0.020250672
996,validation,15.118000031,0.159769103,0.034242338,0.102244616,-0.056074008,-0.097600222,0.100343198,-0.018817157,-0.102244616,-0.056074008,0.097600222,-0.100343198,-0.018817157
997,train,9.535499573,0.068397090,0.016914514,0.103643700,-0.061180331,-0.095441930,0.106682628,-0.019890340,-0.103643700,-0.061180331,0.095441930,-0.106682628,-0.019890340
998,train,15.880499840,0.154185086,0.083855501,0.103385061,-0.060975242,-0.096419074,0.105824649,-0.020434849,-0.103385061,-0.060975242,0.096419074,-0.105824649,-0.020434849
999,train,0.291999996,0.008092662,0.002975797,0.106438667,-0.068077184,-0.092359290,0.118497983,-0.020509496,-0.106438667,-0.068077184,0.092359290,-0.118497983,-0.020509496
1000,train,0.449000001,0.000000000,0.000000000,0.106607810,-0.068510368,-0.092141569,0.119451016,-0.020606499,-0.106607810,-0.068510368,0.092141569,-0.119451016,-0.020606499
1001,holdout,16.783500671,0.138598144,0.028708405,0.100470290,-0.052903779,-0.099324137,0.094488174,-0.017864905,-0.100470290,-0.052903779,0.099324137,-0.094488174,-0.017864905
1002,train,1.912500024,0.019519102,0.005129030,0.105979994,-0.066683374,-0.093071967,0.115924791,-0.020111239,-0.105979994,-0.066683374,0.093071967,-0.115924791,-0.020111239
1003,train,1.030500054,0.007071225,0.001181358,0.106276944,-0.067990281,-0.092378736,0.118513286,-0.020567618,-0.106276944,-0.067990281,0.092378736,-0.118513286,-0.020567618
1004,holdout,0.184499994,0.000008674,0.000000000,0.106602818,-0.068464257,-0.092145279,0.119212866,-0.020490227,-0.106602818,-0.068464257,0.092145279,-0.119212866,-0.020490227
1005,validation,5.331999779,0.043659285,0.007061289,0.104778633,-0.062527344,-0.094441824,0.109009385,-0.018954527,-0.104778633,-0.062527344,0.094441824,-0.109009385,-0.018954527
1006,train,1.422999978,0.025822811,0.001873969,0.105907395,-0.066244543,-0.093134984,0.115537256,-0.020399909,-0.105907395,-0.066244543,0.093134984,-0.115537256,-0.020399909
1007,train,0.000000000,0.000000002,0.000000000,0.106612980,-0.068515971,-0.092133701,0.119418174,-0.020583766,-0.106612980,-0.068515971,0.092133701,-0.119418174,-0.020583766
1008,validation,2.301000118,0.000027812,0.000202047,0.106504887,-0.068189368,-0.092208788,0.118795127,-0.020405030,-0.106504887,-0.068189368,0.092208788,-0.118795127,-0.020405030
1009,train,3.382499933,0.026033705,0.004730351,0.105757728,-0.065429598,-0.093488649,0.114358261,-0.019506052,-0.105757728,-0.065429598,0.093488649,-0.114358261,-0.019506052
1010,train,0.400999993,0.000000307,0.000000000,0.106595501,-0.068471424,-0.092155352,0.119401529,-0.020589879,-0.106595501,-0.068471424,0.092155352,-0.119401529,-0.020589879
1011,train,0.122000001,0.004465377,0.001481682,0.106594622,-0.068360545,-0.092248425,0.119077817,-0.020640749,-0.106594622,-0.068360545,0.092248425,-0.119077817,-0.020640749
1012,train,5.592500210,0.045804806,0.004380840,0.104228839,-0.062983789,-0.094364181,0.108799979,-0.019329503,-0.104228839,-0.062983789,0.094364181,-0.108799979,-0.019329503
1013,train,8.779000282,0.059441429,0.014205760,0.105026320,-0.064538658,-0.093915671,0.112593502,-0.019863045,-0.105026320,-0.064538658,0.093915671,-0.112593502,-0.019863045
1014,train,35.876499176,0.243608817,0.082328828,0.098560616,-0.049639773,-0.101954982,0.084776819,-0.020265536,-0.098560616,-0.049639773,0.101954982,-0.084776819,-0.020265536
1015,validation,0.057000000,0.003380939,0.000296636,0.106492668,-0.068227693,-0.092303187,0.118734241,-0.020462789,-0.106492668,-0.068227693,0.092303187,-0.118734241,-0.020462789
1016,validation,2.583499908,0.021265995,0.003473251,0.105823845,-0.066549063,-0.093202375,0.115946904,-0.020043936,-0.105823845,-0.066549063,0.093202375,-0.115946904,-0.020043936
1017,train,9.314499855,0.054394078,0.014061789,0.104945526,-0.061746810,-0.095410645,0.107197449,-0.019210640,-0.104945526,-0.061746810,0.095410645,-0.107197449,-0.019210640
1018,holdout,3.226999998,0.047818001,0.018665874,0.105784729,-0.065076746,-0.093629889,0.114181966,-0.020343639,-0.105784729,-0.065076746,0.093629889,-0.114181966,-0.020343639
1019,validation,0.300500005,0.002946591,0.000564659,0.106451392,-0.068028674,-0.092323855,0.118376762,-0.020398665,-0.106451392,-0.068028674,0.092323855,-0.118376762,-0.020398665
1020,train,0.017500000,0.004513060,0.004015104,0.106568977,-0.068388179,-0.092177406,0.119142830,-0.020633362,-0.106568977,-0.068388179,0.092177406,-0.119142830,-0.020633362
1021,validation,1.385499954,0.013799823,0.002494112,0.106067747,-0.066695131,-0.092854202,0.115719020,-0.019950910,-0.106067747,-0.066695131,0.092854202,-0.115719020,-0.019950910
1022,train,0.718500018,0.011525035,0.002369299,0.106257215,-0.067458980,-0.092517078,0.117362410,-0.020256609,-0.106257215,-0.067458980,0.092517078,-0.117362410,-0.020256609
1023,validation,0.264999986,0.004591760,0.000860477,0.106504425,-0.068117008,-0.092268825,0.118553191,-0.020491930,-0.106504425,-0.068117008,0.092268825,-0.118553191,-0.020491930
1024,holdout,-0.211500004,0.005354715,0.001639508,0.106564879,-0.068344653,-0.092209741,0.119103968,-0.020595424,-0.106564879,-0.068344653,0.092209741,-0.119103968,-0.020595424
1025,validation,26.066999435,0.188207150,0.038889031,0.101520613,-0.053420238,-0.097977921,0.098103464,-0.018039687,-0.101520613,-0.053420238,0.097977921,-0.098103464,-0.018039687
1026,validation,0.000000000,0.000000000,0.000000000,0.106616601,-0.068551332,-0.092130691,0.119515106,-0.020620922,-0.106616601,-0.068551332,0.092130691,-0.119515106,-0.020620922
1027,train,5.077499866,0.032177724,0.010833636,0.105921909,-0.066302344,-0.093201354,0.115475118,-0.020564010,-0.105921909,-0.066302344,0.093201354,-0.115475118,-0.020564010
1028,train,0.709500015,0.006299201,0.003469867,0.106441662,-0.067907646,-0.092448473,0.117945507,-0.020514870,-0.106441662,-0.067907646,0.092448473,-0.117945507,-0.020514870
1029,train,56.088001251,0.296349287,0.090130215,0.099096797,-0.051920090,-0.100080349,0.092095576,-0.018631741,-0.099096797,-0.051920090,0.100080349,-0.092095576,-0.018631741
1030,train,0.954500020,0.008099349,0.004558328,0.106363222,-0.067991994,-0.092331745,0.118314922,-0.020473288,-0.106363222,-0.067991994,0.092331745,-0.118314922,-0.020473288
1031,train,0.231999993,0.003579092,0.000166796,0.106586754,-0.068330698,-0.092252702,0.118882373,-0.020573748,-0.106586754,-0.068330698,0.092252702,-0.118882373,-0.020573748
1032,holdout,35.472999573,0.205331758,0.049482638,0.102675453,-0.056785520,-0.097605616,0.101036549,-0.019203808,-0.102675453,-0.056785520,0.097605616,-0.101036549,-0.019203808
1033,holdout,18.264499664,0.138726190,0.042225006,0.103445336,-0.059693094,-0.096098691,0.104390502,-0.018627863,-0.103445336,-0.059693094,0.096098691,-0.104390502,-0.018627863
1034,train,0.405499995,0.000000100,0.000000000,0.106609061,-0.068538480,-0.092130773,0.119503766,-0.020619964,-0.106609061,-0.068538480,0.092130773,-0.119503766,-0.020619964
1035,holdout,3.800499916,0.035340399,0.009084770,0.105389088,-0.065414511,-0.093316883,0.113668784,-0.020067414,-0.105389088,-0.065414511,0.093316883,-0.113668784,-0.020067414
1036,train,13.147000313,0.121931791,0.046462279,0.103909224,-0.062239137,-0.095310360,0.108581737,-0.019887866,-0.103909224,-0.062239137,0.095310360,-0.108581737,-0.019887866
1037,holdout,1.767500043,0.020631796,0.003975301,0.105807766,-0.066326201,-0.093114965,0.115618348,-0.019847022,-0.105807766,-0.066326201,0.093114965,-0.115618348,-0.019847022
1038,train,30.943000793,0.430876464,0.193668525,0.098784804,-0.048070740,-0.102290869,0.085440785,-0.021061275,-0.098784804,-0.048070740,0.102290869,-0.085440785,-0.021061275
1039,train,20.907499313,0.247528136,0.107767489,0.101799086,-0.053888761,-0.098025844,0.095670015,-0.018997829,-0.101799086,-0.053888761,0.098025844,-0.095670015,-0.018997829
1040,train,46.942501068,0.251372635,0.090134309,0.098929867,-0.051116042,-0.100847848,0.090212122,-0.019140659,-0.098929867,-0.051116042,0.100847848,-0.090212122,-0.019140659
1041,train,76.844497681,0.506165922,0.188648334,0.097441316,-0.039915714,-0.105738930,0.082979754,-0.019222235,-0.097441316,-0.039915714,0.105738930,-0.082979754,-0.019222235
1042,validation,43.847499847,0.266533613,0.056006781,0.100406304,-0.054662608,-0.097856157,0.093354955,-0.020370016,-0.100406304,-0.054662608,0.097856157,-0.093354955,-0.020370016
1043,train,0.000000000,0.000000000,0.000000000,0.106616899,-0.068516448,-0.092132837,0.119413540,-0.020580295,-0.106616899,-0.068516448,0.092132837,-0.119413540,-0.020580295
1044,train,15.937000275,0.106537171,0.035982870,0.103450164,-0.062244449,-0.095308684,0.107842788,-0.019881634,-0.103450164,-0.062244449,0.095308684,-0.107842788,-0.019881634
1045,train,0.208000004,0.000000000,0.000000000,0.106591895,-0.068514973,-0.092128858,0.119434491,-0.020589693,-0.106591895,-0.068514973,0.092128858,-0.119434491,-0.020589693
1046,train,7.287499905,0.053944554,0.014321612,0.104748935,-0.063984513,-0.094476506,0.111236677,-0.020194298,-0.104748935,-0.063984513,0.094476506,-0.111236677,-0.020194298
1047,train,52.943500519,0.232856393,0.094790986,0.097794876,-0.048325483,-0.102059014,0.086263835,-0.016998990,-0.097794876,-0.048325483,0.102059014,-0.086263835,-0.016998990
1048,train,2.898999929,0.065752566,0.017949814,0.104944244,-0.065002494,-0.093807742,0.113346159,-0.020735422,-0.104944244,-0.065002494,0.093807742,-0.113346159,-0.020735422
1049,validation,4.561999798,0.022895904,0.009134541,0.105617464,-0.066015489,-0.093172677,0.114876315,-0.019798709,-0.105617464,-0.066015489,0.093172677,-0.114876315,-0.019798709
1050,validation,1.635499954,0.019440586,0.002087351,0.105802298,-0.066105068,-0.093046241,0.115495145,-0.019843860,-0.105802298,-0.066105068,0.093046241,-0.115495145,-0.019843860
1051,train,1.322999954,0.000000443,0.000000000,0.106497869,-0.068302691,-0.092176244,0.119032055,-0.020455450,-0.106497869,-0.068302691,0.092176244,-0.119032055,-0.020455450
1052,train,9.832500458,0.108358920,0.021789000,0.103949979,-0.060239900,-0.095709808,0.104859412,-0.019237088,-0.103949979,-0.060239900,0.095709808,-0.104859412,-0.019237088
1053,train,1.047999978,0.006745071,0.003013010,0.106440917,-0.067504823,-0.092562839,0.117774621,-0.020440478,-0.106440917,-0.067504823,0.092562839,-0.117774621,-0.020440478
1054,train,4.076000214,0.030112406,0.010567410,0.104797691,-0.064928316,-0.093579762,0.112265259,-0.020131608,-0.104797691,-0.064928316,0.093579762,-0.112265259,-0.020131608
1055,train,0.000000000,0.001074345,0.000383735,0.106555119,-0.068457708,-0.092193618,0.119296223,-0.020587996,-0.106555119,-0.068457708,0.092193618,-0.119296223,-0.020587996
1056,validation,0.592000008,0.001053189,0.000000000,0.106429830,-0.068286009,-0.092218399,0.118765488,-0.020445451,-0.106429830,-0.068286009,0.092218399,-0.118765488,-0.020445451
1057,train,17.417999268,0.093423076,0.020577929,0.102765143,-0.059629247,-0.096057333,0.102704927,-0.018179012,-0.102765143,-0.059629247,0.096057333,-0.102704927,-0.018179012
1058,validation,0.686999977,0.024323612,0.009753666,0.106244504,-0.067316607,-0.092704199,0.117548034,-0.020529751,-0.106244504,-0.067316607,0.092704199,-0.117548034,-0.020529751
1059,train,0.433499992,0.008055128,0.001164539,0.106344089,-0.068042547,-0.092383161,0.118569329,-0.020585360,-0.106344089,-0.068042547,0.092383161,-0.118569329,-0.020585360
1060,train,41.913501740,0.425037056,0.152888980,0.095847249,-0.044667117,-0.103370272,0.079636306,-0.021963781,-0.095847249,-0.044667117,0.103370272,-0.079636306,-0.021963781
1061,train,39.729499817,0.448084146,0.209954907,0.098712668,-0.046289433,-0.102154367,0.082905173,-0.020884493,-0.098712668,-0.046289433,0.102154367,-0.082905173,-0.020884493
1062,train,0.172000006,0.006858835,0.000683870,0.106452152,-0.068034269,-0.092463180,0.118446454,-0.020532768,-0.106452152,-0.068034269,0.092463180,-0.118446454,-0.020532768
1063,train,9.272500038,0.052262504,0.015651914,0.104374021,-0.062516108,-0.095125221,0.107692048,-0.019717891,-0.104374021,-0.062516108,0.095125221,-0.107692048,-0.019717891
1064,train,8.050499916,0.073553808,0.024216389,0.104167983,-0.063076101,-0.094744384,0.110002786,-0.020393291,-0.104167983,-0.063076101,0.094744384,-0.110002786,-0.020393291
1065,holdout,1.027500033,0.021451974,0.001333076,0.105952904,-0.066357225,-0.092988752,0.115416840,-0.020016097,-0.105952904,-0.066357225,0.092988752,-0.115416840,-0.020016097
1066,holdout,9.991499901,0.048950586,0.014953643,0.104926810,-0.065147534,-0.093600750,0.112941295,-0.019967474,-0.104926810,-0.065147534,0.093600750,-0.112941295,-0.019967474
1067,holdout,55.409999847,0.346259117,0.100347731,0.098945871,-0.049314778,-0.100689575,0.089647092,-0.017344313,-0.098945871,-0.049314778,0.100689575,-0.089647092,-0.017344313
1068,holdout,0.713500023,0.007515956,0.001174471,0.106299460,-0.067721352,-0.092475355,0.117965013,-0.020438198,-0.106299460,-0.067721352,0.092475355,-0.117965013,-0.020438198
1069,train,0.000000000,0.000000000,0.000000000,0.106605917,-0.068521194,-0.092142433,0.119469970,-0.020613730,-0.106605917,-0.068521194,0.092142433,-0.119469970,-0.020613730
1070,train,0.254000008,0.003566729,0.000336891,0.106463432,-0.068011954,-0.092335507,0.118602097,-0.020586053,-0.106463432,-0.068011954,0.092335507,-0.118602097,-0.020586053
1071,validation,1.074000001,0.004488278,0.000805879,0.106409803,-0.068087816,-0.092293426,0.118258715,-0.020334641,-0.106409803,-0.068087816,0.092293426,-0.118258715,-0.020334641
1072,holdout,0.456499994,0.000055300,0.000000000,0.106479272,-0.068350039,-0.092171520,0.118924454,-0.020438725,-0.106479272,-0.068350039,0.092171520,-0.118924454,-0.020438725
1073,train,0.490999997,0.001363775,0.000000000,0.106591299,-0.068512805,-0.092153035,0.119456038,-0.020602696,-0.106591299,-0.068512805,0.092153035,-0.119456038,-0.020602696
1074,train,2.184000015,0.020670012,0.005208105,0.106041044,-0.066681802,-0.093050793,0.116159737,-0.020550363,-0.106041044,-0.066681802,0.093050793,-0.116159737,-0.020550363
1075,train,6.571000099,0.048516057,0.012205835,0.105730325,-0.065309457,-0.093772143,0.113540828,-0.020297207,-0.105730325,-0.065309457,0.093772143,-0.113540828,-0.020297207
1076,train,0.616999984,0.007535922,0.001169124,0.106233150,-0.067410357,-0.092651978,0.117085591,-0.020267610,-0.106233150,-0.067410357,0.092651978,-0.117085591,-0.020267610
1077,train,1.140499949,0.021042604,0.004968063,0.105722323,-0.067096129,-0.092724182,0.116584912,-0.020104581,-0.105722323,-0.067096129,0.092724182,-0.116584912,-0.020104581
1078,validation,0.224000007,0.000000003,0.000000000,0.106608003,-0.068525441,-0.092133120,0.119484201,-0.020613758,-0.106608003,-0.068525441,0.092133120,-0.119484201,-0.020613758
1079,holdout,7.051000118,0.049692497,0.013837074,0.104859799,-0.064441830,-0.093901619,0.111673281,-0.020273160,-0.104859799,-0.064441830,0.093901619,-0.111673281,-0.020273160
1080,train,1.266499996,0.014940110,0.002476806,0.106015801,-0.067106374,-0.092744023,0.116819620,-0.020000240,-0.106015801,-0.067106374,0.092744023,-0.116819620,-0.020000240
1081,holdout,2.210500002,0.047577754,0.031403381,0.105933443,-0.066251412,-0.093244940,0.115899459,-0.020815652,-0.105933443,-0.066251412,0.093244940,-0.115899459,-0.020815652
1082,train,0.000000000,0.000000000,0.000000000,0.106616601,-0.068551332,-0.092130691,0.119515106,-0.020620922,-0.106616601,-0.068551332,0.092130691,-0.119515106,-0.020620922
1083,train,0.498499990,0.000000465,0.000000000,0.106605113,-0.068472505,-0.092164814,0.119310290,-0.020534663,-0.106605113,-0.068472505,0.092164814,-0.119310290,-0.020534663
1084,train,20.670000076,0.222705081,0.111041928,0.101974130,-0.055115435,-0.098050587,0.095584244,-0.020244429,-0.101974130,-0.055115435,0.098050587,-0.095584244,-0.020244429
1085,holdout,11.798999786,0.109646574,0.039746220,0.104098246,-0.062518552,-0.094857983,0.109123662,-0.020030821,-0.104098246,-0.062518552,0.094857983,-0.109123662,-0.020030821
1086,train,0.028000001,0.002211754,0.000163480,0.106574535,-0.068415508,-0.092206597,0.119254023,-0.020610513,-0.106574535,-0.068415508,0.092206597,-0.119254023,-0.020610513
1087,train,1.302000046,0.005078878,0.000561969,0.106350571,-0.067977153,-0.092376791,0.118333861,-0.020370958,-0.106350571,-0.067977153,0.092376791,-0.118333861,-0.020370958
1088,holdout,7.976500034,0.051868442,0.015760225,0.104856238,-0.064287685,-0.093966432,0.111286104,-0.020172965,-0.104856238,-0.064287685,0.093966432,-0.111286104,-0.020172965
1089,train,3.578999996,0.029015008,0.005900962,0.104940206,-0.065040275,-0.093625098,0.112042829,-0.019822063,-0.104940206,-0.065040275,0.093625098,-0.112042829,-0.019822063
1090,holdout,0.342000008,0.004110094,0.001082619,0.106490165,-0.067964099,-0.092282608,0.118510216,-0.020453179,-0.106490165,-0.067964099,0.092282608,-0.118510216,-0.020453179
1091,train,9.041000366,0.088738501,0.025461537,0.104393899,-0.062511034,-0.094585590,0.110562921,-0.019461740,-0.104393899,-0.062511034,0.094585590,-0.110562921,-0.019461740
1092,validation,0.342999995,0.003040777,0.000001161,0.106502354,-0.068377413,-0.092224926,0.118993446,-0.020573013,-0.106502354,-0.068377413,0.092224926,-0.118993446,-0.020573013
1093,train,1.315999985,0.000000965,0.000000000,0.106605887,-0.068529330,-0.092143387,0.119460538,-0.020617401,-0.106605887,-0.068529330,0.092143387,-0.119460538,-0.020617401
1094,train,52.521999359,0.358758390,0.105568810,0.099417999,-0.049526524,-0.101503223,0.090662383,-0.016860763,-0.099417999,-0.049526524,0.101503223,-0.090662383,-0.016860763
1095,train,0.606999993,0.009823967,0.001650099,0.106423482,-0.067330733,-0.092601940,0.117524892,-0.020371087,-0.106423482,-0.067330733,0.092601940,-0.117524892,-0.020371087
1096,train,23.194999695,0.177220404,0.072911620,0.102394253,-0.057958800,-0.096770771,0.100794479,-0.019577133,-0.102394253,-0.057958800,0.096770771,-0.100794479,-0.019577133
1097,train,0.947000027,0.004067022,0.000620961,0.106472507,-0.068046086,-0.092289343,0.118362799,-0.020472802,-0.106472507,-0.068046086,0.092289343,-0.118362799,-0.020472802
1098,train,0.878499985,0.000683893,0.000000000,0.106587321,-0.068481512,-0.092149332,0.119378373,-0.020571524,-0.106587321,-0.068481512,0.092149332,-0.119378373,-0.020571524
1099,holdout,42.930999756,0.333038211,0.080041748,0.099803910,-0.048195075,-0.103403099,0.089227058,-0.015529076,-0.099803910,-0.048195075,0.103403099,-0.089227058,-0.015529076
1100,holdout,1.664000034,0.012927108,0.002573104,0.106203899,-0.066802777,-0.092789605,0.116621688,-0.020231245,-0.106203899,-0.066802777,0.092789605,-0.116621688,-0.020231245
1101,train,0.003500000,0.000000000,0.000000000,0.106616601,-0.068551332,-0.092130691,0.119515106,-0.020620922,-0.106616601,-0.068551332,0.092130691,-0.119515106,-0.020620922
1102,holdout,1.760499954,0.012489026,0.001757855,0.106126979,-0.067434490,-0.092514783,0.117496267,-0.020250687,-0.106126979,-0.067434490,0.092514783,-0.117496267,-0.020250687
1103,train,37.172500610,0.286475748,0.106106945,0.098557428,-0.049043994,-0.102459110,0.083600253,-0.020925047,-0.098557428,-0.049043994,0.102459110,-0.083600253,-0.020925047
1104,holdout,1.940500021,0.021080619,0.000945548,0.105679736,-0.065071493,-0.093448654,0.113240644,-0.019235946,-0.105679736,-0.065071493,0.093448654,-0.113240644,-0.019235946
1105,train,2.158999920,0.054696083,0.004284529,0.104561493,-0.062881328,-0.094718948,0.110285267,-0.018932398,-0.104561493,-0.062881328,0.094718948,-0.110285267,-0.018932398
1106,train,1.205999970,0.009523101,0.000649236,0.106183782,-0.066857010,-0.092824668,0.116569370,-0.020345155,-0.106183782,-0.066857010,0.092824668,-0.116569370,-0.020345155
1107,train,0.644999981,0.008737579,0.003800152,0.106401578,-0.067851901,-0.092354976,0.118261054,-0.020387387,-0.106401578,-0.067851901,0.092354976,-0.118261054,-0.020387387
1108,train,13.748999596,0.236366525,0.112191302,0.102370813,-0.057079837,-0.097410962,0.100888535,-0.020621970,-0.102370813,-0.057079837,0.097410962,-0.100888535,-0.020621970
1109,train,1.786999941,0.000027808,0.000202047,0.106580690,-0.068353206,-0.092176564,0.119070396,-0.020496497,-0.106580690,-0.068353206,0.092176564,-0.119070396,-0.020496497
1110,train,68.594001770,0.344594955,0.134046396,0.096930109,-0.046152972,-0.102954887,0.085426413,-0.017692816,-0.096930109,-0.046152972,0.102954887,-0.085426413,-0.017692816
1111,train,0.274500012,0.000026958,0.000000000,0.106606111,-0.068507761,-0.092140540,0.119444251,-0.020608868,-0.106606111,-0.068507761,0.092140540,-0.119444251,-0.020608868
1112,train,6.943500042,0.035566121,0.006728428,0.105339721,-0.065309852,-0.093989640,0.113339797,-0.020354802,-0.105339721,-0.065309852,0.093989640,-0.113339797,-0.020354802
1113,train,0.232999995,0.002224648,0.000425349,0.106501102,-0.068165794,-0.092288271,0.118778989,-0.020622132,-0.106501102,-0.068165794,0.092288271,-0.118778989,-0.020622132
1114,train,17.139999390,0.139730871,0.016863071,0.102090165,-0.055567011,-0.097696178,0.098620266,-0.017492848,-0.102090165,-0.055567011,0.097696178,-0.098620266,-0.017492848
1115,holdout,14.029000282,0.182820052,0.047811547,0.102416396,-0.057650529,-0.097356133,0.101771668,-0.020392217,-0.102416396,-0.057650529,0.097356133,-0.101771668,-0.020392217
1116,train,8.711000443,0.060048860,0.018922800,0.103173837,-0.061239306,-0.095174499,0.106326908,-0.018635178,-0.103173837,-0.061239306,0.095174499,-0.106326908,-0.018635178
1117,validation,1.083999991,0.011014915,0.001483853,0.106236860,-0.067180082,-0.092787102,0.117233574,-0.020455813,-0.106236860,-0.067180082,0.092787102,-0.117233574,-0.020455813
1118,holdout,0.896000028,0.007627696,0.000207037,0.106492236,-0.068210416,-0.092253558,0.118768975,-0.020439334,-0.106492236,-0.068210416,0.092253558,-0.118768975,-0.020439334
1119,train,0.566500008,0.002565695,0.000000000,0.106562674,-0.068417706,-0.092183210,0.119260535,-0.020515583,-0.106562674,-0.068417706,0.092183210,-0.119260535,-0.020515583
1120,train,3.178499937,0.014789340,0.002452981,0.105852515,-0.066612825,-0.093064800,0.116499171,-0.019793045,-0.105852515,-0.066612825,0.093064800,-0.116499171,-0.019793045
1121,train,0.000000000,0.002573187,0.000000000,0.106552199,-0.068370059,-0.092233375,0.119139135,-0.020638844,-0.106552199,-0.068370059,0.092233375,-0.119139135,-0.020638844
1122,train,5.176000118,0.018742612,0.006445470,0.105495572,-0.065653428,-0.093813583,0.113907844,-0.020007754,-0.105495572,-0.065653428,0.093813583,-0.113907844,-0.020007754
1123,train,0.240500003,0.002627705,0.001028881,0.106501877,-0.068193845,-0.092231289,0.118792847,-0.020432690,-0.106501877,-0.068193845,0.092231289,-0.118792847,-0.020432690
1124,train,1.154999971,0.016792819,0.002046600,0.105985060,-0.067071684,-0.092791155,0.116889238,-0.020164389,-0.105985060,-0.067071684,0.092791155,-0.116889238,-0.020164389
1125,holdout,29.324499130,0.189714506,0.065224363,0.103626892,-0.058315542,-0.097564429,0.102071092,-0.018625697,-0.103626892,-0.058315542,0.097564429,-0.102071092,-0.018625697
1126,train,2.315000057,0.016880019,0.003439651,0.106052041,-0.066808753,-0.093031332,0.116204098,-0.020542417,-0.106052041,-0.066808753,0.093031332,-0.116204098,-0.020542417
1127,validation,24.686000824,0.145709530,0.072155990,0.101461634,-0.055540189,-0.098050654,0.091058776,-0.018693330,-0.101461634,-0.055540189,0.098050654,-0.091058776,-0.018693330
1128,train,33.952499390,0.175236225,0.034315086,0.101190269,-0.054957069,-0.098877259,0.096809328,-0.018946957,-0.101190269,-0.054957069,0.098877259,-0.096809328,-0.018946957
1129,validation,17.658000946,0.231592461,0.125287075,0.103150889,-0.058658190,-0.096765809,0.102758348,-0.020586453,-0.103150889,-0.058658190,0.096765809,-0.102758348,-0.020586453
1130,validation,33.439498901,0.557180762,0.185838952,0.097808540,-0.043206148,-0.107320815,0.081151716,-0.017425500,-0.097808540,-0.043206148,0.107320815,-0.081151716,-0.017425500
1131,train,73.539001465,0.538921356,0.172276245,0.097555704,-0.040568136,-0.105395004,0.079416022,-0.021918321,-0.097555704,-0.040568136,0.105395004,-0.079416022,-0.021918321
1132,train,23.479999542,0.114936046,0.026567242,0.102407619,-0.058696635,-0.096626975,0.100558445,-0.019649716,-0.102407619,-0.058696635,0.096626975,-0.100558445,-0.019649716
1133,train,53.415000916,0.414233565,0.154960711,0.095905699,-0.039674055,-0.106208332,0.076001510,-0.017024929,-0.095905699,-0.039674055,0.106208332,-0.076001510,-0.017024929
1134,train,7.063000202,0.054275747,0.009919462,0.104944468,-0.064227052,-0.093891069,0.111942515,-0.020045420,-0.104944468,-0.064227052,0.093891069,-0.111942515,-0.020045420
1135,train,0.000000000,0.000000000,0.000000000,0.106597945,-0.068527043,-0.092126474,0.119476885,-0.020622592,-0.106597945,-0.068527043,0.092126474,-0.119476885,-0.020622592
1136,train,6.343999863,0.050286949,0.017988396,0.104784578,-0.063899130,-0.094397709,0.111080930,-0.020011209,-0.104784578,-0.063899130,0.094397709,-0.111080930,-0.020011209
1137,validation,0.629000008,0.007485439,0.001619841,0.106321976,-0.067580484,-0.092587367,0.117791608,-0.020535728,-0.106321976,-0.067580484,0.092587367,-0.117791608,-0.020535728
1138,train,8.114999771,0.093428001,0.021525514,0.104615182,-0.062743418,-0.094957151,0.109770492,-0.019814391,-0.104615182,-0.062743418,0.094957151,-0.109770492,-0.019814391
1139,train,0.915499985,0.007361215,0.002054488,0.106372416,-0.067428626,-0.092579514,0.117625490,-0.020368593,-0.106372416,-0.067428626,0.092579514,-0.117625490,-0.020368593
1140,train,0.816500008,0.010053772,0.003444656,0.106388092,-0.067802973,-0.092416719,0.118219003,-0.020395139,-0.106388092,-0.067802973,0.092416719,-0.118219003,-0.020395139
1141,holdout,50.822498322,0.363301277,0.100819967,0.097870164,-0.048151851,-0.100926757,0.085016966,-0.019396063,-0.097870164,-0.048151851,0.100926757,-0.085016966,-0.019396063
1142,train,36.605998993,0.191890195,0.058769370,0.101602018,-0.053417861,-0.098477580,0.099188231,-0.018364904,-0.101602018,-0.053417861,0.098477580,-0.099188231,-0.018364904
1143,train,3.770999908,0.030656096,0.003685883,0.104874998,-0.063638642,-0.094260477,0.110130280,-0.019062987,-0.104874998,-0.063638642,0.094260477,-0.110130280,-0.019062987
1144,train,0.528999984,0.007970939,0.001799402,0.106284589,-0.067498848,-0.092594564,0.117911950,-0.020495215,-0.106284589,-0.067498848,0.092594564,-0.117911950,-0.020495215
1145,train,13.518500328,0.108251795,0.015509864,0.101431236,-0.056436773,-0.097550869,0.100095078,-0.017911837,-0.101431236,-0.056436773,0.097550869,-0.100095078,-0.017911837
1146,train,1.831500053,0.035186090,0.004292876,0.105659932,-0.065833606,-0.093217432,0.114506379,-0.020332931,-0.105659932,-0.065833606,0.093217432,-0.114506379,-0.020332931
1147,train,16.448499680,0.122895971,0.014069399,0.103179812,-0.057859790,-0.097126305,0.101181909,-0.018041031,-0.103179812,-0.057859790,0.097126305,-0.101181909,-0.018041031
1148,holdout,0.231000006,0.002422491,0.000291530,0.106549054,-0.068245515,-0.092201889,0.118946254,-0.020497711,-0.106549054,-0.068245515,0.092201889,-0.118946254,-0.020497711
1149,train,13.789999962,0.116808802,0.016399329,0.100932583,-0.055956699,-0.097812541,0.099103987,-0.018304579,-0.100932583,-0.055956699,0.097812541,-0.099103987,-0.018304579
1150,train,0.000000000,0.000000000,0.000000000,0.106616601,-0.068551332,-0.092130691,0.119515106,-0.020620922,-0.106616601,-0.068551332,0.092130691,-0.119515106,-0.020620922
1151,train,39.161499023,0.425121695,0.218601626,0.098739132,-0.046518654,-0.102159351,0.083339840,-0.020650977,-0.098739132,-0.046518654,0.102159351,-0.083339840,-0.020650977
1152,train,14.248499870,0.143951878,0.060968638,0.103616342,-0.061751593,-0.095854811,0.106280401,-0.020094195,-0.103616342,-0.061751593,0.095854811,-0.106280401,-0.020094195
1153,train,0.407999992,0.008255100,0.003132097,0.106414393,-0.068095602,-0.092356518,0.118510634,-0.020516837,-0.106414393,-0.068095602,0.092356518,-0.118510634,-0.020516837
1154,train,34.798000336,0.211727247,0.075301366,0.100962698,-0.056970946,-0.098159596,0.094358310,-0.019960852,-0.100962698,-0.056970946,0.098159596,-0.094358310,-0.019960852
1155,train,0.000000000,0.002627732,0.000185606,0.106548086,-0.068328440,-0.092244014,0.119132161,-0.020624243,-0.106548086,-0.068328440,0.092244014,-0.119132161,-0.020624243
1156,train,12.459500313,0.125881478,0.028816651,0.101061463,-0.056089401,-0.097466953,0.097476214,-0.019308835,-0.101061463,-0.056089401,0.097466953,-0.097476214,-0.019308835
1157,train,8.818499565,0.057664961,0.017107129,0.104509726,-0.062265240,-0.095122136,0.107682630,-0.019591959,-0.104509726,-0.062265240,0.095122136,-0.107682630,-0.019591959
1158,train,9.401499748,0.057824541,0.014935854,0.104794070,-0.064163506,-0.094128795,0.112035707,-0.019808523,-0.104794070,-0.064163506,0.094128795,-0.112035707,-0.019808523
1159,train,12.265999794,0.144645125,0.049978320,0.103356078,-0.059407260,-0.096418440,0.104549631,-0.020335760,-0.103356078,-0.059407260,0.096418440,-0.104549631,-0.020335760
1160,train,0.388500005,0.005560728,0.000297490,0.106425926,-0.067799330,-0.092367053,0.118089423,-0.020461539,-0.106425926,-0.067799330,0.092367053,-0.118089423,-0.020461539
1161,train,81.345497131,0.509060860,0.182271116,0.097866118,-0.039769329,-0.105426848,0.082477450,-0.019834030,-0.097866118,-0.039769329,0.105426848,-0.082477450,-0.019834030
1162,train,47.727001190,0.453003615,0.115603153,0.098585248,-0.044887882,-0.104857244,0.085691854,-0.018807160,-0.098585248,-0.044887882,0.104857244,-0.085691854,-0.018807160
1163,holdout,0.014000000,0.000000583,0.000000000,0.106600270,-0.068471022,-0.092161715,0.119356528,-0.020582804,-0.106600270,-0.068471022,0.092161715,-0.119356528,-0.020582804
1164,train,0.939999998,0.011500328,0.001789273,0.106208965,-0.067121103,-0.092707090,0.117090374,-0.020170476,-0.106208965,-0.067121103,0.092707090,-0.117090374,-0.020170476
1165,train,0.457500011,0.013518324,0.004543657,0.106251329,-0.067466781,-0.092581615,0.117543086,-0.020417921,-0.106251329,-0.067466781,0.092581615,-0.117543086,-0.020417921
1166,train,1.817999959,0.047335953,0.008522434,0.105347782,-0.064232200,-0.094048746,0.111595556,-0.019895516,-0.105347782,-0.064232200,0.094048746,-0.111595556,-0.019895516
1167,train,3.048500061,0.024942832,0.003902624,0.105884492,-0.066034265,-0.092933550,0.115445182,-0.019954121,-0.105884492,-0.066034265,0.092933550,-0.115445182,-0.019954121
1168,train,0.744499981,0.010484950,0.001903533,0.106328830,-0.067203954,-0.092661113,0.117261142,-0.020355895,-0.106328830,-0.067203954,0.092661113,-0.117261142,-0.020355895
1169,train,1.437000036,0.008653074,0.001644758,0.106339172,-0.067710459,-0.092544690,0.117827654,-0.020272395,-0.106339172,-0.067710459,0.092544690,-0.117827654,-0.020272395
1170,validation,1.005499959,0.023834620,0.007981297,0.106219128,-0.067355096,-0.092676602,0.117481709,-0.020543290,-0.106219128,-0.067355096,0.092676602,-0.117481709,-0.020543290
1171,validation,0.588000000,0.000915489,0.000000000,0.106450498,-0.068316899,-0.092175692,0.118854657,-0.020462574,-0.106450498,-0.068316899,0.092175692,-0.118854657,-0.020462574
1172,train,1.911499977,0.000008404,0.000000000,0.106489882,-0.068217129,-0.092233121,0.118751794,-0.020373354,-0.106489882,-0.068217129,0.092233121,-0.118751794,-0.020373354
1173,train,0.842499971,0.001294805,0.000189834,0.106396988,-0.068215393,-0.092248529,0.118705451,-0.020393284,-0.106396988,-0.068215393,0.092248529,-0.118705451,-0.020393284
1174,train,15.446000099,0.162703395,0.090813610,0.103408918,-0.060609315,-0.096502483,0.105415985,-0.020531304,-0.103408918,-0.060609315,0.096502483,-0.105415985,-0.020531304
1175,validation,4.922999859,0.022044245,0.009469344,0.105561435,-0.065811537,-0.093223587,0.114529684,-0.019837635,-0.105561435,-0.065811537,0.093223587,-0.114529684,-0.019837635
1176,holdout,12.204500198,0.119569331,0.036404479,0.103853017,-0.060611546,-0.095358185,0.105557740,-0.019363256,-0.103853017,-0.060611546,0.095358185,-0.105557740,-0.019363256
1177,train,7.230500221,0.061550066,0.013807192,0.104740694,-0.064016603,-0.094635747,0.111880854,-0.019694364,-0.104740694,-0.064016603,0.094635747,-0.111880854,-0.019694364
1178,validation,20.867500305,0.150057420,0.050741259,0.103088126,-0.057100698,-0.097435005,0.100760058,-0.019090388,-0.103088126,-0.057100698,0.097435005,-0.100760058,-0.019090388
1179,validation,0.000000000,0.001216538,0.000000000,0.106567055,-0.068483524,-0.092170432,0.119393229,-0.020598061,-0.106567055,-0.068483524,0.092170432,-0.119393229,-0.020598061
1180,train,0.334500015,0.000000000,0.000000000,0.106616601,-0.068551332,-0.092130691,0.119515106,-0.020620922,-0.106616601,-0.068551332,0.092130691,-0.119515106,-0.020620922
1181,holdout,0.000000000,0.000004632,0.000000000,0.106608704,-0.068523571,-0.092150390,0.119451821,-0.020608230,-0.106608704,-0.068523571,0.092150390,-0.119451821,-0.020608230
1182,train,19.348499298,0.400384218,0.155255201,0.098683327,-0.050146479,-0.101347871,0.088892594,-0.021010680,-0.098683327,-0.050146479,0.101347871,-0.088892594,-0.021010680
1183,train,0.000500000,0.001045227,0.000178156,0.106541842,-0.068408959,-0.092207134,0.119251281,-0.020606861,-0.106541842,-0.068408959,0.092207134,-0.119251281,-0.020606861
1184,train,0.462000012,0.000568114,0.000000000,0.106601104,-0.068515301,-0.092151098,0.119456604,-0.020603387,-0.106601104,-0.068515301,0.092151098,-0.119456604,-0.020603387
1185,train,6.236499786,0.044361260,0.006778970,0.105482385,-0.065154478,-0.093740255,0.113803968,-0.020116448,-0.105482385,-0.065154478,0.093740255,-0.113803968,-0.020116448
1186,train,4.743000031,0.044105869,0.009425815,0.104759574,-0.064068332,-0.094134331,0.110212550,-0.019933354,-0.104759574,-0.064068332,0.094134331,-0.110212550,-0.019933354
1187,train,0.228000000,0.004731546,0.000136783,0.106585324,-0.068229087,-0.092284456,0.118884057,-0.020542691,-0.106585324,-0.068229087,0.092284456,-0.118884057,-0.020542691
1188,train,0.013500000,0.003466483,0.001765791,0.106592029,-0.068364590,-0.092178151,0.119189978,-0.020626001,-0.106592029,-0.068364590,0.092178151,-0.119189978,-0.020626001
1189,validation,11.249500275,0.120203301,0.018606168,0.104404330,-0.061067823,-0.095664509,0.106742710,-0.019037912,-0.104404330,-0.061067823,0.095664509,-0.106742710,-0.019037912
1190,train,13.720999718,0.044733681,0.014763879,0.104519904,-0.062342480,-0.094954483,0.109097719,-0.018981554,-0.104519904,-0.062342480,0.094954483,-0.109097719,-0.018981554
1191,train,63.812000275,0.522494376,0.179557248,0.096718691,-0.043106105,-0.103963025,0.085559107,-0.019026555,-0.096718691,-0.043106105,0.103963025,-0.085559107,-0.019026555
1192,validation,1.727499962,0.054692440,0.011055569,0.105867922,-0.066079736,-0.093003705,0.115597874,-0.020890644,-0.105867922,-0.066079736,0.093003705,-0.115597874,-0.020890644
1193,train,47.847000122,0.555435061,0.248198292,0.097384356,-0.042987444,-0.105002426,0.080403119,-0.019877424,-0.097384356,-0.042987444,0.105002426,-0.080403119,-0.019877424
1194,train,23.476499557,0.118077606,0.031095518,0.102396965,-0.058838192,-0.096460074,0.099841982,-0.019615194,-0.102396965,-0.058838192,0.096460074,-0.099841982,-0.019615194
1195,train,6.113500118,0.079903498,0.029599698,0.105141237,-0.063270904,-0.094688103,0.111320004,-0.020631470,-0.105141237,-0.063270904,0.094688103,-0.111320004,-0.020631470
1196,train,28.840000153,0.223139048,0.079817333,0.100757234,-0.050826650,-0.098420583,0.087817274,-0.016361665,-0.100757234,-0.050826650,0.098420583,-0.087817274,-0.016361665
1197,train,14.696999550,0.067246951,0.012919608,0.103706434,-0.061031617,-0.095070191,0.105521992,-0.018304020,-0.103706434,-0.061031617,0.095070191,-0.105521992,-0.018304020
1198,train,0.218999997,0.008600047,0.003498524,0.106265187,-0.067421809,-0.092467099,0.117276400,-0.020170549,-0.106265187,-0.067421809,0.092467099,-0.117276400,-0.020170549
1199,train,11.350999832,0.106150076,0.021964482,0.103955880,-0.062833175,-0.094645575,0.109748766,-0.020115437,-0.103955880,-0.062833175,0.094645575,-0.109748766,-0.020115437
