region_id,selection_method,seed_node,node_count,boundary_count,internal_node_count,shortcut_count,label_query_count,reachable_query_count,endpoint_access_query_count,endpoint_access_rate_pct,baseline_avg_expanded,indexed_avg_expanded,indexed_avg_graph_expanded,indexed_avg_access_expanded,avg_workload_gain,total_workload_gain,positive_gain_query_rate_pct,baseline_avg_ms_unpaired,indexed_avg_ms_unpaired,indexed_p95_ms_unpaired,preprocessing_seconds,evaluation_seconds,correctness_rate
0,fixed_random_bfs,1142609813,512,16,496,225,2000,1976,1,0.050000000,10881.926500000,10859.045000000,10858.782000000,0.256000000,22.881500000,45763,6.500000000,8.359524028,25.328799124,123.594608598,2.333428559,52.193821421,1.000000000
1,fixed_random_bfs,1112073249,512,44,468,580,2000,1976,0,0.000000000,10881.926500000,10849.007500000,10849.000500000,0.000000000,32.919000000,65838,15.400000000,8.359524028,22.306317058,108.366721296,2.360124384,45.965113026,1.000000000
2,fixed_random_bfs,12484918850,512,27,485,255,2000,1976,1,0.050000000,10881.926500000,10877.163500000,10876.939500000,0.217000000,4.763000000,9526,2.950000000,8.359524028,28.183093145,135.541468450,2.295582990,58.197702748,1.000000000
3,fixed_random_bfs,292782963,512,29,483,490,2000,1976,1,0.050000000,10881.926500000,10870.142000000,10869.907500000,0.227500000,11.784500000,23569,4.150000000,8.359524028,22.979725679,110.563833253,2.511216769,47.335988976,1.000000000
4,fixed_random_bfs,479437576,512,18,494,100,2000,1976,33,1.650000000,10881.926500000,10776.335000000,10769.326500000,7.001500000,105.591500000,211183,35.450000000,8.359524028,24.654749790,119.184224149,2.222301762,50.845984242,1.000000000
5,fixed_random_bfs,2163335530,512,38,474,537,2000,1976,12,0.600000000,10881.926500000,10835.769500000,10835.095000000,0.667500000,46.157000000,92314,18.000000000,8.359524028,24.796943262,121.650777049,2.378146073,51.122332267,1.000000000
6,fixed_random_bfs,1518839603,512,30,482,580,2000,1976,1,0.050000000,10881.926500000,10878.501000000,10878.252000000,0.242000000,3.425500000,6851,1.200000000,8.359524028,24.068429297,117.323241155,2.397196941,49.630467868,1.000000000
7,fixed_random_bfs,1327639071,512,21,491,293,2000,1976,1,0.050000000,10881.926500000,10872.467500000,10872.211000000,0.249500000,9.459000000,18918,4.300000000,8.359524028,27.870989119,136.566767998,2.261355561,57.566107736,1.000000000
8,fixed_random_bfs,6094066396,512,32,480,185,2000,1976,1,0.050000000,10881.926500000,10863.042500000,10862.844000000,0.191500000,18.884000000,37768,5.600000000,8.359524028,24.733329999,117.080734000,2.423902842,50.982285108,1.000000000
9,fixed_random_bfs,1322917608,512,38,474,591,2000,1976,1,0.050000000,10881.926500000,10858.077500000,10857.841500000,0.229000000,23.849000000,47698,6.800000000,8.359524028,24.757977651,120.446729949,2.446452894,51.072161240,1.000000000
10,fixed_random_bfs,12454038415,512,46,466,979,2000,1976,34,1.700000000,10881.926500000,10785.799000000,10781.437500000,4.354500000,96.127500000,192255,36.850000000,8.359524028,24.262333528,116.605770505,2.387529883,50.025703617,1.000000000
11,fixed_random_bfs,3200644413,512,24,488,364,2000,1976,0,0.000000000,10881.926500000,10852.865500000,10852.858500000,0.000000000,29.061000000,58122,6.450000000,8.359524028,25.164965008,122.275840605,2.379276597,51.918717899,1.000000000
12,fixed_random_bfs,6768048270,512,27,485,676,2000,1976,0,0.000000000,10881.926500000,10881.384500000,10881.377500000,0.000000000,0.542000000,1084,0.200000000,8.359524028,27.420680587,138.649938455,2.347843787,56.616787604,1.000000000
13,fixed_random_bfs,4665705852,512,26,486,222,2000,1976,10,0.500000000,10881.926500000,10841.590500000,10840.504500000,1.079000000,40.336000000,80672,14.700000000,8.359524028,24.766188012,118.202229251,2.325786120,51.046494300,1.000000000
14,fixed_random_bfs,3241516294,512,44,468,1213,2000,1976,0,0.000000000,10881.926500000,10853.458500000,10853.451500000,0.000000000,28.468000000,56936,10.050000000,8.359524028,27.951260079,135.365884499,2.306333912,57.729386996,1.000000000
15,fixed_random_bfs,4955285396,512,26,486,405,2000,1976,6,0.300000000,10881.926500000,10857.245000000,10855.774000000,1.464000000,24.681500000,49363,7.900000000,8.359524028,22.536362896,106.453989147,2.397782749,46.414521466,1.000000000
16,fixed_random_bfs,497240505,512,43,469,846,2000,1976,23,1.150000000,10881.926500000,10797.915500000,10793.495500000,4.413000000,84.011000000,168022,25.850000000,8.359524028,25.583982088,123.881083406,0.914390042,52.673456152,1.000000000
17,fixed_random_bfs,9073575305,512,46,466,835,2000,1976,92,4.600000000,10881.926500000,10751.715000000,10730.385500000,21.322500000,130.211500000,260423,55.500000000,8.359524028,23.744572498,111.386867198,0.822692111,48.831599197,1.000000000
18,fixed_random_bfs,4074469815,512,25,487,404,2000,1976,7,0.350000000,10881.926500000,10848.348500000,10846.595500000,1.746000000,33.578000000,67156,12.550000000,8.359524028,22.883500435,109.775736747,0.839786246,47.021315242,1.000000000
19,fixed_random_bfs,10562265153,512,23,489,263,2000,1976,0,0.000000000,10881.926500000,10875.024000000,10875.017000000,0.000000000,6.902500000,13805,2.150000000,8.359524028,22.786812302,111.183027603,0.809213617,46.826366977,1.000000000
20,fixed_random_bfs,1801523308,512,27,485,184,2000,1976,1,0.050000000,10881.926500000,10858.076000000,10858.063000000,0.006000000,23.850500000,47701,5.750000000,8.359524028,25.836538078,124.191119553,1.055367802,53.220458449,1.000000000
21,fixed_random_bfs,1548076025,512,36,476,595,2000,1976,18,0.900000000,10881.926500000,10806.487000000,10802.780000000,3.700000000,75.439500000,150879,27.750000000,8.359524028,26.119419430,127.809499498,1.151039258,53.764131424,1.000000000
22,fixed_random_bfs,5185111392,512,31,481,430,2000,1976,6,0.300000000,10881.926500000,10850.168500000,10848.752500000,1.409000000,31.758000000,63516,10.000000000,8.359524028,23.625284509,113.606938102,1.118024183,48.589489797,1.000000000
23,fixed_random_bfs,445353619,512,26,486,509,2000,1976,5,0.250000000,10881.926500000,10855.211000000,10853.940000000,1.264000000,26.715500000,53431,8.600000000,8.359524028,25.963487629,125.380255004,1.119269058,53.471245847,1.000000000
24,fixed_random_bfs,5284628346,512,26,486,625,2000,1976,0,0.000000000,10881.926500000,10878.879500000,10878.872500000,0.000000000,3.047000000,6094,2.450000000,8.359524028,28.005825497,134.211659148,1.130700347,57.723213585,1.000000000
25,fixed_random_bfs,10892466852,512,32,480,584,2000,1976,45,2.250000000,10881.926500000,10830.076000000,10820.157500000,9.911500000,51.850500000,103701,19.150000000,8.359524028,27.403405553,131.507477753,1.130435140,56.394703700,1.000000000
26,fixed_random_bfs,1110698247,512,44,468,372,2000,1976,174,8.700000000,10881.926500000,10699.082000000,10678.482000000,20.593000000,182.844500000,365689,68.350000000,8.359524028,25.644359693,124.656851901,1.062728886,52.741088149,1.000000000
27,fixed_random_bfs,13426945403,512,29,483,704,2000,1976,1,0.050000000,10881.926500000,10869.400500000,10869.143000000,0.250500000,12.526000000,25052,4.700000000,8.359524028,30.398056847,149.930372753,1.066931971,62.670920960,1.000000000
28,fixed_random_bfs,11406498895,512,40,472,746,2000,1976,1,0.050000000,10881.926500000,10853.205000000,10852.959000000,0.239000000,28.721500000,57443,9.350000000,8.359524028,26.120851008,127.635019406,1.048973920,53.802884279,1.000000000
29,fixed_random_bfs,1251033242,512,48,464,983,2000,1976,12,0.600000000,10881.926500000,10843.195500000,10840.779000000,2.409500000,38.731000000,77462,13.900000000,8.359524028,30.995002999,150.729646901,1.193331599,63.919063490,1.000000000
30,fixed_random_bfs,1436602798,512,37,475,611,2000,1976,1,0.050000000,10881.926500000,10865.025500000,10864.795500000,0.223000000,16.901000000,33802,6.650000000,8.359524028,30.874352290,149.036383848,0.871481528,63.721548318,1.000000000
31,fixed_random_bfs,4753112735,512,17,495,272,2000,1976,0,0.000000000,10881.926500000,10880.932500000,10880.925500000,0.000000000,0.994000000,1988,0.550000000,8.359524028,24.008668485,113.871010501,1.145716945,49.375573237,1.000000000
32,fixed_random_bfs,1324799773,512,18,494,306,2000,1976,0,0.000000000,10881.926500000,10881.460000000,10881.453000000,0.000000000,0.466500000,933,0.200000000,8.359524028,22.618507826,111.365601703,1.160249787,46.462919482,1.000000000
33,fixed_random_bfs,3250683230,512,34,478,735,2000,1976,43,2.150000000,10881.926500000,10804.793500000,10794.386500000,10.400000000,77.133000000,154266,31.400000000,8.359524028,26.288640722,127.987034447,1.442487133,54.120363643,1.000000000
34,fixed_random_bfs,1321499596,512,30,482,870,2000,1976,1,0.050000000,10881.926500000,10875.404000000,10875.141000000,0.256000000,6.522500000,13045,2.300000000,8.359524028,23.496085768,112.671162153,1.100552260,48.258236089,1.000000000
35,fixed_random_bfs,278725753,512,29,483,187,2000,1976,0,0.000000000,10881.926500000,10874.933000000,10874.926000000,0.000000000,6.993500000,13987,6.700000000,8.359524028,26.455503096,128.178237204,1.423985034,54.488003210,1.000000000
36,fixed_random_bfs,1322203518,512,15,497,146,2000,1976,0,0.000000000,10881.926500000,10877.999000000,10877.992000000,0.000000000,3.927500000,7855,2.350000000,8.359524028,30.299161307,145.385199751,1.250104341,62.493282357,1.000000000
37,fixed_random_bfs,1131291352,512,32,480,494,2000,1976,8,0.400000000,10881.926500000,10813.757500000,10812.121000000,1.629500000,68.169000000,136338,43.000000000,8.359524028,26.493541460,128.672315201,1.454428595,54.548648762,1.000000000
38,fixed_random_bfs,7114167921,512,35,477,491,2000,1976,2,0.100000000,10881.926500000,10852.462500000,10852.044000000,0.411500000,29.464000000,58928,9.450000000,8.359524028,26.364379218,128.128997395,1.523064444,54.297989109,1.000000000
39,fixed_random_bfs,1548079325,512,25,487,268,2000,1976,11,0.550000000,10881.926500000,10830.074500000,10827.579500000,2.488000000,51.852000000,103704,18.500000000,8.359524028,26.217294400,126.742269098,1.545080450,53.995308886,1.000000000
40,fixed_random_bfs,6595210390,512,16,496,240,2000,1976,0,0.000000000,10881.926500000,10879.128500000,10879.121500000,0.000000000,2.798000000,5596,1.000000000,8.359524028,26.757969314,129.958968796,1.519382748,55.085577243,1.000000000
41,fixed_random_bfs,1392657799,512,16,496,211,2000,1976,0,0.000000000,10881.926500000,10878.923000000,10878.916000000,0.000000000,3.003500000,6007,1.150000000,8.359524028,22.180812365,108.226804402,1.136983493,45.553623142,1.000000000
42,fixed_random_bfs,292599454,512,21,491,172,2000,1976,3,0.150000000,10881.926500000,10874.092000000,10873.620500000,0.464500000,7.834500000,15669,3.500000000,8.359524028,26.774199699,130.711379550,1.443721933,55.102697776,1.000000000
43,fixed_random_bfs,2689537161,512,39,473,392,2000,1976,78,3.900000000,10881.926500000,10759.685500000,10743.416500000,16.262000000,122.241000000,244482,52.100000000,8.359524028,21.131028284,101.745929803,1.086096849,43.365715157,1.000000000
44,fixed_random_bfs,4720708097,512,43,469,437,2000,1976,15,0.750000000,10881.926500000,10799.095500000,10796.847500000,2.241000000,82.831000000,165662,35.550000000,8.359524028,26.773700948,130.692986003,1.432487596,55.094096113,1.000000000
45,fixed_random_bfs,1801521181,512,37,475,345,2000,1976,6,0.300000000,10881.926500000,10833.155500000,10832.347500000,0.801000000,48.771000000,97542,17.300000000,8.359524028,31.371837490,150.463415849,1.498677456,64.689246730,1.000000000
46,fixed_random_bfs,1642560348,512,32,480,901,2000,1976,0,0.000000000,10881.926500000,10876.393000000,10876.386000000,0.000000000,5.533500000,11067,1.950000000,8.359524028,27.912394208,132.676174150,1.564079606,57.504240906,1.000000000
47,fixed_random_bfs,1548076551,512,23,489,249,2000,1976,1,0.050000000,10881.926500000,10865.990000000,10865.746500000,0.236500000,15.936500000,31873,6.000000000,8.359524028,31.215966568,152.589103045,1.553390051,64.367531008,1.000000000
48,fixed_random_bfs,7856254144,512,27,485,219,2000,1976,3,0.150000000,10881.926500000,10840.594000000,10840.151000000,0.436000000,41.332500000,82665,14.600000000,8.359524028,22.386095026,108.100312200,0.831728259,45.973016357,1.000000000
49,fixed_random_bfs,1550572190,512,22,490,253,2000,1976,2,0.100000000,10881.926500000,10876.894000000,10876.426000000,0.461000000,5.032500000,10065,1.250000000,8.359524028,23.720856745,110.362334299,0.916446198,48.737741714,1.000000000
50,fixed_random_bfs,283317561,512,23,489,382,2000,1976,1,0.050000000,10881.926500000,10859.271000000,10859.016500000,0.247500000,22.655500000,45311,9.000000000,8.359524028,26.003849056,129.160097252,1.091350272,53.530072867,1.000000000
51,fixed_random_bfs,4955227540,512,33,479,436,2000,1976,1,0.050000000,10881.926500000,10852.413000000,10852.194000000,0.212000000,29.513500000,59027,9.500000000,8.359524028,27.854908804,138.417151852,0.801027707,57.378204126,1.000000000
52,fixed_random_bfs,2264487487,512,28,484,603,2000,1976,1,0.050000000,10881.926500000,10852.638500000,10852.379500000,0.252000000,29.288000000,58576,6.650000000,8.359524028,22.669780873,111.284787245,0.852611575,46.566043109,1.000000000
53,fixed_random_bfs,474728395,512,50,462,790,2000,1976,87,4.350000000,10881.926500000,10752.966000000,10735.061500000,17.897500000,128.960500000,257921,55.000000000,8.359524028,26.477488493,127.347154001,1.093716744,54.480721435,1.000000000
54,fixed_random_bfs,5640218854,512,24,488,125,2000,1976,2,0.100000000,10881.926500000,10847.327000000,10846.989000000,0.331000000,34.599500000,69199,14.050000000,8.359524028,26.734491288,130.541099154,1.102825420,55.056481773,1.000000000
55,fixed_random_bfs,1328157992,512,21,491,326,2000,1976,2,0.100000000,10881.926500000,10874.460000000,10873.954000000,0.499000000,7.466500000,14933,4.150000000,8.359524028,26.999712156,127.889446551,1.123241730,55.605722239,1.000000000
56,fixed_random_bfs,5230804046,512,33,479,563,2000,1976,3,0.150000000,10881.926500000,10846.836000000,10846.152500000,0.676500000,35.090500000,70181,16.750000000,8.359524028,26.552335888,128.678813352,1.101864441,54.672903023,1.000000000
57,fixed_random_bfs,11380488696,512,26,486,244,2000,1976,83,4.150000000,10881.926500000,10785.441000000,10766.504000000,18.930000000,96.485500000,192971,34.500000000,8.359524028,26.766802006,131.327880052,1.084316075,55.046542018,1.000000000
58,fixed_random_bfs,1587092665,512,19,493,187,2000,1976,0,0.000000000,10881.926500000,10878.005000000,10877.998000000,0.000000000,3.921500000,7843,1.100000000,8.359524028,26.629019191,128.662586203,1.177260638,54.847492699,1.000000000
59,fixed_random_bfs,6340099264,512,41,471,691,2000,1976,11,0.550000000,10881.926500000,10795.767000000,10793.668000000,2.092000000,86.159500000,172319,29.550000000,8.359524028,26.832884440,130.222111351,1.112294551,55.225734443,1.000000000
60,fixed_random_bfs,12463880315,512,34,478,534,2000,1976,2,0.100000000,10881.926500000,10858.815500000,10858.355500000,0.453000000,23.111000000,46222,6.700000000,8.359524028,26.628565053,129.709948851,1.087273140,54.833877144,1.000000000
61,fixed_random_bfs,1361251984,512,16,496,86,2000,1976,0,0.000000000,10881.926500000,10859.662000000,10859.655000000,0.000000000,22.264500000,44529,6.000000000,8.359524028,27.084878475,131.409943597,0.806642751,55.823957195,1.000000000
62,fixed_random_bfs,5773611651,512,36,476,739,2000,1976,0,0.000000000,10881.926500000,10880.109500000,10880.102500000,0.000000000,1.817000000,3634,0.500000000,8.359524028,31.476748091,153.853825445,1.150585496,64.917196699,1.000000000
63,fixed_random_bfs,4685552133,512,23,489,161,2000,1976,6,0.300000000,10881.926500000,10797.654000000,10796.541000000,1.106000000,84.272500000,168545,32.250000000,8.359524028,31.000320309,150.763901798,1.155673492,63.955388492,1.000000000
64,fixed_random_bfs,10300962373,512,18,494,306,2000,1976,0,0.000000000,10881.926500000,10879.108500000,10879.101500000,0.000000000,2.818000000,5636,1.050000000,8.359524028,22.728182081,108.077707452,1.166700171,46.691766709,1.000000000
65,fixed_random_bfs,13370114785,512,27,485,278,2000,1976,0,0.000000000,10881.926500000,10873.364000000,10873.357000000,0.000000000,8.562500000,17125,2.350000000,8.359524028,29.674597568,140.506663054,1.250738182,61.169115972,1.000000000
66,fixed_random_bfs,1784085866,512,42,470,623,2000,1976,19,0.950000000,10881.926500000,10819.367000000,10815.986000000,3.374000000,62.559500000,125119,24.300000000,8.359524028,23.501341578,113.098421248,1.533714037,48.268341019,1.000000000
67,fixed_random_bfs,10140383897,512,31,481,644,2000,1976,1,0.050000000,10881.926500000,10879.239000000,10878.980500000,0.251500000,2.687500000,5375,0.800000000,8.359524028,22.439647268,108.907281453,1.128670351,46.105979317,1.000000000
68,fixed_random_bfs,10083541091,512,33,479,605,2000,1976,9,0.450000000,10881.926500000,10805.468000000,10804.297500000,1.163500000,76.458500000,152917,27.100000000,8.359524028,26.794558490,128.480071097,1.467308248,55.185371160,1.000000000
69,fixed_random_bfs,4695412324,512,36,476,597,2000,1976,33,1.650000000,10881.926500000,10795.680000000,10788.739000000,6.934000000,86.246500000,172493,32.450000000,8.359524028,27.448027962,130.838168300,1.496471992,56.475818481,1.000000000
70,fixed_random_bfs,293055528,512,17,495,89,2000,1976,0,0.000000000,10881.926500000,10878.466500000,10878.459500000,0.000000000,3.460000000,6920,3.200000000,8.359524028,27.367336315,131.303198597,1.504961375,56.360315610,1.000000000
71,fixed_random_bfs,10781372129,512,32,480,478,2000,1976,3,0.150000000,10881.926500000,10876.539000000,10876.057000000,0.475000000,5.387500000,10775,1.900000000,8.359524028,27.382371026,133.942575750,1.537088010,56.373103631,1.000000000
72,fixed_random_bfs,343634630,512,37,475,497,2000,1976,76,3.800000000,10881.926500000,10778.119000000,10760.860000000,17.252000000,103.807500000,207615,46.900000000,8.359524028,22.318149027,106.920974748,1.170267352,45.825975097,1.000000000
73,fixed_random_bfs,4758581357,512,30,482,537,2000,1976,16,0.800000000,10881.926500000,10814.876000000,10811.679000000,3.190000000,67.050500000,134101,23.400000000,8.359524028,28.155161028,134.982665201,1.522750382,57.976337942,1.000000000
74,fixed_random_bfs,1436856906,512,31,481,339,2000,1976,3,0.150000000,10881.926500000,10868.641000000,10868.164000000,0.470000000,13.285500000,26571,4.800000000,8.359524028,26.833459068,128.301963696,1.484417895,55.262396458,1.000000000
75,fixed_random_bfs,4421109825,512,21,491,362,2000,1976,0,0.000000000,10881.926500000,10847.419500000,10847.412500000,0.000000000,34.507000000,69014,12.400000000,8.359524028,27.612040173,132.665520251,1.469839140,56.873897754,1.000000000
76,fixed_random_bfs,10893592960,512,34,478,473,2000,1976,24,1.200000000,10881.926500000,10790.926000000,10785.332500000,5.586500000,91.000500000,182001,28.050000000,8.359524028,27.050233845,130.921574001,1.468817607,55.704369244,1.000000000
77,fixed_random_bfs,299611722,512,49,463,888,2000,1976,95,4.750000000,10881.926500000,10756.414000000,10738.260500000,18.146500000,125.512500000,251025,56.000000000,8.359524028,27.176812445,129.733803900,0.997480478,55.912344644,1.000000000
78,fixed_random_bfs,9731026658,512,17,495,65,2000,1976,0,0.000000000,10881.926500000,10854.694500000,10854.687500000,0.000000000,27.232000000,54464,6.550000000,8.359524028,30.321036913,146.651106499,1.521069322,62.539265933,1.000000000
79,fixed_random_bfs,3921241192,512,27,485,387,2000,1976,0,0.000000000,10881.926500000,10856.031000000,10856.024000000,0.000000000,25.895500000,51791,7.100000000,8.359524028,29.196790225,139.225586598,1.537403091,60.101550559,1.000000000
80,fixed_random_bfs,13152754483,512,42,470,659,2000,1976,17,0.850000000,10881.926500000,10788.929000000,10786.697000000,2.225000000,92.997500000,185995,41.850000000,8.359524028,28.004964431,135.827729147,0.943249758,57.669756669,1.000000000
81,fixed_random_bfs,1551005126,512,23,489,463,2000,1976,2,0.100000000,10881.926500000,10865.633000000,10865.119000000,0.507000000,16.293500000,32587,5.500000000,8.359524028,26.467064670,124.474149900,0.892245476,54.518962006,1.000000000
82,fixed_random_bfs,1236473152,512,38,474,340,2000,1976,29,1.450000000,10881.926500000,10762.509500000,10757.713500000,4.789000000,119.417000000,238834,48.100000000,8.359524028,29.847070391,148.936783996,1.571868959,61.528768839,1.000000000
83,fixed_random_bfs,12030930241,512,16,496,87,2000,1976,0,0.000000000,10881.926500000,10870.878500000,10870.871500000,0.000000000,11.048000000,22096,3.900000000,8.359524028,30.244027189,146.836294651,1.354821208,62.421157897,1.000000000
84,fixed_random_bfs,9038898395,512,51,461,400,2000,1976,129,6.450000000,10881.926500000,10752.363500000,10736.937000000,15.419500000,129.563000000,259126,47.450000000,8.359524028,28.787935352,139.075701498,1.180155193,59.251782406,1.000000000
85,fixed_random_bfs,1147305554,512,26,486,199,2000,1976,3,0.150000000,10881.926500000,10855.971500000,10855.360000000,0.604500000,25.955000000,51910,8.400000000,8.359524028,29.023939814,139.008674645,1.125780970,59.834387904,1.000000000
86,fixed_random_bfs,12291327666,512,30,482,287,2000,1976,2,0.100000000,10881.926500000,10849.008000000,10848.549000000,0.452000000,32.918500000,65837,10.050000000,8.359524028,30.026178872,143.142554152,1.227668404,61.943112998,1.000000000
87,fixed_random_bfs,1327641343,512,21,491,161,2000,1976,2,0.100000000,10881.926500000,10875.361000000,10874.898000000,0.456000000,6.565500000,13131,2.900000000,8.359524028,27.690405061,137.675131198,0.960586829,57.081907625,1.000000000
88,fixed_random_bfs,1194795154,512,30,482,760,2000,1976,2,0.100000000,10881.926500000,10879.591000000,10879.098000000,0.486000000,2.335500000,4671,0.700000000,8.359524028,27.859039874,136.316365999,1.206542505,57.392766627,1.000000000
89,fixed_random_bfs,5869817045,512,34,478,187,2000,1976,7,0.350000000,10881.926500000,10831.260000000,10830.840000000,0.413000000,50.666500000,101333,17.600000000,8.359524028,28.158284219,137.649711752,1.174323873,57.992540316,1.000000000
90,fixed_random_bfs,292621872,512,25,487,193,2000,1976,3,0.150000000,10881.926500000,10874.016000000,10873.593500000,0.415500000,7.910500000,15821,3.550000000,8.359524028,28.703447032,143.413201847,1.233962632,59.124236766,1.000000000
91,fixed_random_bfs,8126762080,512,21,491,193,2000,1976,7,0.350000000,10881.926500000,10836.222500000,10835.319000000,0.896500000,45.704000000,91408,15.600000000,8.359524028,27.795884678,134.261451802,1.157898032,57.254680704,1.000000000
92,fixed_random_bfs,4468057768,512,32,480,431,2000,1976,2,0.100000000,10881.926500000,10861.921500000,10861.477500000,0.437000000,20.005000000,40010,7.750000000,8.359524028,28.267082878,136.361190851,1.180023555,58.233107110,1.000000000
93,fixed_random_bfs,7678759569,512,28,484,556,2000,1976,2,0.100000000,10881.926500000,10872.887000000,10872.396500000,0.483500000,9.039500000,18079,3.000000000,8.359524028,29.457787122,140.255797646,1.244551433,60.722782614,1.000000000
94,fixed_random_bfs,479512737,512,20,492,207,2000,1976,14,0.700000000,10881.926500000,10787.270500000,10784.176000000,3.087500000,94.656000000,189312,26.600000000,8.359524028,27.771590944,134.784123503,1.306618825,57.216312022,1.000000000
95,fixed_random_bfs,12469475530,512,33,479,160,2000,1976,0,0.000000000,10881.926500000,10872.772500000,10872.765500000,0.000000000,9.154000000,18308,5.350000000,8.359524028,28.396047027,134.674673302,1.468317190,58.498430759,1.000000000
96,fixed_random_bfs,263571647,512,33,479,591,2000,1976,1,0.050000000,10881.926500000,10878.450500000,10878.275000000,0.168500000,3.476000000,6952,1.950000000,8.359524028,27.944563751,134.448162553,1.151952841,57.494046451,1.000000000
97,fixed_random_bfs,4494941197,512,37,475,770,2000,1976,2,0.100000000,10881.926500000,10827.835000000,10827.332000000,0.496000000,54.091500000,108183,15.250000000,8.359524028,24.666977712,119.579931300,1.620461179,50.731847495,1.000000000
98,fixed_random_bfs,690429375,512,35,477,904,2000,1976,1,0.050000000,10881.926500000,10852.578000000,10852.325000000,0.246000000,29.348500000,58697,7.000000000,8.359524028,27.019908307,128.695479804,1.215159483,55.649442571,1.000000000
99,fixed_random_bfs,4567051360,512,26,486,256,2000,1976,31,1.550000000,10881.926500000,10818.981500000,10812.633500000,6.341000000,62.945000000,125890,20.100000000,8.359524028,22.739983555,105.812493598,1.605792017,46.700548223,1.000000000
100,fixed_random_bfs,10287403210,512,23,489,117,2000,1976,2,0.100000000,10881.926500000,10862.904000000,10862.499000000,0.398000000,19.022500000,38045,5.700000000,8.359524028,26.776104401,129.473510048,1.525312422,55.138863605,1.000000000
101,fixed_random_bfs,1142607204,512,27,485,431,2000,1976,1,0.050000000,10881.926500000,10858.560500000,10858.307500000,0.246000000,23.366000000,46732,6.300000000,8.359524028,26.850921676,130.357536955,1.484870359,55.306530648,1.000000000
102,fixed_random_bfs,13607352237,512,9,503,72,2000,1976,0,0.000000000,10881.926500000,10881.177500000,10881.170500000,0.000000000,0.749000000,1498,0.150000000,8.359524028,22.657403529,108.162273405,1.163112613,46.565417466,1.000000000
103,fixed_random_bfs,4537191947,512,34,478,817,2000,1976,1,0.050000000,10881.926500000,10873.385500000,10873.129000000,0.249500000,8.541000000,17082,3.250000000,8.359524028,26.849440061,133.458113654,1.525811729,55.296207329,1.000000000
104,fixed_random_bfs,6094371885,512,33,479,187,2000,1976,3,0.150000000,10881.926500000,10854.097000000,10853.722000000,0.368000000,27.829500000,55659,8.300000000,8.359524028,30.200946489,150.539545399,1.587182810,62.245311011,1.000000000
105,fixed_random_bfs,3521762542,512,28,484,61,2000,1976,1,0.050000000,10881.926500000,10861.447000000,10861.336500000,0.103500000,20.479500000,40959,20.600000000,8.359524028,26.572500880,128.034215053,1.473573521,54.703003693,1.000000000
106,fixed_random_bfs,12620869964,512,21,491,157,2000,1976,1,0.050000000,10881.926500000,10877.424500000,10877.203500000,0.214000000,4.502000000,9004,1.450000000,8.359524028,26.095080932,128.965384248,1.156287680,53.705700972,1.000000000
107,fixed_random_bfs,447872455,512,26,486,355,2000,1976,21,1.050000000,10881.926500000,10826.647500000,10823.347500000,3.293000000,55.279000000,110558,19.200000000,8.359524028,27.049691527,131.174446751,1.506236176,55.694323348,1.000000000
108,fixed_random_bfs,3693344689,512,27,485,115,2000,1976,3,0.150000000,10881.926500000,10838.554500000,10838.241000000,0.306500000,43.372000000,86744,25.150000000,8.359524028,29.139759890,138.323760100,1.509805824,60.020683462,1.000000000
109,fixed_random_bfs,11051941885,512,36,476,523,2000,1976,1,0.050000000,10881.926500000,10857.406000000,10857.179000000,0.220000000,24.520500000,49041,7.800000000,8.359524028,29.124951168,140.446147147,1.168225030,60.076276298,1.000000000
110,fixed_random_bfs,1199489266,512,29,483,513,2000,1976,0,0.000000000,10881.926500000,10865.608000000,10865.601000000,0.000000000,16.318500000,32637,6.400000000,8.359524028,27.519925455,133.306186998,1.476574317,56.702410593,1.000000000
111,fixed_random_bfs,1394057767,512,31,481,656,2000,1976,0,0.000000000,10881.926500000,10880.389500000,10880.382500000,0.000000000,1.537000000,3074,0.950000000,8.359524028,26.951234764,127.824682605,0.836781265,55.504344955,1.000000000
112,fixed_random_bfs,2880419782,512,28,484,135,2000,1976,1,0.050000000,10881.926500000,10838.939500000,10838.739500000,0.193000000,42.987000000,85974,13.700000000,8.359524028,29.346221707,135.086807000,1.502268388,60.464421922,1.000000000
113,fixed_random_bfs,4530718094,512,35,477,801,2000,1976,0,0.000000000,10881.926500000,10877.082000000,10877.075000000,0.000000000,4.844500000,9689,1.950000000,8.359524028,28.225887355,139.491612598,1.178612128,58.185786335,1.000000000
114,fixed_random_bfs,5342861433,512,29,483,246,2000,1976,8,0.400000000,10881.926500000,10842.499000000,10841.219500000,1.272500000,39.427500000,78855,13.450000000,8.359524028,25.499084197,122.297103598,0.812536041,52.451646283,1.000000000
115,fixed_random_bfs,445028130,512,21,491,191,2000,1976,0,0.000000000,10881.926500000,10829.207000000,10829.200000000,0.000000000,52.719500000,105439,14.450000000,8.359524028,26.783812072,130.030442446,1.490354578,55.168783884,1.000000000
116,fixed_random_bfs,11016886026,512,22,490,217,2000,1976,11,0.550000000,10881.926500000,10786.078500000,10783.519000000,2.552500000,95.848000000,191696,27.400000000,8.359524028,27.528136896,129.461922149,0.871936717,56.696061339,1.000000000
117,fixed_random_bfs,1394437022,512,33,479,843,2000,1976,2,0.100000000,10881.926500000,10854.532000000,10854.019000000,0.506000000,27.394500000,54789,7.900000000,8.359524028,28.511289839,136.731236451,1.121829452,58.730316210,1.000000000
118,fixed_random_bfs,5284404374,512,35,477,324,2000,1976,113,5.650000000,10881.926500000,10723.287500000,10701.416500000,21.864000000,158.639000000,317278,57.000000000,8.359524028,26.550878437,128.263018455,1.157199799,54.644774636,1.000000000
119,fixed_random_bfs,11356410433,512,39,473,970,2000,1976,4,0.200000000,10881.926500000,10869.704000000,10868.737000000,0.960000000,12.222500000,24445,6.050000000,8.359524028,27.154184779,130.302773196,1.120901891,55.935980654,1.000000000
120,fixed_random_bfs,1235226279,512,14,498,123,2000,1976,1,0.050000000,10881.926500000,10877.178000000,10876.926500000,0.244500000,4.748500000,9497,1.550000000,8.359524028,25.346067521,118.866479945,1.107433222,52.174587001,1.000000000
121,fixed_random_bfs,1731221969,512,32,480,413,2000,1976,2,0.100000000,10881.926500000,10870.485000000,10870.019000000,0.459000000,11.441500000,22883,3.750000000,8.359524028,26.761887010,133.756270603,0.898093907,55.102948573,1.000000000
122,fixed_random_bfs,430137487,512,26,486,554,2000,1976,5,0.250000000,10881.926500000,10832.318500000,10831.052000000,1.259500000,49.608000000,99216,17.000000000,8.359524028,24.550155630,112.616729101,0.816874099,50.490123190,1.000000000
123,fixed_random_bfs,9370003055,512,31,481,762,2000,1976,0,0.000000000,10881.926500000,10881.349000000,10881.342000000,0.000000000,0.577500000,1155,0.200000000,8.359524028,27.089565685,127.519098850,0.849320053,55.809219047,1.000000000
124,fixed_random_bfs,1586919528,512,17,495,240,2000,1976,0,0.000000000,10881.926500000,10878.049500000,10878.042500000,0.000000000,3.877000000,7754,1.100000000,8.359524028,26.528136126,130.798629894,1.082768472,54.642481566,1.000000000
125,fixed_random_bfs,1643296300,512,32,480,327,2000,1976,10,0.500000000,10881.926500000,10808.055500000,10806.027000000,2.021500000,73.871000000,147742,27.550000000,8.359524028,28.086557175,131.020177346,1.522066450,57.867858310,1.000000000
126,fixed_random_bfs,12607378904,512,30,482,584,2000,1976,1,0.050000000,10881.926500000,10872.824000000,10872.567500000,0.249500000,9.102500000,18205,3.200000000,8.359524028,26.911766330,130.851090956,1.093432536,55.431344015,1.000000000
127,fixed_random_bfs,1129574609,512,26,486,430,2000,1976,1,0.050000000,10881.926500000,10877.971500000,10877.717000000,0.247500000,3.955000000,7910,1.850000000,8.359524028,28.213364216,137.473862299,1.638805820,58.131482078,1.000000000
128,fixed_random_bfs,12104117128,512,35,477,638,2000,1976,44,2.200000000,10881.926500000,10772.782000000,10763.861000000,8.914000000,109.144500000,218289,36.600000000,8.359524028,27.567037968,130.590352545,1.129565136,56.745294637,1.000000000
129,fixed_random_bfs,663859934,512,35,477,521,2000,1976,1,0.050000000,10881.926500000,10863.873000000,10863.634000000,0.232000000,18.053500000,36107,6.950000000,8.359524028,29.448629244,144.086205402,1.501563110,60.710932088,1.000000000
130,fixed_random_bfs,497186080,512,29,483,355,2000,1976,20,1.000000000,10881.926500000,10812.459000000,10808.070500000,4.381500000,69.467500000,138935,23.050000000,8.359524028,26.596827996,128.626424651,1.123174034,54.769248080,1.000000000
131,fixed_random_bfs,4029215987,512,13,499,36,2000,1976,96,4.800000000,10881.926500000,10861.134500000,10856.022000000,5.105500000,20.792000000,41584,5.600000000,8.359524028,27.721573883,131.400293199,1.187374342,56.626734845,1.000000000
132,fixed_random_bfs,1395608732,512,28,484,477,2000,1976,2,0.100000000,10881.926500000,10854.027500000,10853.547500000,0.473000000,27.899000000,55798,8.500000000,8.359524028,23.199077818,112.081242503,1.359162825,47.686058461,1.000000000
133,fixed_random_bfs,1670512124,512,44,468,1056,2000,1976,3,0.150000000,10881.926500000,10855.862000000,10854.927500000,0.927500000,26.064500000,52129,10.200000000,8.359524028,26.380511076,129.711024399,1.597163046,54.311325132,1.000000000
134,fixed_random_bfs,12147905037,512,33,479,327,2000,1976,125,6.250000000,10881.926500000,10732.295000000,10708.299500000,23.988500000,149.631500000,299263,56.150000000,8.359524028,27.480332247,134.735057348,1.545980036,56.531348251,1.000000000
135,fixed_random_bfs,13383897538,512,16,496,123,2000,1976,0,0.000000000,10881.926500000,10872.795500000,10872.788500000,0.000000000,9.131000000,18262,2.900000000,8.359524028,28.221053625,134.808781951,1.507914368,58.135599828,1.000000000
136,fixed_random_bfs,1328043463,512,35,477,1027,2000,1976,2,0.100000000,10881.926500000,10874.100000000,10873.587000000,0.506000000,7.826500000,15653,3.750000000,8.359524028,24.184525677,120.315980600,1.314003379,49.719920105,1.000000000
137,fixed_random_bfs,269524526,512,19,493,129,2000,1976,1,0.050000000,10881.926500000,10857.049000000,10856.856000000,0.186000000,24.877500000,49755,5.750000000,8.359524028,27.330413706,131.229211254,1.489746700,56.264140043,1.000000000
138,fixed_random_bfs,2234962250,512,15,497,97,2000,1976,7,0.350000000,10881.926500000,10835.969500000,10834.835000000,1.127500000,45.957000000,91914,14.700000000,8.359524028,24.100524117,114.937150956,1.116433598,49.540832840,1.000000000
139,fixed_random_bfs,1551007072,512,23,489,424,2000,1976,3,0.150000000,10881.926500000,10860.778000000,10860.021000000,0.750000000,21.148500000,42297,7.000000000,8.359524028,26.807271639,131.210774298,1.584097512,55.173883102,1.000000000
140,fixed_random_bfs,1548071002,512,24,488,384,2000,1976,0,0.000000000,10881.926500000,10856.933000000,10856.926000000,0.000000000,24.993500000,49987,7.250000000,8.359524028,27.760150977,133.252914850,1.322800478,57.154273859,1.000000000
141,fixed_random_bfs,3170890749,512,28,484,374,2000,1976,0,0.000000000,10881.926500000,10862.601000000,10862.594000000,0.000000000,19.325500000,38651,5.950000000,8.359524028,25.775217919,125.449593447,1.472324643,53.043169493,1.000000000
142,fixed_random_bfs,450324047,512,20,492,308,2000,1976,1,0.050000000,10881.926500000,10869.758000000,10869.501000000,0.250000000,12.168500000,24337,4.500000000,8.359524028,20.817494827,101.082144751,1.174346159,42.717513012,1.000000000
143,fixed_random_bfs,8286473847,512,36,476,416,2000,1976,96,4.800000000,10881.926500000,10755.749500000,10736.280500000,19.462000000,126.177000000,252354,49.600000000,8.359524028,25.778369869,127.667184752,1.110381749,52.981664663,1.000000000
144,fixed_random_bfs,6768278301,512,26,486,601,2000,1976,1,0.050000000,10881.926500000,10881.560500000,10881.299000000,0.254500000,0.366000000,732,0.150000000,8.359524028,25.622837468,123.693633152,1.135708197,52.723977920,1.000000000
145,fixed_random_bfs,12738892067,512,29,483,473,2000,1976,2,0.100000000,10881.926500000,10877.574000000,10877.121000000,0.446000000,4.352500000,8705,1.500000000,8.359524028,25.625270405,123.618764952,1.425343758,52.715751711,1.000000000
146,fixed_random_bfs,13378671816,512,56,456,1518,2000,1976,37,1.850000000,10881.926500000,10827.502500000,10820.684500000,6.811000000,54.424000000,108848,28.900000000,8.359524028,20.643231754,102.062638997,0.803148597,42.331182972,1.000000000
147,fixed_random_bfs,411029266,512,43,469,473,2000,1976,26,1.300000000,10881.926500000,10792.654000000,10789.620000000,3.027000000,89.272500000,178545,46.850000000,8.359524028,24.193354237,120.020347698,1.391283124,49.644633322,1.000000000
148,fixed_random_bfs,3713963405,512,41,471,373,2000,1976,79,3.950000000,10881.926500000,10830.631500000,10820.085500000,10.539000000,51.295000000,102590,22.250000000,8.359524028,30.186947619,146.530697051,1.118563495,62.113202775,1.000000000
149,fixed_random_bfs,1112072959,512,24,488,443,2000,1976,0,0.000000000,10881.926500000,10862.260000000,10862.253000000,0.000000000,19.666500000,39333,5.400000000,8.359524028,25.498310630,122.062882299,1.053312424,52.451710726,1.000000000
150,fixed_random_bfs,4468932444,512,15,497,56,2000,1976,14,0.700000000,10881.926500000,10825.563500000,10822.469000000,3.087500000,56.363000000,112726,18.050000000,8.359524028,28.032255869,134.802087997,0.770801586,57.693550540,1.000000000
151,fixed_random_bfs,4486815102,512,33,479,252,2000,1976,31,1.550000000,10881.926500000,10808.651500000,10806.860500000,1.784000000,73.275000000,146550,27.450000000,8.359524028,25.030446992,118.838287104,0.788421763,51.468540136,1.000000000
152,fixed_random_bfs,114311905,512,27,485,121,2000,1976,1,0.050000000,10881.926500000,10822.179000000,10821.982500000,0.189500000,59.747500000,119495,26.100000000,8.359524028,20.785525376,100.981541104,1.043032481,42.646870886,1.000000000
153,fixed_random_bfs,436639181,512,31,481,411,2000,1976,0,0.000000000,10881.926500000,10844.526000000,10844.519000000,0.000000000,37.400500000,74801,12.600000000,8.359524028,25.635923475,123.836050501,1.063949817,52.735729158,1.000000000
154,fixed_random_bfs,1549684230,512,33,479,964,2000,1976,1,0.050000000,10881.926500000,10874.454000000,10874.192500000,0.254500000,7.472500000,14945,2.650000000,8.359524028,30.214724581,146.551545748,1.155365343,62.241977274,1.000000000
155,fixed_random_bfs,8417969984,512,22,490,132,2000,1976,6,0.300000000,10881.926500000,10796.687500000,10795.691000000,0.989500000,85.239000000,170478,22.200000000,8.359524028,25.450093030,123.767095900,1.050730214,52.357242027,1.000000000
156,fixed_random_bfs,10915038477,512,23,489,329,2000,1976,45,2.250000000,10881.926500000,10835.105000000,10824.447000000,10.651000000,46.821500000,93643,17.100000000,8.359524028,27.852089819,133.013375952,1.109035314,57.279245483,1.000000000
157,fixed_random_bfs,8899071813,512,33,479,426,2000,1976,6,0.300000000,10881.926500000,10783.165000000,10782.125500000,1.032500000,98.761500000,197523,28.450000000,8.359524028,20.268934983,97.636159351,1.043636558,41.589083152,1.000000000
158,fixed_random_bfs,2784646317,512,28,484,280,2000,1976,16,0.800000000,10881.926500000,10831.720500000,10828.975000000,2.738500000,50.206000000,100412,25.150000000,8.359524028,25.417021022,124.766744847,1.069247068,52.295096260,1.000000000
159,fixed_random_bfs,5306915839,512,32,480,238,2000,1976,18,0.900000000,10881.926500000,10804.298000000,10801.179500000,3.111500000,77.628500000,155257,28.600000000,8.359524028,20.886461860,99.606475902,1.069109656,42.859457141,1.000000000
160,fixed_random_bfs,5312307604,512,33,479,634,2000,1976,0,0.000000000,10881.926500000,10873.987500000,10873.980500000,0.000000000,7.939000000,15878,2.650000000,8.359524028,25.752047417,124.489190697,1.430170121,52.992080413,1.000000000
161,fixed_random_bfs,12488699245,512,33,479,101,2000,1976,1,0.050000000,10881.926500000,10875.727000000,10875.614000000,0.106000000,6.199500000,12399,5.350000000,8.359524028,25.697680726,123.786696752,1.403495596,52.859251180,1.000000000
162,fixed_random_bfs,4614461143,512,33,479,735,2000,1976,1,0.050000000,10881.926500000,10878.322500000,10878.070000000,0.245500000,3.604000000,7208,0.900000000,8.359524028,21.954774069,106.062121998,0.791698012,44.996928187,1.000000000
163,fixed_random_bfs,6491826629,512,22,490,196,2000,1976,3,0.150000000,10881.926500000,10855.709000000,10855.097500000,0.604500000,26.217500000,52435,8.050000000,8.359524028,25.619405801,124.337607997,1.033415328,52.697218830,1.000000000
164,fixed_random_bfs,1549685300,512,28,484,605,2000,1976,1,0.050000000,10881.926500000,10877.671000000,10877.418500000,0.245500000,4.255500000,8511,1.850000000,8.359524028,24.807232422,113.708708700,1.044618731,51.015726843,1.000000000
165,fixed_random_bfs,5284452813,512,47,465,341,2000,1976,130,6.500000000,10881.926500000,10750.048000000,10732.542500000,17.498500000,131.878500000,263757,48.650000000,8.359524028,25.489222966,122.437168203,1.402561691,52.377927590,1.000000000
166,fixed_random_bfs,4530718100,512,28,484,433,2000,1976,1,0.050000000,10881.926500000,10877.356500000,10877.164000000,0.185500000,4.570000000,9140,1.450000000,8.359524028,25.196580893,120.146331997,1.411525248,51.811935282,1.000000000
167,fixed_random_bfs,3846238141,512,28,484,703,2000,1976,0,0.000000000,10881.926500000,10873.927000000,10873.920000000,0.000000000,7.999500000,15999,2.400000000,8.359524028,30.210046847,148.899127594,1.468029892,62.239188371,1.000000000
168,fixed_random_bfs,302555501,512,27,485,48,2000,1976,1,0.050000000,10881.926500000,10861.500500000,10861.489500000,0.004000000,20.426000000,40852,24.400000000,8.359524028,22.317442878,109.219762601,1.457666552,45.830139895,1.000000000
169,fixed_random_bfs,1518839901,512,21,491,301,2000,1976,0,0.000000000,10881.926500000,10878.162500000,10878.155500000,0.000000000,3.764000000,7528,1.300000000,8.359524028,25.576755178,123.297874456,1.400353597,52.621559416,1.000000000
170,fixed_random_bfs,1316576236,512,25,487,444,2000,1976,0,0.000000000,10881.926500000,10869.117500000,10869.110500000,0.000000000,12.809000000,25618,5.550000000,8.359524028,27.198309116,127.966271801,0.776052767,55.977331964,1.000000000
171,fixed_random_bfs,12381066520,512,27,485,269,2000,1976,108,5.400000000,10881.926500000,10753.038000000,10737.873000000,15.158000000,128.888500000,257777,51.650000000,8.359524028,20.956562702,101.745247049,1.407104295,42.977697455,1.000000000
172,fixed_random_bfs,655308589,512,25,487,366,2000,1976,1,0.050000000,10881.926500000,10855.607000000,10855.362000000,0.238000000,26.319500000,52639,6.150000000,8.359524028,30.175598946,145.363608999,1.482379015,62.158491426,1.000000000
173,fixed_random_bfs,10278952219,512,15,497,170,2000,1976,0,0.000000000,10881.926500000,10880.438500000,10880.431500000,0.000000000,1.488000000,2976,0.300000000,8.359524028,24.073547951,117.999422150,1.059818262,49.488276901,1.000000000
174,fixed_random_bfs,1321499723,512,41,471,1446,2000,1976,1,0.050000000,10881.926500000,10876.332000000,10876.072500000,0.252500000,5.594500000,11189,2.150000000,8.359524028,21.155449252,102.496822602,1.048385330,43.432079994,1.000000000
175,fixed_random_bfs,1687477804,512,28,484,388,2000,1976,2,0.100000000,10881.926500000,10870.343500000,10869.863500000,0.473000000,11.583000000,23166,3.750000000,8.359524028,25.588809653,125.027657652,1.408637468,52.636028872,1.000000000
176,fixed_random_bfs,1173425139,512,28,484,407,2000,1976,2,0.100000000,10881.926500000,10877.959500000,10877.456500000,0.496000000,3.967000000,7934,1.000000000,8.359524028,24.362914648,118.984022904,1.067931831,50.004477069,1.000000000
177,fixed_random_bfs,3170147746,512,32,480,681,2000,1976,2,0.100000000,10881.926500000,10877.206500000,10876.716500000,0.483000000,4.720000000,9440,1.650000000,8.359524028,25.762315010,124.897148901,1.064286926,53.000067376,1.000000000
178,fixed_random_bfs,12199379540,512,29,483,703,2000,1976,0,0.000000000,10881.926500000,10866.394000000,10866.387000000,0.000000000,15.532500000,31065,4.700000000,8.359524028,25.492981971,124.224423855,1.055871099,52.448605992,1.000000000
179,fixed_random_bfs,12763312047,512,18,494,126,2000,1976,0,0.000000000,10881.926500000,10876.055500000,10876.048500000,0.000000000,5.871000000,11742,2.500000000,8.359524028,25.721018068,123.512657147,1.417649951,52.909911125,1.000000000
180,fixed_random_bfs,4463691469,512,32,480,365,2000,1976,1,0.050000000,10881.926500000,10826.192000000,10825.976000000,0.209000000,55.734500000,111469,16.350000000,8.359524028,23.328659227,110.306074849,1.066479838,47.951743278,1.000000000
181,fixed_random_bfs,3740426718,512,22,490,145,2000,1976,5,0.250000000,10881.926500000,10846.316500000,10845.226500000,1.083000000,35.610000000,71220,9.700000000,8.359524028,20.614466930,99.369531202,0.781066357,42.296653505,1.000000000
182,fixed_random_bfs,334351549,512,49,463,1503,2000,1976,2,0.100000000,10881.926500000,10862.582500000,10862.083500000,0.492000000,19.344000000,38688,9.650000000,8.359524028,25.559764626,122.982127601,1.080010590,52.588687073,1.000000000
183,fixed_random_bfs,5480154815,512,28,484,510,2000,1976,1,0.050000000,10881.926500000,10876.961000000,10876.709000000,0.245000000,4.965500000,9931,1.400000000,8.359524028,27.372678621,129.830893701,1.120955566,56.345602938,1.000000000
184,fixed_random_bfs,4380997598,512,39,473,675,2000,1976,6,0.300000000,10881.926500000,10846.969000000,10845.472000000,1.490000000,34.957500000,69915,11.800000000,8.359524028,25.495641485,122.748483651,1.065204255,52.449699900,1.000000000
185,fixed_random_bfs,12638692522,512,35,477,606,2000,1976,1,0.050000000,10881.926500000,10876.311500000,10876.091500000,0.213000000,5.615000000,11230,1.750000000,8.359524028,25.675013250,124.728516703,1.044187839,52.822946909,1.000000000
186,fixed_random_bfs,12776717241,512,39,473,1342,2000,1976,1,0.050000000,10881.926500000,10873.840500000,10873.586000000,0.247500000,8.086000000,16172,3.050000000,8.359524028,30.224936160,147.944976052,1.133137697,62.266106542,1.000000000
187,fixed_random_bfs,2292618090,512,30,482,470,2000,1976,0,0.000000000,10881.926500000,10858.084000000,10858.077000000,0.000000000,23.842500000,47685,9.200000000,8.359524028,23.324827794,112.447277094,1.053892601,47.933306757,1.000000000
188,fixed_random_bfs,1520363691,512,28,484,555,2000,1976,1,0.050000000,10881.926500000,10871.476000000,10871.219000000,0.250000000,10.450500000,20901,3.600000000,8.359524028,27.601953150,134.538954651,1.482031449,56.817615475,1.000000000
189,fixed_random_bfs,13414122103,512,25,487,103,2000,1976,0,0.000000000,10881.926500000,10880.850500000,10880.843500000,0.000000000,1.076000000,2152,1.100000000,8.359524028,20.585194305,100.078888798,1.035165476,42.244089581,1.000000000
190,fixed_random_bfs,7678759766,512,37,475,1158,2000,1976,1,0.050000000,10881.926500000,10875.828000000,10875.575000000,0.246000000,6.098500000,12197,2.250000000,8.359524028,30.227882690,146.237745700,1.138425080,62.268896326,1.000000000
191,fixed_random_bfs,4604361990,512,27,485,136,2000,1976,7,0.350000000,10881.926500000,10830.094500000,10828.995000000,1.092500000,51.832000000,103664,16.950000000,8.359524028,27.839799206,134.804560755,0.803106521,57.258747187,1.000000000
192,fixed_random_bfs,2084091574,512,41,471,667,2000,1976,53,2.650000000,10881.926500000,10787.871500000,10776.297500000,11.567000000,94.055000000,188110,38.100000000,8.359524028,25.474024455,123.085261852,1.053442643,52.398924143,1.000000000
193,fixed_random_bfs,12556413525,512,18,494,199,2000,1976,0,0.000000000,10881.926500000,10867.195500000,10867.188500000,0.000000000,14.731000000,29462,4.850000000,8.359524028,25.670180174,125.711228654,1.411662451,52.822972312,1.000000000
194,fixed_random_bfs,1173497322,512,25,487,237,2000,1976,3,0.150000000,10881.926500000,10876.761500000,10876.517500000,0.237000000,5.165000000,10330,1.650000000,8.359524028,25.550975776,123.380524253,1.415680300,52.566622902,1.000000000
195,fixed_random_bfs,5585575940,512,23,489,194,2000,1976,1,0.050000000,10881.926500000,10856.636500000,10856.398500000,0.231000000,25.290000000,50580,7.800000000,8.359524028,22.542109056,108.654816497,1.406875766,46.300788537,1.000000000
196,fixed_random_bfs,11364764644,512,29,483,315,2000,1976,12,0.600000000,10881.926500000,10851.141500000,10848.473500000,2.661000000,30.785000000,61570,12.250000000,8.359524028,20.934452696,100.536482899,1.050422564,42.945232975,1.000000000
197,fixed_random_bfs,663694616,512,43,469,944,2000,1976,1,0.050000000,10881.926500000,10856.023000000,10856.015000000,0.001000000,25.903500000,51807,8.850000000,8.359524028,25.687761543,123.564088748,1.067627635,52.840466476,1.000000000
198,fixed_random_bfs,6412501106,512,33,479,328,2000,1976,35,1.750000000,10881.926500000,10770.564000000,10763.150500000,7.406500000,111.362500000,222725,42.700000000,8.359524028,25.438501750,122.792593754,1.411098503,52.309105399,1.000000000
199,fixed_random_bfs,5476746043,512,21,491,155,2000,1976,3,0.150000000,10881.926500000,10848.350500000,10848.021000000,0.322500000,33.576000000,67152,10.300000000,8.359524028,25.421960933,123.820384252,1.438789958,52.306847958,1.000000000
200,fixed_random_bfs,1146570420,512,32,480,570,2000,1976,1,0.050000000,10881.926500000,10854.893500000,10854.634500000,0.252000000,27.033000000,54066,8.500000000,8.359524028,20.425904159,97.732292303,1.085398879,41.913729434,1.000000000
201,fixed_random_bfs,5305836816,512,39,473,357,2000,1976,59,2.950000000,10881.926500000,10754.988500000,10744.115500000,10.866000000,126.938000000,253876,47.550000000,8.359524028,25.399979290,124.893165551,1.447846475,52.223733903,1.000000000
202,fixed_random_bfs,1322651089,512,26,486,426,2000,1976,3,0.150000000,10881.926500000,10862.407000000,10861.671000000,0.729000000,19.519500000,39039,5.950000000,8.359524028,20.433693848,98.189824953,0.828840304,41.924445570,1.000000000
203,fixed_random_bfs,12500423892,512,19,493,273,2000,1976,0,0.000000000,10881.926500000,10877.783500000,10877.776500000,0.000000000,4.143000000,8286,1.250000000,8.359524028,26.170782165,124.263554646,1.457671203,53.839530143,1.000000000
204,fixed_random_bfs,1132441774,512,26,486,316,2000,1976,1,0.050000000,10881.926500000,10849.260500000,10849.037500000,0.216000000,32.666000000,65332,12.500000000,8.359524028,21.111293443,102.315388704,1.046867135,43.334209894,1.000000000
205,fixed_random_bfs,13325012925,512,20,492,323,2000,1976,2,0.100000000,10881.926500000,10870.104500000,10869.593500000,0.504000000,11.822000000,23644,4.600000000,8.359524028,26.514947929,124.227781000,1.469002117,54.563704257,1.000000000
206,fixed_random_bfs,1640849907,512,28,484,359,2000,1976,0,0.000000000,10881.926500000,10877.849500000,10877.842500000,0.000000000,4.077000000,8154,1.200000000,8.359524028,25.508242469,125.148692696,1.432434062,52.488863625,1.000000000
207,fixed_random_bfs,90380150,512,30,482,357,2000,1976,64,3.200000000,10881.926500000,10828.737500000,10814.281500000,14.449000000,53.189000000,106378,20.300000000,8.359524028,23.532323401,115.910565652,0.811136937,48.309107882,1.000000000
208,fixed_random_bfs,2069959804,512,46,466,400,2000,1976,13,0.650000000,10881.926500000,10830.544500000,10828.304500000,2.233000000,51.382000000,102764,21.550000000,8.359524028,29.011135671,138.463659247,1.047672403,59.738023728,1.000000000
209,fixed_random_bfs,138194386,512,48,464,534,2000,1976,99,4.950000000,10881.926500000,10741.674500000,10728.025000000,13.642500000,140.252000000,280504,56.600000000,8.359524028,27.106106651,130.515822496,1.473864004,55.681603207,1.000000000
210,fixed_random_bfs,1132441706,512,41,471,666,2000,1976,2,0.100000000,10881.926500000,10847.820000000,10847.363000000,0.450000000,34.106500000,68213,11.350000000,8.359524028,26.447329009,127.556912197,1.505912650,54.407564018,1.000000000
211,fixed_random_bfs,416007742,512,41,471,385,2000,1976,48,2.400000000,10881.926500000,10765.757500000,10756.217500000,9.533000000,116.169000000,232338,52.250000000,8.359524028,25.826892246,125.557201798,1.072354008,53.095645217,1.000000000
212,fixed_random_bfs,549517209,512,30,482,606,2000,1976,2,0.100000000,10881.926500000,10871.467000000,10870.965000000,0.495000000,10.459500000,20919,4.550000000,8.359524028,27.146955155,127.805448197,1.049533722,55.867202149,1.000000000
213,fixed_random_bfs,1142605856,512,19,493,150,2000,1976,33,1.650000000,10881.926500000,10797.950500000,10789.839000000,8.104500000,83.976000000,167952,39.250000000,8.359524028,25.520502567,123.641327600,1.409260596,52.483024387,1.000000000
214,fixed_random_bfs,1518839266,512,33,479,842,2000,1976,1,0.050000000,10881.926500000,10877.519500000,10877.266000000,0.246500000,4.407000000,8814,1.500000000,8.359524028,25.978419560,126.175638697,0.785052037,53.445285185,1.000000000
215,fixed_random_bfs,4722621789,512,30,482,537,2000,1976,0,0.000000000,10881.926500000,10877.626000000,10877.619000000,0.000000000,4.300500000,8601,1.100000000,8.359524028,20.475276064,99.033149649,1.043666940,42.007910761,1.000000000
216,fixed_random_bfs,3241140550,512,45,467,1168,2000,1976,5,0.250000000,10881.926500000,10836.848000000,10835.699000000,1.142000000,45.078500000,90157,16.400000000,8.359524028,25.749479822,124.600683145,1.064975142,52.966791808,1.000000000
217,fixed_random_bfs,9470660049,512,27,485,218,2000,1976,237,11.850000000,10881.926500000,10711.270500000,10678.225000000,33.038500000,170.656000000,341312,58.900000000,8.359524028,23.160871198,115.775495500,1.051793476,47.438214286,1.000000000
218,fixed_random_bfs,12356963034,512,37,475,697,2000,1976,1,0.050000000,10881.926500000,10851.212500000,10851.009500000,0.196000000,30.714000000,61428,12.750000000,8.359524028,25.680605187,123.922084201,1.143481451,52.836686192,1.000000000
219,fixed_random_bfs,2249891220,512,23,489,382,2000,1976,0,0.000000000,10881.926500000,10878.168000000,10878.161000000,0.000000000,3.758500000,7517,1.550000000,8.359524028,26.731958415,128.577273447,1.418391540,55.006027538,1.000000000
220,fixed_random_bfs,430284809,512,38,474,505,2000,1976,10,0.500000000,10881.926500000,10819.969500000,10817.701500000,2.261000000,61.957000000,123914,25.350000000,8.359524028,23.984411828,117.067264603,1.086630669,49.286989553,1.000000000
221,fixed_random_bfs,4695525107,512,43,469,419,2000,1976,82,4.100000000,10881.926500000,10760.878000000,10753.011500000,7.859500000,121.048500000,242097,43.800000000,8.359524028,20.625001718,100.357633801,0.783826035,42.274389587,1.000000000
222,fixed_random_bfs,1382334098,512,18,494,168,2000,1976,0,0.000000000,10881.926500000,10875.649500000,10875.642500000,0.000000000,6.277000000,12554,1.750000000,8.359524028,29.765641614,142.301249051,1.055912508,61.308174274,1.000000000
223,fixed_random_bfs,292621928,512,24,488,194,2000,1976,0,0.000000000,10881.926500000,10875.015500000,10875.008500000,0.000000000,6.911000000,13822,2.150000000,8.359524028,25.847442793,125.917012002,1.057875102,53.177463545,1.000000000
224,fixed_random_bfs,2234754150,512,22,490,99,2000,1976,5,0.250000000,10881.926500000,10823.248000000,10822.259000000,0.982000000,58.678500000,117357,20.350000000,8.359524028,25.808841351,124.555905649,1.444038069,53.090305807,1.000000000
225,fixed_random_bfs,3740426766,512,18,494,98,2000,1976,8,0.400000000,10881.926500000,10842.531000000,10841.627000000,0.897000000,39.395500000,78791,17.550000000,8.359524028,26.521645885,129.607268748,1.095456557,54.509573594,1.000000000
226,fixed_random_bfs,1436987832,512,34,478,735,2000,1976,1,0.050000000,10881.926500000,10852.583500000,10852.337000000,0.239500000,29.343000000,58686,7.050000000,8.359524028,21.444161523,104.795900495,0.791864950,44.016801619,1.000000000
227,fixed_random_bfs,8404931953,512,31,481,202,2000,1976,24,1.200000000,10881.926500000,10775.572000000,10773.156000000,2.409000000,106.354500000,212709,32.400000000,8.359524028,28.679507499,142.320529252,1.508458860,59.033552647,1.000000000
228,fixed_random_bfs,8934385544,512,25,487,465,2000,1976,0,0.000000000,10881.926500000,10864.670500000,10864.663500000,0.000000000,17.256000000,34512,5.350000000,8.359524028,20.611106023,99.522571549,0.808724999,42.285587429,1.000000000
229,fixed_random_bfs,11231050475,512,36,476,349,2000,1976,84,4.200000000,10881.926500000,10754.112000000,10746.924500000,7.180500000,127.814500000,255629,48.250000000,8.359524028,26.231954355,124.863055551,1.428356473,53.939118144,1.000000000
230,fixed_random_bfs,12459721417,512,25,487,196,2000,1976,4,0.200000000,10881.926500000,10871.809000000,10871.208500000,0.593500000,10.117500000,20235,4.200000000,8.359524028,25.743204172,126.185408849,1.062528931,52.951204500,1.000000000
231,fixed_random_bfs,13392871940,512,26,486,465,2000,1976,0,0.000000000,10881.926500000,10877.339000000,10877.332000000,0.000000000,4.587500000,9175,1.250000000,8.359524028,26.372736501,122.686532850,1.478712043,54.261608433,1.000000000
232,fixed_random_bfs,4751793237,512,36,476,367,2000,1976,39,1.950000000,10881.926500000,10817.085000000,10812.234000000,4.844000000,64.841500000,129683,23.250000000,8.359524028,24.970490987,117.377102646,1.438411378,51.332469518,1.000000000
233,fixed_random_bfs,8376102990,512,24,488,314,2000,1976,17,0.850000000,10881.926500000,10807.744500000,10804.318000000,3.419500000,74.182000000,148364,25.800000000,8.359524028,25.319589668,123.580167551,1.425003774,52.079252691,1.000000000
234,fixed_random_bfs,279907320,512,26,486,199,2000,1976,3,0.150000000,10881.926500000,10857.609500000,10857.093000000,0.509500000,24.317000000,48634,6.750000000,8.359524028,22.505800991,109.993842255,1.471224197,46.222694416,1.000000000
235,fixed_random_bfs,1148228194,512,29,483,410,2000,1976,1,0.050000000,10881.926500000,10870.151000000,10869.897000000,0.247000000,11.775500000,23551,5.450000000,8.359524028,25.254784041,121.811757897,1.409502262,51.965106991,1.000000000
236,fixed_random_bfs,9654063954,512,26,486,650,2000,1976,0,0.000000000,10881.926500000,10878.323500000,10878.316500000,0.000000000,3.603000000,7206,1.550000000,8.359524028,22.625627811,110.237904203,0.805708622,46.487574875,1.000000000
237,fixed_random_bfs,3740426594,512,22,490,154,2000,1976,9,0.450000000,10881.926500000,10842.713000000,10841.761000000,0.945000000,39.213500000,78427,17.650000000,8.359524028,20.380900745,98.385742250,1.037362734,41.812167355,1.000000000
238,fixed_random_bfs,1143318691,512,29,483,402,2000,1976,6,0.300000000,10881.926500000,10854.307500000,10853.085500000,1.215000000,27.619000000,55238,8.600000000,8.359524028,24.882556398,119.119082446,1.102979054,51.171594148,1.000000000
239,fixed_random_bfs,12040748775,512,32,480,515,2000,1976,1,0.050000000,10881.926500000,10876.718500000,10876.477500000,0.234000000,5.208000000,10416,1.400000000,8.359524028,27.192357235,129.890898652,1.457666453,55.978413216,1.000000000
240,fixed_random_bfs,292622775,512,19,493,126,2000,1976,2,0.100000000,10881.926500000,10868.579000000,10868.164000000,0.408000000,13.347500000,26695,5.200000000,8.359524028,25.294658640,122.443987900,1.419265313,52.038151575,1.000000000
241,fixed_random_bfs,13031943608,512,27,485,556,2000,1976,1,0.050000000,10881.926500000,10877.152000000,10876.893500000,0.251500000,4.774500000,9549,1.500000000,8.359524028,24.405114674,117.664510704,1.113843054,50.169453366,1.000000000
242,fixed_random_bfs,4488861353,512,39,473,1482,2000,1976,0,0.000000000,10881.926500000,10869.569500000,10869.562500000,0.000000000,12.357000000,24714,5.250000000,8.359524028,25.578721040,126.048150057,1.044060482,52.634318861,1.000000000
243,fixed_random_bfs,1327650368,512,31,481,732,2000,1976,2,0.100000000,10881.926500000,10878.949500000,10878.445500000,0.497000000,2.977000000,5954,1.250000000,8.359524028,26.145568458,127.152950845,1.407684677,53.758997242,1.000000000
244,fixed_random_bfs,5971114318,512,15,497,135,2000,1976,5,0.250000000,10881.926500000,10846.895500000,10845.632000000,1.256500000,35.031000000,70062,14.350000000,8.359524028,29.970282612,144.170662250,1.125674031,61.728093051,1.000000000
245,fixed_random_bfs,5478669783,512,18,494,173,2000,1976,5,0.250000000,10881.926500000,10848.624000000,10847.382000000,1.235000000,33.302500000,66605,13.350000000,8.359524028,25.478567330,123.550027904,1.385658236,52.409145782,1.000000000
246,fixed_random_bfs,6859300085,512,29,483,486,2000,1976,1,0.050000000,10881.926500000,10871.738000000,10871.484000000,0.247000000,10.188500000,20377,4.200000000,8.359524028,25.464110903,123.566225695,1.029323021,52.388485671,1.000000000
247,fixed_random_bfs,4183662309,512,23,489,221,2000,1976,9,0.450000000,10881.926500000,10802.980500000,10801.074000000,1.899500000,78.946000000,157892,36.250000000,8.359524028,26.857910047,128.393721451,0.768158484,55.270884331,1.000000000
248,fixed_random_bfs,9865208383,512,30,482,518,2000,1976,1,0.050000000,10881.926500000,10860.110000000,10859.853500000,0.249500000,21.816500000,43633,6.450000000,8.359524028,26.358980159,126.930618300,1.090206664,54.240911909,1.000000000
249,fixed_random_bfs,122528349,512,27,485,334,2000,1976,73,3.650000000,10881.926500000,10829.779000000,10813.168000000,16.604000000,52.147500000,104295,18.450000000,8.359524028,25.589485054,124.836707902,1.035498165,52.589247354,1.000000000
250,fixed_random_bfs,4452315803,512,42,470,1007,2000,1976,15,0.750000000,10881.926500000,10812.170500000,10808.699000000,3.464500000,69.756000000,139512,25.150000000,8.359524028,20.415220504,97.340452646,0.789122251,41.879264149,1.000000000
251,fixed_random_bfs,1328041456,512,32,480,479,2000,1976,0,0.000000000,10881.926500000,10858.774500000,10858.767500000,0.000000000,23.152000000,46304,6.100000000,8.359524028,28.770544759,138.027629053,0.767389532,59.241667652,1.000000000
252,fixed_random_bfs,12049398816,512,34,478,712,2000,1976,1,0.050000000,10881.926500000,10876.407000000,10876.164500000,0.235500000,5.519500000,11039,1.450000000,8.359524028,20.763512332,99.418769948,1.044642407,42.596737799,1.000000000
253,fixed_random_bfs,4749945172,512,39,473,303,2000,1976,46,2.300000000,10881.926500000,10750.152000000,10745.583000000,4.562000000,131.774500000,263549,46.500000000,8.359524028,25.495614892,123.765428750,1.031500694,52.427935508,1.000000000
254,fixed_random_bfs,474797448,512,49,463,688,2000,1976,76,3.800000000,10881.926500000,10763.814500000,10748.608000000,15.199500000,118.112000000,236224,51.150000000,8.359524028,23.875030664,112.971421003,0.780081906,49.058246447,1.000000000
255,fixed_random_bfs,295232565,512,30,482,339,2000,1976,2,0.100000000,10881.926500000,10877.460500000,10877.009500000,0.444000000,4.466000000,8932,1.500000000,8.359524028,25.694847809,125.103885447,1.054370967,52.869995444,1.000000000
256,fixed_random_bfs,432578860,512,31,481,314,2000,1976,51,2.550000000,10881.926500000,10798.360000000,10787.154500000,11.198500000,83.566500000,167133,32.450000000,8.359524028,20.632464522,101.167267704,1.073848923,42.308083110,1.000000000
257,fixed_random_bfs,4561991363,512,46,466,1488,2000,1976,3,0.150000000,10881.926500000,10861.588500000,10860.843500000,0.738000000,20.338000000,40676,7.850000000,8.359524028,30.357512408,145.689910102,1.151082843,62.523541218,1.000000000
258,fixed_random_bfs,4763677950,512,24,488,281,2000,1976,4,0.200000000,10881.926500000,10857.723000000,10856.784000000,0.932000000,24.203500000,48407,6.950000000,8.359524028,25.694373452,123.844293198,1.414499051,52.860776403,1.000000000
259,fixed_random_bfs,12488285230,512,28,484,411,2000,1976,0,0.000000000,10881.926500000,10875.993500000,10875.986500000,0.000000000,5.933000000,11866,2.250000000,8.359524028,27.455517596,132.061762504,0.872757235,56.515656094,1.000000000
260,fixed_random_bfs,3092784191,512,46,466,379,2000,1976,9,0.450000000,10881.926500000,10813.004000000,10812.592500000,0.404500000,68.922500000,137845,41.150000000,8.359524028,25.750261225,124.570651002,1.095953982,52.962081951,1.000000000
261,fixed_random_bfs,1549671659,512,33,479,789,2000,1976,2,0.100000000,10881.926500000,10876.428000000,10875.950000000,0.471000000,5.498500000,10997,1.750000000,8.359524028,20.558779665,99.696176802,1.089210960,42.177244751,1.000000000
262,fixed_random_bfs,1674428808,512,38,474,258,2000,1976,3,0.150000000,10881.926500000,10851.016500000,10850.773000000,0.236500000,30.910000000,61820,10.600000000,8.359524028,27.475460993,130.802361499,1.406573182,56.552301246,1.000000000
263,fixed_random_bfs,1147307037,512,37,475,614,2000,1976,3,0.150000000,10881.926500000,10854.986500000,10854.285000000,0.694500000,26.940000000,53880,8.800000000,8.359524028,20.621909212,100.161459153,0.787250122,42.304391879,1.000000000
264,fixed_random_bfs,492712200,512,32,480,263,2000,1976,3,0.150000000,10881.926500000,10846.093000000,10845.604000000,0.482000000,35.833500000,71667,14.150000000,8.359524028,26.192452424,125.621117249,1.546861628,53.895422466,1.000000000
265,fixed_random_bfs,4103936121,512,49,463,1731,2000,1976,2,0.100000000,10881.926500000,10862.697000000,10862.206000000,0.484000000,19.229500000,38459,7.500000000,8.359524028,21.594603451,106.029884402,1.589729014,44.331955682,1.000000000
266,fixed_random_bfs,11901884763,512,47,465,259,2000,1976,1,0.050000000,10881.926500000,10850.218500000,10850.177500000,0.034000000,31.708000000,63416,12.050000000,8.359524028,25.617760383,125.021286298,1.487280203,52.707675957,1.000000000
267,fixed_random_bfs,1438730061,512,14,498,92,2000,1976,1,0.050000000,10881.926500000,10871.188000000,10871.181000000,0.000000000,10.738500000,21477,5.250000000,8.359524028,25.564771399,124.760846349,1.448461787,52.602115574,1.000000000
268,fixed_random_bfs,7900232342,512,33,479,329,2000,1976,4,0.200000000,10881.926500000,10871.410500000,10870.539500000,0.864000000,10.516000000,21032,3.350000000,8.359524028,25.661647643,122.891255300,1.435402859,52.782891871,1.000000000
269,fixed_random_bfs,3714381723,512,15,497,25,2000,1976,2,0.100000000,10881.926500000,10873.067500000,10872.793000000,0.267500000,8.859000000,17718,10.300000000,8.359524028,30.352749593,146.258151103,1.463737854,62.517462422,1.000000000
270,fixed_random_bfs,1143317821,512,34,478,328,2000,1976,36,1.800000000,10881.926500000,10790.576000000,10784.163500000,6.405500000,91.350500000,182701,35.950000000,8.359524028,20.522622598,98.483587900,0.790659871,42.082663933,1.000000000
271,fixed_random_bfs,2099832390,512,17,495,101,2000,1976,0,0.000000000,10881.926500000,10866.341500000,10866.334500000,0.000000000,15.585000000,31170,6.250000000,8.359524028,25.639714349,123.779427899,1.418185223,52.756632570,1.000000000
272,fixed_random_bfs,9043542390,512,33,479,308,2000,1976,27,1.350000000,10881.926500000,10752.021000000,10747.394000000,4.620000000,129.905500000,259811,44.800000000,8.359524028,25.460862468,123.823439203,1.422919801,52.370754843,1.000000000
273,fixed_random_bfs,13335866612,512,33,479,733,2000,1976,2,0.100000000,10881.926500000,10875.908500000,10875.413500000,0.488000000,6.018000000,12036,1.700000000,8.359524028,20.607286512,100.997700202,0.785595782,42.275282985,1.000000000
274,fixed_random_bfs,1874361203,512,21,491,64,2000,1976,2,0.100000000,10881.926500000,10861.980500000,10861.626500000,0.347000000,19.946000000,39892,5.800000000,8.359524028,25.961865314,125.856950196,1.081101090,53.404973188,1.000000000
275,fixed_random_bfs,1198969862,512,37,475,661,2000,1976,1,0.050000000,10881.926500000,10863.950000000,10863.699500000,0.243500000,17.976500000,35953,7.050000000,8.359524028,26.635062490,127.473247498,1.085277802,54.799518231,1.000000000
276,fixed_random_bfs,4492974926,512,25,487,442,2000,1976,0,0.000000000,10881.926500000,10849.655000000,10849.648000000,0.000000000,32.271500000,64543,11.500000000,8.359524028,30.302280150,145.398101946,1.553840545,62.418075342,1.000000000
277,fixed_random_bfs,1325748213,512,29,483,730,2000,1976,1,0.050000000,10881.926500000,10877.236500000,10876.973500000,0.256000000,4.690000000,9380,1.300000000,8.359524028,25.726382866,124.353428247,1.466960036,52.924187098,1.000000000
278,fixed_random_bfs,7430153074,512,22,490,96,2000,1976,15,0.750000000,10881.926500000,10851.493500000,10849.494000000,1.992500000,30.433000000,60866,9.500000000,8.359524028,21.339799259,102.746413053,0.821698571,43.777169152,1.000000000
279,fixed_random_bfs,9311844836,512,21,491,381,2000,1976,1,0.050000000,10881.926500000,10876.555000000,10876.292500000,0.255500000,5.371500000,10743,2.200000000,8.359524028,30.448385841,149.051975645,1.484052802,62.716409889,1.000000000
280,fixed_random_bfs,1904460117,512,37,475,650,2000,1976,3,0.150000000,10881.926500000,10869.494000000,10868.846500000,0.640500000,12.432500000,24865,5.100000000,8.359524028,20.742077188,101.482024050,1.058970480,42.551675167,1.000000000
281,fixed_random_bfs,3389563090,512,31,481,270,2000,1976,0,0.000000000,10881.926500000,10851.906000000,10851.899000000,0.000000000,30.020500000,60041,10.600000000,8.359524028,25.680063113,125.295112696,1.120053104,52.823267863,1.000000000
282,fixed_random_bfs,3677979900,512,15,497,62,2000,1976,0,0.000000000,10881.926500000,10863.837000000,10863.830000000,0.000000000,18.089500000,36179,5.650000000,8.359524028,25.631239060,125.110024896,1.084129298,52.726457892,1.000000000
283,fixed_random_bfs,5221452643,512,37,475,1094,2000,1976,2,0.100000000,10881.926500000,10875.902500000,10875.399000000,0.496500000,6.024000000,12048,2.400000000,8.359524028,25.696724909,125.105970000,1.117591083,52.861448791,1.000000000
284,fixed_random_bfs,10006220256,512,31,481,560,2000,1976,0,0.000000000,10881.926500000,10880.077000000,10880.070000000,0.000000000,1.849500000,3699,0.550000000,8.359524028,25.638441499,124.318103802,1.068575798,52.754878152,1.000000000
285,fixed_random_bfs,12051483812,512,33,479,657,2000,1976,1,0.050000000,10881.926500000,10867.636500000,10867.393000000,0.236500000,14.290000000,28580,5.850000000,8.359524028,20.907463272,100.634582701,1.051781662,42.902026053,1.000000000
286,fixed_random_bfs,1866964756,512,47,465,1109,2000,1976,2,0.100000000,10881.926500000,10852.152000000,10851.706000000,0.439000000,29.774500000,59549,10.600000000,8.359524028,30.302372773,146.402554701,1.129749662,62.423505660,1.000000000
287,fixed_random_bfs,111503632,512,30,482,345,2000,1976,31,1.550000000,10881.926500000,10841.140500000,10835.495500000,5.638000000,40.786000000,81572,21.300000000,8.359524028,21.209299697,99.919553248,1.048088177,43.511735802,1.000000000
288,fixed_random_bfs,1398201412,512,20,492,48,2000,1976,0,0.000000000,10881.926500000,10858.864000000,10858.857000000,0.000000000,23.062500000,46125,6.100000000,8.359524028,22.843309113,113.023925255,1.061097569,46.922878885,1.000000000
289,fixed_random_bfs,705402155,512,33,479,336,2000,1976,3,0.150000000,10881.926500000,10863.339500000,10862.817000000,0.515500000,18.587000000,37174,10.350000000,8.359524028,25.756815842,124.316162202,1.054316531,52.983093366,1.000000000
290,fixed_random_bfs,335560378,512,39,473,390,2000,1976,165,8.250000000,10881.926500000,10735.725000000,10705.084000000,30.634000000,146.201500000,292403,57.350000000,8.359524028,26.726301058,130.384132151,1.096649087,54.897866171,1.000000000
291,fixed_random_bfs,422548097,512,40,472,121,2000,1976,7,0.350000000,10881.926500000,10801.960000000,10801.402000000,0.551000000,79.966500000,159933,40.150000000,8.359524028,22.541825055,109.188749649,1.417800717,46.298814428,1.000000000
292,fixed_random_bfs,1520431688,512,24,488,223,2000,1976,0,0.000000000,10881.926500000,10873.038500000,10873.031500000,0.000000000,8.888000000,17776,3.750000000,8.359524028,25.030448029,121.161193601,1.086286800,51.478302875,1.000000000
293,fixed_random_bfs,4028808921,512,21,491,53,2000,1976,2,0.100000000,10881.926500000,10860.487000000,10860.291000000,0.189000000,21.439500000,42879,6.250000000,8.359524028,23.067099873,110.264884899,0.796327774,47.377335953,1.000000000
294,fixed_random_bfs,11364765792,512,36,476,129,2000,1976,13,0.650000000,10881.926500000,10829.138000000,10828.562500000,0.568500000,52.788500000,105577,44.950000000,8.359524028,25.732451505,123.502393846,1.044405491,52.928030623,1.000000000
295,fixed_random_bfs,444058664,512,28,484,512,2000,1976,5,0.250000000,10881.926500000,10857.067000000,10855.839500000,1.220500000,24.859500000,49719,8.600000000,8.359524028,25.673940650,126.105395101,1.546832659,52.811951947,1.000000000
296,fixed_random_bfs,277536063,512,20,492,259,2000,1976,0,0.000000000,10881.926500000,10878.464000000,10878.457000000,0.000000000,3.462500000,6925,3.050000000,8.359524028,25.665677924,125.252963553,1.492630820,52.812289464,1.000000000
297,fixed_random_bfs,9007500747,512,35,477,544,2000,1976,1,0.050000000,10881.926500000,10860.464500000,10860.225500000,0.232000000,21.462000000,42924,7.500000000,8.359524028,28.561595678,135.722466848,1.502480480,58.819021166,1.000000000
298,fixed_random_bfs,1324735565,512,34,478,944,2000,1976,0,0.000000000,10881.926500000,10881.170500000,10881.163500000,0.000000000,0.756000000,1512,0.800000000,8.359524028,27.068225176,129.044280650,1.183217962,55.707479330,1.000000000
299,fixed_random_bfs,444058678,512,31,481,707,2000,1976,0,0.000000000,10881.926500000,10842.688500000,10842.681500000,0.000000000,39.238000000,78476,11.550000000,8.359524028,26.071070623,130.529352903,1.152161524,53.607635935,1.000000000
300,fixed_random_bfs,12456240950,512,39,473,212,2000,1976,405,20.250000000,10881.926500000,10711.803000000,10663.580500000,48.215500000,170.123500000,340247,65.300000000,8.359524028,27.539671567,132.340408549,0.864630448,56.386479947,1.000000000
301,fixed_random_bfs,13404320173,512,23,489,254,2000,1976,0,0.000000000,10881.926500000,10874.230500000,10874.223500000,0.000000000,7.696000000,15392,2.250000000,8.359524028,22.987395799,112.622622250,1.419499444,47.220504972,1.000000000
302,fixed_random_bfs,12673046097,512,28,484,702,2000,1976,3,0.150000000,10881.926500000,10875.871500000,10875.096500000,0.768000000,6.055000000,12110,2.100000000,8.359524028,20.545366300,98.217079804,0.810429514,42.144068839,1.000000000
303,fixed_random_bfs,12051595428,512,37,475,794,2000,1976,1,0.050000000,10881.926500000,10857.010500000,10856.997500000,0.006000000,24.916000000,49832,7.900000000,8.359524028,26.275094522,129.285751651,1.124992176,54.059071969,1.000000000
304,fixed_random_bfs,1561603666,512,36,476,628,2000,1976,42,2.100000000,10881.926500000,10816.409000000,10807.402500000,8.999500000,65.517500000,131035,30.900000000,8.359524028,24.866944977,122.429821296,1.513558997,51.129181983,1.000000000
305,fixed_random_bfs,12386675076,512,30,482,536,2000,1976,2,0.100000000,10881.926500000,10877.875500000,10877.380500000,0.488000000,4.051000000,8102,1.450000000,8.359524028,25.594523249,125.294719998,1.446993111,52.652473693,1.000000000
306,fixed_random_bfs,5291944038,512,24,488,171,2000,1976,7,0.350000000,10881.926500000,10831.046500000,10829.563000000,1.476500000,50.880000000,101760,18.700000000,8.359524028,25.423384454,122.271548902,1.062119595,52.303836349,1.000000000
307,fixed_random_bfs,6535772151,512,27,485,333,2000,1976,3,0.150000000,10881.926500000,10834.389000000,10833.709500000,0.672500000,47.537500000,95075,15.700000000,8.359524028,24.044291077,115.839041053,1.490068585,49.426069101,1.000000000
308,fixed_random_bfs,13414113694,512,21,491,58,2000,1976,0,0.000000000,10881.926500000,10874.632500000,10874.625500000,0.000000000,7.294000000,14588,5.100000000,8.359524028,20.566144630,98.590495651,0.774627520,42.183581091,1.000000000
309,fixed_random_bfs,12811273501,512,27,485,510,2000,1976,0,0.000000000,10881.926500000,10861.753500000,10861.746500000,0.000000000,20.173000000,40346,6.000000000,8.359524028,25.717469865,123.803554352,1.070674983,52.905494859,1.000000000
310,fixed_random_bfs,534476383,512,49,463,687,2000,1976,30,1.500000000,10881.926500000,10756.355000000,10751.087500000,5.260500000,125.571500000,251143,48.350000000,8.359524028,25.556257226,125.324767855,1.432934937,52.554759139,1.000000000
311,fixed_random_bfs,1324733827,512,29,483,730,2000,1976,1,0.050000000,10881.926500000,10881.646000000,10881.385000000,0.254000000,0.280500000,561,0.150000000,8.359524028,25.554713069,125.577489550,1.069139816,52.580239307,1.000000000
312,fixed_random_bfs,3098121121,512,40,472,354,2000,1976,9,0.450000000,10881.926500000,10847.279500000,10846.381500000,0.891000000,34.647000000,69294,11.350000000,8.359524028,25.494666852,123.791747801,1.060657604,52.447502924,1.000000000
313,fixed_random_bfs,8958198523,512,24,488,276,2000,1976,5,0.250000000,10881.926500000,10798.409000000,10797.293000000,1.109000000,83.517500000,167035,24.850000000,8.359524028,20.362862822,97.820685355,1.137049672,41.772604892,1.000000000
314,fixed_random_bfs,12051483841,512,27,485,488,2000,1976,1,0.050000000,10881.926500000,10868.666500000,10868.413500000,0.246000000,13.260000000,26520,5.450000000,8.359524028,26.013625513,127.611111796,0.870102587,53.510464765,1.000000000
315,fixed_random_bfs,1520374841,512,23,489,278,2000,1976,1,0.050000000,10881.926500000,10877.564500000,10877.315500000,0.242000000,4.362000000,8724,1.600000000,8.359524028,28.907385372,135.273179705,1.466253112,59.491119000,1.000000000
316,fixed_random_bfs,1322673984,512,29,483,490,2000,1976,2,0.100000000,10881.926500000,10861.491500000,10861.472000000,0.012500000,20.435000000,40870,5.650000000,8.359524028,30.134144651,147.975038150,1.513780070,62.073449028,1.000000000
317,fixed_random_bfs,1295426932,512,32,480,432,2000,1976,0,0.000000000,10881.926500000,10850.692000000,10850.685000000,0.000000000,31.234500000,62469,9.450000000,8.359524028,25.960872929,124.902364804,1.504583637,53.416237036,1.000000000
318,fixed_random_bfs,62890972,512,38,474,618,2000,1976,0,0.000000000,10881.926500000,10855.608000000,10855.601000000,0.000000000,26.318500000,52637,8.450000000,8.359524028,30.243304850,145.170479006,1.158283172,62.298895882,1.000000000
319,fixed_random_bfs,9920608214,512,21,491,165,2000,1976,1,0.050000000,10881.926500000,10857.579000000,10857.384000000,0.188000000,24.347500000,48695,5.650000000,8.359524028,20.435263590,97.956765696,1.114451286,41.922322651,1.000000000
320,fixed_random_bfs,1322625918,512,21,491,362,2000,1976,1,0.050000000,10881.926500000,10869.348500000,10869.087000000,0.254500000,12.578000000,25156,4.500000000,8.359524028,20.374161457,97.876536754,1.074026695,41.803525759,1.000000000
321,fixed_random_bfs,13012333814,512,30,482,260,2000,1976,4,0.200000000,10881.926500000,10843.421000000,10842.604000000,0.810000000,38.505500000,77011,18.100000000,8.359524028,20.922132878,101.733232801,0.790665841,42.948881468,1.000000000
322,fixed_random_bfs,1328039949,512,31,481,426,2000,1976,2,0.100000000,10881.926500000,10876.090000000,10875.612000000,0.471000000,5.836500000,11673,4.600000000,8.359524028,25.612294980,124.959199300,1.075039520,52.692533196,1.000000000
323,fixed_random_bfs,10704407724,512,23,489,205,2000,1976,1,0.050000000,10881.926500000,10866.104500000,10865.872000000,0.225500000,15.822000000,31644,6.250000000,8.359524028,25.300370702,122.907947903,1.092444172,52.038822436,1.000000000
324,fixed_random_bfs,1132441934,512,43,469,1069,2000,1976,2,0.100000000,10881.926500000,10853.709000000,10853.250000000,0.452000000,28.217500000,56435,10.300000000,8.359524028,25.559835834,122.149943499,1.433872254,52.582846067,1.000000000
325,fixed_random_bfs,432874403,512,31,481,543,2000,1976,5,0.250000000,10881.926500000,10827.556500000,10826.339000000,1.210500000,54.370000000,108740,17.450000000,8.359524028,25.873785467,124.896430801,1.441058538,53.224920431,1.000000000
326,fixed_random_bfs,12055134941,512,24,488,150,2000,1976,1,0.050000000,10881.926500000,10871.107000000,10870.877500000,0.222500000,10.819500000,21639,4.300000000,8.359524028,25.769200056,125.436137300,1.074736323,53.007472118,1.000000000
327,fixed_random_bfs,5277793605,512,22,490,251,2000,1976,22,1.100000000,10881.926500000,10809.480000000,10804.584500000,4.888500000,72.446500000,144893,26.900000000,8.359524028,20.491130402,97.178862348,0.793880144,42.023601505,1.000000000
328,fixed_random_bfs,279907485,512,23,489,85,2000,1976,3,0.150000000,10881.926500000,10858.864000000,10858.552500000,0.304500000,23.062500000,46125,7.250000000,8.359524028,25.599405736,124.076849401,1.451375339,52.664597060,1.000000000
329,fixed_random_bfs,11470160441,512,32,480,151,2000,1976,2,0.100000000,10881.926500000,10859.772000000,10859.624500000,0.140500000,22.154500000,44309,7.250000000,8.359524028,25.747590925,124.433356802,1.436846213,52.966255160,1.000000000
330,fixed_random_bfs,1640849736,512,31,481,445,2000,1976,0,0.000000000,10881.926500000,10878.057000000,10878.050000000,0.000000000,3.869500000,7739,1.000000000,8.359524028,24.673381819,122.638689494,1.479051135,50.726993030,1.000000000
331,fixed_random_bfs,1148228632,512,32,480,844,2000,1976,1,0.050000000,10881.926500000,10872.441500000,10872.182500000,0.252000000,9.485000000,18970,3.950000000,8.359524028,25.770326072,124.686802105,1.052724655,53.018723319,1.000000000
332,fixed_random_bfs,8274134963,512,26,486,368,2000,1976,31,1.550000000,10881.926500000,10823.056000000,10815.426000000,7.623000000,58.870500000,117741,20.950000000,8.359524028,28.007699504,136.105874753,1.077381808,57.612231204,1.000000000
333,fixed_random_bfs,1322703518,512,23,489,328,2000,1976,1,0.050000000,10881.926500000,10863.528000000,10863.272000000,0.249000000,18.398500000,36797,5.350000000,8.359524028,21.803704998,104.937435453,1.133869187,44.682294241,1.000000000
334,fixed_random_bfs,1148227984,512,31,481,593,2000,1976,1,0.050000000,10881.926500000,10871.186500000,10870.929500000,0.250000000,10.740000000,21480,4.500000000,8.359524028,30.451032373,145.345850498,1.135783928,62.726942593,1.000000000
335,fixed_random_bfs,1328045023,512,31,481,790,2000,1976,0,0.000000000,10881.926500000,10876.140500000,10876.133500000,0.000000000,5.786000000,11572,2.650000000,8.359524028,30.473226228,147.724251905,1.529619682,62.773667132,1.000000000
336,fixed_random_bfs,1323004998,512,24,488,334,2000,1976,0,0.000000000,10881.926500000,10874.809500000,10874.802500000,0.000000000,7.117000000,14234,3.500000000,8.359524028,22.337532595,106.289087301,0.814122014,45.879207555,1.000000000
337,fixed_random_bfs,4501342445,512,36,476,653,2000,1976,1,0.050000000,10881.926500000,10830.731000000,10830.481000000,0.243000000,51.195500000,102391,14.950000000,8.359524028,27.317726681,129.204689550,1.495616843,56.207410048,1.000000000
338,fixed_random_bfs,4526688744,512,42,470,561,2000,1976,84,4.200000000,10881.926500000,10757.605000000,10739.851500000,17.746500000,124.321500000,248643,52.300000000,8.359524028,21.028051412,100.510112397,1.102115571,43.132592888,1.000000000
339,fixed_random_bfs,3736054911,512,20,492,74,2000,1976,7,0.350000000,10881.926500000,10851.592000000,10850.328000000,1.257000000,30.334500000,60669,12.100000000,8.359524028,25.685876215,123.805701947,1.451373131,52.844253094,1.000000000
340,fixed_random_bfs,4757473093,512,14,498,182,2000,1976,0,0.000000000,10881.926500000,10880.853500000,10880.846500000,0.000000000,1.073000000,2146,0.650000000,8.359524028,25.882122543,124.850037247,1.069610186,53.247498730,1.000000000
341,fixed_random_bfs,1183683996,512,30,482,629,2000,1976,0,0.000000000,10881.926500000,10877.690000000,10877.683000000,0.000000000,4.236500000,8473,1.000000000,8.359524028,20.908081561,100.837354298,1.067346706,42.906654611,1.000000000
342,fixed_random_bfs,12738892292,512,34,478,633,2000,1976,1,0.050000000,10881.926500000,10877.495000000,10877.248000000,0.240000000,4.431500000,8863,1.550000000,8.359524028,26.077823212,127.884034203,1.069422376,53.657077613,1.000000000
343,fixed_random_bfs,1586188069,512,41,471,1164,2000,1976,4,0.200000000,10881.926500000,10872.904000000,10871.900000000,0.997000000,9.022500000,18045,3.000000000,8.359524028,26.039130571,126.880089247,1.461300981,53.547500092,1.000000000
344,fixed_random_bfs,1322955453,512,28,484,457,2000,1976,0,0.000000000,10881.926500000,10861.212500000,10861.205500000,0.000000000,20.714000000,41428,6.150000000,8.359524028,25.907338568,127.637800599,1.060638695,53.284875283,1.000000000
345,fixed_random_bfs,5291836415,512,32,480,270,2000,1976,65,3.250000000,10881.926500000,10767.569000000,10753.600500000,13.961500000,114.357500000,228715,49.350000000,8.359524028,25.951004070,123.989038004,1.056271334,53.368459641,1.000000000
346,fixed_random_bfs,4464130481,512,44,468,436,2000,1976,54,2.700000000,10881.926500000,10782.795500000,10773.713500000,9.075000000,99.131000000,198262,36.550000000,8.359524028,24.508529849,119.938862498,1.088811865,50.373288247,1.000000000
347,fixed_random_bfs,10832272086,512,32,480,239,2000,1976,10,0.500000000,10881.926500000,10841.932500000,10840.232000000,1.693500000,39.994000000,79988,14.550000000,8.359524028,29.230437652,143.657855700,1.465486212,60.132500038,1.000000000
348,fixed_random_bfs,5337811386,512,39,473,554,2000,1976,28,1.400000000,10881.926500000,10827.746000000,10822.736000000,5.003000000,54.180500000,108361,25.600000000,8.359524028,23.356341051,109.673738000,1.430721454,47.986054990,1.000000000
349,fixed_random_bfs,8445784733,512,27,485,169,2000,1976,3,0.150000000,10881.926500000,10848.166500000,10847.534000000,0.625500000,33.760000000,67520,12.900000000,8.359524028,23.492965027,113.245562699,1.057377232,48.271955943,1.000000000
350,fixed_random_bfs,4501342485,512,24,488,552,2000,1976,0,0.000000000,10881.926500000,10860.265500000,10860.258500000,0.000000000,21.661000000,43322,10.050000000,8.359524028,22.390166587,106.699198651,1.079738246,45.976601683,1.000000000
351,fixed_random_bfs,4495041707,512,39,473,860,2000,1976,2,0.100000000,10881.926500000,10856.413000000,10855.975000000,0.431000000,25.513500000,51027,10.200000000,8.359524028,28.225756949,136.528659147,1.137945201,58.127773884,1.000000000
352,fixed_random_bfs,1131292024,512,37,475,305,2000,1976,10,0.500000000,10881.926500000,10841.326500000,10840.077500000,1.242000000,40.600000000,81200,14.300000000,8.359524028,26.408010044,126.327984149,1.139803440,54.319216994,1.000000000
353,fixed_random_bfs,10915038485,512,34,478,511,2000,1976,36,1.800000000,10881.926500000,10830.514000000,10822.287000000,8.220000000,51.412500000,102825,19.600000000,8.359524028,27.975529632,135.415010548,1.522196121,57.565272680,1.000000000
354,fixed_random_bfs,1190291603,512,18,494,139,2000,1976,5,0.250000000,10881.926500000,10855.840000000,10855.124500000,0.708500000,26.086500000,52173,7.000000000,8.359524028,25.783110887,123.603305645,0.794609510,53.037063190,1.000000000
355,fixed_random_bfs,5297746056,512,33,479,421,2000,1976,65,3.250000000,10881.926500000,10778.374000000,10768.652000000,9.715000000,103.552500000,207105,33.650000000,8.359524028,30.634067168,149.286042397,1.135734271,63.076437601,1.000000000
356,fixed_random_bfs,5284320513,512,52,460,622,2000,1976,153,7.650000000,10881.926500000,10741.031500000,10712.071000000,28.953500000,140.895000000,281790,62.000000000,8.359524028,23.814460468,114.955535849,1.072969045,48.879512565,1.000000000
357,fixed_random_bfs,1520365923,512,28,484,557,2000,1976,0,0.000000000,10881.926500000,10874.117000000,10874.110000000,0.000000000,7.809500000,15619,2.500000000,8.359524028,25.345351848,123.124500502,1.454868953,52.139118378,1.000000000
358,fixed_random_bfs,10137983255,512,39,473,960,2000,1976,0,0.000000000,10881.926500000,10877.540500000,10877.533500000,0.000000000,4.386000000,8772,1.300000000,8.359524028,22.851565178,110.663745550,1.454234083,46.944616041,1.000000000
359,fixed_random_bfs,1534488076,512,38,474,130,2000,1976,1,0.050000000,10881.926500000,10864.185000000,10864.071000000,0.107000000,17.741500000,35483,7.650000000,8.359524028,26.126195947,127.290901796,1.094018545,53.750139677,1.000000000
360,fixed_random_bfs,1731169514,512,28,484,427,2000,1976,8,0.400000000,10881.926500000,10813.851000000,10812.131000000,1.713000000,68.075500000,136151,23.350000000,8.359524028,23.547448225,109.458773000,1.478078101,48.391602314,1.000000000
361,fixed_random_bfs,1654560453,512,31,481,537,2000,1976,3,0.150000000,10881.926500000,10836.199500000,10835.450500000,0.742000000,45.727000000,91454,13.750000000,8.359524028,30.282917715,147.298558753,1.231148541,62.386857665,1.000000000
362,fixed_random_bfs,4456681818,512,35,477,192,2000,1976,1,0.050000000,10881.926500000,10868.755000000,10868.726500000,0.021500000,13.171500000,26343,15.700000000,8.359524028,26.613160963,127.454827150,1.584819943,54.754209100,1.000000000
363,fixed_random_bfs,5413401448,512,43,469,1100,2000,1976,32,1.600000000,10881.926500000,10827.703500000,10819.989500000,7.707000000,54.223000000,108446,23.300000000,8.359524028,26.195100593,128.387090197,1.187141246,53.873657288,1.000000000
364,fixed_random_bfs,7678759693,512,33,479,796,2000,1976,2,0.100000000,10881.926500000,10876.228000000,10875.733500000,0.487500000,5.698500000,11397,2.250000000,8.359524028,28.514952955,136.116981550,1.088001010,58.697571888,1.000000000
365,fixed_random_bfs,497334239,512,30,482,397,2000,1976,23,1.150000000,10881.926500000,10799.168000000,10794.110500000,5.050500000,82.758500000,165517,25.500000000,8.359524028,24.065970370,115.300047049,1.065360367,49.458062603,1.000000000
366,fixed_random_bfs,4718388084,512,39,473,587,2000,1976,39,1.950000000,10881.926500000,10785.575500000,10780.140500000,5.428000000,96.351000000,192702,34.400000000,8.359524028,28.498600506,133.822910655,1.050056395,58.602411614,1.000000000
367,fixed_random_bfs,5296143935,512,30,482,651,2000,1976,0,0.000000000,10881.926500000,10863.989500000,10863.982500000,0.000000000,17.937000000,35874,6.750000000,8.359524028,20.832380566,101.042273255,1.559521865,42.729247335,1.000000000
368,fixed_random_bfs,13414122093,512,20,492,86,2000,1976,0,0.000000000,10881.926500000,10881.036500000,10881.029500000,0.000000000,0.890000000,1780,0.800000000,8.359524028,20.889991825,100.178842352,1.605327213,42.853069976,1.000000000
369,fixed_random_bfs,4000897111,512,23,489,259,2000,1976,0,0.000000000,10881.926500000,10855.691500000,10855.684500000,0.000000000,26.235000000,52470,8.200000000,8.359524028,25.751199218,125.045900395,1.431159898,52.972629248,1.000000000
370,fixed_random_bfs,480346404,512,27,485,466,2000,1976,14,0.700000000,10881.926500000,10789.495000000,10786.038000000,3.450000000,92.431500000,184863,26.200000000,8.359524028,25.824479415,124.782384800,1.097693144,53.114553148,1.000000000
371,fixed_random_bfs,2352569141,512,44,468,390,2000,1976,177,8.850000000,10881.926500000,10706.402000000,10676.235500000,30.159500000,175.524500000,351049,64.200000000,8.359524028,20.340033646,98.849220552,1.073957854,41.652865864,1.000000000
372,fixed_random_bfs,295526664,512,10,502,65,2000,1976,1,0.050000000,10881.926500000,10859.767500000,10859.759000000,0.001500000,22.159000000,44318,5.600000000,8.359524028,25.698009610,123.400200999,1.063445209,52.864313441,1.000000000
373,fixed_random_bfs,4488861385,512,25,487,510,2000,1976,0,0.000000000,10881.926500000,10867.853000000,10867.846000000,0.000000000,14.073500000,28147,5.800000000,8.359524028,20.555646731,100.182010656,0.822075038,42.168674429,1.000000000
374,fixed_random_bfs,1676348356,512,31,481,495,2000,1976,1,0.050000000,10881.926500000,10873.276000000,10873.027000000,0.242000000,8.650500000,17301,3.650000000,8.359524028,30.400841456,147.471708948,1.503265706,62.610415394,1.000000000
375,fixed_random_bfs,13943035813,512,30,482,322,2000,1976,1,0.050000000,10881.926500000,10856.943000000,10856.934000000,0.002000000,24.983500000,49967,5.850000000,8.359524028,25.723124390,123.917346900,1.446686388,52.906884391,1.000000000
376,fixed_random_bfs,13153050614,512,41,471,320,2000,1976,35,1.750000000,10881.926500000,10786.797000000,10781.983500000,4.806500000,95.129500000,190259,45.050000000,8.359524028,25.610942532,124.235666401,1.074099973,52.664754642,1.000000000
377,fixed_random_bfs,1204987916,512,17,495,95,2000,1976,1,0.050000000,10881.926500000,10857.643500000,10857.395000000,0.241500000,24.283000000,48566,5.550000000,8.359524028,25.013374349,121.260081198,1.209671020,51.434465168,1.000000000
378,fixed_random_bfs,1142607433,512,20,492,290,2000,1976,1,0.050000000,10881.926500000,10857.335000000,10857.072500000,0.255500000,24.591500000,49183,6.650000000,8.359524028,25.803048018,124.431083506,1.488025422,53.083682312,1.000000000
379,fixed_random_bfs,1518843190,512,18,494,210,2000,1976,0,0.000000000,10881.926500000,10878.325000000,10878.318000000,0.000000000,3.601500000,7203,1.250000000,8.359524028,25.709234673,124.290071505,1.072616207,52.899704488,1.000000000
380,fixed_random_bfs,5264509361,512,37,475,419,2000,1976,1,0.050000000,10881.926500000,10851.466000000,10851.267500000,0.191500000,30.460500000,60921,9.950000000,8.359524028,29.989986315,145.386465399,1.519015518,61.769612021,1.000000000
381,fixed_random_bfs,2880479516,512,30,482,275,2000,1976,10,0.500000000,10881.926500000,10825.168500000,10823.904000000,1.257500000,56.758000000,113516,19.200000000,8.359524028,30.427488430,149.048903499,1.172461727,62.663932630,1.000000000
382,fixed_random_bfs,4561990368,512,26,486,509,2000,1976,0,0.000000000,10881.926500000,10876.920500000,10876.913500000,0.000000000,5.006000000,10012,1.800000000,8.359524028,25.660178826,120.688040099,0.821801580,52.763161965,1.000000000
383,fixed_random_bfs,663689247,512,27,485,333,2000,1976,3,0.150000000,10881.926500000,10850.376500000,10849.770500000,0.599000000,31.550000000,63100,12.000000000,8.359524028,21.046391963,101.148692703,0.801185227,43.183908871,1.000000000
384,fixed_random_bfs,11500609455,512,35,477,339,2000,1976,31,1.550000000,10881.926500000,10783.411000000,10780.402000000,3.002000000,98.515500000,197031,35.200000000,8.359524028,25.818540014,123.178874754,1.449916509,53.023313624,1.000000000
385,fixed_random_bfs,4068484663,512,15,497,65,2000,1976,2,0.100000000,10881.926500000,10861.652500000,10861.218500000,0.427000000,20.274000000,40548,5.850000000,8.359524028,20.589787931,99.515578701,0.801384951,42.240311088,1.000000000
386,fixed_random_bfs,1193621333,512,26,486,531,2000,1976,0,0.000000000,10881.926500000,10865.918000000,10865.911000000,0.000000000,16.008500000,32017,5.500000000,8.359524028,20.594042279,100.326380905,1.063213033,42.261416995,1.000000000
387,fixed_random_bfs,13012263181,512,38,474,358,2000,1976,14,0.700000000,10881.926500000,10794.868000000,10793.173500000,1.687500000,87.058500000,174117,31.950000000,8.359524028,25.651155016,123.240974851,1.060768661,52.763560287,1.000000000
388,fixed_random_bfs,560976022,512,26,486,187,2000,1976,168,8.400000000,10881.926500000,10758.656000000,10746.007500000,12.641500000,123.270500000,246541,44.150000000,8.359524028,25.126311832,122.057757598,1.435891454,51.528047147,1.000000000
389,fixed_random_bfs,1126333925,512,32,480,605,2000,1976,1,0.050000000,10881.926500000,10855.987500000,10855.746500000,0.234000000,25.939000000,51878,8.650000000,8.359524028,25.707488804,124.484071402,1.415038437,52.891335352,1.000000000
390,fixed_random_bfs,1296455191,512,30,482,731,2000,1976,10,0.500000000,10881.926500000,10782.935000000,10780.449000000,2.479000000,98.991500000,197983,28.350000000,8.359524028,26.659320721,130.861711603,1.176972943,54.848350715,1.000000000
391,fixed_random_bfs,13576410815,512,18,494,227,2000,1976,3,0.150000000,10881.926500000,10861.783500000,10861.019000000,0.757500000,20.143000000,40286,6.950000000,8.359524028,26.015767197,127.580538494,1.095682319,53.512230307,1.000000000
392,fixed_random_bfs,1148143865,512,25,487,508,2000,1976,4,0.200000000,10881.926500000,10856.867000000,10855.860000000,1.000000000,25.059500000,50119,7.900000000,8.359524028,28.009098433,133.651687600,1.618881709,57.659880083,1.000000000
393,fixed_random_bfs,4587696995,512,23,489,191,2000,1976,9,0.450000000,10881.926500000,10855.991000000,10854.017000000,1.967000000,25.935500000,51871,8.150000000,8.359524028,21.051084346,101.221580599,1.065324072,43.224666119,1.000000000
394,fixed_random_bfs,2854186076,512,29,483,513,2000,1976,1,0.050000000,10881.926500000,10855.689500000,10855.445500000,0.237000000,26.237000000,52474,6.200000000,8.359524028,25.696492088,123.530210905,1.118524467,52.862046574,1.000000000
395,fixed_random_bfs,1395617281,512,20,492,203,2000,1976,1,0.050000000,10881.926500000,10841.274000000,10841.020000000,0.247000000,40.652500000,81305,13.700000000,8.359524028,25.730461850,125.790676051,1.488022815,52.932719263,1.000000000
396,fixed_random_bfs,2896364544,512,27,485,284,2000,1976,2,0.100000000,10881.926500000,10857.642000000,10857.570000000,0.065000000,24.284500000,48569,5.600000000,8.359524028,23.677427139,113.880457448,1.091317803,48.658892422,1.000000000
397,fixed_random_bfs,11248751221,512,28,484,514,2000,1976,0,0.000000000,10881.926500000,10871.345500000,10871.338500000,0.000000000,10.581000000,21162,4.000000000,8.359524028,24.014631938,114.198232003,1.049945207,49.377892899,1.000000000
398,fixed_random_bfs,12068666305,512,35,477,875,2000,1976,0,0.000000000,10881.926500000,10873.227500000,10873.220500000,0.000000000,8.699000000,17398,2.450000000,8.359524028,21.459917636,106.231972651,1.463954878,44.056594575,1.000000000
399,fixed_random_bfs,1587152803,512,20,492,246,2000,1976,0,0.000000000,10881.926500000,10880.233500000,10880.226500000,0.000000000,1.693000000,3386,0.550000000,8.359524028,20.887548110,99.597344505,0.841197111,42.846618874,1.000000000
400,fixed_random_bfs,4412388681,512,40,472,746,2000,1976,0,0.000000000,10881.926500000,10848.665000000,10848.658000000,0.000000000,33.261500000,66523,10.000000000,8.359524028,27.544977713,130.766586904,1.113400491,56.621821066,1.000000000
401,fixed_random_bfs,3846226753,512,33,479,447,2000,1976,4,0.200000000,10881.926500000,10876.561000000,10875.896500000,0.657500000,5.365500000,10731,1.850000000,8.359524028,23.917321767,118.811920746,1.152158067,49.149866725,1.000000000
402,fixed_random_bfs,3162256068,512,50,462,519,2000,1976,123,6.150000000,10881.926500000,10733.532500000,10715.558500000,17.967000000,148.394000000,296788,62.150000000,8.359524028,29.758965314,143.319356249,1.512229909,61.217262355,1.000000000
403,fixed_random_bfs,4000877979,512,30,482,427,2000,1976,2,0.100000000,10881.926500000,10871.479000000,10871.257000000,0.215000000,10.447500000,20895,8.500000000,8.359524028,25.645249375,124.050614447,1.438976788,52.749517443,1.000000000
404,fixed_random_bfs,4503189154,512,21,491,309,2000,1976,0,0.000000000,10881.926500000,10827.932500000,10827.925500000,0.000000000,53.994000000,107988,13.950000000,8.359524028,26.664227954,132.362769653,0.791787819,54.872376021,1.000000000
405,fixed_random_bfs,478863863,512,34,478,351,2000,1976,123,6.150000000,10881.926500000,10731.886000000,10709.185500000,22.693500000,150.040500000,300081,55.300000000,8.359524028,25.501120761,126.510349397,1.065122485,52.401083140,1.000000000
406,fixed_random_bfs,1322206892,512,21,491,231,2000,1976,0,0.000000000,10881.926500000,10875.186000000,10875.179000000,0.000000000,6.740500000,13481,3.600000000,8.359524028,20.767841661,99.993785750,0.778510116,42.645999881,1.000000000
407,fixed_random_bfs,4297946731,512,33,479,225,2000,1976,2,0.100000000,10881.926500000,10789.638000000,10789.413000000,0.218000000,92.288500000,184577,41.350000000,8.359524028,25.817656775,123.698302498,1.486451311,53.097732005,1.000000000
408,fixed_random_bfs,5369088184,512,18,494,129,2000,1976,0,0.000000000,10881.926500000,10867.575500000,10867.568500000,0.000000000,14.351000000,28702,4.700000000,8.359524028,24.951590989,121.565056049,1.470726224,51.310428329,1.000000000
409,fixed_random_bfs,12459441528,512,43,469,272,2000,1976,5,0.250000000,10881.926500000,10842.433500000,10841.752500000,0.674000000,39.493000000,78986,13.350000000,8.359524028,30.508477989,146.623406696,1.161029932,62.836162543,1.000000000
410,fixed_random_bfs,13155095175,512,46,466,660,2000,1976,71,3.550000000,10881.926500000,10768.128500000,10751.843500000,16.278000000,113.798000000,227596,49.100000000,8.359524028,29.814511728,142.196011752,1.082652495,61.359676062,1.000000000
411,fixed_random_bfs,1322649848,512,27,485,447,2000,1976,0,0.000000000,10881.926500000,10867.360500000,10867.353500000,0.000000000,14.566000000,29132,4.700000000,8.359524028,25.952907689,126.698335099,1.098947626,53.390057255,1.000000000
412,fixed_random_bfs,1300652259,512,39,473,1106,2000,1976,1,0.050000000,10881.926500000,10876.905500000,10876.653000000,0.245500000,5.021000000,10042,1.950000000,8.359524028,26.008875372,127.069360444,1.498568496,53.499292187,1.000000000
413,fixed_random_bfs,1323016185,512,34,478,994,2000,1976,1,0.050000000,10881.926500000,10881.530000000,10881.268500000,0.254500000,0.396500000,793,0.350000000,8.359524028,21.019853380,101.684142401,1.141205328,43.114535262,1.000000000
414,fixed_random_bfs,1182447893,512,34,478,684,2000,1976,0,0.000000000,10881.926500000,10879.338500000,10879.331500000,0.000000000,2.588000000,5176,0.700000000,8.359524028,24.006158626,115.355707646,1.105766199,49.348532801,1.000000000
415,fixed_random_bfs,1159931333,512,37,475,638,2000,1976,1,0.050000000,10881.926500000,10876.854000000,10876.845000000,0.002000000,5.072500000,10145,1.500000000,8.359524028,22.448481752,105.577842997,0.794669946,46.108702775,1.000000000
416,fixed_random_bfs,2695337180,512,26,486,510,2000,1976,1,0.050000000,10881.926500000,10853.538000000,10853.285500000,0.245500000,28.388500000,56777,9.100000000,8.359524028,30.479231365,147.763858252,1.516602635,62.770980331,1.000000000
417,fixed_random_bfs,430491226,512,38,474,908,2000,1976,5,0.250000000,10881.926500000,10840.762000000,10839.581500000,1.173500000,41.164500000,82329,14.250000000,8.359524028,21.120303878,101.783816199,1.054731622,43.247670148,1.000000000
418,fixed_random_bfs,429998776,512,31,481,470,2000,1976,2,0.100000000,10881.926500000,10850.450500000,10850.200500000,0.243000000,31.476000000,62952,11.450000000,8.359524028,25.897322522,126.686050204,1.066392927,53.274801039,1.000000000
419,fixed_random_bfs,1731169777,512,35,477,408,2000,1976,6,0.300000000,10881.926500000,10839.770000000,10839.129500000,0.633500000,42.156500000,84313,14.800000000,8.359524028,30.463754172,146.692582350,1.150241667,62.750635989,1.000000000
420,fixed_random_bfs,12048024921,512,27,485,195,2000,1976,1,0.050000000,10881.926500000,10845.911500000,10845.684000000,0.220500000,36.015000000,72030,11.600000000,8.359524028,25.764298092,124.671571748,1.425364244,53.004595825,1.000000000
421,fixed_random_bfs,6381466767,512,24,488,489,2000,1976,1,0.050000000,10881.926500000,10881.717000000,10881.461000000,0.249000000,0.209500000,419,0.450000000,8.359524028,21.147383739,101.336367798,1.444563006,43.393851268,1.000000000
422,fixed_random_bfs,8910213350,512,28,484,140,2000,1976,14,0.700000000,10881.926500000,10784.116000000,10782.408500000,1.700500000,97.810500000,195621,30.450000000,8.359524028,23.548657768,118.732267102,1.413581255,48.392119008,1.000000000
423,fixed_random_bfs,1189111428,512,21,491,276,2000,1976,2,0.100000000,10881.926500000,10877.233500000,10876.732500000,0.494000000,4.693000000,9386,1.650000000,8.359524028,25.641436845,123.597085151,0.795508535,52.744509498,1.000000000
424,fixed_random_bfs,11040209529,512,45,467,217,2000,1976,303,15.150000000,10881.926500000,10703.949000000,10674.238000000,29.704000000,177.977500000,355955,68.250000000,8.359524028,20.789601947,101.169458350,0.807293857,42.514850870,1.000000000
425,fixed_random_bfs,1548057324,512,23,489,402,2000,1976,0,0.000000000,10881.926500000,10858.131000000,10858.124000000,0.000000000,23.795500000,47591,6.800000000,8.359524028,23.517046892,114.092720199,1.081068329,48.319164247,1.000000000
426,fixed_random_bfs,4759821534,512,12,500,132,2000,1976,0,0.000000000,10881.926500000,10880.885000000,10880.878000000,0.000000000,1.041500000,2083,0.650000000,8.359524028,25.940628073,124.706768494,1.442458755,53.378714035,1.000000000
427,fixed_random_bfs,13397585645,512,29,483,510,2000,1976,1,0.050000000,10881.926500000,10877.300000000,10877.052000000,0.241000000,4.626500000,9253,1.550000000,8.359524028,25.879993447,125.505341499,1.438660391,53.238613472,1.000000000
428,fixed_random_bfs,1103952920,512,36,476,538,2000,1976,11,0.550000000,10881.926500000,10826.279000000,10824.398000000,1.874000000,55.647500000,111295,22.450000000,8.359524028,22.677232536,110.854102898,1.451214116,46.569408675,1.000000000
429,fixed_random_bfs,1300669581,512,20,492,343,2000,1976,1,0.050000000,10881.926500000,10880.082500000,10879.821000000,0.254500000,1.844000000,3688,0.550000000,8.359524028,25.542576260,122.559718649,1.072484696,52.529629379,1.000000000
430,fixed_random_bfs,6701073016,512,17,495,33,2000,1976,1,0.050000000,10881.926500000,10876.158000000,10876.144000000,0.007000000,5.768500000,11537,9.700000000,8.359524028,30.322457678,146.429322200,1.521948639,62.450647340,1.000000000
431,fixed_random_bfs,1318762307,512,17,495,227,2000,1976,0,0.000000000,10881.926500000,10877.765500000,10877.758500000,0.000000000,4.161000000,8322,1.400000000,8.359524028,21.334143299,102.117905702,0.825680043,43.706684922,1.000000000
432,fixed_random_bfs,479226488,512,47,465,738,2000,1976,95,4.750000000,10881.926500000,10779.351500000,10759.516500000,19.828000000,102.575000000,205150,41.550000000,8.359524028,30.462835955,148.961665603,1.505820883,62.663524039,1.000000000
433,fixed_random_bfs,1207580359,512,30,482,143,2000,1976,2,0.100000000,10881.926500000,10863.401000000,10863.006000000,0.388000000,18.525500000,37051,5.600000000,8.359524028,22.812926623,110.738823502,0.796685074,46.885878430,1.000000000
434,fixed_random_bfs,4838616628,512,38,474,1034,2000,1976,0,0.000000000,10881.926500000,10872.928000000,10872.921000000,0.000000000,8.998500000,17997,4.150000000,8.359524028,26.037985454,126.346249451,0.801833340,53.579126278,1.000000000
435,fixed_random_bfs,1159931485,512,26,486,466,2000,1976,0,0.000000000,10881.926500000,10877.134000000,10877.127000000,0.000000000,4.792500000,9585,1.300000000,8.359524028,27.450460760,130.270368705,1.442913494,56.502651016,1.000000000
436,fixed_random_bfs,4604362064,512,28,484,226,2000,1976,8,0.400000000,10881.926500000,10825.875000000,10825.109500000,0.758500000,56.051500000,112103,18.950000000,8.359524028,25.856407719,124.287687247,1.068226075,53.172009795,1.000000000
437,fixed_random_bfs,4441072498,512,29,483,211,2000,1976,7,0.350000000,10881.926500000,10817.013500000,10816.280500000,0.726000000,64.913000000,129826,21.750000000,8.359524028,24.562617995,118.038229346,1.025702037,50.504104567,1.000000000
438,fixed_random_bfs,1391615728,512,27,485,427,2000,1976,0,0.000000000,10881.926500000,10875.314500000,10875.307500000,0.000000000,6.612000000,13224,1.800000000,8.359524028,21.596370497,102.031953000,1.105010854,44.312278297,1.000000000
439,fixed_random_bfs,2417938556,512,25,487,341,2000,1976,2,0.100000000,10881.926500000,10858.323500000,10857.823500000,0.493000000,23.603000000,47206,6.650000000,8.359524028,30.582646752,148.083498299,1.525299727,62.993754140,1.000000000
440,fixed_random_bfs,3921306608,512,27,485,446,2000,1976,1,0.050000000,10881.926500000,10853.631000000,10853.385000000,0.239000000,28.295500000,56591,7.100000000,8.359524028,25.941036940,124.845704201,1.434264072,53.359749758,1.000000000
441,fixed_random_bfs,503018170,512,25,487,182,2000,1976,116,5.800000000,10881.926500000,10752.246500000,10731.979000000,20.260500000,129.680000000,259360,46.400000000,8.359524028,26.007577561,126.120268105,1.438441512,53.444861280,1.000000000
442,fixed_random_bfs,4455558350,512,20,492,275,2000,1976,0,0.000000000,10881.926500000,10877.247000000,10877.240000000,0.000000000,4.679500000,9359,1.300000000,8.359524028,23.047850427,109.260034652,0.821383877,47.344175973,1.000000000
443,fixed_random_bfs,5225083975,512,32,480,708,2000,1976,1,0.050000000,10881.926500000,10877.310500000,10877.066000000,0.237500000,4.616000000,9232,1.350000000,8.359524028,26.122285926,127.799903704,1.101291821,53.745145165,1.000000000
444,fixed_random_bfs,11398965012,512,21,491,201,2000,1976,1,0.050000000,10881.926500000,10843.936500000,10843.705500000,0.224000000,37.990000000,75980,12.650000000,8.359524028,22.571740838,109.285904299,1.474352188,46.279929190,1.000000000
445,fixed_random_bfs,4838731496,512,23,489,388,2000,1976,0,0.000000000,10881.926500000,10871.774500000,10871.767500000,0.000000000,10.152000000,20304,4.700000000,8.359524028,25.874450454,124.690747101,1.072242653,53.228761497,1.000000000
446,fixed_random_bfs,1556356288,512,32,480,236,2000,1976,1,0.050000000,10881.926500000,10873.824500000,10873.611000000,0.206500000,8.102000000,16204,2.900000000,8.359524028,21.031622467,100.344585849,1.071672554,43.152279190,1.000000000
447,fixed_random_bfs,2082706086,512,41,471,730,2000,1976,0,0.000000000,10881.926500000,10863.144500000,10863.137500000,0.000000000,18.782000000,37564,5.850000000,8.359524028,23.678139048,112.480933351,1.448425238,48.725096805,1.000000000
448,fixed_random_bfs,8519150945,512,34,478,743,2000,1976,1,0.050000000,10881.926500000,10872.256000000,10872.010000000,0.239000000,9.670500000,19341,4.300000000,8.359524028,26.557420828,129.320169249,1.146223464,54.635055362,1.000000000
449,fixed_random_bfs,1163402614,512,45,467,1491,2000,1976,1,0.050000000,10881.926500000,10873.067000000,10872.814500000,0.245500000,8.859500000,17719,3.850000000,8.359524028,24.439460755,121.236830852,1.157293075,50.238268414,1.000000000
450,fixed_random_bfs,1143316832,512,28,484,425,2000,1976,1,0.050000000,10881.926500000,10855.973000000,10855.716000000,0.250000000,25.953500000,51907,7.500000000,8.359524028,26.043064723,124.578625851,1.439148294,53.576127894,1.000000000
451,fixed_random_bfs,1324735135,512,24,488,443,2000,1976,1,0.050000000,10881.926500000,10880.243000000,10879.982000000,0.254000000,1.683500000,3367,1.900000000,8.359524028,24.191958646,116.670102898,1.424727452,49.732568276,1.000000000
452,fixed_random_bfs,8378138424,512,42,470,823,2000,1976,24,1.200000000,10881.926500000,10789.588000000,10784.614500000,4.966500000,92.338500000,184677,26.600000000,8.359524028,25.944682188,125.976647954,0.823233068,53.357994681,1.000000000
453,fixed_random_bfs,8302243184,512,23,489,247,2000,1976,2,0.100000000,10881.926500000,10835.059000000,10834.627000000,0.425000000,46.867500000,93735,14.650000000,8.359524028,25.955341889,124.698299498,1.449082992,53.394370501,1.000000000
454,fixed_random_bfs,708249429,512,26,486,298,2000,1976,1,0.050000000,10881.926500000,10877.174500000,10876.929000000,0.238500000,4.752000000,9504,2.050000000,8.359524028,24.759020884,118.966952903,1.160785677,50.916137575,1.000000000
455,fixed_random_bfs,1518839621,512,17,495,272,2000,1976,0,0.000000000,10881.926500000,10877.956000000,10877.949000000,0.000000000,3.970500000,7941,1.350000000,8.359524028,26.918649051,128.524537596,1.063403807,55.403084189,1.000000000
456,fixed_random_bfs,4115231465,512,27,485,626,2000,1976,1,0.050000000,10881.926500000,10880.094000000,10879.833500000,0.253500000,1.832500000,3665,0.600000000,8.359524028,26.204898855,129.160826153,1.490105406,53.921479683,1.000000000
457,fixed_random_bfs,4573702109,512,25,487,107,2000,1976,7,0.350000000,10881.926500000,10800.994000000,10799.905000000,1.082000000,80.932500000,161865,28.450000000,8.359524028,24.978163630,122.798108103,1.082490180,51.357256903,1.000000000
458,fixed_random_bfs,111648488,512,40,472,378,2000,1976,5,0.250000000,10881.926500000,10823.496000000,10822.908500000,0.580500000,58.430500000,116861,24.700000000,8.359524028,26.451004646,126.575683696,1.091856472,54.354393966,1.000000000
459,fixed_random_bfs,114320452,512,27,485,220,2000,1976,20,1.000000000,10881.926500000,10815.207500000,10813.735000000,1.465500000,66.719000000,133438,27.150000000,8.359524028,23.829440724,120.158185798,0.805281609,48.955907821,1.000000000
460,fixed_random_bfs,2085233049,512,25,487,267,2000,1976,0,0.000000000,10881.926500000,10867.702000000,10867.695000000,0.000000000,14.224500000,28449,6.250000000,8.359524028,25.456084086,121.191394448,1.142857278,52.354829969,1.000000000
461,fixed_random_bfs,9118890351,512,52,460,1735,2000,1976,38,1.900000000,10881.926500000,10825.557500000,10816.883000000,8.667500000,56.369000000,112738,27.500000000,8.359524028,26.345562722,127.312457447,1.486969044,54.212651639,1.000000000
462,fixed_random_bfs,1207580771,512,29,483,211,2000,1976,1,0.050000000,10881.926500000,10863.136000000,10862.933500000,0.195500000,18.790500000,37581,5.850000000,8.359524028,25.536952070,123.036372851,1.452742188,52.547180392,1.000000000
463,fixed_random_bfs,1550555192,512,33,479,544,2000,1976,4,0.200000000,10881.926500000,10875.797500000,10874.890000000,0.900500000,6.129000000,12258,2.150000000,8.359524028,23.284707717,114.332144755,0.823482465,47.844992749,1.000000000
464,fixed_random_bfs,12040748703,512,25,487,252,2000,1976,2,0.100000000,10881.926500000,10877.584000000,10877.340000000,0.237000000,4.342500000,8685,1.450000000,8.359524028,30.434089229,146.712296447,1.699213600,62.672998460,1.000000000
465,fixed_random_bfs,2258130893,512,30,482,302,2000,1976,4,0.200000000,10881.926500000,10847.501000000,10846.566500000,0.927500000,34.425500000,68851,10.100000000,8.359524028,24.681860533,119.603611505,1.117531044,50.732568350,1.000000000
466,fixed_random_bfs,1187070119,512,26,486,529,2000,1976,0,0.000000000,10881.926500000,10878.315500000,10878.308500000,0.000000000,3.611000000,7222,0.950000000,8.359524028,29.462078774,142.490752504,1.093413759,60.657714534,1.000000000
467,fixed_random_bfs,8865527864,512,38,474,851,2000,1976,10,0.500000000,10881.926500000,10800.694000000,10798.359500000,2.327500000,81.232500000,162465,28.900000000,8.359524028,29.719294582,141.489307853,0.803321261,61.204851096,1.000000000
468,fixed_random_bfs,1300694196,512,18,494,289,2000,1976,1,0.050000000,10881.926500000,10880.047000000,10879.784000000,0.256000000,1.879500000,3759,0.600000000,8.359524028,21.437884330,102.923473554,1.152824119,43.997547034,1.000000000
469,fixed_random_bfs,1199517281,512,27,485,426,2000,1976,0,0.000000000,10881.926500000,10880.310000000,10880.303000000,0.000000000,1.616500000,3233,0.400000000,8.359524028,30.507926137,148.910336451,1.599966005,62.865810499,1.000000000
470,fixed_random_bfs,4561923942,512,30,482,588,2000,1976,0,0.000000000,10881.926500000,10880.240500000,10880.233500000,0.000000000,1.686000000,3372,0.400000000,8.359524028,25.908445608,126.515111403,1.078792429,53.315124527,1.000000000
471,fixed_random_bfs,4479824201,512,19,493,307,2000,1976,0,0.000000000,10881.926500000,10860.811500000,10860.804500000,0.000000000,21.115000000,42230,6.350000000,8.359524028,20.771490175,99.113902402,1.164680723,42.615371571,1.000000000
472,fixed_random_bfs,3522106293,512,30,482,50,2000,1976,3,0.150000000,10881.926500000,10828.448000000,10828.276000000,0.165000000,53.478500000,106957,39.100000000,8.359524028,24.027753477,116.315686800,1.096955249,49.396233822,1.000000000
473,fixed_random_bfs,12383375527,512,25,487,358,2000,1976,0,0.000000000,10881.926500000,10878.644500000,10878.637500000,0.000000000,3.282000000,6564,0.900000000,8.359524028,25.783803891,125.309463251,1.146339013,53.049391886,1.000000000
474,fixed_random_bfs,1305103908,512,39,473,375,2000,1976,37,1.850000000,10881.926500000,10771.714500000,10767.172500000,4.535000000,110.212000000,220424,34.800000000,8.359524028,25.761680929,125.830868750,1.513165302,52.968530608,1.000000000
475,fixed_random_bfs,4391191769,512,44,468,1015,2000,1976,0,0.000000000,10881.926500000,10862.772500000,10862.765500000,0.000000000,19.154000000,38308,5.800000000,8.359524028,25.798076990,125.395787995,1.497539799,53.078112579,1.000000000
476,fixed_random_bfs,4494941245,512,32,480,659,2000,1976,4,0.200000000,10881.926500000,10824.292500000,10823.298000000,0.987500000,57.634000000,115268,16.700000000,8.359524028,25.531545231,122.396290900,1.437060887,52.453043103,1.000000000
477,fixed_random_bfs,5264715110,512,25,487,349,2000,1976,1,0.050000000,10881.926500000,10850.813500000,10850.582000000,0.224500000,31.113000000,62226,10.050000000,8.359524028,25.727634227,125.003924995,1.081987927,52.945631365,1.000000000
478,fixed_random_bfs,12160419137,512,32,480,992,2000,1976,0,0.000000000,10881.926500000,10877.053000000,10877.046000000,0.000000000,4.873500000,9747,1.800000000,8.359524028,23.481808926,114.432353147,0.819414035,48.259456971,1.000000000
479,fixed_random_bfs,1548073771,512,24,488,274,2000,1976,13,0.650000000,10881.926500000,10843.933000000,10840.821000000,3.105000000,37.993500000,75987,13.800000000,8.359524028,21.532262979,101.970147451,1.017268020,44.208663513,1.000000000
480,fixed_random_bfs,10913216606,512,42,470,642,2000,1976,68,3.400000000,10881.926500000,10761.913500000,10747.374500000,14.532000000,120.013000000,240026,48.200000000,8.359524028,20.632583266,100.297757403,0.794463486,42.314192936,1.000000000
481,fixed_random_bfs,12383375418,512,21,491,277,2000,1976,0,0.000000000,10881.926500000,10878.745500000,10878.738500000,0.000000000,3.181000000,6362,0.800000000,8.359524028,22.432836876,107.625008102,0.793166598,46.084431794,1.000000000
482,fixed_random_bfs,1318770020,512,21,491,420,2000,1976,1,0.050000000,10881.926500000,10877.473000000,10877.210000000,0.256000000,4.453500000,8907,1.300000000,8.359524028,28.055463236,135.519308197,1.149635678,57.756365239,1.000000000
483,fixed_random_bfs,1147306840,512,33,479,479,2000,1976,5,0.250000000,10881.926500000,10848.799500000,10847.730000000,1.062500000,33.127000000,66254,10.700000000,8.359524028,25.606760706,124.749639795,1.441701843,52.692952959,1.000000000
484,fixed_random_bfs,4029219405,512,25,487,148,2000,1976,97,4.850000000,10881.926500000,10861.469000000,10856.421000000,5.041000000,20.457500000,40915,5.750000000,8.359524028,24.863962284,116.550287999,1.488005544,50.694656823,1.000000000
485,fixed_random_bfs,314046505,512,38,474,490,2000,1976,42,2.100000000,10881.926500000,10790.318500000,10782.012500000,8.299000000,91.608000000,183216,29.150000000,8.359524028,22.874853879,107.433171251,0.828502069,46.971751039,1.000000000
486,fixed_random_bfs,454550116,512,34,478,618,2000,1976,4,0.200000000,10881.926500000,10838.799500000,10838.078000000,0.714500000,43.127000000,86254,16.450000000,8.359524028,30.347588931,145.680955001,1.508816129,62.504957176,1.000000000
487,fixed_random_bfs,4720729860,512,17,495,272,2000,1976,0,0.000000000,10881.926500000,10880.070000000,10880.063000000,0.000000000,1.856500000,3713,0.800000000,8.359524028,26.353062969,128.612496153,1.136301730,54.228517848,1.000000000
488,fixed_random_bfs,1314136454,512,18,494,190,2000,1976,1,0.050000000,10881.926500000,10879.327500000,10879.070500000,0.250000000,2.599000000,5198,1.300000000,8.359524028,25.736059391,124.886930305,1.061071127,52.950987340,1.000000000
489,fixed_random_bfs,1323015583,512,19,493,306,2000,1976,1,0.050000000,10881.926500000,10881.726500000,10881.464500000,0.255000000,0.200000000,400,1.100000000,8.359524028,25.791006416,125.635274851,1.475967263,53.069055054,1.000000000
490,fixed_random_bfs,12291327681,512,31,481,338,2000,1976,2,0.100000000,10881.926500000,10849.815500000,10849.389500000,0.419000000,32.111000000,64222,9.950000000,8.359524028,24.005574950,115.749085998,1.163772612,49.335871287,1.000000000
491,fixed_random_bfs,1322608483,512,25,487,336,2000,1976,0,0.000000000,10881.926500000,10879.592500000,10879.585500000,0.000000000,2.334000000,4668,2.400000000,8.359524028,25.823789055,126.538609545,1.074597913,53.133825698,1.000000000
492,fixed_random_bfs,11059585765,512,18,494,98,2000,1976,14,0.700000000,10881.926500000,10825.620000000,10822.662000000,2.951000000,56.306500000,112613,19.000000000,8.359524028,25.333114311,121.967800549,1.046102781,52.048301618,1.000000000
493,fixed_random_bfs,733884026,512,37,475,197,2000,1976,1,0.050000000,10881.926500000,10861.998500000,10861.872000000,0.119500000,19.928000000,39856,7.250000000,8.359524028,20.716888615,100.940837247,1.052596240,42.514008027,1.000000000
494,fixed_random_bfs,4537191778,512,18,494,273,2000,1976,1,0.050000000,10881.926500000,10874.273000000,10874.012000000,0.254000000,7.653500000,15307,2.250000000,8.359524028,22.431871133,110.192380051,1.072361467,46.084372035,1.000000000
495,fixed_random_bfs,1131292063,512,37,475,244,2000,1976,1,0.050000000,10881.926500000,10841.215500000,10841.046000000,0.162500000,40.711000000,81422,16.000000000,8.359524028,28.909437390,139.060332553,1.425696057,59.619667518,1.000000000
496,fixed_random_bfs,292314114,512,37,475,660,2000,1976,3,0.150000000,10881.926500000,10868.539500000,10868.086500000,0.446000000,13.387000000,26774,6.100000000,8.359524028,24.323316442,115.692003198,1.069688433,50.011908266,1.000000000
497,fixed_random_bfs,8519207848,512,22,490,277,2000,1976,0,0.000000000,10881.926500000,10880.462000000,10880.455000000,0.000000000,1.464500000,2929,2.000000000,8.359524028,22.075470162,105.449071551,1.306015327,45.329675397,1.000000000
498,fixed_random_bfs,1326188426,512,29,483,246,2000,1976,4,0.200000000,10881.926500000,10876.050000000,10875.143000000,0.900000000,5.876500000,11753,2.000000000,8.359524028,27.461431952,132.939725001,1.493057822,56.523930242,1.000000000
499,fixed_random_bfs,9598450074,512,24,488,466,2000,1976,2,0.100000000,10881.926500000,10860.777000000,10860.263000000,0.507000000,21.149500000,42299,7.350000000,8.359524028,25.690436919,123.166253895,1.068081060,52.860638515,1.000000000
500,fixed_random_bfs,1147305171,512,36,476,566,2000,1976,2,0.100000000,10881.926500000,10853.428500000,10853.141500000,0.280000000,28.498000000,56996,9.450000000,8.359524028,20.611949013,97.300646146,0.780314546,42.281743214,1.000000000
501,fixed_random_bfs,2525455290,512,31,481,367,2000,1976,0,0.000000000,10881.926500000,10880.465500000,10880.458500000,0.000000000,1.461000000,2922,0.900000000,8.359524028,30.460400901,149.435512596,1.480491714,62.739303737,1.000000000
502,fixed_random_bfs,7859526776,512,39,473,432,2000,1976,115,5.750000000,10881.926500000,10734.840500000,10715.280000000,19.553500000,147.086000000,294172,53.950000000,8.359524028,20.604401417,99.949871645,0.806180335,42.245810896,1.000000000
503,fixed_random_bfs,1801521836,512,26,486,316,2000,1976,1,0.050000000,10881.926500000,10865.806500000,10865.565500000,0.234000000,16.120000000,32240,7.700000000,8.359524028,25.733453624,122.872529197,1.442466333,52.945510351,1.000000000
504,fixed_random_bfs,705402277,512,31,481,288,2000,1976,2,0.100000000,10881.926500000,10860.104500000,10859.722000000,0.375500000,21.822000000,43644,6.900000000,8.359524028,24.699920950,120.348796896,1.422488163,50.790830552,1.000000000
505,fixed_random_bfs,2083726496,512,32,480,656,2000,1976,0,0.000000000,10881.926500000,10850.784000000,10850.777000000,0.000000000,31.142500000,62285,9.050000000,8.359524028,21.606327930,104.047670247,1.454831598,44.353814582,1.000000000
506,fixed_random_bfs,4761603005,512,35,477,525,2000,1976,1,0.050000000,10881.926500000,10853.612000000,10853.387000000,0.218000000,28.314500000,56629,10.300000000,8.359524028,22.309639723,105.573043296,1.158049096,45.827370688,1.000000000
507,fixed_random_bfs,314074576,512,43,469,755,2000,1976,87,4.350000000,10881.926500000,10775.583000000,10756.612000000,18.964000000,106.343500000,212687,39.050000000,8.359524028,25.010436877,117.288836352,1.036509409,51.361016759,1.000000000
508,fixed_random_bfs,5284452758,512,37,475,248,2000,1976,119,5.950000000,10881.926500000,10733.819000000,10717.953500000,15.858500000,148.107500000,296215,52.150000000,8.359524028,26.812722614,127.793081104,1.103175369,55.146616847,1.000000000
509,fixed_random_bfs,4463941158,512,32,480,372,2000,1976,0,0.000000000,10881.926500000,10855.866000000,10855.859000000,0.000000000,26.060500000,52121,9.250000000,8.359524028,25.401326711,121.742830496,1.445675722,52.194870219,1.000000000
510,fixed_random_bfs,4494978000,512,26,486,467,2000,1976,0,0.000000000,10881.926500000,10830.894500000,10830.887500000,0.000000000,51.032000000,102064,13.750000000,8.359524028,25.604049939,124.434015954,1.448954397,52.680904218,1.000000000
511,fixed_random_bfs,1316576228,512,29,483,604,2000,1976,4,0.200000000,10881.926500000,10858.953000000,10857.947000000,0.999000000,22.973500000,45947,8.400000000,8.359524028,25.827263255,126.299217399,1.075448448,53.127586392,1.000000000
512,fixed_random_bfs,1316566983,512,27,485,448,2000,1976,1,0.050000000,10881.926500000,10865.492000000,10865.236500000,0.248500000,16.434500000,32869,5.300000000,8.359524028,27.511958461,133.160000950,1.127007510,56.622807060,1.000000000
513,fixed_random_bfs,4437048875,512,36,476,797,2000,1976,0,0.000000000,10881.926500000,10880.042500000,10880.035500000,0.000000000,1.884000000,3768,0.650000000,8.359524028,29.168568921,141.933124556,1.128881604,60.058087165,1.000000000
514,fixed_random_bfs,1076761242,512,26,486,577,2000,1976,1,0.050000000,10881.926500000,10878.108000000,10877.851000000,0.250000000,3.818500000,7637,1.950000000,8.359524028,19.897001258,97.011197498,1.046174241,40.799711447,1.000000000
515,fixed_random_bfs,3892627987,512,22,490,296,2000,1976,1,0.050000000,10881.926500000,10875.726500000,10875.472500000,0.247000000,6.200000000,12400,2.150000000,8.359524028,20.732883736,99.545369501,1.074009288,42.534346591,1.000000000
516,fixed_random_bfs,3570149272,512,29,483,198,2000,1976,1,0.050000000,10881.926500000,10835.394500000,10835.194500000,0.193000000,46.532000000,93064,17.400000000,8.359524028,23.877016017,111.765914405,1.442136750,49.074893046,1.000000000
517,fixed_random_bfs,125800775,512,29,483,469,2000,1976,0,0.000000000,10881.926500000,10852.010500000,10852.003500000,0.000000000,29.916000000,59832,9.450000000,8.359524028,22.476311054,109.065594802,1.068428372,46.164771083,1.000000000
518,fixed_random_bfs,4477707012,512,28,484,253,2000,1976,90,4.500000000,10881.926500000,10766.835500000,10754.159500000,12.669000000,115.091000000,230182,50.050000000,8.359524028,25.937725339,127.175886253,1.066526813,53.303001782,1.000000000
519,fixed_random_bfs,1322210314,512,21,491,276,2000,1976,0,0.000000000,10881.926500000,10877.210500000,10877.203500000,0.000000000,4.716000000,9432,2.650000000,8.359524028,26.571205122,124.859940049,1.498086497,54.668056829,1.000000000
520,fixed_random_bfs,12163209409,512,33,479,708,2000,1976,4,0.200000000,10881.926500000,10838.883000000,10837.937000000,0.939000000,43.043500000,86087,15.100000000,8.359524028,25.677747226,122.323840205,0.799337988,52.830148615,1.000000000
521,fixed_random_bfs,1548067813,512,15,497,88,2000,1976,12,0.600000000,10881.926500000,10826.709000000,10823.868000000,2.834000000,55.217500000,110435,19.350000000,8.359524028,25.719083488,123.333082147,1.057877817,52.918896636,1.000000000
522,fixed_random_bfs,4758581080,512,30,482,493,2000,1976,24,1.200000000,10881.926500000,10792.762000000,10787.301500000,5.453500000,89.164500000,178329,27.200000000,8.359524028,30.440914111,145.813378650,1.133543983,62.687512761,1.000000000
523,fixed_random_bfs,12461735905,512,25,487,119,2000,1976,0,0.000000000,10881.926500000,10867.929000000,10867.922000000,0.000000000,13.997500000,27995,5.250000000,8.359524028,20.662255058,100.363108802,0.762135767,42.399246146,1.000000000
524,fixed_random_bfs,11377962749,512,29,483,153,2000,1976,1,0.050000000,10881.926500000,10839.865500000,10839.834000000,0.024500000,42.061000000,84122,13.650000000,8.359524028,24.332138249,120.504885753,1.047338837,49.948456896,1.000000000
525,fixed_random_bfs,280240227,512,24,488,78,2000,1976,2,0.100000000,10881.926500000,10860.828000000,10860.645000000,0.176000000,21.098500000,42197,8.250000000,8.359524028,25.360305466,122.592492651,1.056963324,52.164260823,1.000000000
526,fixed_random_bfs,1188393879,512,26,486,554,2000,1976,1,0.050000000,10881.926500000,10878.352000000,10878.090500000,0.254500000,3.574500000,7149,0.950000000,8.359524028,27.030651726,132.922333500,1.492420055,55.631357036,1.000000000
527,fixed_random_bfs,1640863402,512,32,480,931,2000,1976,0,0.000000000,10881.926500000,10879.401500000,10879.394500000,0.000000000,2.525000000,5050,1.150000000,8.359524028,25.948376308,125.335403450,1.432049798,53.399127727,1.000000000
528,fixed_random_bfs,1199517179,512,18,494,213,2000,1976,0,0.000000000,10881.926500000,10880.274500000,10880.267500000,0.000000000,1.652000000,3304,0.400000000,8.359524028,26.528015921,129.075857253,0.760662933,54.567065051,1.000000000
529,fixed_random_bfs,3098121112,512,33,479,261,2000,1976,198,9.900000000,10881.926500000,10731.636500000,10687.878500000,43.751000000,150.290000000,300580,61.600000000,8.359524028,25.889329785,124.958222245,1.442585972,53.187623711,1.000000000
530,fixed_random_bfs,3170147742,512,28,484,627,2000,1976,2,0.100000000,10881.926500000,10876.940000000,10876.430000000,0.503000000,4.986500000,9973,1.800000000,8.359524028,27.890486544,135.473403500,1.446946639,57.416791491,1.000000000
531,fixed_random_bfs,11016886036,512,22,490,227,2000,1976,11,0.550000000,10881.926500000,10784.935500000,10782.285000000,2.643500000,96.991000000,193982,26.650000000,8.359524028,30.026234926,144.713318951,0.812229496,61.839670741,1.000000000
532,fixed_random_bfs,1548061658,512,31,481,683,2000,1976,4,0.200000000,10881.926500000,10846.734500000,10845.735500000,0.992000000,35.192000000,70384,11.600000000,8.359524028,25.593051509,123.623921801,1.168247510,52.656391676,1.000000000
533,fixed_random_bfs,1222473654,512,21,491,381,2000,1976,2,0.100000000,10881.926500000,10863.429500000,10862.910500000,0.512000000,18.497000000,36994,8.150000000,8.359524028,24.116062620,117.266822449,1.083103178,49.549412857,1.000000000
534,fixed_random_bfs,2083229096,512,23,489,345,2000,1976,0,0.000000000,10881.926500000,10844.967000000,10844.960000000,0.000000000,36.959500000,73919,12.000000000,8.359524028,19.975779070,95.973130301,1.051668509,40.970639318,1.000000000
535,fixed_random_bfs,1520370267,512,27,485,230,2000,1976,0,0.000000000,10881.926500000,10876.062500000,10876.055500000,0.000000000,5.864000000,11728,2.950000000,8.359524028,25.593865166,122.706402198,1.464771920,52.638841736,1.000000000
536,fixed_random_bfs,1324734395,512,25,487,530,2000,1976,1,0.050000000,10881.926500000,10880.788000000,10880.525500000,0.255500000,1.138500000,2277,1.250000000,8.359524028,20.906729111,101.524242553,0.823092677,42.898998716,1.000000000
537,fixed_random_bfs,9405079936,512,28,484,187,2000,1976,175,8.750000000,10881.926500000,10729.478500000,10695.477500000,33.994000000,152.448000000,304896,64.300000000,8.359524028,27.007178908,128.516875249,1.461528722,55.519884272,1.000000000
538,fixed_random_bfs,1550566756,512,28,484,409,2000,1976,2,0.100000000,10881.926500000,10875.819000000,10875.347000000,0.465000000,6.107500000,12215,2.000000000,8.359524028,25.865700842,126.778300100,1.452664233,53.217878590,1.000000000
539,fixed_random_bfs,1142606001,512,30,482,407,2000,1976,13,0.650000000,10881.926500000,10791.266500000,10789.222500000,2.037000000,90.660000000,181320,45.100000000,8.359524028,21.590993369,104.021071905,1.417571366,44.224488824,1.000000000
540,fixed_random_bfs,1143318298,512,26,486,319,2000,1976,3,0.150000000,10881.926500000,10857.720500000,10857.001000000,0.712500000,24.206000000,48412,7.950000000,8.359524028,26.031725791,127.822623547,1.095156677,53.652742839,1.000000000
541,fixed_random_bfs,432597947,512,34,478,575,2000,1976,24,1.200000000,10881.926500000,10796.038500000,10790.785000000,5.246500000,85.888000000,171776,29.900000000,8.359524028,25.769579873,125.669333400,1.566142558,52.991668788,1.000000000
542,fixed_random_bfs,293561772,512,12,500,75,2000,1976,0,0.000000000,10881.926500000,10860.987500000,10860.980500000,0.000000000,20.939000000,41878,5.450000000,8.359524028,25.896284478,125.274039851,1.093815971,53.270187489,1.000000000
543,fixed_random_bfs,1328041520,512,31,481,193,2000,1976,0,0.000000000,10881.926500000,10864.678000000,10864.671000000,0.000000000,17.248500000,34497,6.450000000,8.359524028,25.803910258,124.047197952,1.084563097,53.082569474,1.000000000
544,fixed_random_bfs,111467285,512,19,493,149,2000,1976,63,3.150000000,10881.926500000,10740.531500000,10727.962500000,12.562000000,141.395000000,282790,58.350000000,8.359524028,29.121748387,140.898301854,1.485051597,59.908226948,1.000000000
545,fixed_random_bfs,9081913534,512,17,495,226,2000,1976,0,0.000000000,10881.926500000,10878.249000000,10878.242000000,0.000000000,3.677500000,7355,1.400000000,8.359524028,25.850821695,123.571783049,1.077567244,53.186535237,1.000000000
546,fixed_random_bfs,1187119111,512,21,491,203,2000,1976,0,0.000000000,10881.926500000,10877.723000000,10877.716000000,0.000000000,4.203500000,8407,1.300000000,8.359524028,24.837370998,118.185040999,1.035171577,51.091486974,1.000000000
547,fixed_random_bfs,1919773620,512,41,471,1033,2000,1976,1,0.050000000,10881.926500000,10855.120000000,10855.112000000,0.001000000,26.806500000,53613,9.050000000,8.359524028,19.781438150,95.140069554,0.772630482,40.572571707,1.000000000
548,fixed_random_bfs,2854248778,512,18,494,257,2000,1976,1,0.050000000,10881.926500000,10863.608000000,10863.347500000,0.253500000,18.318500000,36637,7.200000000,8.359524028,25.466719372,123.194424552,1.506600932,52.376573033,1.000000000
549,fixed_random_bfs,6228577942,512,27,485,248,2000,1976,4,0.200000000,10881.926500000,10846.975500000,10846.095500000,0.873000000,34.951000000,69902,10.350000000,8.359524028,26.045312430,125.377252553,1.063998299,53.586043802,1.000000000
550,fixed_random_bfs,1520366710,512,23,489,383,2000,1976,1,0.050000000,10881.926500000,10875.011500000,10874.753500000,0.251000000,6.915000000,13830,2.200000000,8.359524028,30.638191109,149.501799153,1.491414115,63.117670831,1.000000000
551,fixed_random_bfs,13007100842,512,19,493,49,2000,1976,2,0.100000000,10881.926500000,10843.458000000,10843.264000000,0.187000000,38.468500000,76937,12.600000000,8.359524028,22.303146905,107.277458946,1.068608708,45.806907778,1.000000000
552,fixed_random_bfs,12131036962,512,14,498,38,2000,1976,0,0.000000000,10881.926500000,10867.336500000,10867.329500000,0.000000000,14.590000000,29180,5.100000000,8.359524028,21.628820614,102.695141800,0.808464020,44.304807011,1.000000000
553,fixed_random_bfs,64650189,512,25,487,553,2000,1976,0,0.000000000,10881.926500000,10853.063000000,10853.056000000,0.000000000,28.863500000,57727,8.450000000,8.359524028,21.344736251,102.832984650,0.821310851,43.793691511,1.000000000
554,fixed_random_bfs,1520382617,512,26,486,490,2000,1976,2,0.100000000,10881.926500000,10877.105000000,10876.596000000,0.502000000,4.821500000,9643,1.650000000,8.359524028,26.782078315,130.319499550,1.066160912,55.107809170,1.000000000
555,fixed_random_bfs,2469471998,512,27,485,211,2000,1976,1,0.050000000,10881.926500000,10878.143000000,10878.134500000,0.001500000,3.783500000,7567,4.700000000,8.359524028,28.864225884,138.207723898,1.134843400,59.412429420,1.000000000
556,fixed_random_bfs,1731183139,512,32,480,816,2000,1976,0,0.000000000,10881.926500000,10873.572000000,10873.565000000,0.000000000,8.354500000,16709,3.050000000,8.359524028,24.878826697,115.867082656,1.071146260,51.177452148,1.000000000
557,fixed_random_bfs,12458783094,512,30,482,256,2000,1976,298,14.900000000,10881.926500000,10706.417500000,10650.261000000,56.149500000,175.509000000,351018,63.250000000,8.359524028,23.933039068,118.568071300,1.167228708,49.044165638,1.000000000
558,fixed_random_bfs,5307690002,512,43,469,1199,2000,1976,53,2.650000000,10881.926500000,10805.732500000,10793.014000000,12.711500000,76.194000000,152388,27.500000000,8.359524028,26.111019274,126.426418797,1.458724593,53.696881016,1.000000000
559,fixed_random_bfs,1436603178,512,24,488,208,2000,1976,1,0.050000000,10881.926500000,10866.661000000,10866.426000000,0.228000000,15.265500000,30531,5.900000000,8.359524028,26.194847319,129.319321852,1.444605074,53.892683132,1.000000000
560,fixed_random_bfs,1143317142,512,37,475,334,2000,1976,28,1.400000000,10881.926500000,10795.913000000,10790.965500000,4.940500000,86.013500000,172027,34.300000000,8.359524028,23.890165941,115.527460652,1.236292777,49.106438256,1.000000000
561,fixed_random_bfs,13945733928,512,26,486,295,2000,1976,1,0.050000000,10881.926500000,10857.813000000,10857.590500000,0.215500000,24.113500000,48227,5.700000000,8.359524028,25.092573001,121.877670406,1.563910300,51.589358605,1.000000000
562,fixed_random_bfs,10915059235,512,39,473,403,2000,1976,33,1.650000000,10881.926500000,10800.533500000,10794.853500000,5.673000000,81.393000000,162786,35.500000000,8.359524028,29.330806999,141.729749251,1.111718428,60.346273654,1.000000000
563,fixed_random_bfs,12128031535,512,27,485,368,2000,1976,1,0.050000000,10881.926500000,10854.063000000,10853.830500000,0.225500000,27.863500000,55727,6.900000000,8.359524028,24.704360336,119.324629302,1.439250513,50.806835315,1.000000000
564,fixed_random_bfs,13012313553,512,38,474,473,2000,1976,10,0.500000000,10881.926500000,10821.899500000,10819.414000000,2.478500000,60.027000000,120054,24.350000000,8.359524028,23.394244716,111.016881049,1.152792215,48.068568397,1.000000000
565,fixed_random_bfs,5849890921,512,41,471,493,2000,1976,72,3.600000000,10881.926500000,10769.121500000,10754.958500000,14.156000000,112.805000000,225610,41.200000000,8.359524028,25.867455565,125.407350150,1.083201527,53.181345308,1.000000000
566,fixed_random_bfs,1037307083,512,24,488,363,2000,1976,1,0.050000000,10881.926500000,10861.995000000,10861.739500000,0.248500000,19.931500000,39863,8.850000000,8.359524028,26.017591262,125.718914349,1.445805711,53.528308465,1.000000000
567,fixed_random_bfs,25532144,512,42,470,162,2000,1976,4,0.200000000,10881.926500000,10831.991000000,10831.482000000,0.502000000,49.935500000,99871,35.550000000,8.359524028,22.835901479,109.624915797,1.144652889,46.879944140,1.000000000
568,fixed_random_bfs,1328041849,512,10,502,81,2000,1976,2,0.100000000,10881.926500000,10871.812000000,10871.293000000,0.512000000,10.114500000,20229,4.500000000,8.359524028,21.213505327,103.441044753,1.085668164,43.441067888,1.000000000
569,fixed_random_bfs,1262329290,512,24,488,298,2000,1976,4,0.200000000,10881.926500000,10850.747000000,10849.784000000,0.956000000,31.179500000,62359,10.050000000,8.359524028,30.153242801,145.701128899,1.151500394,62.089353614,1.000000000
570,fixed_random_bfs,1131291372,512,32,480,292,2000,1976,11,0.550000000,10881.926500000,10844.145500000,10842.977500000,1.161000000,37.781000000,75562,11.900000000,8.359524028,24.976943322,119.562840600,1.083715877,51.363212811,1.000000000
571,fixed_random_bfs,13370027491,512,22,490,222,2000,1976,0,0.000000000,10881.926500000,10873.673000000,10873.666000000,0.000000000,8.253500000,16507,2.450000000,8.359524028,25.549167693,120.948674047,1.430387857,52.532733120,1.000000000
572,fixed_random_bfs,4412468488,512,46,466,945,2000,1976,2,0.100000000,10881.926500000,10827.354000000,10826.882000000,0.465000000,54.572500000,109145,16.300000000,8.359524028,25.674977843,121.866281598,1.552501423,52.829006831,1.000000000
573,fixed_random_bfs,734659787,512,38,474,258,2000,1976,3,0.150000000,10881.926500000,10863.387500000,10863.091500000,0.289000000,18.539000000,37078,7.400000000,8.359524028,22.791332057,108.688657401,1.482458772,46.803572603,1.000000000
574,fixed_random_bfs,4438030089,512,44,468,296,2000,1976,45,2.250000000,10881.926500000,10767.850500000,10764.124500000,3.719000000,114.076000000,228152,47.000000000,8.359524028,25.669084716,124.280177401,1.068073896,52.791282143,1.000000000
575,fixed_random_bfs,4526689695,512,35,477,379,2000,1976,62,3.100000000,10881.926500000,10771.200500000,10757.905500000,13.288000000,110.726000000,221452,44.400000000,8.359524028,24.443563188,120.216593954,1.042897635,50.250005146,1.000000000
576,fixed_random_bfs,9922143987,512,24,488,312,2000,1976,4,0.200000000,10881.926500000,10876.963500000,10876.023500000,0.933000000,4.963000000,9926,1.500000000,8.359524028,27.086595979,130.292205350,1.074529452,55.730830388,1.000000000
577,fixed_random_bfs,8936327877,512,30,482,279,2000,1976,1,0.050000000,10881.926500000,10870.252500000,10870.061000000,0.184500000,11.674000000,23348,4.150000000,8.359524028,22.077742376,106.317153251,0.795561457,45.330424567,1.000000000
578,fixed_random_bfs,1163403131,512,34,478,743,2000,1976,1,0.050000000,10881.926500000,10873.527500000,10873.275500000,0.245000000,8.399000000,16798,3.350000000,8.359524028,24.502034059,118.393216701,1.061703377,50.400941837,1.000000000
579,fixed_random_bfs,1556196994,512,19,493,342,2000,1976,0,0.000000000,10881.926500000,10880.814500000,10880.807500000,0.000000000,1.112000000,2224,0.700000000,8.359524028,22.619410875,108.378835999,1.519715856,46.460811211,1.000000000
580,fixed_random_bfs,1642971058,512,25,487,224,2000,1976,0,0.000000000,10881.926500000,10873.120000000,10873.113000000,0.000000000,8.806500000,17613,2.600000000,8.359524028,24.667004756,114.845323201,0.808452694,50.638130785,1.000000000
581,fixed_random_bfs,5281885070,512,31,481,218,2000,1976,7,0.350000000,10881.926500000,10809.840000000,10809.051000000,0.782000000,72.086500000,144173,27.450000000,8.359524028,25.496255182,125.179401753,0.801499892,52.432954387,1.000000000
582,fixed_random_bfs,11394388198,512,29,483,329,2000,1976,5,0.250000000,10881.926500000,10855.057000000,10853.839500000,1.210500000,26.869500000,53739,8.500000000,8.359524028,25.337664417,123.995808499,1.464309708,52.111586568,1.000000000
583,fixed_random_bfs,1110690935,512,47,465,358,2000,1976,138,6.900000000,10881.926500000,10714.003000000,10696.641500000,17.354500000,167.923500000,335847,66.650000000,8.359524028,26.232153644,122.451740947,1.483405165,53.896009134,1.000000000
584,fixed_random_bfs,1143317207,512,36,476,546,2000,1976,4,0.200000000,10881.926500000,10853.716000000,10852.757000000,0.952000000,28.210500000,56421,8.850000000,8.359524028,25.888245864,124.670390404,1.078120504,53.269767523,1.000000000
585,fixed_random_bfs,698737749,512,23,489,142,2000,1976,5,0.250000000,10881.926500000,10847.141000000,10846.048500000,1.085500000,34.785500000,69571,10.500000000,8.359524028,26.036647774,124.722349197,1.074915390,53.558907388,1.000000000
586,fixed_random_bfs,12638608676,512,22,490,293,2000,1976,0,0.000000000,10881.926500000,10862.557500000,10862.550500000,0.000000000,19.369000000,38738,7.300000000,8.359524028,23.786008972,115.178431752,1.071429223,48.866924691,1.000000000
587,fixed_random_bfs,12486990550,512,19,493,108,2000,1976,1,0.050000000,10881.926500000,10875.947500000,10875.717500000,0.223000000,5.979000000,11958,3.700000000,8.359524028,23.818520215,115.367577603,1.083248755,48.968865799,1.000000000
588,fixed_random_bfs,702048345,512,31,481,631,2000,1976,0,0.000000000,10881.926500000,10877.649500000,10877.642500000,0.000000000,4.277000000,8554,1.450000000,8.359524028,25.206833527,122.506303804,1.072950663,51.840403951,1.000000000
589,fixed_random_bfs,430262130,512,19,493,274,2000,1976,6,0.300000000,10881.926500000,10838.069000000,10836.550500000,1.511500000,43.857500000,87715,13.950000000,8.359524028,29.052207834,139.077060153,1.133976566,59.875022410,1.000000000
590,fixed_random_bfs,3150221379,512,32,480,392,2000,1976,1,0.050000000,10881.926500000,10870.236500000,10870.053000000,0.176500000,11.690000000,23380,4.150000000,8.359524028,23.493716160,116.589522854,1.441402963,48.266660851,1.000000000
591,fixed_random_bfs,12055130663,512,22,490,189,2000,1976,0,0.000000000,10881.926500000,10873.838500000,10873.831500000,0.000000000,8.088000000,16176,3.450000000,8.359524028,30.543831141,148.179659253,1.491796586,62.910920271,1.000000000
592,fixed_random_bfs,13038244561,512,35,477,765,2000,1976,1,0.050000000,10881.926500000,10876.941000000,10876.695000000,0.239000000,4.985500000,9971,1.550000000,8.359524028,24.589936987,118.760010601,1.396919133,50.564862348,1.000000000
593,fixed_random_bfs,12055135304,512,25,487,404,2000,1976,0,0.000000000,10881.926500000,10868.648500000,10868.641500000,0.000000000,13.278000000,26556,5.750000000,8.359524028,21.903940310,104.513285445,1.059127291,44.956040827,1.000000000
594,fixed_random_bfs,6249235104,512,45,467,547,2000,1976,32,1.600000000,10881.926500000,10802.423000000,10797.855500000,4.560500000,79.503500000,159007,33.550000000,8.359524028,21.996443204,105.138626849,0.811129875,45.150673777,1.000000000
595,fixed_random_bfs,6505017036,512,31,481,607,2000,1976,2,0.100000000,10881.926500000,10874.062500000,10873.564500000,0.491000000,7.864000000,15728,3.000000000,8.359524028,25.031214526,119.474728206,1.418405975,51.455210062,1.000000000
596,fixed_random_bfs,1143316741,512,32,480,268,2000,1976,4,0.200000000,10881.926500000,10845.166500000,10844.668000000,0.491500000,36.760000000,73520,10.050000000,8.359524028,29.688117499,140.825570306,1.438472910,61.072587929,1.000000000
597,fixed_random_bfs,500335384,512,31,481,494,2000,1976,0,0.000000000,10881.926500000,10856.281500000,10856.274500000,0.000000000,25.645000000,51290,5.800000000,8.359524028,25.997181534,125.366917802,1.459933266,53.484216550,1.000000000
598,fixed_random_bfs,1551004795,512,17,495,272,2000,1976,0,0.000000000,10881.926500000,10879.037500000,10879.030500000,0.000000000,2.889000000,5778,0.950000000,8.359524028,26.117074554,126.079423649,0.874533584,53.733681640,1.000000000
599,fixed_random_bfs,2213321429,512,26,486,181,2000,1976,329,16.450000000,10881.926500000,10730.916500000,10687.514000000,43.395500000,151.010000000,302020,58.700000000,8.359524028,21.870449149,104.081873150,0.754752090,44.751428876,1.000000000
600,fixed_random_bfs,1550561072,512,32,480,292,2000,1976,1,0.050000000,10881.926500000,10873.834500000,10873.633500000,0.194000000,8.092000000,16184,3.000000000,8.359524028,22.826820481,112.499426997,1.376398195,46.887356998,1.000000000
601,fixed_random_bfs,128668294,512,27,485,365,2000,1976,74,3.700000000,10881.926500000,10779.934000000,10763.809000000,16.118000000,101.992500000,203985,35.300000000,8.359524028,26.151753443,126.241620896,1.451838688,53.739111712,1.000000000
602,fixed_random_bfs,3134151980,512,23,489,123,2000,1976,1,0.050000000,10881.926500000,10875.222000000,10875.041500000,0.173500000,6.704500000,13409,4.600000000,8.359524028,24.639492166,117.981475450,1.412734267,50.677831877,1.000000000
603,fixed_random_bfs,12051483867,512,30,482,451,2000,1976,0,0.000000000,10881.926500000,10868.003000000,10867.996000000,0.000000000,13.923500000,27847,5.450000000,8.359524028,26.079840675,127.201521145,1.475516556,53.658954299,1.000000000
604,fixed_random_bfs,2184077119,512,38,474,835,2000,1976,9,0.450000000,10881.926500000,10834.895000000,10833.065000000,1.823000000,47.031500000,94063,17.050000000,8.359524028,30.608721579,145.913084901,1.156710530,63.053706952,1.000000000
605,fixed_random_bfs,8934377491,512,17,495,272,2000,1976,0,0.000000000,10881.926500000,10874.336500000,10874.329500000,0.000000000,7.590000000,15180,3.000000000,8.359524028,22.868925744,109.102258352,0.795314187,46.983184018,1.000000000
606,fixed_random_bfs,1050531203,512,28,484,227,2000,1976,5,0.250000000,10881.926500000,10843.208000000,10842.376500000,0.824500000,38.718500000,77437,15.400000000,8.359524028,24.694158403,119.396309354,1.041693851,50.782745010,1.000000000
607,fixed_random_bfs,8011183435,512,22,490,232,2000,1976,0,0.000000000,10881.926500000,10872.351000000,10872.344000000,0.000000000,9.575500000,19151,3.850000000,8.359524028,25.419462150,125.053420449,0.779358564,52.270009048,1.000000000
608,fixed_random_bfs,1173444039,512,23,489,364,2000,1976,2,0.100000000,10881.926500000,10878.285500000,10877.772500000,0.506000000,3.641000000,7282,0.950000000,8.359524028,23.908713167,114.841511448,1.505671812,49.138537610,1.000000000
609,fixed_random_bfs,497301828,512,26,486,243,2000,1976,6,0.300000000,10881.926500000,10810.636500000,10809.423500000,1.206000000,71.290000000,142580,22.450000000,8.359524028,22.670967257,109.311240650,1.083269935,46.567205717,1.000000000
610,fixed_random_bfs,1165931639,512,36,476,628,2000,1976,1,0.050000000,10881.926500000,10871.335000000,10871.100500000,0.227500000,10.591500000,21183,3.400000000,8.359524028,30.593988165,148.646826549,1.148419378,63.033634334,1.000000000
611,fixed_random_bfs,454550131,512,27,485,351,2000,1976,4,0.200000000,10881.926500000,10842.154500000,10841.172500000,0.975000000,39.772000000,79544,14.100000000,8.359524028,24.596033496,118.315866798,1.022085436,50.581946498,1.000000000
612,fixed_random_bfs,8341803256,512,39,473,365,2000,1976,20,1.000000000,10881.926500000,10818.248000000,10815.232500000,3.008500000,63.678500000,127357,23.650000000,8.359524028,26.770898212,127.282214449,1.393843485,55.043699827,1.000000000
613,fixed_random_bfs,10284203355,512,18,494,228,2000,1976,17,0.850000000,10881.926500000,10837.458500000,10834.699500000,2.752000000,44.468000000,88936,14.900000000,8.359524028,20.946958267,100.273533949,0.806754068,42.965550193,1.000000000
614,fixed_random_bfs,450324063,512,30,482,785,2000,1976,0,0.000000000,10881.926500000,10871.153000000,10871.146000000,0.000000000,10.773500000,21547,3.550000000,8.359524028,20.979322219,100.323677453,1.083252059,43.061099728,1.000000000
615,fixed_random_bfs,1556196243,512,17,495,272,2000,1976,0,0.000000000,10881.926500000,10880.996000000,10880.989000000,0.000000000,0.930500000,1861,0.550000000,8.359524028,21.587320094,102.905856500,1.150211370,44.231829696,1.000000000
616,fixed_random_bfs,11364764954,512,38,474,533,2000,1976,4,0.200000000,10881.926500000,10849.792000000,10848.959000000,0.826000000,32.134500000,64269,11.500000000,8.359524028,24.700263849,120.363582395,1.497186782,50.774014949,1.000000000
617,fixed_random_bfs,1548078127,512,24,488,253,2000,1976,2,0.100000000,10881.926500000,10850.752500000,10850.378000000,0.367500000,31.174000000,62348,15.550000000,8.359524028,25.923393820,126.571782699,1.082415550,53.319473467,1.000000000
618,fixed_random_bfs,8375236702,512,31,481,492,2000,1976,15,0.750000000,10881.926500000,10774.012000000,10770.672500000,3.332500000,107.914500000,215829,31.300000000,8.359524028,24.523483044,119.051570750,1.043972188,50.424104320,1.000000000
619,fixed_random_bfs,534478825,512,36,476,423,2000,1976,79,3.950000000,10881.926500000,10772.220500000,10755.720000000,16.493500000,109.706000000,219412,43.000000000,8.359524028,25.736788748,124.936071504,1.475844177,52.917409423,1.000000000
620,fixed_random_bfs,1126355534,512,25,487,348,2000,1976,0,0.000000000,10881.926500000,10860.375000000,10860.368000000,0.000000000,21.551500000,43103,7.550000000,8.359524028,26.036143660,126.902843850,1.108356566,53.567456117,1.000000000
621,fixed_random_bfs,4695855091,512,37,475,906,2000,1976,2,0.100000000,10881.926500000,10870.202500000,10869.707500000,0.488000000,11.724000000,23448,4.100000000,8.359524028,26.762884616,130.590055748,0.790370307,55.107404490,1.000000000
622,fixed_random_bfs,4463731558,512,35,477,454,2000,1976,9,0.450000000,10881.926500000,10819.337500000,10817.300000000,2.030500000,62.589000000,125178,22.000000000,8.359524028,24.544019448,119.938989049,1.401428069,50.477799102,1.000000000
623,fixed_random_bfs,6845383892,512,27,485,532,2000,1976,0,0.000000000,10881.926500000,10877.454500000,10877.447500000,0.000000000,4.472000000,8944,1.550000000,8.359524028,24.557545842,117.262897699,1.044912787,50.509511843,1.000000000
624,fixed_random_bfs,129548931,512,51,461,681,2000,1976,107,5.350000000,10881.926500000,10750.209000000,10731.672000000,18.530000000,131.717500000,263435,57.600000000,8.359524028,25.105667513,123.804086253,1.482958008,51.574510282,1.000000000
625,fixed_random_bfs,1324733180,512,31,481,786,2000,1976,1,0.050000000,10881.926500000,10881.285500000,10881.024000000,0.254500000,0.641000000,1282,1.100000000,8.359524028,30.607259766,147.293344753,1.510755506,63.057371951,1.000000000
626,fixed_random_bfs,5271102193,512,37,475,498,2000,1976,1,0.050000000,10881.926500000,10852.873500000,10852.662500000,0.204000000,29.053000000,58106,9.750000000,8.359524028,20.787691196,100.553939300,1.139501629,42.641568733,1.000000000
627,fixed_random_bfs,4441072618,512,39,473,849,2000,1976,13,0.650000000,10881.926500000,10811.701000000,10809.451000000,2.243000000,70.225500000,140451,27.600000000,8.359524028,21.068747566,97.460407497,1.322277951,43.240838871,1.000000000
628,fixed_random_bfs,90380817,512,34,478,423,2000,1976,51,2.550000000,10881.926500000,10824.681500000,10814.466000000,10.208500000,57.245000000,114490,19.450000000,8.359524028,30.356563272,148.849612949,1.385078427,62.467150800,1.000000000
629,fixed_random_bfs,13381299152,512,18,494,227,2000,1976,1,0.050000000,10881.926500000,10872.713500000,10872.473000000,0.233500000,9.213000000,18426,3.550000000,8.359524028,23.332356821,113.178021051,1.403113714,47.858234558,1.000000000
630,fixed_random_bfs,3921306354,512,31,481,631,2000,1976,1,0.050000000,10881.926500000,10854.948500000,10854.710000000,0.231500000,26.978000000,53956,7.150000000,8.359524028,22.006625172,104.729330199,0.752503632,45.199057261,1.000000000
631,fixed_random_bfs,1112073344,512,38,474,566,2000,1976,2,0.100000000,10881.926500000,10845.111500000,10844.678500000,0.426000000,36.815000000,73630,14.100000000,8.359524028,30.734221733,148.784840103,1.539912472,63.291390965,1.000000000
632,fixed_random_bfs,4566797444,512,27,485,448,2000,1976,41,2.050000000,10881.926500000,10790.546000000,10780.814500000,9.724500000,91.380500000,182761,37.900000000,8.359524028,20.800613870,98.780195752,0.824425830,42.654766754,1.000000000
633,fixed_random_bfs,1670426636,512,31,481,306,2000,1976,4,0.200000000,10881.926500000,10836.354000000,10835.677000000,0.670000000,45.572500000,91145,21.850000000,8.359524028,24.528739204,118.604874303,1.388958323,50.441862399,1.000000000
634,fixed_random_bfs,6994660235,512,33,479,707,2000,1976,0,0.000000000,10881.926500000,10879.238000000,10879.231000000,0.000000000,2.688500000,5377,0.700000000,8.359524028,25.758035827,123.890503153,1.467727362,52.995682499,1.000000000
635,fixed_random_bfs,25632453,512,42,470,318,2000,1976,144,7.200000000,10881.926500000,10698.512500000,10678.576500000,19.929000000,183.414000000,366828,68.600000000,8.359524028,25.496486362,123.204998250,1.103594717,52.381103400,1.000000000
636,fixed_random_bfs,4644509199,512,33,479,518,2000,1976,3,0.150000000,10881.926500000,10867.092500000,10866.401500000,0.684000000,14.834000000,29668,6.750000000,8.359524028,26.003654788,126.002554355,1.446191115,53.506773765,1.000000000
637,fixed_random_bfs,11635586344,512,41,471,1335,2000,1976,0,0.000000000,10881.926500000,10874.671000000,10874.664000000,0.000000000,7.255500000,14511,2.550000000,8.359524028,24.487300395,118.548072650,1.071410607,50.369631615,1.000000000
638,fixed_random_bfs,1551011927,512,33,479,788,2000,1976,3,0.150000000,10881.926500000,10853.220500000,10852.463500000,0.750000000,28.706000000,57412,8.650000000,8.359524028,24.426163044,118.509940752,1.412974402,50.248274053,1.000000000
639,fixed_random_bfs,1216830857,512,40,472,218,2000,1976,2,0.100000000,10881.926500000,10806.589500000,10806.338500000,0.244000000,75.337000000,150674,31.600000000,8.359524028,29.466233320,141.247841200,1.517321061,60.723173179,1.000000000
640,fixed_random_bfs,6394782026,512,27,485,327,2000,1976,0,0.000000000,10881.926500000,10855.763500000,10855.756500000,0.000000000,26.163000000,52326,6.300000000,8.359524028,22.333486176,107.158881395,0.814597352,45.869129136,1.000000000
641,fixed_random_bfs,3913816566,512,23,489,484,2000,1976,0,0.000000000,10881.926500000,10866.910000000,10866.903000000,0.000000000,15.016500000,30033,4.350000000,8.359524028,20.808423896,100.261293099,0.789148724,42.686557717,1.000000000
642,fixed_random_bfs,1198829476,512,29,483,449,2000,1976,3,0.150000000,10881.926500000,10868.597000000,10867.861000000,0.729000000,13.329500000,26659,5.150000000,8.359524028,22.403066900,108.344185154,1.030284836,46.015642005,1.000000000
643,fixed_random_bfs,12051485772,512,32,480,656,2000,1976,1,0.050000000,10881.926500000,10866.682000000,10866.438000000,0.237000000,15.244500000,30489,6.100000000,8.359524028,21.091655310,102.213998298,0.786813399,43.188392908,1.000000000
644,fixed_random_bfs,1147305578,512,34,478,201,2000,1976,3,0.150000000,10881.926500000,10857.016500000,10856.564000000,0.445500000,24.910000000,49820,9.900000000,8.359524028,21.401826352,102.548624398,1.423335466,43.924062467,1.000000000
645,fixed_random_bfs,7653856117,512,27,485,222,2000,1976,3,0.150000000,10881.926500000,10842.053500000,10841.395500000,0.651000000,39.873000000,79746,13.750000000,8.359524028,23.662964017,115.686530348,1.115051705,48.630831954,1.000000000
646,fixed_random_bfs,4458099456,512,31,481,304,2000,1976,48,2.400000000,10881.926500000,10756.112500000,10746.296500000,9.809000000,125.814000000,251628,45.200000000,8.359524028,30.277480926,145.520680956,1.136609855,62.347445432,1.000000000
647,fixed_random_bfs,13046307574,512,32,480,537,2000,1976,0,0.000000000,10881.926500000,10865.412500000,10865.405500000,0.000000000,16.514000000,33028,5.750000000,8.359524028,30.323911231,148.886666250,1.142299667,62.454489674,1.000000000
648,fixed_random_bfs,1191411624,512,39,473,1004,2000,1976,2,0.100000000,10881.926500000,10876.720500000,10876.232500000,0.481000000,5.206000000,10412,1.850000000,8.359524028,30.814333695,151.824276951,1.158648176,63.465373378,1.000000000
649,fixed_random_bfs,8303467628,512,26,486,282,2000,1976,5,0.250000000,10881.926500000,10844.226500000,10843.124000000,1.095500000,37.700000000,75400,11.450000000,8.359524028,24.534911650,119.397496447,1.038574296,50.452916066,1.000000000
650,fixed_random_bfs,3713843052,512,29,483,117,2000,1976,60,3.000000000,10881.926500000,10843.146500000,10836.164000000,6.975500000,38.780000000,77560,30.800000000,8.359524028,24.519074982,118.929348850,1.064124696,50.373914661,1.000000000
651,fixed_random_bfs,1300694076,512,31,481,733,2000,1976,1,0.050000000,10881.926500000,10879.953500000,10879.699000000,0.247500000,1.973000000,3946,0.600000000,8.359524028,25.958942216,126.514248849,1.475884670,53.398187547,1.000000000
652,fixed_random_bfs,9487022399,512,33,479,280,2000,1976,141,7.050000000,10881.926500000,10718.066000000,10690.662500000,27.396500000,163.860500000,327721,62.750000000,8.359524028,20.561574564,100.246700854,1.121224483,42.155709138,1.000000000
653,fixed_random_bfs,3679308954,512,32,480,234,2000,1976,2,0.100000000,10881.926500000,10868.036000000,10867.823500000,0.205500000,13.890500000,27781,8.750000000,8.359524028,26.019496657,125.244384347,1.111800926,53.533409133,1.000000000
654,fixed_random_bfs,1291503779,512,37,475,483,2000,1976,73,3.650000000,10881.926500000,10772.983000000,10757.466500000,15.509500000,108.943500000,217887,39.100000000,8.359524028,25.756200579,123.702598445,1.427184364,52.960196162,1.000000000
655,fixed_random_bfs,4965877140,512,24,488,507,2000,1976,4,0.200000000,10881.926500000,10874.907500000,10873.878500000,1.022000000,7.019000000,14038,2.500000000,8.359524028,24.453590414,116.828654155,1.444412565,50.294449461,1.000000000
656,fixed_random_bfs,11105950323,512,49,463,694,2000,1976,58,2.900000000,10881.926500000,10781.406500000,10771.084000000,10.315500000,100.520000000,201040,44.850000000,8.359524028,23.250126381,111.573088953,1.102607721,47.758196435,1.000000000
657,fixed_random_bfs,12461736113,512,22,490,79,2000,1976,0,0.000000000,10881.926500000,10868.618000000,10868.611000000,0.000000000,13.308500000,26617,5.400000000,8.359524028,24.469798151,118.293189498,1.047603925,50.324413345,1.000000000
658,fixed_random_bfs,4767426076,512,21,491,164,2000,1976,0,0.000000000,10881.926500000,10861.922000000,10861.915000000,0.000000000,20.004500000,40009,6.400000000,8.359524028,21.931247409,104.969958697,1.050209477,44.942088513,1.000000000
659,fixed_random_bfs,1548068554,512,22,490,217,2000,1976,1,0.050000000,10881.926500000,10859.606500000,10859.365500000,0.234000000,22.320000000,44640,6.900000000,8.359524028,19.696692097,94.977586304,0.742414585,40.388885384,1.000000000
660,fixed_random_bfs,8421467159,512,26,486,335,2000,1976,16,0.800000000,10881.926500000,10816.464000000,10813.071000000,3.386000000,65.462500000,130925,21.500000000,8.359524028,29.041406449,139.749780502,1.134788125,59.764849136,1.000000000
661,fixed_random_bfs,1143317433,512,24,488,413,2000,1976,2,0.100000000,10881.926500000,10856.248500000,10855.729500000,0.512000000,25.678000000,51356,7.900000000,8.359524028,20.702788134,100.752838550,0.795649196,42.471824818,1.000000000
662,fixed_random_bfs,1147306980,512,29,483,285,2000,1976,3,0.150000000,10881.926500000,10855.758000000,10855.131500000,0.619500000,26.168500000,52337,8.500000000,8.359524028,28.924278159,136.461584254,1.493052893,59.541426934,1.000000000
663,fixed_random_bfs,1839824347,512,44,468,1132,2000,1976,1,0.050000000,10881.926500000,10852.954500000,10852.713000000,0.234500000,28.972000000,57944,9.850000000,8.359524028,30.031902151,145.997109001,1.507784132,61.865607658,1.000000000
664,fixed_random_bfs,1143318758,512,32,480,473,2000,1976,12,0.600000000,10881.926500000,10849.528500000,10846.407000000,3.114500000,32.398000000,64796,13.600000000,8.359524028,20.752313768,100.333070551,0.791898975,42.566408505,1.000000000
665,fixed_random_bfs,4761669979,512,31,481,513,2000,1976,1,0.050000000,10881.926500000,10853.005500000,10852.778000000,0.220500000,28.921000000,57842,10.700000000,8.359524028,24.627399913,120.406520852,1.399476621,50.639528845,1.000000000
666,fixed_random_bfs,4527005332,512,32,480,328,2000,1976,0,0.000000000,10881.926500000,10858.126000000,10858.119000000,0.000000000,23.800500000,47601,8.650000000,8.359524028,25.778879121,124.410995698,1.434928095,53.037673895,1.000000000
667,fixed_random_bfs,7678725064,512,39,473,740,2000,1976,0,0.000000000,10881.926500000,10870.836500000,10870.829500000,0.000000000,11.090000000,22180,4.400000000,8.359524028,29.247298805,137.067354997,1.583714352,60.199573197,1.000000000
668,fixed_random_bfs,12055134685,512,32,480,302,2000,1976,0,0.000000000,10881.926500000,10874.437000000,10874.430000000,0.000000000,7.489500000,14979,5.100000000,8.359524028,24.577478638,117.950965353,1.065416890,50.549772946,1.000000000
669,fixed_random_bfs,4597723515,512,48,464,838,2000,1976,82,4.100000000,10881.926500000,10736.376500000,10717.745000000,18.624500000,145.550000000,291100,56.550000000,8.359524028,21.690386061,101.833436700,1.078538394,44.480162151,1.000000000
670,fixed_random_bfs,12964656084,512,38,474,713,2000,1976,7,0.350000000,10881.926500000,10853.709500000,10852.143500000,1.559000000,28.217000000,56434,10.450000000,8.359524028,26.044862245,125.336984252,1.086149011,53.541654176,1.000000000
671,fixed_random_bfs,3573222475,512,22,490,251,2000,1976,3,0.150000000,10881.926500000,10853.248000000,10852.512000000,0.729000000,28.678500000,57357,9.600000000,8.359524028,24.530478250,118.230416696,1.517138614,50.443395435,1.000000000
672,fixed_random_bfs,12459075394,512,40,472,439,2000,1976,0,0.000000000,10881.926500000,10848.750500000,10848.743500000,0.000000000,33.176000000,66352,11.800000000,8.359524028,24.441802779,118.026778402,1.090878091,50.264963383,1.000000000
673,fixed_random_bfs,4477811710,512,21,491,245,2000,1976,7,0.350000000,10881.926500000,10851.242500000,10849.807500000,1.428000000,30.684000000,61368,9.500000000,8.359524028,25.818285474,123.360007647,1.518001780,53.119027467,1.000000000
674,fixed_random_bfs,4567258270,512,22,490,220,2000,1976,4,0.200000000,10881.926500000,10851.505500000,10850.588500000,0.910000000,30.421000000,60842,12.100000000,8.359524028,21.112182332,100.187133702,0.852273900,43.222127217,1.000000000
675,fixed_random_bfs,1419378645,512,22,490,401,2000,1976,0,0.000000000,10881.926500000,10878.675500000,10878.668500000,0.000000000,3.251000000,6502,1.050000000,8.359524028,25.791827692,124.795871396,1.119706967,53.062775103,1.000000000
676,fixed_random_bfs,1173487052,512,27,485,370,2000,1976,0,0.000000000,10881.926500000,10877.333500000,10877.326500000,0.000000000,4.593000000,9186,1.100000000,8.359524028,20.426210143,98.822816347,1.054909167,41.901714700,1.000000000
677,fixed_random_bfs,4567403788,512,27,485,199,2000,1976,42,2.100000000,10881.926500000,10793.257000000,10784.408000000,8.842000000,88.669500000,177339,28.100000000,8.359524028,28.831820240,137.432590149,1.432720225,59.303788025,1.000000000
678,fixed_random_bfs,12051483783,512,35,477,569,2000,1976,0,0.000000000,10881.926500000,10869.082000000,10869.075000000,0.000000000,12.844500000,25689,5.100000000,8.359524028,20.892787045,101.548540953,1.079369724,42.859103418,1.000000000
679,fixed_random_bfs,3846227355,512,31,481,359,2000,1976,1,0.050000000,10881.926500000,10876.104000000,10875.874500000,0.222500000,5.822500000,11645,1.950000000,8.359524028,27.146682869,129.409549548,0.797114857,55.864561968,1.000000000
680,fixed_random_bfs,12459441504,512,49,463,510,2000,1976,11,0.550000000,10881.926500000,10842.237000000,10841.036500000,1.193500000,39.689500000,79379,13.750000000,8.359524028,24.663421227,117.370302100,1.030165084,50.708009631,1.000000000
681,fixed_random_bfs,1262328746,512,16,496,115,2000,1976,0,0.000000000,10881.926500000,10867.337500000,10867.330500000,0.000000000,14.589000000,29178,6.200000000,8.359524028,25.126713313,122.552284346,1.094721724,51.678571199,1.000000000
682,fixed_random_bfs,4183597895,512,29,483,372,2000,1976,10,0.500000000,10881.926500000,10801.722000000,10799.355500000,2.359500000,80.204500000,160409,29.200000000,8.359524028,28.278835828,135.837252599,1.061418587,58.152626216,1.000000000
683,fixed_random_bfs,12104435024,512,27,485,271,2000,1976,108,5.400000000,10881.926500000,10750.351000000,10730.537000000,19.807000000,131.575500000,263151,53.150000000,8.359524028,20.354918306,99.577249299,0.817273110,41.716308475,1.000000000
684,fixed_random_bfs,5185083237,512,20,492,128,2000,1976,5,0.250000000,10881.926500000,10822.088000000,10821.016000000,1.065000000,59.838500000,119677,19.650000000,8.359524028,25.735260576,124.492679947,1.073217084,52.935705670,1.000000000
685,fixed_random_bfs,293055543,512,22,490,231,2000,1976,0,0.000000000,10881.926500000,10878.279000000,10878.272000000,0.000000000,3.647500000,7295,3.500000000,8.359524028,30.044021050,143.779063199,1.140294838,61.904724311,1.000000000
686,fixed_random_bfs,446319883,512,23,489,402,2000,1976,0,0.000000000,10881.926500000,10868.685500000,10868.678500000,0.000000000,13.241000000,26482,5.150000000,8.359524028,24.642321382,120.125024799,1.388981806,50.677084533,1.000000000
687,fixed_random_bfs,263576262,512,30,482,257,2000,1976,0,0.000000000,10881.926500000,10859.148500000,10859.141500000,0.000000000,22.778000000,45556,10.950000000,8.359524028,24.619001414,118.491047895,1.396901788,50.620752440,1.000000000
688,fixed_random_bfs,697445011,512,35,477,617,2000,1976,4,0.200000000,10881.926500000,10845.567500000,10844.703000000,0.857500000,36.359000000,72718,11.400000000,8.359524028,24.470991198,117.137894049,1.047682134,50.320109371,1.000000000
689,fixed_random_bfs,1186511141,512,24,488,485,2000,1976,1,0.050000000,10881.926500000,10878.272500000,10878.010500000,0.255000000,3.654000000,7308,0.900000000,8.359524028,20.759783522,101.410255899,1.065320062,42.589076022,1.000000000
690,fixed_random_bfs,1731168971,512,46,466,791,2000,1976,11,0.550000000,10881.926500000,10812.803500000,10811.046000000,1.750500000,69.123000000,138246,22.750000000,8.359524028,25.803998067,124.128012352,1.460912863,53.070563809,1.000000000
691,fixed_random_bfs,9009837498,512,36,476,368,2000,1976,27,1.350000000,10881.926500000,10787.541000000,10782.240000000,5.294000000,94.385500000,188771,28.800000000,8.359524028,25.924137369,125.275848900,1.118467634,53.302852075,1.000000000
692,fixed_random_bfs,8934352755,512,19,493,244,2000,1976,0,0.000000000,10881.926500000,10878.318000000,10878.311000000,0.000000000,3.608500000,7217,3.000000000,8.359524028,20.892649460,101.147059354,0.775425265,42.854235366,1.000000000
693,fixed_random_bfs,3846227196,512,30,482,272,2000,1976,1,0.050000000,10881.926500000,10872.688000000,10872.479000000,0.202000000,9.238500000,18477,3.600000000,8.359524028,20.815544939,100.950558597,0.783074649,42.704271615,1.000000000
694,fixed_random_bfs,12069712236,512,38,474,710,2000,1976,2,0.100000000,10881.926500000,10853.981000000,10853.542000000,0.432000000,27.945500000,55891,8.650000000,8.359524028,29.042819120,139.953337898,1.076107258,59.776752707,1.000000000
695,fixed_random_bfs,9041188470,512,37,475,366,2000,1976,27,1.350000000,10881.926500000,10753.752000000,10748.801000000,4.944000000,128.174500000,256349,43.450000000,8.359524028,20.482794797,98.723097302,1.063295839,42.020606206,1.000000000
696,fixed_random_bfs,11231050474,512,40,472,330,2000,1976,107,5.350000000,10881.926500000,10756.891500000,10746.703500000,10.181000000,125.035000000,250070,47.700000000,8.359524028,24.509079282,119.149660646,1.392968905,50.343750249,1.000000000
697,fixed_random_bfs,5586150797,512,29,483,314,2000,1976,2,0.100000000,10881.926500000,10851.327500000,10850.919500000,0.401000000,30.599000000,61198,10.600000000,8.359524028,30.381129866,146.765858202,1.504302896,62.584363405,1.000000000
698,fixed_random_bfs,12776717274,512,30,482,757,2000,1976,4,0.200000000,10881.926500000,10857.774500000,10856.794500000,0.973000000,24.152000000,48304,8.150000000,8.359524028,24.608276342,120.051649801,1.409403836,50.600702102,1.000000000
699,fixed_random_bfs,480482947,512,27,485,332,2000,1976,32,1.600000000,10881.926500000,10818.571500000,10811.563500000,7.001000000,63.355000000,126710,20.950000000,8.359524028,20.632669735,98.398013803,0.843193452,42.318774281,1.000000000
700,fixed_random_bfs,12049398918,512,32,480,558,2000,1976,1,0.050000000,10881.926500000,10876.699000000,10876.476500000,0.215500000,5.227500000,10455,1.300000000,8.359524028,24.578370587,118.531651453,1.029139581,50.546138486,1.000000000
701,fixed_random_bfs,1187136619,512,38,474,1126,2000,1976,2,0.100000000,10881.926500000,10875.514500000,10875.009500000,0.498000000,6.412000000,12824,2.400000000,8.359524028,25.808201034,124.464379349,1.463914150,53.091100461,1.000000000
702,fixed_random_bfs,1187136636,512,42,470,1268,2000,1976,2,0.100000000,10881.926500000,10876.412000000,10875.911500000,0.493500000,5.514500000,11029,1.950000000,8.359524028,20.707662575,99.195507450,1.138441326,42.479845572,1.000000000
703,fixed_random_bfs,6249235099,512,51,461,676,2000,1976,42,2.100000000,10881.926500000,10793.546500000,10787.708500000,5.831000000,88.380000000,176760,33.500000000,8.359524028,24.406734507,117.526848853,1.432631113,50.164284261,1.000000000
704,fixed_random_bfs,13056066865,512,29,483,469,2000,1976,0,0.000000000,10881.926500000,10875.715000000,10875.708000000,0.000000000,6.211500000,12423,1.750000000,8.359524028,24.535241502,118.042633697,1.060998293,50.458252395,1.000000000
705,fixed_random_bfs,12333581101,512,33,479,300,2000,1976,51,2.550000000,10881.926500000,10753.564000000,10749.487000000,4.070000000,128.362500000,256725,43.250000000,8.359524028,29.601396805,142.283484001,1.130600019,60.871316901,1.000000000
706,fixed_random_bfs,12132082942,512,23,489,232,2000,1976,1,0.050000000,10881.926500000,10855.269000000,10855.022000000,0.240000000,26.657500000,53315,6.150000000,8.359524028,25.987791141,124.243551504,1.463617975,53.456029327,1.000000000
707,fixed_random_bfs,1643293823,512,24,488,441,2000,1976,0,0.000000000,10881.926500000,10874.435500000,10874.428500000,0.000000000,7.491000000,14982,2.800000000,8.359524028,25.790492578,125.601509300,1.114590123,53.056284188,1.000000000
708,fixed_random_bfs,1219137941,512,32,480,611,2000,1976,2,0.100000000,10881.926500000,10868.722000000,10868.231000000,0.484000000,13.204500000,26409,5.450000000,8.359524028,29.968434334,144.299323848,1.489081413,61.731113553,1.000000000
709,fixed_random_bfs,1419645375,512,34,478,295,2000,1976,149,7.450000000,10881.926500000,10714.732500000,10692.686000000,22.039500000,167.194000000,334388,65.550000000,8.359524028,20.552902022,99.191222751,1.071340038,42.132487548,1.000000000
710,fixed_random_bfs,12610221987,512,43,469,503,2000,1976,157,7.850000000,10881.926500000,10724.727000000,10695.701000000,29.019000000,157.199500000,314399,64.050000000,8.359524028,20.582509364,101.142258396,0.786935224,42.188817234,1.000000000
711,fixed_random_bfs,4567404052,512,48,464,439,2000,1976,84,4.200000000,10881.926500000,10755.197000000,10745.421500000,9.768500000,126.729500000,253459,44.650000000,8.359524028,20.718266331,100.785938954,1.074456099,42.471740372,1.000000000
712,fixed_random_bfs,4505162251,512,22,490,192,2000,1976,22,1.100000000,10881.926500000,10790.659000000,10785.598500000,5.053500000,91.267500000,182535,32.800000000,8.359524028,24.415339247,117.551203905,1.055429322,50.208720276,1.000000000
713,fixed_random_bfs,12563426298,512,42,470,1034,2000,1976,3,0.150000000,10881.926500000,10850.739500000,10850.028500000,0.704000000,31.187000000,62374,13.100000000,8.359524028,24.808543816,116.621412753,1.460226174,50.986560443,1.000000000
714,fixed_random_bfs,444058630,512,26,486,465,2000,1976,5,0.250000000,10881.926500000,10852.095000000,10850.845500000,1.242500000,29.831500000,59663,9.450000000,8.359524028,20.807645871,99.525940103,0.792815015,42.674988168,1.000000000
715,fixed_random_bfs,8734369949,512,27,485,360,2000,1976,24,1.200000000,10881.926500000,10798.447500000,10792.866500000,5.574000000,83.479000000,166958,26.900000000,8.359524028,24.608637367,119.509188704,1.036857641,50.582748924,1.000000000
716,fixed_random_bfs,1323016188,512,13,499,144,2000,1976,0,0.000000000,10881.926500000,10880.365500000,10880.358500000,0.000000000,1.561000000,3122,2.400000000,8.359524028,24.597597185,119.262128099,1.388099225,50.588088185,1.000000000
717,fixed_random_bfs,2292541513,512,30,482,371,2000,1976,2,0.100000000,10881.926500000,10869.475500000,10869.034500000,0.434000000,12.451000000,24902,7.400000000,8.359524028,24.540445073,117.456895249,1.401772615,50.466565092,1.000000000
718,fixed_random_bfs,7671746650,512,15,497,210,2000,1976,0,0.000000000,10881.926500000,10878.379000000,10878.372000000,0.000000000,3.547500000,7095,1.200000000,8.359524028,24.516074558,116.843981402,1.059644266,50.426368444,1.000000000
719,fixed_random_bfs,8987725938,512,22,490,328,2000,1976,12,0.600000000,10881.926500000,10803.119500000,10800.496500000,2.616000000,78.807000000,157614,23.850000000,8.359524028,25.718625412,123.021998703,1.067927202,52.906113728,1.000000000
720,fixed_random_bfs,428050279,512,33,479,292,2000,1976,72,3.600000000,10881.926500000,10767.833000000,10752.408500000,15.417500000,114.093500000,228187,48.850000000,8.359524028,30.256513070,145.950538000,1.137687953,62.277438192,1.000000000
721,fixed_random_bfs,1148228680,512,42,470,1098,2000,1976,1,0.050000000,10881.926500000,10865.066500000,10864.829000000,0.230500000,16.860000000,33720,6.800000000,8.359524028,20.678681570,98.553456049,0.792839091,42.428348760,1.000000000
722,fixed_random_bfs,4607650176,512,41,471,469,2000,1976,4,0.200000000,10881.926500000,10845.063500000,10844.449500000,0.607000000,36.863000000,73726,12.550000000,8.359524028,25.665034218,124.236504351,1.446717632,52.803183064,1.000000000
723,fixed_random_bfs,1548057696,512,35,477,633,2000,1976,5,0.250000000,10881.926500000,10842.655500000,10841.477000000,1.171500000,39.271000000,78542,13.800000000,8.359524028,26.004609434,126.339901550,1.096861312,53.493280195,1.000000000
724,fixed_random_bfs,418721515,512,31,481,238,2000,1976,7,0.350000000,10881.926500000,10855.716000000,10854.718500000,0.990500000,26.210500000,52421,7.650000000,8.359524028,29.749976014,142.656138498,1.442980041,61.189378083,1.000000000
725,fixed_random_bfs,1518683725,512,39,473,547,2000,1976,1,0.050000000,10881.926500000,10877.859000000,10877.666000000,0.186000000,4.067500000,8135,1.900000000,8.359524028,29.611636147,142.731309398,1.112080478,61.025076078,1.000000000
726,fixed_random_bfs,13037833044,512,24,488,329,2000,1976,1,0.050000000,10881.926500000,10876.914000000,10876.657500000,0.249500000,5.012500000,10025,1.350000000,8.359524028,30.268446108,145.211624352,1.339010803,62.334119069,1.000000000
727,fixed_random_bfs,1160057045,512,30,482,591,2000,1976,1,0.050000000,10881.926500000,10877.548000000,10877.322500000,0.218500000,4.378500000,8757,1.300000000,8.359524028,20.801125906,100.496601144,0.788025507,42.665208220,1.000000000
728,fixed_random_bfs,10240340316,512,45,467,926,2000,1976,1,0.050000000,10881.926500000,10872.059000000,10871.851500000,0.200500000,9.867500000,19735,3.150000000,8.359524028,20.783124486,101.126622197,1.074687311,42.634835038,1.000000000
729,fixed_random_bfs,1145512910,512,39,473,391,2000,1976,10,0.500000000,10881.926500000,10843.753500000,10841.601500000,2.145000000,38.173000000,76346,12.850000000,8.359524028,24.650592798,118.965667600,1.404093368,50.692863643,1.000000000
730,fixed_random_bfs,447549140,512,23,489,383,2000,1976,0,0.000000000,10881.926500000,10870.396000000,10870.389000000,0.000000000,11.530500000,23061,4.400000000,8.359524028,19.865239041,94.752160298,0.755911247,40.738603404,1.000000000
731,fixed_random_bfs,1640860700,512,37,475,823,2000,1976,0,0.000000000,10881.926500000,10880.223500000,10880.216500000,0.000000000,1.703000000,3406,0.450000000,8.359524028,24.619449655,118.436738047,1.407720984,50.633598209,1.000000000
732,fixed_random_bfs,1214153197,512,19,493,42,2000,1976,1,0.050000000,10881.926500000,10874.567000000,10874.434000000,0.126000000,7.359500000,14719,9.600000000,8.359524028,21.015521921,101.044092898,1.087881221,43.112042971,1.000000000
733,fixed_random_bfs,478864894,512,31,481,289,2000,1976,100,5.000000000,10881.926500000,10759.918500000,10741.176500000,18.735000000,122.008000000,244016,49.750000000,8.359524028,24.524004585,118.413796198,1.037229450,50.386316894,1.000000000
734,fixed_random_bfs,1174117251,512,39,473,623,2000,1976,0,0.000000000,10881.926500000,10877.532000000,10877.525000000,0.000000000,4.394500000,8789,1.050000000,8.359524028,24.645193786,119.172507149,1.415034682,50.680865153,1.000000000
735,fixed_random_bfs,9791171616,512,24,488,192,2000,1976,10,0.500000000,10881.926500000,10843.680500000,10842.704000000,0.969500000,38.246000000,76492,14.400000000,8.359524028,24.589486777,117.567998194,1.035966894,50.560228042,1.000000000
736,fixed_random_bfs,4444137419,512,18,494,150,2000,1976,12,0.600000000,10881.926500000,10830.159500000,10827.310500000,2.842000000,51.767000000,103534,17.250000000,8.359524028,25.714762976,124.589388752,1.431278873,52.900334627,1.000000000
737,fixed_random_bfs,1114080890,512,25,487,236,2000,1976,43,2.150000000,10881.926500000,10737.689500000,10730.901000000,6.781500000,144.237000000,288474,60.400000000,8.359524028,25.671511783,123.945806498,1.065359129,52.793776605,1.000000000
738,fixed_random_bfs,2490198511,512,52,460,572,2000,1976,51,2.550000000,10881.926500000,10790.925000000,10783.647000000,7.271000000,91.001500000,182003,47.300000000,8.359524028,26.071096575,126.515483049,1.455203352,53.607912981,1.000000000
739,fixed_random_bfs,4502959789,512,27,485,338,2000,1976,4,0.200000000,10881.926500000,10838.405500000,10837.458500000,0.940000000,43.521000000,87042,12.650000000,8.359524028,30.392787635,148.637163849,1.481524188,62.594193298,1.000000000
740,fixed_random_bfs,9714524560,512,33,479,686,2000,1976,1,0.050000000,10881.926500000,10863.204000000,10862.957500000,0.239500000,18.722500000,37445,5.750000000,8.359524028,20.900822327,101.497917901,1.062236912,42.889942760,1.000000000
741,fixed_random_bfs,4722703955,512,41,471,266,2000,1976,2,0.100000000,10881.926500000,10855.164000000,10854.793000000,0.364000000,26.762500000,53525,8.100000000,8.359524028,29.801131990,143.300877699,1.106818228,61.304134385,1.000000000
742,fixed_random_bfs,13030226518,512,20,492,201,2000,1976,0,0.000000000,10881.926500000,10877.312000000,10877.305000000,0.000000000,4.614500000,9229,1.300000000,8.359524028,21.688820052,103.449662952,0.783916878,44.504792601,1.000000000
743,fixed_random_bfs,8364445833,512,44,468,1013,2000,1976,55,2.750000000,10881.926500000,10781.348500000,10769.518000000,11.823500000,100.578000000,201156,34.050000000,8.359524028,29.744436167,144.214707599,1.518073950,61.234430131,1.000000000
744,fixed_random_bfs,8251845725,512,35,477,352,2000,1976,23,1.150000000,10881.926500000,10818.326500000,10815.531500000,2.788000000,63.600000000,127200,21.900000000,8.359524028,20.028543167,95.224605347,1.024979746,41.046800525,1.000000000
745,fixed_random_bfs,1110673601,512,34,478,325,2000,1976,99,4.950000000,10881.926500000,10757.619500000,10739.319500000,18.293000000,124.307000000,248614,49.900000000,8.359524028,30.051228380,147.811645549,1.127728375,61.829233352,1.000000000
746,fixed_random_bfs,1548075778,512,40,472,597,2000,1976,3,0.150000000,10881.926500000,10853.158000000,10852.502500000,0.648500000,28.768500000,57537,10.100000000,8.359524028,24.727113234,119.087170399,1.038421996,50.845975483,1.000000000
747,fixed_random_bfs,1147306677,512,43,469,571,2000,1976,14,0.700000000,10881.926500000,10854.585000000,10851.163500000,3.414500000,27.341500000,54683,10.650000000,8.359524028,20.679946333,100.517411700,0.785897663,42.409851502,1.000000000
748,fixed_random_bfs,1548081296,512,36,476,498,2000,1976,16,0.800000000,10881.926500000,10832.037000000,10828.444000000,3.586000000,49.889500000,99779,18.000000000,8.359524028,24.562276565,119.879797750,1.043112858,50.499276056,1.000000000
749,fixed_random_bfs,1548068057,512,35,477,905,2000,1976,1,0.050000000,10881.926500000,10851.277000000,10851.031000000,0.239000000,30.649500000,61299,9.650000000,8.359524028,24.651864081,118.905204596,1.399179312,50.687796806,1.000000000
750,fixed_random_bfs,1394086762,512,34,478,761,2000,1976,2,0.100000000,10881.926500000,10852.503000000,10851.990000000,0.506000000,29.423500000,58847,9.550000000,8.359524028,24.702859613,118.757610002,1.412364660,50.794731338,1.000000000
751,fixed_random_bfs,10140392423,512,30,482,514,2000,1976,0,0.000000000,10881.926500000,10878.575500000,10878.568500000,0.000000000,3.351000000,6702,0.950000000,8.359524028,24.689657883,118.533299753,1.039775940,50.773840882,1.000000000
752,fixed_random_bfs,1670401805,512,41,471,1096,2000,1976,4,0.200000000,10881.926500000,10839.159500000,10838.230000000,0.922500000,42.767000000,85534,15.000000000,8.359524028,25.892830928,124.357943552,1.078434884,53.260785956,1.000000000
753,fixed_random_bfs,12469918347,512,32,480,539,2000,1976,1,0.050000000,10881.926500000,10852.449000000,10852.201500000,0.240500000,29.477500000,58955,10.200000000,8.359524028,20.793149727,100.727555152,0.803544549,42.656003692,1.000000000
754,fixed_random_bfs,4750584913,512,21,491,219,2000,1976,0,0.000000000,10881.926500000,10878.690000000,10878.683000000,0.000000000,3.236500000,6473,1.150000000,8.359524028,25.896145086,125.324759899,1.419728104,53.272020421,1.000000000
755,fixed_random_bfs,2611061256,512,38,474,772,2000,1976,1,0.050000000,10881.926500000,10858.088000000,10857.847000000,0.234000000,23.838500000,47677,8.450000000,8.359524028,26.185754595,125.820652648,1.077944953,53.865866861,1.000000000
756,fixed_random_bfs,9022834421,512,41,471,403,2000,1976,35,1.750000000,10881.926500000,10768.026500000,10763.255500000,4.764000000,113.900000000,227800,35.950000000,8.359524028,20.505207539,98.359394900,1.077607778,42.046296856,1.000000000
757,fixed_random_bfs,1728072364,512,36,476,903,2000,1976,6,0.300000000,10881.926500000,10835.893500000,10834.414500000,1.472000000,46.033000000,92066,16.350000000,8.359524028,19.866796543,94.809657905,0.766126216,40.734497171,1.000000000
758,fixed_random_bfs,4773520962,512,23,489,282,2000,1976,13,0.650000000,10881.926500000,10789.960500000,10786.892500000,3.061000000,91.966000000,183932,26.450000000,8.359524028,30.344755842,145.462553903,1.131634664,62.486043532,1.000000000
759,fixed_random_bfs,1550092701,512,20,492,142,2000,1976,0,0.000000000,10881.926500000,10874.569500000,10874.562500000,0.000000000,7.357000000,14714,2.750000000,8.359524028,29.878257472,142.664840196,1.483712348,61.475974208,1.000000000
760,fixed_random_bfs,1142606543,512,34,478,514,2000,1976,1,0.050000000,10881.926500000,10858.700000000,10858.461000000,0.232000000,23.226500000,46453,6.400000000,8.359524028,21.963636522,107.475709697,1.062963280,45.093805647,1.000000000
761,fixed_random_bfs,2784646269,512,21,491,205,2000,1976,10,0.500000000,10881.926500000,10834.758000000,10832.513000000,2.238000000,47.168500000,94337,22.200000000,8.359524028,24.596415990,116.904910052,1.423761298,50.579561579,1.000000000
762,fixed_random_bfs,4825414675,512,15,497,183,2000,1976,0,0.000000000,10881.926500000,10872.323500000,10872.316500000,0.000000000,9.603000000,19206,4.700000000,8.359524028,24.828928400,118.092248648,1.151042584,51.074586393,1.000000000
763,fixed_random_bfs,1518691614,512,18,494,188,2000,1976,0,0.000000000,10881.926500000,10878.293500000,10878.286500000,0.000000000,3.633000000,7266,1.000000000,8.359524028,27.727547281,133.278670703,1.500704065,57.070539053,1.000000000
764,fixed_random_bfs,6433259701,512,47,465,1014,2000,1976,2,0.100000000,10881.926500000,10871.824500000,10871.584500000,0.233000000,10.102000000,20204,3.600000000,8.359524028,22.354947683,109.149938000,1.410859067,45.897594266,1.000000000
765,fixed_random_bfs,11831690477,512,34,478,635,2000,1976,0,0.000000000,10881.926500000,10880.221500000,10880.214500000,0.000000000,1.705000000,3410,0.450000000,8.359524028,24.742980764,119.580278095,1.029606715,50.881880105,1.000000000
766,fixed_random_bfs,1198829487,512,23,489,328,2000,1976,3,0.150000000,10881.926500000,10867.069500000,10866.317000000,0.745500000,14.857000000,29714,5.750000000,8.359524028,24.673291217,118.613745347,1.407881935,50.740577418,1.000000000
767,fixed_random_bfs,5292005409,512,26,486,116,2000,1976,2,0.100000000,10881.926500000,10837.998500000,10837.799000000,0.192500000,43.928000000,87856,14.950000000,8.359524028,24.808323947,119.239001502,1.035087282,51.012371461,1.000000000
768,fixed_random_bfs,475406849,512,42,470,276,2000,1976,413,20.650000000,10881.926500000,10713.147000000,10656.572000000,56.568000000,168.779500000,337559,66.000000000,8.359524028,20.696770299,100.924455599,1.096151043,42.260789989,1.000000000
769,fixed_random_bfs,1145511353,512,43,469,493,2000,1976,11,0.550000000,10881.926500000,10845.219000000,10843.203000000,2.009000000,36.707500000,73415,12.700000000,8.359524028,25.884737502,124.570499899,1.428280732,53.241667366,1.000000000
770,fixed_random_bfs,292258111,512,34,478,188,2000,1976,1,0.050000000,10881.926500000,10872.624000000,10872.610500000,0.006500000,9.302500000,18605,10.000000000,8.359524028,27.432141838,131.159096603,1.035069946,56.424622456,1.000000000
771,fixed_random_bfs,1322214881,512,18,494,242,2000,1976,1,0.050000000,10881.926500000,10873.936500000,10873.683500000,0.246000000,7.990000000,15980,4.150000000,8.359524028,20.775960542,100.224613004,0.785648019,42.616334480,1.000000000
772,fixed_random_bfs,2282221533,512,37,475,425,2000,1976,50,2.500000000,10881.926500000,10748.265500000,10739.659000000,8.599500000,133.661000000,267322,50.300000000,8.359524028,25.794749715,123.898663199,1.058426333,53.046292866,1.000000000
773,fixed_random_bfs,114310832,512,32,480,85,2000,1976,2,0.100000000,10881.926500000,10820.825500000,10820.665000000,0.153500000,61.101000000,122202,26.450000000,8.359524028,26.121572478,126.922341498,1.446397156,53.729902603,1.000000000
774,fixed_random_bfs,4606475716,512,24,488,365,2000,1976,1,0.050000000,10881.926500000,10859.215000000,10858.965000000,0.243000000,22.711500000,45423,8.750000000,8.359524028,30.481283828,146.498542249,1.139688631,62.770463738,1.000000000
775,fixed_random_bfs,2232213879,512,20,492,123,2000,1976,4,0.200000000,10881.926500000,10848.979000000,10848.243000000,0.729000000,32.947500000,65895,10.200000000,8.359524028,30.520094588,147.332890898,1.476647913,62.851479935,1.000000000
776,fixed_random_bfs,275218856,512,16,496,211,2000,1976,0,0.000000000,10881.926500000,10878.079000000,10878.072000000,0.000000000,3.847500000,7695,1.350000000,8.359524028,24.847299928,121.537631253,1.058431998,51.100661769,1.000000000
777,fixed_random_bfs,3400529713,512,34,478,743,2000,1976,0,0.000000000,10881.926500000,10869.202000000,10869.195000000,0.000000000,12.724500000,25449,5.900000000,8.359524028,19.878736273,95.038703396,0.778701695,40.752815837,1.000000000
778,fixed_random_bfs,2232213885,512,25,487,224,2000,1976,3,0.150000000,10881.926500000,10849.209000000,10848.554000000,0.648000000,32.717500000,65435,10.600000000,8.359524028,20.087016845,96.650360399,1.062255219,41.222264858,1.000000000
779,fixed_random_bfs,13516647591,512,33,479,233,2000,1976,371,18.550000000,10881.926500000,10707.013000000,10667.035500000,39.970500000,174.913500000,349827,62.300000000,8.359524028,29.684132868,143.480613402,1.099337480,60.758554831,1.000000000
780,fixed_random_bfs,5765890566,512,24,488,156,2000,1976,1,0.050000000,10881.926500000,10871.814000000,10871.806000000,0.001000000,10.112500000,20225,7.150000000,8.359524028,20.893947100,101.084500749,0.787841615,42.855637187,1.000000000
781,fixed_random_bfs,8659874843,512,21,491,268,2000,1976,23,1.150000000,10881.926500000,10798.643500000,10793.873000000,4.763500000,83.283000000,166566,23.850000000,8.359524028,24.711797702,120.100911702,1.396271494,50.802364006,1.000000000
782,fixed_random_bfs,1551004747,512,23,489,383,2000,1976,0,0.000000000,10881.926500000,10878.261000000,10878.254000000,0.000000000,3.665500000,7331,1.550000000,8.359524028,25.122595913,123.386190001,1.083834554,51.650361247,1.000000000
783,fixed_random_bfs,428215629,512,29,483,241,2000,1976,72,3.600000000,10881.926500000,10827.374500000,10813.370500000,13.997000000,54.552000000,109104,18.850000000,8.359524028,24.772542848,119.049314950,1.049788815,50.884787595,1.000000000
784,fixed_random_bfs,11008899307,512,31,481,334,2000,1976,77,3.850000000,10881.926500000,10833.705500000,10819.934000000,13.764500000,48.221000000,96442,18.850000000,8.359524028,24.849293951,119.971709451,1.396339139,51.039020232,1.000000000
785,fixed_random_bfs,4695891006,512,22,490,219,2000,1976,1,0.050000000,10881.926500000,10869.641500000,10869.390500000,0.244000000,12.285000000,24570,4.750000000,8.359524028,20.809368005,99.748982099,1.068597821,42.679702940,1.000000000
786,fixed_random_bfs,3493882605,512,37,475,742,2000,1976,0,0.000000000,10881.926500000,10828.795500000,10828.788500000,0.000000000,53.131000000,106262,14.850000000,8.359524028,25.991492626,127.379303251,1.078132680,53.464817566,1.000000000
787,fixed_random_bfs,7156592708,512,35,477,663,2000,1976,1,0.050000000,10881.926500000,10875.358500000,10875.108500000,0.243000000,6.568000000,13136,1.800000000,8.359524028,29.194011859,143.183024802,1.089187581,60.086067009,1.000000000
788,fixed_random_bfs,1318771258,512,33,479,872,2000,1976,0,0.000000000,10881.926500000,10875.169000000,10875.162000000,0.000000000,6.757500000,13515,2.350000000,8.359524028,25.952172806,125.673943300,1.446649820,53.392265340,1.000000000
789,fixed_random_bfs,1322919516,512,34,478,774,2000,1976,1,0.050000000,10881.926500000,10859.456000000,10859.218500000,0.230500000,22.470500000,44941,6.350000000,8.359524028,26.264759245,126.630955704,1.081952944,54.030013873,1.000000000
790,fixed_random_bfs,278973431,512,26,486,511,2000,1976,0,0.000000000,10881.926500000,10877.485000000,10877.478000000,0.000000000,4.441500000,8883,1.500000000,8.359524028,20.189910059,98.123831046,1.029334310,41.394907761,1.000000000
791,fixed_random_bfs,11017063555,512,18,494,76,2000,1976,2,0.100000000,10881.926500000,10843.098500000,10842.668500000,0.423000000,38.828000000,77656,13.250000000,8.359524028,20.285592891,98.100239552,0.776580389,41.638417755,1.000000000
792,fixed_random_bfs,5581559348,512,26,486,509,2000,1976,1,0.050000000,10881.926500000,10859.276000000,10859.022500000,0.246500000,22.650500000,45301,8.450000000,8.359524028,25.610437902,123.094385255,1.104760701,52.697774214,1.000000000
793,fixed_random_bfs,11154572176,512,30,482,678,2000,1976,0,0.000000000,10881.926500000,10880.452500000,10880.445500000,0.000000000,1.474000000,2948,0.350000000,8.359524028,28.507944062,134.873541999,1.528268270,58.691932910,1.000000000
794,fixed_random_bfs,3170027311,512,26,486,555,2000,1976,2,0.100000000,10881.926500000,10856.860000000,10856.351000000,0.502000000,25.066500000,50133,10.650000000,8.359524028,25.053773188,121.510571355,1.395799655,51.518931072,1.000000000
795,fixed_random_bfs,12639073037,512,35,477,523,2000,1976,2,0.100000000,10881.926500000,10877.385500000,10876.939500000,0.439000000,4.541000000,9082,1.750000000,8.359524028,22.886939231,108.920994802,0.797509884,47.019187933,1.000000000
796,fixed_random_bfs,13119239813,512,40,472,485,2000,1976,79,3.950000000,10881.926500000,10785.621000000,10770.686000000,14.928000000,96.305500000,192611,35.500000000,8.359524028,24.677725781,118.170302402,1.030139748,50.683447866,1.000000000
797,fixed_random_bfs,25632411,512,45,467,468,2000,1976,160,8.000000000,10881.926500000,10710.641000000,10686.311500000,24.322500000,171.285500000,342571,65.600000000,8.359524028,28.164916633,136.306461845,1.157834766,57.885542646,1.000000000
798,fixed_random_bfs,1548084789,512,31,481,649,2000,1976,9,0.450000000,10881.926500000,10799.221000000,10797.053000000,2.161000000,82.705500000,165411,26.450000000,8.359524028,23.322293123,110.332558145,1.112092228,47.929119521,1.000000000
799,fixed_random_bfs,10297064330,512,24,488,239,2000,1976,0,0.000000000,10881.926500000,10870.158500000,10870.151500000,0.000000000,11.768000000,23536,4.650000000,8.359524028,25.012443696,118.326972353,1.421136110,51.453378392,1.000000000
800,fixed_random_bfs,1324687411,512,15,497,210,2000,1976,0,0.000000000,10881.926500000,10877.625000000,10877.618000000,0.000000000,4.301500000,8603,1.700000000,8.359524028,25.744557856,125.792811299,1.046732273,52.943392950,1.000000000
801,fixed_random_bfs,7498428533,512,30,482,432,2000,1976,14,0.700000000,10881.926500000,10802.961000000,10799.721000000,3.233000000,78.965500000,157931,22.850000000,8.359524028,27.586807858,132.127980202,1.472780187,56.719066214,1.000000000
802,fixed_random_bfs,3846227906,512,24,488,312,2000,1976,0,0.000000000,10881.926500000,10858.345500000,10858.338500000,0.000000000,23.581000000,47162,6.950000000,8.359524028,26.160371013,126.277916251,1.456750413,53.835445631,1.000000000
803,fixed_random_bfs,2466648916,512,31,481,630,2000,1976,0,0.000000000,10881.926500000,10874.239500000,10874.232500000,0.000000000,7.687000000,15374,3.250000000,8.359524028,25.265202176,126.717720355,0.763973978,51.944172500,1.000000000
804,fixed_random_bfs,4394134971,512,33,479,381,2000,1976,5,0.250000000,10881.926500000,10850.926000000,10850.202500000,0.716500000,31.000500000,62001,13.600000000,8.359524028,28.165067691,137.006553797,1.083692362,57.998515817,1.000000000
805,fixed_random_bfs,3740426821,512,22,490,265,2000,1976,4,0.200000000,10881.926500000,10846.215500000,10845.251000000,0.957500000,35.711000000,71422,9.700000000,8.359524028,28.495592515,136.772863949,1.064635382,58.723122866,1.000000000
806,fixed_random_bfs,12040100872,512,20,492,291,2000,1976,1,0.050000000,10881.926500000,10878.088500000,10877.837000000,0.244500000,3.838000000,7676,1.850000000,8.359524028,26.787152940,126.720336249,1.592203119,55.107300508,1.000000000
807,fixed_random_bfs,1437887622,512,36,476,542,2000,1976,0,0.000000000,10881.926500000,10858.660500000,10858.653500000,0.000000000,23.266000000,46532,6.100000000,8.359524028,23.163743245,107.267889051,1.593865873,47.568932024,1.000000000
808,fixed_random_bfs,715188303,512,30,482,234,2000,1976,1,0.050000000,10881.926500000,10871.481000000,10871.470000000,0.004000000,10.445500000,20891,9.900000000,8.359524028,23.197387328,113.572744002,1.101843447,47.659815754,1.000000000
809,fixed_random_bfs,1675107765,512,31,481,603,2000,1976,14,0.700000000,10881.926500000,10784.251000000,10780.977000000,3.267000000,97.675500000,195351,29.450000000,8.359524028,25.793583770,127.048706104,0.813455977,53.066980335,1.000000000
810,fixed_random_bfs,279907281,512,29,483,285,2000,1976,2,0.100000000,10881.926500000,10858.136000000,10857.785500000,0.343500000,23.790500000,47581,6.250000000,8.359524028,26.125644599,125.333950849,1.469762754,53.748300327,1.000000000
811,fixed_random_bfs,1461678986,512,41,471,973,2000,1976,47,2.350000000,10881.926500000,10809.691000000,10798.728000000,10.956000000,72.235500000,144471,33.350000000,8.359524028,28.581958558,136.193991651,0.829325609,58.809691319,1.000000000
812,fixed_random_bfs,7653822275,512,32,480,515,2000,1976,3,0.150000000,10881.926500000,10861.261500000,10860.781000000,0.473500000,20.665000000,41330,6.950000000,8.359524028,25.866042777,127.081058599,1.081393255,53.228920425,1.000000000
813,fixed_random_bfs,13393279357,512,23,489,230,2000,1976,0,0.000000000,10881.926500000,10877.341500000,10877.334500000,0.000000000,4.585000000,9170,1.250000000,8.359524028,20.342960144,97.843582347,1.106682868,41.738936086,1.000000000
814,fixed_random_bfs,8919835703,512,22,490,168,2000,1976,9,0.450000000,10881.926500000,10792.997000000,10791.314000000,1.676000000,88.929500000,177859,28.100000000,8.359524028,24.479242427,117.049497493,1.030542554,50.347827259,1.000000000
815,fixed_random_bfs,5586239785,512,30,482,320,2000,1976,0,0.000000000,10881.926500000,10858.753000000,10858.746000000,0.000000000,23.173500000,46347,7.950000000,8.359524028,21.729433100,102.588868353,1.090738821,44.595266779,1.000000000
816,fixed_random_bfs,1549671184,512,19,493,168,2000,1976,2,0.100000000,10881.926500000,10876.730500000,10876.235500000,0.488000000,5.196000000,10392,1.350000000,8.359524028,25.767625234,124.469607656,1.445161410,53.013759067,1.000000000
817,fixed_random_bfs,1219137783,512,41,471,883,2000,1976,3,0.150000000,10881.926500000,10870.989500000,10870.270000000,0.712500000,10.937000000,21874,4.450000000,8.359524028,26.031593777,124.531132456,1.058851793,53.486488522,1.000000000
818,fixed_random_bfs,112597546,512,42,470,132,2000,1976,7,0.350000000,10881.926500000,10818.312500000,10817.714000000,0.591500000,63.614000000,127228,40.950000000,8.359524028,26.009334098,125.096040545,1.041952431,53.512181871,1.000000000
819,fixed_random_bfs,114302693,512,37,475,303,2000,1976,1,0.050000000,10881.926500000,10859.857000000,10859.776000000,0.074000000,22.069500000,44139,16.750000000,8.359524028,26.836343309,128.779992701,1.433735603,55.194782258,1.000000000
820,fixed_random_bfs,1314136462,512,35,477,875,2000,1976,1,0.050000000,10881.926500000,10879.211500000,10878.954500000,0.250000000,2.715000000,5430,1.350000000,8.359524028,22.757930263,107.465031306,0.775900105,46.734153782,1.000000000
821,fixed_random_bfs,4537308581,512,26,486,321,2000,1976,0,0.000000000,10881.926500000,10877.228500000,10877.221500000,0.000000000,4.698000000,9396,1.600000000,8.359524028,29.934353769,140.704095747,1.500081714,61.655070012,1.000000000
822,fixed_random_bfs,5266786488,512,25,487,424,2000,1976,4,0.200000000,10881.926500000,10849.150500000,10848.135500000,1.008000000,32.776000000,65552,12.700000000,8.359524028,23.186505215,110.035970600,1.151521153,47.642707868,1.000000000
823,fixed_random_bfs,5633756861,512,22,490,131,2000,1976,2,0.100000000,10881.926500000,10859.382000000,10858.927000000,0.448000000,22.544500000,45089,7.350000000,8.359524028,26.621433255,129.149061249,1.069922512,54.749951308,1.000000000
824,fixed_random_bfs,5585491342,512,37,475,131,2000,1976,6,0.300000000,10881.926500000,10830.815000000,10830.431000000,0.377000000,51.111500000,102223,20.600000000,8.359524028,24.095043888,118.792621304,1.058960663,49.522449474,1.000000000
825,fixed_random_bfs,1903086177,512,27,485,471,2000,1976,1,0.050000000,10881.926500000,10865.519000000,10865.266500000,0.245500000,16.407500000,32815,7.100000000,8.359524028,25.999295392,120.963900901,0.748423047,53.457356357,1.000000000
826,fixed_random_bfs,11417071922,512,25,487,274,2000,1976,43,2.150000000,10881.926500000,10775.754500000,10769.248000000,6.499500000,106.172000000,212344,33.200000000,8.359524028,25.118503112,121.468418800,1.394813995,51.633074099,1.000000000
827,fixed_random_bfs,11005794986,512,43,469,547,2000,1976,40,2.000000000,10881.926500000,10792.418000000,10786.602500000,5.808500000,89.508500000,179017,33.900000000,8.359524028,26.585892532,129.618584049,1.080433245,54.679463742,1.000000000
828,fixed_random_bfs,1437887285,512,25,487,203,2000,1976,0,0.000000000,10881.926500000,10854.533000000,10854.526000000,0.000000000,27.393500000,54787,6.350000000,8.359524028,27.984134319,133.430797551,1.106187843,57.553635610,1.000000000
829,fixed_random_bfs,12129808857,512,27,485,428,2000,1976,0,0.000000000,10881.926500000,10856.521000000,10856.514000000,0.000000000,25.405500000,50811,6.300000000,8.359524028,23.744510241,113.873183450,1.459912259,48.802387251,1.000000000
830,fixed_random_bfs,449822831,512,24,488,283,2000,1976,1,0.050000000,10881.926500000,10877.992000000,10877.747500000,0.237500000,3.934500000,7869,1.350000000,8.359524028,25.273131702,121.652290800,1.417265462,51.975752156,1.000000000
831,fixed_random_bfs,1324807179,512,16,496,211,2000,1976,0,0.000000000,10881.926500000,10881.536000000,10881.529000000,0.000000000,0.390500000,781,0.150000000,8.359524028,24.898451993,121.109698750,1.486932154,51.156393697,1.000000000
832,fixed_random_bfs,264119299,512,25,487,98,2000,1976,0,0.000000000,10881.926500000,10872.194500000,10872.187500000,0.000000000,9.732000000,19464,5.250000000,8.359524028,26.846517992,132.031670396,1.091849303,55.219591122,1.000000000
833,fixed_random_bfs,292622576,512,33,479,416,2000,1976,0,0.000000000,10881.926500000,10874.051500000,10874.044500000,0.000000000,7.875000000,15750,3.550000000,8.359524028,26.514156040,128.708469899,1.492524930,54.468954769,1.000000000
834,fixed_random_bfs,447881534,512,44,468,1236,2000,1976,52,2.600000000,10881.926500000,10810.376500000,10798.216500000,12.153000000,71.550000000,143100,26.200000000,8.359524028,29.844005820,144.468740601,1.498779495,61.397836669,1.000000000
835,fixed_random_bfs,1655912092,512,39,473,1128,2000,1976,0,0.000000000,10881.926500000,10870.257500000,10870.250500000,0.000000000,11.669000000,23338,4.850000000,8.359524028,26.339788998,130.162102953,1.466903738,54.198204032,1.000000000
836,fixed_random_bfs,11257718230,512,31,481,758,2000,1976,0,0.000000000,10881.926500000,10880.231000000,10880.224000000,0.000000000,1.695500000,3391,0.450000000,8.359524028,20.845249865,100.880389800,0.777803963,42.759139247,1.000000000
837,fixed_random_bfs,292782647,512,27,485,271,2000,1976,0,0.000000000,10881.926500000,10869.198000000,10869.191000000,0.000000000,12.728500000,25457,4.200000000,8.359524028,21.240038068,100.880725954,1.064381509,43.601588728,1.000000000
838,fixed_random_bfs,11833447370,512,38,474,589,2000,1976,0,0.000000000,10881.926500000,10879.487500000,10879.480500000,0.000000000,2.439000000,4878,0.650000000,8.359524028,26.806532937,130.312241004,1.457884610,55.143900525,1.000000000
839,fixed_random_bfs,1147306138,512,31,481,392,2000,1976,3,0.150000000,10881.926500000,10854.389500000,10853.663500000,0.719000000,27.537000000,55074,8.200000000,8.359524028,22.272870865,108.189349098,0.816323686,45.733414934,1.000000000
840,fixed_random_bfs,4381481583,512,44,468,1038,2000,1976,0,0.000000000,10881.926500000,10850.778000000,10850.771000000,0.000000000,31.148500000,62297,9.850000000,8.359524028,30.812384133,149.804610756,1.214454882,63.462738347,1.000000000
841,fixed_random_bfs,12463880303,512,30,482,562,2000,1976,2,0.100000000,10881.926500000,10861.146000000,10860.912500000,0.226500000,20.780500000,41561,5.950000000,8.359524028,29.670919035,142.475671355,1.475101702,61.075245215,1.000000000
842,fixed_random_bfs,3913816559,512,22,490,381,2000,1976,0,0.000000000,10881.926500000,10867.099500000,10867.092500000,0.000000000,14.827000000,29654,4.250000000,8.359524028,25.560785861,121.844678649,1.088114709,52.571287246,1.000000000
843,fixed_random_bfs,1112072862,512,44,468,474,2000,1976,0,0.000000000,10881.926500000,10849.105000000,10849.098000000,0.000000000,32.821500000,65643,14.300000000,8.359524028,24.569757597,118.599051852,1.158472237,50.502071024,1.000000000
844,fixed_random_bfs,11936646789,512,16,496,211,2000,1976,1,0.050000000,10881.926500000,10880.007000000,10879.750500000,0.249500000,1.919500000,3839,0.600000000,8.359524028,26.808159000,131.416573301,1.504058894,55.136248345,1.000000000
845,fixed_random_bfs,1143946275,512,23,489,440,2000,1976,0,0.000000000,10881.926500000,10849.360000000,10849.353000000,0.000000000,32.566500000,65133,10.700000000,8.359524028,25.339713536,120.753751646,1.039739027,52.125818457,1.000000000
846,fixed_random_bfs,9883811750,512,33,479,250,2000,1976,5,0.250000000,10881.926500000,10858.123500000,10857.046500000,1.070000000,23.803000000,47606,6.900000000,8.359524028,29.647197491,141.449212000,1.516153150,61.008393184,1.000000000
847,fixed_random_bfs,10932612995,512,38,474,479,2000,1976,64,3.200000000,10881.926500000,10763.990000000,10749.931500000,14.051500000,117.936500000,235873,45.900000000,8.359524028,23.208743475,110.104875251,0.878644173,47.634739446,1.000000000
848,fixed_random_bfs,12458783089,512,37,475,295,2000,1976,268,13.400000000,10881.926500000,10705.071000000,10661.007000000,44.057000000,176.855500000,353711,64.950000000,8.359524028,26.649913782,129.510497156,1.467311577,54.659416216,1.000000000
849,fixed_random_bfs,8257651160,512,31,481,259,2000,1976,7,0.350000000,10881.926500000,10836.045500000,10834.781500000,1.257000000,45.881000000,91762,15.250000000,8.359524028,27.657612498,131.624331550,1.059071760,56.844748199,1.000000000
850,fixed_random_bfs,12690765088,512,22,490,205,2000,1976,14,0.700000000,10881.926500000,10814.079500000,10811.236000000,2.836500000,67.847000000,135694,24.900000000,8.359524028,23.442522431,111.343761046,1.049632530,48.137491109,1.000000000
851,fixed_random_bfs,3501923212,512,32,480,901,2000,1976,0,0.000000000,10881.926500000,10875.527500000,10875.520500000,0.000000000,6.399000000,12798,1.800000000,8.359524028,22.147503757,104.371067852,0.805560226,45.498865684,1.000000000
852,fixed_random_bfs,13039633114,512,22,490,312,2000,1976,1,0.050000000,10881.926500000,10876.596500000,10876.341500000,0.248000000,5.330000000,10660,1.450000000,8.359524028,26.327966821,128.785951449,1.075699862,54.179792685,1.000000000
853,fixed_random_bfs,5320445284,512,41,471,1028,2000,1976,4,0.200000000,10881.926500000,10833.910000000,10832.979000000,0.924000000,48.016500000,96033,16.050000000,8.359524028,26.914363702,128.564190006,1.133092717,55.367781929,1.000000000
854,fixed_random_bfs,9404564813,512,34,478,845,2000,1976,0,0.000000000,10881.926500000,10876.991500000,10876.984500000,0.000000000,4.935000000,9870,1.450000000,8.359524028,25.725685200,124.488770746,1.477962381,52.917907762,1.000000000
855,fixed_random_bfs,1837851119,512,21,491,131,2000,1976,5,0.250000000,10881.926500000,10837.959500000,10837.071000000,0.881500000,43.967000000,87934,13.800000000,8.359524028,26.633942613,128.331407398,1.086788369,54.777435742,1.000000000
856,fixed_random_bfs,7900232381,512,33,479,736,2000,1976,3,0.150000000,10881.926500000,10871.586000000,10871.077500000,0.501500000,10.340500000,20681,3.650000000,8.359524028,22.162601726,111.334427450,1.502252499,45.496021135,1.000000000
857,fixed_random_bfs,11896721770,512,32,480,565,2000,1976,0,0.000000000,10881.926500000,10847.651000000,10847.644000000,0.000000000,34.275500000,68551,10.350000000,8.359524028,30.040158630,143.535549605,1.482009359,61.855390533,1.000000000
858,fixed_random_bfs,4728190685,512,28,484,359,2000,1976,27,1.350000000,10881.926500000,10814.380000000,10809.304000000,5.069000000,67.546500000,135093,20.650000000,8.359524028,21.857532640,105.508038298,1.407337729,44.829659025,1.000000000
859,fixed_random_bfs,12638692526,512,29,483,308,2000,1976,1,0.050000000,10881.926500000,10876.189500000,10875.947500000,0.235000000,5.737000000,11474,1.850000000,8.359524028,26.612923985,130.960982304,1.337176083,54.737152856,1.000000000
860,fixed_random_bfs,12132394132,512,24,488,463,2000,1976,0,0.000000000,10881.926500000,10873.672000000,10873.665000000,0.000000000,8.254500000,16509,2.400000000,8.359524028,25.302765525,122.920843552,1.059203751,52.026700433,1.000000000
861,fixed_random_bfs,1966612840,512,30,482,355,2000,1976,1,0.050000000,10881.926500000,10863.204500000,10863.004000000,0.193500000,18.722000000,37444,8.150000000,8.359524028,29.449818346,139.875588398,1.119543158,60.613975120,1.000000000
862,fixed_random_bfs,1322954757,512,23,489,462,2000,1976,0,0.000000000,10881.926500000,10866.510500000,10866.503500000,0.000000000,15.416000000,30832,4.400000000,8.359524028,23.990996035,114.677522101,1.151552388,49.291714767,1.000000000
863,fixed_random_bfs,8555307283,512,18,494,306,2000,1976,0,0.000000000,10881.926500000,10873.587500000,10873.580500000,0.000000000,8.339000000,16678,3.150000000,8.359524028,22.225754043,109.166675506,1.454562824,45.643707802,1.000000000
864,fixed_random_bfs,13031431212,512,24,488,347,2000,1976,1,0.050000000,10881.926500000,10877.148500000,10876.901000000,0.240500000,4.778000000,9556,1.600000000,8.359524028,22.405269780,107.659808349,1.150336275,45.987849623,1.000000000
865,fixed_random_bfs,429378632,512,44,468,451,2000,1976,24,1.200000000,10881.926500000,10816.481500000,10813.133500000,3.341000000,65.445000000,130890,27.650000000,8.359524028,29.570746870,143.223373048,1.096661953,60.816322091,1.000000000
866,fixed_random_bfs,9865271412,512,30,482,480,2000,1976,6,0.300000000,10881.926500000,10844.666000000,10843.220500000,1.438500000,37.260500000,74521,13.900000000,8.359524028,26.722567372,128.913300102,1.107649491,54.950030716,1.000000000
867,fixed_random_bfs,4068484730,512,29,483,383,2000,1976,3,0.150000000,10881.926500000,10851.201000000,10850.796000000,0.398000000,30.725500000,61451,9.900000000,8.359524028,23.886328353,117.249783203,1.463041124,48.970416543,1.000000000
868,fixed_random_bfs,1131291436,512,45,467,650,2000,1976,1,0.050000000,10881.926500000,10843.868000000,10843.651000000,0.210000000,38.058500000,76117,15.050000000,8.359524028,26.356151789,127.866728049,1.459102226,54.219007841,1.000000000
869,fixed_random_bfs,5270196748,512,30,482,476,2000,1976,1,0.050000000,10881.926500000,10865.162500000,10864.912500000,0.243000000,16.764000000,33528,5.950000000,8.359524028,26.626837028,128.000470452,1.156086495,54.786669885,1.000000000
870,fixed_random_bfs,1436602734,512,33,479,815,2000,1976,2,0.100000000,10881.926500000,10866.275000000,10865.767000000,0.501000000,15.651500000,31303,6.500000000,8.359524028,25.680560181,123.326215502,1.465729786,52.811871966,1.000000000
871,fixed_random_bfs,6445057281,512,23,489,294,2000,1976,1,0.050000000,10881.926500000,10862.335000000,10862.314500000,0.013500000,19.591500000,39183,6.200000000,8.359524028,22.265120845,105.923493799,0.754855596,45.719792145,1.000000000
872,fixed_random_bfs,3161672645,512,21,491,326,2000,1976,1,0.050000000,10881.926500000,10873.911000000,10873.653500000,0.250500000,8.015500000,16031,2.750000000,8.359524028,27.012727788,129.058994601,1.457667916,55.560458149,1.000000000
873,fixed_random_bfs,5971114325,512,33,479,318,2000,1976,3,0.150000000,10881.926500000,10851.781000000,10851.191500000,0.582500000,30.145500000,60291,10.350000000,8.359524028,23.531233925,111.354615449,0.791398422,48.349614436,1.000000000
874,fixed_random_bfs,1549680326,512,22,490,401,2000,1976,0,0.000000000,10881.926500000,10876.839500000,10876.832500000,0.000000000,5.087000000,10174,1.800000000,8.359524028,27.671299019,139.138755994,1.109560558,56.921361782,1.000000000
875,fixed_random_bfs,10916713071,512,45,467,248,2000,1976,115,5.750000000,10881.926500000,10749.314000000,10736.180000000,13.127000000,132.612500000,265225,50.400000000,8.359524028,24.388242320,115.048249201,1.388218719,50.079825324,1.000000000
876,fixed_random_bfs,3707362006,512,40,472,403,2000,1976,1,0.050000000,10881.926500000,10845.300500000,10845.255500000,0.038000000,36.626000000,73252,18.400000000,8.359524028,27.194714574,132.658680847,1.077123207,55.949011544,1.000000000
877,fixed_random_bfs,3230560343,512,46,466,775,2000,1976,2,0.100000000,10881.926500000,10863.688000000,10863.062000000,0.619000000,18.238500000,36477,10.050000000,8.359524028,23.651656895,113.821877151,0.827400611,48.624369304,1.000000000
878,fixed_random_bfs,4734724202,512,30,482,593,2000,1976,11,0.550000000,10881.926500000,10789.083500000,10786.736500000,2.340000000,92.843000000,185686,25.950000000,8.359524028,28.044317558,135.138009853,1.199831865,57.736131316,1.000000000
879,fixed_random_bfs,5297848076,512,45,467,295,2000,1976,3,0.150000000,10881.926500000,10816.439500000,10816.242000000,0.190500000,65.487000000,130974,30.750000000,8.359524028,24.333074627,119.145195297,1.405224896,49.985654055,1.000000000
880,fixed_random_bfs,1549690840,512,34,478,766,2000,1976,2,0.100000000,10881.926500000,10874.785000000,10874.303000000,0.475000000,7.141500000,14283,2.800000000,8.359524028,28.168405012,135.064861753,1.494585972,57.956963214,1.000000000
881,fixed_random_bfs,8659343069,512,32,480,659,2000,1976,3,0.150000000,10881.926500000,10848.145500000,10847.491500000,0.647000000,33.781000000,67562,11.300000000,8.359524028,26.134041925,125.580626151,0.791238629,53.689269979,1.000000000
882,fixed_random_bfs,13945734220,512,24,488,507,2000,1976,1,0.050000000,10881.926500000,10855.395000000,10855.132500000,0.255500000,26.531500000,53063,5.800000000,8.359524028,27.372265151,131.803847102,1.515536848,56.302664132,1.000000000
883,fixed_random_bfs,4751755849,512,45,467,666,2000,1976,29,1.450000000,10881.926500000,10796.371000000,10791.687000000,4.677000000,85.555500000,171111,39.050000000,8.359524028,22.419911181,109.768222347,1.686073255,45.990932333,1.000000000
884,fixed_random_bfs,773790354,512,42,470,326,2000,1976,4,0.200000000,10881.926500000,10830.105500000,10829.748500000,0.350000000,51.821000000,103642,25.650000000,8.359524028,24.808325451,120.591188651,1.307606083,50.994504382,1.000000000
885,fixed_random_bfs,4677584345,512,24,488,209,2000,1976,7,0.350000000,10881.926500000,10824.951000000,10823.664500000,1.279500000,56.975500000,113951,20.400000000,8.359524028,24.231184491,117.862069198,1.529201078,49.774562956,1.000000000
886,fixed_random_bfs,6094371962,512,33,479,250,2000,1976,6,0.300000000,10881.926500000,10848.752000000,10848.086500000,0.658500000,33.174500000,66349,9.700000000,8.359524028,25.859414102,124.523238799,1.172286258,53.165980307,1.000000000
887,fixed_random_bfs,410769901,512,47,465,1064,2000,1976,13,0.650000000,10881.926500000,10790.456500000,10787.919000000,2.530500000,91.470000000,182940,27.000000000,8.359524028,27.642893513,133.419338153,1.493151362,56.849180709,1.000000000
888,fixed_random_bfs,1142608112,512,25,487,237,2000,1976,35,1.750000000,10881.926500000,10790.684000000,10782.395500000,8.281500000,91.242500000,182485,39.850000000,8.359524028,26.133101061,125.067870296,1.433462175,53.746173206,1.000000000
889,fixed_random_bfs,6445420364,512,41,471,404,2000,1976,12,0.600000000,10881.926500000,10832.819500000,10830.646000000,2.166500000,49.107000000,98214,18.800000000,8.359524028,29.994373723,139.563374401,1.216339080,61.763640562,1.000000000
890,fixed_random_bfs,1838982445,512,23,489,232,2000,1976,6,0.300000000,10881.926500000,10857.643000000,10856.498500000,1.137500000,24.283500000,48567,6.800000000,8.359524028,24.918636102,119.744972849,1.036040633,51.225425452,1.000000000
891,fixed_random_bfs,2245786951,512,32,480,208,2000,1976,457,22.850000000,10881.926500000,10717.882500000,10653.166500000,64.709000000,164.044000000,328088,66.250000000,8.359524028,28.580979303,137.535954901,1.047981722,58.488061676,1.000000000
892,fixed_random_bfs,5378037839,512,30,482,321,2000,1976,12,0.600000000,10881.926500000,10795.556500000,10792.845500000,2.704000000,86.370000000,172740,29.800000000,8.359524028,20.006571477,98.566520503,1.061498804,41.028626631,1.000000000
893,fixed_random_bfs,7831959935,512,34,478,203,2000,1976,3,0.150000000,10881.926500000,10852.593000000,10852.219000000,0.367000000,29.333500000,58667,8.400000000,8.359524028,28.000810421,133.067946549,0.765886655,57.581427967,1.000000000
894,fixed_random_bfs,1394102822,512,21,491,362,2000,1976,3,0.150000000,10881.926500000,10854.589000000,10853.814000000,0.768000000,27.337500000,54675,7.650000000,8.359524028,26.237363386,126.041481103,1.438637452,53.964814672,1.000000000
895,fixed_random_bfs,1244598152,512,36,476,637,2000,1976,7,0.350000000,10881.926500000,10831.535500000,10829.860000000,1.668500000,50.391000000,100782,17.800000000,8.359524028,25.975465973,126.241879901,1.453333947,53.427597372,1.000000000
896,fixed_random_bfs,4486828378,512,34,478,121,2000,1976,28,1.400000000,10881.926500000,10808.349000000,10807.808000000,0.534000000,73.577500000,147155,32.400000000,8.359524028,26.297990253,126.887777648,1.056539631,54.060161609,1.000000000
897,fixed_random_bfs,13378565840,512,44,468,457,2000,1976,67,3.350000000,10881.926500000,10769.609500000,10758.244000000,11.358500000,112.317000000,224634,42.750000000,8.359524028,20.213341561,98.292382401,0.799978241,41.426725438,1.000000000
898,fixed_random_bfs,8001461078,512,24,488,248,2000,1976,2,0.100000000,10881.926500000,10876.705500000,10876.246500000,0.452000000,5.221000000,10442,2.400000000,8.359524028,26.046994895,126.305452904,1.428817195,53.501612511,1.000000000
899,fixed_random_bfs,1147306132,512,25,487,297,2000,1976,1,0.050000000,10881.926500000,10850.581500000,10850.571000000,0.003500000,31.345000000,62690,9.750000000,8.359524028,26.152567655,126.454857945,1.075718441,53.785010947,1.000000000
900,fixed_random_bfs,1159958421,512,15,497,183,2000,1976,0,0.000000000,10881.926500000,10879.833000000,10879.826000000,0.000000000,2.093500000,4187,0.900000000,8.359524028,20.932407587,101.201905851,1.058717857,42.949565841,1.000000000
901,fixed_random_bfs,11406500448,512,37,475,399,2000,1976,4,0.200000000,10881.926500000,10833.928000000,10833.479000000,0.442000000,47.998500000,95997,18.150000000,8.359524028,19.942537943,96.232715602,0.753768999,40.888076479,1.000000000
902,fixed_random_bfs,12906096070,512,25,487,308,2000,1976,0,0.000000000,10881.926500000,10863.175500000,10863.168500000,0.000000000,18.751000000,37502,5.500000000,8.359524028,24.984602728,120.737294399,1.400029715,51.363631779,1.000000000
903,fixed_random_bfs,5849890923,512,31,481,430,2000,1976,70,3.500000000,10881.926500000,10766.452500000,10750.417500000,16.028000000,115.474000000,230948,40.300000000,8.359524028,27.942066705,136.401918596,1.140297584,57.469175344,1.000000000
904,fixed_random_bfs,3092784197,512,51,461,529,2000,1976,8,0.400000000,10881.926500000,10823.538500000,10822.991000000,0.540500000,58.388000000,116776,35.500000000,8.359524028,26.132866671,125.104836149,1.073768471,53.763007377,1.000000000
905,fixed_random_bfs,7498191980,512,23,489,155,2000,1976,15,0.750000000,10881.926500000,10775.363500000,10773.249500000,2.107000000,106.563000000,213126,30.300000000,8.359524028,19.918406351,93.700329398,0.743570287,40.838470591,1.000000000
906,fixed_random_bfs,1643292881,512,45,467,760,2000,1976,4,0.200000000,10881.926500000,10841.415500000,10840.590000000,0.818500000,40.511000000,81022,13.750000000,8.359524028,24.913117147,120.025071701,1.396409070,51.229141028,1.000000000
907,fixed_random_bfs,12419480314,512,27,485,651,2000,1976,0,0.000000000,10881.926500000,10880.898500000,10880.891500000,0.000000000,1.028000000,2056,0.750000000,8.359524028,28.364386964,136.620963150,1.499552416,58.405421214,1.000000000
908,fixed_random_bfs,1395625974,512,30,482,494,2000,1976,2,0.100000000,10881.926500000,10850.345000000,10849.844000000,0.494000000,31.581500000,63163,9.750000000,8.359524028,23.597662098,108.685522952,1.037918904,48.462385066,1.000000000
909,fixed_random_bfs,3521762226,512,33,479,182,2000,1976,2,0.100000000,10881.926500000,10842.899500000,10842.825500000,0.067000000,39.027000000,78054,30.200000000,8.359524028,25.898555324,126.108978851,1.085364251,53.243764400,1.000000000
910,fixed_random_bfs,4737169830,512,45,467,829,2000,1976,22,1.100000000,10881.926500000,10805.005000000,10801.334500000,3.663500000,76.921500000,153843,28.600000000,8.359524028,25.902948913,125.820431300,1.101468917,53.265423901,1.000000000
911,fixed_random_bfs,1788787231,512,36,476,532,2000,1976,58,2.900000000,10881.926500000,10790.166500000,10777.171500000,12.988000000,91.760000000,183520,30.650000000,8.359524028,24.549978337,119.995827702,1.441912839,50.409174073,1.000000000
912,fixed_random_bfs,12463859694,512,28,484,537,2000,1976,2,0.100000000,10881.926500000,10859.730000000,10859.491000000,0.232000000,22.196500000,44393,6.100000000,8.359524028,26.109186298,125.665666004,1.060819590,53.716426116,1.000000000
913,fixed_random_bfs,6394782018,512,32,480,436,2000,1976,0,0.000000000,10881.926500000,10855.784000000,10855.777000000,0.000000000,26.142500000,52285,6.350000000,8.359524028,27.801935011,133.167033295,1.459933279,57.263445025,1.000000000
914,fixed_random_bfs,13376322143,512,28,484,603,2000,1976,1,0.050000000,10881.926500000,10875.087000000,10874.826000000,0.254000000,6.839500000,13679,2.000000000,8.359524028,28.350181205,138.405227747,0.808822677,58.348344128,1.000000000
915,fixed_random_bfs,4749945337,512,34,478,430,2000,1976,85,4.250000000,10881.926500000,10738.669000000,10718.536500000,20.125500000,143.257500000,286515,57.700000000,8.359524028,26.135565276,127.234577497,1.068266487,53.670799589,1.000000000
916,fixed_random_bfs,11279436671,512,37,475,510,2000,1976,2,0.100000000,10881.926500000,10869.941000000,10869.473000000,0.461000000,11.985500000,23971,4.600000000,8.359524028,24.322557171,115.900937299,1.029440852,49.965066502,1.000000000
917,fixed_random_bfs,1142607646,512,33,479,470,2000,1976,101,5.050000000,10881.926500000,10775.668000000,10765.523500000,10.137500000,106.258500000,212517,53.500000000,8.359524028,26.766776682,130.522132151,1.486955629,54.979879259,1.000000000
918,fixed_random_bfs,1587075545,512,16,496,197,2000,1976,0,0.000000000,10881.926500000,10877.757500000,10877.750500000,0.000000000,4.169000000,8338,1.200000000,8.359524028,24.768112963,120.623239453,1.053288845,50.926638478,1.000000000
919,fixed_random_bfs,7858689630,512,25,487,335,2000,1976,3,0.150000000,10881.926500000,10855.008500000,10854.280500000,0.721000000,26.918000000,53836,10.250000000,8.359524028,20.328026993,99.090161356,1.049808024,41.690450061,1.000000000
920,fixed_random_bfs,1110698257,512,43,469,408,2000,1976,136,6.800000000,10881.926500000,10706.788500000,10684.048000000,22.733500000,175.138000000,350276,68.950000000,8.359524028,27.158377496,132.822854949,1.504911747,55.787627830,1.000000000
921,fixed_random_bfs,12049191027,512,23,489,294,2000,1976,0,0.000000000,10881.926500000,10874.067500000,10874.060500000,0.000000000,7.859000000,15718,3.000000000,8.359524028,24.208073295,113.610902745,1.484382311,49.743000087,1.000000000
922,fixed_random_bfs,64661182,512,26,486,330,2000,1976,1,0.050000000,10881.926500000,10857.633500000,10857.394000000,0.232500000,24.293000000,48586,8.250000000,8.359524028,25.097877981,120.220342249,1.032785163,51.605310848,1.000000000
923,fixed_random_bfs,8265521251,512,35,477,308,2000,1976,113,5.650000000,10881.926500000,10745.823000000,10730.600000000,15.216000000,136.103500000,272207,50.000000000,8.359524028,24.972517403,120.319691101,1.042483116,51.307295551,1.000000000
924,fixed_random_bfs,1242078973,512,31,481,471,2000,1976,1,0.050000000,10881.926500000,10860.912000000,10860.672000000,0.233000000,21.014500000,42029,5.800000000,8.359524028,24.328633935,115.764465947,1.094473090,50.016105148,1.000000000
925,fixed_random_bfs,293057012,512,36,476,342,2000,1976,1,0.050000000,10881.926500000,10859.864500000,10859.833500000,0.024000000,22.062000000,44124,13.200000000,8.359524028,21.203371034,102.337209805,1.048305103,43.513200288,1.000000000
926,fixed_random_bfs,1322957169,512,26,486,231,2000,1976,2,0.100000000,10881.926500000,10855.342500000,10855.119000000,0.216500000,26.584000000,53168,8.650000000,8.359524028,24.182043021,121.233147405,1.176001361,49.689335785,1.000000000
927,fixed_random_bfs,1188391411,512,33,479,818,2000,1976,3,0.150000000,10881.926500000,10879.655500000,10878.892500000,0.756000000,2.271000000,4542,0.700000000,8.359524028,24.763644857,123.734733505,1.517512909,50.899120853,1.000000000
928,fixed_random_bfs,5291849612,512,45,467,458,2000,1976,75,3.750000000,10881.926500000,10750.976500000,10739.374000000,11.595500000,130.950000000,261900,52.700000000,8.359524028,27.458745058,136.525694904,1.466149079,56.471043526,1.000000000
929,fixed_random_bfs,1262329045,512,32,480,873,2000,1976,0,0.000000000,10881.926500000,10873.846000000,10873.839000000,0.000000000,8.080500000,16161,3.350000000,8.359524028,25.696253549,122.763118206,0.765083062,52.849701552,1.000000000
930,fixed_random_bfs,8890136755,512,42,470,749,2000,1976,38,1.900000000,10881.926500000,10792.529000000,10786.991000000,5.531000000,89.397500000,178795,32.450000000,8.359524028,25.223374718,121.206489550,1.458553661,51.762287604,1.000000000
931,fixed_random_bfs,1518685022,512,24,488,403,2000,1976,0,0.000000000,10881.926500000,10878.162000000,10878.155000000,0.000000000,3.764500000,7529,1.100000000,8.359524028,25.784316413,130.666313099,0.805935283,53.052729181,1.000000000
932,fixed_random_bfs,6697074706,512,43,469,315,2000,1976,1,0.050000000,10881.926500000,10846.079500000,10845.915500000,0.157000000,35.847000000,71694,12.850000000,8.359524028,28.726273117,140.217161397,1.513145586,59.153568350,1.000000000
933,fixed_random_bfs,12776717261,512,47,465,1070,2000,1976,1,0.050000000,10881.926500000,10861.443500000,10861.212000000,0.224500000,20.483000000,40966,7.800000000,8.359524028,26.114123102,122.637534449,0.803602661,53.708353624,1.000000000
934,fixed_random_bfs,475329138,512,43,469,720,2000,1976,83,4.150000000,10881.926500000,10748.503000000,10731.378500000,17.117500000,133.423500000,266847,56.100000000,8.359524028,26.200542289,127.214111044,1.208819660,53.847406930,1.000000000
935,fixed_random_bfs,12069714736,512,37,475,518,2000,1976,2,0.100000000,10881.926500000,10853.846000000,10853.389000000,0.450000000,28.080500000,56161,8.600000000,8.359524028,22.505488248,105.182525098,1.084657287,46.229869367,1.000000000
936,fixed_random_bfs,4762400327,512,30,482,654,2000,1976,1,0.050000000,10881.926500000,10863.812000000,10863.804000000,0.001000000,18.114500000,36229,8.350000000,8.359524028,26.382086223,134.081155343,1.088500890,54.260878690,1.000000000
937,fixed_random_bfs,3679309068,512,26,486,251,2000,1976,2,0.100000000,10881.926500000,10869.048500000,10868.635500000,0.406000000,12.878000000,25756,6.300000000,8.359524028,26.407115716,128.253446699,0.793044719,54.324171556,1.000000000
938,fixed_random_bfs,11105950341,512,44,468,598,2000,1976,57,2.850000000,10881.926500000,10792.260000000,10783.080000000,9.173000000,89.666500000,179333,44.850000000,8.359524028,25.134377005,119.414348452,1.403428978,51.635314893,1.000000000
939,fixed_random_bfs,3383715849,512,14,498,182,2000,1976,0,0.000000000,10881.926500000,10880.894500000,10880.887500000,0.000000000,1.032000000,2064,0.350000000,8.359524028,25.064128431,121.161205595,1.026287187,51.538311512,1.000000000
940,fixed_random_bfs,10248267813,512,42,470,452,2000,1976,9,0.450000000,10881.926500000,10845.512500000,10844.275000000,1.230500000,36.414000000,72828,12.400000000,8.359524028,25.115180668,120.263917347,1.390176045,51.632562259,1.000000000
941,fixed_random_bfs,1437887418,512,22,490,233,2000,1976,0,0.000000000,10881.926500000,10853.199000000,10853.192000000,0.000000000,28.727500000,57455,6.500000000,8.359524028,25.983721648,126.504420151,1.354590734,53.446864795,1.000000000
942,fixed_random_bfs,292959075,512,23,489,364,2000,1976,0,0.000000000,10881.926500000,10865.769500000,10865.762500000,0.000000000,16.157000000,32314,5.400000000,8.359524028,23.486591741,111.020104098,0.819388206,48.236697265,1.000000000
943,fixed_random_bfs,1728073142,512,22,490,201,2000,1976,2,0.100000000,10881.926500000,10870.544500000,10870.101500000,0.436000000,11.382000000,22764,6.450000000,8.359524028,27.855346287,133.151272300,1.058331763,57.295460389,1.000000000
944,fixed_random_bfs,12488286638,512,34,478,401,2000,1976,0,0.000000000,10881.926500000,10874.038000000,10874.031000000,0.000000000,7.888500000,15777,3.900000000,8.359524028,29.684290753,142.988652947,1.458123599,61.079694253,1.000000000
945,fixed_random_bfs,13381837127,512,36,476,1123,2000,1976,2,0.100000000,10881.926500000,10856.897500000,10856.381500000,0.509000000,25.029000000,50058,8.200000000,8.359524028,21.183886137,102.607419603,0.822068909,43.458589474,1.000000000
946,fixed_random_bfs,4720499686,512,30,482,493,2000,1976,18,0.900000000,10881.926500000,10809.234500000,10805.249000000,3.978500000,72.692000000,145384,23.750000000,8.359524028,21.504921163,103.836099149,0.788800024,44.022475062,1.000000000
947,fixed_random_bfs,1233599764,512,26,486,445,2000,1976,5,0.250000000,10881.926500000,10828.772500000,10827.524500000,1.241000000,53.154000000,106308,16.500000000,8.359524028,20.525785748,99.426685594,1.043286309,42.104147373,1.000000000
948,fixed_random_bfs,3166562626,512,46,466,438,2000,1976,16,0.800000000,10881.926500000,10824.302500000,10822.387500000,1.908000000,57.624000000,115248,21.650000000,8.359524028,29.452368999,142.665271504,1.424510881,60.585980545,1.000000000
949,fixed_random_bfs,3740436969,512,31,481,471,2000,1976,8,0.400000000,10881.926500000,10846.284000000,10844.959000000,1.318000000,35.642500000,71285,9.350000000,8.359524028,24.936722651,121.028504501,1.037690513,51.266520519,1.000000000
950,fixed_random_bfs,7927013125,512,40,472,770,2000,1976,0,0.000000000,10881.926500000,10877.507500000,10877.500500000,0.000000000,4.419000000,8838,1.000000000,8.359524028,26.576151637,131.362087254,1.507259724,54.661489908,1.000000000
951,fixed_random_bfs,1290243442,512,42,470,386,2000,1976,50,2.500000000,10881.926500000,10778.027500000,10772.599500000,5.421000000,103.899000000,207798,37.700000000,8.359524028,26.102848167,127.103400650,1.059621670,53.666899111,1.000000000
952,fixed_random_bfs,9865496603,512,32,480,633,2000,1976,4,0.200000000,10881.926500000,10868.203500000,10867.218500000,0.978000000,13.723000000,27446,6.150000000,8.359524028,26.416791731,127.214896251,1.460346827,54.320840464,1.000000000
953,fixed_random_bfs,2085344085,512,23,489,148,2000,1976,4,0.200000000,10881.926500000,10843.208500000,10842.735000000,0.466500000,38.718000000,77436,12.200000000,8.359524028,27.440934854,129.720901451,1.091199776,56.430715151,1.000000000
954,fixed_random_bfs,1132441865,512,32,480,510,2000,1976,1,0.050000000,10881.926500000,10850.409000000,10850.194500000,0.207500000,31.517500000,63035,12.300000000,8.359524028,26.038998059,126.687394949,1.452304903,53.558511425,1.000000000
955,fixed_random_bfs,280251044,512,34,478,589,2000,1976,0,0.000000000,10881.926500000,10857.759500000,10857.752500000,0.000000000,24.167000000,48334,8.750000000,8.359524028,25.369319393,122.036045750,1.046200166,52.170119859,1.000000000
956,fixed_random_bfs,5051671034,512,26,486,625,2000,1976,1,0.050000000,10881.926500000,10858.087000000,10857.824000000,0.256000000,23.839500000,47679,7.000000000,8.359524028,24.900625487,121.429557702,1.052285368,51.196299592,1.000000000
957,fixed_random_bfs,1670512006,512,36,476,1028,2000,1976,3,0.150000000,10881.926500000,10842.604000000,10841.857500000,0.739500000,39.322500000,78645,14.400000000,8.359524028,20.926305313,100.741024747,1.084011824,42.916966982,1.000000000
958,fixed_random_bfs,12040748779,512,32,480,413,2000,1976,1,0.050000000,10881.926500000,10876.891000000,10876.660000000,0.224000000,5.035500000,10071,1.300000000,8.359524028,25.914501700,126.031992200,1.078848824,53.312648577,1.000000000
959,fixed_random_bfs,4606469334,512,29,483,371,2000,1976,0,0.000000000,10881.926500000,10858.316000000,10858.309000000,0.000000000,23.610500000,47221,8.650000000,8.359524028,20.929128352,99.517900851,1.066558181,42.934998020,1.000000000
960,fixed_random_bfs,6173687481,512,22,490,238,2000,1976,30,1.500000000,10881.926500000,10816.464500000,10810.105000000,6.352500000,65.462000000,130924,21.200000000,8.359524028,21.285415666,103.698647952,1.053938660,43.566085089,1.000000000
961,fixed_random_bfs,444058590,512,31,481,495,2000,1976,7,0.350000000,10881.926500000,10838.628500000,10836.951500000,1.670000000,43.298000000,86596,12.500000000,8.359524028,22.047817410,105.240235106,0.779860984,45.270550774,1.000000000
962,fixed_random_bfs,10042421891,512,23,489,328,2000,1976,1,0.050000000,10881.926500000,10875.644000000,10875.386500000,0.250500000,6.282500000,12565,2.600000000,8.359524028,27.088132856,129.842225698,1.436142926,55.713866721,1.000000000
963,fixed_random_bfs,4751660529,512,25,487,249,2000,1976,173,8.650000000,10881.926500000,10787.328000000,10746.196000000,41.125000000,94.598500000,189197,43.250000000,8.359524028,24.671904692,120.250416296,1.401277512,50.589407345,1.000000000
964,fixed_random_bfs,26057762,512,38,474,334,2000,1976,95,4.750000000,10881.926500000,10835.256500000,10819.985000000,15.264500000,46.670000000,93340,23.500000000,8.359524028,29.310544537,140.637775495,1.082581329,60.248406603,1.000000000
965,fixed_random_bfs,5297757234,512,36,476,705,2000,1976,18,0.900000000,10881.926500000,10792.690000000,10788.917500000,3.765500000,89.236500000,178473,26.650000000,8.359524028,25.815716200,125.876242301,1.476697339,53.100173199,1.000000000
966,fixed_random_bfs,9115997829,512,28,484,581,2000,1976,0,0.000000000,10881.926500000,10867.316000000,10867.309000000,0.000000000,14.610500000,29221,4.550000000,8.359524028,26.210614731,127.224323699,1.127340884,53.921531260,1.000000000
967,fixed_random_bfs,12758454604,512,26,486,266,2000,1976,0,0.000000000,10881.926500000,10875.761000000,10875.754000000,0.000000000,6.165500000,12331,2.700000000,8.359524028,28.914469215,136.147376650,1.089243246,59.499491689,1.000000000
968,fixed_random_bfs,5297868107,512,48,464,441,2000,1976,29,1.450000000,10881.926500000,10815.527500000,10811.592500000,3.928000000,66.399000000,132798,32.150000000,8.359524028,20.862818162,100.271025405,0.778685315,42.778074964,1.000000000
969,fixed_random_bfs,1322942203,512,35,477,767,2000,1976,1,0.050000000,10881.926500000,10861.738500000,10861.492000000,0.239500000,20.188000000,40376,6.200000000,8.359524028,26.157047165,126.382352251,1.085305828,53.799831678,1.000000000
970,fixed_random_bfs,9692239584,512,26,486,601,2000,1976,1,0.050000000,10881.926500000,10856.497000000,10856.235000000,0.255000000,25.429500000,50859,7.150000000,8.359524028,28.039621671,133.180842349,1.514421464,57.667214369,1.000000000
971,fixed_random_bfs,6094200808,512,33,479,176,2000,1976,2,0.100000000,10881.926500000,10861.810500000,10861.470000000,0.333500000,20.116000000,40232,6.050000000,8.359524028,25.851648967,124.648301049,1.091927440,53.180525914,1.000000000
972,fixed_random_bfs,3066500298,512,29,483,491,2000,1976,6,0.300000000,10881.926500000,10844.367500000,10842.914000000,1.446500000,37.559000000,75118,14.900000000,8.359524028,24.735173389,118.057237448,1.438881992,50.855272349,1.000000000
973,fixed_random_bfs,2053571358,512,40,472,446,2000,1976,87,4.350000000,10881.926500000,10733.649000000,10717.360000000,16.282000000,148.277500000,296555,62.500000000,8.359524028,19.860556944,93.451541102,1.056277079,40.699010529,1.000000000
974,fixed_random_bfs,1323003291,512,35,477,503,2000,1976,0,0.000000000,10881.926500000,10859.908500000,10859.901500000,0.000000000,22.018000000,44036,6.750000000,8.359524028,21.112414282,101.624999949,0.786369525,43.320183482,1.000000000
975,fixed_random_bfs,501252500,512,31,481,178,2000,1976,123,6.150000000,10881.926500000,10706.771000000,10686.243000000,20.521000000,175.155500000,350311,64.100000000,8.359524028,22.592262621,107.149548652,0.767665435,46.276198922,1.000000000
976,fixed_random_bfs,10885538599,512,18,494,273,2000,1976,0,0.000000000,10881.926500000,10877.112000000,10877.105000000,0.000000000,4.814500000,9629,1.550000000,8.359524028,28.081937637,140.012723402,1.429176924,57.807275681,1.000000000
977,fixed_random_bfs,3659261031,512,32,480,155,2000,1976,0,0.000000000,10881.926500000,10858.410000000,10858.403000000,0.000000000,23.516500000,47033,11.050000000,8.359524028,24.998238873,122.394419753,1.416605774,51.416883914,1.000000000
978,fixed_random_bfs,3250683195,512,15,497,146,2000,1976,19,0.950000000,10881.926500000,10787.083000000,10782.270500000,4.805500000,94.843500000,189687,32.600000000,8.359524028,24.512510635,117.180678000,1.025469995,50.403737121,1.000000000
979,fixed_random_bfs,286970022,512,24,488,149,2000,1976,271,13.550000000,10881.926500000,10733.583000000,10693.188000000,40.388000000,148.343500000,296687,57.700000000,8.359524028,24.832610548,118.267643000,1.009502702,50.912930662,1.000000000
980,fixed_random_bfs,4593134635,512,28,484,205,2000,1976,1,0.050000000,10881.926500000,10855.879000000,10855.679500000,0.192500000,26.047500000,52095,8.300000000,8.359524028,25.974730583,125.341834047,1.080220091,53.430047293,1.000000000
981,fixed_random_bfs,1323014785,512,34,478,1122,2000,1976,1,0.050000000,10881.926500000,10880.631000000,10880.368000000,0.256000000,1.295500000,2591,1.200000000,8.359524028,26.629847068,127.916727051,1.500711235,54.796419040,1.000000000
982,fixed_random_bfs,1207065505,512,18,494,118,2000,1976,0,0.000000000,10881.926500000,10867.067500000,10867.060500000,0.000000000,14.859000000,29718,5.050000000,8.359524028,26.467738230,128.758275351,1.483745299,54.437611678,1.000000000
983,fixed_random_bfs,1437037060,512,34,478,639,2000,1976,1,0.050000000,10881.926500000,10852.583000000,10852.347500000,0.228500000,29.343500000,58687,6.800000000,8.359524028,22.504532667,108.376186550,1.054283941,46.214488823,1.000000000
984,fixed_random_bfs,3677979711,512,16,496,53,2000,1976,0,0.000000000,10881.926500000,10866.227000000,10866.220000000,0.000000000,15.699500000,31399,8.050000000,8.359524028,25.198785617,122.381618247,1.041306930,51.803749944,1.000000000
985,fixed_random_bfs,3713963990,512,29,483,157,2000,1976,62,3.100000000,10881.926500000,10840.524500000,10831.538000000,8.979500000,41.402000000,82804,22.700000000,8.359524028,24.313837496,120.987281453,0.750972677,49.915260641,1.000000000
986,fixed_random_bfs,8869531658,512,33,479,251,2000,1976,4,0.200000000,10881.926500000,10851.204000000,10850.377000000,0.820000000,30.722500000,61445,8.900000000,8.359524028,29.361707881,140.086460245,1.085792275,60.451888296,1.000000000
987,fixed_random_bfs,1520381624,512,27,485,291,2000,1976,0,0.000000000,10881.926500000,10877.345500000,10877.338500000,0.000000000,4.581000000,9162,1.200000000,8.359524028,26.556219062,126.226083349,1.478522357,54.620578941,1.000000000
988,fixed_random_bfs,2246086889,512,52,460,226,2000,1976,408,20.400000000,10881.926500000,10700.389000000,10665.157000000,35.225000000,181.537500000,363075,68.650000000,8.359524028,24.893966490,119.987540203,1.210223833,50.867772664,1.000000000
989,fixed_random_bfs,4761661707,512,35,477,776,2000,1976,1,0.050000000,10881.926500000,10860.946500000,10860.697500000,0.242000000,20.980000000,41960,6.000000000,8.359524028,25.877154220,123.623841098,1.046070821,53.208031349,1.000000000
990,fixed_random_bfs,7671715436,512,29,483,586,2000,1976,0,0.000000000,10881.926500000,10877.657000000,10877.650000000,0.000000000,4.269500000,8539,1.350000000,8.359524028,26.623596472,128.821682506,1.490018336,54.770459588,1.000000000
991,fixed_random_bfs,11408633309,512,29,483,390,2000,1976,13,0.650000000,10881.926500000,10836.647000000,10833.301500000,3.338500000,45.279500000,90559,19.100000000,8.359524028,22.914563878,108.870046151,0.815273763,47.051514539,1.000000000
992,fixed_random_bfs,1550564338,512,30,482,288,2000,1976,1,0.050000000,10881.926500000,10876.195000000,10875.956500000,0.231500000,5.731500000,11463,1.850000000,8.359524028,27.011447632,127.175368605,0.860941267,55.593187473,1.000000000
993,fixed_random_bfs,450323979,512,27,485,389,2000,1976,3,0.150000000,10881.926500000,10866.550000000,10865.844000000,0.699000000,15.376500000,30753,8.100000000,8.359524028,24.471007397,119.072020351,0.912457518,50.306080448,1.000000000
994,fixed_random_bfs,7498428410,512,28,484,270,2000,1976,70,3.500000000,10881.926500000,10828.218500000,10813.183000000,15.028500000,53.708000000,107416,18.750000000,8.359524028,26.642854974,128.313561251,1.069669293,54.740575146,1.000000000
995,fixed_random_bfs,5271083835,512,36,476,935,2000,1976,0,0.000000000,10881.926500000,10852.753000000,10852.746000000,0.000000000,29.173500000,58347,8.600000000,8.359524028,24.775724437,118.827787847,1.476936507,50.931073204,1.000000000
996,fixed_random_bfs,8402558867,512,28,484,347,2000,1976,5,0.250000000,10881.926500000,10769.368000000,10768.474000000,0.887000000,112.558500000,225117,32.300000000,8.359524028,25.833750999,120.986024255,0.781081693,53.147424685,1.000000000
997,fixed_random_bfs,560975953,512,26,486,199,2000,1976,137,6.850000000,10881.926500000,10759.123500000,10752.846500000,6.270000000,122.803000000,245606,43.450000000,8.359524028,23.972059638,118.176651853,1.065430588,49.154623509,1.000000000
998,fixed_random_bfs,292622267,512,22,490,134,2000,1976,0,0.000000000,10881.926500000,10875.981000000,10875.974000000,0.000000000,5.945500000,11891,1.900000000,8.359524028,25.146802483,120.675991202,1.039529971,51.700908920,1.000000000
999,fixed_random_bfs,12456007307,512,57,455,802,2000,1976,109,5.450000000,10881.926500000,10746.128500000,10726.710000000,19.411500000,135.798000000,271596,59.400000000,8.359524028,26.063640178,125.831342899,1.070301641,53.556849959,1.000000000
1000,fixed_random_bfs,4537061694,512,33,479,634,2000,1976,0,0.000000000,10881.926500000,10874.770500000,10874.763500000,0.000000000,7.156000000,14312,3.500000000,8.359524028,21.769788257,105.597098251,1.030437862,44.694144169,1.000000000
1001,fixed_random_bfs,276928756,512,17,495,272,2000,1976,3,0.150000000,10881.926500000,10862.902000000,10862.127000000,0.768000000,19.024500000,38049,7.100000000,8.359524028,27.422054810,131.753266046,0.756525756,56.413145618,1.000000000
1002,fixed_random_bfs,1461653517,512,42,470,927,2000,1976,47,2.350000000,10881.926500000,10817.278500000,10806.977000000,10.294500000,64.648000000,129296,36.450000000,8.359524028,26.299218769,125.408469649,1.049162525,54.019858509,1.000000000
1003,fixed_random_bfs,2208891042,512,42,470,182,2000,1976,378,18.900000000,10881.926500000,10700.321000000,10664.649000000,35.665000000,181.605500000,363211,64.600000000,8.359524028,25.315642950,124.704008798,0.835375907,51.767625924,1.000000000
1004,fixed_random_bfs,10811800167,512,23,489,98,2000,1976,5,0.250000000,10881.926500000,10803.613500000,10802.766500000,0.840000000,78.313000000,156626,30.450000000,8.359524028,24.455059942,118.793675194,1.450435009,50.292129663,1.000000000
1005,fixed_random_bfs,1209793263,512,31,481,453,2000,1976,0,0.000000000,10881.926500000,10854.123000000,10854.116000000,0.000000000,27.803500000,55607,8.700000000,8.359524028,24.404056376,123.602513302,1.125788239,50.153638749,1.000000000
1006,fixed_random_bfs,1143318277,512,35,477,451,2000,1976,4,0.200000000,10881.926500000,10844.644000000,10843.824500000,0.812500000,37.282500000,74565,18.900000000,8.359524028,23.361982796,115.612483404,0.782184455,47.978128909,1.000000000
1007,fixed_random_bfs,11355557202,512,32,480,608,2000,1976,1,0.050000000,10881.926500000,10866.331500000,10866.089000000,0.235500000,15.595000000,31190,6.200000000,8.359524028,23.080002579,111.528332594,1.056939409,47.402441529,1.000000000
1008,fixed_random_bfs,12049198231,512,31,481,518,2000,1976,1,0.050000000,10881.926500000,10869.075500000,10868.836000000,0.232500000,12.851000000,25702,5.600000000,8.359524028,24.171836673,114.914628799,1.427170983,49.682317583,1.000000000
1009,fixed_random_bfs,12615740494,512,30,482,321,2000,1976,0,0.000000000,10881.926500000,10876.449500000,10876.442500000,0.000000000,5.477000000,10954,2.200000000,8.359524028,25.899824160,126.923116105,1.485875836,53.291298844,1.000000000
1010,fixed_random_bfs,1654560298,512,28,484,374,2000,1976,2,0.100000000,10881.926500000,10841.679500000,10841.202500000,0.470000000,40.247000000,80494,12.100000000,8.359524028,24.886214748,122.006353705,1.050695060,51.172994902,1.000000000
1011,fixed_random_bfs,4414915775,512,23,489,506,2000,1976,0,0.000000000,10881.926500000,10863.547500000,10863.540500000,0.000000000,18.379000000,36758,7.900000000,8.359524028,24.397756644,114.496238295,1.108678161,50.136826003,1.000000000
1012,fixed_random_bfs,13382293475,512,15,497,135,2000,1976,0,0.000000000,10881.926500000,10873.154500000,10873.147500000,0.000000000,8.772000000,17544,2.550000000,8.359524028,22.792073554,111.528655404,1.555573387,46.841576428,1.000000000
1013,fixed_random_bfs,12170822368,512,40,472,273,2000,1976,35,1.750000000,10881.926500000,10767.253000000,10764.571000000,2.675000000,114.673500000,229347,35.750000000,8.359524028,21.121574820,101.941642447,0.833169850,43.334515125,1.000000000
1014,fixed_random_bfs,11028019239,512,31,481,735,2000,1976,0,0.000000000,10881.926500000,10854.449000000,10854.442000000,0.000000000,27.477500000,54955,10.600000000,8.359524028,29.343537385,140.674750704,0.839132564,60.443927407,1.000000000
1015,fixed_random_bfs,2470501544,512,28,484,441,2000,1976,8,0.400000000,10881.926500000,10799.826500000,10797.880500000,1.939000000,82.100000000,164200,25.250000000,8.359524028,24.870940677,118.962776053,1.389614142,51.140915475,1.000000000
1016,fixed_random_bfs,4004265891,512,40,472,659,2000,1976,11,0.550000000,10881.926500000,10828.079500000,10826.224500000,1.848000000,53.847000000,107694,23.700000000,8.359524028,26.072462846,125.423745498,1.448716420,53.614280207,1.000000000
1017,fixed_random_bfs,4751802963,512,26,486,388,2000,1976,1,0.050000000,10881.926500000,10851.551500000,10851.297000000,0.247500000,30.375000000,60750,10.350000000,8.359524028,23.975961064,113.054558952,1.404191429,49.300677527,1.000000000
1018,fixed_random_bfs,9020198851,512,33,479,154,2000,1976,44,2.200000000,10881.926500000,10779.928500000,10775.342500000,4.579000000,101.998000000,203996,31.400000000,8.359524028,25.505769893,124.835341401,1.055892442,52.427508745,1.000000000
1019,fixed_random_bfs,4537191754,512,22,490,363,2000,1976,1,0.050000000,10881.926500000,10874.615000000,10874.355500000,0.252500000,7.311500000,14623,2.250000000,8.359524028,28.637619389,138.820748003,1.574419100,58.866719541,1.000000000
1020,fixed_random_bfs,13119239822,512,40,472,529,2000,1976,59,2.950000000,10881.926500000,10785.705000000,10774.467500000,11.230500000,96.221500000,192443,35.200000000,8.359524028,24.797915260,117.680466748,1.085885582,50.963586740,1.000000000
1021,fixed_random_bfs,12463880342,512,24,488,285,2000,1976,2,0.100000000,10881.926500000,10857.436500000,10857.007500000,0.422000000,24.490000000,48980,7.750000000,8.359524028,27.563404744,132.908577504,1.084647362,56.696214420,1.000000000
1022,fixed_random_bfs,5581559367,512,26,486,365,2000,1976,1,0.050000000,10881.926500000,10858.766500000,10858.521500000,0.238000000,23.160000000,46320,8.950000000,8.359524028,25.074954985,128.010765552,1.580355976,51.563809270,1.000000000
1023,fixed_random_bfs,11967509062,512,32,480,740,2000,1976,0,0.000000000,10881.926500000,10880.231000000,10880.224000000,0.000000000,1.695500000,3391,0.400000000,8.359524028,24.334702780,116.346872605,1.481121143,50.000069404,1.000000000
1024,fixed_random_bfs,12515207263,512,42,470,636,2000,1976,44,2.200000000,10881.926500000,10776.464500000,10768.901500000,7.556000000,105.462000000,210924,34.300000000,8.359524028,23.556441537,108.516913854,0.920314255,48.380991059,1.000000000
1025,fixed_random_bfs,1725589254,512,24,488,127,2000,1976,21,1.050000000,10881.926500000,10848.849000000,10845.043500000,3.798500000,33.077500000,66155,12.950000000,8.359524028,27.276169862,128.739988199,1.036784491,56.117894601,1.000000000
1026,fixed_random_bfs,1193302839,512,19,493,243,2000,1976,0,0.000000000,10881.926500000,10878.609000000,10878.602000000,0.000000000,3.317500000,6635,0.900000000,8.359524028,23.806077677,116.754267197,1.393222432,48.931953514,1.000000000
1027,fixed_random_bfs,5476877568,512,32,480,302,2000,1976,14,0.700000000,10881.926500000,10817.389000000,10815.187500000,2.194500000,64.537500000,129075,22.850000000,8.359524028,24.288207146,116.298399102,1.041182810,49.897023927,1.000000000
1028,fixed_random_bfs,2417926115,512,25,487,348,2000,1976,0,0.000000000,10881.926500000,10859.992500000,10859.985500000,0.000000000,21.934000000,43868,6.300000000,8.359524028,24.845705421,121.408903447,1.380328504,51.095063327,1.000000000
1029,fixed_random_bfs,64668918,512,38,474,892,2000,1976,0,0.000000000,10881.926500000,10852.585000000,10852.578000000,0.000000000,29.341500000,58683,8.600000000,8.359524028,23.704446672,107.602166000,0.784803865,48.746391249,1.000000000
1030,fixed_random_bfs,1113220476,512,28,484,388,2000,1976,1,0.050000000,10881.926500000,10877.607000000,10877.371000000,0.229000000,4.319500000,8639,1.500000000,8.359524028,25.163325852,122.016694300,1.037359924,51.729067284,1.000000000
1031,fixed_random_bfs,475064050,512,35,477,330,2000,1976,149,7.450000000,10881.926500000,10710.728500000,10693.004000000,17.717500000,171.198000000,342396,66.150000000,8.359524028,25.824099214,128.175660297,1.148983770,53.089286568,1.000000000
1032,fixed_random_bfs,9367370480,512,31,481,198,2000,1976,17,0.850000000,10881.926500000,10833.455500000,10829.716000000,3.732500000,48.471000000,96942,21.900000000,8.359524028,22.052277112,104.596290300,1.083588636,45.252038616,1.000000000
1033,fixed_random_bfs,1436602838,512,42,470,1445,2000,1976,3,0.150000000,10881.926500000,10867.072500000,10866.307500000,0.758000000,14.854000000,29708,5.650000000,8.359524028,24.803986605,121.226283703,1.084609312,51.001132451,1.000000000
1034,fixed_random_bfs,1551009382,512,31,481,732,2000,1976,4,0.200000000,10881.926500000,10856.031000000,10855.006000000,1.018000000,25.895500000,51791,10.400000000,8.359524028,23.514799083,113.072251249,0.960695130,48.285483660,1.000000000
1035,fixed_random_bfs,114310860,512,31,481,124,2000,1976,6,0.300000000,10881.926500000,10827.399000000,10826.940000000,0.452000000,54.527500000,109055,25.300000000,8.359524028,24.820172220,118.927971504,1.406413984,51.028415134,1.000000000
1036,fixed_random_bfs,1447137270,512,30,482,657,2000,1976,3,0.150000000,10881.926500000,10854.820500000,10854.072500000,0.741000000,27.106000000,54212,7.850000000,8.359524028,25.945764745,125.952280299,1.154164635,53.341829279,1.000000000
1037,fixed_random_bfs,3122372823,512,38,474,629,2000,1976,35,1.750000000,10881.926500000,10826.302000000,10818.756000000,7.539000000,55.624500000,111249,20.750000000,8.359524028,29.936542555,142.828765997,1.054612901,61.616620404,1.000000000
1038,fixed_random_bfs,4391191771,512,38,474,722,2000,1976,0,0.000000000,10881.926500000,10861.361000000,10861.354000000,0.000000000,20.565500000,41131,5.750000000,8.359524028,24.525376343,119.663462499,1.402282572,50.413395562,1.000000000
1039,fixed_random_bfs,415398826,512,38,474,528,2000,1976,10,0.500000000,10881.926500000,10810.132500000,10808.552500000,1.573000000,71.794000000,143588,24.350000000,8.359524028,19.716566572,95.509046497,1.075566515,40.432332463,1.000000000
1040,fixed_random_bfs,4504937443,512,28,484,352,2000,1976,15,0.750000000,10881.926500000,10805.727500000,10802.383000000,3.337500000,76.199000000,152398,21.900000000,8.359524028,28.856346857,135.051674995,1.118368781,59.321807535,1.000000000
1041,fixed_random_bfs,663694693,512,29,483,630,2000,1976,2,0.100000000,10881.926500000,10857.807000000,10857.319000000,0.481000000,24.119500000,48239,8.400000000,8.359524028,20.960538018,100.707920202,0.763594814,43.020810511,1.000000000
1042,fixed_random_bfs,4757476363,512,23,489,506,2000,1976,0,0.000000000,10881.926500000,10880.613000000,10880.606000000,0.000000000,1.313500000,2627,0.850000000,8.359524028,28.959052330,143.640884149,1.483211195,59.642808647,1.000000000
1043,fixed_random_bfs,1549689589,512,30,482,681,2000,1976,2,0.100000000,10881.926500000,10877.019000000,10876.515000000,0.497000000,4.907500000,9815,2.100000000,8.359524028,24.721060822,119.610863247,1.020341913,50.830960542,1.000000000
1044,fixed_random_bfs,1143317902,512,31,481,333,2000,1976,12,0.600000000,10881.926500000,10849.409000000,10846.190000000,3.212000000,32.517500000,65035,13.950000000,8.359524028,24.829138087,120.669161097,1.029820988,51.045606550,1.000000000
1045,fixed_random_bfs,276936086,512,25,487,267,2000,1976,22,1.100000000,10881.926500000,10838.336500000,10834.493500000,3.836000000,43.590000000,87180,16.550000000,8.359524028,24.412443268,120.860753349,1.418739187,50.221867534,1.000000000
1046,fixed_random_bfs,1320290474,512,24,488,294,2000,1976,0,0.000000000,10881.926500000,10877.267000000,10877.260000000,0.000000000,4.659500000,9319,5.150000000,8.359524028,23.714452136,112.345912255,1.073333028,48.732694978,1.000000000
1047,fixed_random_bfs,12554726746,512,30,482,449,2000,1976,13,0.650000000,10881.926500000,10844.981500000,10841.660500000,3.314000000,36.945000000,73890,14.150000000,8.359524028,25.806745112,125.311790303,1.398177012,53.058248669,1.000000000
1048,fixed_random_bfs,12638827904,512,24,488,253,2000,1976,1,0.050000000,10881.926500000,10867.837500000,10867.603000000,0.227500000,14.089000000,28178,5.600000000,8.359524028,25.170806740,120.748505302,1.389964695,51.777866060,1.000000000
1049,fixed_random_bfs,4614309317,512,35,477,763,2000,1976,6,0.300000000,10881.926500000,10853.027500000,10851.535500000,1.485000000,28.899000000,57798,9.150000000,8.359524028,26.843316892,130.520247846,1.165002869,55.220764759,1.000000000
1050,fixed_random_bfs,5378406140,512,47,465,945,2000,1976,6,0.300000000,10881.926500000,10854.614500000,10853.215000000,1.392500000,27.312000000,54624,8.850000000,8.359524028,25.488491832,124.321430702,1.107219278,52.425844252,1.000000000
1051,fixed_random_bfs,11846919932,512,27,485,315,2000,1976,2,0.100000000,10881.926500000,10860.090000000,10859.682000000,0.401000000,21.836500000,43673,8.350000000,8.359524028,24.677154238,115.676137055,0.773544057,50.747278628,1.000000000
1052,fixed_random_bfs,1322924652,512,31,481,758,2000,1976,0,0.000000000,10881.926500000,10867.667000000,10867.660000000,0.000000000,14.259500000,28519,4.200000000,8.359524028,23.136485756,115.352623304,1.028452212,47.514518855,1.000000000
1053,fixed_random_bfs,2222272168,512,33,479,438,2000,1976,2,0.100000000,10881.926500000,10877.539500000,10877.169500000,0.363000000,4.387000000,8774,1.450000000,8.359524028,28.923363295,143.178049099,1.077844099,59.531262155,1.000000000
1054,fixed_random_bfs,4492973959,512,33,479,788,2000,1976,5,0.250000000,10881.926500000,10851.240000000,10850.011000000,1.222000000,30.686500000,61373,9.950000000,8.359524028,23.207253460,108.118230250,0.771325257,47.675202657,1.000000000
1055,fixed_random_bfs,8369094396,512,33,479,457,2000,1976,49,2.450000000,10881.926500000,10771.400000000,10761.165000000,10.228000000,110.526500000,221053,40.100000000,8.359524028,25.879727980,121.745793300,1.391115444,53.197003824,1.000000000
1056,fixed_random_bfs,4541171617,512,29,483,512,2000,1976,4,0.200000000,10881.926500000,10841.512500000,10840.517500000,0.988000000,40.414000000,80828,12.250000000,8.359524028,27.153180157,132.147950201,1.071938468,55.880074937,1.000000000
1057,fixed_random_bfs,4541769859,512,26,486,625,2000,1976,0,0.000000000,10881.926500000,10877.476000000,10877.469000000,0.000000000,4.450500000,8901,1.250000000,8.359524028,27.697917372,131.655942053,1.388259912,56.921687918,1.000000000
1058,fixed_random_bfs,1328039941,512,30,482,402,2000,1976,0,0.000000000,10881.926500000,10869.979500000,10869.972500000,0.000000000,11.947000000,23894,4.750000000,8.359524028,27.120774645,131.105936299,1.429722585,55.797830881,1.000000000
1059,fixed_random_bfs,4395078728,512,39,473,706,2000,1976,10,0.500000000,10881.926500000,10844.244000000,10842.206000000,2.031000000,37.682500000,75365,13.350000000,8.359524028,25.712283768,123.921362150,1.456221199,52.874272787,1.000000000
1060,fixed_random_bfs,13322582873,512,48,464,1182,2000,1976,8,0.400000000,10881.926500000,10835.805000000,10834.411500000,1.386500000,46.121500000,92243,16.650000000,8.359524028,24.269361760,115.886116797,0.885865632,49.919839352,1.000000000
1061,fixed_random_bfs,1327642167,512,26,486,281,2000,1976,2,0.100000000,10881.926500000,10878.523500000,10878.033500000,0.483000000,3.403000000,6806,2.200000000,8.359524028,26.098857662,126.926407397,1.095159589,53.695805490,1.000000000
1062,fixed_random_bfs,4761669977,512,35,477,663,2000,1976,1,0.050000000,10881.926500000,10858.388500000,10858.169000000,0.212500000,23.538000000,47076,7.050000000,8.359524028,24.255159532,114.833715252,1.118397906,49.841350613,1.000000000
1063,fixed_random_bfs,698807906,512,20,492,175,2000,1976,1,0.050000000,10881.926500000,10846.487500000,10846.479500000,0.001000000,35.439000000,70878,13.850000000,8.359524028,25.948187592,124.631370052,1.070095700,53.331231572,1.000000000
1064,fixed_random_bfs,1222473632,512,20,492,172,2000,1976,1,0.050000000,10881.926500000,10864.002000000,10863.756500000,0.238500000,17.924500000,35849,6.650000000,8.359524028,22.675698936,111.230955799,1.030927554,46.574374347,1.000000000
1065,fixed_random_bfs,1801521574,512,28,484,408,2000,1976,0,0.000000000,10881.926500000,10860.532500000,10860.525500000,0.000000000,21.394000000,42788,9.800000000,8.359524028,24.794120097,119.863635299,1.456391349,50.998605965,1.000000000
1066,fixed_random_bfs,13376760941,512,33,479,741,2000,1976,0,0.000000000,10881.926500000,10871.589500000,10871.582500000,0.000000000,10.337000000,20674,3.400000000,8.359524028,26.694302484,125.837539947,1.184178795,54.914765462,1.000000000
1067,fixed_random_bfs,3740427272,512,31,481,486,2000,1976,7,0.350000000,10881.926500000,10849.925000000,10848.724500000,1.193500000,32.001500000,64003,9.800000000,8.359524028,21.995219301,103.284714697,1.244152067,45.141078965,1.000000000
1068,fixed_random_bfs,4567051370,512,21,491,135,2000,1976,59,2.950000000,10881.926500000,10825.343000000,10812.497000000,12.839000000,56.583500000,113167,19.100000000,8.359524028,24.836546973,116.474656448,1.088249365,51.018111121,1.000000000
1069,fixed_random_bfs,4699610927,512,28,484,103,2000,1976,2,0.100000000,10881.926500000,10873.624500000,10873.523500000,0.094000000,8.302000000,16604,10.100000000,8.359524028,24.776854775,117.321616295,1.421293547,50.910731728,1.000000000
1070,fixed_random_bfs,5690058933,512,47,465,1378,2000,1976,1,0.050000000,10881.926500000,10853.017500000,10852.776000000,0.234500000,28.909000000,57818,9.700000000,8.359524028,25.618762970,125.761318846,1.020740139,52.672647736,1.000000000
1071,fixed_random_bfs,412525205,512,42,470,371,2000,1976,46,2.300000000,10881.926500000,10779.398500000,10771.484000000,7.907500000,102.528000000,205056,37.450000000,8.359524028,22.875772569,112.010016147,1.097785470,46.971184954,1.000000000
1072,fixed_random_bfs,4606477649,512,21,491,361,2000,1976,1,0.050000000,10881.926500000,10857.406000000,10857.154500000,0.244500000,24.520500000,49041,8.650000000,8.359524028,25.351150564,119.205100697,1.088303015,52.126028980,1.000000000
1073,fixed_random_bfs,500010077,512,25,487,364,2000,1976,16,0.800000000,10881.926500000,10765.226500000,10761.698500000,3.521000000,116.700000000,233400,34.200000000,8.359524028,25.957094683,127.066989050,0.781348907,53.329474032,1.000000000
1074,fixed_random_bfs,1322690489,512,33,479,817,2000,1976,0,0.000000000,10881.926500000,10864.318000000,10864.311000000,0.000000000,17.608500000,35217,5.250000000,8.359524028,24.274230896,116.621563946,1.055687354,49.909336797,1.000000000
1075,fixed_random_bfs,3172532575,512,44,468,510,2000,1976,4,0.200000000,10881.926500000,10836.314500000,10835.616500000,0.691000000,45.612000000,91224,17.550000000,8.359524028,25.048789804,121.240837755,1.029778084,51.515547609,1.000000000
1076,fixed_random_bfs,1223751803,512,38,474,386,2000,1976,75,3.750000000,10881.926500000,10775.481500000,10759.304000000,16.170500000,106.445000000,212890,46.300000000,8.359524028,22.723178218,106.259660998,1.016331718,46.631978577,1.000000000
1077,fixed_random_bfs,1145511388,512,40,472,618,2000,1976,6,0.300000000,10881.926500000,10848.105500000,10846.734000000,1.364500000,33.821000000,67642,11.400000000,8.359524028,25.668428040,126.253339199,1.055275554,52.829261088,1.000000000
1078,fixed_random_bfs,672546470,512,26,486,221,2000,1976,1,0.050000000,10881.926500000,10857.121000000,10856.888000000,0.226000000,24.805500000,49611,7.950000000,8.359524028,27.366250085,131.470433405,1.428316882,56.328858276,1.000000000
1079,fixed_random_bfs,3170386691,512,26,486,430,2000,1976,3,0.150000000,10881.926500000,10866.445500000,10865.723000000,0.715500000,15.481000000,30962,6.850000000,8.359524028,25.179325633,120.251099904,1.384328681,51.798381788,1.000000000
1080,fixed_random_bfs,1548076852,512,26,486,510,2000,1976,2,0.100000000,10881.926500000,10867.229500000,10866.741500000,0.481000000,14.697000000,29394,6.200000000,8.359524028,25.507780158,123.972402851,1.026971106,52.442724685,1.000000000
1081,fixed_random_bfs,1219137639,512,38,474,746,2000,1976,2,0.100000000,10881.926500000,10870.892000000,10870.429000000,0.456000000,11.034500000,22069,3.750000000,8.359524028,23.401459246,112.185641650,1.039205561,48.060808300,1.000000000
1082,fixed_random_bfs,343634572,512,40,472,298,2000,1976,58,2.900000000,10881.926500000,10773.751000000,10762.958000000,10.786000000,108.175500000,216351,40.000000000,8.359524028,24.564211881,120.097143700,1.025155560,50.484918843,1.000000000
1083,fixed_random_bfs,1182447913,512,23,489,306,2000,1976,0,0.000000000,10881.926500000,10878.428000000,10878.421000000,0.000000000,3.498500000,6997,1.000000000,8.359524028,27.060199604,129.931458699,1.419225238,55.697873821,1.000000000
1084,fixed_random_bfs,1670607192,512,38,474,641,2000,1976,10,0.500000000,10881.926500000,10833.038000000,10830.992000000,2.039000000,48.888500000,97777,17.850000000,8.359524028,27.649960910,133.971950602,1.129390178,56.892410064,1.000000000
1085,fixed_random_bfs,3093345364,512,12,500,14,2000,1976,1,0.050000000,10881.926500000,10875.116500000,10874.951000000,0.158500000,6.810000000,13620,8.750000000,8.359524028,25.418851306,122.100169801,1.013182239,52.274002393,1.000000000
1086,fixed_random_bfs,4494941237,512,19,493,222,2000,1976,0,0.000000000,10881.926500000,10830.039000000,10830.032000000,0.000000000,51.887500000,103775,13.650000000,8.359524028,25.200356686,117.706564746,1.060118258,51.818700263,1.000000000
1087,fixed_random_bfs,1520039053,512,23,489,268,2000,1976,2,0.100000000,10881.926500000,10869.649000000,10869.198000000,0.444000000,12.277500000,24555,6.400000000,8.359524028,25.571162885,122.954494449,1.070613819,52.566639728,1.000000000
1088,fixed_random_bfs,6786679829,512,24,488,117,2000,1976,9,0.450000000,10881.926500000,10851.789000000,10850.396000000,1.386000000,30.137500000,60275,8.800000000,8.359524028,26.260927216,127.325313651,1.166816675,54.025101132,1.000000000
1089,fixed_random_bfs,12049198187,512,27,485,428,2000,1976,0,0.000000000,10881.926500000,10872.425500000,10872.418500000,0.000000000,9.501000000,19002,4.050000000,8.359524028,25.091688779,122.803039448,1.425105973,51.597363160,1.000000000
1090,fixed_random_bfs,5470823002,512,27,485,349,2000,1976,1,0.050000000,10881.926500000,10878.414000000,10878.226000000,0.181000000,3.512500000,7025,1.800000000,8.359524028,24.267774628,116.350112304,0.788895829,49.873619318,1.000000000
1091,fixed_random_bfs,4687572332,512,32,480,566,2000,1976,17,0.850000000,10881.926500000,10806.592500000,10803.497000000,3.088500000,75.334000000,150668,26.800000000,8.359524028,26.498791269,127.503313353,1.515842909,54.435890425,1.000000000
1092,fixed_random_bfs,3170272790,512,24,488,529,2000,1976,0,0.000000000,10881.926500000,10870.114500000,10870.107500000,0.000000000,11.812000000,23624,4.250000000,8.359524028,24.759030660,117.887961599,1.432384266,50.893511973,1.000000000
1093,fixed_random_bfs,8188727191,512,31,481,188,2000,1976,59,2.950000000,10881.926500000,10708.895000000,10698.098000000,10.790000000,173.031500000,346063,58.300000000,8.359524028,28.056276179,135.296862550,1.103805869,57.729070888,1.000000000
1094,fixed_random_bfs,4504742075,512,27,485,516,2000,1976,2,0.100000000,10881.926500000,10866.347500000,10865.842500000,0.498000000,15.579000000,31158,5.000000000,8.359524028,24.146676933,116.989058253,0.853378156,49.662498169,1.000000000
1095,fixed_random_bfs,87009275,512,34,478,683,2000,1976,1,0.050000000,10881.926500000,10852.392000000,10852.139500000,0.245500000,29.534500000,59069,7.150000000,8.359524028,29.414664168,140.295550756,1.152970836,60.529687604,1.000000000
1096,fixed_random_bfs,3693344883,512,32,480,77,2000,1976,2,0.100000000,10881.926500000,10847.629000000,10847.440000000,0.182000000,34.297500000,68595,23.400000000,8.359524028,25.527103255,124.644390346,1.102544632,52.497344775,1.000000000
1097,fixed_random_bfs,1322661570,512,22,490,347,2000,1976,0,0.000000000,10881.926500000,10868.618500000,10868.611500000,0.000000000,13.308000000,26616,5.150000000,8.359524028,25.169689561,121.842430302,1.442543469,51.714873448,1.000000000
1098,fixed_random_bfs,1328045191,512,34,478,612,2000,1976,1,0.050000000,10881.926500000,10872.987500000,10872.741000000,0.239500000,8.939000000,17878,4.300000000,8.359524028,24.961474509,119.808644696,1.073217244,51.341461443,1.000000000
1099,fixed_random_bfs,314545211,512,28,484,125,2000,1976,2,0.100000000,10881.926500000,10822.971500000,10822.823500000,0.141000000,58.955000000,117910,26.600000000,8.359524028,22.544152404,110.897310851,0.853783610,46.286772408,1.000000000
1100,fixed_random_bfs,2085710668,512,20,492,274,2000,1976,0,0.000000000,10881.926500000,10878.188500000,10878.181500000,0.000000000,3.738000000,7476,1.000000000,8.359524028,21.651739295,104.869122397,1.296932983,44.423560296,1.000000000
1101,fixed_random_bfs,2204446907,512,34,478,181,2000,1976,371,18.550000000,10881.926500000,10736.618500000,10683.515500000,53.096000000,145.308000000,290616,57.900000000,8.359524028,25.549211698,122.199568801,1.072703041,52.296455057,1.000000000
1102,fixed_random_bfs,6094066082,512,21,491,84,2000,1976,2,0.100000000,10881.926500000,10861.864500000,10861.646000000,0.211500000,20.062000000,40124,6.350000000,8.359524028,25.336474200,123.281273048,0.780314528,52.094960802,1.000000000
1103,fixed_random_bfs,479236087,512,38,474,763,2000,1976,84,4.200000000,10881.926500000,10783.967000000,10765.030000000,18.930000000,97.959500000,195919,35.600000000,8.359524028,30.217728261,151.024153300,1.165986125,62.142120926,1.000000000
1104,fixed_random_bfs,1440893911,512,13,499,48,2000,1976,1,0.050000000,10881.926500000,10858.671000000,10858.443500000,0.220500000,23.255500000,46511,5.600000000,8.359524028,25.528676006,123.386792904,1.073829779,52.483294045,1.000000000
1105,fixed_random_bfs,12242794867,512,34,478,416,2000,1976,32,1.600000000,10881.926500000,10806.800000000,10804.395000000,2.398000000,75.126500000,150253,23.050000000,8.359524028,25.194510907,122.086593951,1.392639971,51.785861238,1.000000000
1106,fixed_random_bfs,447565556,512,41,471,1522,2000,1976,0,0.000000000,10881.926500000,10873.849500000,10873.842500000,0.000000000,8.077000000,16154,3.000000000,8.359524028,25.456165865,123.547377951,1.067782657,52.335580755,1.000000000
1107,fixed_random_bfs,4956880843,512,26,486,83,2000,1976,2,0.100000000,10881.926500000,10860.442500000,10860.144500000,0.291000000,21.484000000,42968,6.900000000,8.359524028,20.758980110,97.898520944,0.817687046,42.568804238,1.000000000
1108,fixed_random_bfs,1146570418,512,38,474,744,2000,1976,3,0.150000000,10881.926500000,10855.793000000,10855.085500000,0.700500000,26.133500000,52267,8.700000000,8.359524028,26.605591619,126.054194655,1.091630902,54.650049255,1.000000000
1109,fixed_random_bfs,1748881902,512,29,483,201,2000,1976,10,0.500000000,10881.926500000,10857.641500000,10856.814500000,0.820000000,24.285000000,48570,5.750000000,8.359524028,26.745839197,133.600058704,1.063761383,55.047948754,1.000000000
1110,fixed_random_bfs,1436600583,512,33,479,817,2000,1976,2,0.100000000,10881.926500000,10869.279500000,10869.022500000,0.250000000,12.647000000,25294,5.400000000,8.359524028,30.106008759,148.617784997,1.528426675,62.001721410,1.000000000
1111,fixed_random_bfs,12459096125,512,38,474,418,2000,1976,0,0.000000000,10881.926500000,10847.372500000,10847.365500000,0.000000000,34.554000000,69108,12.750000000,8.359524028,23.823803754,114.464269701,1.434813449,48.951475008,1.000000000
1112,fixed_random_bfs,2203584983,512,41,471,1134,2000,1976,0,0.000000000,10881.926500000,10874.706000000,10874.699000000,0.000000000,7.220500000,14441,2.200000000,8.359524028,27.544591171,132.823332603,0.837272836,56.646158214,1.000000000
1113,fixed_random_bfs,1556195762,512,16,496,240,2000,1976,0,0.000000000,10881.926500000,10881.046500000,10881.039500000,0.000000000,0.880000000,1760,0.550000000,8.359524028,25.489012591,122.310660049,1.042383616,52.436949576,1.000000000
1114,fixed_random_bfs,4074469796,512,22,490,294,2000,1976,7,0.350000000,10881.926500000,10845.433500000,10843.767000000,1.659500000,36.493000000,72986,17.000000000,8.359524028,21.136074051,99.464083447,0.766614774,43.358560504,1.000000000
1115,fixed_random_bfs,1143316322,512,28,484,335,2000,1976,3,0.150000000,10881.926500000,10845.381000000,10844.721500000,0.652500000,36.545500000,73091,13.400000000,8.359524028,25.480756091,123.569153950,1.148323435,52.415349416,1.000000000
1116,fixed_random_bfs,10226403475,512,29,483,287,2000,1976,6,0.300000000,10881.926500000,10832.903500000,10832.162000000,0.734500000,49.023000000,98046,17.400000000,8.359524028,26.957637463,131.069328500,1.501399391,55.436609262,1.000000000
1117,fixed_random_bfs,4452315830,512,40,472,451,2000,1976,33,1.650000000,10881.926500000,10762.541500000,10756.079500000,6.455000000,119.385000000,238770,45.250000000,8.359524028,22.741345094,109.010073506,0.944563973,46.685000092,1.000000000
1118,fixed_random_bfs,1520385643,512,29,483,559,2000,1976,0,0.000000000,10881.926500000,10876.868000000,10876.861000000,0.000000000,5.058500000,10117,1.700000000,8.359524028,25.693906740,124.478604647,1.427840620,52.858760353,1.000000000
1119,fixed_random_bfs,25632398,512,38,474,280,2000,1976,198,9.900000000,10881.926500000,10706.202000000,10672.845500000,33.349500000,175.724500000,351449,66.300000000,8.359524028,24.236977591,118.028554456,1.046010238,49.719564332,1.000000000
1120,fixed_random_bfs,13908591354,512,39,473,618,2000,1976,0,0.000000000,10881.926500000,10853.250500000,10853.243500000,0.000000000,28.676000000,57352,8.750000000,8.359524028,24.824373234,121.232228553,1.551071520,51.023721739,1.000000000
1121,fixed_random_bfs,277530110,512,29,483,629,2000,1976,0,0.000000000,10881.926500000,10876.686000000,10876.679000000,0.000000000,5.240500000,10481,3.250000000,8.359524028,27.507196959,128.505246901,1.085959685,56.605611880,1.000000000
1122,fixed_random_bfs,8964396914,512,24,488,113,2000,1976,1,0.050000000,10881.926500000,10876.969500000,10876.959500000,0.003000000,4.957000000,9914,7.100000000,8.359524028,21.816879339,103.280968448,1.445801165,44.758732941,1.000000000
1123,fixed_random_bfs,3663136795,512,18,494,162,2000,1976,0,0.000000000,10881.926500000,10855.511000000,10855.504000000,0.000000000,26.415500000,52831,8.100000000,8.359524028,23.491930637,113.614351054,1.473246180,48.243792654,1.000000000
1124,fixed_random_bfs,411831032,512,43,469,510,2000,1976,63,3.150000000,10881.926500000,10783.267000000,10772.552000000,10.708000000,98.659500000,197319,47.200000000,8.359524028,27.565013352,134.812116400,1.507988375,56.671482771,1.000000000
1125,fixed_random_bfs,1328040215,512,34,478,875,2000,1976,1,0.050000000,10881.926500000,10863.758000000,10863.510500000,0.240500000,18.168500000,36337,5.250000000,8.359524028,27.436694109,134.116533398,1.227142336,56.407163205,1.000000000
1126,fixed_random_bfs,12132390166,512,25,487,315,2000,1976,2,0.100000000,10881.926500000,10877.543500000,10877.302000000,0.234500000,4.383000000,8766,1.400000000,8.359524028,30.228943612,144.650940152,1.188010967,62.199616877,1.000000000
1127,fixed_random_bfs,9020840306,512,27,485,223,2000,1976,47,2.350000000,10881.926500000,10776.232000000,10768.500000000,7.725000000,105.694500000,211389,33.000000000,8.359524028,25.507193084,125.279601051,1.085993913,52.469792032,1.000000000
1128,fixed_random_bfs,12040748829,512,27,485,350,2000,1976,3,0.150000000,10881.926500000,10877.361500000,10876.885500000,0.469000000,4.565000000,9130,1.250000000,8.359524028,24.567966079,122.171482298,1.475551705,50.510307376,1.000000000
1129,fixed_random_bfs,1143317811,512,36,476,367,2000,1976,5,0.250000000,10881.926500000,10846.027000000,10845.452000000,0.568000000,35.899500000,71799,11.600000000,8.359524028,29.585345714,141.902244653,1.508012223,60.879507346,1.000000000
1130,fixed_random_bfs,314536666,512,25,487,365,2000,1976,4,0.200000000,10881.926500000,10877.245500000,10876.256000000,0.982500000,4.681000000,9362,1.300000000,8.359524028,26.729670323,128.824271250,1.135152148,54.966942387,1.000000000
1131,fixed_random_bfs,269565777,512,39,473,592,2000,1976,51,2.550000000,10881.926500000,10815.669500000,10805.539000000,10.123500000,66.257000000,132514,24.750000000,8.359524028,26.413022664,126.854648998,1.108446740,54.309490492,1.000000000
1132,fixed_random_bfs,3170027675,512,26,486,601,2000,1976,2,0.100000000,10881.926500000,10870.876000000,10870.360000000,0.509000000,11.050500000,22101,5.100000000,8.359524028,25.404888962,122.509383100,1.110638593,52.238875770,1.000000000
1133,fixed_random_bfs,5413401437,512,31,481,294,2000,1976,7,0.350000000,10881.926500000,10831.006000000,10830.164500000,0.834500000,50.920500000,101841,24.650000000,8.359524028,22.594334610,108.030635899,1.449221448,46.374099943,1.000000000
1134,fixed_random_bfs,129777802,512,39,473,698,2000,1976,86,4.300000000,10881.926500000,10772.983000000,10755.824000000,17.152000000,108.943500000,217887,39.950000000,8.359524028,25.351932227,121.895139852,1.061922805,52.089684938,1.000000000
1135,fixed_random_bfs,1219137870,512,48,464,1688,2000,1976,2,0.100000000,10881.926500000,10868.829500000,10868.571500000,0.251000000,13.097000000,26194,5.800000000,8.359524028,25.473540796,124.734007404,1.108881656,52.371110620,1.000000000
1136,fixed_random_bfs,5284452295,512,28,484,273,2000,1976,122,6.100000000,10881.926500000,10705.698000000,10690.516000000,15.175000000,176.228500000,352457,66.000000000,8.359524028,21.291078809,100.691967850,0.774963110,43.659455879,1.000000000
1137,fixed_random_bfs,5727795866,512,21,491,76,2000,1976,2,0.100000000,10881.926500000,10844.447000000,10844.238000000,0.202000000,37.479500000,74959,11.600000000,8.359524028,23.191716579,110.464456150,0.830645913,47.632250774,1.000000000
1138,fixed_random_bfs,1551009297,512,24,488,486,2000,1976,4,0.200000000,10881.926500000,10856.491000000,10855.712000000,0.772000000,25.435500000,50871,7.550000000,8.359524028,24.065408491,115.254217495,0.818397487,49.460401485,1.000000000
1139,fixed_random_bfs,11948401205,512,30,482,217,2000,1976,2,0.100000000,10881.926500000,10872.643000000,10872.314000000,0.322000000,9.283500000,18567,5.100000000,8.359524028,27.236769173,132.064003851,1.448611094,56.042490530,1.000000000
1140,fixed_random_bfs,1235217638,512,33,479,716,2000,1976,0,0.000000000,10881.926500000,10875.565500000,10875.558500000,0.000000000,6.361000000,12722,2.650000000,8.359524028,25.926658157,123.902551902,1.072720888,53.314774956,1.000000000
1141,fixed_random_bfs,701338497,512,26,486,426,2000,1976,1,0.050000000,10881.926500000,10877.003500000,10876.761000000,0.235500000,4.923000000,9846,1.700000000,8.359524028,24.752497809,119.171836651,1.079090847,50.930911407,1.000000000
1142,fixed_random_bfs,8415034361,512,24,488,234,2000,1976,10,0.500000000,10881.926500000,10814.610000000,10812.897000000,1.706000000,67.316500000,134633,21.600000000,8.359524028,27.847048347,133.266023452,1.086833944,57.281068636,1.000000000
1143,fixed_random_bfs,12694970348,512,29,483,317,2000,1976,15,0.750000000,10881.926500000,10760.349000000,10757.477500000,2.864500000,121.577500000,243155,39.800000000,8.359524028,23.137169894,112.522329301,0.771900238,47.540660327,1.000000000
1144,fixed_random_bfs,1548061690,512,41,471,1072,2000,1976,0,0.000000000,10881.926500000,10855.567000000,10855.560000000,0.000000000,26.359500000,52719,8.400000000,8.359524028,24.208290795,114.955947349,0.803917570,49.763571294,1.000000000
1145,fixed_random_bfs,2900751220,512,26,486,286,2000,1976,0,0.000000000,10881.926500000,10856.837500000,10856.830500000,0.000000000,25.089000000,50178,5.650000000,8.359524028,28.015237898,133.365272648,1.440648969,57.665479432,1.000000000
1146,fixed_random_bfs,10832272069,512,39,473,341,2000,1976,10,0.500000000,10881.926500000,10841.032500000,10839.703000000,1.322500000,40.894000000,81788,14.750000000,8.359524028,26.498446994,127.609277147,1.510310816,54.507895812,1.000000000
1147,fixed_random_bfs,13369875991,512,17,495,149,2000,1976,0,0.000000000,10881.926500000,10875.388000000,10875.381000000,0.000000000,6.538500000,13077,1.950000000,8.359524028,26.654759458,128.763484698,1.508830969,54.828936662,1.000000000
1148,fixed_random_bfs,3693344908,512,28,484,84,2000,1976,1,0.050000000,10881.926500000,10845.784000000,10845.734000000,0.043000000,36.142500000,72285,24.750000000,8.359524028,22.828767016,107.695398244,1.428967557,46.861996878,1.000000000
1149,fixed_random_bfs,4449522577,512,33,479,275,2000,1976,0,0.000000000,10881.926500000,10865.232000000,10865.225000000,0.000000000,16.694500000,33389,6.200000000,8.359524028,22.110277544,105.155922251,0.859013092,45.401140492,1.000000000
1150,fixed_random_bfs,1550556628,512,24,488,165,2000,1976,1,0.050000000,10881.926500000,10871.688500000,10871.459500000,0.222000000,10.238000000,20476,4.300000000,8.359524028,21.076918147,105.155532203,1.074565926,43.244027287,1.000000000
1151,fixed_random_bfs,8899217014,512,26,486,398,2000,1976,5,0.250000000,10881.926500000,10774.831500000,10773.669500000,1.155000000,107.095000000,214190,30.850000000,8.359524028,25.165908504,121.352733249,1.475910142,51.760032934,1.000000000
1152,fixed_random_bfs,3170272819,512,27,485,554,2000,1976,0,0.000000000,10881.926500000,10870.762500000,10870.755500000,0.000000000,11.164000000,22328,4.200000000,8.359524028,25.389066616,123.504460297,1.438735828,52.215659171,1.000000000
1153,fixed_random_bfs,4773464584,512,33,479,632,2000,1976,16,0.800000000,10881.926500000,10798.580000000,10794.754500000,3.818500000,83.346500000,166693,25.000000000,8.359524028,30.778600848,151.113190005,1.530368235,63.385510886,1.000000000
1154,fixed_random_bfs,9134170701,512,26,486,447,2000,1976,3,0.150000000,10881.926500000,10860.923500000,10860.183000000,0.733500000,21.003000000,42006,6.400000000,8.359524028,26.231336886,126.041375998,1.447430628,53.959276858,1.000000000
1155,fixed_random_bfs,5374060299,512,25,487,367,2000,1976,0,0.000000000,10881.926500000,10857.761500000,10857.754500000,0.000000000,24.165000000,48330,8.850000000,8.359524028,22.839693803,110.406121848,1.032344752,46.905992113,1.000000000
1156,fixed_random_bfs,1322940574,512,43,469,1178,2000,1976,0,0.000000000,10881.926500000,10864.027000000,10864.020000000,0.000000000,17.899500000,35799,5.600000000,8.359524028,30.017613318,144.393112402,1.487767596,61.808350816,1.000000000
1157,fixed_random_bfs,13393279239,512,21,491,189,2000,1976,1,0.050000000,10881.926500000,10877.541500000,10877.306500000,0.228000000,4.385000000,8770,1.250000000,8.359524028,26.883413022,131.510620749,1.133977156,55.329211638,1.000000000
1158,fixed_random_bfs,3570149217,512,36,476,586,2000,1976,14,0.700000000,10881.926500000,10795.325500000,10792.247000000,3.071500000,86.601000000,173202,28.850000000,8.359524028,21.574369790,102.649200351,1.090377894,44.280533335,1.000000000
1159,fixed_random_bfs,11146963033,512,44,468,578,2000,1976,76,3.800000000,10881.926500000,10734.704500000,10719.195000000,15.502500000,147.222000000,294444,57.100000000,8.359524028,27.633325665,132.562953749,1.506671722,56.856325536,1.000000000
1160,fixed_random_bfs,13048231367,512,29,483,536,2000,1976,2,0.100000000,10881.926500000,10877.005000000,10876.509000000,0.489000000,4.921500000,9843,1.650000000,8.359524028,21.852977516,104.893454406,0.858480690,44.835939144,1.000000000
1161,fixed_random_bfs,1243519879,512,37,475,265,2000,1976,2,0.100000000,10881.926500000,10854.765000000,10854.375000000,0.383000000,27.161500000,54323,8.250000000,8.359524028,25.541631842,123.455783646,1.433613837,52.516527687,1.000000000
1162,fixed_random_bfs,2292597617,512,36,476,544,2000,1976,4,0.200000000,10881.926500000,10840.051000000,10839.149000000,0.895000000,41.875500000,83751,17.800000000,8.359524028,29.602212326,139.215141701,1.457680515,60.935139881,1.000000000
1163,fixed_random_bfs,9021003700,512,33,479,360,2000,1976,44,2.200000000,10881.926500000,10773.464000000,10767.068500000,6.388500000,108.462500000,216925,34.050000000,8.359524028,24.085747117,116.224526350,0.785162135,49.451331221,1.000000000
1164,fixed_random_bfs,1654560339,512,28,484,400,2000,1976,3,0.150000000,10881.926500000,10833.932000000,10833.424000000,0.501000000,47.994500000,95989,14.700000000,8.359524028,26.337763267,127.749430103,1.090849171,54.203196236,1.000000000
1165,fixed_random_bfs,4685552108,512,33,479,363,2000,1976,19,0.950000000,10881.926500000,10807.223000000,10803.974000000,3.242000000,74.703500000,149407,28.100000000,8.359524028,26.152803714,125.606322847,1.076873601,53.808702434,1.000000000
1166,fixed_random_bfs,1438384650,512,19,493,155,2000,1976,0,0.000000000,10881.926500000,10862.754500000,10862.747500000,0.000000000,19.172000000,38344,5.950000000,8.359524028,25.318853471,122.944027999,1.046223525,52.074564332,1.000000000
1167,fixed_random_bfs,311888773,512,35,477,589,2000,1976,29,1.450000000,10881.926500000,10790.637000000,10784.452000000,6.178000000,91.289500000,182579,28.200000000,8.359524028,25.430610609,124.417139251,1.045410518,52.309584238,1.000000000
1168,fixed_random_bfs,11406498537,512,31,481,516,2000,1976,2,0.100000000,10881.926500000,10852.482000000,10852.236500000,0.238500000,29.444500000,58889,9.350000000,8.359524028,25.530432815,123.128832547,1.074100141,52.513413231,1.000000000
1169,fixed_random_bfs,5581559371,512,29,483,300,2000,1976,1,0.050000000,10881.926500000,10858.008500000,10857.779000000,0.222500000,23.918000000,47836,8.150000000,8.359524028,26.659284512,129.134854595,0.903346408,54.858954210,1.000000000
1170,fixed_random_bfs,1520364388,512,30,482,581,2000,1976,1,0.050000000,10881.926500000,10871.850500000,10871.600500000,0.243000000,10.076000000,20152,3.500000000,8.359524028,22.888547766,106.067987846,1.462237720,46.996133819,1.000000000
1171,fixed_random_bfs,12514870306,512,35,477,343,2000,1976,139,6.950000000,10881.926500000,10737.180000000,10709.295500000,27.877500000,144.746500000,289493,52.850000000,8.359524028,25.476422557,128.183097497,1.173318913,52.329975680,1.000000000
1172,fixed_random_bfs,5332114765,512,41,471,458,2000,1976,3,0.150000000,10881.926500000,10841.132000000,10840.719000000,0.406000000,40.794500000,81589,24.100000000,8.359524028,23.151145897,110.708938355,1.029107264,47.511948365,1.000000000
1173,fixed_random_bfs,8699439755,512,23,489,366,2000,1976,31,1.550000000,10881.926500000,10797.284000000,10789.735500000,7.541500000,84.642500000,169285,27.400000000,8.359524028,27.662393423,136.249726499,1.312199738,56.894557911,1.000000000
1174,fixed_random_bfs,3237019981,512,33,479,351,2000,1976,3,0.150000000,10881.926500000,10850.240000000,10849.757500000,0.475500000,31.686500000,63373,13.650000000,8.359524028,26.557120102,126.383644798,1.465995862,54.641521286,1.000000000
1175,fixed_random_bfs,280065099,512,52,460,1077,2000,1976,3,0.150000000,10881.926500000,10851.347000000,10850.697000000,0.643000000,30.579500000,61159,11.800000000,8.359524028,26.197074924,125.044274403,1.139768672,53.899449780,1.000000000
1176,fixed_random_bfs,4887587881,512,26,486,100,2000,1976,2,0.100000000,10881.926500000,10813.209500000,10813.043000000,0.159500000,68.717000000,137434,27.500000000,8.359524028,23.625511604,117.178054999,1.263614537,48.507449145,1.000000000
1177,fixed_random_bfs,314074584,512,28,484,428,2000,1976,74,3.700000000,10881.926500000,10771.700000000,10754.697500000,16.995500000,110.226500000,220453,37.300000000,8.359524028,25.270853866,120.136587451,1.052050079,51.929298836,1.000000000
1178,fixed_random_bfs,1551008698,512,26,486,601,2000,1976,0,0.000000000,10881.926500000,10871.915000000,10871.908000000,0.000000000,10.011500000,20023,5.050000000,8.359524028,27.382048377,132.416736152,1.166582725,56.382055512,1.000000000
1179,fixed_random_bfs,1520431594,512,31,481,559,2000,1976,1,0.050000000,10881.926500000,10876.122000000,10875.876000000,0.239000000,5.804500000,11609,2.200000000,8.359524028,25.285231443,122.011927101,1.458928312,51.973510368,1.000000000
1180,fixed_random_bfs,1325753252,512,33,479,993,2000,1976,1,0.050000000,10881.926500000,10875.269000000,10875.006500000,0.255500000,6.657500000,13315,2.600000000,8.359524028,28.305707759,139.286295805,1.677542377,58.294462384,1.000000000
1181,fixed_random_bfs,112664159,512,36,476,480,2000,1976,8,0.400000000,10881.926500000,10846.545000000,10845.347000000,1.191000000,35.381500000,70763,13.050000000,8.359524028,26.890893916,130.228224946,1.484062052,55.322937678,1.000000000
1182,fixed_random_bfs,2583505080,512,24,488,237,2000,1976,20,1.000000000,10881.926500000,10831.343500000,10826.947000000,4.389500000,50.583000000,101166,18.350000000,8.359524028,29.292890439,144.308042399,1.111428213,60.282686532,1.000000000
1183,fixed_random_bfs,1164520393,512,26,486,490,2000,1976,5,0.250000000,10881.926500000,10875.183000000,10874.401000000,0.775000000,6.743500000,13487,2.700000000,8.359524028,25.546515072,123.317361147,1.421784898,52.546687449,1.000000000
1184,fixed_random_bfs,4573598273,512,34,478,337,2000,1976,48,2.400000000,10881.926500000,10787.385000000,10780.349000000,7.029000000,94.541500000,189083,34.200000000,8.359524028,25.225073157,122.133580001,1.443892214,51.882897432,1.000000000
1185,fixed_random_bfs,1223751647,512,37,475,539,2000,1976,24,1.200000000,10881.926500000,10787.496000000,10782.551000000,4.938000000,94.430500000,188861,36.050000000,8.359524028,24.744985725,121.105318599,0.828095658,50.870569132,1.000000000
1186,fixed_random_bfs,5291597607,512,42,470,625,2000,1976,26,1.300000000,10881.926500000,10783.926000000,10780.085000000,3.834000000,98.000500000,196001,38.500000000,8.359524028,25.974191070,124.073650301,1.493900101,53.401090619,1.000000000
1187,fixed_random_bfs,4760493511,512,24,488,284,2000,1976,0,0.000000000,10881.926500000,10854.986000000,10854.979000000,0.000000000,26.940500000,53881,7.200000000,8.359524028,24.584634093,118.386434547,1.561049927,50.548263177,1.000000000
1188,fixed_random_bfs,1549690481,512,30,482,635,2000,1976,1,0.050000000,10881.926500000,10877.530500000,10877.272000000,0.251500000,4.396000000,8792,2.050000000,8.359524028,25.960223525,126.949627253,1.058309733,53.393153108,1.000000000
1189,fixed_random_bfs,4606429839,512,32,480,534,2000,1976,0,0.000000000,10881.926500000,10852.767000000,10852.760000000,0.000000000,29.159500000,58319,8.800000000,8.359524028,23.299228394,116.532476052,1.078078179,47.864068754,1.000000000
1190,fixed_random_bfs,12565445789,512,32,480,815,2000,1976,2,0.100000000,10881.926500000,10878.584000000,10878.073000000,0.504000000,3.342500000,6685,0.950000000,8.359524028,21.899664436,106.981710451,0.939826985,44.962228670,1.000000000
1191,fixed_random_bfs,1316566956,512,21,491,266,2000,1976,1,0.050000000,10881.926500000,10867.006500000,10866.772500000,0.227000000,14.920000000,29840,6.500000000,8.359524028,23.348391105,111.587158650,1.079756786,47.962619792,1.000000000
1192,fixed_random_bfs,5374060526,512,32,480,432,2000,1976,0,0.000000000,10881.926500000,10857.918000000,10857.911000000,0.000000000,24.008500000,48017,8.850000000,8.359524028,23.613898656,113.826584747,1.465053156,48.538213536,1.000000000
1193,fixed_random_bfs,3028479585,512,22,490,136,2000,1976,1,0.050000000,10881.926500000,10877.289000000,10877.071000000,0.211000000,4.637500000,9275,2.000000000,8.359524028,22.794651622,106.493030550,1.119324929,46.802241721,1.000000000
1194,fixed_random_bfs,13450630961,512,34,478,273,2000,1976,2,0.100000000,10881.926500000,10836.157500000,10835.963500000,0.187000000,45.769000000,91538,16.800000000,8.359524028,22.915935971,111.155704846,1.531959351,47.093915287,1.000000000
1195,fixed_random_bfs,1576669345,512,39,473,718,2000,1976,0,0.000000000,10881.926500000,10856.640500000,10856.633500000,0.000000000,25.286000000,50572,7.350000000,8.359524028,20.304162728,97.816078947,0.798386730,41.643677328,1.000000000
1196,fixed_random_bfs,11406498575,512,32,480,342,2000,1976,2,0.100000000,10881.926500000,10854.704000000,10854.292000000,0.405000000,27.222500000,54445,8.750000000,8.359524028,21.085426400,100.110136152,1.206612767,43.274793373,1.000000000
1197,fixed_random_bfs,1687478224,512,28,484,556,2000,1976,0,0.000000000,10881.926500000,10874.215000000,10874.208000000,0.000000000,7.711500000,15423,2.350000000,8.359524028,20.470506700,97.100629297,1.067151415,42.004416397,1.000000000
1198,fixed_random_bfs,8267894281,512,39,473,479,2000,1976,135,6.750000000,10881.926500000,10753.688500000,10726.232500000,27.449000000,128.238000000,256476,49.350000000,8.359524028,21.121094124,100.673145904,1.075062754,43.328126636,1.000000000
1199,fixed_random_bfs,8533497095,512,32,480,462,2000,1976,25,1.250000000,10881.926500000,10813.487000000,10808.212500000,5.267500000,68.439500000,136879,22.050000000,8.359524028,19.861331079,93.263877004,1.070712280,40.738254629,1.000000000
